sigma0,K,tau,wrmse,scale
50.0,10.0,120.0,16.21342455169865,37659.34273815935
50.0,10.0,285.7142857142857,16.213336813252912,617479.0941624559
50.0,10.0,451.42857142857144,16.213204885484984,490564.6217780308
50.0,10.0,617.1428571428571,16.21308599054904,350622.33734919043
50.0,10.0,782.8571428571429,16.212984304754926,269550.3650495286
50.0,10.0,948.5714285714287,16.21290482286786,218643.56443672205
50.0,10.0,1114.2857142857142,16.212845178470026,184294.0796959061
50.0,10.0,1280.0,16.212800912030062,159893.01684294315
50.0,10.0,1445.7142857142858,16.212767932979375,141867.22991523994
50.0,10.0,1611.4285714285716,16.21274310084559,128126.26579669886
50.0,10.0,1777.1428571428573,16.212724152593957,117375.78557775976
50.0,10.0,1942.857142857143,16.2127094909533,108778.64041100646
50.0,10.0,2108.5714285714284,16.212697990730028,101773.74530950708
50.0,10.0,2274.285714285714,16.212688853808928,95973.51588723621
50.0,10.0,2440.0,16.212681507825568,91103.12411392463
50.0,10.0,2605.714285714286,16.212675537064268,86963.17014041472
50.0,10.0,2771.4285714285716,16.212670635575765,83406.00947744612
50.0,10.0,2937.1428571428573,16.212666575239673,80320.32038885984
50.0,10.0,3102.857142857143,16.212663183817757,77620.79356980426
50.0,10.0,3268.571428571429,16.212660329706818,75241.0907607708
50.0,10.0,3434.2857142857147,16.21265791121903,73128.93931969347
50.0,10.0,3600.0,16.212655848953126,71242.65255998702
50.0,57.142857142857146,120.0,16.213407565056805,244241.73662616164
50.0,57.142857142857146,285.7142857142857,16.2132371615579,217480.84806260187
50.0,57.142857142857146,451.42857142857144,16.212927934827555,197080.49915868806
50.0,57.142857142857146,617.1428571428571,16.21255154520006,187941.92610896126
50.0,57.142857142857146,782.8571428571429,16.212159201084194,182214.0422225893
50.0,57.142857142857146,948.5714285714287,16.21178241746803,177678.5388634371
50.0,57.142857142857146,1114.2857142857142,16.211436461824285,173694.38115256414
50.0,57.142857142857146,1280.0,16.21112634695182,170073.8398913643
50.0,57.142857142857146,1445.7142857142858,16.21085167012179,166757.74313062037
50.0,57.142857142857146,1611.4285714285716,16.210609588068284,163720.04135963923
50.0,57.142857142857146,1777.1428571428573,16.2103964175587,160940.95875816132
50.0,57.142857142857146,1942.857142857143,16.210208418788557,158400.6860596711
50.0,57.142857142857146,2108.5714285714284,16.210042138714734,156078.8368122554
50.0,57.142857142857146,2274.285714285714,16.209894531893013,153955.17089478395
50.0,57.142857142857146,2440.0,16.20976297545297,152010.32346787915
50.0,57.142857142857146,2605.714285714286,16.209645238049887,150226.27460013056
50.0,57.142857142857146,2771.4285714285716,16.209539432370967,148586.5751982181
50.0,57.142857142857146,2937.1428571428573,16.209443965140558,147076.40181659337
50.0,57.142857142857146,3102.857142857143,16.20935749068419,145682.5068380246
50.0,57.142857142857146,3268.571428571429,16.209278870240585,144393.1119091944
50.0,57.142857142857146,3434.2857142857147,16.20920713738838,143197.7756880937
50.0,57.142857142857146,3600.0,16.209141469160524,142087.2547136612
50.0,104.28571428571429,120.0,16.21339859026624,211728.56211941343
50.0,104.28571428571429,285.7142857142857,16.213174520973258,200794.13311335692
50.0,104.28571428571429,451.42857142857144,16.212751948073894,204318.0248881703
50.0,104.28571428571429,617.1428571428571,16.212230934324,208531.37682628905
50.0,104.28571428571429,782.8571428571429,16.21168121186299,211729.1205048824
50.0,104.28571428571429,948.5714285714287,16.21114489956462,213745.4262134517
50.0,104.28571428571429,1114.2857142857142,16.210643532115842,214798.26332105207
50.0,104.28571428571429,1280.0,16.210185665842655,215151.66467939623
50.0,104.28571428571429,1445.7142857142858,16.209772659270993,215025.06382678865
50.0,104.28571428571429,1611.4285714285716,16.20940229603844,214581.1583936153
50.0,104.28571428571429,1777.1428571428573,16.20907083430742,213934.95113596832
50.0,104.28571428571429,1942.857142857143,16.208774089142093,213165.87879405354
50.0,104.28571428571429,2108.5714285714284,16.208507966655908,212328.10864305886
50.0,104.28571428571429,2274.285714285714,16.208268701808507,211458.23203717833
50.0,104.28571428571429,2440.0,16.208052942080407,210580.72687003863
50.0,104.28571428571429,2605.714285714286,16.207857754620047,209711.75117300995
50.0,104.28571428571429,2771.4285714285716,16.207680598184325,208861.7545049242
50.0,104.28571428571429,2937.1428571428573,16.207519281344947,208037.27152522025
50.0,104.28571428571429,3102.857142857143,16.207371917739806,207242.15522610917
50.0,104.28571428571429,3268.571428571429,16.207236883465786,206478.42714271648
50.0,104.28571428571429,3434.2857142857147,16.207112778740797,205746.86535594307
50.0,104.28571428571429,3600.0,16.206998394453684,205047.41235925036
50.0,151.42857142857144,120.0,16.213390414737507,198168.78603980746
50.0,151.42857142857144,285.7142857142857,16.2131279894679,202507.82238958665
50.0,151.42857142857144,451.42857142857144,16.212640634844067,217216.08691828168
50.0,151.42857142857144,617.1428571428571,16.212042570751805,228769.90085941745
50.0,151.42857142857144,782.8571428571429,16.2114114951775,237343.98135501237
50.0,151.42857142857144,948.5714285714287,16.21079351394815,243540.2898835802
50.0,151.42857142857144,1114.2857142857142,16.210212432344033,247946.84188093434
50.0,151.42857142857144,1280.0,16.209678158014796,251042.50368726914
50.0,151.42857142857144,1445.7142857142858,16.209192803385466,253188.53171876268
50.0,151.42857142857144,1611.4285714285716,16.208754498048606,254648.50713078555
50.0,151.42857142857144,1777.1428571428573,16.208359573986236,255612.2624177314
50.0,151.42857142857144,1942.857142857143,16.20800374730716,256216.13418625842
50.0,151.42857142857144,2108.5714285714284,16.207682722705112,256558.2736826916
50.0,151.42857142857144,2274.285714285714,16.20739247905861,256709.69403828532
50.0,151.42857142857144,2440.0,16.20712938439311,256722.0882352295
50.0,151.42857142857144,2605.714285714286,16.206890222730692,256633.3270056625
50.0,151.42857142857144,2771.4285714285716,16.206672177879216,256471.3272397425
50.0,151.42857142857144,2937.1428571428573,16.20647279830464,256256.78541109225
50.0,151.42857142857144,3102.857142857143,16.206289955709956,256005.12109682037
50.0,151.42857142857144,3268.571428571429,16.206121803659236,255727.8689208786
50.0,151.42857142857144,3434.2857142857147,16.205966739195514,255433.68316359166
50.0,151.42857142857144,3600.0,16.205823368605635,255129.06848960114
50.0,198.57142857142858,120.0,16.21338279533269,193123.13182077743
50.0,198.57142857142858,285.7142857142857,16.21309371407125,207291.1575251082
50.0,198.57142857142858,451.42857142857144,16.21256967882312,229121.17304593758
50.0,198.57142857142858,617.1428571428571,16.21193144810369,245822.74221237897
50.0,198.57142857142858,782.8571428571429,16.211259417464383,258367.41620445292
50.0,198.57142857142858,948.5714285714287,16.210600681138267,267751.8911749969
50.0,198.57142857142858,1114.2857142857142,16.209979608544863,274777.57924995944
50.0,198.57142857142858,1280.0,16.209406539102158,280056.96617008705
50.0,198.57142857142858,1445.7142857142858,16.208883909541925,284044.04092771857
50.0,198.57142857142858,1611.4285714285716,16.208410064102683,287070.65023063525
50.0,198.57142857142858,1777.1428571428573,16.207981450815108,289378.56259377935
50.0,198.57142857142858,1942.857142857143,16.207593823239847,291144.4166628365
50.0,198.57142857142858,2108.5714285714284,16.20724286625291,292498.0619380756
50.0,198.57142857142858,2274.285714285714,16.206924500217504,293535.70402033237
50.0,198.57142857142858,2440.0,16.206635010498754,294329.2365391048
50.0,198.57142857142858,2605.714285714286,16.20637108499812,294932.85884062096
50.0,198.57142857142858,2771.4285714285716,16.206129805430404,295387.78586102783
50.0,198.57142857142858,2937.1428571428573,16.205908617238997,295725.62108999793
50.0,198.57142857142858,3102.857142857143,16.205705291433752,295970.79059652396
50.0,198.57142857142858,3268.571428571429,16.205517885212714,296142.31416794047
50.0,198.57142857142858,3434.2857142857147,16.205344704707944,296255.1052097785
50.0,198.57142857142858,3600.0,16.205184271291742,296320.93301867996
50.0,245.71428571428572,120.0,16.213375620642733,192307.1656902045
50.0,245.71428571428572,285.7142857142857,16.21306750347981,212928.37582691724
50.0,245.71428571428572,451.42857142857144,16.212522959370727,239801.88972592197
50.0,245.71428571428572,617.1428571428571,16.211865013160555,260416.09332208382
50.0,245.71428571428572,782.8571428571429,16.2111740774531,276093.1582713773
50.0,245.71428571428572,948.5714285714287,16.210496806336796,288051.72023141006
50.0,245.71428571428572,1114.2857142857142,16.209857341930014,297227.91521796363
50.0,245.71428571428572,1280.0,16.20926602447097,304324.81454229006
50.0,245.71428571428572,1445.7142857142858,16.20872540440742,309862.22387129033
50.0,245.71428571428572,1611.4285714285716,16.208233966320318,314221.9566032642
50.0,245.71428571428572,1777.1428571428573,16.207788282138,317684.64568478003
50.0,245.71428571428572,1942.857142857143,16.207384197742844,320457.60733510635
50.0,245.71428571428572,2108.5714285714284,16.207017457655628,322695.15950622066
50.0,245.71428571428572,2274.285714285714,16.20668401381932,324513.18929227465
50.0,245.71428571428572,2440.0,16.206380161252483,325999.5408247071
50.0,245.71428571428572,2605.714285714286,16.206102581415855,327221.43141015555
50.0,245.71428571428572,2771.4285714285716,16.205848338366962,328230.772104111
50.0,245.71428571428572,2937.1428571428573,16.2056148524913,329068.0117072692
50.0,245.71428571428572,3102.857142857143,16.205399865203784,329764.93665560195
50.0,245.71428571428572,3268.571428571429,16.205201401655827,330346.7281662036
50.0,245.71428571428572,3434.2857142857147,16.20501773496162,330833.48709766514
50.0,245.71428571428572,3600.0,16.204847353529217,331241.3742357995
50.0,292.8571428571429,120.0,16.213368715923284,194156.7662491942
50.0,292.8571428571429,285.7142857142857,16.213046365624297,219038.3277078741
50.0,292.8571428571429,451.42857142857144,16.212490642117523,249670.10769227243
50.0,292.8571428571429,617.1428571428571,16.21182445255265,273379.74109553004
50.0,292.8571428571429,782.8571428571429,16.21112685956534,291611.4619439105
50.0,292.8571428571429,948.5714285714287,16.21044338870996,305708.8747525768
50.0,292.8571428571429,1114.2857142857142,16.209797575350223,316695.8533277848
50.0,292.8571428571429,1280.0,16.209199544677794,325339.2874049951
50.0,292.8571428571429,1445.7142857142858,16.208651845501695,332207.6119880215
50.0,292.8571428571429,1611.4285714285716,16.208153052420162,337720.70841854904
50.0,292.8571428571429,1777.1428571428573,16.207699852642946,342189.4531372537
50.0,292.8571428571429,1942.857142857143,16.20728820150421,345845.4133020779
50.0,292.8571428571429,2108.5714285714284,16.206913935220417,348862.49109523825
50.0,292.8571428571429,2274.285714285714,16.206573077120158,351372.48951059807
50.0,292.8571428571429,2440.0,16.206261974828,353476.26623932674
50.0,292.8571428571429,2605.714285714286,16.205977346599003,355251.7430463954
50.0,292.8571428571429,2771.4285714285716,16.205716280648556,356759.6884485683
50.0,292.8571428571429,2937.1428571428573,16.20547621175542,358047.92333555775
50.0,292.8571428571429,3102.857142857143,16.20525488836728,359154.40511726396
50.0,292.8571428571429,3268.571428571429,16.205050337235956,360109.50934564765
50.0,292.8571428571429,3434.2857142857147,16.204860829149794,360937.7327027147
50.0,292.8571428571429,3600.0,16.20468484742047,361658.97534779354
50.0,340.0,120.0,16.213361925234924,197931.84086772916
50.0,340.0,285.7142857142857,16.21302836275877,225574.62688533714
50.0,340.0,451.42857142857144,16.212466843576273,259099.52767998617
50.0,340.0,617.1428571428571,16.211798845693355,285326.26268251013
50.0,340.0,782.8571428571429,16.211101409317557,305690.66142207506
50.0,340.0,948.5714285714287,16.210418616402844,321601.88384257216
50.0,340.0,1114.2857142857142,16.209773219169197,334141.3115014188
50.0,340.0,1280.0,16.20917501790751,344121.8633025737
50.0,340.0,1445.7142857142858,16.20862649238313,352148.9257006565
50.0,340.0,1611.4285714285716,16.20812627014075,358672.23137082055
50.0,340.0,1777.1428571428573,16.207671138241853,364026.8688066162
50.0,340.0,1942.857142857143,16.20725716088598,368464.10814875015
50.0,340.0,2108.5714285714284,16.206880275063146,372173.94271789317
50.0,340.0,2274.285714285714,16.206536590453197,375301.3711926912
50.0,340.0,2440.0,16.20622252549418,377958.12257913616
50.0,340.0,2605.714285714286,16.205934854894956,380231.1196332723
50.0,340.0,2771.4285714285716,16.2056707109706,382188.6219866572
50.0,340.0,2937.1428571428573,16.2054275623825,383884.7179262208
50.0,340.0,3102.857142857143,16.205203183210806,385362.63605653984
50.0,340.0,3268.571428571429,16.204995619279902,386657.20827927336
50.0,340.0,3434.2857142857147,16.20480315528968,387796.71783827577
50.0,340.0,3600.0,16.20462428443453,388804.2981513421
50.0,387.14285714285717,120.0,16.213355130825065,203203.1024936716
50.0,387.14285714285717,285.7142857142857,16.213012276800963,232539.65366952165
50.0,387.14285714285717,451.42857142857144,16.212448049845033,268348.03413733817
50.0,387.14285714285717,617.1428571428571,16.21178179773138,296668.4523484182
50.0,387.14285714285717,782.8571428571429,16.211088241822107,318848.6207982007
50.0,387.14285714285717,948.5714285714287,16.210409901235654,336325.0138161912
50.0,387.14285714285717,1114.2857142857142,16.20976867462288,350216.29561229347
50.0,387.14285714285717,1280.0,16.20917398410843,361369.1898080233
50.0,387.14285714285717,1445.7142857142858,16.208628200106418,370417.85210637073
50.0,387.14285714285717,1611.4285714285716,16.208129975143468,377836.0221750849
50.0,387.14285714285717,1777.1428571428573,16.207676179041627,383978.656627944
50.0,387.14285714285717,1942.857142857143,16.20726297647737,389113.41712001874
50.0,387.14285714285717,2108.5714285714284,16.206886403288244,393443.8193623953
50.0,387.14285714285717,2274.285714285714,16.206542658092996,397126.0387959723
50.0,387.14285714285717,2440.0,16.20622823570214,400281.0718901227
50.0,387.14285714285717,2605.714285714286,16.205939974657447,403003.5564340924
50.0,387.14285714285717,2771.4285714285716,16.205675059748387,405368.20349237864
50.0,387.14285714285717,2937.1428571428573,16.205431002317756,407434.5217236905
50.0,387.14285714285717,3102.857142857143,16.205205610917194,409250.315917394
50.0,387.14285714285717,3268.571428571429,16.204996959074137,410854.3002110638
50.0,387.14285714285717,3434.2857142857147,16.204803353668435,412278.0671508833
50.0,387.14285714285717,3600.0,16.20462330559562,413547.5842837441
50.0,434.28571428571433,120.0,16.213348250927442,209687.09530893093
50.0,434.28571428571433,285.7142857142857,16.212997348684326,239929.846435667
50.0,434.28571428571433,451.42857142857144,16.212432154339997,277578.4768756685
50.0,434.28571428571433,617.1428571428571,16.211769532913724,307675.6030891556
50.0,434.28571428571433,782.8571428571429,16.211081795697687,331429.3163403105
50.0,434.28571428571433,948.5714285714287,16.210409883879848,350277.87738744484
50.0,434.28571428571433,1114.2857142857142,16.20977482894398,365363.3238592506
50.0,434.28571428571433,1280.0,16.20918565327744,377557.58990667807
50.0,434.28571428571433,1445.7142857142858,16.208644594139834,387517.7488311196
50.0,434.28571428571433,1611.4285714285716,16.208150307955023,395737.3089024508
50.0,434.28571428571433,1777.1428571428573,16.207699731037305,402587.90707013954
50.0,434.28571428571433,1942.857142857143,16.20728911729924,408351.1410326636
50.0,434.28571428571433,2108.5714285714284,16.206914594556284,413242.1262893093
50.0,434.28571428571433,2274.285714285714,16.20657244695234,417426.6909931858
50.0,434.28571428571433,2440.0,16.206259244826576,421033.8787208022
50.0,434.28571428571433,2605.714285714286,16.20597189153213,424165.05653004686
50.0,434.28571428571433,2771.4285714285716,16.205707626545713,426900.5843405059
50.0,434.28571428571433,2937.1428571428573,16.20546400689614,429304.73297089257
50.0,434.28571428571433,3102.857142857143,16.20523887907951,431429.3398888228
50.0,434.28571428571433,3268.571428571429,16.205030348037067,433316.5497843586
50.0,434.28571428571433,3434.2857142857147,16.204836746616284,435000.8868436561
50.0,434.28571428571433,3600.0,16.204656607169138,436510.83514543023
50.0,481.42857142857144,120.0,16.213341232581108,217180.93312296286
50.0,481.42857142857144,285.7142857142857,16.212983106877086,247730.16788801557
50.0,481.42857142857144,451.42857142857144,16.212417889589513,286888.53648611007
50.0,481.42857142857144,617.1428571428571,16.211759810220986,318520.7686788825
50.0,481.42857142857144,782.8571428571429,16.21107878985228,343660.2349026892
50.0,481.42857142857144,948.5714285714287,16.210414231378248,363729.3717882067
50.0,481.42857142857144,1114.2857142857142,16.209786316001512,379883.78976685397
50.0,481.42857142857144,1280.0,16.209203662951833,393014.4706706549
50.0,481.42857142857144,1445.7142857142858,16.208668363019278,403797.14658019115
50.0,481.42857142857144,1611.4285714285716,16.208179060764046,412741.9702198145
50.0,481.42857142857144,1777.1428571428573,16.207732744561905,420234.8830406901
50.0,481.42857142857144,1942.857142857143,16.207325745878375,426569.57083189907
50.0,481.42857142857144,2108.5714285714284,16.206954275776244,431971.2892966196
50.0,481.42857142857144,2274.285714285714,16.206614697829508,436614.3531103519
50.0,481.42857142857144,2440.0,16.206303653964298,440634.91236481746
50.0,481.42857142857144,2605.714285714286,16.206018110073437,444140.29850033444
50.0,481.42857142857144,2771.4285714285716,16.205755359298458,447215.8936462417
50.0,481.42857142857144,2937.1428571428573,16.205513004239446,449930.2138389928
50.0,481.42857142857144,3102.857142857143,16.205288929863613,452338.7000082411
50.0,481.42857142857144,3268.571428571429,16.2050812734916,454486.5688285199
50.0,481.42857142857144,3434.2857142857147,16.204888395192132,456410.97483037936
50.0,481.42857142857144,3600.0,16.20470885020433,458142.66404973617
50.0,528.5714285714286,120.0,16.213334044425896,225531.49759141842
50.0,528.5714285714286,285.7142857142857,16.212969259832956,255917.73282073985
50.0,528.5714285714286,451.42857142857144,16.212404492985762,296333.8061439192
50.0,528.5714285714286,617.1428571428571,16.211751299650874,329313.9742511973
50.0,528.5714285714286,782.8571428571429,16.211077288940384,355691.68875378626
50.0,528.5714285714286,948.5714285714287,16.210420392534946,376861.01761269575
50.0,528.5714285714286,1114.2857142857142,16.20979997408372,393984.073501144
50.0,528.5714285714286,1280.0,16.209224256632847,407966.3808877266
50.0,528.5714285714286,1445.7142857142858,16.208695177996354,419499.17847647925
50.0,528.5714285714286,1611.4285714285716,16.208211359225725,429106.924764614
50.0,528.5714285714286,1777.1428571428573,16.207769828431406,437188.0691053857
50.0,528.5714285714286,1942.857142857143,16.207366983611752,444046.97532146564
50.0,528.5714285714286,2108.5714285714284,16.206999110027162,449917.91660066723
50.0,528.5714285714286,2274.285714285714,16.206662643633702,454982.79056806443
50.0,528.5714285714286,2440.0,16.206354292668838,459384.120225725
50.0,528.5714285714286,2605.714285714286,16.206071081755233,463234.60120821
50.0,528.5714285714286,2771.4285714285716,16.20581035505427,466624.14338225825
50.0,528.5714285714286,2937.1428571428573,16.205569758994354,469625.09796686267
50.0,528.5714285714286,3102.857142857143,16.20534721595608,472296.1672429532
50.0,528.5714285714286,3268.571428571429,16.205140895094406,474685.3527617211
50.0,528.5714285714286,3434.2857142857147,16.204949183532083,476832.1971080272
50.0,528.5714285714286,3600.0,16.2047706595023,478769.502720707
50.0,575.7142857142858,120.0,16.21332667074918,234618.84255962167
50.0,575.7142857142858,285.7142857142857,16.21295562924114,264465.75284281466
50.0,575.7142857142858,451.42857142857144,16.212391508752248,305943.39013623
50.0,575.7142857142858,617.1428571428571,16.211743218361306,340124.26223518315
50.0,575.7142857142858,782.8571428571429,16.211076162069944,367622.9029650464
50.0,575.7142857142858,948.5714285714287,16.21042687961876,389795.78838634095
50.0,575.7142857142858,1114.2857142857142,16.20981395737309,407806.31103967165
50.0,575.7142857142858,1280.0,16.209245234977676,422571.18106011
50.0,575.7142857142858,1445.7142857142858,16.208722495218055,434794.7713381376
50.0,575.7142857142858,1611.4285714285716,16.20824432715375,445014.0685382304
50.0,575.7142857142858,1777.1428571428573,16.207807788325063,453638.6518484742
50.0,575.7142857142858,1942.857142857143,16.20740933334823,460982.47263497976
50.0,575.7142857142858,2108.5714285714284,16.207045313049157,467287.94688051566
50.0,575.7142857142858,2274.285714285714,16.206712228648282,472743.8465244992
50.0,575.7142857142858,2440.0,16.20640684902099,477498.4886820823
50.0,575.7142857142858,2605.714285714286,16.206126253103854,481669.4570503838
50.0,575.7142857142858,2771.4285714285716,16.20586783270538,485350.7949915034
50.0,575.7142857142858,2937.1428571428573,16.205629275550677,488618.36046572286
50.0,575.7142857142858,3102.857142857143,16.205408539568026,491533.8418876597
50.0,575.7142857142858,3268.571428571429,16.205203824401767,494147.7937838612
50.0,575.7142857142858,3434.2857142857147,16.205013543287315,496501.95035187353
50.0,575.7142857142858,3600.0,16.204836296821107,498631.0031828837
50.0,622.8571428571429,120.0,16.213319106909793,244346.36317441292
50.0,622.8571428571429,285.7142857142857,16.21294210845005,273346.27734863665
50.0,622.8571428571429,451.42857142857144,16.212378669243908,315729.96564999956
50.0,622.8571428571429,617.1428571428571,16.21173511522427,350994.0405190816
50.0,622.8571428571429,782.8571428571429,16.211074763921975,379519.15423934767
50.0,622.8571428571429,948.5714285714287,16.210432846098392,402617.19827492157
50.0,622.8571428571429,1114.2857142857142,16.2098272139134,421448.89688994276
50.0,622.8571428571429,1280.0,16.20926533943959,436939.5961433559
50.0,622.8571428571429,1445.7142857142858,16.20874885128925,449804.98752967024
50.0,622.8571428571429,1611.4285714285716,16.208276300460817,460593.2141610768
50.0,622.8571428571429,1777.1428571428573,16.207844765419804,469723.9130703742
50.0,622.8571428571429,1942.857142857143,16.207450748703923,477519.7685948436
50.0,622.8571428571429,2108.5714285714284,16.207090658806997,484230.6494694114
50.0,622.8571428571429,2274.285714285714,16.20676105545707,490051.63953983557
50.0,622.8571428571429,2440.0,16.20645876258133,495136.38817396027
50.0,622.8571428571429,2605.714285714286,16.20618090890968,499606.9853172126
50.0,622.8571428571429,2771.4285714285716,16.20592493029149,503561.2902523675
50.0,622.8571428571429,2937.1428571428573,16.205688552901304,507078.40201127477
50.0,622.8571428571429,3102.857142857143,16.20546976798567,510222.7716681606
50.0,622.8571428571429,3268.571428571429,16.205266803945587,513047.3177502311
50.0,622.8571428571429,3434.2857142857147,16.205078098792637,515595.8054546359
50.0,622.8571428571429,3600.0,16.20490227446437,517904.6783510428
50.0,670.0,120.0,16.21331135593576,254634.5590004268
50.0,670.0,285.7142857142857,16.212928636340845,282531.83457060246
50.0,670.0,451.42857142857144,16.212365822873096,325696.1616132241
50.0,670.0,617.1428571428571,16.211726741406792,361948.37831718
50.0,670.0,782.8571428571429,16.211072743985135,391423.0315581253
50.0,670.0,948.5714285714287,16.21043783436522,415381.9710126202
50.0,670.0,1114.2857142857142,16.209839173709923,434980.19948268845
50.0,670.0,1280.0,16.209283883721533,451149.72557305824
50.0,670.0,1445.7142857142858,16.208773441570006,464616.1469555941
50.0,670.0,1611.4285714285716,16.208306355958907,475937.68882484816
50.0,670.0,1777.1428571428573,16.2078797193149,485543.20059472835
50.0,670.0,1942.857142857143,16.207490074577848,493763.42115857394
50.0,670.0,2108.5714285714284,16.20713388084714,500855.1209214334
50.0,670.0,2274.285714285714,16.20680775015079,507019.2440543167
50.0,670.0,2440.0,16.206508556206646,512414.39951690775
50.0,670.0,2605.714285714286,16.20623347317387,517166.8740617687
50.0,670.0,2771.4285714285716,16.205979977370546,521378.08447222016
50.0,670.0,2937.1428571428573,16.205745830521295,525130.1538653789
50.0,670.0,3102.857142857143,16.205529054850565,528490.1128270283
50.0,670.0,3268.571428571429,16.20532790563393,531513.0885193229
50.0,670.0,3434.2857142857147,16.20514084414972,534244.7447006376
50.0,670.0,3600.0,16.204966512468868,536723.1634958838
50.0,717.1428571428572,120.0,16.213303426037076,265416.86803654156
50.0,717.1428571428572,285.7142857142857,16.212915180740556,291996.3180150415
50.0,717.1428571428572,451.42857142857144,16.212352889795152,335838.57942448603
50.0,717.1428571428572,617.1428571428571,16.21171797160594,373001.0430000491
50.0,717.1428571428572,782.8571428571429,16.211069930886723,403361.8719226614
50.0,717.1428571428572,948.5714285714287,16.210441622912885,428128.5013777166
50.0,717.1428571428572,1114.2857142857142,16.209849559712243,448447.80013973475
50.0,717.1428571428572,1280.0,16.209300530178,465256.88400085433
50.0,717.1428571428572,1445.7142857142858,16.208795863949724,479290.14032612374
50.0,717.1428571428572,1611.4285714285716,16.208334024593185,491115.0226596049
50.0,717.1428571428572,1777.1428571428573,16.207912112822346,501168.9170020503
50.0,717.1428571428572,1942.857142857143,16.207526705529595,509790.07142517495
50.0,717.1428571428572,2108.5714285714284,16.207174306185763,517241.7126388741
50.0,717.1428571428572,2274.285714285714,16.206851573520396,523730.2784261652
50.0,717.1428571428572,2440.0,16.206555426207846,529419.0333906636
50.0,717.1428571428572,2605.714285714286,16.206283079755575,534438.2077055959
50.0,717.1428571428572,2771.4285714285716,16.206032047551048,538892.5632816451
50.0,717.1428571428572,2937.1428571428573,16.205800124060055,542867.0684080607
50.0,717.1428571428572,3102.857142857143,16.20558536017471,546431.181709287
50.0,717.1428571428572,3268.571428571429,16.20538603614988,549642.1101244123
50.0,717.1428571428572,3434.2857142857147,16.20520063497776,552547.305842693
50.0,717.1428571428572,3600.0,16.205027817590697,555186.3949955736
50.0,764.2857142857143,120.0,16.213295328804328,276636.7691437058
50.0,764.2857142857143,285.7142857142857,16.21290172778881,301715.4047013484
50.0,764.2857142857143,451.42857142857144,16.212339834357486,346150.3233985583
50.0,764.2857142857143,617.1428571428571,16.211708755575255,384158.4416668157
50.0,764.2857142857143,782.8571428571429,16.211066261468215,415352.7067011267
50.0,764.2857142857143,948.5714285714287,16.21044413270672,440882.552952531
50.0,764.2857142857143,1114.2857142857142,16.209858271930838,461884.77014108276
50.0,764.2857142857143,1280.0,16.20931515254076,479300.333916476
50.0,764.2857142857143,1445.7142857142858,16.2088159612684,493871.5251408254
50.0,764.2857142857143,1611.4285714285716,16.208359114750504,506174.3377811413
50.0,764.2857142857143,1777.1428571428573,16.207941717381853,516654.1472400125
50.0,764.2857142857143,1942.857142857143,16.20756037449908,525656.2670051071
50.0,764.2857142857143,2108.5714285714284,16.207211628481495,533450.0160226551
50.0,764.2857142857143,2274.285714285714,16.206892179764875,540247.0246351197
50.0,764.2857142857143,2440.0,16.206598987601918,546214.9625957248
50.0,764.2857142857143,2605.714285714286,16.206329305101868,551487.7939361067
50.0,764.2857142857143,2771.4285714285716,16.206080679560266,556173.4494862655
50.0,764.2857142857143,2937.1428571428573,16.205850935538106,560359.5938238404
50.0,764.2857142857143,3102.857142857143,16.20563815039051,564117.9872207706
50.0,764.2857142857143,3268.571428571429,16.20544062751879,567507.8086025355
50.0,764.2857142857143,3434.2857142857147,16.205256870106222,570578.2062502421
50.0,764.2857142857143,3600.0,16.20508555668108,573370.2708555199
50.0,811.4285714285714,120.0,16.213287077912188,288245.69923357194
50.0,811.4285714285714,285.7142857142857,16.212888275065392,311666.6983440886
50.0,811.4285714285714,451.42857142857144,16.212326647815885,356622.5914360992
50.0,811.4285714285714,617.1428571428571,16.211699088032557,395422.2110867103
50.0,811.4285714285714,782.8571428571429,16.211061736923746,427405.5792979566
50.0,811.4285714285714,948.5714285714287,16.21044536932315,453661.1294399482
50.0,811.4285714285714,1114.2857142857142,16.20986531576541,475313.9751526266
50.0,811.4285714285714,1280.0,16.209327750878806,493307.9352539739
50.0,811.4285714285714,1445.7142857142858,16.208833723502526,508392.4541827158
50.0,811.4285714285714,1611.4285714285716,16.208381602346346,521151.504596672
50.0,811.4285714285714,1777.1428571428573,16.207968491756723,532038.0027608259
50.0,811.4285714285714,1942.857142857143,16.20759102081975,541403.9623035447
50.0,811.4285714285714,2108.5714285714284,16.20724576605454,549524.4935252024
50.0,811.4285714285714,2274.285714285714,16.206929465173104,556616.1695944852
50.0,811.4285714285714,2440.0,16.206639114074658,562850.8569091429
50.0,811.4285714285714,2605.714285714286,16.206372000068587,568366.0783797457
50.0,811.4285714285714,2771.4285714285716,16.20612570145868,573272.7862059426
50.0,811.4285714285714,2937.1428571428573,16.205898070450104,577661.2162580868
50.0,811.4285714285714,3102.857142857143,16.205687208798896,581605.3240880966
50.0,811.4285714285714,3268.571428571429,16.205491441321712,585166.169692313
50.0,811.4285714285714,3434.2857142857147,16.205309289940487,588394.519399987
50.0,811.4285714285714,3600.0,16.205139449560196,591332.8611869834
50.0,858.5714285714287,120.0,16.2132786881916,300201.51441289997
50.0,858.5714285714287,285.7142857142857,16.212874827122423,321829.7181767193
50.0,858.5714285714287,451.42857142857144,16.212313337422948,367245.6715399929
50.0,858.5714285714287,617.1428571428571,16.211688989871607,406790.9299021536
50.0,858.5714285714287,782.8571428571429,16.211056395528267,439525.7889381745
50.0,858.5714285714287,948.5714285714287,16.210445387001005,466475.1289912474
50.0,858.5714285714287,1114.2857142857142,16.209870757430306,488751.05480836134
50.0,858.5714285714287,1280.0,16.209338398608217,507299.3871741344
50.0,858.5714285714287,1445.7142857142858,16.208849226672776,522876.13144278503
50.0,858.5714285714287,1611.4285714285716,16.208401562005637,536072.7744886298
50.0,858.5714285714287,1777.1428571428573,16.207992505894413,547349.4014484577
50.0,858.5714285714287,1942.857142857143,16.207618707175733,557064.4221081573
50.0,858.5714285714287,2108.5714285714284,16.207276772353186,565498.4868654759
50.0,858.5714285714287,2274.285714285714,16.206963472498934,572872.9024943112
50.0,858.5714285714287,2440.0,16.206675836644873,579363.5568321018
50.0,858.5714285714287,2605.714285714286,16.206411183232106,585111.384230338
50.0,858.5714285714287,2771.4285714285716,16.206167118934875,590230.2336193447
50.0,858.5714285714287,2937.1428571428573,16.205941521355264,594812.8063307946
50.0,858.5714285714287,3102.857142857143,16.205732514745105,598935.162945328
50.0,858.5714285714287,3268.571428571429,16.205538443725025,602660.1672376972
50.0,858.5714285714287,3434.2857142857147,16.205357847593532,606040.1371146587
50.0,858.5714285714287,3600.0,16.205189436480318,609118.9004392105
50.0,905.7142857142858,120.0,16.21327017497068,312467.32623802917
50.0,905.7142857142858,285.7142857142857,16.21286139257134,332185.8061159833
50.0,905.7142857142858,451.42857142857144,16.21229991951855,378009.5610857967
50.0,905.7142857142858,617.1428571428571,16.21167849640708,418261.2562328816
50.0,905.7142857142858,782.8571428571429,16.211050295654275,451715.4199972174
50.0,905.7142857142858,948.5714285714287,16.210444266273267,479331.18009962
50.0,905.7142857142858,1114.2857142857142,16.209874696184457,502206.5041870857
50.0,905.7142857142858,1280.0,16.20934720940315,521288.5094838618
50.0,905.7142857142858,1445.7142857142858,16.208862594589508,537339.2583432765
50.0,905.7142857142858,1611.4285714285716,16.208419123842997,550957.3632685837
50.0,905.7142857142858,1777.1428571428573,16.208013892969845,562609.7663606576
50.0,905.7142857142858,1942.857142857143,16.20764356715024,572661.0179594439
50.0,905.7142857142858,2108.5714285714284,16.207304779252574,581397.0966766982
50.0,905.7142857142858,2274.285714285714,16.206994330252304,589043.8659636825
50.0,905.7142857142858,2440.0,16.206709279181595,595781.0865491737
50.0,905.7142857142858,2605.714285714286,16.206446972855776,601752.9789186944
50.0,905.7142857142858,2771.4285714285716,16.206205043932027,607076.1825686486
50.0,905.7142857142858,2937.1428571428573,16.205981393361867,611845.7739635828
50.0,905.7142857142858,3102.857142857143,16.205774166146256,616139.8415374154
50.0,905.7142857142858,3268.571428571429,16.205581725223492,620022.986634158
50.0,905.7142857142858,3434.2857142857147,16.205402626004844,623549.0217069637
50.0,905.7142857142858,3600.0,16.20523559276956,626763.0651857631
50.0,952.8571428571429,120.0,16.21326155361121,325010.6039386122
50.0,952.8571428571429,285.7142857142857,16.212847982185064,342717.99503326835
50.0,952.8571428571429,451.42857142857144,16.21228641515957,388904.3455681163
50.0,952.8571428571429,617.1428571428571,16.211667650039043,429828.68596766755
50.0,952.8571428571429,782.8571428571429,16.211043505231302,463974.39155085833
50.0,952.8571428571429,948.5714285714287,16.210442100097293,492232.92177825014
50.0,952.8571428571429,1114.2857142857142,16.209877247085018,515687.1405600237
50.0,952.8571428571429,1280.0,16.20935431658719,535284.8626012147
50.0,952.8571428571429,1445.7142857142858,16.208873974944847,551793.7810014983
50.0,952.8571428571429,1611.4285714285716,16.20843444635413,565819.305237356
50.0,952.8571428571429,1777.1428571428573,16.208032819198454,577834.9701521212
50.0,952.8571428571429,1942.857142857143,16.207665772096647,588211.249623848
50.0,952.8571428571429,2108.5714285714284,16.207329961127225,597239.270144227
50.0,952.8571428571429,2274.285714285714,16.20702221411796,605149.300899348
50.0,952.8571428571429,2440.0,16.20673961731182,612124.8484929298
50.0,952.8571428571429,2605.714285714286,16.206479543424923,618313.312176563
50.0,952.8571428571429,2771.4285714285716,16.206239648942475,623834.0308706659
50.0,952.8571428571429,2937.1428571428573,16.206017856306897,628784.3784873196
50.0,952.8571428571429,3102.857142857143,16.205812329674412,633244.4048306756
50.0,952.8571428571429,3268.571428571429,16.205621448937883,637280.391690514
50.0,952.8571428571429,3434.2857142857147,16.205443784456595,640947.5967913773
50.0,952.8571428571429,3600.0,16.205278073663774,644292.3864607817
50.0,1000.0,120.0,16.2132528391877,337802.4698499783
50.0,1000.0,285.7142857142857,16.212834607668483,353410.8627399367
50.0,1000.0,451.42857142857144,16.212272847374003,399920.4235580375
50.0,1000.0,617.1428571428571,16.211656495716063,441488.0586411804
50.0,1000.0,782.8571428571429,16.21103609527009,476301.18176449963
50.0,1000.0,948.5714285714287,16.210438985342844,505181.90279341524
50.0,1000.0,1114.2857142857142,16.20987853038084,529197.1453025889
50.0,1000.0,1280.0,16.209359860411602,549294.907539773
50.0,1000.0,1445.7142857142858,16.20888352448861,566248.1489988983
50.0,1000.0,1611.4285714285716,16.2084476995293,580668.7953677563
50.0,1000.0,1777.1428571428573,16.208049464946722,593036.7482691496
50.0,1000.0,1942.857142857143,16.207685510318967,603728.2191929759
50.0,1000.0,2108.5714285714284,16.20735251218216,613039.3276993374
50.0,1000.0,2274.285714285714,16.207047322522,621204.6188674916
50.0,1000.0,2440.0,16.206767052308184,628411.2357048227
50.0,1000.0,2605.714285714286,16.206509097940526,634809.6635245855
50.0,1000.0,2771.4285714285716,16.206271137789816,640521.8618443051
50.0,1000.0,2937.1428571428573,16.20605111410581,645647.4347303066
50.0,1000.0,3102.857142857143,16.205847208749574,650268.3356840882
50.0,1000.0,3268.571428571429,16.205657817322713,654452.4773209216
50.0,1000.0,3434.2857142857147,16.205481524063668,658256.5197804336
50.0,1000.0,3600.0,16.205317078642317,661728.0401332238
85.71428571428572,10.0,120.0,16.213421874903744,140065.76419443972
85.71428571428572,10.0,285.7142857142857,16.213333802059886,341318.6797729579
85.71428571428572,10.0,451.42857142857144,16.213210815030525,252842.50021043894
85.71428571428572,10.0,617.1428571428571,16.213075563553485,205011.04422015743
85.71428571428572,10.0,782.8571428571429,16.212947614117958,175193.92834695172
85.71428571428572,10.0,948.5714285714287,16.212837467312106,154125.98027437367
85.71428571428572,10.0,1114.2857142857142,16.2127471594932,138277.83188063704
85.71428571428572,10.0,1280.0,16.212674655351815,125941.43362834763
85.71428571428572,10.0,1445.7142857142858,16.212616761715807,116117.41810832616
85.71428571428572,10.0,1611.4285714285716,16.212570402681514,108153.71509225684
85.71428571428572,10.0,1777.1428571428573,16.21253301695253,101599.6580279216
85.71428571428572,10.0,1942.857142857143,16.212502594502418,96133.3009661839
85.71428571428572,10.0,2108.5714285714284,16.212477596323566,91519.42357145852
85.71428571428572,10.0,2274.285714285714,16.212456853617432,87583.08608162121
85.71428571428572,10.0,2440.0,16.21243947843912,84192.15905604063
85.71428571428572,10.0,2605.714285714286,16.212424792936385,81245.44220584893
85.71428571428572,10.0,2771.4285714285716,16.212412275898423,78664.41786131155
85.71428571428572,10.0,2937.1428571428573,16.212401523189328,76387.43248650256
85.71428571428572,10.0,3102.857142857143,16.212392218665638,74365.53167282788
85.71428571428572,10.0,3268.571428571429,16.212384112800947,72559.43887699544
85.71428571428572,10.0,3434.2857142857147,16.212377006914146,70937.33633791948
85.71428571428572,10.0,3600.0,16.212370741461665,69473.21586855444
85.71428571428572,57.142857142857146,120.0,16.213405615101827,190444.11387527344
85.71428571428572,57.142857142857146,285.7142857142857,16.213237035767943,178124.27503474843
85.71428571428572,57.142857142857146,451.42857142857144,16.21291020398459,177102.518673249
85.71428571428572,57.142857142857146,617.1428571428571,16.21250176464346,177502.52265078906
85.71428571428572,57.142857142857146,782.8571428571429,16.212069079936892,177533.42314863697
85.71428571428572,57.142857142857146,948.5714285714287,16.211648215649635,176893.07480315253
85.71428571428572,57.142857142857146,1114.2857142857142,16.21125758957627,175712.45732547497
85.71428571428572,57.142857142857146,1280.0,16.21090417484218,174187.5494980724
85.71428571428572,57.142857142857146,1445.7142857142858,16.21058864361616,172479.3846943511
85.71428571428572,57.142857142857146,1611.4285714285716,16.21030863935059,170700.3417660039
85.71428571428572,57.142857142857146,1777.1428571428573,16.21006060648637,168922.83838852993
85.71428571428572,57.142857142857146,1942.857142857143,16.209840729590308,167190.8834203702
85.71428571428572,57.142857142857146,2108.5714285714284,16.20964537496845,165529.51563970675
85.71428571428572,57.142857142857146,2274.285714285714,16.209471270423304,163951.53767123554
85.71428571428572,57.142857142857146,2440.0,16.209315554006093,162462.0552191428
85.71428571428572,57.142857142857146,2605.714285714286,16.209175761347108,161061.45281376786
85.71428571428572,57.142857142857146,2771.4285714285716,16.20904978738765,159747.31433013684
85.71428571428572,57.142857142857146,2937.1428571428573,16.208935840316396,158515.64909432875
85.71428571428572,57.142857142857146,3102.857142857143,16.208832396097993,157361.66661702242
85.71428571428572,57.142857142857146,3268.571428571429,16.208738157163488,156280.25975038446
85.71428571428572,57.142857142857146,3434.2857142857147,16.208652016434556,155266.30018248488
85.71428571428572,57.142857142857146,3600.0,16.208573026714564,154314.81354731647
85.71428571428572,104.28571428571429,120.0,16.21339619292586,172110.82246922303
85.71428571428572,104.28571428571429,285.7142857142857,16.213169714166348,180589.9421200804
85.71428571428572,104.28571428571429,451.42857142857144,16.212732281857825,195046.46530343848
85.71428571428572,104.28571428571429,617.1428571428571,16.212185053352606,205531.00036351648
85.71428571428572,104.28571428571429,782.8571428571429,16.21160218286777,212883.23934930254
85.71428571428572,104.28571428571429,948.5714285714287,16.211029371953114,217880.047159292
85.71428571428572,104.28571428571429,1114.2857142857142,16.21049067738333,221170.41851088085
85.71428571428572,104.28571428571429,1280.0,16.20999625908685,223253.252801562
85.71428571428572,104.28571428571429,1445.7142857142858,16.20954839521871,224491.90552942283
85.71428571428572,104.28571428571429,1611.4285714285716,16.209145328257645,225143.9945348092
85.71428571428572,104.28571428571429,1777.1428571428573,16.20878348579856,225390.1317372743
85.71428571428572,104.28571428571429,1942.857142857143,16.208458680915694,225356.57736732392
85.71428571428572,104.28571428571429,2108.5714285714284,16.20816672258699,225131.7149514125
85.71428571428572,104.28571428571429,2274.285714285714,16.207903700794585,224777.61363289144
85.71428571428572,104.28571428571429,2440.0,16.207666098563806,224338.0239816009
85.71428571428572,104.28571428571429,2605.714285714286,16.20745081552615,223843.88470516796
85.71428571428572,104.28571428571429,2771.4285714285716,16.2072551489144,223317.1211187907
85.71428571428572,104.28571428571429,2937.1428571428573,16.207076756375187,222773.27755356848
85.71428571428572,104.28571428571429,3102.857142857143,16.206913613192594,222223.3531742956
85.71428571428572,104.28571428571429,3268.571428571429,16.206763970134382,221675.09131113073
85.71428571428572,104.28571428571429,3434.2857142857147,16.206626314726893,221133.89158705645
85.71428571428572,104.28571428571429,3600.0,16.206499336984937,220603.4598300003
85.71428571428572,151.42857142857144,120.0,16.213387215540802,169977.1420730371
85.71428571428572,151.42857142857144,285.7142857142857,16.213121661028637,189127.35612732268
85.71428571428572,151.42857142857144,451.42857142857144,16.212623805161993,211856.14715413103
85.71428571428572,151.42857142857144,617.1428571428571,16.212006736791743,228495.34480291244
85.71428571428572,151.42857142857144,782.8571428571429,16.211350931712204,240644.01611505452
85.71428571428572,151.42857142857144,948.5714285714287,16.21070514857585,249503.6096869933
85.71428571428572,151.42857142857144,1114.2857142857142,16.210095178730274,255964.30517640657
85.71428571428572,151.42857142857144,1280.0,16.209532249673188,260681.70950508997
85.71428571428572,151.42857142857144,1445.7142857142858,16.20901927040421,264130.99307462195
85.71428571428572,151.42857142857144,1611.4285714285716,16.208554801971783,266653.65906373755
85.71428571428572,151.42857142857144,1777.1428571428573,16.20813537074112,268494.9009730459
85.71428571428572,151.42857142857144,1942.857142857143,16.207756741241585,269831.4340645812
85.71428571428572,151.42857142857144,2108.5714285714284,16.207414581219172,270791.4527671302
85.71428571428572,151.42857142857144,2274.285714285714,16.20710478591741,271468.6895767682
85.71428571428572,151.42857142857144,2440.0,16.206823617008325,271932.2598975379
85.71428571428572,151.42857142857144,2605.714285714286,16.20656774389211,272233.56148883025
85.71428571428572,151.42857142857144,2771.4285714285716,16.20633423591616,272411.1323591302
85.71428571428572,151.42857142857144,2937.1428571428573,16.206120531932147,272494.094695533
85.71428571428572,151.42857142857144,3102.857142857143,16.20592440126461,272504.6160122251
85.71428571428572,151.42857142857144,3268.571428571429,16.205743903342647,272459.6830769201
85.71428571428572,151.42857142857144,3434.2857142857147,16.205577349513394,272372.391701982
85.71428571428572,151.42857142857144,3600.0,16.20542326854342,272252.89267381374
85.71428571428572,198.57142857142858,120.0,16.213378494093703,173622.77937684566
85.71428571428572,198.57142857142858,285.7142857142857,16.213085200867592,198595.34019749903
85.71428571428572,198.57142857142858,451.42857142857144,16.212552946571858,226714.79839823145
85.71428571428572,198.57142857142858,617.1428571428571,16.211900206846153,247732.36100674234
85.71428571428572,198.57142857142858,782.8571428571429,16.21120903081579,263450.3012682071
85.71428571428572,198.57142857142858,948.5714285714287,16.210528478680015,275266.7755773234
85.71428571428572,198.57142857142858,1114.2857142857142,16.20988449067915,284205.74692502694
85.71428571428572,198.57142857142858,1280.0,16.209288489665415,291018.8058056162
85.71428571428572,198.57142857142858,1445.7142857142858,16.20874358921619,296253.8050893501
85.71428571428572,198.57142857142858,1611.4285714285716,16.208248517572013,300308.8992596694
85.71428571428572,198.57142857142858,1777.1428571428573,16.207799911862033,303474.08721505053
85.71428571428572,198.57142857142858,1942.857142857143,16.207393591708836,305961.82466335734
85.71428571428572,198.57142857142858,2108.5714285714284,16.207025233877708,307928.9975525278
85.71428571428572,198.57142857142858,2274.285714285714,16.206690708265583,309492.50402490207
85.71428571428572,198.57142857142858,2440.0,16.206386227540253,310740.2701230284
85.71428571428572,198.57142857142858,2605.714285714286,16.206108397097392,311739.05610779056
85.71428571428572,198.57142857142858,2771.4285714285716,16.2058542138051,312540.0195855172
85.71428571428572,198.57142857142858,2937.1428571428573,16.20562104024905,313182.7096508166
85.71428571428572,198.57142857142858,3102.857142857143,16.20540656893885,313697.95878151705
85.71428571428572,198.57142857142858,3268.571428571429,16.20520878408915,314109.9952983593
85.71428571428572,198.57142857142858,3434.2857142857147,16.205025924792434,314438.000373628
85.71428571428572,198.57142857142858,3600.0,16.204856451320595,314697.26587816654
85.71428571428572,245.71428571428572,120.0,16.21336985805453,180198.53989628828
85.71428571428572,245.71428571428572,285.7142857142857,16.21305561319329,208406.15769127497
85.71428571428572,245.71428571428572,451.42857142857144,16.212502960181475,240348.7514268304
85.71428571428572,245.71428571428572,617.1428571428571,16.21183226429691,264697.89189155283
85.71428571428572,245.71428571428572,782.8571428571429,16.211124919208313,283225.93461715325
85.71428571428572,245.71428571428572,948.5714285714287,16.210429076082253,297419.43066031206
85.71428571428572,245.71428571428572,1114.2857142857142,16.2097701360386,308380.8771017979
85.71428571428572,245.71428571428572,1280.0,16.20915932578327,316925.00826282374
85.71428571428572,245.71428571428572,1445.7142857142858,16.208599756671955,323650.51569199294
85.71428571428572,245.71428571428572,1611.4285714285716,16.20809023530809,328996.66607006744
85.71428571428572,245.71428571428572,1777.1428571428573,16.207627494867598,333286.7798853716
85.71428571428572,245.71428571428572,1942.857142857143,16.20720744006457,336760.3721259872
85.71428571428572,245.71428571428572,2108.5714285714284,16.206825811938767,339596.35916776484
85.71428571428572,245.71428571428572,2274.285714285714,16.206478522966144,341929.6366331927
85.71428571428572,245.71428571428572,2440.0,16.20616180948923,343862.8943169629
85.71428571428572,245.71428571428572,2605.714285714286,16.205872285521064,345475.0600934472
85.71428571428572,245.71428571428572,2771.4285714285716,16.205606945230368,346827.3697461409
85.71428571428572,245.71428571428572,2937.1428571428573,16.205363140385778,347967.7631640232
85.71428571428572,245.71428571428572,3102.857142857143,16.205138547122708,348934.0953603868
85.71428571428572,245.71428571428572,3268.571428571429,16.204931129692298,349756.50268527877
85.71428571428572,245.71428571428572,3434.2857142857147,16.204739105104167,350459.16218162054
85.71428571428572,245.71428571428572,3600.0,16.204560910500863,351061.61136801227
85.71428571428572,292.8571428571429,120.0,16.21336118519287,188604.47127161565
85.71428571428572,292.8571428571429,285.7142857142857,16.213030207228567,218490.85206324086
85.71428571428572,292.8571428571429,451.42857142857144,16.212464990070778,253289.741051238
85.71428571428572,292.8571428571429,617.1428571428571,16.211785872824063,280287.9251702444
85.71428571428572,292.8571428571429,782.8571428571429,16.211072544150134,301113.36791105405
85.71428571428572,292.8571428571429,948.5714285714287,16.21037172129191,317282.26573207433
85.71428571428572,292.8571428571429,1114.2857142857142,16.20970796906284,329943.80026855384
85.71428571428572,292.8571428571429,1280.0,16.209092138062488,339956.1561927112
85.71428571428572,292.8571428571429,1445.7142857142858,16.208527231500284,347955.4094584851
85.71428571428572,292.8571428571429,1611.4285714285716,16.20801207917614,354412.178280524
85.71428571428572,292.8571428571429,1777.1428571428573,16.207543489918713,359675.7756632972
85.71428571428572,292.8571428571429,1942.857142857143,16.20711745616554,364007.1574058559
85.71428571428572,292.8571428571429,2108.5714285714284,16.20672980036096,367602.903050675
85.71428571428572,292.8571428571429,2274.285714285714,16.20637650318719,370612.47524049104
85.71428571428572,292.8571428571429,2440.0,16.206053854698624,373150.60917745024
85.71428571428572,292.8571428571429,2605.714285714286,16.20575850927641,375306.22931769857
85.71428571428572,292.8571428571429,2771.4285714285716,16.20548749013694,377148.90300618095
85.71428571428572,292.8571428571429,2937.1428571428573,16.205238168928076,378733.54600924236
85.71428571428572,292.8571428571429,3102.857142857143,16.205008234459154,380103.8820713336
85.71428571428572,292.8571428571429,3268.571428571429,16.204795658115575,381295.0087240731
85.71428571428572,292.8571428571429,3434.2857142857147,16.20459865985867,382335.31714458007
85.71428571428572,292.8571428571429,3600.0,16.204415676678575,383247.9413246604
85.71428571428572,340.0,120.0,16.21335239911127,198302.95908812116
85.71428571428572,340.0,285.7142857142857,16.213007435107244,228845.57241725663
85.71428571428572,340.0,451.42857142857144,16.212434190805357,265859.5379277459
85.71428571428572,340.0,617.1428571428571,16.211751910636167,295035.7940358916
85.71428571428572,340.0,782.8571428571429,16.21103810896362,317795.3374597869
85.71428571428572,340.0,948.5714285714287,16.210337868124125,335649.44391144527
85.71428571428572,340.0,1114.2857142857142,16.20967480277146,349774.3292915721
85.71428571428572,340.0,1280.0,16.209059309023512,361059.082587952
85.71428571428572,340.0,1445.7142857142858,16.208494227292995,370168.3935133592
85.71428571428572,340.0,1611.4285714285716,16.20797837545369,377597.7559177094
85.71428571428572,340.0,1777.1428571428573,16.20750861867581,383717.5419236009
85.71428571428572,340.0,1942.857142857143,16.20708102982845,388806.31842482963
85.71428571428572,340.0,2108.5714285714284,16.20669151405132,393075.31731295714
85.71428571428572,340.0,2274.285714285714,16.20633612729443,396686.17827088677
85.71428571428572,340.0,2440.0,16.20601122401087,399763.7692084015
85.71428571428572,340.0,2605.714285714286,16.20571351170434,402405.4691126174
85.71428571428572,340.0,2771.4285714285716,16.205440056371966,404687.92505821853
85.71428571428572,340.0,2937.1428571428573,16.2051882635173,406672.0057582998
85.71428571428572,340.0,3102.857142857143,16.2049558483645,408406.4625205952
85.71428571428572,340.0,3268.571428571429,16.204740802640902,409930.6581552568
85.71428571428572,340.0,3434.2857142857147,16.204541361761656,411276.61889011343
85.71428571428572,340.0,3600.0,16.20435597427347,412470.59061820403
85.71428571428572,387.14285714285717,120.0,16.213343457481308,208985.13956267244
85.71428571428572,387.14285714285717,285.7142857142857,16.212986384061875,239466.04818044408
85.71428571428572,387.14285714285717,451.42857142857144,16.21240781462148,278247.4567529743
85.71428571428572,387.14285714285717,617.1428571428571,16.211725300715546,309263.55500489095
85.71428571428572,387.14285714285717,782.8571428571429,16.211014008117278,333690.9082129134
85.71428571428572,387.14285714285717,948.5714285714287,16.21031734137669,353014.2136634272
85.71428571428572,387.14285714285717,1114.2857142857142,16.209657940607155,368423.96063285664
85.71428571428572,387.14285714285717,1280.0,16.20904572042784,380831.78181295126
85.71428571428572,387.14285714285717,1445.7142857142858,16.208483331580123,390925.02002469636
85.71428571428572,387.14285714285717,1611.4285714285716,16.207969557517895,399219.5744196544
85.71428571428572,387.14285714285717,1777.1428571428573,16.207501303427033,406103.42625192564
85.71428571428572,387.14285714285717,1942.857142857143,16.207074712367675,411870.0451477096
85.71428571428572,387.14285714285717,2108.5714285714284,16.206685767068013,416743.16471419425
85.71428571428572,387.14285714285717,2274.285714285714,16.206330597592405,420894.8788741617
85.71428571428572,387.14285714285717,2440.0,16.20600562449253,424458.7978012969
85.71428571428572,387.14285714285717,2605.714285714286,16.205707612039006,427539.6251203528
85.71428571428572,387.14285714285717,2771.4285714285716,16.205433673896678,430220.1635263984
85.71428571428572,387.14285714285717,2937.1428571428573,16.205181255035228,432566.47418213973
85.71428571428572,387.14285714285717,3102.857142857143,16.204948103056065,434631.70635822933
85.71428571428572,387.14285714285717,3268.571428571429,16.204732236084613,436458.96389684285
85.71428571428572,387.14285714285717,3434.2857142857147,16.204531910965525,438083.4691219385
85.71428571428572,387.14285714285717,3600.0,16.204345593584257,439534.2103176369
85.71428571428572,434.28571428571433,120.0,16.213334341502918,220451.93203756164
85.71428571428572,434.28571428571433,285.7142857142857,16.212966502186315,250340.98861595173
85.71428571428572,434.28571428571433,451.42857142857144,16.21238425322291,290564.57684260723
85.71428571428572,434.28571428571433,617.1428571428571,16.211703124895724,323169.80692674674
85.71428571428572,434.28571428571433,782.8571428571429,16.210995912357447,349064.43264110567
85.71428571428572,434.28571428571433,948.5714285714287,16.210304376975298,369692.2484860266
85.71428571428572,434.28571428571433,1114.2857142857142,16.20965020396658,386249.3636417463
85.71428571428572,434.28571428571433,1280.0,16.2090428260108,399664.1692336607
85.71428571428572,434.28571428571433,1445.7142857142858,16.208484692931048,410642.4681371475
85.71428571428572,434.28571428571433,1611.4285714285716,16.207974539475828,419717.37707437633
85.71428571428572,434.28571428571433,1777.1428571428573,16.20750929769022,427291.99791054113
85.71428571428572,434.28571428571433,1942.857142857143,16.207085170432684,433672.72993564367
85.71428571428572,434.28571428571433,2108.5714285714284,16.206698210670176,439094.2278746847
85.71428571428572,434.28571428571433,2274.285714285714,16.206344617954834,443737.7636329314
85.71428571428572,434.28571428571433,2440.0,16.206020876517247,447744.6520821392
85.71428571428572,434.28571428571433,2605.714285714286,16.205723806658487,451226.07264526957
85.71428571428572,434.28571428571433,2771.4285714285716,16.20545057020148,454270.285012413
85.71428571428572,434.28571428571433,2937.1428571428573,16.205198652930555,456947.96444967494
85.71428571428572,434.28571428571433,3102.857142857143,16.204965836746073,459316.176704976
85.71428571428572,434.28571428571433,3268.571428571429,16.2047501684527,461421.3636032459
85.71428571428572,434.28571428571433,3434.2857142857147,16.204549928808547,463301.6043797356
85.71428571428572,434.28571428571433,3600.0,16.204363603612013,464988.34280411154
85.71428571428572,481.42857142857144,120.0,16.2133250480208,232563.8866824061
85.71428571428572,481.42857142857144,285.7142857142857,16.21294744853544,261454.324566815
85.71428571428572,481.42857142857144,451.42857142857144,16.212362540111126,302875.86165515607
85.71428571428572,481.42857142857144,617.1428571428571,16.21168366258761,336879.3979106066
85.71428571428572,481.42857142857144,782.8571428571429,16.210981296585363,364086.7726421347
85.71428571428572,481.42857142857144,948.5714285714287,16.21029563157705,385890.9342759882
85.71428571428572,481.42857142857144,1114.2857142857142,16.209647438529082,403487.51464310137
85.71428571428572,481.42857142857144,1280.0,16.209045681429895,417817.5252910719
85.71428571428572,481.42857142857144,1445.7142857142858,16.20849260689875,429602.1893924956
85.71428571428572,481.42857142857144,1611.4285714285716,16.207986892128684,439389.5032647634
85.71428571428572,481.42857142857144,1777.1428571428573,16.207525485664494,447595.8458751958
85.71428571428572,481.42857142857144,1942.857142857143,16.207104640669144,454539.0717334342
85.71428571428572,481.42857142857144,2108.5714285714284,16.206720472596885,460463.5663936377
85.71428571428572,481.42857142857144,2274.285714285714,16.20636924461527,465558.8119709183
85.71428571428572,481.42857142857144,2440.0,16.206047500457785,469973.0362914015
85.71428571428572,481.42857142857144,2605.714285714286,16.205752113686945,473823.24308437813
85.71428571428572,481.42857142857144,2771.4285714285716,16.20548029262528,477202.60994625103
85.71428571428572,481.42857142857144,2937.1428571428573,16.205229563060353,480185.9777262752
85.71428571428572,481.42857142857144,3102.857142857143,16.20499774100908,482833.9534840072
85.71428571428572,481.42857142857144,3268.571428571429,16.204782902228402,485196.00157937896
85.71428571428572,481.42857142857144,3434.2857142857147,16.20458335198385,487312.7915756626
85.71428571428572,481.42857142857144,3600.0,16.20439759679932,489217.9963308451
85.71428571428572,528.5714285714286,120.0,16.21331558395108,245217.22534429177
85.71428571428572,528.5714285714286,285.7142857142857,16.212929008854115,272787.7705338297
85.71428571428572,528.5714285714286,451.42857142857144,16.2123420820071,315218.7590778516
85.71428571428572,528.5714285714286,617.1428571428571,16.2116658797264,350472.01221647876
85.71428571428572,528.5714285714286,782.8571428571429,16.210968662728988,378870.66515587614
85.71428571428572,528.5714285714286,948.5714285714287,16.210289135409365,401749.61315694364
85.71428571428572,528.5714285714286,1114.2857142857142,16.2096472041383,420299.56433531
85.71428571428572,528.5714285714286,1280.0,16.209051384213673,435471.10172031494
85.71428571428572,528.5714285714286,1445.7142857142858,16.208503721915125,447998.60510862875
85.71428571428572,528.5714285714286,1611.4285714285716,16.208002831672818,458443.1922936275
85.71428571428572,528.5714285714286,1777.1428571428573,16.207545670473056,467233.1210742361
85.71428571428572,528.5714285714286,1942.857142857143,16.207128533500402,474696.5743470357
85.71428571428572,528.5714285714286,2108.5714285714284,16.20674759133251,481086.75270693994
85.71428571428572,528.5714285714286,2274.285714285714,16.206399164681866,486600.59940052126
85.71428571428572,528.5714285714286,2440.0,16.206079852016593,491392.63902955
85.71428571428572,528.5714285714286,2605.714285714286,16.20578657655082,495585.1900639698
85.71428571428572,528.5714285714286,2771.4285714285716,16.20551659046438,499275.9244078969
85.71428571428572,528.5714285714286,2937.1428571428573,16.205267457684407,502543.4945462977
85.71428571428572,528.5714285714286,3102.857142857143,16.205037027092,505451.75160085707
85.71428571428572,528.5714285714286,3268.571428571429,16.204823402615535,508052.9315892126
85.71428571428572,528.5714285714286,3434.2857142857147,16.204624913605432,510390.0816330659
85.71428571428572,528.5714285714286,3600.0,16.204440087157188,512498.9223746059
85.71428571428572,575.7142857142858,120.0,16.213305962433257,258331.207959183
85.71428571428572,575.7142857142858,285.7142857142857,16.212911046752712,284322.53897912556
85.71428571428572,575.7142857142858,451.42857142857144,16.212322508653088,327614.07116336614
85.71428571428572,575.7142857142858,617.1428571428571,16.21164914673359,363999.0238082033
85.71428571428572,575.7142857142858,782.8571428571429,16.210957113482213,393491.7674307956
85.71428571428572,575.7142857142858,948.5714285714287,16.21028371948837,417363.7177843853
85.71428571428572,575.7142857142858,1114.2857142857142,16.209648058876258,436797.31540439016
85.71428571428572,575.7142857142858,1280.0,16.209058221193263,452750.4074750075
85.71428571428572,575.7142857142858,1445.7142857142858,16.20851605815094,465968.80344398256
85.71428571428572,575.7142857142858,1611.4285714285716,16.208020118668742,477025.39051879407
85.71428571428572,575.7142857142858,1777.1428571428573,16.20756736195121,486359.22212881164
85.71428571428572,575.7142857142858,1942.857142857143,16.20715411813782,494307.9309342469
85.71428571428572,575.7142857142858,2108.5714285714284,16.2067766062554,501132.8143524406
85.71428571428572,575.7142857142858,2274.285714285714,16.206431198769923,507037.6862210141
85.71428571428572,575.7142857142858,2440.0,16.206114544093406,512182.8798519899
85.71428571428572,575.7142857142858,2605.714285714286,16.205823611248714,516695.6230924874
85.71428571428572,575.7142857142858,2771.4285714285716,16.20555569325816,520677.74383674865
85.71428571428572,575.7142857142858,2937.1428571428573,16.205308389865845,524211.42247302335
85.71428571428572,575.7142857142858,3102.857142857143,16.205079581057973,527363.5150830398
85.71428571428572,575.7142857142858,3268.571428571429,16.20486739762612,530188.8268905018
85.71428571428572,575.7142857142858,3434.2857142857147,16.204670192053896,532732.6103553274
85.71428571428572,575.7142857142858,3600.0,16.204486511336043,535032.486732672
85.71428571428572,622.8571428571429,120.0,16.213296200207104,271840.91021581343
85.71428571428572,622.8571428571429,285.7142857142857,16.212893474616777,296040.3265095069
85.71428571428572,622.8571428571429,451.42857142857144,16.2123035861172,340072.41784060345
85.71428571428572,622.8571428571429,617.1428571428571,16.21163307773601,377493.69131077104
85.71428571428572,622.8571428571429,782.8571428571429,16.210946110704914,408001.5378090797
85.71428571428572,622.8571428571429,948.5714285714287,16.210278691799203,432799.6725031345
85.71428571428572,622.8571428571429,1114.2857142857142,16.20964915463632,453059.6839672612
85.71428571428572,622.8571428571429,1280.0,16.209065186783054,469744.8950496845
85.71428571428572,622.8571428571429,1445.7142857142858,16.20852845271698,483611.1983220431
85.71428571428572,622.8571428571429,1611.4285714285716,16.20803743476565,495242.1893887849
85.71428571428572,622.8571428571429,1777.1428571428573,16.207589089570597,505086.8620714127
85.71428571428572,622.8571428571429,1942.857142857143,16.207179776263736,513491.60122448986
85.71428571428572,622.8571428571429,2108.5714285714284,16.206805756413214,520725.22802279354
85.71428571428572,622.8571428571429,2274.285714285714,16.206463448922886,526997.9535844916
85.71428571428572,622.8571428571429,2440.0,16.20614954760344,532475.5271575764
85.71428571428572,622.8571428571429,2605.714285714286,16.205861063515727,537289.7585304669
85.71428571428572,622.8571428571429,2771.4285714285716,16.205595327456674,541546.3573705743
85.71428571428572,622.8571428571429,2937.1428571428573,16.205349972524868,545330.8012644872
85.71428571428572,622.8571428571429,3102.857142857143,16.205122907854992,548712.756263017
85.71428571428572,622.8571428571429,3268.571428571429,16.204912289560244,551749.4312370036
85.71428571428572,622.8571428571429,3434.2857142857147,16.20471649205232,554488.1427820771
85.71428571428572,622.8571428571429,3600.0,16.20453408129089,556968.2918060082
85.71428571428572,670.0,120.0,16.213286315842307,285692.8064144904
85.71428571428572,670.0,285.7142857142857,16.212876235842238,307923.8247749791
85.71428571428572,670.0,451.42857142857144,16.212285165354828,352598.15254052426
85.71428571428572,670.0,617.1428571428571,16.21161743631965,390977.47615213686
85.71428571428572,670.0,782.8571428571429,16.21093533461391,422435.3242719201
85.71428571428572,670.0,948.5714285714287,16.210273649045746,448104.3374747944
85.71428571428572,670.0,1114.2857142857142,16.20965000218879,469143.206661908
85.71428571428572,670.0,1280.0,16.209071703071643,486519.3140397647
85.71428571428572,670.0,1445.7142857142858,16.20854023701942,500997.5646534328
85.71428571428572,670.0,1611.4285714285716,16.208054019814842,513171.41456932086
85.71428571428572,670.0,1777.1428571428573,16.207610001881466,523499.11105851614
85.71428571428572,670.0,1942.857142857143,16.207204566338994,532335.2282422407
85.71428571428572,670.0,2108.5714285714284,16.20683401213102,539955.6466288194
85.71428571428572,670.0,2274.285714285714,16.206494799818703,546576.5895563238
85.71428571428572,670.0,2440.0,16.206183664424692,552368.9015465208
85.71428571428572,670.0,2605.714285714286,16.20589765549464,557468.7061506287
85.71428571428572,670.0,2771.4285714285716,16.20563413864182,561985.3695540043
85.71428571428572,670.0,2937.1428571428573,16.20539077788615,566007.4765100956
85.71428571428572,670.0,3102.857142857143,16.20516550952565,569607.3420154332
85.71428571428572,670.0,3268.571428571429,16.204956513384428,572844.4415438056
85.71428571428572,670.0,3434.2857142857147,16.204762184500705,575768.0386825121
85.71428571428572,670.0,3600.0,16.20458110675067,578419.2134299652
85.71428571428572,717.1428571428572,120.0,16.213276328557342,299841.9100413824
85.71428571428572,717.1428571428572,285.7142857142857,16.212859293755553,319956.947215265
85.71428571428572,717.1428571428572,451.42857142857144,16.212267150956496,365191.77498849685
85.71428571428572,717.1428571428572,617.1428571428571,16.211602078957217,404464.04496070964
85.71428571428572,717.1428571428572,782.8571428571429,16.21092459976074,436817.56218580535
85.71428571428572,717.1428571428572,948.5714285714287,16.210268364618482,463311.1358570115
85.71428571428572,717.1428571428572,1114.2857142857142,16.209650331477103,485088.9062263094
85.71428571428572,717.1428571428572,1280.0,16.209077453327495,503121.1718613109
85.71428571428572,717.1428571428572,1445.7142857142858,16.208551044675335,518180.9839307502
85.71428571428572,717.1428571428572,1611.4285714285716,16.208069455564697,530870.9701064248
85.71428571428572,717.1428571428572,1777.1428571428573,16.207629627424208,541658.0707262461
85.71428571428572,717.1428571428572,1942.857142857143,16.207227963168812,550904.5881570228
85.71428571428572,717.1428571428572,2108.5714285714284,16.206860794628017,558893.080517599
85.71428571428572,717.1428571428572,2274.285714285714,16.206524619767613,565845.4658311394
85.71428571428572,717.1428571428572,2440.0,16.206216211027794,571937.4186678192
85.71428571428572,717.1428571428572,2605.714285714286,16.205932653164037,577309.153913932
85.71428571428572,717.1428571428572,2771.4285714285716,16.20567134383437,582073.5069698583
85.71428571428572,717.1428571428572,2937.1428571428573,16.20542997566251,586322.0113689996
85.71428571428572,717.1428571428572,3102.857142857143,16.205206510186283,590129.4965493048
85.71428571428572,717.1428571428572,3268.571428571429,16.20499914935146,593557.5898780084
85.71428571428572,717.1428571428572,3434.2857142857147,16.20480630751323,596657.4036924801
85.71428571428572,717.1428571428572,3600.0,16.20462658538693,599471.6125935358
85.71428571428572,764.2857142857143,120.0,16.21326625744436,314249.83205749
85.71428571428572,764.2857142857143,285.7142857142857,16.212842624579846,332124.8936071269
85.71428571428572,764.2857142857143,451.42857142857144,16.2122494817728,377851.4395362289
85.71428571428572,764.2857142857143,617.1428571428571,16.211586920362798,417961.8549551674
85.71428571428572,764.2857142857143,782.8571428571429,16.21091380389925,451165.18397485075
85.71428571428572,764.2857142857143,948.5714285714287,16.210262720613866,478444.11301661085
85.71428571428572,764.2857142857143,1114.2857142857142,16.209650006922406,500926.8726213736
85.71428571428572,764.2857142857143,1280.0,16.209082281034547,519585.7398801809
85.71428571428572,764.2857142857143,1445.7142857142858,16.20856069492156,535201.2000224784
85.71428571428572,764.2857142857143,1611.4285714285716,16.208083534198746,548384.4843948876
85.71428571428572,764.2857142857143,1777.1428571428573,16.20764772920755,559610.7628251377
85.71428571428572,764.2857142857143,1942.857142857143,16.207249699146345,569249.6832937184
85.71428571428572,764.2857142857143,2108.5714285714284,16.206885804838844,577590.1637461627
85.71428571428572,764.2857142857143,2274.285714285714,16.20655257789392,584859.5518025211
85.71428571428572,764.2857142857143,2440.0,16.206246824761163,591238.130093102
85.71428571428572,764.2857142857143,2605.714285714286,16.205965662424923,596870.0182308265
85.71428571428572,764.2857142857143,2771.4285714285716,16.205706518033626,601871.3633469718
85.71428571428572,764.2857142857143,2937.1428571428573,16.205467110652783,606336.5143126086
85.71428571428572,764.2857142857143,3102.857142857143,16.2052454252435,610342.7014713655
85.71428571428572,764.2857142857143,3268.571428571429,16.205039684353434,613953.607085388
85.71428571428572,764.2857142857143,3434.2857142857147,16.204848320386056,617222.1090305909
85.71428571428572,764.2857142857143,3600.0,16.204669949837644,620192.4048357487
85.71428571428572,811.4285714285714,120.0,16.213256120973448,328883.40841568384
85.71428571428572,811.4285714285714,285.7142857142857,16.212826212904343,344414.1258735881
85.71428571428572,811.4285714285714,451.42857142857144,16.212232118696395,390573.9086970702
85.71428571428572,811.4285714285714,617.1428571428571,16.211571911919158,431475.8528853232
85.71428571428572,811.4285714285714,782.8571428571429,16.21090289636409,465489.8973182297
85.71428571428572,811.4285714285714,948.5714285714287,16.210256665930036,493520.6765586451
85.71428571428572,811.4285714285714,1114.2857142857142,16.20964897527113,516679.3778249691
85.71428571428572,811.4285714285714,1280.0,16.209086127706804,535939.4761140854
85.71428571428572,811.4285714285714,1445.7142857142858,16.208569120733426,552088.2973214337
85.71428571428572,811.4285714285714,1611.4285714285716,16.208096177173296,565745.202017438
85.71428571428572,811.4285714285714,1777.1428571428573,16.207664214723177,577393.2011635284
85.71428571428572,811.4285714285714,1942.857142857143,16.207269665920464,587408.9669285615
85.71428571428572,811.4285714285714,2108.5714285714284,16.206908917211294,596087.5094469656
85.71428571428572,811.4285714285714,2274.285714285714,16.20657853052899,603661.3821467849
85.71428571428572,811.4285714285714,2440.0,16.206275343286006,610315.28790348
85.71428571428572,811.4285714285714,2605.714285714286,16.205996502001383,616197.0928549104
85.71428571428572,811.4285714285714,2771.4285714285716,16.20573946098224,621426.1221014676
85.71428571428572,811.4285714285714,2937.1428571428573,16.205501963743508,626099.4263122575
85.71428571428572,811.4285714285714,3102.857142857143,16.20528201697993,630296.5399767329
85.71428571428572,811.4285714285714,3268.571428571429,16.205077862414157,634083.1174593118
85.71428571428572,811.4285714285714,3434.2857142857147,16.20488794929548,637513.7310475397
85.71428571428572,811.4285714285714,3600.0,16.204710908888515,640634.0398498076
85.71428571428572,858.5714285714287,120.0,16.213245936688764,343713.696886641
85.71428571428572,858.5714285714287,285.7142857142857,16.212810048732543,356812.2982897939
85.71428571428572,858.5714285714287,451.42857142857144,16.212215036848107,403355.1604947713
85.71428571428572,858.5714285714287,617.1428571428571,16.211557028063307,445008.6082161123
85.71428571428572,858.5714285714287,782.8571428571429,16.210891858266027,479799.7324515644
85.71428571428572,858.5714285714287,948.5714285714287,16.21025019011999,508553.47721226414
85.71428571428572,858.5714285714287,1114.2857142857142,16.209647233095303,532363.0297695586
85.71428571428572,858.5714285714287,1280.0,16.209088994128074,552202.4052569106
85.71428571428572,858.5714285714287,1445.7142857142858,16.208576323973112,568865.2696909334
85.71428571428572,858.5714285714287,1611.4285714285716,16.208107384496873,582978.7118164158
85.71428571428572,858.5714285714287,1777.1428571428573,16.207679079612355,595033.2546811316
85.71428571428572,858.5714285714287,1942.857142857143,16.207287852723677,605412.3216732185
85.71428571428572,858.5714285714287,2108.5714285714284,16.20693011297569,614416.7873302548
85.71428571428572,858.5714285714287,2274.285714285714,16.20660244970032,622284.2200370487
85.71428571428572,858.5714285714287,2440.0,16.20630172855555,629203.5824425237
85.71428571428572,858.5714285714287,2605.714285714286,16.20602512316946,635326.3518054583
85.71428571428572,858.5714285714287,2771.4285714285716,16.205770112891017,640774.9165248582
85.71428571428572,858.5714285714287,2937.1428571428573,16.20553446386178,645648.9315870134
85.71428571428572,858.5714285714287,3102.857142857143,16.205316202952783,650030.152436032
85.71428571428572,858.5714285714287,3268.571428571429,16.20511358973693,653986.134262086
85.71428571428572,858.5714285714287,3434.2857142857147,16.204925089184798,657573.0824548607
85.71428571428572,858.5714285714287,3600.0,16.204749346375355,660838.0647597873
85.71428571428572,905.7142857142858,120.0,16.213235721035964,358715.2230647321
85.71428571428572,905.7142857142858,285.7142857142857,16.212794125542615,369308.16699228634
85.71428571428572,905.7142857142858,451.42857142857144,16.212198220522936,416190.77655592334
85.71428571428572,905.7142857142858,617.1428571428571,16.211542257605277,458561.07867043023
85.71428571428572,905.7142857142858,782.8571428571429,16.210880689972743,494100.1084565465
85.71428571428572,905.7142857142858,948.5714285714287,16.210243306936192,523551.7195931521
85.71428571428572,905.7142857142858,1114.2857142857142,16.209644806371337,547990.284753069
85.71428571428572,905.7142857142858,1280.0,16.20909091599297,568389.7991967008
85.71428571428572,905.7142857142858,1445.7142857142858,16.20858234716901,585549.8423418119
85.71428571428572,905.7142857142858,1611.4285714285716,16.20811720276143,600104.8885420416
85.71428571428572,905.7142857142858,1777.1428571428573,16.20769237208837,612552.6912868796
85.71428571428572,905.7142857142858,1942.857142857143,16.207304307341115,623283.1910727725
85.71428571428572,905.7142857142858,2108.5714285714284,16.20694943782412,632602.9311168343
85.71428571428572,905.7142857142858,2274.285714285714,16.206624377686914,640754.3304898358
85.71428571428572,905.7142857142858,2440.0,16.206326018410806,647930.4732712035
85.71428571428572,905.7142857142858,2605.714285714286,16.20605155855275,654286.3309354713
85.71428571428572,905.7142857142858,2771.4285714285716,16.20579850058748,659947.2560392722
85.71428571428572,905.7142857142858,2937.1428571428573,16.20556463162248,665015.4234980234
85.71428571428572,905.7142857142858,3102.857142857143,16.205347997277503,669574.7376056939
85.71428571428572,905.7142857142858,3268.571428571429,16.205146873754135,673694.5925299946
85.71428571428572,905.7142857142858,3434.2857142857147,16.204959740701288,677432.7735060917
85.71428571428572,905.7142857142858,3600.0,16.204785256122367,680837.7108811479
85.71428571428572,952.8571428571429,120.0,16.213225489278848,373865.4003165912
85.71428571428572,952.8571428571429,285.7142857142857,16.212778439005856,381891.49290536664
85.71428571428572,952.8571428571429,451.42857142857144,16.212181659892956,429076.1895874707
85.71428571428572,952.8571428571429,617.1428571428571,16.211527598152713,472133.13299126696
85.71428571428572,952.8571428571429,782.8571428571429,16.210869403149996,508394.5776172698
85.71428571428572,952.8571428571429,948.5714285714287,16.210236043925516,538522.0881473132
85.71428571428572,952.8571428571429,1114.2857142857142,16.209641737593273,563570.5241832454
85.71428571428572,952.8571428571429,1280.0,16.209091948533473,584513.3802382976
85.71428571428572,952.8571428571429,1445.7142857142858,16.208587255681206,602155.7819992721
85.71428571428572,952.8571428571429,1611.4285714285716,16.208125704898254,617139.2941017628
85.71428571428572,952.8571428571429,1777.1428571428573,16.207704170354347,629968.6572025378
85.71428571428572,952.8571428571429,1942.857142857143,16.20731911127556,641040.1263315036
85.71428571428572,952.8571428571429,2108.5714285714284,16.206966974916295,650665.7437524326
85.71428571428572,952.8571428571429,2274.285714285714,16.20664439796395,659092.636637619
85.71428571428572,952.8571428571429,2440.0,16.206348295563014,666517.8902529007
85.71428571428572,952.8571428571429,2605.714285714286,16.206075889240708,673099.8685484614
85.71428571428572,952.8571428571429,2771.4285714285716,16.205824702865304,678966.8018560098
85.71428571428572,952.8571428571429,2937.1428571428573,16.205592543000535,684223.3114103781
85.71428571428572,952.8571428571429,3102.857142857143,16.205377472710367,688955.3873945972
85.71428571428572,952.8571428571429,3268.571428571429,16.205177783703245,693234.2088960418
85.71428571428572,952.8571428571429,3434.2857142857147,16.204991969344,697119.0944037646
85.71428571428572,952.8571428571429,3600.0,16.204818699735466,700659.7965573813
85.71428571428572,1000.0,120.0,16.213215255475898,389144.07477046637
85.71428571428572,1000.0,285.7142857142857,16.21276298613801,394552.9458479583
85.71428571428572,1000.0,451.42857142857144,16.212165348843946,442006.8397634443
85.71428571428572,1000.0,617.1428571428571,16.211513052516654,485723.9110600352
85.71428571428572,1000.0,782.8571428571429,16.21085801569371,522685.35100788117
85.71428571428572,1000.0,948.5714285714287,16.21022843584816,553469.409308021
85.71428571428572,1000.0,1114.2857142857142,16.209638077643557,579110.8308393862
85.71428571428572,1000.0,1280.0,16.209092156821008,600582.1935820652
85.71428571428572,1000.0,1445.7142857142858,16.208591126433106,618693.8511386483
85.71428571428572,1000.0,1611.4285714285716,16.208132977356048,634094.201745832
85.71428571428572,1000.0,1777.1428571428573,16.207714568259863,647294.7613819393
85.71428571428572,1000.0,1942.857142857143,16.20733236392625,658697.9229163171
85.71428571428572,1000.0,2108.5714285714284,16.206982827632086,668621.0794847043
85.71428571428572,1000.0,2274.285714285714,16.206662616585415,677315.9416511457
85.71428571428572,1000.0,2440.0,16.206368667665302,684983.4905729704
85.71428571428572,1000.0,2605.714285714286,16.206098223608784,691785.3934869466
85.71428571428572,1000.0,2771.4285714285716,16.205848828112067,697852.6826965632
85.71428571428572,1000.0,2937.1428571428573,16.205618305823936,703292.3610996872
85.71428571428572,1000.0,3102.857142857143,16.205404736062384,708192.4494160966
85.71428571428572,1000.0,3268.571428571429,16.205206425014868,712625.8640873878
85.71428571428572,1000.0,3434.2857142857147,16.205021878876764,716653.41582785
85.71428571428572,1000.0,3600.0,16.20484977908833,720326.1440462441
121.42857142857143,10.0,120.0,16.21341600009009,195098.19211876654
121.42857142857143,10.0,285.7142857142857,16.213340055012225,188582.10693719803
121.42857142857143,10.0,451.42857142857144,16.21320959842816,160905.03999996002
121.42857142857143,10.0,617.1428571428571,16.213055499882728,144937.0069272384
121.42857142857143,10.0,782.8571428571429,16.212900950646397,133497.43742716665
121.42857142857143,10.0,948.5714285714287,16.212760053451035,124258.39676175358
121.42857142857143,10.0,1114.2857142857142,16.212638171546814,116479.10189449199
121.42857142857143,10.0,1280.0,16.21253547353884,109846.19073593339
121.42857142857143,10.0,1445.7142857142858,16.212449881689466,104163.34885442579
121.42857142857143,10.0,1611.4285714285716,16.21237870225597,99275.95682745345
121.42857142857143,10.0,1777.1428571428573,16.21231934825178,95054.29922408347
121.42857142857143,10.0,1942.857142857143,16.21226959081207,91389.33258584367
121.42857142857143,10.0,2108.5714285714284,16.21222760088013,88190.29253136838
121.42857142857143,10.0,2274.285714285714,16.21219191096633,85382.25427361425
121.42857142857143,10.0,2440.0,16.21216135461627,82903.64271504991
121.42857142857143,10.0,2605.714285714286,16.21213500663087,80703.90806801243
121.42857142857143,10.0,2771.4285714285716,16.212112131738586,78741.49441104355
121.42857142857143,10.0,2937.1428571428573,16.212092143104115,76982.13585099006
121.42857142857143,10.0,3102.857142857143,16.212074569742867,75397.46212124953
121.42857142857143,10.0,3268.571428571429,16.21205903127549,73963.87328055284
121.42857142857143,10.0,3434.2857142857147,16.212045218473317,72661.63814964694
121.42857142857143,10.0,3600.0,16.212032878275128,71474.1740998633
121.42857142857143,57.142857142857146,120.0,16.213403458026562,149176.2928081937
121.42857142857143,57.142857142857146,285.7142857142857,16.213229580137398,155842.60002493605
121.42857142857143,57.142857142857146,451.42857142857144,16.212880636339147,166647.22879218723
121.42857142857143,57.142857142857146,617.1428571428571,16.212436279249655,173752.0810625465
121.42857142857143,57.142857142857146,782.8571428571429,16.211959805561516,178160.92847950032
121.42857142857143,57.142857142857146,948.5714285714287,16.21149185171758,180618.77473167412
121.42857142857143,57.142857142857146,1114.2857142857142,16.21105395005944,181730.9406436252
121.42857142857143,57.142857142857146,1280.0,16.210654970186564,181950.9707651634
121.42857142857143,57.142857142857146,1445.7142857142858,16.210296597602273,181597.82591535247
121.42857142857143,57.142857142857146,1611.4285714285716,16.20997691255572,180888.0870698793
121.42857142857143,57.142857142857146,1777.1428571428573,16.209692448731897,179966.06863869797
121.42857142857143,57.142857142857146,1942.857142857143,16.209439285569335,178926.86912919756
121.42857142857143,57.142857142857146,2108.5714285714284,16.20921358567838,177832.61973305853
121.42857142857143,57.142857142857146,2274.285714285714,16.209011831678687,176723.51903078944
121.42857142857143,57.142857142857146,2440.0,16.208830907471445,175625.20496230866
121.42857142857143,57.142857142857146,2605.714285714286,16.2086681031055,174553.65116090057
121.42857142857143,57.142857142857146,2771.4285714285716,16.208521085163724,173518.41793234408
121.42857142857143,57.142857142857146,2937.1428571428573,16.208387854231773,172524.81604407614
121.42857142857143,57.142857142857146,3102.857142857143,16.208266700102808,171575.3520877347
121.42857142857143,57.142857142857146,3268.571428571429,16.208156159629954,170670.69755565267
121.42857142857143,57.142857142857146,3434.2857142857147,16.208054979180233,169810.34062287016
121.42857142857143,57.142857142857146,3600.0,16.207962082168773,168993.02538223827
121.42857142857143,104.28571428571429,120.0,16.213392352216943,150017.86704667195
121.42857142857143,104.28571428571429,285.7142857142857,16.213157039719768,170326.4188031419
121.42857142857143,104.28571428571429,451.42857142857144,16.212699859048254,192101.74155051765
121.42857142857143,104.28571428571429,617.1428571428571,16.21212280288454,207414.61310071536
121.42857142857143,104.28571428571429,782.8571428571429,16.211504012764685,218200.62206558333
121.42857142857143,104.28571428571429,948.5714285714287,16.21089256827112,225758.79138547447
121.42857142857143,104.28571428571429,1114.2857142857142,16.210314902774474,231016.25980047107
121.42857142857143,104.28571428571429,1280.0,16.209782663458114,234640.60018275917
121.42857142857143,104.28571428571429,1445.7142857142858,16.2092989572354,237106.50486372027
121.42857142857143,104.28571428571429,1611.4285714285716,16.2088624165446,238748.85620762964
121.42857142857143,104.28571428571429,1777.1428571428573,16.20846958702433,239803.57669719835
121.42857142857143,104.28571428571429,1942.857142857143,16.20811624159442,240437.38149753053
121.42857142857143,104.28571428571429,2108.5714285714284,16.20779806368282,240768.74032681854
121.42857142857143,104.28571428571429,2274.285714285714,16.207510977001718,240882.41348495317
121.42857142857143,104.28571428571429,2440.0,16.20725128403021,240839.47970862963
121.42857142857143,104.28571428571429,2605.714285714286,16.2070157046089,240684.26163343588
121.42857142857143,104.28571428571429,2771.4285714285716,16.206801364994984,240449.13142717342
121.42857142857143,104.28571428571429,2937.1428571428573,16.206605764564213,240157.86820270913
121.42857142857143,104.28571428571429,3102.857142857143,16.206426734486705,239828.02219556854
121.42857142857143,104.28571428571429,3268.571428571429,16.206262395646398,239472.59350743092
121.42857142857143,104.28571428571429,3434.2857142857147,16.20611111924822,239101.23426444604
121.42857142857143,104.28571428571429,3600.0,16.205971491518973,238721.11668460377
121.42857142857143,151.42857142857144,120.0,16.213381297514037,159216.57004458786
121.42857142857143,151.42857142857144,285.7142857142857,16.213104239196404,185393.74513282132
121.42857142857143,151.42857142857144,451.42857142857144,16.21258804715562,213443.14223383064
121.42857142857143,151.42857142857144,617.1428571428571,16.2119456025218,233995.47453677002
121.42857142857143,151.42857142857144,782.8571428571429,16.21125996482452,249090.97073906378
121.42857142857143,151.42857142857144,948.5714285714287,16.2105823413996,260225.9878908887
121.42857142857143,151.42857142857144,1114.2857142857142,16.20994031233588,268476.11347016
121.42857142857143,151.42857142857144,1280.0,16.209346246668744,274621.33728615637
121.42857142857143,151.42857142857144,1445.7142857142858,16.2088037003118,279224.31985054363
121.42857142857143,151.42857142857144,1611.4285714285716,16.208311545914523,282689.8643240795
121.42857142857143,151.42857142857144,1777.1428571428573,16.2078664106727,285309.81352956704
121.42857142857143,151.42857142857144,1942.857142857143,16.207464035410275,287295.7474780773
121.42857142857143,151.42857142857144,2108.5714285714284,16.207099995562093,288802.2343220308
121.42857142857143,151.42857142857144,2274.285714285714,16.206770060225622,289943.1792679962
121.42857142857143,151.42857142857144,2440.0,16.206470351975643,290803.2891977501
121.42857142857143,151.42857142857144,2605.714285714286,16.206197400251206,291446.1326206734
121.42857142857143,151.42857142857144,2771.4285714285716,16.20594814022121,291919.8381883753
121.42857142857143,151.42857142857144,2937.1428571428573,16.205719885687728,292261.15372901416
121.42857142857143,151.42857142857144,3102.857142857143,16.20551029144068,292498.36185984634
121.42857142857143,151.42857142857144,3268.571428571429,16.205317313142988,292653.39284755563
121.42857142857143,151.42857142857144,3434.2857142857147,16.20513916877057,292743.3694765267
121.42857142857143,151.42857142857144,3600.0,16.20497430341889,292781.7466392074
121.42857142857143,198.57142857142858,120.0,16.213370203334787,171249.69110302653
121.42857142857143,198.57142857142858,285.7142857142857,16.213062427033606,200055.30293836526
121.42857142857143,198.57142857142858,451.42857142857144,16.212511234270604,232295.08056270977
121.42857142857143,198.57142857142858,617.1428571428571,16.21183461761398,256636.19508587432
121.42857142857143,198.57142857142858,782.8571428571429,16.21111642133691,274968.31725287344
121.42857142857143,198.57142857142858,948.5714285714287,16.21040756341634,288854.17826367187
121.42857142857143,198.57142857142858,1114.2857142857142,16.20973536637445,299447.13565572916
121.42857142857143,198.57142857142858,1280.0,16.209112132607718,307595.4790738635
121.42857142857143,198.57142857142858,1445.7142857142858,16.20854146554593,313919.3024736363
121.42857142857143,198.57142857142858,1611.4285714285716,16.208022318850386,318870.9738269009
121.42857142857143,198.57142857142858,1777.1428571428573,16.207551389529673,322781.4143361489
121.42857142857143,198.57142857142858,1942.857142857143,16.20712446008541,325894.1847332894
121.42857142857143,198.57142857142858,2108.5714285714284,16.206737117545035,328389.9998249642
121.42857142857143,198.57142857142858,2274.285714285714,16.206385116959343,330404.1663008411
121.42857142857143,198.57142857142858,2440.0,16.206064547485244,332038.9548519633
121.42857142857143,198.57142857142858,2605.714285714286,16.205771891787645,333372.4009464635
121.42857142857143,198.57142857142858,2771.4285714285716,16.20550402990846,334464.60066157085
121.42857142857143,198.57142857142858,2937.1428571428573,16.20525821602313,335362.24805310543
121.42857142857143,198.57142857142858,3102.857142857143,16.205032043612814,336101.93265298975
121.42857142857143,198.57142857142858,3268.571428571429,16.204823407324543,336712.5570648617
121.42857142857143,198.57142857142858,3434.2857142857147,16.204630465738163,337217.12531447294
121.42857142857143,198.57142857142858,3600.0,16.20445160701907,337634.07746352756
121.42857142857143,245.71428571428572,120.0,16.21335900277998,184724.90540354053
121.42857142857143,245.71428571428572,285.7142857142857,16.213027166125055,214437.38604166277
121.42857142857143,245.71428571428572,451.42857142857144,16.212453764037345,249705.44829330957
121.42857142857143,245.71428571428572,617.1428571428571,16.211758798766766,276977.6596282786
121.42857142857143,245.71428571428572,782.8571428571429,16.21102506234805,297887.5148237708
121.42857142857143,245.71428571428572,948.5714285714287,16.21030220503621,314002.2400850613
121.42857142857143,245.71428571428572,1114.2857142857142,16.209616735836644,326517.03290945943
121.42857142857143,245.71428571428572,1280.0,16.20898056735908,336325.01708379894
121.42857142857143,245.71428571428572,1445.7142857142858,16.208397172567352,344086.99288642494
121.42857142857143,245.71428571428572,1611.4285714285716,16.207865503027985,350290.3813391775
121.42857142857143,245.71428571428572,1777.1428571428573,16.20738230408192,355295.58796790236
121.42857142857143,245.71428571428572,1942.857142857143,16.20694341712156,359370.6959528184
121.42857142857143,245.71428571428572,2108.5714285714284,16.20654448095484,362716.717017093
121.42857142857143,245.71428571428572,2274.285714285714,16.206181289212044,365485.7391562156
121.42857142857143,245.71428571428572,2440.0,16.205849955825038,367793.92490583216
121.42857142857143,245.71428571428572,2605.714285714286,16.20554697610234,369730.8406851938
121.42857142857143,245.71428571428572,2771.4285714285716,16.20526923296673,371366.1884094245
121.42857142857143,245.71428571428572,2937.1428571428573,16.20501397605762,372754.69754205557
121.42857142857143,245.71428571428572,3102.857142857143,16.20477878894374,373939.70936902845
121.42857142857143,245.71428571428572,3268.571428571429,16.20456155264344,374955.8258358264
121.42857142857143,245.71428571428572,3434.2857142857147,16.20436040968818,375830.88431795506
121.42857142857143,245.71428571428572,3600.0,16.20417373075924,376587.4427346929
121.42857142857143,292.8571428571429,120.0,16.213347665446047,199109.7809466789
121.42857142857143,292.8571428571429,285.7142857142857,16.212996087818773,228676.08300705702
121.42857142857143,292.8571428571429,451.42857142857144,16.212407788335078,266245.758917627
121.42857142857143,292.8571428571429,617.1428571428571,16.211703030892338,295891.78157721704
121.42857142857143,292.8571428571429,782.8571428571429,16.210962729284358,318939.7890162459
121.42857142857143,292.8571428571429,948.5714285714287,16.21023488567165,336928.03695781395
121.42857142857143,292.8571428571429,1114.2857142857142,16.20954498695983,351073.032241071
121.42857142857143,292.8571428571429,1280.0,16.2089044268366,362298.8448063959
121.42857142857143,292.8571428571429,1445.7142857142858,16.208316467927492,371296.8388042383
121.42857142857143,292.8571428571429,1611.4285714285716,16.207780015180315,378581.76238937693
121.42857142857143,292.8571428571429,1777.1428571428573,16.207291843461103,384537.49156085326
121.42857142857143,292.8571428571429,1942.857142857143,16.206847852290434,389451.89447432297
121.42857142857143,292.8571428571429,2108.5714285714284,16.206443743509368,393542.5183185788
121.42857142857143,292.8571428571429,2274.285714285714,16.20607536806894,396975.2270396204
121.42857142857143,292.8571428571429,2440.0,16.205738887653794,399877.6598841192
121.42857142857143,292.8571428571429,2605.714285714286,16.205430835182547,402348.96241894894
121.42857142857143,292.8571428571429,2771.4285714285716,16.205148121915546,404466.8561312052
121.42857142857143,292.8571428571429,2937.1428571428573,16.20488801794321,406292.80943325575
121.42857142857143,292.8571428571429,3102.857142857143,16.20464812085502,407875.8498288532
121.42857142857143,292.8571428571429,3268.571428571429,16.204426320592027,409255.39802097366
121.42857142857143,292.8571428571429,3434.2857142857147,16.20422076464973,410463.393060103
121.42857142857143,292.8571428571429,3600.0,16.204029825652402,411525.8995720759
121.42857142857143,340.0,120.0,16.213336186406913,214141.65961164268
121.42857142857143,340.0,285.7142857142857,16.212967850037337,242856.03272637769
121.42857142857143,340.0,451.42857142857144,16.212369075340142,282238.1004310513
121.42857142857143,340.0,617.1428571428571,16.211659370163996,313872.8390091257
121.42857142857143,340.0,782.8571428571429,16.210917422537573,338749.3388229821
121.42857142857143,340.0,948.5714285714287,16.210189473173536,358357.00706356706
121.42857142857143,340.0,1114.2857142857142,16.209499931402355,373920.9490571299
121.42857142857143,340.0,1280.0,16.208859630315885,386387.3404392705
121.42857142857143,340.0,1445.7142857142858,16.208271588984662,396471.5223961102
121.42857142857143,340.0,1611.4285714285716,16.2077346419046,404710.4746466959
121.42857142857143,340.0,1777.1428571428573,16.20724557903991,411507.5263854262
121.42857142857143,340.0,1942.857142857143,16.206800351770337,417167.13072903757
121.42857142857143,340.0,2108.5714285714284,16.206394725072183,421920.80391073733
121.42857142857143,340.0,2274.285714285714,16.20602461191284,425946.1160853669
121.42857142857143,340.0,2440.0,16.205686229504327,429380.5052985952
121.42857142857143,340.0,2605.714285714286,16.205376158044878,432331.3289144498
121.42857142857143,340.0,2771.4285714285716,16.205091347821647,434883.2078461871
121.42857142857143,340.0,2937.1428571428573,16.204829100464764,437103.42694141046
121.42857142857143,340.0,3102.857142857143,16.20458703864955,439045.93613102613
121.42857142857143,340.0,3268.571428571429,16.204363072004185,440754.3391665433
121.42857142857143,340.0,3434.2857142857147,16.20415536327995,442264.14492723334
121.42857142857143,340.0,3600.0,16.203962296765212,443604.47754206
121.42857142857143,387.14285714285717,120.0,16.21332457602993,229666.36888034604
121.42857142857143,387.14285714285717,285.7142857142857,16.21294165100808,257025.33100773193
121.42857142857143,387.14285714285717,451.42857142857144,16.21233520246304,297872.35835767613
121.42857142857143,387.14285714285717,617.1428571428571,16.211623380257254,331217.36771233985
121.42857142857143,387.14285714285717,782.8571428571429,16.21088253613742,357695.21369486046
121.42857142857143,387.14285714285717,948.5714285714287,16.210157159282378,378733.7555647499
121.42857142857143,387.14285714285717,1114.2857142857142,16.20947059560123,395558.32764867257
121.42857142857143,387.14285714285717,1280.0,16.208833116918967,409131.2618241005
121.42857142857143,387.14285714285717,1445.7142857142858,16.20824748882537,420187.36980796815
121.42857142857143,387.14285714285717,1611.4285714285716,16.207712463124967,429282.33098109456
121.42857142857143,387.14285714285717,1777.1428571428573,16.207224834298522,436836.1130034513
121.42857142857143,387.14285714285717,1942.857142857143,16.20678059817096,443167.4907687425
121.42857142857143,387.14285714285717,2108.5714285714284,16.2063755787479,448520.11920344137
121.42857142857143,387.14285714285717,2274.285714285714,16.206005749757505,453081.78717587324
121.42857142857143,387.14285714285717,2440.0,16.205667384900092,456998.51699971344
121.42857142857143,387.14285714285717,2605.714285714286,16.205357114217737,460384.8814395481
121.42857142857143,387.14285714285717,2771.4285714285716,16.20507193067389,463331.5793795836
121.42857142857143,387.14285714285717,2937.1428571428573,16.204809171766176,465911.0314823614
121.42857142857143,387.14285714285717,3102.857142857143,16.20456648995669,468181.5433299856
121.42857142857143,387.14285714285717,3268.571428571429,16.204341819413866,470190.4273765058
121.42857142857143,387.14285714285717,3434.2857142857147,16.204133342995135,471976.3633712938
121.42857142857143,387.14285714285717,3600.0,16.203939461395507,473571.1977634906
121.42857142857143,434.28571428571433,120.0,16.21331285306615,245581.70988467155
121.42857142857143,434.28571428571433,285.7142857142857,16.21291698948912,271210.04936400073
121.42857142857143,434.28571428571433,451.42857142857144,16.212304712694415,313264.9983022015
121.42857142857143,434.28571428571433,617.1428571428571,16.21159245977642,348111.6841793627
121.42857142857143,434.28571428571433,782.8571428571429,16.210854255634864,376018.8365774471
121.42857142857143,434.28571428571433,948.5714285714287,16.210132904297414,398344.1599303017
121.42857142857143,434.28571428571433,1114.2857142857142,16.209450733590234,416307.4253714424
121.42857142857143,434.28571428571433,1280.0,16.208817472635932,430882.93335459026
121.42857142857143,434.28571428571433,1445.7142857142858,16.208235635497314,442821.75109451945
121.42857142857143,434.28571428571433,1611.4285714285716,16.2077038857429,452695.7102988263
121.42857142857143,434.28571428571433,1777.1428571428573,16.20721901476239,460939.3684379478
121.42857142857143,434.28571428571433,1942.857142857143,16.206777055793154,467884.16192751506
121.42857142857143,434.28571428571433,2108.5714285714284,16.206373886421385,473784.5321959966
121.42857142857143,434.28571428571433,2274.285714285714,16.206005537458324,478837.3808809264
121.42857142857143,434.28571428571433,2440.0,16.205668337012977,483196.4062244413
121.42857142857143,434.28571428571433,2605.714285714286,16.205358964194538,486982.6470786484
121.42857142857143,434.28571428571433,2771.4285714285716,16.205074454863297,490292.25933792786
121.42857142857143,434.28571428571433,2937.1428571428573,16.204812183331892,493202.28245356225
121.42857142857143,434.28571428571433,3102.857142857143,16.204569833302248,495774.9451053412
121.42857142857143,434.28571428571433,3268.571428571429,16.20434536526854,498060.9048282194
121.42857142857143,434.28571428571433,3434.2857142857147,16.20413698418113,500101.70511092024
121.42857142857143,434.28571428571433,3600.0,16.203943109232604,501931.6540926281
121.42857142857143,481.42857142857144,120.0,16.213301040288023,261813.93672313928
121.42857142857143,481.42857142857144,285.7142857142857,16.212893539538992,285423.33715038956
121.42857142857143,481.42857142857144,451.42857142857144,16.212276692612253,328489.79574796866
121.42857142857143,481.42857142857144,617.1428571428571,16.211565021063095,364677.3437388008
121.42857142857143,481.42857142857144,782.8571428571429,16.210830292729838,393880.03882823314
121.42857142857143,481.42857142857144,948.5714285714287,16.21011371688568,417379.30877812416
121.42857142857143,481.42857142857144,1114.2857142857142,16.209436661290052,436385.18478677515
121.42857142857143,481.42857142857144,1280.0,16.208808339462827,451880.8766188556
121.42857142857143,481.42857142857144,1445.7142857142858,16.208231021903924,464631.33238950215
121.42857142857143,481.42857142857144,1611.4285714285716,16.20770328233675,475222.63753201585
121.42857142857143,481.42857142857144,1777.1428571428573,16.207221903658837,484102.40067199955
121.42857142857143,481.42857142857144,1942.857142857143,16.206782950339647,491613.4645013793
121.42857142857143,481.42857142857144,2108.5714285714284,16.206382347956414,498020.0285716501
121.42857142857143,481.42857142857144,2274.285714285714,16.206016179900878,503527.2616791724
121.42857142857143,481.42857142857144,2440.0,16.20568082534567,508295.84004927333
121.42857142857143,481.42857142857144,2605.714285714286,16.205373010166095,512452.69022949174
121.42857142857143,481.42857142857144,2771.4285714285716,16.205089811686385,516098.9437490478
121.42857142857143,481.42857142857144,2937.1428571428573,16.20482864028853,519315.85642241914
121.42857142857143,481.42857142857144,3102.857142857143,16.204587210694047,522169.24206151353
121.42857142857143,481.42857142857144,3268.571428571429,16.204363509892733,524712.818141742
121.42857142857143,481.42857142857144,3434.2857142857147,16.204155765379202,526990.750214736
121.42857142857143,481.42857142857144,3600.0,16.20396241549157,529039.6023454367
121.42857142857143,528.5714285714286,120.0,16.21328916181943,278306.5956413838
121.42857142857143,528.5714285714286,285.7142857142857,16.212871081666158,299670.77198844403
121.42857142857143,528.5714285714286,451.42857142857144,16.21225054871899,343594.69262295106
121.42857142857143,528.5714285714286,617.1428571428571,16.211540062155954,380996.14597180946
121.42857142857143,528.5714285714286,782.8571428571429,16.210809231465323,411388.07247237675
121.42857142857143,528.5714285714286,948.5714285714287,16.210097769416173,435971.0955796226
121.42857142857143,528.5714285714286,1114.2857142857142,16.209426145283818,455942.3901408897
121.42857142857143,528.5714285714286,1280.0,16.20880308720991,472291.76946045423
121.42857142857143,528.5714285714286,1445.7142857142858,16.208230632978314,485796.25671898
121.42857142857143,528.5714285714286,1611.4285714285716,16.207707267184027,497054.73625565716
121.42857142857143,528.5714285714286,1777.1428571428573,16.207229760445447,506526.68123629264
121.42857142857143,528.5714285714286,1942.857142857143,16.206794203208133,514565.3671592068
121.42857142857143,528.5714285714286,2108.5714285714284,16.20639656379723,521443.9502023792
121.42857142857143,528.5714285714286,2274.285714285714,16.206032973586872,527375.2043039418
121.42857142857143,528.5714285714286,2440.0,16.20569985905769,532526.23500279
121.42857142857143,528.5714285714286,2605.714285714286,16.20539398992922,537029.4001129777
121.42857142857143,528.5714285714286,2771.4285714285716,16.20511248280667,540990.4255679563
121.42857142857143,528.5714285714286,2937.1428571428573,16.20485278257614,544494.4637663851
121.42857142857143,528.5714285714286,3102.857142857143,16.204612633911765,547610.6442406069
121.42857142857143,528.5714285714286,3268.571428571429,16.20439004962429,550395.5164192215
121.42857142857143,528.5714285714286,3434.2857142857147,16.204183279381006,552895.6741276114
121.42857142857143,528.5714285714286,3600.0,16.203990780524382,555149.7719127794
121.42857142857143,575.7142857142858,120.0,16.21327724154595,295014.638572702
121.42857142857143,575.7142857142858,285.7142857142857,16.212849463268864,313953.4943229008
121.42857142857143,575.7142857142858,451.42857142857144,16.21222588299248,358611.4608694467
121.42857142857143,575.7142857142858,617.1428571428571,16.21151693233084,397124.5747601531
121.42857142857143,575.7142857142858,782.8571428571429,16.21079017312273,428619.64914156595
121.42857142857143,575.7142857142858,948.5714285714287,16.21008391966512,454213.0498082829
121.42857142857143,575.7142857142858,1114.2857142857142,16.209417803420774,475086.70336715167
121.42857142857143,575.7142857142858,1280.0,16.20880009774388,492235.2424482703
121.42857142857143,575.7142857142858,1445.7142857142858,16.20823261972914,506446.3574720934
121.42857142857143,575.7142857142858,1611.4285714285716,16.207713766921376,518330.5902670447
121.42857142857143,575.7142857142858,1777.1428571428573,16.207240295049417,528358.3424885606
121.42857142857143,575.7142857142858,1942.857142857143,16.2068083161313,536892.5509035516
121.42857142857143,575.7142857142858,2108.5714285714284,16.206413836514397,544214.6904168021
121.42857142857143,575.7142857142858,2274.285714285714,16.206053031185093,550544.6112216578
121.42857142857143,575.7142857142858,2440.0,16.20572237017715,556055.4083140235
121.42857142857143,575.7142857142858,2605.714285714286,16.205418663966334,560884.5036866652
121.42857142857143,575.7142857142858,2771.4285714285716,16.205139065974073,565141.9101461319
121.42857142857143,575.7142857142858,2937.1428571428573,16.204881053668384,568916.417986951
121.42857142857143,575.7142857142858,3102.857142857143,16.20464240020768,572280.2539375948
121.42857142857143,575.7142857142858,3268.571428571429,16.20442114312556,575292.6139886753
121.42857142857143,575.7142857142858,3434.2857142857147,16.204215553460944,578002.3622789902
121.42857142857143,575.7142857142858,3600.0,16.204024106995043,580450.1086742337
121.42857142857143,622.8571428571429,120.0,16.21326530220576,311901.033968111
121.42857142857143,622.8571428571429,285.7142857142857,16.212828575033313,328270.0644241481
121.42857142857143,622.8571428571429,451.42857142857144,16.212202420735206,373561.4597554876
121.42857142857143,622.8571428571429,617.1428571428571,16.21149519821947,413102.4870686637
121.42857142857143,622.8571428571429,782.8571428571429,16.21077253515994,445629.87887928315
121.42857142857143,622.8571428571429,948.5714285714287,16.21007144126998,472173.04685615044
121.42857142857143,622.8571428571429,1114.2857142857142,16.209410767841185,493896.790558063
121.42857142857143,622.8571428571429,1280.0,16.208798363014473,511799.15031531244
121.42857142857143,622.8571428571429,1445.7142857142858,16.208235835468663,526677.3627221801
121.42857142857143,622.8571428571429,1611.4285714285716,16.207721498549017,539152.7132010057
121.42857142857143,622.8571428571429,1777.1428571428573,16.20725209134236,549705.7789643932
121.42857142857143,622.8571428571429,1942.857142857143,16.206823743773565,558708.5349621938
121.42857142857143,622.8571428571429,2108.5714285714284,16.20643249603499,566450.2578398616
121.42857142857143,622.8571428571429,2274.285714285714,16.20607456271219,573157.444037824
121.42857142857143,622.8571428571429,2440.0,16.20574645382887,579008.819337123
121.42857142857143,622.8571428571429,2605.714285714286,16.205445017589263,584146.5697615899
121.42857142857143,622.8571428571429,2771.4285714285716,16.20516744172757,588684.7429013279
121.42857142857143,622.8571428571429,2937.1428571428573,16.204911234261914,592715.5543892161
121.42857142857143,622.8571428571429,3102.857142857143,16.20467419520844,596314.1481903455
121.42857142857143,622.8571428571429,3268.571428571429,16.20445438553601,599542.2138587079
121.42857142857143,622.8571428571429,3434.2857142857147,16.204250096646252,602450.7552224525
121.42857142857143,622.8571428571429,3600.0,16.2040598219767,605082.22547876
121.42857142857143,670.0,120.0,16.21325336490647,328934.6671920282
121.42857142857143,670.0,285.7142857142857,16.212808336391692,342617.57706707664
121.42857142857143,670.0,451.42857142857144,16.212179967249355,388459.18159768963
121.42857142857143,670.0,617.1428571428571,16.21147456461546,428958.52746267844
121.42857142857143,670.0,782.8571428571429,16.21075593330716,462459.1418305736
121.42857142857143,670.0,948.5714285714287,16.21005986644329,489901.34099672333
121.42857142857143,670.0,1114.2857142857142,16.20940448885884,512431.2938516139
121.42857142857143,670.0,1280.0,16.20879725138651,531049.3105443728
121.42857142857143,670.0,1445.7142857142858,16.208239566302158,546561.2647732432
121.42857142857143,670.0,1611.4285714285716,16.207729666009552,559598.4408874315
121.42857142857143,670.0,1777.1428571428573,16.20726427182817,570650.9756871341
121.42857142857143,670.0,1942.857142857143,16.206839528544716,580099.3708164507
121.42857142857143,670.0,2108.5714285714284,16.206451506539032,588240.278990054
121.42857142857143,670.0,2274.285714285714,16.206096456375455,595306.487877998
121.42857142857143,670.0,2440.0,16.205770924775596,601482.057188741
121.42857142857143,670.0,2605.714285714286,16.20547179481198,606913.6879857456
121.42857142857143,670.0,2771.4285714285716,16.205196286112997,611719.2530689962
121.42857142857143,670.0,2937.1428571428573,16.20494193523652,615994.2163440781
121.42857142857143,670.0,3102.857142857143,16.204706567404504,619816.4888163933
121.42857142857143,670.0,3268.571428571429,16.20448826567457,623250.125678533
121.42857142857143,670.0,3434.2857142857147,16.20428534072019,626348.1610439195
121.42857142857143,670.0,3600.0,16.2040963027558,629154.7974935645
121.42857142857143,717.1428571428572,120.0,16.213241448906427,346088.95823726215
121.42857142857143,717.1428571428572,285.7142857142857,16.212788686309985,356992.3377782497
121.42857142857143,717.1428571428572,451.42857142857144,16.21215838102095,403314.498689861
121.42857142857143,717.1428571428572,617.1428571428571,16.211454826191993,444713.6053602352
121.42857142857143,717.1428571428572,782.8571428571429,16.21074011033412,479137.537874429
121.42857142857143,717.1428571428572,948.5714285714287,16.21004889144874,507435.798231851
121.42857142857143,717.1428571428572,1114.2857142857142,16.209398617441487,530734.7034415151
121.42857142857143,717.1428571428572,1280.0,16.20879636781187,550035.9018413939
121.42857142857143,717.1428571428572,1445.7142857142858,16.20824336992046,566153.1555308463
121.42857142857143,717.1428571428572,1611.4285714285716,16.207737778667447,579727.1317300266
121.42857142857143,717.1428571428572,1777.1428571428573,16.207276296938723,591257.0154214553
121.42857142857143,717.1428571428572,1942.857142857143,16.206855081852876,601131.4090164482
121.42857142857143,717.1428571428572,2108.5714285714284,16.206470230788163,609653.9859148491
121.42857142857143,717.1428571428572,2274.285714285714,16.206118027051467,617063.5279325026
121.42857142857143,717.1428571428572,2440.0,16.20579505106447,623549.1797647044
121.42857142857143,717.1428571428572,2605.714285714286,16.20549821812022,629261.9483052464
121.42857142857143,717.1428571428572,2771.4285714285716,16.205224777466338,634323.3551528058
121.42857142857143,717.1428571428572,2937.1428571428573,16.20497229227868,638831.963182617
121.42857142857143,717.1428571428572,3102.857142857143,16.204738611378882,642868.3235885176
121.42857142857143,717.1428571428572,3268.571428571429,16.204521838580284,646498.7489938925
121.42857142857143,717.1428571428572,3434.2857142857147,16.20432030272676,649778.2111207995
121.42857142857143,717.1428571428572,3600.0,16.204132529902374,652752.5822401516
121.42857142857143,764.2857142857143,120.0,16.21322957155781,363340.9050201533
121.42857142857143,764.2857142857143,285.7142857142857,16.21276957730911,371390.2755593086
121.42857142857143,764.2857142857143,451.42857142857144,16.21213755667801,418134.12271327723
121.42857142857143,764.2857142857143,617.1428571428571,16.211435837286192,460383.1872500654
121.42857142857143,764.2857142857143,782.8571428571429,16.210724891900114,495687.8447457896
121.42857142857143,764.2857142857143,948.5714285714287,16.210038318353124,524805.3957469955
121.42857142857143,764.2857142857143,1114.2857142857142,16.209392933026923,548841.3023681609
121.42857142857143,764.2857142857143,1280.0,16.20879546808165,568797.7784762112
121.42857142857143,764.2857142857143,1445.7142857142858,16.208246976798563,585495.8497110711
121.42857142857143,764.2857142857143,1611.4285714285716,16.207745540050055,599585.0497543775
121.42857142857143,764.2857142857143,1777.1428571428573,16.207287841958703,611573.1816716171
121.42857142857143,764.2857142857143,1942.857142857143,16.206870049869853,621856.5894781007
121.42857142857143,764.2857142857143,2108.5714285714284,16.206488285382765,630745.6669028668
121.42857142857143,764.2857142857143,2274.285714285714,16.206138861666997,638484.9383221274
121.42857142857143,764.2857142857143,2440.0,16.205818390135622,645268.4222201464
121.42857142857143,764.2857142857143,2605.714285714286,16.205523815878607,651251.2535336503
121.42857142857143,764.2857142857143,2771.4285714285716,16.20525241565525,656558.4525107532
121.42857142857143,764.2857142857143,2937.1428571428573,16.205001777457678,661291.5537334464
121.42857142857143,764.2857142857143,3102.857142857143,16.20476977218317,665533.6403084003
121.42857142857143,764.2857142857143,3268.571428571429,16.204554523119935,669353.1898068823
121.42857142857143,764.2857142857143,3434.2857142857147,16.20435437621005,672807.0322520904
121.42857142857143,764.2857142857143,3600.0,16.20416787251158,675942.6413262474
121.42857142857143,811.4285714285714,120.0,16.213217748346317,380670.3936842158
121.42857142857143,811.4285714285714,285.7142857142857,16.21275097150111,385807.1946644524
121.42857142857143,811.4285714285714,451.42857142857144,16.212117413905307,432922.5731008435
121.42857142857143,811.4285714285714,617.1428571428571,16.211417492554453,475978.84265963355
121.42857142857143,811.4285714285714,782.8571428571429,16.21071015858049,512127.53051028494
121.42857142857143,811.4285714285714,948.5714285714287,16.21002801835584,542032.6166889523
121.42857142857143,811.4285714285714,1114.2857142857142,16.20938729824648,566777.8780164164
121.42857142857143,811.4285714285714,1280.0,16.208794405144097,587365.446302528
121.42857142857143,811.4285714285714,1445.7142857142858,16.208250228388113,604623.0833044756
121.42857142857143,811.4285714285714,1611.4285714285716,16.207752778249066,619208.7513148296
121.42857142857143,811.4285714285714,1777.1428571428573,16.20729872000285,631638.5056542002
121.42857142857143,811.4285714285714,1942.857142857143,16.206884229466294,642316.1257036813
121.42857142857143,811.4285714285714,2108.5714285714284,16.206505450039288,651558.4689082684
121.42857142857143,811.4285714285714,2274.285714285714,16.20615872219566,659615.5868826562
121.42857142857143,811.4285714285714,2440.0,16.205840685902118,666686.1908602093
121.42857142857143,811.4285714285714,2605.714285714286,16.20554831384114,672929.3912007485
121.42857142857143,811.4285714285714,2771.4285714285716,16.20527890834811,678473.577734997
121.42857142857143,811.4285714285714,2937.1428571428573,16.205030080561468,683423.1472202793
121.42857142857143,811.4285714285714,3102.857142857143,16.20479972202854,687863.6213759275
121.42857142857143,811.4285714285714,3268.571428571429,16.204585974303214,691865.5629397205
121.42857142857143,811.4285714285714,3434.2857142857147,16.204387199403815,695487.5917473828
121.42857142857143,811.4285714285714,3600.0,16.20420195250043,698778.7238681124
121.42857142857143,858.5714285714287,120.0,16.213205992985902,398059.6846841512
121.42857142857143,858.5714285714287,285.7142857142857,16.212732837910917,400238.92676264927
121.42857142857143,858.5714285714287,451.42857142857144,16.212097890083108,447682.83161271416
121.42857142857143,858.5714285714287,617.1428571428571,16.21139971433751,491509.3080449231
121.42857142857143,858.5714285714287,782.8571428571429,16.210695827801754,528470.1509249342
121.42857142857143,858.5714285714287,948.5714285714287,16.21001790827702,559135.1227414913
121.42857142857143,858.5714285714287,1114.2857142857142,16.209381630018168,584565.624101504
121.42857142857143,858.5714285714287,1280.0,16.208793094908845,605763.1574295242
121.42857142857143,858.5714285714287,1445.7142857142858,16.20825303778395,623561.7711472095
121.42857142857143,858.5714285714287,1611.4285714285716,16.20775940163535,638627.4812244998
121.42857142857143,858.5714285714287,1777.1428571428573,16.20730883298868,651484.2809782653
121.42857142857143,858.5714285714287,1942.857142857143,16.206897514665247,662543.1214747333
121.42857142857143,858.5714285714287,2108.5714285714284,16.206521609752826,672127.1025149703
121.42857142857143,858.5714285714287,2274.285714285714,16.206177483756683,680491.616920947
121.42857142857143,858.5714285714287,2440.0,16.205861803006833,687839.9120467373
121.42857142857143,858.5714285714287,2605.714285714286,16.205571565779685,694334.9414693123
121.42857142857143,858.5714285714287,2771.4285714285716,16.20530409821789,700108.3526691856
121.42857142857143,858.5714285714287,2937.1428571428573,16.205057033068663,705267.3094852677
121.42857142857143,858.5714285714287,3102.857142857143,16.204828281207302,709899.6911648022
121.42857142857143,858.5714285714287,3268.571428571429,16.204616001323863,714078.076209045
121.42857142857143,858.5714285714287,3434.2857142857147,16.204418570551436,717862.814632102
121.42857142857143,858.5714285714287,3600.0,16.204234557355065,721304.4134515892
121.42857142857143,905.7142857142858,120.0,16.213194317542406,415493.0194415519
121.42857142857143,905.7142857142858,285.7142857142857,16.212715150635674,414681.42082026525
121.42857142857143,905.7142857142858,451.42857142857144,16.212078935307137,462416.79201338923
121.42857142857143,905.7142857142858,617.1428571428571,16.21138244426095,506981.2321460869
121.42857142857143,905.7142857142858,782.8571428571429,16.210681841981454,544726.3375045252
121.42857142857143,905.7142857142858,948.5714285714287,16.21000793524662,576126.9437487078
121.42857142857143,905.7142857142858,1114.2857142857142,16.209375880815323,602221.4992187013
121.42857142857143,905.7142857142858,1280.0,16.208791494148382,624010.4113626418
121.42857142857143,905.7142857142858,1445.7142857142858,16.208255364336914,642333.6291746424
121.42857142857143,905.7142857142858,1611.4285714285716,16.207765370283923,657864.8984846559
121.42857142857143,905.7142857142858,1777.1428571428573,16.20731813999163,671135.878288053
121.42857142857143,905.7142857142858,1942.857142857143,16.206909862056754,682564.4623226518
121.42857142857143,905.7142857142858,2108.5714285714284,16.206536717406497,692479.8001540676
121.42857142857143,905.7142857142858,2274.285714285714,16.206195094556318,701142.4637266063
121.42857142857143,905.7142857142858,2440.0,16.20588168423189,708760.0998800993
121.42857142857143,905.7142857142858,2605.714285714286,16.205593508494058,715499.3899514675
121.42857142857143,905.7142857142858,2771.4285714285716,16.205327915680414,721495.1412197629
121.42857142857143,905.7142857142858,2937.1428571428573,16.20508255873674,726857.2013966335
121.42857142857143,905.7142857142858,3102.857142857143,16.204855366646484,731675.7362437494
121.42857142857143,905.7142857142858,3268.571428571429,16.204644514187663,736025.2791922356
121.42857142857143,905.7142857142858,3434.2857142857147,16.20444839271066,739967.8581220654
121.42857142857143,905.7142857142858,3600.0,16.204265583208453,743555.4258418945
121.42857142857143,952.8571428571429,120.0,16.213182732569475,432956.3126255055
121.42857142857143,952.8571428571429,285.7142857142857,16.212697887559784,429130.7937993319
121.42857142857143,952.8571428571429,451.42857142857144,16.212060508962395,477125.5733699548
121.42857142857143,952.8571428571429,617.1428571428571,16.211365637563066,522399.7065945673
121.42857142857143,952.8571428571429,782.8571428571429,16.2106681606297,560904.5076748308
121.42857142857143,952.8571428571429,948.5714285714287,16.209998066602804,593019.337788752
121.42857142857143,952.8571428571429,1114.2857142857142,16.209370026379865,619759.2131728316
121.42857142857143,952.8571428571429,1280.0,16.20878958605024,642123.0483760996
121.42857142857143,952.8571428571429,1445.7142857142858,16.208257197082045,660956.3590889361
121.42857142857143,952.8571428571429,1611.4285714285716,16.207770677329847,676940.3392586163
121.42857142857143,952.8571428571429,1777.1428571428573,16.20732663659278,690614.075775819
121.42857142857143,952.8571428571429,1942.857142857143,16.20692126821087,702402.2046113982
121.42857142857143,952.8571428571429,2108.5714285714284,16.2065507693292,712639.7562488507
121.42857142857143,952.8571428571429,2274.285714285714,16.206211549672904,721592.3394637308
121.42857142857143,952.8571428571429,2440.0,16.20590032259433,729471.8804979315
121.42857142857143,952.8571428571429,2605.714285714286,16.205614132300695,736448.6868769379
121.42857142857143,952.8571428571429,2771.4285714285716,16.20535034785642,742660.6395185855
121.42857142857143,952.8571428571429,2937.1428571428573,16.205106641114924,748220.1966799691
121.42857142857143,952.8571428571429,3102.857142857143,16.20488095804559,753219.7480086879
121.42857142857143,952.8571428571429,3268.571428571429,16.204671488545394,757735.7281760476
121.42857142857143,952.8571428571429,3434.2857142857147,16.204476637348474,761831.7967267311
121.42857142857143,952.8571428571429,3600.0,16.204294997259915,765561.31235226
121.42857142857143,1000.0,120.0,16.21317124724674,450436.9070420239
121.42857142857143,1000.0,285.7142857142857,16.21268102944502,443583.35665498814
121.42857142857143,1000.0,451.42857142857144,16.212042577329285,491809.7410221392
121.42857142857143,1000.0,617.1428571428571,16.21134925921044,537768.6491073036
121.42857142857143,1000.0,782.8571428571429,16.21065475502395,577011.382757501
121.42857142857143,1000.0,948.5714285714287,16.209988283154846,609821.4222538944
121.42857142857143,1000.0,1114.2857142857142,16.20936405758443,637189.953710229
121.42857142857143,1000.0,1280.0,16.20878737068619,660114.0576595828
121.42857142857143,1000.0,1445.7142857142858,16.208258543828624,679444.5261978322
121.42857142857143,1000.0,1611.4285714285716,16.207775336702255,695869.7546952002
121.42857142857143,1000.0,1777.1428571428573,16.20733434128929,709936.048913438
121.42857142857143,1000.0,1942.857142857143,16.206931754804557,722074.6104270559
121.42857142857143,1000.0,2108.5714285714284,16.206563789184422,732626.2015942822
121.42857142857143,1000.0,2274.285714285714,16.2062268737564,741861.3422580141
121.42857142857143,1000.0,2440.0,16.205917742907005,749996.1318151156
121.42857142857143,1000.0,2605.714285714286,16.20563346150601,757204.414031003
121.42857142857143,1000.0,2771.4285714285716,16.205371418007893,763627.067100674
121.42857142857143,1000.0,2937.1428571428573,16.205129301992848,769379.0947906871
121.42857142857143,1000.0,3102.857142857143,16.20490507538529,774555.0550499264
121.42857142857143,1000.0,3268.571428571429,16.204696942307322,779233.2361083076
121.42857142857143,1000.0,3434.2857142857147,16.204503320104866,783478.888119419
121.42857142857143,1000.0,3600.0,16.20432281272966,787346.7401736382
157.14285714285714,10.0,120.0,16.213413940826168,142144.70007029173
157.14285714285714,10.0,285.7142857142857,16.213338067845918,129302.24935554525
157.14285714285714,10.0,451.42857142857144,16.213191729516698,124965.95644690002
157.14285714285714,10.0,617.1428571428571,16.213010551066276,121324.74508683481
157.14285714285714,10.0,782.8571428571429,16.212822307060744,117589.90978241667
157.14285714285714,10.0,948.5714285714287,16.212644879064253,113667.34724813457
157.14285714285714,10.0,1114.2857142857142,16.212486524278813,109729.51552403973
157.14285714285714,10.0,1280.0,16.212349234490986,105941.99111150125
157.14285714285714,10.0,1445.7142857142858,16.212231850803455,102403.73929457818
157.14285714285714,10.0,1611.4285714285716,16.212131989980925,99156.90876670934
157.14285714285714,10.0,1777.1428571428573,16.21204702462341,96207.60059364451
157.14285714285714,10.0,1942.857142857143,16.211974509876303,93542.30247067184
157.14285714285714,10.0,2108.5714285714284,16.211912330019103,91138.36574386308
157.14285714285714,10.0,2274.285714285714,16.21185871747175,88970.0299047206
157.14285714285714,10.0,2440.0,16.211812220723154,87011.63082688182
157.14285714285714,10.0,2605.714285714286,16.21177165679671,85239.16088031349
157.14285714285714,10.0,2771.4285714285716,16.211736063541846,83630.91125790583
157.14285714285714,10.0,2937.1428571428573,16.21170465746504,82167.62590293186
157.14285714285714,10.0,3102.857142857143,16.21167679854124,80832.41059436688
157.14285714285714,10.0,3268.571428571429,16.211651961690134,79610.53158213271
157.14285714285714,10.0,3434.2857142857147,16.211629713995364,78489.17576764426
157.14285714285714,10.0,3600.0,16.211609696636575,77457.20940973765
157.14285714285714,57.142857142857146,120.0,16.213399494033208,130417.05638076624
157.14285714285714,57.142857142857146,285.7142857142857,16.213211718103196,147215.20781866193
157.14285714285714,57.142857142857146,451.42857142857144,16.212832698354987,165065.25866527014
157.14285714285714,57.142857142857146,617.1428571428571,16.21234559090047,176872.6184621103
157.14285714285714,57.142857142857146,782.8571428571429,16.211819547162786,184607.24890802221
157.14285714285714,57.142857142857146,948.5714285714287,16.211299719119605,189518.59365582516
157.14285714285714,57.142857142857146,1114.2857142857142,16.21081062539435,192487.44057850842
157.14285714285714,57.142857142857146,1280.0,16.21036287735262,194137.26947925816
157.14285714285714,57.142857142857146,1445.7142857142858,16.209959030433065,194900.5511325916
157.14285714285714,57.142857142857146,1611.4285714285716,16.209597482829654,195073.09839388277
157.14285714285714,57.142857142857146,1777.1428571428573,16.20927476367129,194855.96660604866
157.14285714285714,57.142857142857146,1942.857142857143,16.208986774656225,194385.59732658562
157.14285714285714,57.142857142857146,2108.5714285714284,16.20872941873916,193754.65813234745
157.14285714285714,57.142857142857146,2274.285714285714,16.208498890095434,193026.17196167243
157.14285714285714,57.142857142857146,2440.0,16.208291784800416,192243.0251035468
157.14285714285714,57.142857142857146,2605.714285714286,16.208105120880784,191434.36157003307
157.14285714285714,57.142857142857146,2771.4285714285716,16.207936315608578,190619.89784945705
157.14285714285714,57.142857142857146,2937.1428571428573,16.207783145209078,189812.85036968443
157.14285714285714,57.142857142857146,3102.857142857143,16.20764369978128,189021.93469045268
157.14285714285714,57.142857142857146,3268.571428571429,16.207516339594683,188252.74015355037
157.14285714285714,57.142857142857146,3434.2857142857147,16.20739965543237,187508.68147786212
157.14285714285714,57.142857142857146,3600.0,16.207292433857518,186791.66165544523
157.14285714285714,104.28571428571429,120.0,16.213385056695582,146377.4453110621
157.14285714285714,104.28571428571429,285.7142857142857,16.2131307587573,170999.83105949132
157.14285714285714,104.28571428571429,451.42857142857144,16.21264342531573,197370.322400301
157.14285714285714,104.28571428571429,617.1428571428571,16.21202763627255,216257.86544780972
157.14285714285714,104.28571428571429,782.8571428571429,16.211365592497515,229771.95315312716
157.14285714285714,104.28571428571429,948.5714285714287,16.210709618646543,239434.2710565508
157.14285714285714,104.28571428571429,1114.2857142857142,16.210088310137827,246333.06674312384
157.14285714285714,104.28571428571429,1280.0,16.20951457259499,251251.34800153438
157.14285714285714,104.28571428571429,1445.7142857142858,16.208992135635857,254747.79643934654
157.14285714285714,104.28571428571429,1611.4285714285716,16.20851985075436,257219.07089517015
157.14285714285714,104.28571428571429,1777.1428571428573,16.208094245673887,258946.91531049446
157.14285714285714,104.28571428571429,1942.857142857143,16.207710947216732,260132.30589714623
157.14285714285714,104.28571428571429,2108.5714285714284,16.20736543145696,260919.54404983096
157.14285714285714,104.28571428571429,2274.285714285714,16.20705339283048,261413.03614518963
157.14285714285714,104.28571428571429,2440.0,16.20677090467685,261688.93577759515
157.14285714285714,104.28571428571429,2605.714285714286,16.206514469434158,261803.23609998336
157.14285714285714,104.28571428571429,2771.4285714285716,16.206281013130887,261797.42368856954
157.14285714285714,104.28571428571429,2937.1428571428573,16.20606785399389,261702.45667494324
157.14285714285714,104.28571428571429,3102.857142857143,16.20587266108272,261541.586507457
157.14285714285714,104.28571428571429,3268.571428571429,16.205693411157302,261332.3766522362
157.14285714285714,104.28571428571429,3434.2857142857147,16.205528347767817,261088.1593438338
157.14285714285714,104.28571428571429,3600.0,16.20537594428237,260819.09585065374
157.14285714285714,151.42857142857144,120.0,16.21337057397667,164901.29966136965
157.14285714285714,151.42857142857144,285.7142857142857,16.21307060221217,192216.6241172839
157.14285714285714,151.42857142857144,451.42857142857144,16.21252353303836,223695.63016825658
157.14285714285714,151.42857142857144,617.1428571428571,16.211844442775487,247246.7687255965
157.14285714285714,151.42857142857144,782.8571428571429,16.211119376045236,264748.2555601102
157.14285714285714,151.42857142857144,948.5714285714287,16.210401967304115,277790.8513513551
157.14285714285714,151.42857142857144,1114.2857142857142,16.209721401633264,287555.6153482303
157.14285714285714,151.42857142857144,1280.0,16.209090956183715,294910.3830287567
157.14285714285714,151.42857142857144,1445.7142857142858,16.208514607263712,300486.56750232726
157.14285714285714,151.42857142857144,1611.4285714285716,16.20799134200247,304741.6555207398
157.14285714285714,151.42857142857144,1777.1428571428573,16.20751772573326,308007.58525646565
157.14285714285714,151.42857142857144,1942.857142857143,16.207089344863615,310526.45356923685
157.14285714285714,151.42857142857144,2108.5714285714284,16.206701578878146,312476.1442774102
157.14285714285714,151.42857142857144,2274.285714285714,16.20634998899966,313988.48255685775
157.14285714285714,151.42857142857144,2440.0,16.206030494311445,315162.0463288535
157.14285714285714,151.42857142857144,2605.714285714286,16.205739433460405,316071.22365849407
157.14285714285714,151.42857142857144,2771.4285714285716,16.20547356717147,316772.6492267834
157.14285714285714,151.42857142857144,2937.1428571428573,16.205230052158505,317309.8107310363
157.14285714285714,151.42857142857144,3102.857142857143,16.205006403056522,317716.37240665517
157.14285714285714,151.42857142857144,3268.571428571429,16.204800451166623,318018.5936912302
157.14285714285714,151.42857142857144,3434.2857142857147,16.204610304448767,318237.104890451
157.14285714285714,151.42857142857144,3600.0,16.20443431080414,318388.22219324915
157.14285714285714,198.57142857142858,120.0,16.21335605015067,184135.24918594433
157.14285714285714,198.57142857142858,285.7142857142857,16.213021947622074,211908.7605129631
157.14285714285714,198.57142857142858,451.42857142857144,16.212438311050974,246884.22021829992
157.14285714285714,198.57142857142858,617.1428571428571,16.21172526037349,273879.4218682567
157.14285714285714,198.57142857142858,782.8571428571429,16.21096906172565,294421.99254169967
157.14285714285714,198.57142857142858,948.5714285714287,16.21022258265754,310094.0327383756
157.14285714285714,198.57142857142858,1114.2857142857142,16.20951440141351,322121.51529790804
157.14285714285714,198.57142857142858,1280.0,16.20885749284042,331424.2610933861
157.14285714285714,198.57142857142858,1445.7142857142858,16.208255732240357,338682.1546677559
157.14285714285714,198.57142857142858,1611.4285714285716,16.207708100200147,344394.9371264824
157.14285714285714,198.57142857142858,1777.1428571428573,16.20721118444681,348930.2993561167
157.14285714285714,198.57142857142858,1942.857142857143,16.20676059094363,352560.1497264526
157.14285714285714,198.57142857142858,2108.5714285714284,16.206351704013276,355487.0595143308
157.14285714285714,198.57142857142858,2274.285714285714,16.20598007304586,357863.24969924917
157.14285714285714,198.57142857142858,2440.0,16.205641590869625,359804.1550137739
157.14285714285714,198.57142857142858,2605.714285714286,16.205332558995384,361398.12505439314
157.14285714285714,198.57142857142858,2771.4285714285716,16.205049693644114,362713.3953002307
157.14285714285714,198.57142857142858,2937.1428571428573,16.204790102637272,363803.1302739515
157.14285714285714,198.57142857142858,3102.857142857143,16.2045512496552,364709.10084888083
157.14285714285714,198.57142857142858,3268.571428571429,16.204330914700122,365464.3883247877
157.14285714285714,198.57142857142858,3434.2857142857147,16.20412715530059,366095.390084928
157.14285714285714,198.57142857142858,3600.0,16.203938270608766,366623.3200880999
157.14285714285714,245.71428571428572,120.0,16.213341496802947,203677.07003765178
157.14285714285714,245.71428571428572,285.7142857142857,16.212980397291975,230680.26050704464
157.14285714285714,245.71428571428572,451.42857142857144,16.212372679266455,268226.0495135126
157.14285714285714,245.71428571428572,617.1428571428571,16.21164054787919,297936.71707273414
157.14285714285714,245.71428571428572,782.8571428571429,16.210868932373064,320938.99867710046
157.14285714285714,245.71428571428572,948.5714285714287,16.210109151912,338768.64022028266
157.14285714285714,245.71428571428572,1114.2857142857142,16.20938874876468,352671.80364427116
157.14285714285714,245.71428571428572,1280.0,16.208720147980323,363602.70586381876
157.14285714285714,245.71428571428572,1445.7142857142858,16.208106986703367,372276.3912559778
157.14285714285714,245.71428571428572,1611.4285714285716,16.207548174542058,379224.4763515667
157.14285714285714,245.71428571428572,1777.1428571428573,16.207040305528206,384842.2081478388
157.14285714285714,245.71428571428572,1942.857142857143,16.2065790203022,389424.79461631214
157.14285714285714,245.71428571428572,2108.5714285714284,16.206159742233357,393194.30117735994
157.14285714285714,245.71428571428572,2274.285714285714,16.205778053782854,396319.1882440299
157.14285714285714,245.71428571428572,2440.0,16.205429871482412,398928.4080767595
157.14285714285714,245.71428571428572,2605.714285714286,16.205111511052614,401121.57748551527
157.14285714285714,245.71428571428572,2771.4285714285716,16.204819694651828,402976.34870424506
157.14285714285714,245.71428571428572,2937.1428571428573,16.204551529389047,404553.7839697978
157.14285714285714,245.71428571428572,3102.857142857143,16.204304473173206,405902.3041961661
157.14285714285714,245.71428571428572,3268.571428571429,16.204076296562448,407060.6138866228
157.14285714285714,245.71428571428572,3434.2857142857147,16.203865045103605,408059.8860651586
157.14285714285714,245.71428571428572,3600.0,16.203669004323203,408925.408286965
157.14285714285714,292.8571428571429,120.0,16.213326936095903,223390.44583760356
157.14285714285714,292.8571428571429,285.7142857142857,16.212943619901786,248857.69002251892
157.14285714285714,292.8571428571429,451.42857142857144,16.212319153018996,288381.5258913662
157.14285714285714,292.8571428571429,617.1428571428571,16.21157612915291,320329.3879190662
157.14285714285714,292.8571428571429,782.8571428571429,16.21079746176949,345402.338983915
157.14285714285714,292.8571428571429,948.5714285714287,16.21003265303888,365068.85392728227
157.14285714285714,292.8571428571429,1114.2857142857142,16.20930807709281,380580.873789308
157.14285714285714,292.8571428571429,1280.0,16.20863552887662,392916.4567446354
157.14285714285714,292.8571428571429,1445.7142857142858,16.208018356511808,402817.66043593053
157.14285714285714,292.8571428571429,1611.4285714285716,16.207455369823972,410841.52967874636
157.14285714285714,292.8571428571429,1777.1428571428573,16.206943157625194,417405.7120558224
157.14285714285714,292.8571428571429,1942.857142857143,16.20647739663531,422824.57302879146
157.14285714285714,292.8571428571429,2108.5714285714284,16.206053559728044,427336.33393734845
157.14285714285714,292.8571428571429,2274.285714285714,16.20566727877678,431122.99605313677
157.14285714285714,292.8571428571429,2440.0,16.205314513816663,434324.84005274175
157.14285714285714,292.8571428571429,2605.714285714286,16.20499161628098,437050.9670474964
157.14285714285714,292.8571428571429,2771.4285714285716,16.20469533625585,439386.98755993624
157.14285714285714,292.8571428571429,2937.1428571428573,16.20442280181053,441400.6628974676
157.14285714285714,292.8571428571429,3102.857142857143,16.204171485930747,443146.07413149317
157.14285714285714,292.8571428571429,3268.571428571429,16.203939169457694,444666.72746451455
157.14285714285714,292.8571428571429,3434.2857142857147,16.20372390441014,445997.88643987593
157.14285714285714,292.8571428571429,3600.0,16.203523979813102,447168.33804864594
157.14285714285714,340.0,120.0,16.213312394983053,243211.96722396862
157.14285714285714,340.0,285.7142857142857,16.212910267951784,266627.7706581837
157.14285714285714,340.0,451.42857142857144,16.212273645172804,307723.19169106794
157.14285714285714,340.0,617.1428571428571,16.211524501432766,341573.86968844855
157.14285714285714,340.0,782.8571428571429,16.210743464540116,368441.6301413856
157.14285714285714,340.0,948.5714285714287,16.209978170824815,389714.9612785741
157.14285714285714,340.0,1114.2857142857142,16.209253817857814,406642.46124470624
157.14285714285714,340.0,1280.0,16.208581560815308,420219.1851161703
157.14285714285714,340.0,1445.7142857142858,16.207964446051573,431208.83366258815
157.14285714285714,340.0,1611.4285714285716,16.20740117209689,440189.5770730212
157.14285714285714,340.0,1777.1428571428573,16.206888314991325,447597.98720986384
157.14285714285714,340.0,1942.857142857143,16.206421584645064,453764.7687086217
157.14285714285714,340.0,2108.5714285714284,16.205996504748903,458942.0085766585
157.14285714285714,340.0,2274.285714285714,16.205608761194004,463323.38306943595
157.14285714285714,340.0,2440.0,16.205254364458746,467058.97641420097
157.14285714285714,340.0,2605.714285714286,16.20492971012842,470266.12326012005
157.14285714285714,340.0,2771.4285714285716,16.20463158549618,473037.3622500499
157.14285714285714,340.0,2937.1428571428573,16.204357149220815,475446.30151424627
157.14285714285714,340.0,3102.857142857143,16.20410389899732,477551.9739599134
157.14285714285714,340.0,3268.571428571429,16.203869635350983,479402.09600706963
157.14285714285714,340.0,3434.2857142857147,16.20365242579161,481035.52546382556
157.14285714285714,340.0,3600.0,16.20345057139047,482484.1304435653
157.14285714285714,387.14285714285717,120.0,16.213297901109115,263103.92708507564
157.14285714285714,387.14285714285717,285.7142857142857,16.21287950782386,284103.4331890368
157.14285714285714,387.14285714285717,451.42857142857144,16.21223375552239,326477.0348135823
157.14285714285714,387.14285714285717,617.1428571428571,16.211481391502716,361985.7347254087
157.14285714285714,387.14285714285717,782.8571428571429,16.2107006883123,390444.15294498124
157.14285714285714,387.14285714285717,948.5714285714287,16.20993746444957,413152.531899853
157.14285714285714,387.14285714285717,1114.2857142857142,16.209215784872566,431349.99017752445
157.14285714285714,387.14285714285717,1280.0,16.208546185804966,446043.87934247253
157.14285714285714,387.14285714285717,1445.7142857142858,16.20793141650103,458015.8032942604
157.14285714285714,387.14285714285717,1611.4285714285716,16.20737006140452,467862.0292923288
157.14285714285714,387.14285714285717,1777.1428571428573,16.206858679051066,476035.5859472401
157.14285714285714,387.14285714285717,1942.857142857143,16.20639300855759,482881.50170313136
157.14285714285714,387.14285714285717,2108.5714285714284,16.205968622174993,488664.08046066336
157.14285714285714,387.14285714285717,2274.285714285714,16.205581259394123,493587.3218049683
157.14285714285714,387.14285714285717,2440.0,16.2052269823025,497810.0023872199
157.14285714285714,387.14285714285717,2605.714285714286,16.204902233022246,501456.773897977
157.14285714285714,387.14285714285717,2771.4285714285716,16.20460383929996,504626.34420690336
157.14285714285714,387.14285714285717,2937.1428571428573,16.204328994188092,507397.5372196295
157.14285714285714,387.14285714285717,3102.857142857143,16.20407522421285,509833.8106119922
157.14285714285714,387.14285714285717,3268.571428571429,16.20384035384317,511986.6488007689
157.14285714285714,387.14285714285717,3434.2857142857147,16.20362247034686,513898.13112937624
157.14285714285714,387.14285714285717,3600.0,16.203419891025113,515602.89124826784
157.14285714285714,434.28571428571433,120.0,16.213283480593212,283039.71270153986
157.14285714285714,434.28571428571433,285.7142857142857,16.212850794531047,301356.2359556017
157.14285714285714,434.28571428571433,451.42857142857144,16.212197990607912,344788.0132098616
157.14285714285714,434.28571428571433,617.1428571428571,16.21144422132053,381769.07091142517
157.14285714285714,434.28571428571433,782.8571428571429,16.21066543462115,411661.9651460658
157.14285714285714,434.28571428571433,948.5714285714287,16.209905720566287,435673.05899478786
157.14285714285714,434.28571428571433,1114.2857142857142,16.20918807624821,455027.66666804743
157.14285714285714,434.28571428571433,1280.0,16.20852245228973,470742.06175064883
157.14285714285714,434.28571428571433,1445.7142857142858,16.207911313357528,483613.0330914641
157.14285714285714,434.28571428571433,1611.4285714285716,16.207353131483735,494252.7241459934
157.14285714285714,434.28571428571433,1777.1428571428573,16.206844444872935,503128.7975421495
157.14285714285714,434.28571428571433,1942.857142857143,16.20638101789327,510599.10759019974
157.14285714285714,434.28571428571433,2108.5714285714284,16.20595846782411,516938.94282748335
157.14285714285714,434.28571428571433,2274.285714285714,16.205572585218626,522361.6108280479
157.14285714285714,434.28571428571433,2440.0,16.20521948232054,527033.7420298253
157.14285714285714,434.28571428571433,2605.714285714286,16.204895647303054,531086.6103119235
157.14285714285714,434.28571428571433,2771.4285714285716,16.20459794866154,534624.5149409869
157.14285714285714,434.28571428571433,2937.1428571428573,16.204323614727993,537731.0131440137
157.14285714285714,434.28571428571433,3102.857142857143,16.204070202167962,540473.5828258418
157.14285714285714,434.28571428571433,3268.571428571429,16.203835560986484,542907.1357027486
157.14285714285714,434.28571428571433,3434.2857142857147,16.20361779997803,545076.6844519608
157.14285714285714,434.28571428571433,3600.0,16.20341525453664,547019.3833911225
157.14285714285714,481.42857142857144,120.0,16.213269156996827,302998.4635817715
157.14285714285714,481.42857142857144,285.7142857142857,16.21282375495016,318433.26211451605
157.14285714285714,481.42857142857144,451.42857142857144,16.212165375881785,362753.3114862362
157.14285714285714,481.42857142857144,617.1428571428571,16.211411361015685,401061.89933459094
157.14285714285714,481.42857142857144,782.8571428571429,16.210635414036396,432266.5636254851
157.14285714285714,481.42857142857144,948.5714285714287,16.20988000113067,457475.80668543925
157.14285714285714,481.42857142857144,1114.2857142857142,16.209167122528058,477897.9783481654
157.14285714285714,481.42857142857144,1280.0,16.208506180769508,494555.7649598042
157.14285714285714,481.42857142857144,1445.7142857142858,16.207899371661064,508259.0963414476
157.14285714285714,481.42857142857144,1611.4285714285716,16.207345058751176,519634.30879160285
157.14285714285714,481.42857142857144,1777.1428571428573,16.20683975835773,529162.3087761842
157.14285714285714,481.42857142857144,1942.857142857143,16.206379256542657,537212.6280284607
157.14285714285714,481.42857142857144,2108.5714285714284,16.205959211787384,544070.5906108163
157.14285714285714,481.42857142857144,2274.285714285714,16.205575462371954,549958.0267539046
157.14285714285714,481.42857142857144,2440.0,16.205224168108508,555048.7694839224
157.14285714285714,481.42857142857144,2605.714285714286,16.204901861397214,559480.1733293297
157.14285714285714,481.42857142857144,2771.4285714285716,16.20460545033512,563361.6770435052
157.14285714285714,481.42857142857144,2937.1428571428573,16.20433219794419,566781.1925996973
157.14285714285714,481.42857142857144,3102.857142857143,16.204079690877748,569809.8996842026
157.14285714285714,481.42857142857144,3268.571428571429,16.203845804857085,572505.8683024991
157.14285714285714,481.42857142857144,3434.2857142857147,16.203628670626742,574916.8162383628
157.14285714285714,481.42857142857144,3600.0,16.203426642269118,577082.2240171072
157.14285714285714,528.5714285714286,120.0,16.21325495095917,322962.8247603194
157.14285714285714,528.5714285714286,285.7142857142857,16.21279812334192,335366.45014623523
157.14285714285714,528.5714285714286,451.42857142857144,16.21213524930731,380440.46730783075
157.14285714285714,528.5714285714286,617.1428571428571,16.211381738984826,419961.0062629775
157.14285714285714,528.5714285714286,782.8571428571429,16.210609155192138,452378.9067395637
157.14285714285714,528.5714285714286,948.5714285714287,16.209858447380366,478701.9277835564
157.14285714285714,528.5714285714286,1114.2857142857142,16.209150689407302,500119.0802040378
157.14285714285714,528.5714285714286,1280.0,16.20849477345936,517657.5437426172
157.14285714285714,528.5714285714286,1445.7142857142858,16.207892643125252,532138.8090136375
157.14285714285714,528.5714285714286,1611.4285714285716,16.207342558461946,544202.0943362316
157.14285714285714,528.5714285714286,1777.1428571428573,16.206841013189372,554340.4615598243
157.14285714285714,528.5714285714286,1942.857142857143,16.206383811990346,562934.2166165991
157.14285714285714,528.5714285714286,2108.5714285714284,16.205966650843514,570277.9697227087
157.14285714285714,528.5714285714286,2274.285714285714,16.205585412236843,576601.4515183059
157.14285714285714,528.5714285714286,2440.0,16.205236300549558,582085.1799675445
157.14285714285714,528.5714285714286,2605.714285714286,16.204915890011655,586872.1584528144
157.14285714285714,528.5714285714286,2771.4285714285716,16.204621126501344,591076.6038432544
157.14285714285714,528.5714285714286,2937.1428571428573,16.204349306412873,594790.4792983044
157.14285714285714,528.5714285714286,3102.857142857143,16.20409804548637,598088.4102693097
157.14285714285714,528.5714285714286,3268.571428571429,16.203865244592823,601031.4082368998
157.14285714285714,528.5714285714286,3434.2857142857147,16.203649056122178,603669.7117044914
157.14285714285714,528.5714285714286,3600.0,16.203447852741743,606044.9699361894
157.14285714285714,575.7142857142858,120.0,16.213240880189158,342917.86873267917
157.14285714285714,575.7142857142858,285.7142857142857,16.212773703844448,352178.00981017284
157.14285714285714,575.7142857142858,451.42857142857144,16.21210714524327,397897.83422643406
157.14285714285714,575.7142857142858,617.1428571428571,16.211354626584527,438536.3337630991
157.14285714285714,575.7142857142858,782.8571428571429,16.21058568200565,472086.8911089508
157.14285714285714,575.7142857142858,948.5714285714287,16.2098398478992,499454.4061932196
157.14285714285714,575.7142857142858,1114.2857142857142,16.209137338674584,521806.72744415206
157.14285714285714,575.7142857142858,1280.0,16.208486572264448,540174.0259180785
157.14285714285714,575.7142857142858,1445.7142857142858,16.207889256457822,555388.1032141004
157.14285714285714,575.7142857142858,1611.4285714285716,16.207343553225577,568100.015824383
157.14285714285714,575.7142857142858,1777.1428571428573,16.206845933537927,578814.1099308174
157.14285714285714,575.7142857142858,1942.857142857143,16.20639221809121,587920.7400026565
157.14285714285714,575.7142857142858,2108.5714285714284,16.20597813694263,595723.198334583
157.14285714285714,575.7142857142858,2274.285714285714,16.205599613369163,602458.6128752567
157.14285714285714,575.7142857142858,2440.0,16.20525289325608,608313.7668454613
157.14285714285714,575.7142857142858,2605.714285714286,16.20493459008292,613436.9615096621
157.14285714285714,575.7142857142858,2771.4285714285716,16.204641685416927,617946.8974139069
157.14285714285714,575.7142857142858,2937.1428571428573,16.204371507376724,621939.3410014034
157.14285714285714,575.7142857142858,3102.857142857143,16.204121699523174,625492.1539558432
157.14285714285714,575.7142857142858,3268.571428571429,16.203890186928092,628669.1114141819
157.14285714285714,575.7142857142858,3434.2857142857147,16.20367514293572,631522.821072875
157.14285714285714,575.7142857142858,3600.0,16.20347495831342,634096.9712804476
157.14285714285714,622.8571428571429,120.0,16.21322695963679,362850.5068538133
157.14285714285714,622.8571428571429,285.7142857142857,16.21275034768459,368883.70194108575
157.14285714285714,622.8571428571429,451.42857142857144,16.212080726031903,415160.9120446799
157.14285714285714,622.8571428571429,617.1428571428571,16.211329513563165,456839.72504831257
157.14285714285714,622.8571428571429,782.8571428571429,16.210564328975707,491456.0185456243
157.14285714285714,622.8571428571429,948.5714285714287,16.20982339311717,519810.27516418765
157.14285714285714,622.8571428571429,1114.2857142857142,16.209126123070277,543047.7582686833
157.14285714285714,622.8571428571429,1280.0,16.208480496206764,562200.432791573
157.14285714285714,622.8571428571429,1445.7142857142858,16.207888000158857,578109.4039237244
157.14285714285714,622.8571428571429,1611.4285714285716,16.207346704271437,591436.7193258074
157.14285714285714,622.8571428571429,1777.1428571428573,16.206853056981686,602697.2994695596
157.14285714285714,622.8571428571429,1942.857142857143,16.206402892803823,612290.9537462333
157.14285714285714,622.8571428571429,2108.5714285714284,16.20599197279123,620529.1609252493
157.14285714285714,622.8571428571429,2274.285714285714,16.205616257814064,627656.0324390596
157.14285714285714,622.8571428571429,2440.0,16.205272032313395,633864.2707491535
157.14285714285714,622.8571428571429,2605.714285714286,16.204955946453072,639307.1850071998
157.14285714285714,622.8571428571429,2771.4285714285716,16.20466501533735,644107.7156563274
157.14285714285714,622.8571428571429,2937.1428571428573,16.204396597046156,648365.2267770388
157.14285714285714,622.8571428571429,3102.857142857143,16.20414836154143,652160.6421488195
157.14285714285714,622.8571428571429,3268.571428571429,16.203918256968493,655560.3525253633
157.14285714285714,622.8571428571429,3434.2857142857147,16.20370447674188,658619.2084334996
157.14285714285714,622.8571428571429,3600.0,16.203505429044426,661382.8290089815
157.14285714285714,670.0,120.0,16.213213201744544,382749.1268594859
157.14285714285714,670.0,285.7142857142857,16.21272793880736,385494.89744756074
157.14285714285714,670.0,451.42857142857144,16.21205574008241,432256.33057376277
157.14285714285714,670.0,617.1428571428571,16.211306033100488,474910.4536751808
157.14285714285714,670.0,782.8571428571429,16.210544631279696,510536.16817080806
157.14285714285714,670.0,948.5714285714287,16.20980853025635,539828.4018117535
157.14285714285714,670.0,1114.2857142857142,16.209116406774193,563908.7103770096
157.14285714285714,670.0,1280.0,16.20847582867674,583809.8838118472
157.14285714285714,670.0,1445.7142857142858,16.207888078068613,600381.5060023057
157.14285714285714,670.0,1611.4285714285716,16.20735113698866,614295.91750481
157.14285714285714,670.0,1777.1428571428573,16.2068614317973,626078.0251307993
157.14285714285714,670.0,1942.857142857143,16.206414808982156,636136.6000528843
157.14285714285714,670.0,2108.5714285714284,16.206007057845085,644790.8947171223
157.14285714285714,670.0,2274.285714285714,16.205634173920817,652291.6585799521
157.14285714285714,670.0,2440.0,16.205292477443415,658837.2239065879
157.14285714285714,670.0,2605.714285714286,16.20497865280867,664585.6647086224
157.14285714285714,670.0,2771.4285714285716,16.204689746556046,669663.9566738772
157.14285714285714,670.0,2937.1428571428573,16.204423144964526,674174.888597168
157.14285714285714,670.0,3102.857142857143,16.20417654294109,678202.2996982465
157.14285714285714,670.0,3268.571428571429,16.203947910513936,681815.0714848926
157.14285714285714,670.0,3434.2857142857147,16.203735460201933,685070.1905829881
157.14285714285714,670.0,3600.0,16.203537616824846,688015.1153180577
157.14285714285714,717.1428571428572,120.0,16.213199616724726,402603.3457358125
157.14285714285714,717.1428571428572,285.7142857142857,16.212706384517297,402019.9103624999
157.14285714285714,717.1428571428572,451.42857142857144,16.212031995307306,449204.44177784363
157.14285714285714,717.1428571428572,617.1428571428571,16.211283915153583,492778.8385801726
157.14285714285714,717.1428571428572,782.8571428571429,16.21052625716232,529366.0416838258
157.14285714285714,717.1428571428572,948.5714285714287,16.209794874756604,559554.6138321278
157.14285714285714,717.1428571428572,1114.2857142857142,16.20910775630212,584441.5116182193
157.14285714285714,717.1428571428572,1280.0,16.208472088498052,605059.5567999218
157.14285714285714,717.1428571428572,1445.7142857142858,16.207888961461617,622266.1275624561
157.14285714285714,717.1428571428572,1611.4285714285716,16.20735627500384,636743.2738898282
157.14285714285714,717.1428571428572,1777.1428571428573,16.2068704340166,649025.3954892384
157.14285714285714,717.1428571428572,1942.857142857143,16.206427295410894,659529.8101641295
157.14285714285714,717.1428571428572,2108.5714285714284,16.206022674300588,668583.195689514
157.14285714285714,717.1428571428572,2274.285714285714,16.2056525982291,676442.6474368431
157.14285714285714,717.1428571428572,2440.0,16.20531342067613,683311.8823034941
157.14285714285714,717.1428571428572,2605.714285714286,16.205001857974125,689353.5329694563
157.14285714285714,717.1428571428572,2771.4285714285716,16.20471498610103,694698.4364740947
157.14285714285714,717.1428571428572,2937.1428571428573,16.204450217834587,699452.659186933
157.14285714285714,717.1428571428572,3102.857142857143,16.204205271598507,703702.8308126427
157.14285714285714,717.1428571428572,3268.571428571429,16.20397813811474,707520.2170906301
157.14285714285714,717.1428571428572,3434.2857142857147,16.203767048022534,710963.8495807179
157.14285714285714,717.1428571428572,3600.0,16.203570441967802,714082.9474685049
157.14285714285714,764.2857142857143,120.0,16.213186212833715,422403.8276582251
157.14285714285714,764.2857142857143,285.7142857142857,16.21268560920899,418464.8841538363
157.14285714285714,764.2857142857143,451.42857142857144,16.212009341785173,466021.05557895085
157.14285714285714,764.2857142857143,617.1428571428571,16.21126295655818,510468.6767559251
157.14285714285714,764.2857142857143,782.8571428571429,16.210508965127577,547976.1661300759
157.14285714285714,764.2857142857143,948.5714285714287,16.209782154637633,579025.173310042
157.14285714285714,764.2857142857143,1114.2857142857142,16.209099872320433,604687.3459728978
157.14285714285714,764.2857142857143,1280.0,16.20846894960334,625994.8823760337
157.14285714285714,764.2857142857143,1445.7142857142858,16.207890297077114,643812.3809344125
157.14285714285714,764.2857142857143,1611.4285714285716,16.207361737113587,658831.1078890165
157.14285714285714,764.2857142857143,1777.1428571428573,16.206879653836573,671594.5368865874
157.14285714285714,764.2857142857143,1942.857142857143,16.20643991327533,682528.1788178732
157.14285714285714,764.2857142857143,2108.5714285714284,16.206038354199176,691965.8394648761
157.14285714285714,764.2857142857143,2274.285714285714,16.20567103376433,700170.7103365342
157.14285714285714,764.2857142857143,2440.0,16.20533433636737,707351.6829890981
157.14285714285714,764.2857142857143,2605.714285714286,16.205025008154628,713675.7719311796
157.14285714285714,764.2857142857143,2771.4285714285716,16.204740152675175,719277.5262199946
157.14285714285714,764.2857142857143,2937.1428571428573,16.204477207597417,724266.1632869913
157.14285714285714,764.2857142857143,3102.857142857143,16.204233913495095,728730.9957595167
157.14285714285714,764.2857142857143,3268.571428571429,16.20400828063206,732745.5818130032
157.14285714285714,764.2857142857143,3434.2857142857147,16.203798556802212,736370.9192975772
157.14285714285714,764.2857142857143,3600.0,16.20360319767063,739657.9206200198
157.14285714285714,811.4285714285714,120.0,16.213172996628725,442142.1423627774
157.14285714285714,811.4285714285714,285.7142857142857,16.212665550060187,434834.3948075534
157.14285714285714,811.4285714285714,451.42857142857144,16.211987660146825,482718.63164501934
157.14285714285714,811.4285714285714,617.1428571428571,16.211243001368782,527998.9218582989
157.14285714285714,811.4285714285714,782.8571428571429,16.21049257614521,566390.9734813878
157.14285714285714,811.4285714285714,948.5714285714287,16.209770174681562,598269.1895265741
157.14285714285714,811.4285714285714,1114.2857142857142,16.209092545995002,624679.3452627289
157.14285714285714,811.4285714285714,1280.0,16.20846618979361,646652.4704221231
157.14285714285714,811.4285714285714,1445.7142857142858,16.207891848575965,665059.8977452436
157.14285714285714,811.4285714285714,1611.4285714285716,16.20736727175694,680601.688775315
157.14285714285714,811.4285714285714,1777.1428571428573,16.20688882344398,693830.0318006184
157.14285714285714,811.4285714285714,1942.857142857143,16.20645237768277,705178.3266822433
157.14285714285714,811.4285714285714,2108.5714285714284,16.206053794988968,714987.2508988145
157.14285714285714,811.4285714285714,2274.285714285714,16.205689159975044,723525.8764053043
157.14285714285714,811.4285714285714,2440.0,16.205354885835078,731008.087837418
157.14285714285714,811.4285714285714,2605.714285714286,16.20504774657923,737605.1284124192
157.14285714285714,811.4285714285714,2771.4285714285716,16.204764871597195,743455.1297532364
157.14285714285714,811.4285714285714,2937.1428571428573,16.20450372194493,748670.3505666405
157.14285714285714,811.4285714285714,3102.857142857143,16.204262059057534,753342.6929674759
157.14285714285714,811.4285714285714,3268.571428571429,16.204037911644782,757547.927752044
157.14285714285714,811.4285714285714,3434.2857142857147,16.203829543727736,761348.9506191022
157.14285714285714,811.4285714285714,3600.0,16.203635425207935,764798.3082810554
157.14285714285714,858.5714285714287,120.0,16.213159973200774,461810.65086922137
157.14285714285714,858.5714285714287,285.7142857142857,16.212646154005476,451131.8696069166
157.14285714285714,858.5714285714287,451.42857142857144,16.21196685361267,499307.1158386144
157.14285714285714,858.5714285714287,617.1428571428571,16.211223927632666,545384.868306559
157.14285714285714,858.5714285714287,782.8571428571429,16.21047695520129,584630.272774804
157.14285714285714,858.5714285714287,948.5714285714287,16.20975879287447,617310.331688427
157.14285714285714,858.5714285714287,1114.2857142857142,16.209085630455668,644444.5041811264
157.14285714285714,858.5714285714287,1280.0,16.208463657374164,667062.1961392054
157.14285714285714,858.5714285714287,1445.7142857142858,16.20789345851574,686041.0602915533
157.14285714285714,858.5714285714287,1611.4285714285716,16.207372714515174,702089.5911497704
157.14285714285714,858.5714285714287,1777.1428571428573,16.206897770238395,715768.3808151521
157.14285714285714,858.5714285714287,1942.857142857143,16.206464506814417,727518.4542094503
157.14285714285714,858.5714285714287,2108.5714285714284,16.20606880481272,737687.1376072466
157.14285714285714,858.5714285714287,2274.285714285714,16.205706774361847,746549.1955277391
157.14285714285714,858.5714285714287,2440.0,16.205374855528436,754323.3473075241
157.14285714285714,858.5714285714287,2605.714285714286,16.205069848401518,761184.9311635407
157.14285714285714,858.5714285714287,2771.4285714285716,16.20478890661619,767275.5481265065
157.14285714285714,858.5714285714287,2937.1428571428573,16.20452951322069,772710.4021200682
157.14285714285714,858.5714285714287,3102.857142857143,16.20428944930708,777583.902922731
157.14285714285714,858.5714285714287,3268.571428571429,16.20406676099967,781973.9639970703
157.14285714285714,858.5714285714287,3434.2857142857147,16.203859727667577,785945.3188567873
157.14285714285714,858.5714285714287,3600.0,16.203666832701465,789552.0968030313
157.14285714285714,905.7142857142858,120.0,16.213147146381974,481402.4110097537
157.14285714285714,905.7142857142858,285.7142857142857,16.21262737556576,467359.88319299853
157.14285714285714,905.7142857142858,451.42857142857144,16.211946842417735,515794.53882123425
157.14285714285714,905.7142857142858,617.1428571428571,16.211205638308343,562639.0030457419
157.14285714285714,905.7142857142858,782.8571428571429,16.21046199880783,602710.3126968058
157.14285714285714,905.7142857142858,948.5714285714287,16.209747904614975,636168.0683931664
157.14285714285714,905.7142857142858,1114.2857142857142,16.209079021797944,664005.0690983441
157.14285714285714,905.7142857142858,1280.0,16.20846124904062,687248.7155946743
157.14285714285714,905.7142857142858,1445.7142857142858,16.207895023219102,706782.6251774558
157.14285714285714,905.7142857142858,1611.4285714285716,16.207377960070243,723323.4112177439
157.14285714285714,905.7142857142858,1777.1428571428573,16.206906385997407,737439.7986893364
157.14285714285714,905.7142857142858,1942.857142857143,16.206476188419998,749580.2067816808
157.14285714285714,905.7142857142858,2108.5714285714284,16.20608326645778,760098.4152125586
157.14285714285714,905.7142857142858,2274.285714285714,16.20572375400858,769274.7161417087
157.14285714285714,905.7142857142858,2440.0,16.205394116264152,777332.5244055764
157.14285714285714,905.7142857142858,2605.714285714286,16.205091177761297,784451.1555771695
157.14285714285714,905.7142857142858,2771.4285714285716,16.204812114914052,790775.5804400176
157.14285714285714,905.7142857142858,2937.1428571428573,16.204554431473106,796423.8634669128
157.14285714285714,905.7142857142858,3102.857142857143,16.204315927067853,801492.8499223553
157.14285714285714,905.7142857142858,3268.571428571429,16.20409466427302,806062.5341821046
157.14285714285714,905.7142857142858,3434.2857142857147,16.2038889369794,810199.434542606
157.14285714285714,905.7142857142858,3600.0,16.20369724136023,813959.2171781285
157.14285714285714,952.8571428571429,120.0,16.21313451892766,500911.0980415805
157.14285714285714,952.8571428571429,285.7142857142857,16.212609175262063,483520.37022915366
157.14285714285714,952.8571428571429,451.42857142857144,16.211927559833494,532187.451964909
157.14285714285714,952.8571428571429,617.1428571428571,16.2111880549132,579771.6290458112
157.14285714285714,952.8571428571429,782.8571428571429,16.21044762639594,620644.5619917967
157.14285714285714,952.8571428571429,948.5714285714287,16.209737431949897,654858.5802049593
157.14285714285714,952.8571428571429,1114.2857142857142,16.20907264622995,683379.5626303863
157.14285714285714,952.8571428571429,1280.0,16.20845889499367,707232.585664502
157.14285714285714,952.8571428571429,1445.7142857142858,16.207896475912513,727306.9248636602
157.14285714285714,952.8571428571429,1611.4285714285716,16.207382943429028,744327.0385025728
157.14285714285714,952.8571428571429,1777.1428571428573,16.206914606253985,758869.5466952274
157.14285714285714,952.8571428571429,1942.857142857143,16.206487357421153,771390.0596899642
157.14285714285714,952.8571428571429,2108.5714285714284,16.20609711326148,782248.6382587524
157.14285714285714,952.8571428571429,2274.285714285714,16.205740029867204,791730.9564340431
157.14285714285714,952.8571428571429,2440.0,16.205412595968156,800065.0013689577
157.14285714285714,952.8571428571429,2605.714285714286,16.20511165905899,807433.961781764
157.14285714285714,952.8571428571429,2771.4285714285716,16.20483441698638,813986.0898562915
157.14285714285714,952.8571428571429,2937.1428571428573,16.20457839301365,819842.2354914653
157.14285714285714,952.8571428571429,3102.857142857143,16.204341404269968,825101.6153515837
157.14285714285714,952.8571428571429,3268.571428571429,16.204121528882894,829846.2498593195
157.14285714285714,952.8571428571429,3434.2857142857147,16.20391707449209,834144.3949468037
157.14285714285714,952.8571428571429,3600.0,16.203726549389547,838053.2129951981
157.14285714285714,1000.0,120.0,16.213122092675196,520330.937163884
157.14285714285714,1000.0,285.7142857142857,16.212591518436177,499614.78034976806
157.14285714285714,1000.0,451.42857142857144,16.211908949279174,548491.2497962837
157.14285714285714,1000.0,617.1428571428571,16.211171113004607,596791.3289401273
157.14285714285714,1000.0,782.8571428571429,16.2104337742899,638444.2916566277
157.14285714285714,1000.0,948.5714285714287,16.20972731612621,673395.4420588332
157.14285714285714,1000.0,1114.2857142857142,16.209066451253427,702583.551230985
157.14285714285714,1000.0,1280.0,16.208456548784266,727031.1043930207
157.14285714285714,1000.0,1445.7142857142858,16.20789777526708,747632.7704746571
157.14285714285714,1000.0,1611.4285714285716,16.20738762719341,765120.6124969351
157.14285714285714,1000.0,1777.1428571428573,16.206922396333876,780078.9359201932
157.14285714285714,1000.0,1942.857142857143,16.206497980758268,792970.3620534115
157.14285714285714,1000.0,2108.5714285714284,16.206110312812804,804161.0796664224
157.14285714285714,1000.0,2274.285714285714,16.205755569361656,813942.0150349685
157.14285714285714,1000.0,2440.0,16.20543026122979,822545.617951509
157.14285714285714,1000.0,2605.714285714286,16.205131257508246,830158.8574049388
157.14285714285714,1000.0,2771.4285714285716,16.204855776240645,836933.1881739039
157.14285714285714,1000.0,2937.1428571428573,16.204601359106437,842992.1785301492
157.14285714285714,1000.0,3102.857142857143,16.204365839774614,848437.3592988751
157.14285714285714,1000.0,3268.571428571429,16.204147311091972,853352.72791655
157.14285714285714,1000.0,3434.2857142857147,16.20394409372654,857808.2357930881
157.14285714285714,1000.0,3600.0,16.203754707467862,861862.5051346893
192.85714285714286,10.0,120.0,16.213411957948505,108079.33123003738
192.85714285714286,10.0,285.7142857142857,16.21332597389077,108338.09640050582
192.85714285714286,10.0,451.42857142857144,16.213152729998107,113559.29780516184
192.85714285714286,10.0,617.1428571428571,16.212932607778953,115720.91335049679
192.85714285714286,10.0,782.8571428571429,16.21269943433443,115900.0514371713
192.85714285714286,10.0,948.5714285714287,16.21247559740901,114792.0421320355
192.85714285714286,10.0,1114.2857142857142,16.212272299124145,112937.5051077976
192.85714285714286,10.0,1280.0,16.212093160771982,110714.78178404421
192.85714285714286,10.0,1445.7142857142858,16.211937721778504,108363.84637808274
192.85714285714286,10.0,1611.4285714285716,16.21180372557884,106026.02491374158
192.85714285714286,10.0,1777.1428571428573,16.211688362304283,103778.74040810962
192.85714285714286,10.0,1942.857142857143,16.211588861854697,101660.25830140851
192.85714285714286,10.0,2108.5714285714284,16.21150273621232,99685.76355845887
192.85714285714286,10.0,2274.285714285714,16.211427849031935,97857.32355589049
192.85714285714286,10.0,2440.0,16.211362407582065,96169.89442070817
192.85714285714286,10.0,2605.714285714286,16.21130492449476,94614.87210569916
192.85714285714286,10.0,2771.4285714285716,16.211254171639784,93182.15286369328
192.85714285714286,10.0,2937.1428571428573,16.21120913581321,91861.30007807264
192.85714285714286,10.0,3102.857142857143,16.21116897984634,90642.18011392154
192.85714285714286,10.0,3268.571428571429,16.211133009949783,89515.28555175418
192.85714285714286,10.0,3434.2857142857147,16.211100648926326,88471.87669433786
192.85714285714286,10.0,3600.0,16.21107141446747,87504.01957196227
192.85714285714286,57.142857142857146,120.0,16.213391904895644,130605.53889939305
192.85714285714286,57.142857142857146,285.7142857142857,16.213179365359213,150420.1619884607
192.85714285714286,57.142857142857146,451.42857142857144,16.21275833110211,172482.04382065873
192.85714285714286,57.142857142857146,617.1428571428571,16.212217774835793,187625.30915462744
192.85714285714286,57.142857142857146,782.8571428571429,16.211633092410047,197886.70467454477
192.85714285714286,57.142857142857146,948.5714285714287,16.21105396269762,204715.94173609317
192.85714285714286,57.142857142857146,1114.2857142857142,16.210507709058263,209149.45721494366
192.85714285714286,57.142857142857146,1280.0,16.210006437837432,211925.52524185178
192.85714285714286,57.142857142857146,1445.7142857142858,16.209553334263592,213561.15892230545
192.85714285714286,57.142857142857146,1611.4285714285716,16.209146908839152,214414.4850770114
192.85714285714286,57.142857142857146,1777.1428571428573,16.2087835201954,214732.57832877187
192.85714285714286,57.142857142857146,1942.857142857143,16.208458762144225,214685.99451282818
192.85714285714286,57.142857142857146,2108.5714285714284,16.208168177199912,214392.8297258238
192.85714285714286,57.142857142857146,2274.285714285714,16.20790759335941,213935.1897072114
192.85714285714286,57.142857142857146,2440.0,16.207673258863593,213370.38992890908
192.85714285714286,57.142857142857146,2605.714285714286,16.207461873220296,212738.57196235337
192.85714285714286,57.142857142857146,2771.4285714285716,16.207270568172905,212067.90237441447
192.85714285714286,57.142857142857146,2937.1428571428573,16.20709686720193,211378.1425373982
192.85714285714286,57.142857142857146,3102.857142857143,16.206938638321677,210683.1171460747
192.85714285714286,57.142857142857146,3268.571428571429,16.206794047438347,209992.43405516117
192.85714285714286,57.142857142857146,3434.2857142857147,16.206661515539757,209312.69159170057
192.85714285714286,57.142857142857146,3600.0,16.206539680905166,208648.3323103546
192.85714285714286,104.28571428571429,120.0,16.213372503680144,157959.85651374247
192.85714285714286,104.28571428571429,285.7142857142857,16.21308761425256,181967.87170677184
192.85714285714286,104.28571428571429,451.42857142857144,16.21255701011289,211310.20523440425
192.85714285714286,104.28571428571429,617.1428571428571,16.21189052780254,232947.65586015445
192.85714285714286,104.28571428571429,782.8571428571429,16.21117500667527,248679.61452696103
192.85714285714286,104.28571428571429,948.5714285714287,16.210466066948708,260084.0668787712
192.85714285714286,104.28571428571429,1114.2857142857142,16.209794292605764,268343.7895659373
192.85714285714286,104.28571428571429,1280.0,16.209173596871388,274326.86133821745
192.85714285714286,104.28571428571429,1445.7142857142858,16.20860807987879,278660.3063219454
192.85714285714286,104.28571428571429,1611.4285714285716,16.208096590063565,281793.5399530644
192.85714285714286,104.28571428571429,1777.1428571428573,16.20763545343834,284048.3959377694
192.85714285714286,104.28571428571429,1942.857142857143,16.2072200033794,285656.17028540943
192.85714285714286,104.28571428571429,2108.5714285714284,16.20684539233804,286784.1180014642
192.85714285714286,104.28571428571429,2274.285714285714,16.206506994374525,287554.09519835346
192.85714285714286,104.28571428571429,2440.0,16.20620058244679,288055.6001006245
192.85714285714286,104.28571428571429,2605.714285714286,16.205922385812148,288354.90153233166
192.85714285714286,104.28571428571429,2771.4285714285716,16.20566908646752,288501.4565970808
192.85714285714286,104.28571428571429,2937.1428571428573,16.205437786950956,288532.452011264
192.85714285714286,104.28571428571429,3102.857142857143,16.20522596684713,288476.04249516374
192.85714285714286,104.28571428571429,3268.571428571429,16.20503143700363,288353.67923247465
192.85714285714286,104.28571428571429,3434.2857142857147,16.204852295878524,288181.7983258189
192.85714285714286,104.28571428571429,3600.0,16.204686889955013,287973.0555382106
192.85714285714286,151.42857142857144,120.0,16.213353475615314,184367.22267379196
192.85714285714286,151.42857142857144,285.7142857142857,16.213019110501804,208830.6722928361
192.85714285714286,151.42857142857144,451.42857142857144,16.212427877810832,242641.88804871094
192.85714285714286,151.42857142857144,617.1428571428571,16.211699671718975,268645.047691577
192.85714285714286,151.42857142857144,782.8571428571429,16.210924251220796,288208.15349608636
192.85714285714286,151.42857142857144,948.5714285714287,16.21015782501236,302904.5850118883
192.85714285714286,151.42857142857144,1114.2857142857142,16.20943107484216,313978.2617129525
192.85714285714286,151.42857142857144,1280.0,16.208757977764375,322366.69184708747
192.85714285714286,151.42857142857144,1445.7142857142858,16.208142703728463,328761.3673677402
192.85714285714286,151.42857142857144,1611.4285714285716,16.207584145468175,333667.7679536636
192.85714285714286,151.42857142857144,1777.1428571428573,16.20707862790408,337455.037196589
192.85714285714286,151.42857142857144,1942.857142857143,16.20662143604338,340393.78645629
192.85714285714286,151.42857142857144,2108.5714285714284,16.206207634750026,342683.69771160826
192.85714285714286,151.42857142857144,2274.285714285714,16.20583248245998,344473.29523293365
192.85714285714286,151.42857142857144,2440.0,16.205491619127617,345874.0092917903
192.85714285714286,151.42857142857144,2605.714285714286,16.205181132336342,346970.17920710065
192.85714285714286,151.42857142857144,2771.4285714285716,16.204897560241584,347826.19630049344
192.85714285714286,151.42857142857144,2937.1428571428573,16.204637863912218,348491.6364790821
192.85714285714286,151.42857142857144,3102.857142857143,16.204399386809563,349004.97612264025
192.85714285714286,151.42857142857144,3268.571428571429,16.2041798108038,349396.30440800684
192.85714285714286,151.42857142857144,3434.2857142857147,16.20397711348077,349689.3198932613
192.85714285714286,151.42857142857144,3600.0,16.203789528934287,349902.81272289885
192.85714285714286,198.57142857142858,120.0,16.213334791617598,209983.65634219925
192.85714285714286,198.57142857142858,285.7142857142857,16.212963522496036,233223.2509742976
192.85714285714286,198.57142857142858,451.42857142857144,16.21233471969307,270130.96219319623
192.85714285714286,198.57142857142858,617.1428571428571,16.211573046416515,299410.27252897347
192.85714285714286,198.57142857142858,782.8571428571429,16.210767969475143,321934.81824169436
192.85714285714286,198.57142857142858,948.5714285714287,16.209974513790712,339220.8336120772
192.85714285714286,198.57142857142858,1114.2857142857142,16.209222459764657,352537.1436131153
192.85714285714286,198.57142857142858,1280.0,16.208525290703353,362863.9369286332
192.85714285714286,198.57142857142858,1445.7142857142858,16.207886959829,370936.45101412485
192.85714285714286,198.57142857142858,1611.4285714285716,16.20730628866119,377299.86317908217
192.85714285714286,198.57142857142858,1777.1428571428573,16.20677959231384,382357.6262501689
192.85714285714286,198.57142857142858,1942.857142857143,16.206302162907907,386409.32642159535
192.85714285714286,198.57142857142858,2108.5714285714284,16.205869069230076,389678.8419883015
192.85714285714286,198.57142857142858,2274.285714285714,16.205475563348415,392334.8047725421
192.85714285714286,198.57142857142858,2440.0,16.205117267671103,394505.33521425526
192.85714285714286,198.57142857142858,2605.714285714286,16.20479024273196,396288.64131447836
192.85714285714286,198.57142857142858,2771.4285714285716,16.204490992566477,397760.6673420482
192.85714285714286,198.57142857142858,2937.1428571428573,16.20421643943245,398980.64553993643
192.85714285714286,198.57142857142858,3102.857142857143,16.203963885304184,399995.1548690815
192.85714285714286,198.57142857142858,3268.571428571429,16.203730969467593,400841.1119256217
192.85714285714286,198.57142857142858,3434.2857142857147,16.20351562699882,401547.99325204437
192.85714285714286,198.57142857142858,3600.0,16.20331605038743,402139.50036051293
192.85714285714286,245.71428571428572,120.0,16.213316446214446,235012.63047241562
192.85714285714286,245.71428571428572,285.7142857142857,16.212916113640127,256102.626123591
192.85714285714286,245.71428571428572,451.42857142857144,16.212262273312927,295303.79207447264
192.85714285714286,245.71428571428572,617.1428571428571,16.211481502188473,327202.11098613107
192.85714285714286,245.71428571428572,782.8571428571429,16.210661635342802,352151.8138462612
192.85714285714286,245.71428571428572,948.5714285714287,16.20985589724462,371586.0298587418
192.85714285714286,245.71428571428572,1114.2857142857142,16.20909284783627,386779.4647456865
192.85714285714286,245.71428571428572,1280.0,16.208385297096832,398740.48704286496
192.85714285714286,245.71428571428572,1445.7142857142858,16.207736882941898,408236.61083557573
192.85714285714286,245.71428571428572,1611.4285714285716,16.207146310794595,415843.5080993362
192.85714285714286,245.71428571428572,1777.1428571428573,16.206609877775225,421991.5291146919
192.85714285714286,245.71428571428572,1942.857142857143,16.206122899356604,427003.263089813
192.85714285714286,245.71428571428572,2108.5714285714284,16.205680479848315,431121.9714569483
192.85714285714286,245.71428571428572,2274.285714285714,16.20527790537773,434532.50960171415
192.85714285714286,245.71428571428572,2440.0,16.204910825513732,437376.54699536576
192.85714285714286,245.71428571428572,2605.714285714286,16.204575319681712,439763.6120887671
192.85714285714286,245.71428571428572,2771.4285714285716,16.204267903018124,441779.12707775546
192.85714285714286,245.71428571428572,2937.1428571428573,16.203985502282165,443490.2837153194
192.85714285714286,245.71428571428572,3102.857142857143,16.203725418700433,444950.36970805237
192.85714285714286,245.71428571428572,3268.571428571429,16.203485286824087,446201.97875825915
192.85714285714286,245.71428571428572,3434.2857142857147,16.203263034087822,447279.41154460027
192.85714285714286,245.71428571428572,3600.0,16.20305684331295,448210.4862560079
192.85714285714286,292.8571428571429,120.0,16.213298441341625,259587.2071559178
192.85714285714286,292.8571428571429,285.7142857142857,16.212874357501722,277959.83095568075
192.85714285714286,292.8571428571429,451.42857142857144,16.21220295536009,318933.9845425975
192.85714285714286,292.8571428571429,617.1428571428571,16.2114110897463,353015.81015947263
192.85714285714286,292.8571428571429,782.8571428571429,16.21058440417502,380029.6324760215
192.85714285714286,292.8571428571429,948.5714285714287,16.20977414600731,401310.9790970544
192.85714285714286,292.8571428571429,1114.2857142857142,16.209007585966106,418129.18129952054
192.85714285714286,292.8571428571429,1280.0,16.20829682115628,431511.9615482454
192.85714285714286,292.8571428571429,1445.7142857142858,16.207645147813746,442252.0052007918
192.85714285714286,292.8571428571429,1611.4285714285716,16.20705114006914,450949.7027470509
192.85714285714286,292.8571428571429,1777.1428571428573,16.206511072219122,458057.5993479306
192.85714285714286,292.8571428571429,1942.857142857143,16.20602028697324,463917.4610811132
192.85714285714286,292.8571428571429,2108.5714285714284,16.205573934641517,468788.820228153
192.85714285714286,292.8571428571429,2274.285714285714,16.20516735040558,472870.22198750137
192.85714285714286,292.8571428571429,2440.0,16.204796228753825,476314.81806657737
192.85714285714286,292.8571428571429,2605.714285714286,16.204456687171398,479241.76661463286
192.85714285714286,292.8571428571429,2771.4285714285716,16.204145271491427,481744.57969377073
192.85714285714286,292.8571428571429,2937.1428571428573,16.203858932323257,483897.2643991516
192.85714285714286,292.8571428571429,3102.857142857143,16.20359498880896,485758.869952636
192.85714285714286,292.8571428571429,3268.571428571429,16.20335108847691,487376.87942608894
192.85714285714286,292.8571428571429,3434.2857142857147,16.203125167737877,488789.7595248607
192.85714285714286,292.8571428571429,3600.0,16.202915415208714,490028.892772796
192.85714285714286,340.0,120.0,16.21328078065895,283791.8770248699
192.85714285714286,340.0,285.7142857142857,16.212836763358197,299076.9321169124
192.85714285714286,340.0,451.42857142857144,16.212152566244587,341463.3266378678
192.85714285714286,340.0,617.1428571428571,16.211354351101843,377421.29549932637
192.85714285714286,340.0,782.8571428571429,16.210525367125285,406241.32574279315
192.85714285714286,340.0,948.5714285714287,16.20971488928907,429152.60901150765
192.85714285714286,340.0,1114.2857142857142,16.208948928871738,447411.9007113909
192.85714285714286,340.0,1280.0,16.208238885903295,462060.4750239919
192.85714285714286,340.0,1445.7142857142858,16.207587718194667,473911.4420572605
192.85714285714286,340.0,1611.4285714285716,16.206993866546195,483586.0087448076
192.85714285714286,340.0,1777.1428571428573,16.206453580083807,491555.70977276284
192.85714285714286,340.0,1942.857142857143,16.205962228377864,498178.85970150144
192.85714285714286,340.0,2108.5714285714284,16.205515009920344,503729.10829015257
192.85714285714286,340.0,2274.285714285714,16.20510731345075,508416.925564453
192.85714285714286,340.0,2440.0,16.20473488466822,512405.4963989365
192.85714285714286,340.0,2605.714285714286,16.20439388662425,515822.4157879828
192.85714285714286,340.0,2771.4285714285716,16.204080904070743,518768.30041051004
192.85714285714286,340.0,2937.1428571428573,16.20379292000997,521323.1557809568
192.85714285714286,340.0,3102.857142857143,16.203527280070922,523551.1124477913
192.85714285714286,340.0,3268.571428571429,16.20328165315449,525503.974038046
192.85714285714286,340.0,3434.2857142857147,16.203053992730712,527223.895489724
192.85714285714286,340.0,3600.0,16.202842500899052,528745.4205323008
192.85714285714286,387.14285714285717,120.0,16.213263467282925,307681.4905185427
192.85714285714286,387.14285714285717,285.7142857142857,16.212802383802135,319629.3844462106
192.85714285714286,387.14285714285717,451.42857142857144,16.212108589150148,363165.7777568348
192.85714285714286,387.14285714285717,617.1428571428571,16.211306966265113,400772.86495079263
192.85714285714286,387.14285714285717,782.8571428571429,16.21047833958175,431206.71062236535
192.85714285714286,387.14285714285717,948.5714285714287,16.20967009220663,455584.65193569113
192.85714285714286,387.14285714285717,1114.2857142857142,16.208907043918952,475146.00019460364
192.85714285714286,387.14285714285717,1280.0,16.208199935016204,490941.55006296263
192.85714285714286,387.14285714285717,1445.7142857142858,16.20755140031584,503801.4882004622
192.85714285714286,387.14285714285717,1611.4285714285716,16.206959751178648,514365.0576429545
192.85714285714286,387.14285714285717,1777.1428571428573,16.206421210769324,523120.48110982636
192.85714285714286,387.14285714285717,1942.857142857143,16.205931173702815,530440.722188206
192.85714285714286,387.14285714285717,2108.5714285714284,16.205484885443827,536611.9828933249
192.85714285714286,387.14285714285717,2274.285714285714,16.205077788229698,541855.3682376798
192.85714285714286,387.14285714285717,2440.0,16.204705680081094,546343.0318793204
192.85714285714286,387.14285714285717,2605.714285714286,16.20436477170785,550210.1251867732
192.85714285714286,387.14285714285717,2771.4285714285716,16.204051689606704,553563.6387985663
192.85714285714286,387.14285714285717,2937.1428571428573,16.203763452497327,556488.9680679336
192.85714285714286,387.14285714285717,3102.857142857143,16.203497436120273,559054.8159233503
192.85714285714286,387.14285714285717,3268.571428571429,16.203251334518235,561316.87912157
192.85714285714286,387.14285714285717,3434.2857142857147,16.203023122018298,563320.6403190491
192.85714285714286,387.14285714285717,3600.0,16.2028110179455,565103.4990530221
192.85714285714286,434.28571428571433,120.0,16.21324650296499,331292.6457893744
192.85714285714286,434.28571428571433,285.7142857142857,16.212770581018678,339732.99303300556
192.85714285714286,434.28571428571433,451.42857142857144,16.212069421012366,384221.8807942506
192.85714285714286,434.28571428571433,617.1428571428571,16.21126627437257,423304.50709879637
192.85714285714286,434.28571428571433,782.8571428571429,16.2104395949673,455203.8110798986
192.85714285714286,434.28571428571433,948.5714285714287,16.20963498389081,480921.69805236807
192.85714285714286,434.28571428571433,1114.2857142857142,16.20887614981372,501676.61092416954
192.85714285714286,434.28571428571433,1280.0,16.208173217741876,518525.9455690197
192.85714285714286,434.28571428571433,1445.7142857142858,16.207528519449742,532314.5039162232
192.85714285714286,434.28571428571433,1611.4285714285716,16.20694024331747,543697.502032336
192.85714285714286,434.28571428571433,1777.1428571428573,16.206404586686673,553178.1312703178
192.85714285714286,434.28571428571433,1942.857142857143,16.205916967022652,561142.5773445868
192.85714285714286,434.28571428571433,2108.5714285714284,16.20547267421464,567888.4130228444
192.85714285714286,434.28571428571433,2274.285714285714,16.2050672019499,573646.4003717786
192.85714285714286,434.28571428571433,2440.0,16.204696399298626,578596.8515007619
192.85714285714286,434.28571428571433,2605.714285714286,16.204356524135846,582881.8012041012
192.85714285714286,434.28571428571433,2771.4285714285716,16.204044244879597,586614.0535364904
192.85714285714286,434.28571428571433,2937.1428571428573,16.203756616671612,589883.925113997
192.85714285714286,434.28571428571433,3102.857142857143,16.203491046459522,592764.2980168316
192.85714285714286,434.28571428571433,3268.571428571429,16.203245254795664,595314.4307774043
192.85714285714286,434.28571428571433,3434.2857142857147,16.203017238408147,597582.8533782273
192.85714285714286,434.28571428571433,3600.0,16.202805235492725,599609.5828899217
192.85714285714286,481.42857142857144,120.0,16.213229887904294,354650.37545069336
192.85714285714286,481.42857142857144,285.7142857142857,16.212740905282313,359467.78921465337
192.85714285714286,481.42857142857144,451.42857142857144,16.212033989636577,404756.34241584816
192.85714285714286,481.42857142857144,617.1428571428571,16.21123055402151,445178.1440710072
192.85714285714286,481.42857142857144,782.8571428571429,16.210406776539482,478425.4601110713
192.85714285714286,481.42857142857144,948.5714285714287,16.20960659415063,505382.4336122046
192.85714285714286,481.42857142857144,1114.2857142857142,16.208852685953904,527244.160468486
192.85714285714286,481.42857142857144,1280.0,16.208154606841656,545072.4553731249
192.85714285714286,481.42857142857144,1445.7142857142858,16.207514406532006,559724.8669748184
192.85714285714286,481.42857142857144,1611.4285714285716,16.20693015782735,571871.0039290346
192.85714285714286,481.42857142857144,1777.1428571428573,16.206398032920934,582027.700840956
192.85714285714286,481.42857142857144,1942.857142857143,16.20591346996465,590593.2602971628
192.85714285714286,481.42857142857144,2108.5714285714284,16.20547180028893,597875.7068661369
192.85714285714286,481.42857142857144,2274.285714285714,16.205068566181087,604114.6962381508
192.85714285714286,481.42857142857144,2440.0,16.204699665429192,609498.0642180498
192.85714285714286,481.42857142857144,2605.714285714286,16.204361401359527,614174.200188201
192.85714285714286,481.42857142857144,2771.4285714285716,16.204050483183252,618261.2797642592
192.85714285714286,481.42857142857144,2937.1428571428573,16.203764001837698,621854.1703792711
192.85714285714286,481.42857142857144,3102.857142857143,16.203499395256205,625029.6215094288
192.85714285714286,481.42857142857144,3268.571428571429,16.203254410593107,627850.1900464218
192.85714285714286,481.42857142857144,3434.2857142857147,16.203027067304546,630367.229809551
192.85714285714286,481.42857142857144,3600.0,16.202815622953622,632623.1850016041
192.85714285714286,528.5714285714286,120.0,16.213213620832033,377772.16289398493
192.85714285714286,528.5714285714286,285.7142857142857,16.212713027181284,378891.15332453797
192.85714285714286,528.5714285714286,451.42857142857144,16.212001548377906,424858.5959920245
192.85714285714286,528.5714285714286,617.1428571428571,16.21119864559916,466510.08461934456
192.85714285714286,528.5714285714286,782.8571428571429,16.210378333646368,501010.4323366159
192.85714285714286,528.5714285714286,948.5714285714287,16.209583001382004,529124.5328243828
192.85714285714286,528.5714285714286,1114.2857142857142,16.20883437612204,552022.3047797793
192.85714285714286,528.5714285714286,1280.0,16.208141485796084,570768.3093185427
192.85714285714286,528.5714285714286,1445.7142857142858,16.207506118502437,586231.3863405215
192.85714285714286,528.5714285714286,1611.4285714285716,16.206926239014273,599094.2949138012
192.85714285714286,528.5714285714286,1777.1428571428573,16.206397995347576,609886.4650592662
192.85714285714286,528.5714285714286,1942.857142857143,16.205916844355862,619017.438595662
192.85714285714286,528.5714285714286,2108.5714285714284,16.205478155797724,626804.9595558045
192.85714285714286,528.5714285714286,2274.285714285714,16.205077517472347,633496.9669310955
192.85714285714286,528.5714285714286,2440.0,16.204710873144,639288.31130391
192.85714285714286,528.5714285714286,2605.714285714286,16.20437456934124,644333.3115050348
192.85714285714286,528.5714285714286,2771.4285714285716,16.204065354323646,648755.158592496
192.85714285714286,528.5714285714286,2937.1428571428573,16.2037803535356,652652.9715249933
192.85714285714286,528.5714285714286,3102.857142857143,16.20351703499479,656107.1147132127
192.85714285714286,528.5714285714286,3268.571428571429,16.203273171872144,659183.2296138324
192.85714285714286,528.5714285714286,3434.2857142857147,16.203046806017316,661935.3121023754
192.85714285714286,528.5714285714286,3600.0,16.2028362142213,664408.078323194
192.85714285714286,575.7142857142858,120.0,16.2131976992,400670.43021976535
192.85714285714286,575.7142857142858,285.7142857142857,16.212686697610163,398045.4835085883
192.85714285714286,575.7142857142858,451.42857142857144,16.211971559306466,444594.77984808193
192.85714285714286,575.7142857142858,617.1428571428571,16.2111697408007,487386.4634396635
192.85714285714286,575.7142857142858,782.8571428571429,16.210353211521667,523061.66356590594
192.85714285714286,575.7142857142858,948.5714285714287,16.209562922021824,552265.1328201334
192.85714285714286,575.7142857142858,1114.2857142857142,16.208819719941992,576140.2444423778
192.85714285714286,575.7142857142858,1280.0,16.208132146273286,595752.9994366458
192.85714285714286,575.7142857142858,1445.7142857142858,16.20750174669341,611982.3714778816
192.85714285714286,575.7142857142858,1611.4285714285716,16.206926385252494,625523.2730350302
192.85714285714286,575.7142857142858,1777.1428571428573,16.20640218691024,636916.8837053053
192.85714285714286,575.7142857142858,1942.857142857143,16.20592462545687,646583.2732013782
192.85714285714286,575.7142857142858,2108.5714285714284,16.205489106214042,654849.3095337822
192.85714285714286,575.7142857142858,2274.285714285714,16.205091259435125,661970.7173501515
192.85714285714286,575.7142857142858,2440.0,16.204727072033208,668148.9460199529
192.85714285714286,575.7142857142858,2605.714285714286,16.20439293130783,673543.8955169349
192.85714285714286,575.7142857142858,2771.4285714285716,16.20408562256758,678283.4799554854
192.85714285714286,575.7142857142858,2937.1428571428573,16.20380230417138,682470.823589149
192.85714285714286,575.7142857142858,3102.857142857143,16.203540472985708,686189.6976542401
192.85714285714286,575.7142857142858,3268.571428571429,16.20329792726329,689508.6516074453
192.85714285714286,575.7142857142858,3434.2857142857147,16.20307273055948,692484.1729838123
192.85714285714286,575.7142857142858,3600.0,16.202863178404534,695163.121248672
192.85714285714286,622.8571428571429,120.0,16.21318211939608,423354.12685793143
192.85714285714286,622.8571428571429,285.7142857142857,16.21266172302445,416962.90536161885
192.85714285714286,622.8571428571429,451.42857142857144,16.211943623400458,464015.07570953725
192.85714285714286,622.8571428571429,617.1428571428571,16.211143259398895,507872.7165278209
192.85714285714286,622.8571428571429,782.8571428571429,16.210330671969597,544657.458810985
192.85714285714286,622.8571428571429,948.5714285714287,16.209545475160965,574893.4587955194
192.85714285714286,622.8571428571429,1114.2857142857142,16.208807702826622,599696.5158862344
192.85714285714286,622.8571428571429,1280.0,16.208125445603642,620133.034969822
192.85714285714286,622.8571428571429,1445.7142857142858,16.207500024460327,637091.1873151863
192.85714285714286,622.8571428571429,1611.4285714285716,16.20692920960939,651277.2245344319
192.85714285714286,622.8571428571429,1777.1428571428573,16.20640910413585,663243.381057258
192.85714285714286,622.8571428571429,1942.857142857143,16.205935197219425,673419.6679506794
192.85714285714286,622.8571428571429,2108.5714285714284,16.205502927097648,682141.5847320989
192.85714285714286,622.8571428571429,2274.285714285714,16.205107963574967,689672.2291346889
192.85714285714286,622.8571428571429,2440.0,16.204746333960507,696219.3036913086
192.85714285714286,622.8571428571429,2605.714285714286,16.204414463893162,701947.9995584441
192.85714285714286,622.8571428571429,2771.4285714285716,16.204109173669107,706990.710050462
192.85714285714286,622.8571428571429,2937.1428571428573,16.20382765286009,711454.358996536
192.85714285714286,622.8571428571429,3102.857142857143,16.203567425803183,715425.9503012117
192.85714285714286,622.8571428571429,3268.571428571429,16.203326314733335,718976.7934271866
192.85714285714286,622.8571428571429,3434.2857142857147,16.203102404045836,722165.7413168576
192.85714285714286,622.8571428571429,3600.0,16.20289400733735,725041.6886262153
192.85714285714286,670.0,120.0,16.2131668769521,445829.7723920666
192.85714285714286,670.0,285.7142857142857,16.212637949520754,435668.28545208764
192.85714285714286,670.0,451.42857142857144,16.21191743709357,483158.3956158186
192.85714285714286,670.0,617.1428571428571,16.21111877405753,528019.6422738194
192.85714285714286,670.0,782.8571428571429,16.210310185357528,565858.676531129
192.85714285714286,670.0,948.5714285714287,16.209530041950842,597078.9333086569
192.85714285714286,670.0,1114.2857142857142,16.20879762368265,622767.866938276
192.85714285714286,670.0,1280.0,16.20812060403426,643991.4554690958
192.85714285714286,670.0,1445.7142857142858,16.207500095449618,661646.3000413874
192.85714285714286,670.0,1611.4285714285716,16.206933780700012,676449.3166875334
192.85714285714286,670.0,1777.1428571428573,16.20641774218399,688963.215613388
192.85714285714286,670.0,1942.857142857143,16.20594748312225,699627.4585109804
192.85714285714286,670.0,2108.5714285714284,16.205518472257705,708785.7632268268
192.85714285714286,670.0,2274.285714285714,16.205126416248365,716708.2536580084
192.85714285714286,670.0,2440.0,16.20476738019669,723608.5943109661
192.85714285714286,670.0,2605.714285714286,16.204437825740925,729657.022807741
192.85714285714286,670.0,2771.4285714285716,16.204134606142905,734990.2055262617
192.85714285714286,670.0,2937.1428571428573,16.20385494048257,739718.6917119948
192.85714285714286,670.0,3102.857142857143,16.203596379153645,743932.5702884909
192.85714285714286,670.0,3268.571428571429,16.20335676721391,747705.7850860413
192.85714285714286,670.0,3434.2857142857147,16.203134208956133,751099.447134097
192.85714285714286,670.0,3600.0,16.2029270352827,754164.3942484919
192.85714285714286,717.1428571428572,120.0,16.213151966730017,468102.15816420026
192.85714285714286,717.1428571428572,285.7142857142857,16.212615252243683,454181.2273787113
192.85714285714286,717.1428571428572,451.42857142857144,16.211892764263663,502055.48194634443
192.85714285714286,717.1428571428572,617.1428571428571,16.211095962815886,547867.4159105195
192.85714285714286,717.1428571428572,782.8571428571429,16.210291363245677,586713.4956302749
192.85714285714286,717.1428571428572,948.5714285714287,16.209516178669364,618876.5668384425
192.85714285714286,717.1428571428572,1114.2857142857142,16.208788988990474,645415.1668562567
192.85714285714286,717.1428571428572,1280.0,16.208117080563067,667394.1754863489
192.85714285714286,717.1428571428572,1445.7142857142858,16.20750137202823,685717.9870299766
192.85714285714286,717.1428571428572,1611.4285714285716,16.20693946460969,701113.6159801618
192.85714285714286,717.1428571428572,1777.1428571428573,16.206427421182266,714153.7596398642
192.85714285714286,717.1428571428572,1942.857142857143,16.20596075783393,725286.9146109102
192.85714285714286,717.1428571428572,2108.5714285714284,16.205534971633835,734864.6661082087
192.85714285714286,717.1428571428572,2274.285714285714,16.20514580361587,743163.8688925032
192.85714285714286,717.1428571428572,2440.0,16.204789354254014,750403.9011464186
192.85714285714286,717.1428571428572,2605.714285714286,16.2044621189807,756759.8379638968
192.85714285714286,717.1428571428572,2771.4285714285716,16.20416098209273,762372.4424932096
192.85714285714286,717.1428571428572,2937.1428571428573,16.20388319052743,767355.7402551973
192.85714285714286,717.1428571428572,3102.857142857143,16.203626319344714,771802.7785971458
192.85714285714286,717.1428571428572,3268.571428571429,16.20338823526562,775790.0278673632
192.85714285714286,717.1428571428572,3434.2857142857147,16.203167061519945,779380.7649538775
192.85714285714286,717.1428571428572,3600.0,16.202961145524093,782627.691658133
192.85714285714286,764.2857142857143,120.0,16.213137383082188,490174.8296849256
192.85714285714286,764.2857142857143,285.7142857142857,16.212593528127694,472517.43351838714
192.85714285714286,764.2857142857143,451.42857142857144,16.211869417619365,520731.0200229394
192.85714285714286,764.2857142857143,617.1428571428571,16.21107457813361,567448.3286139104
192.85714285714286,764.2857142857143,782.8571428571429,16.210273915079338,607260.6732485874
192.85714285714286,764.2857142857143,948.5714285714287,16.209503561343283,640330.647623327
192.85714285714286,764.2857142857143,1114.2857142857142,16.208781445746503,667687.4578826549
192.85714285714286,764.2857142857143,1280.0,16.208114494652477,690394.3402564648
192.85714285714286,764.2857142857143,1445.7142857142858,16.207503446263924,709362.9493089742
192.85714285714286,764.2857142857143,1611.4285714285716,16.20694582566516,725329.9183558283
192.85714285714286,764.2857142857143,1777.1428571428573,16.206437677326,738877.5149721416
192.85714285714286,764.2857142857143,1942.857142857143,16.205974529179123,750462.9147004664
192.85714285714286,764.2857142857143,2108.5714285714284,16.205551904656158,760445.2688062807
192.85714285714286,764.2857142857143,2274.285714285714,16.20516557690489,769107.9088763632
192.85714285714286,764.2857142857143,2440.0,16.20481167953717,776675.7128184391
192.85714285714286,764.2857142857143,2605.714285714286,16.20448673972609,783328.4128607092
192.85714285714286,764.2857142857143,2771.4285714285716,16.204187670987935,789210.7166088796
192.85714285714286,764.2857142857143,2937.1428571428573,16.203911746549142,794439.9968555879
192.85714285714286,764.2857142857143,3102.857142857143,16.20365656480059,799112.1497508758
192.85714285714286,764.2857142857143,3268.571428571429,16.203420013000123,803306.078676434
192.85714285714286,764.2857142857143,3434.2857142857147,16.203200232369827,807087.1463565349
192.85714285714286,764.2857142857143,3600.0,16.202995586050793,810509.8498181789
192.85714285714286,811.4285714285714,120.0,16.213123119986218,512050.42474774236
192.85714285714286,811.4285714285714,285.7142857142857,16.212572690794445,490689.658076184
192.85714285714286,811.4285714285714,451.42857142857144,16.211847245998268,539205.1154801848
192.85714285714286,811.4285714285714,617.1428571428571,16.21105442618024,586788.7050725123
192.85714285714286,811.4285714285714,782.8571428571429,16.21025761960812,627531.8286944184
192.85714285714286,811.4285714285714,948.5714285714287,16.20949194954848,661477.3321640348
192.85714285714286,811.4285714285714,1114.2857142857142,16.208774737915128,689624.8035260115
192.85714285714286,811.4285714285714,1280.0,16.20811257561535,713035.39163518
192.85714285714286,811.4285714285714,1445.7142857142858,16.20750603254256,732627.562045341
192.85714285714286,811.4285714285714,1611.4285714285716,16.206952562594154,749147.1568640664
192.85714285714286,811.4285714285714,1777.1428571428573,16.206448192899746,763185.6551296477
192.85714285714286,811.4285714285714,1942.857142857143,16.20598846234363,775208.6036642836
192.85714285714286,811.4285714285714,2108.5714285714284,16.20556891895177,785582.4586642823
192.85714285714286,811.4285714285714,2274.285714285714,16.20518536592667,794596.807967167
192.85714285714286,811.4285714285714,2440.0,16.20483396796777,802481.8431501483
192.85714285714286,811.4285714285714,2605.714285714286,16.204511282089474,809421.7965468441
192.85714285714286,811.4285714285714,2771.4285714285716,16.204214249335546,815565.1874419858
192.85714285714286,811.4285714285714,2937.1428571428573,16.203940167748648,821032.6233243248
192.85714285714286,811.4285714285714,3102.857142857143,16.203686657786367,825922.753392974
192.85714285714286,811.4285714285714,3268.571428571429,16.20345162616775,830316.8323303275
192.85714285714286,811.4285714285714,3434.2857142857147,16.20323323119699,834282.2386740297
192.85714285714286,811.4285714285714,3600.0,16.203029850972108,837875.2044593787
192.85714285714286,858.5714285714287,120.0,16.213109171156525,533730.914445202
192.85714285714286,858.5714285714287,285.7142857142857,16.21255266688277,508708.38916313916
192.85714285714286,858.5714285714287,451.42857142857144,16.211826125492337,557494.3510036144
192.85714285714286,858.5714285714287,617.1428571428571,16.21103535264902,605910.2764244309
192.85714285714286,858.5714285714287,782.8571428571429,16.210242305582245,647553.0807528064
192.85714285714286,858.5714285714287,948.5714285714287,16.209481162203797,682346.504656204
192.85714285714286,858.5714285714287,1114.2857142857142,16.20876867751239,711260.3354796167
192.85714285714286,858.5714285714287,1280.0,16.208111129169062,735353.2739107904
192.85714285714286,858.5714285714287,1445.7142857142858,16.20750892977347,755550.2155725743
192.85714285714286,858.5714285714287,1611.4285714285716,16.206959466568485,772605.8582590484
192.85714285714286,858.5714285714287,1777.1428571428573,16.20645875034985,787120.5811510046
192.85714285714286,858.5714285714287,1942.857142857143,16.206002330171014,799568.0342739854
192.85714285714286,858.5714285714287,2108.5714285714284,16.205585777059273,810321.7506137954
192.85714285714286,858.5714285714287,2274.285714285714,16.205204922399084,819677.3811699364
192.85714285714286,858.5714285714287,2440.0,16.204855960099877,827870.2680763997
192.85714285714286,858.5714285714287,2605.714285714286,16.204535475267132,835089.0059384501
192.85714285714286,858.5714285714287,2771.4285714285716,16.204240434903387,841485.8090488078
192.85714285714286,858.5714285714287,2937.1428571428573,16.20396816049353,847184.4205795217
192.85714285714286,858.5714285714287,3102.857142857143,16.203716293375127,852286.1584881147
192.85714285714286,858.5714285714287,3268.571428571429,16.203482758712138,856874.55675127
192.85714285714286,858.5714285714287,3434.2857142857147,16.203265731025017,861018.9479828217
192.85714285714286,858.5714285714287,3600.0,16.203063602633257,864777.2460960167
192.85714285714286,905.7142857142858,120.0,16.21309553013571,555217.7775473503
192.85714285714286,905.7142857142858,285.7142857142857,16.21253339335467,526582.346657268
192.85714285714286,905.7142857142858,451.42857142857144,16.211805953115476,575612.5574037477
192.85714285714286,905.7142857142858,617.1428571428571,16.211017232833193,624831.1829267802
192.85714285714286,905.7142857142858,782.8571428571429,16.210227838443153,667346.2447721977
192.85714285714286,905.7142857142858,948.5714285714287,16.209471061056313,702963.138013959
192.85714285714286,905.7142857142858,1114.2857142857142,16.208763125025705,732621.7534862377
192.85714285714286,905.7142857142858,1280.0,16.208110014907184,757378.0517223384
192.85714285714286,905.7142857142858,1445.7142857142858,16.207511996023992,778163.0340952858
192.85714285714286,905.7142857142858,1611.4285714285716,16.2069663931136,795739.9481224754
192.85714285714286,905.7142857142858,1777.1428571428573,16.2064692015845,810717.8011550318
192.85714285714286,905.7142857142858,1942.857142857143,16.2060159799712,823578.1111712494
192.85714285714286,905.7142857142858,2108.5714285714284,16.205602320865093,834701.28717801
192.85714285714286,905.7142857142858,2274.285714285714,16.205224082128925,844388.8730857508
192.85714285714286,905.7142857142858,2440.0,16.204877485164026,852881.2175553854
192.85714285714286,905.7142857142858,2605.714285714286,16.20455914155693,860371.1556129582
192.85714285714286,905.7142857142858,2771.4285714285716,16.20426604281878,867014.4933147243
192.85714285714286,905.7142857142858,2937.1428571428573,16.203995532600075,872938.0218210861
192.85714285714286,905.7142857142858,3102.857142857143,16.20374527201014,878245.6531332455
192.85714285714286,905.7142857142858,3268.571428571429,16.20351320370389,883023.1366494554
192.85714285714286,905.7142857142858,3434.2857142857147,16.203297517600994,887341.7042587827
192.85714285714286,905.7142857142858,3600.0,16.203096619544503,891260.9045608041
192.85714285714286,952.8571428571429,120.0,16.213082190368738,576512.1283310588
192.85714285714286,952.8571428571429,285.7142857142857,16.21251481548114,544318.852022572
192.85714285714286,952.8571428571429,451.42857142857144,16.211786642198525,593571.386302337
192.85714285714286,952.8571428571429,617.1428571428571,16.210999964551608,643566.7192364645
192.85714285714286,952.8571428571429,782.8571428571429,16.210214110975915,686929.723347999
192.85714285714286,952.8571428571429,948.5714285714287,16.20946153921047,723348.3075524656
192.85714285714286,952.8571428571429,1114.2857142857142,16.20875797592322,753732.4435048802
192.85714285714286,952.8571428571429,1280.0,16.208109130866863,779135.1173264721
192.85714285714286,952.8571428571429,1445.7142857142858,16.207515131213093,800493.1592418731
192.85714285714286,952.8571428571429,1611.4285714285716,16.206973242995407,818578.1000112935
192.85714285714286,952.8571428571429,1777.1428571428573,16.206479447122792,834007.3361470951
192.85714285714286,952.8571428571429,1942.857142857143,16.206029311003405,847270.0458432806
192.85714285714286,952.8571428571429,2108.5714285714284,16.205618447493467,858753.3363189178
192.85714285714286,952.8571428571429,2274.285714285714,16.205242739382626,868764.4933155704
192.85714285714286,952.8571428571429,2440.0,16.204898433991605,877548.744024523
192.85714285714286,952.8571428571429,2605.714285714286,16.204582167907922,885303.0554828369
192.85714285714286,952.8571428571429,2771.4285714285716,16.20429095581241,892186.7335677239
192.85714285714286,952.8571428571429,2937.1428571428573,16.20402216233771,898329.5392688347
192.85714285714286,952.8571428571429,3102.857142857143,16.203773467333207,903837.9119920437
192.85714285714286,952.8571428571429,3268.571428571429,16.203542830052896,908799.759550257
192.85714285714286,952.8571428571429,3434.2857142857147,16.203328455048474,913288.1641671559
192.85714285714286,952.8571428571429,3600.0,16.203128761028353,917364.2669590937
192.85714285714286,1000.0,120.0,16.21306914526262,597614.8113708523
192.85714285714286,1000.0,285.7142857142857,16.212496885311126,561924.1073578865
192.85714285714286,1000.0,451.42857142857144,16.211768118982413,611380.742272632
192.85714285714286,1000.0,617.1428571428571,16.21098346301833,662129.8971887821
192.85714285714286,1000.0,782.8571428571429,16.210201036633578,706319.1795020895
192.85714285714286,1000.0,948.5714285714287,16.209452513031476,743519.9578239457
192.85714285714286,1000.0,1114.2857142857142,16.20875315121402,774612.3243197639
192.85714285714286,1000.0,1280.0,16.20810840279803,800646.1054112893
192.85714285714286,1000.0,1445.7142857142858,16.20751826513126,822563.7234233371
192.85714285714286,1000.0,1611.4285714285716,16.206979949030266,841144.759283353
192.85714285714286,1000.0,1777.1428571428573,16.206489421735437,857014.7875437988
192.85714285714286,1000.0,1942.857142857143,16.206042258990273,870670.4621620649
192.85714285714286,1000.0,2108.5714285714284,16.205634092738606,882505.4302012137
192.85714285714286,1000.0,2274.285714285714,16.205260829282217,892832.5843975839
192.85714285714286,1000.0,2440.0,16.204918740420748,901901.9160708652
192.85714285714286,1000.0,2605.714285714286,16.20460448638169,909914.4272648072
192.85714285714286,1000.0,2771.4285714285716,16.20431510377995,917032.8413328731
192.85714285714286,1000.0,2937.1428571428573,16.204047977134234,923389.8190395195
192.85714285714286,1000.0,3102.857142857143,16.203800804075087,929094.2674255661
192.85714285714286,1000.0,3268.571428571429,16.20357155962375,934236.2015565063
192.85714285714286,1000.0,3434.2857142857147,16.203358462245795,938890.5100429114
192.85714285714286,1000.0,3600.0,16.203159942896672,943119.8886304372
228.57142857142858,10.0,120.0,16.213407489436204,100861.23471602911
228.57142857142858,10.0,285.7142857142857,16.21330114187376,106310.08263097292
228.57142857142858,10.0,451.42857142857144,16.21308722508949,116092.44044947725
228.57142857142858,10.0,617.1428571428571,16.212813496325687,121501.15105479548
228.57142857142858,10.0,782.8571428571429,16.21252144402263,123997.29292882806
228.57142857142858,10.0,948.5714285714287,16.212238795105677,124573.94249428851
228.57142857142858,10.0,1114.2857142857142,16.211979885373946,123953.26819864014
228.57142857142858,10.0,1280.0,16.211749839706926,122636.01657195036
228.57142857142858,10.0,1445.7142857142858,16.211548669119413,120949.78266612554
228.57142857142858,10.0,1611.4285714285716,16.211374012297046,119099.73287710302
228.57142857142858,10.0,1777.1428571428573,16.21122267388161,117209.8988097887
228.57142857142858,10.0,1942.857142857143,16.211091390379842,115352.54975208608
228.57142857142858,10.0,2108.5714285714284,16.21097716529952,113567.6942747027
228.57142857142858,10.0,2274.285714285714,16.21087738400874,111875.56986290187
228.57142857142858,10.0,2440.0,16.210789824444504,110284.49048641394
228.57142857142858,10.0,2605.714285714286,16.210712623693023,108795.72613127207
228.57142857142858,10.0,2771.4285714285716,16.2106442298723,107406.51671736632
228.57142857142858,10.0,2937.1428571428573,16.210583352874785,106111.92239762552
228.57142857142858,10.0,3102.857142857143,16.21052891959263,104905.95024152925
228.57142857142858,10.0,3268.571428571429,16.21048003543411,103782.23134205952
228.57142857142858,10.0,3434.2857142857147,16.210435952208826,102734.41880590771
228.57142857142858,10.0,3600.0,16.210396041754446,101756.41280016629
228.57142857142858,57.142857142857146,120.0,16.21337898323524,145192.99143329915
228.57142857142858,57.142857142857146,285.7142857142857,16.213130113304636,163610.95211550634
228.57142857142858,57.142857142857146,451.42857142857144,16.212653638340516,188383.7350157186
228.57142857142858,57.142857142857146,617.1428571428571,16.212047179893084,206064.80135659073
228.57142857142858,57.142857142857146,782.8571428571429,16.211393132595667,218338.59078989655
228.57142857142858,57.142857142857146,948.5714285714287,16.21074584570269,226707.43789134567
228.57142857142858,57.142857142857146,1114.2857142857142,16.21013529891215,232304.81209255345
228.57142857142858,57.142857142857146,1280.0,16.209574833752225,235957.134815641
228.57142857142858,57.142857142857146,1445.7142857142858,16.209067992743197,238251.99029752152
228.57142857142858,57.142857142857146,1611.4285714285716,16.20861315574769,239601.45359911324
228.57142857142858,57.142857142857146,1777.1428571428573,16.20820630965317,240293.03777271762
228.57142857142858,57.142857142857146,1942.857142857143,16.20784257969446,240527.387019985
228.57142857142858,57.142857142857146,2108.5714285714284,16.20751702197063,240444.9650066846
228.57142857142858,57.142857142857146,2274.285714285714,16.207225000354306,240144.55153861307
228.57142857142858,57.142857142857146,2440.0,16.206962339284043,239695.9519964994
228.57142857142858,57.142857142857146,2605.714285714286,16.206725360767646,239148.71928850826
228.57142857142858,57.142857142857146,2771.4285714285716,16.20651086508638,238538.15741878172
228.57142857142858,57.142857142857146,2937.1428571428573,16.206316087050784,237889.4765084378
228.57142857142858,57.142857142857146,3102.857142857143,16.20613864435395,237220.68800771917
228.57142857142858,57.142857142857146,3268.571428571429,16.205976486228497,236544.63706939312
228.57142857142858,57.142857142857146,3434.2857142857147,16.205827846144523,235870.44009505396
228.57142857142858,57.142857142857146,3600.0,16.205691199944305,235204.50918173912
228.57142857142858,104.28571428571429,120.0,16.213353240448814,182140.02016989086
228.57142857142858,104.28571428571429,285.7142857142857,16.21302677199735,202066.50509196005
228.57142857142858,104.28571428571429,451.42857142857144,16.21244016246428,233466.5347697193
228.57142857142858,104.28571428571429,617.1428571428571,16.211711022851336,257384.75856255123
228.57142857142858,104.28571428571429,782.8571428571429,16.21093159322341,275025.00461836834
228.57142857142858,104.28571428571429,948.5714285714287,16.210160960660513,287932.1373451745
228.57142857142858,104.28571428571429,1114.2857142857142,16.209431593145194,297350.85656528705
228.57142857142858,104.28571428571429,1280.0,16.208758196017634,304221.1913841706
228.57142857142858,104.28571428571429,1445.7142857142858,16.208145002869777,309232.5420109605
228.57142857142858,104.28571428571429,1611.4285714285716,16.207590640899948,312883.87881098286
228.57142857142858,104.28571428571429,1777.1428571428573,16.20709104892392,315535.05833040253
228.57142857142858,104.28571428571429,1942.857142857143,16.206641115390344,317446.14274026064
228.57142857142858,104.28571428571429,2108.5714285714284,16.206235547981333,318806.05852963857
228.57142857142858,104.28571428571429,2274.285714285714,16.20586930449951,319753.003944388
228.57142857142858,104.28571428571429,2440.0,16.20553778195914,320388.8469035497
228.57142857142858,104.28571428571429,2605.714285714286,16.205236876923486,320789.26846109336
228.57142857142858,104.28571428571429,2771.4285714285716,16.204962980406535,321010.9307502074
228.57142857142858,104.28571428571429,2937.1428571428573,16.204712942103647,321096.57081536046
228.57142857142858,104.28571428571429,3102.857142857143,16.204484022610206,321078.64617161424
228.57142857142858,104.28571428571429,3268.571428571429,16.204273843314496,320981.9643464343
228.57142857142858,104.28571428571429,3434.2857142857147,16.204080338711343,320825.5950703489
228.57142857142858,104.28571428571429,3600.0,16.20390171320589,320624.2722439618
228.57142857142858,151.42857142857144,120.0,16.213328947439944,215658.22445542188
228.57142857142858,151.42857142857144,285.7142857142857,16.212950233913276,234186.2699505359
228.57142857142858,151.42857142857144,451.42857142857144,16.212303185315577,269676.4662549831
228.57142857142858,151.42857142857144,617.1428571428571,16.211514701639064,297832.07662190346
228.57142857142858,151.42857142857144,782.8571428571429,16.210679012484462,319263.7336479066
228.57142857142858,151.42857142857144,948.5714285714287,16.20985511444178,335459.45683823345
228.57142857142858,151.42857142857144,1114.2857142857142,16.209075137427067,347704.3446297155
228.57142857142858,151.42857142857144,1280.0,16.208353596567385,356998.6552802566
228.57142857142858,151.42857142857144,1445.7142857142858,16.207694662461343,364091.8929966161
228.57142857142858,151.42857142857144,1611.4285714285716,16.20709694849564,369536.96572789404
228.57142857142858,151.42857142857144,1777.1428571428573,16.206556377472044,373740.0228357286
228.57142857142858,151.42857142857144,1942.857142857143,16.206067797939312,376999.9988821545
228.57142857142858,151.42857142857144,2108.5714285714284,16.205625850020244,379538.106486216
228.57142857142858,151.42857142857144,2274.285714285714,16.20522540068246,381519.22873130644
228.57142857142858,151.42857142857144,2440.0,16.204861739737463,383067.26082423434
228.57142857142858,151.42857142857144,2605.714285714286,16.204530646929054,384276.08452375577
228.57142857142858,151.42857142857144,2771.4285714285716,16.204228392408353,385217.437409356
228.57142857142858,151.42857142857144,2937.1428571428573,16.203951705149965,385946.58511615003
228.57142857142858,151.42857142857144,3102.857142857143,16.20369772810002,386506.43786971783
228.57142857142858,151.42857142857144,3268.571428571429,16.203463969983297,386930.5609686078
228.57142857142858,151.42857142857144,3434.2857142857147,16.203248258762038,387245.39419603994
228.57142857142858,151.42857142857144,3600.0,16.203048699027754,387471.9014396624
228.57142857142858,198.57142857142858,120.0,16.21330578426554,247149.93822180133
228.57142857142858,198.57142857142858,285.7142857142857,16.212888530608417,262992.43744938984
228.57142857142858,198.57142857142858,451.42857142857144,16.21220413414652,301323.97376536747
228.57142857142858,198.57142857142858,617.1428571428571,16.21138369710505,332691.4929712311
228.57142857142858,198.57142857142858,782.8571428571429,16.210520604128895,357081.32606214075
228.57142857142858,198.57142857142858,948.5714285714287,16.20967226910325,375885.4800692078
228.57142857142858,198.57142857142858,1114.2857142857142,16.20886966426322,390399.3398287146
228.57142857142858,198.57142857142858,1280.0,16.208126661144718,401659.8001381628
228.57142857142858,198.57142857142858,1445.7142857142858,16.207447134947476,410457.54471254797
228.57142857142858,198.57142857142858,1611.4285714285716,16.20682959315322,417384.1477529284
228.57142857142858,198.57142857142858,1777.1428571428573,16.206269939590268,422879.74626435403
228.57142857142858,198.57142857142858,1942.857142857143,16.205763034652637,427272.25968624017
228.57142857142858,198.57142857142858,2108.5714285714284,16.205303534044763,430807.2560838512
228.57142857142858,198.57142857142858,2274.285714285714,16.204886312931006,433669.94370288245
228.57142857142858,198.57142857142858,2440.0,16.204506658815923,436001.13888733275
228.57142857142858,198.57142857142858,2605.714285714286,16.204160339132848,437908.8145501695
228.57142857142858,198.57142857142858,2771.4285714285716,16.203843603586257,439476.4654445096
228.57142857142858,198.57142857142858,2937.1428571428573,16.203553154723927,440769.19607382995
228.57142857142858,198.57142857142858,3102.857142857143,16.203286105063256,441838.1798482292
228.57142857142858,198.57142857142858,3268.571428571429,16.20303993053626,442723.94947720174
228.57142857142858,198.57142857142858,3434.2857142857147,16.202812425224142,443458.8440863302
228.57142857142858,198.57142857142858,3600.0,16.202601659700044,444068.8438216853
228.57142857142858,245.71428571428572,120.0,16.213283585896022,277257.68731748953
228.57142857142858,245.71428571428572,285.7142857142857,16.21283629991208,289731.97381308203
228.57142857142858,245.71428571428572,451.42857142857144,16.212127110972244,330170.2008398391
228.57142857142858,245.71428571428572,617.1428571428571,16.211288619625105,364128.6343704764
228.57142857142858,245.71428571428572,782.8571428571429,16.210412231439513,390961.9172164977
228.57142857142858,245.71428571428572,948.5714285714287,16.209553309667736,411947.06158972107
228.57142857142858,245.71428571428572,1114.2857142857142,16.208741445519337,428373.92349371663
228.57142857142858,245.71428571428572,1280.0,16.2079897441042,441303.19889997784
228.57142857142858,245.71428571428572,1445.7142857142858,16.20730171732568,451556.2337297944
228.57142857142858,245.71428571428572,1611.4285714285716,16.206675736321284,459754.64671749715
228.57142857142858,245.71428571428572,1777.1428571428573,16.206107682630925,466365.5217397433
228.57142857142858,245.71428571428572,1942.857142857143,16.205592444261878,471740.0353496829
228.57142857142858,245.71428571428572,2108.5714285714284,16.205124720852517,476143.46206819895
228.57142857142858,245.71428571428572,2274.285714285714,16.204699431668352,479777.5638201647
228.57142857142858,245.71428571428572,2440.0,16.204311901668493,482797.01530612767
228.57142857142858,245.71428571428572,2605.714285714286,16.20395792701281,485321.3877709724
228.57142857142858,245.71428571428572,2771.4285714285716,16.203633777553524,487443.8978855776
228.57142857142858,245.71428571428572,2937.1428571428573,16.20333616848122,489237.8211492947
228.57142857142858,245.71428571428572,3102.857142857143,16.203062218797815,490761.2217095142
228.57142857142858,245.71428571428572,3268.571428571429,16.202809406076515,492060.46540329023
228.57142857142858,245.71428571428572,3434.2857142857147,16.202575522354742,493172.84903906385
228.57142857142858,245.71428571428572,3600.0,16.202358633442223,494128.5837334165
228.57142857142858,292.8571428571429,120.0,16.213262246039275,306330.901023379
228.57142857142858,292.8571428571429,285.7142857142857,16.212790678055367,315043.36076821433
228.57142857142858,292.8571428571429,451.42857142857144,16.21206422029821,357110.53579364764
228.57142857142858,292.8571428571429,617.1428571428571,16.211215440779203,393246.2805467902
228.57142857142858,292.8571428571429,782.8571428571429,16.21033332338352,422175.0654913101
228.57142857142858,292.8571428571429,948.5714285714287,16.209471087845984,445048.73671840323
228.57142857142858,292.8571428571429,1114.2857142857142,16.208656929835907,463142.29738984443
228.57142857142858,292.8571428571429,1280.0,16.207903181108463,477532.3996868892
228.57142857142858,292.8571428571429,1445.7142857142858,16.207212981990374,489064.49567481887
228.57142857142858,292.8571428571429,1611.4285714285716,16.206584561028105,498384.8019206729
228.57142857142858,292.8571428571429,1777.1428571428573,16.206013776124383,505982.8538065697
228.57142857142858,292.8571428571429,1942.857142857143,16.2054955471489,512229.3937387248
228.57142857142858,292.8571428571429,2108.5714285714284,16.20502462683998,517406.3806218993
228.57142857142858,292.8571428571429,2274.285714285714,16.204595991428114,521729.6580744193
228.57142857142858,292.8571428571429,2440.0,16.204205018629587,525365.7355643882
228.57142857142858,292.8571428571429,2605.714285714286,16.203847549994087,528444.1227751256
228.57142857142858,292.8571428571429,2771.4285714285716,16.203519892710695,531066.3927295652
228.57142857142858,292.8571428571429,2937.1428571428573,16.20321879172477,533312.8644911577
228.57142857142858,292.8571428571429,3102.857142857143,16.20294138914728,535247.5584198365
228.57142857142858,292.8571428571429,3268.571428571429,16.20268518006853,536921.8955829854
228.57142857142858,292.8571428571429,3434.2857142857147,16.202447969457758,538377.4801304692
228.57142857142858,292.8571428571429,3600.0,16.202227832362876,539648.2080543764
228.57142857142858,340.0,120.0,16.213241687679048,334581.18660231394
228.57142857142858,340.0,285.7142857142857,16.21274995867259,339297.7129753932
228.57142857142858,340.0,451.42857142857144,16.21201105554727,382662.2256082984
228.57142857142858,340.0,617.1428571428571,16.21115661584416,420681.9010088534
228.57142857142858,340.0,782.8571428571429,16.210273069358887,451456.3792948131
228.57142857142858,340.0,948.5714285714287,16.209411546960812,476006.639505044
228.57142857142858,340.0,1114.2857142857142,16.208598911080788,495586.92246236
228.57142857142858,340.0,1280.0,16.20784675567947,511284.66552245844
228.57142857142858,340.0,1445.7142857142858,16.20715786389964,523965.0204439406
228.57142857142858,340.0,1611.4285714285716,16.206530325333063,534295.095989393
228.57142857142858,340.0,1777.1428571428573,16.205959974278326,542783.7929212103
228.57142857142858,340.0,1942.857142857143,16.205441762573198,549818.866219099
228.57142857142858,340.0,2108.5714285714284,16.2049704976803,555696.8545700072
228.57142857142858,340.0,2274.285714285714,16.20454121621701,560645.9508414862
228.57142857142858,340.0,2440.0,16.204149353641252,564843.0724905893
228.57142857142858,340.0,2605.714285714286,16.203790803036807,568426.4904646395
228.57142857142858,340.0,2771.4285714285716,16.20346191582572,571505.1602219752
228.57142857142858,340.0,2937.1428571428573,16.20315947400765,574165.6358904135
228.57142857142858,340.0,3102.857142857143,16.20288065023364,576477.220292514
228.57142857142858,340.0,3268.571428571429,16.20262296447406,578495.8259706068
228.57142857142858,340.0,3434.2857142857147,16.202384241786195,580266.8907019598
228.57142857142858,340.0,3600.0,16.20216257331472,581827.5955951769
228.57142857142858,387.14285714285717,120.0,16.213221850744947,362146.5516277198
228.57142857142858,387.14285714285717,285.7142857142857,16.21271304356662,362729.9247157052
228.57142857142858,387.14285714285717,451.42857142857144,16.211964946263784,407150.8218257339
228.57142857142858,387.14285714285717,617.1428571428571,16.211107731642976,446836.7255334055
228.57142857142858,387.14285714285717,782.8571428571429,16.210225289113147,479269.5737773148
228.57142857142858,387.14285714285717,948.5714285714287,16.20936677245157,505336.2861471472
228.57142857142858,387.14285714285717,1114.2857142857142,16.208557799268593,526266.4132364471
228.57142857142858,387.14285714285717,1280.0,16.20780927558771,543154.5840544224
228.57142857142858,387.14285714285717,1445.7142857142858,16.207123649910997,556882.5256730188
228.57142857142858,387.14285714285717,1611.4285714285716,16.206498880442417,568135.5808517863
228.57142857142858,387.14285714285717,1777.1428571428573,16.205930778685204,577439.7839892663
228.57142857142858,387.14285714285717,1942.857142857143,16.205414327027057,585198.0443437682
228.57142857142858,387.14285714285717,2108.5714285714284,16.204944386182813,591719.940098414
228.57142857142858,387.14285714285717,2274.285714285714,16.204516052496075,597244.738999943
228.57142857142858,387.14285714285717,2440.0,16.204124819527415,601958.7119520361
228.57142857142858,387.14285714285717,2605.714285714286,16.203766633194594,606008.0171402488
228.57142857142858,387.14285714285717,2771.4285714285716,16.203437891202597,609508.2661743324
228.57142857142858,387.14285714285717,2937.1428571428573,16.20313541519947,612551.6427625221
228.57142857142858,387.14285714285717,3102.857142857143,16.202856411329474,615212.2255453719
228.57142857142858,387.14285714285717,3268.571428571429,16.202598427603625,617549.9929161924
228.57142857142858,387.14285714285717,3434.2857142857147,16.202359312417954,619613.8572465063
228.57142857142858,387.14285714285717,3600.0,16.202137176267566,621443.9806346452
228.57142857142858,434.28571428571433,120.0,16.21320268601808,389122.0487162243
228.57142857142858,434.28571428571433,285.7142857142857,16.212679183808696,385498.1392795805
228.57142857142858,434.28571428571433,451.42857142857144,16.211924170429377,430794.3654808454
228.57142857142858,434.28571428571433,617.1428571428571,16.21106603824843,471979.3749087076
228.57142857142858,434.28571428571433,782.8571428571429,16.210186219249643,505925.41024611634
228.57142857142858,434.28571428571433,948.5714285714287,16.20933202036883,533383.6548862718
228.57142857142858,434.28571428571433,1114.2857142857142,16.208527908209795,555556.2766239349
228.57142857142858,434.28571428571433,1280.0,16.207784153522717,573542.500674667
228.57142857142858,434.28571428571433,1445.7142857142858,16.20710289479571,588238.323955531
228.57142857142858,434.28571428571433,1611.4285714285716,16.20648196772437,600345.3390112706
228.57142857142858,434.28571428571433,1777.1428571428573,16.205917162214465,610405.0354288254
228.57142857142858,434.28571428571433,1942.857142857143,16.205403489284805,618834.0712138698
228.57142857142858,434.28571428571433,2108.5714285714284,16.20493586019992,625953.8935107382
228.57142857142858,434.28571428571433,2274.285714285714,16.204509428609146,632013.8723997466
228.57142857142858,434.28571428571433,2440.0,16.204119744435406,637208.824306789
228.57142857142858,434.28571428571433,2605.714285714286,16.20376280544235,641692.1225646554
228.57142857142858,434.28571428571433,2771.4285714285716,16.203435055310145,645585.4744859986
228.57142857142858,434.28571428571433,2937.1428571428573,16.20313335558515,648986.2245473824
228.57142857142858,434.28571428571433,3102.857142857143,16.202854946583397,651972.8336427705
228.57142857142858,434.28571428571433,3268.571428571429,16.202597405347394,654609.0143437495
228.57142857142858,434.28571428571433,3434.2857142857147,16.202358604817885,656946.8729773344
228.57142857142858,434.28571428571433,3600.0,16.2021366761841,659029.3142029252
228.57142857142858,481.42857142857144,120.0,16.213184151770694,415575.9563176593
228.57142857142858,481.42857142857144,285.7142857142857,16.212647844962163,407713.9509415263
228.57142857142858,481.42857142857144,451.42857142857144,16.21188756195765,453745.97764088894
228.57142857142858,481.42857142857144,617.1428571428571,16.211029734646374,496298.36160480126
228.57142857142858,481.42857142857144,782.8571428571429,16.210153451744667,531642.1036206541
228.57142857142858,481.42857142857144,948.5714285714287,16.209304305018282,560391.9440935551
228.57142857142858,481.42857142857144,1114.2857142857142,16.208505700712895,583720.7891306481
228.57142857142858,481.42857142857144,1280.0,16.207767325053663,602730.5309465361
228.57142857142858,481.42857142857144,1445.7142857142858,16.207091030647785,618329.6820844852
228.57142857142858,481.42857142857144,1611.4285714285716,16.206474539694497,631234.5572390202
228.57142857142858,481.42857142857144,1777.1428571428573,16.205913621864756,642000.7995879437
228.57142857142858,481.42857142857144,1942.857142857143,16.20540331480712,651057.720265009
228.57142857142858,481.42857142857144,2108.5714285714284,16.204938577231296,658737.7191312361
228.57142857142858,481.42857142857144,2274.285714285714,16.20451461698049,665299.5045838043
228.57142857142858,481.42857142857144,2440.0,16.204127037687535,670945.8017984222
228.57142857142858,481.42857142857144,2605.714285714286,16.203771886913927,675836.6679228434
228.57142857142858,481.42857142857144,2771.4285714285716,16.203445652863405,680099.4616189128
228.57142857142858,481.42857142857144,2937.1428571428573,16.20314523605313,683836.3154034911
228.57142857142858,481.42857142857144,3102.857142857143,16.202867910475604,687129.7586885871
228.57142857142858,481.42857142857144,3268.571428571429,16.202611282051233,690046.9731476711
228.57142857142858,481.42857142857144,3434.2857142857147,16.20237324837342,692643.0342166409
228.57142857142858,481.42857142857144,3600.0,16.202151961627834,694963.3976282831
228.57142857142858,528.5714285714286,120.0,16.213166211757127,441558.99504873203
228.57142857142858,528.5714285714286,285.7142857142857,16.212618631455538,429459.0800967855
228.57142857142858,528.5714285714286,451.42857142857144,16.211854299217997,476117.28916085773
228.57142857142858,528.5714285714286,617.1428571428571,16.210997592533445,519930.998128189
228.57142857142858,528.5714285714286,782.8571428571429,16.21012538269653,556578.6497704928
228.57142857142858,528.5714285714286,948.5714285714287,16.20928167196117,586538.485060415
228.57142857142858,528.5714285714286,1114.2857142857142,16.208488890375357,610952.8296142506
228.57142857142858,528.5714285714286,1280.0,16.207756186660138,630924.7775592002
228.57142857142858,528.5714285714286,1445.7142857142858,16.207085150132446,647373.989710653
228.57142857142858,528.5714285714286,1611.4285714285716,16.20647339811563,661030.2974605409
228.57142857142858,528.5714285714286,1777.1428571428573,16.20591668144767,672462.4631312138
228.57142857142858,528.5714285714286,1942.857142857143,16.20541006249304,682111.575983818
228.57142857142858,528.5714285714286,2108.5714285714284,16.20494854427576,690320.2540919196
228.57142857142858,528.5714285714286,2274.285714285714,16.204527385537393,697355.9297576055
228.57142857142858,528.5714285714286,2440.0,16.20414224063818,703428.7233807651
228.57142857142858,528.5714285714286,2605.714285714286,16.203789204444483,708704.9463213484
228.57142857142858,528.5714285714286,2771.4285714285716,16.203464807707128,713317.2484400213
228.57142857142858,528.5714285714286,2937.1428571428573,16.20316598841302,717372.2474987309
228.57142857142858,528.5714285714286,3102.857142857143,16.202890053138752,720956.2859929142
228.57142857142858,528.5714285714286,3268.571428571429,16.202634635927648,724139.7984209826
228.57142857142858,528.5714285714286,3434.2857142857147,16.20239765854172,726980.6454978791
228.57142857142858,528.5714285714286,3600.0,16.20217729389226,729526.6771628157
228.57142857142858,575.7142857142858,120.0,16.213148833932827,467109.896422556
228.57142857142858,575.7142857142858,285.7142857142857,16.21259124155733,450795.19417660753
228.57142857142858,575.7142857142858,451.42857142857144,16.211823783851436,497992.19120550796
228.57142857142858,575.7142857142858,617.1428571428571,16.21096874542002,542980.3725873419
228.57142857142858,575.7142857142858,782.8571428571429,16.210100907529036,580854.4262219545
228.57142857142858,575.7142857142858,948.5714285714287,16.20926279960495,611956.4905541097
228.57142857142858,575.7142857142858,1114.2857142857142,16.208475952178468,637397.3916573662
228.57142857142858,575.7142857142858,1280.0,16.207749019237596,658280.2952972015
228.57142857142858,575.7142857142858,1445.7142857142858,16.20708334750119,675534.9241060304
228.57142857142858,575.7142857142858,1611.4285714285716,16.20647645743187,689903.655765195
228.57142857142858,575.7142857142858,1777.1428571428573,16.20592408240727,701967.5329597105
228.57142857142858,575.7142857142858,1942.857142857143,16.205421307744473,712178.7102343509
228.57142857142858,575.7142857142858,2108.5714285714284,16.20496317779207,720889.4233986319
228.57142857142858,575.7142857142858,2274.285714285714,16.20454499895253,728375.3249311562
228.57142857142858,575.7142857142858,2440.0,16.204162473290157,734853.50839845
228.57142857142858,575.7142857142858,2605.714285714286,16.203811740353146,740496.1854994177
228.57142857142858,575.7142857142858,2771.4285714285716,16.203489371262236,745441.0000130282
228.57142857142858,575.7142857142858,2937.1428571428573,16.20319233972156,749798.8045185024
228.57142857142858,575.7142857142858,3102.857142857143,16.202917983514766,753659.5429418661
228.57142857142858,575.7142857142858,3268.571428571429,16.202663963749433,757096.7230786413
228.57142857142858,575.7142857142858,3434.2857142857147,16.20242822556056,760170.8380657304
228.57142857142858,575.7142857142858,3600.0,16.202208962002896,762932.0013947359
228.57142857142858,622.8571428571429,120.0,16.213131989592778,492258.9308983601
228.57142857142858,622.8571428571429,285.7142857142857,16.212565439246802,471769.9980423809
228.57142857142858,622.8571428571429,451.42857142857144,16.211795567755786,519435.3333184384
228.57142857142858,622.8571428571429,617.1428571428571,16.210942564246036,565525.8429490479
228.57142857142858,622.8571428571429,782.8571428571429,16.210079243672972,604561.3240024332
228.57142857142858,622.8571428571429,948.5714285714287,16.20924676950562,636748.5359823278
228.57142857142858,622.8571428571429,1114.2857142857142,16.208465842002205,663166.1805030997
228.57142857142858,622.8571428571429,1280.0,16.207744658986766,684916.6133813132
228.57142857142858,622.8571428571429,1445.7142857142858,16.207084343333523,702938.7424410689
228.57142857142858,622.8571428571429,1611.4285714285716,16.206482325989587,717986.697540148
228.57142857142858,622.8571428571429,1777.1428571428573,16.205934324180358,730653.1101962195
228.57142857142858,622.8571428571429,1942.857142857143,16.20543544457859,741400.6097969649
228.57142857142858,622.8571428571429,2108.5714285714284,16.204980770076794,750590.5508677793
228.57142857142858,622.8571428571429,2274.285714285714,16.20456565166982,758506.3863493628
228.57142857142858,622.8571428571429,2440.0,16.20418583620363,765371.8305298713
228.57142857142858,622.8571428571429,2605.714285714286,16.2038375053164,771364.6993576246
228.57142857142858,622.8571428571429,2771.4285714285716,16.203517268292433,776627.3813421541
228.57142857142858,622.8571428571429,2937.1428571428573,16.203222132723567,781274.7536100916
228.57142857142858,622.8571428571429,3102.857142857143,16.2029494661112,785400.1835205139
228.57142857142858,622.8571428571429,3268.571428571429,16.202696955431826,789080.1009542886
228.57142857142858,622.8571428571429,3434.2857142857147,16.202462568245526,792377.502533622
228.57142857142858,622.8571428571429,3600.0,16.2022445170073,795344.654938617
228.57142857142858,670.0,120.0,16.21311565276523,517030.2318118876
228.57142857142858,670.0,285.7142857142857,16.21254103592119,492421.1740230509
228.57142857142858,670.0,451.42857142857144,16.21176930721732,540497.6026733698
228.57142857142858,670.0,617.1428571428571,16.21091858085712,587629.8037989447
228.57142857142858,670.0,782.8571428571429,16.210059822961078,627771.5777789026
228.57142857142858,670.0,948.5714285714287,16.209232928253005,660995.2710284353
228.57142857142858,670.0,1114.2857142857142,16.208457829011987,688347.0579104127
228.57142857142858,670.0,1280.0,16.20774230155183,710927.7920635181
228.57142857142858,670.0,1445.7142857142858,16.20708726181631,729684.8504377479
228.57142857142858,670.0,1611.4285714285716,16.20649005791887,745383.4563269673
228.57142857142858,670.0,1777.1428571428573,16.20594639215969,758627.2519467144
228.57142857142858,670.0,1942.857142857143,16.205451391132083,769888.8455882065
228.57142857142858,670.0,2108.5714285714284,16.205000173720794,779538.2899909572
228.57142857142858,670.0,2274.285714285714,16.20458813265836,787866.484013543
228.57142857142858,670.0,2440.0,16.20421105681632,795103.4643416376
228.57142857142858,670.0,2605.714285714286,16.203865167442427,801432.4001070831
228.57142857142858,670.0,2771.4285714285716,16.203547109838507,807000.2129159276
228.57142857142858,670.0,2937.1428571428573,16.20325392367204,811925.625596373
228.57142857142858,670.0,3102.857142857143,16.20298300465631,816305.277333107
228.57142857142858,670.0,3268.571428571429,16.202732064399306,820218.3911289308
228.57142857142858,670.0,3434.2857142857147,16.202499091877726,823730.356986479
228.57142857142858,670.0,3600.0,16.202282318130376,826895.5004150821
228.57142857142858,717.1428571428572,120.0,16.213099799768045,541443.3768655626
228.57142857142858,717.1428571428572,285.7142857142857,16.212517878088402,512779.0224900847
228.57142857142858,717.1428571428572,451.42857142857144,16.211744733057042,561219.7842860582
228.57142857142858,717.1428571428572,617.1428571428571,16.21089643921053,609342.2061042889
228.57142857142858,717.1428571428572,782.8571428571429,16.21004222395493,650542.9997521557
228.57142857142858,717.1428571428572,948.5714285714287,16.209220801425428,684761.2486439795
228.57142857142858,717.1428571428572,1114.2857142857142,16.20845139190664,713010.3686554672
228.57142857142858,717.1428571428572,1280.0,16.207741381311433,736389.1663164514
228.57142857142858,717.1428571428572,1445.7142857142858,16.20709149388259,755852.897063116
228.57142857142858,717.1428571428572,1611.4285714285716,16.206499000957546,772177.3249518282
228.57142857142858,717.1428571428572,1777.1428571428573,16.20595959105122,785976.613824358
228.57142857142858,717.1428571428572,1942.857142857143,16.20546840939145,797732.9293209503
228.57142857142858,717.1428571428572,2108.5714285714284,16.20502060852929,807824.6638242378
228.57142857142858,717.1428571428572,2274.285714285714,16.20461162030548,816549.8590707432
228.57142857142858,717.1428571428572,2440.0,16.20423727305281,824144.6186741856
228.57142857142858,717.1428571428572,2605.714285714286,16.20389382529618,830797.2496027153
228.57142857142858,717.1428571428572,2771.4285714285716,16.20357795631395,836659.0247726993
228.57142857142858,717.1428571428572,2937.1428571428573,16.203286736104317,841852.3588894783
228.57142857142858,717.1428571428572,3102.857142857143,16.203017587122666,846477.0324064959
228.57142857142858,717.1428571428572,3268.571428571429,16.202768244382348,850614.9502628502
228.57142857142858,717.1428571428572,3434.2857142857147,16.202536717260607,854333.8008100912
228.57142857142858,717.1428571428572,3600.0,16.202321254542007,857689.886859276
228.57142857142858,764.2857142857143,120.0,16.213084408873115,565514.4945993803
228.57142857142858,764.2857142857143,285.7142857142857,16.212495838841168,532868.2854326525
228.57142857142858,764.2857142857143,451.42857142857144,16.211721630598774,581635.0807906894
228.57142857142858,764.2857142857143,617.1428571428571,16.210875863290198,630703.667917832
228.57142857142858,764.2857142857143,782.8571428571429,16.21002612806044,672922.5838858231
228.57142857142858,764.2857142857143,948.5714285714287,16.209210038330202,708098.9424370683
228.57142857142858,764.2857142857143,1114.2857142857142,16.208446152735583,737213.304851999
228.57142857142858,764.2857142857143,1280.0,16.207741494735966,761362.0023518978
228.57142857142858,764.2857142857143,1445.7142857142858,16.207096610587325,781507.6779766504
228.57142857142858,764.2857142857143,1611.4285714285716,16.20650870033646,798436.1684444849
228.57142857142858,764.2857142857143,1777.1428571428573,16.205973439766133,812771.741312254
228.57142857142858,764.2857142857143,1942.857142857143,16.205485991586322,825005.7575566166
228.57142857142858,764.2857142857143,2108.5714285714284,16.205041539900602,835524.6402914913
228.57142857142858,764.2857142857143,2274.285714285714,16.204635553248334,844633.312459903
228.57142857142858,764.2857142857143,2440.0,16.204263897055252,852573.7236122328
228.57142857142858,764.2857142857143,2605.714285714286,16.203922864952002,859539.1319895166
228.57142857142858,764.2857142857143,2771.4285714285716,16.203609168277172,865685.0041236032
228.57142857142858,764.2857142857143,2937.1428571428573,16.203319905706532,871137.3130000886
228.57142857142858,764.2857142857143,3102.857142857143,16.203052525031474,875998.8668280881
228.57142857142858,764.2857142857143,3268.571428571429,16.202804783485444,880354.1557130367
228.57142857142858,764.2857142857143,3434.2857142857147,16.20257470985281,884273.0835646961
228.57142857142858,764.2857142857143,3600.0,16.20236056983429,887813.8594038662
228.57142857142858,811.4285714285714,120.0,16.213069460045038,589257.057197451
228.57142857142858,811.4285714285714,285.7142857142857,16.21247481179864,552709.4387362198
228.57142857142858,811.4285714285714,451.42857142857144,16.21169982586575,601770.892649984
228.57142857142858,811.4285714285714,617.1428571428571,16.21085663543569,651747.6712525131
228.57142857142858,811.4285714285714,782.8571428571429,16.210011290301182,694949.0523859182
228.57142857142858,811.4285714285714,948.5714285714287,16.20920037556824,731051.5870199975
228.57142857142858,811.4285714285714,1114.2857142857142,16.208441833569307,761002.9940196064
228.57142857142858,811.4285714285714,1280.0,16.207742350457945,785896.7951281602
228.57142857142858,811.4285714285714,1445.7142857142858,16.207102306867515,806702.6107084419
228.57142857142858,811.4285714285714,1611.4285714285716,16.20651883652242,824215.950517223
228.57142857142858,811.4285714285714,1777.1428571428573,16.205987603442857,839070.8256313691
228.57142857142858,811.4285714285714,1942.857142857143,16.20550378678676,851767.4787184467
228.57142857142858,811.4285714285714,2108.5714285714284,16.2050626002908,862700.0951104023
228.57142857142858,811.4285714285714,2274.285714285714,16.2046595469901,872180.250987771
228.57142857142858,811.4285714285714,2440.0,16.204290527224664,880455.548975082
228.57142857142858,811.4285714285714,2605.714285714286,16.203951867720658,887724.0355390416
228.57142857142858,811.4285714285714,2771.4285714285716,16.203640310091153,894145.2328419738
228.57142857142858,811.4285714285714,2937.1428571428573,16.203352980138327,899848.555124209
228.57142857142858,811.4285714285714,3102.857142857143,16.203087349660475,904939.7388192832
228.57142857142858,811.4285714285714,3268.571428571429,16.202841196982078,909505.7742704824
228.57142857142858,811.4285714285714,3434.2857142857147,16.202612569340516,913618.7082230314
228.57142857142858,811.4285714285714,3600.0,16.202399748548846,917338.5934094625
228.57142857142858,858.5714285714287,120.0,16.21305493473255,612682.4604508533
228.57142857142858,858.5714285714287,285.7142857142857,16.212454706704168,572319.6287481346
228.57142857142858,858.5714285714287,451.42857142857144,16.21167917584409,621650.1045609636
228.57142857142858,858.5714285714287,617.1428571428571,16.210838581355343,672502.14883562
228.57142857142858,858.5714285714287,782.8571428571429,16.20999751939248,716654.6955109057
228.57142857142858,858.5714285714287,948.5714285714287,16.20919161244967,753655.2313025966
228.57142857142858,858.5714285714287,1114.2857142857142,16.208438227480485,784418.7329549543
228.57142857142858,858.5714285714287,1280.0,16.207743736009412,810035.6554095391
228.57142857142858,858.5714285714287,1445.7142857142858,16.20710836421428,831482.2521086313
228.57142857142858,858.5714285714287,1611.4285714285716,16.206529184001518,849563.362425727
228.57142857142858,858.5714285714287,1777.1428571428573,16.20600184851986,864922.4281989703
228.57142857142858,858.5714285714287,1942.857142857143,16.20552155244498,878068.29994494
228.57142857142858,858.5714285714287,2108.5714285714284,16.20508353740278,889402.689987509
228.57142857142858,858.5714285714287,2274.285714285714,16.20468333891161,899243.627579533
228.57142857142858,858.5714285714287,2440.0,16.204316890225083,907844.1987912048
228.57142857142858,858.5714285714287,2605.714285714286,16.203980549309463,915407.0947152906
228.57142857142858,858.5714285714287,2771.4285714285716,16.203671086395342,922095.7714790005
228.57142857142858,858.5714285714287,2937.1428571428573,16.20338565296404,928042.9812890358
228.57142857142858,858.5714285714287,3102.857142857143,16.20312174357366,933357.30087622
228.57142857142858,858.5714285714287,3268.571428571429,16.202877156573905,938128.1457323045
228.57142857142858,858.5714285714287,3434.2857142857147,16.202649956748754,942429.6410901849
228.57142857142858,858.5714285714287,3600.0,16.202438441254998,946323.6280528823
228.57142857142858,905.7142857142858,120.0,16.213040815698626,635800.4558107133
228.57142857142858,905.7142857142858,285.7142857142857,16.212435446162466,591713.3645592042
228.57142857142858,905.7142857142858,451.42857142857144,16.21165956147069,641292.0336464763
228.57142857142858,905.7142857142858,617.1428571428571,16.21082155954235,692990.6530533473
228.57142857142858,905.7142857142858,782.8571428571429,16.209984663871392,738066.727202411
228.57142857142858,905.7142857142858,948.5714285714287,16.209183594063948,775940.2521263864
228.57142857142858,905.7142857142858,1114.2857142857142,16.208435178717085,807493.6354249347
228.57142857142858,905.7142857142858,1280.0,16.2077454952241,833814.0715260393
228.57142857142858,905.7142857142858,1445.7142857142858,16.207114625414746,855884.1574868609
228.57142857142858,905.7142857142858,1611.4285714285716,16.206539583467688,874517.7655614213
228.57142857142858,905.7142857142858,1777.1428571428573,16.20601601247847,890367.4950402858
228.57142857142858,905.7142857142858,1942.857142857143,16.20553912180141,903950.563584442
228.57142857142858,905.7142857142858,2108.5714285714284,16.205104179365286,915676.0030245573
228.57142857142858,905.7142857142858,2274.285714285714,16.204706751332274,925868.1187159296
228.57142857142858,905.7142857142858,2440.0,16.20434280203325,934785.3299491479
228.57142857142858,905.7142857142858,2605.714285714286,16.20400871896427,942634.8451015564
228.57142857142858,905.7142857142858,2771.4285714285716,16.20370129943949,949583.9462568943
228.57142857142858,905.7142857142858,2937.1428571428573,16.20341771927354,955768.6318080444
228.57142857142858,905.7142857142858,3102.857142857143,16.203155494619228,961300.2405872286
228.57142857142858,905.7142857142858,3268.571428571429,16.20291244285097,966270.54640473
228.57142857142858,905.7142857142858,3434.2857142857147,16.202686645444278,970755.6956707156
228.57142857142858,905.7142857142858,3600.0,16.202476414170732,974819.2685370987
228.57142857142858,952.8571428571429,120.0,16.213027086879436,658619.4774763356
228.57142857142858,952.8571428571429,285.7142857142857,16.21241696317823,610903.0387301854
228.57142857142858,952.8571428571429,451.42857142857144,16.21164088248848,660713.1407433976
228.57142857142858,952.8571428571429,617.1428571428571,16.210805453658374,713233.2323154066
228.57142857142858,952.8571428571429,782.8571428571429,16.209972602261047,759208.3015189954
228.57142857142858,952.8571428571429,948.5714285714287,16.209176199407448,797932.4895927885
228.57142857142858,952.8571428571429,1114.2857142857142,16.20843256891352,830255.8686485594
228.57142857142858,952.8571428571429,1280.0,16.207747512616898,857262.2321543734
228.57142857142858,952.8571428571429,1445.7142857142858,16.2071209771689,879940.2772630744
228.57142857142858,952.8571428571429,1611.4285714285716,16.206549922741246,899112.6515743065
228.57142857142858,952.8571428571429,1777.1428571428573,16.20602998312764,915440.8716781818
228.57142857142858,952.8571428571429,1942.857142857143,16.205556381601788,929450.3095500019
228.57142857142858,952.8571428571429,2108.5714285714284,16.20512441094972,941557.1323974001
228.57142857142858,952.8571428571429,2274.285714285714,16.204729666294487,952091.7642536144
228.57142857142858,952.8571428571429,2440.0,16.204368141358046,961317.8237689572
228.57142857142858,952.8571428571429,2605.714285714286,16.20403625159017,969446.9229882874
228.57142857142858,952.8571428571429,2771.4285714285716,16.203730819969802,976650.0734828617
228.57142857142858,952.8571428571429,2937.1428571428573,16.20344904539555,983066.4377839281
228.57142857142858,952.8571428571429,3102.857142857143,16.203188464529205,988810.0468662846
228.57142857142858,952.8571428571429,3268.571428571429,16.202946912833845,993974.9730263251
228.57142857142858,952.8571428571429,3434.2857142857147,16.202722487673302,998639.3325085003
228.57142857142858,952.8571428571429,3600.0,16.202513514746393,1002868.4003008493
228.57142857142858,1000.0,120.0,16.213013733265548,681146.8935935567
228.57142857142858,1000.0,285.7142857142857,16.212399199269633,629899.3251236933
228.57142857142858,1000.0,451.42857142857144,16.21162305360797,679927.5724122892
228.57142857142858,1000.0,617.1428571428571,16.210790166959065,733247.0984274666
228.57142857142858,1000.0,782.8571428571429,16.20996123597818,780099.2867015167
228.57142857142858,1000.0,948.5714285714287,16.209169332920798,819654.11193046
228.57142857142858,1000.0,1114.2857142857142,16.208430307348195,852729.5956081615
228.57142857142858,1000.0,1280.0,16.207749702419306,880406.0348592366
228.57142857142858,1000.0,1445.7142857142858,16.20712733794584,903678.0223346482
228.57142857142858,1000.0,1611.4285714285716,16.2065601234841,923376.7566821738
228.57142857142858,1000.0,1777.1428571428573,16.20604368421606,940172.4597705321
228.57142857142858,1000.0,1942.857142857143,16.205573256645668,954598.4687262754
228.57142857142858,1000.0,2108.5714285714284,16.205144157096072,967077.9218481159
228.57142857142858,1000.0,2274.285714285714,16.20475200810918,977947.2210417403
228.57142857142858,1000.0,2440.0,16.204392831248214,987475.0643815218
228.57142857142858,1000.0,2605.714285714286,16.20406306846365,995877.3656502884
228.57142857142858,1000.0,2771.4285714285716,16.20375956708722,1003328.779272297
228.57142857142858,1000.0,2937.1428571428573,16.203479547942482,1009971.5581704243
228.57142857142858,1000.0,3102.857142857143,16.203220567189753,1015922.3625344743
228.57142857142858,1000.0,3268.571428571429,16.202980477506777,1021277.5092923922
228.57142857142858,1000.0,3434.2857142857147,16.202757391393174,1026117.038281767
228.57142857142858,1000.0,3600.0,16.20254964782859,1030507.8794851427
264.2857142857143,10.0,120.0,16.213398833186666,110459.75375383951
264.2857142857143,10.0,285.7142857142857,16.213260717845777,115975.21319825598
264.2857142857143,10.0,451.42857142857144,16.21299062872782,128366.26446506401
264.2857142857143,10.0,617.1428571428571,16.21264700831436,135931.23857171094
264.2857142857143,10.0,782.8571428571429,16.212280718668865,140000.4915132269
264.2857142857143,10.0,948.5714285714287,16.211925657368745,141689.40466481916
264.2857142857143,10.0,1114.2857142857142,16.211599495369217,141837.8271894829
264.2857142857143,10.0,1280.0,16.21130873668795,141039.7536474367
264.2857142857143,10.0,1445.7142857142858,16.211053619001852,139693.13215634305
264.2857142857143,10.0,1611.4285714285716,16.210831414271837,138054.8053392722
264.2857142857143,10.0,1777.1428571428573,16.210638304623405,136286.1451930897
264.2857142857143,10.0,1942.857142857143,16.210470333214396,134486.1571316886
264.2857142857143,10.0,2108.5714285714284,16.210323831763287,132713.91444050058
264.2857142857143,10.0,2274.285714285714,16.21019557588085,131003.23698655757
264.2857142857143,10.0,2440.0,16.210082808878788,129372.12466212307
264.2857142857143,10.0,2605.714285714286,16.209983207966584,127828.76713419105
264.2857142857143,10.0,2771.4285714285716,16.209894829770832,126375.35693582438
264.2857142857143,10.0,2937.1428571428573,16.20981605261881,125010.50348510903
264.2857142857143,10.0,3102.857142857143,16.209745523113817,123730.75780698005
264.2857142857143,10.0,3268.571428571429,16.20968210966575,122531.57158222178
264.2857142857143,10.0,3434.2857142857147,16.209624863369907,121407.89573611504
264.2857142857143,10.0,3600.0,16.209572985657246,120354.54894632034
264.2857142857143,57.142857142857146,120.0,16.21335923554786,171607.3948274633
264.2857142857143,57.142857142857146,285.7142857142857,16.213063141761356,185404.15017976615
264.2857142857143,57.142857142857146,451.42857142857144,16.212518570640032,212056.30082784969
264.2857142857143,57.142857142857146,617.1428571428571,16.21183430216788,231831.68268575633
264.2857142857143,57.142857142857146,782.8571428571429,16.21110054707834,245810.3961959842
264.2857142857143,57.142857142857146,948.5714285714287,16.21037652915891,255470.74054981765
264.2857142857143,57.142857142857146,1114.2857142857142,16.209694780748723,262016.9183143507
264.2857142857143,57.142857142857146,1280.0,16.209069647414765,266353.635350017
264.2857142857143,57.142857142857146,1445.7142857142858,16.208504772439323,269134.7059161874
264.2857142857143,57.142857142857146,1611.4285714285716,16.20799816974483,270823.6901476849
264.2857142857143,57.142857142857146,1777.1428571428573,16.20754525610238,271746.7388859263
264.2857142857143,57.142857142857146,1942.857142857143,16.207140527918277,272133.0557987513
264.2857142857143,57.142857142857146,2108.5714285714284,16.206778428273623,272144.0996521485
264.2857142857143,57.142857142857146,2274.285714285714,16.206453758004447,271894.079125241
264.2857142857143,57.142857142857146,2440.0,16.206161840827246,271464.1649454946
264.2857142857143,57.142857142857146,2605.714285714286,16.20589856147835,270912.31357572094
264.2857142857143,57.142857142857146,2771.4285714285716,16.205660342256667,270280.0695785561
264.2857142857143,57.142857142857146,2937.1428571428573,16.20544409298691,269597.29774911545
264.2857142857143,57.142857142857146,3102.857142857143,16.205247152582427,268885.49560676306
264.2857142857143,57.142857142857146,3268.571428571429,16.205067231205906,268160.1284814213
264.2857142857143,57.142857142857146,3434.2857142857147,16.20490235710588,267432.28771010245
264.2857142857143,57.142857142857146,3600.0,16.20475082963092,266709.87681653077
264.2857142857143,104.28571428571429,120.0,16.213326312618403,217312.02781277287
264.2857142857143,104.28571428571429,285.7142857142857,16.212948932097284,230305.12281351615
264.2857142857143,104.28571428571429,451.42857142857144,16.212295540398703,263192.0344275987
264.2857142857143,104.28571428571429,617.1428571428571,16.211493506883617,289126.17280354
264.2857142857143,104.28571428571429,782.8571428571429,16.210641179302595,308494.5348969055
264.2857142857143,104.28571428571429,948.5714285714287,16.20980130941099,322751.7509747867
264.2857142857143,104.28571428571429,1114.2857142857142,16.20900818927251,333188.1914915261
264.2857142857143,104.28571428571429,1280.0,16.20827714450584,340811.82681365346
264.2857142857143,104.28571428571429,1445.7142857142858,16.207612341621566,346373.96099222905
264.2857142857143,104.28571428571429,1611.4285714285716,16.207011997070953,350423.41738042736
264.2857142857143,104.28571428571429,1777.1428571428573,16.206471498941827,353358.32450501306
264.2857142857143,104.28571428571429,1942.857142857143,16.205985155986745,355467.5336498954
264.2857142857143,104.28571428571429,2108.5714285714284,16.20554712274188,356961.45807344106
264.2857142857143,104.28571428571429,2274.285714285714,16.20515185470991,357994.30881162954
264.2857142857143,104.28571428571429,2440.0,16.204794305062848,358679.9095016637
264.2857142857143,104.28571428571429,2605.714285714286,16.20446998419343,359102.9002260976
264.2857142857143,104.28571428571429,2771.4285714285716,16.20417494999088,359326.6866402991
264.2857142857143,104.28571428571429,2937.1428571428573,16.20390576602758,359399.10585120344
264.2857142857143,104.28571428571429,3102.857142857143,16.20365944754685,359356.4905940219
264.2857142857143,104.28571428571429,3268.571428571429,16.203433405519256,359226.6058456545
264.2857142857143,104.28571428571429,3434.2857142857147,16.203225393749918,359030.7872035759
264.2857142857143,104.28571428571429,3600.0,16.203033461163976,358785.51032677287
264.2857142857143,151.42857142857144,120.0,16.213296552080816,257468.48356675848
264.2857142857143,151.42857142857144,285.7142857142857,16.212865614598833,267403.65223055065
264.2857142857143,151.42857142857144,451.42857142857144,16.212153548151008,304127.25446792785
264.2857142857143,151.42857142857144,617.1428571428571,16.21129589892385,334266.4937395396
264.2857142857143,151.42857142857144,782.8571428571429,16.21039201069154,357460.4515301514
264.2857142857143,151.42857142857144,948.5714285714287,16.20950387645731,375061.51048427314
264.2857142857143,151.42857142857144,1114.2857142857142,16.208665056079123,388383.75464879145
264.2857142857143,151.42857142857144,1280.0,16.207890480628716,398488.7725630194
264.2857142857143,151.42857142857144,1445.7142857142858,16.20718416671799,406185.4330598404
264.2857142857143,151.42857142857144,1611.4285714285716,16.206544296713457,412075.7383240059
264.2857142857143,151.42857142857144,1777.1428571428573,16.20596625713864,416604.1506935053
264.2857142857143,151.42857142857144,1942.857142857143,16.205444347353556,420098.78168529866
264.2857142857143,151.42857142857144,2108.5714285714284,16.20497269057046,422802.84738800384
264.2857142857143,151.42857142857144,2274.285714285714,16.20454568802013,424897.7835128774
264.2857142857143,151.42857142857144,2440.0,16.20415821995717,426519.9543342232
264.2857142857143,151.42857142857144,2605.714285714286,16.20380571088678,427772.66649217857
264.2857142857143,151.42857142857144,2771.4285714285716,16.20348412514291,428734.81301157165
264.2857142857143,151.42857142857144,2937.1428571428573,16.203189929389158,429467.11836464086
264.2857142857143,151.42857142857144,3102.857142857143,16.20292004184306,430016.6777228216
264.2857142857143,151.42857142857144,3268.571428571429,16.20267177861491,430420.2798782674
264.2857142857143,151.42857142857144,3434.2857142857147,16.20244280232995,430706.8584254409
264.2857142857143,151.42857142857144,3600.0,16.202231075345058,430899.3141379356
264.2857142857143,198.57142857142858,120.0,16.21326902430019,294454.6075175074
264.2857142857143,198.57142857142858,285.7142857142857,16.212799175983932,300392.69433025346
264.2857142857143,198.57142857142858,451.42857142857144,16.21205133549386,339777.00932232605
264.2857142857143,198.57142857142858,617.1428571428571,16.21116443828646,373124.07412922964
264.2857142857143,198.57142857142858,782.8571428571429,16.210236372520086,399321.53273364675
264.2857142857143,198.57142857142858,948.5714285714287,16.209327150035733,419589.9135038011
264.2857142857143,198.57142857142858,1114.2857142857142,16.208468943064293,435240.90156102326
264.2857142857143,198.57142857142858,1280.0,16.207675923955723,447367.9862318841
264.2857142857143,198.57142857142858,1445.7142857142858,16.206951768925556,456819.6227569296
264.2857142857143,198.57142857142858,1611.4285714285716,16.206294548591043,464236.2132351011
264.2857142857143,198.57142857142858,1777.1428571428573,16.20569964453784,470096.50253190234
264.2857142857143,198.57142857142858,1942.857142857143,16.205161390732723,474758.09838598693
264.2857142857143,198.57142857142858,2108.5714285714284,16.204673951370847,478489.14042166155
264.2857142857143,198.57142857142858,2274.285714285714,16.204231760807094,481491.9412874731
264.2857142857143,198.57142857142858,2440.0,16.203829719998538,483920.2908652283
264.2857142857143,198.57142857142858,2605.714285714286,16.20346326168938,485892.0337703312
264.2857142857143,198.57142857142858,2771.4285714285716,16.20312834778013,487498.208983437
264.2857142857143,198.57142857142858,2937.1428571428573,16.20282143413209,488809.71471418656
264.2857142857143,198.57142857142858,3102.857142857143,16.20253942201077,489882.19614204735
264.2857142857143,198.57142857142858,3268.571428571429,16.202279606328855,490759.6544694484
264.2857142857143,198.57142857142858,3434.2857142857147,16.20203962580205,491477.131722279
264.2857142857143,198.57142857142858,3600.0,16.20181741735149,492062.7234375183
264.2857142857143,245.71428571428572,120.0,16.213243259873547,329294.45413329464
264.2857142857143,245.71428571428572,285.7142857142857,16.212743483975878,330783.93656686373
264.2857142857143,245.71428571428572,451.42857142857144,16.21197224502998,372138.8210956984
264.2857142857143,245.71428571428572,617.1428571428571,16.211069376293768,408089.7655142282
264.2857142857143,245.71428571428572,782.8571428571429,16.2101303865563,436783.0606276835
264.2857142857143,245.71428571428572,948.5714285714287,16.209212980717126,459294.0508160185
264.2857142857143,245.71428571428572,1114.2857142857142,16.20834780540578,476918.5340759501
264.2857142857143,245.71428571428572,1280.0,16.20754819765443,490770.1462137137
264.2857142857143,245.71428571428572,1445.7142857142858,16.206817447163594,501726.9499369509
264.2857142857143,245.71428571428572,1611.4285714285716,16.20615348993702,510459.40078600025
264.2857142857143,245.71428571428572,1777.1428571428573,16.205551699175235,517473.6240793242
264.2857142857143,245.71428571428572,1942.857142857143,16.205006455242273,523151.061353699
264.2857142857143,245.71428571428572,2108.5714285714284,16.204511986036845,527780.1523865928
264.2857142857143,245.71428571428572,2274.285714285714,16.204062788846706,531580.3197001171
264.2857142857143,245.71428571428572,2440.0,16.203653819145178,534719.7096209334
264.2857142857143,245.71428571428572,2605.714285714286,16.203280553440496,537328.2005562207
264.2857142857143,245.71428571428572,2771.4285714285716,16.20293898682872,539506.9290666668
264.2857142857143,245.71428571428572,2937.1428571428573,16.20262559903737,541335.286075426
264.2857142857143,245.71428571428572,3102.857142857143,16.202337307428177,542876.0820115611
264.2857142857143,245.71428571428572,3268.571428571429,16.20207141677281,544179.3851198116
264.2857142857143,245.71428571428572,3434.2857142857147,16.201825570770104,545285.3944571513
264.2857142857143,245.71428571428572,3600.0,16.201597707594345,546226.6066123189
264.2857142857143,292.8571428571429,120.0,16.213218967144613,362536.22558173386
264.2857142857143,292.8571428571429,285.7142857142857,16.212695282501148,359355.7708456894
264.2857142857143,292.8571428571429,451.42857142857144,16.2119080392921,402233.67306327843
264.2857142857143,292.8571428571429,617.1428571428571,16.21099658372009,440385.6290920282
264.2857142857143,292.8571428571429,782.8571428571429,16.21005372572292,471230.923398928
264.2857142857143,292.8571428571429,948.5714285714287,16.209134851183315,495693.4260263221
264.2857142857143,292.8571428571429,1114.2857142857142,16.208269114548724,515045.2684535353
264.2857142857143,292.8571428571429,1280.0,16.2074690363022,530413.0840084152
264.2857142857143,292.8571428571429,1445.7142857142858,16.206737523265318,542698.3204200653
264.2857142857143,292.8571428571429,1611.4285714285716,16.206072374544544,552596.2017932205
264.2857142857143,292.8571428571429,1777.1428571428573,16.205468953282594,560635.8136784736
264.2857142857143,292.8571428571429,1942.857142857143,16.204921688048312,567218.7703389749
264.2857142857143,292.8571428571429,2108.5714285714284,16.204424876275986,572650.7965654181
264.2857142857143,292.8571428571429,2274.285714285714,16.203973087485554,577165.9480931385
264.2857142857143,292.8571428571429,2440.0,16.203561343512153,580944.6941469697
264.2857142857143,292.8571428571429,2605.714285714286,16.203185178098323,584127.2751984769
264.2857142857143,292.8571428571429,2771.4285714285716,16.202840633854127,586823.5478974056
264.2857142857143,292.8571428571429,2937.1428571428573,16.20252422894388,589120.2573117175
264.2857142857143,292.8571428571429,3102.857142857143,16.20223291121974,591086.4346252626
264.2857142857143,292.8571428571429,3268.571428571429,16.201964009239777,592777.4285316004
264.2857142857143,292.8571428571429,3434.2857142857147,16.201715184962804,594237.9373206956
264.2857142857143,292.8571428571429,3600.0,16.2014843903371,595504.306219361
264.2857142857143,340.0,120.0,16.213195943891222,394512.0309086136
264.2857142857143,340.0,285.7142857142857,16.212652630688993,386565.10114393383
264.2857142857143,340.0,451.42857142857144,16.211854112770023,430656.5486902267
264.2857142857143,340.0,617.1428571428571,16.210938452804204,470723.20610473916
264.2857142857143,340.0,782.8571428571429,16.20999570571388,503472.9490537507
264.2857142857143,340.0,948.5714285714287,16.209079042000848,529675.4075652063
264.2857142857143,340.0,1114.2857142857142,16.20821621493743,550574.2631327314
264.2857142857143,340.0,1280.0,16.20741897916314,567304.4643622194
264.2857142857143,340.0,1445.7142857142858,16.206689879822672,580786.6605484415
264.2857142857143,340.0,1611.4285714285716,16.20602658480627,591737.2390337687
264.2857142857143,340.0,1777.1428571428573,16.205424446744182,600705.1999167864
264.2857142857143,340.0,1942.857142857143,16.20487794080687,608109.7876217008
264.2857142857143,340.0,2108.5714285714284,16.20438143339203,614271.9036190365
264.2857142857143,340.0,2274.285714285714,16.20392956738056,619438.4941934961
264.2857142857143,340.0,2440.0,16.203517433759558,623800.912139784
264.2857142857143,340.0,2605.714285714286,16.203140627641734,627508.5700662441
264.2857142857143,340.0,2771.4285714285716,16.202795244253828,630679.0588657361
264.2857142857143,340.0,2937.1428571428573,16.202477845917286,633405.6585798493
264.2857142857143,340.0,3102.857142857143,16.202185417025916,635762.9381032547
264.2857142857143,340.0,3268.571428571429,16.201915316086435,637810.9548660981
264.2857142857143,340.0,3434.2857142857147,16.201665229430358,639598.425943136
264.2857142857143,340.0,3600.0,16.20143312873167,641165.1397863528
264.2857142857143,387.14285714285717,120.0,16.213174039944494,425440.1513084526
264.2857142857143,387.14285714285717,285.7142857142857,16.21261427624275,412704.3767529868
264.2857142857143,387.14285714285717,451.42857142857144,16.21180766286517,457785.6485939289
264.2857142857143,387.14285714285717,617.1428571428571,16.210890516437026,499554.1703377531
264.2857142857143,387.14285714285717,782.8571428571429,16.209950200037095,534022.164520285
264.2857142857143,387.14285714285717,948.5714285714287,16.209037811852884,561804.1968606046
264.2857142857143,387.14285714285717,1114.2857142857142,16.20817981051368,584112.449741499
264.2857142857143,387.14285714285717,1280.0,16.207387244027466,602086.9612924223
264.2857142857143,387.14285714285717,1445.7142857142858,16.206662322415944,616664.6172678552
264.2857142857143,387.14285714285717,1611.4285714285716,16.20600259091338,628580.3755153259
264.2857142857143,387.14285714285717,1777.1428571428573,16.20540339186819,638400.9401055007
264.2857142857143,387.14285714285717,1942.857142857143,16.204859244326077,646561.3274840625
264.2857142857143,387.14285714285717,2108.5714285714284,16.204364580602466,653396.0661780786
264.2857142857143,387.14285714285717,2274.285714285714,16.203914114682544,659163.705644163
264.2857142857143,387.14285714285717,2440.0,16.20350300556529,664065.4139508527
264.2857142857143,387.14285714285717,2605.714285714286,16.20312690967633,668258.8887267603
264.2857142857143,387.14285714285717,2771.4285714285716,16.202781975708646,671868.7170074397
264.2857142857143,387.14285714285717,2937.1428571428573,16.202464811686273,674994.0979772124
264.2857142857143,387.14285714285717,3102.857142857143,16.20217244058787,677714.6227046764
264.2857142857143,387.14285714285717,3268.571428571429,16.201902253242263,680094.6241819371
264.2857142857143,387.14285714285717,3434.2857142857147,16.20165196292414,682186.4728747883
264.2857142857143,387.14285714285717,3600.0,16.20141956369861,684033.0910042322
264.2857142857143,434.28571428571433,120.0,16.21315313842868,455472.67071513366
264.2857142857143,434.28571428571433,285.7142857142857,16.212579362589853,437972.7613337119
264.2857142857143,434.28571428571433,451.42857142857144,16.211766873387013,483876.8505447567
264.2857142857143,434.28571428571433,617.1428571428571,16.210849977266136,527183.6077971733
264.2857142857143,434.28571428571433,782.8571428571429,16.209913461784623,563225.1083667914
264.2857142857143,434.28571428571433,948.5714285714287,16.209006503944753,592461.1734171837
264.2857142857143,434.28571428571433,1114.2857142857142,16.208154373480056,616070.5145076816
264.2857142857143,434.28571428571433,1280.0,16.207367470428558,635195.9560435832
264.2857142857143,434.28571428571433,1445.7142857142858,16.206647696718022,650788.4353035612
264.2857142857143,434.28571428571433,1611.4285714285716,16.205992484207677,663599.5414024706
264.2857142857143,434.28571428571433,1777.1428571428573,16.205397165547776,674212.0142538853
264.2857142857143,434.28571428571433,1942.857142857143,16.20485630067831,683075.2313649934
264.2857142857143,434.28571428571433,2108.5714285714284,16.204364383928517,690536.1657674675
264.2857142857143,434.28571428571433,2274.285714285714,16.203916196783936,696863.9834455975
264.2857142857143,434.28571428571433,2440.0,16.20350696342245,702268.8458172047
264.2857142857143,434.28571428571433,2605.714285714286,16.203132399619776,706916.0505268879
264.2857142857143,434.28571428571433,2771.4285714285716,16.202788706374516,710936.6088534505
264.2857142857143,434.28571428571433,2937.1428571428573,16.20247253692499,714435.1603892659
264.2857142857143,434.28571428571433,3102.857142857143,16.202180952877857,717495.9163354962
264.2857142857143,434.28571428571433,3268.571428571429,16.20191137782937,720187.1463967628
264.2857142857143,434.28571428571433,3434.2857142857147,16.201661552735057,722564.5877498409
264.2857142857143,434.28571428571433,3600.0,16.20142949499249,724674.0528890714
264.2857142857143,481.42857142857144,120.0,16.213133145229904,484720.32734210807
264.2857142857143,481.42857142857144,285.7142857142857,16.212547276849204,462512.38908766396
264.2857142857143,481.42857142857144,451.42857142857144,16.211730508350787,509111.6389109362
264.2857142857143,481.42857142857144,617.1428571428571,16.210814993490835,553827.5164744275
264.2857142857143,481.42857142857144,782.8571428571429,16.209883081694947,591327.0660194595
264.2857142857143,481.42857142857144,948.5714285714287,16.20898217489896,621916.3929814375
264.2857142857143,481.42857142857144,1114.2857142857142,16.208136452738717,646739.4725996983
264.2857142857143,481.42857142857144,1280.0,16.20735572199241,666940.2286278433
264.2857142857143,481.42857142857144,1445.7142857142858,16.206641602069286,683481.9915074549
264.2857142857143,481.42857142857144,1611.4285714285716,16.205991420528083,697131.4865298937
264.2857142857143,481.42857142857144,1777.1428571428573,16.205400501067192,708486.1920488508
264.2857142857143,481.42857142857144,1942.857142857143,16.204863441623722,718008.7427958972
264.2857142857143,481.42857142857144,2108.5714285714284,16.204374794474354,726057.6270200995
264.2857142857143,481.42857142857144,2274.285714285714,16.20392940457082,732911.8490001847
264.2857142857143,481.42857142857144,2440.0,16.203522557780712,738789.9130503903
264.2857142857143,481.42857142857144,2605.714285714286,16.203150026445165,743864.1730863337
264.2857142857143,481.42857142857144,2771.4285714285716,16.202808061779205,748271.6093701757
264.2857142857143,481.42857142857144,2937.1428571428573,16.202493360761235,752121.9197713598
264.2857142857143,481.42857142857144,3102.857142857143,16.202203022664097,755503.6138743458
264.2857142857143,481.42857142857144,3268.571428571429,16.201934503300382,758488.6262381754
264.2857142857143,481.42857142857144,3434.2857142857147,16.201685571075842,761135.8301896744
264.2857142857143,481.42857142857144,3600.0,16.201454266733894,763493.7322058184
264.2857142857143,528.5714285714286,120.0,16.213113982589707,513266.5983674797
264.2857142857143,528.5714285714286,285.7142857142857,16.21251756448141,486428.4830053414
264.2857142857143,528.5714285714286,451.42857142857144,16.211697692869258,533623.5916605941
264.2857142857143,528.5714285714286,617.1428571428571,16.21078430244166,579644.5803758391
264.2857142857143,528.5714285714286,782.8571428571429,16.209857446959536,618508.1589017153
264.2857142857143,528.5714285714286,948.5714285714287,16.208962889264047,650368.2027243614
264.2857142857143,528.5714285714286,1114.2857142857142,16.20812380879256,676333.1682576318
264.2857142857143,528.5714285714286,1280.0,16.207349468764715,697546.8211735309
264.2857142857143,528.5714285714286,1445.7142857142858,16.206641229513778,714983.5972032408
264.2857142857143,528.5714285714286,1611.4285714285716,16.20599632278643,729424.1771752379
264.2857142857143,528.5714285714286,1777.1428571428573,16.2054100641318,741479.7442239791
264.2857142857143,528.5714285714286,1942.857142857143,16.204877086795612,751625.3058804338
264.2857142857143,528.5714285714286,2108.5714285714284,16.20439199707367,760230.1179603232
264.2857142857143,528.5714285714286,2274.285714285714,16.203949699341198,767582.3948238932
264.2857142857143,528.5714285714286,2440.0,16.20354553750565,773908.4571006418
264.2857142857143,528.5714285714286,2605.714285714286,16.203175337400133,779387.2736343123
264.2857142857143,528.5714285714286,2771.4285714285716,16.202835397982202,784161.4232537586
264.2857142857143,528.5714285714286,2937.1428571428573,16.20252245804659,788345.3504787257
264.2857142857143,528.5714285714286,3102.857142857143,16.202233653082118,792031.6003194446
264.2857142857143,528.5714285714286,3268.571428571429,16.201966470060274,795295.5495417718
264.2857142857143,528.5714285714286,3434.2857142857147,16.201718704097143,798199.0184158565
264.2857142857143,528.5714285714286,3600.0,16.201488418794458,800793.0460038633
264.2857142857143,575.7142857142858,120.0,16.213095584963384,541176.2041809771
264.2857142857143,575.7142857142858,285.7142857142857,16.21248987836051,509801.2752302272
264.2857142857143,575.7142857142858,451.42857142857144,16.211667787248434,557514.0098442856
264.2857142857143,575.7142857142858,617.1428571428571,16.210757009057584,604754.9120794066
264.2857142857143,575.7142857142858,782.8571428571429,16.209835441444696,644904.6488179503
264.2857142857143,575.7142857142858,948.5714285714287,16.208947332404616,677966.6550469442
264.2857142857143,575.7142857142858,1114.2857142857142,16.208114942006087,705013.4278062185
264.2857142857143,575.7142857142858,1280.0,16.207347034529544,727187.627008439
264.2857142857143,575.7142857142858,1445.7142857142858,16.206644732404857,745473.7754159513
264.2857142857143,575.7142857142858,1611.4285714285716,16.206005179339463,760665.558888909
264.2857142857143,575.7142857142858,1777.1428571428573,16.2054236835343,773387.025529121
264.2857142857143,575.7142857142858,1942.857142857143,16.20489491109891,784124.8330893045
264.2857142857143,575.7142857142858,2108.5714285714284,16.204413518680003,793258.3917260699
264.2857142857143,575.7142857142858,2274.285714285714,16.203974466215154,801084.6090421103
264.2857142857143,575.7142857142858,2440.0,16.203573152078686,807837.1876397952
264.2857142857143,575.7142857142858,2605.714285714286,16.20320545249944,813701.3464237712
264.2857142857143,575.7142857142858,2771.4285714285716,16.202867711598444,818824.9559170434
264.2857142857143,575.7142857142858,2937.1428571428573,16.202556707895287,823326.9486159036
264.2857142857143,575.7142857142858,3102.857142857143,16.202269611432936,827303.686276444
264.2857142857143,575.7142857142858,3268.571428571429,16.20200393904407,830833.8023852883
264.2857142857143,575.7142857142858,3434.2857142857147,16.20175751155864,833981.9062604668
264.2857142857143,575.7142857142858,3600.0,16.201528414685523,836801.4346396676
264.2857142857143,622.8571428571429,120.0,16.213077896211164,568500.507410326
264.2857142857143,622.8571428571429,285.7142857142857,16.212463946854378,532693.4480722027
264.2857142857143,622.8571428571429,451.42857142857144,16.21164031084938,580861.6341438064
264.2857142857143,622.8571428571429,617.1428571428571,16.21073246071185,629251.6978905824
264.2857142857143,622.8571428571429,782.8571428571429,16.209816270796118,670622.1815766832
264.2857142857143,622.8571428571429,948.5714285714287,16.208934586800975,704828.0759489716
264.2857142857143,622.8571428571429,1114.2857142857142,16.208108821742073,732905.7273131917
264.2857142857143,622.8571428571429,1280.0,16.20734728082322,755995.972000935
264.2857142857143,622.8571428571429,1445.7142857142858,16.20665086756719,775092.6033272237
264.2857142857143,622.8571428571429,1611.4285714285716,16.20601664468535,791001.5347999027
264.2857142857143,622.8571428571429,1777.1428571428573,16.205439913799342,804358.9860480987
264.2857142857143,622.8571428571429,1942.857142857143,16.204915371678986,815662.6650641819
264.2857142857143,622.8571428571429,2108.5714285714284,16.20443772195265,825301.6252327116
264.2857142857143,622.8571428571429,2274.285714285714,16.204001976519127,833581.0353885004
264.2857142857143,622.8571428571429,2440.0,16.203603584832752,840741.6161994517
264.2857142857143,622.8571428571429,2605.714285714286,16.203238470529893,846974.5303078895
264.2857142857143,622.8571428571429,2771.4285714285716,16.202903020354434,852432.6818216725
264.2857142857143,622.8571428571429,2937.1428571428573,16.202594050441334,857239.2732725249
264.2857142857143,622.8571428571429,3102.857142857143,16.202308763664565,861494.2986213504
264.2857142857143,622.8571428571429,3268.571428571429,16.202044705327516,865279.4913072422
264.2857142857143,622.8571428571429,3434.2857142857147,16.20179972086314,868662.1160516075
264.2857142857143,622.8571428571429,3600.0,16.201571917207932,871697.892918037
264.2857142857143,670.0,120.0,16.21306086761817,595281.0833964321
264.2857142857143,670.0,285.7142857142857,16.212439552990475,555154.9807051076
264.2857142857143,670.0,451.42857142857144,16.2116148940573,603728.9483258055
264.2857142857143,670.0,617.1428571428571,16.21071016989647,653208.7468547788
264.2857142857143,670.0,782.8571428571429,16.20979935593242,695744.3748443048
264.2857142857143,670.0,948.5714285714287,16.208923997136083,731044.5186647401
264.2857142857143,670.0,1114.2857142857142,16.208104724082887,760109.36860876
264.2857142857143,670.0,1280.0,16.207349418469366,784077.394339039
264.2857142857143,670.0,1445.7142857142858,16.206658781914538,803950.9978715301
264.2857142857143,670.0,1611.4285714285716,16.206029802484586,820547.6762679662
264.2857142857143,670.0,1777.1428571428573,16.20545777594361,834515.2403186578
264.2857142857143,670.0,1942.857142857143,16.204937427741797,846361.9432390435
264.2857142857143,670.0,2108.5714285714284,16.204463505419433,856486.0498219364
264.2857142857143,670.0,2274.285714285714,16.204031069518656,865200.6241472318
264.2857142857143,670.0,2440.0,16.203635617417472,872753.0959826153
264.2857142857143,670.0,2605.714285714286,16.203273117340007,879340.3111490147
264.2857142857143,670.0,2771.4285714285716,16.20293999622252,885119.9874281186
264.2857142857143,670.0,2937.1428571428573,16.202633105766175,890219.4114188623
264.2857142857143,670.0,3102.857142857143,16.202349679973143,894742.051596737
264.2857142857143,670.0,3268.571428571429,16.202087291216465,898772.6072163281
264.2857142857143,670.0,3434.2857142857147,16.201843808387675,902380.8839058118
264.2857142857143,670.0,3600.0,16.201617358721233,905624.7869692353
264.2857142857143,717.1428571428572,120.0,16.213044456453343,621552.1628637447
264.2857142857143,717.1428571428572,285.7142857142857,16.212416520384874,577226.4198491487
264.2857142857143,717.1428571428572,451.42857142857144,16.21159124688206,626166.4162767583
264.2857142857143,717.1428571428572,617.1428571428571,16.210689764711034,676685.5606590647
264.2857142857143,717.1428571428572,782.8571428571429,16.20978426580062,720338.5865742886
264.2857142857143,717.1428571428572,948.5714285714287,16.208915085953944,756690.1171113261
264.2857142857143,717.1428571428572,1114.2857142857142,16.208102131075652,786704.3231768375
264.2857142857143,717.1428571428572,1280.0,16.20735289111726,811516.9002854581
264.2857142857143,717.1428571428572,1445.7142857142858,16.20666788101317,832138.3182194574
264.2857142857143,717.1428571428572,1611.4285714285716,16.206044019900624,849397.1181816398
264.2857142857143,717.1428571428572,1777.1428571428573,16.20547659835475,863952.2108264635
264.2857142857143,717.1428571428572,1942.857142857143,16.20496036872735,876321.9645608097
264.2857142857143,717.1428571428572,2108.5714285714284,16.20449011968356,886913.4865096217
264.2857142857143,717.1428571428572,2274.285714285714,16.204060957371034,896047.4223580755
264.2857142857143,717.1428571428572,2440.0,16.20366842417653,903977.6456520323
264.2857142857143,717.1428571428572,2605.714285714286,16.203308530283937,910906.4612531529
264.2857142857143,717.1428571428572,2771.4285714285716,16.202977740534195,916996.211160865
264.2857142857143,717.1428571428572,2937.1428571428573,16.202672940245044,922378.1056097598
264.2857142857143,717.1428571428572,3102.857142857143,16.20239139290751,927158.9513825468
264.2857142857143,717.1428571428572,3268.571428571429,16.202130696597983,931426.2975499694
264.2857142857143,717.1428571428572,3434.2857142857147,16.20188874253436,935252.391521743
264.2857142857143,717.1428571428572,3600.0,16.20166367731468,938697.238834563
264.2857142857143,764.2857142857143,120.0,16.213028624892072,647342.3515822281
264.2857142857143,764.2857142857143,285.7142857142857,16.212394703457733,598941.1540674394
264.2857142857143,764.2857142857143,451.42857142857144,16.211569137794676,648215.4169963328
264.2857142857143,764.2857142857143,617.1428571428571,16.210670956160435,699730.8422156872
264.2857142857143,764.2857142857143,782.8571428571429,16.20977067358791,744459.9070767522
264.2857142857143,764.2857142857143,948.5714285714287,16.20890749929101,781825.4846373015
264.2857142857143,764.2857142857143,1114.2857142857142,16.208100666245784,812755.9732558448
264.2857142857143,764.2857142857143,1280.0,16.20735730107383,838383.993970775
264.2857142857143,764.2857142857143,1445.7142857142858,16.206677745664468,859727.6396261246
264.2857142857143,764.2857142857143,1611.4285714285716,16.20605885537108,877626.0397904717
264.2857142857143,764.2857142857143,1777.1428571428573,16.205495916193946,892748.7850391866
264.2857142857143,764.2857142857143,1942.857142857143,16.20498370578619,905623.9891368413
264.2857142857143,764.2857142857143,2108.5714285714284,16.204517051409766,916667.2829283929
264.2857142857143,764.2857142857143,2274.285714285714,16.204091102044213,926206.6222395987
264.2857142857143,764.2857142857143,2440.0,16.203701442405848,934502.094294327
264.2857142857143,764.2857142857143,2605.714285714286,16.20334412220584,941761.2682968196
264.2857142857143,764.2857142857143,2771.4285714285716,16.20301564205631,948150.9456639903
264.2857142857143,764.2857142857143,2937.1428571428573,16.202712919058744,953806.1205404542
264.2857142857143,764.2857142857143,3102.857142857143,16.20243324463859,958836.8192540448
264.2857142857143,764.2857142857143,3268.571428571429,16.202174241267862,963333.339442885
264.2857142857143,764.2857142857143,3434.2857142857147,16.201933821396324,967370.2836919837
264.2857142857143,764.2857142857143,3600.0,16.20171015007237,971009.6834288656
264.2857142857143,811.4285714285714,120.0,16.21301333919224,672675.8710842564
264.2857142857143,811.4285714285714,285.7142857142857,16.212373980455475,620327.036410501
264.2857142857143,811.4285714285714,451.42857142857144,16.21154837907986,669910.3308625981
264.2857142857143,811.4285714285714,617.1428571428571,16.210653515966975,722384.9871177517
264.2857142857143,811.4285714285714,782.8571428571429,16.209758327433978,768153.9935628881
264.2857142857143,811.4285714285714,948.5714285714287,16.208900970687168,806500.8382701828
264.2857142857143,811.4285714285714,1114.2857142857142,16.208100052227863,838318.4808612845
264.2857142857143,811.4285714285714,1280.0,16.207362360830427,864736.253576615
264.2857142857143,811.4285714285714,1445.7142857142858,16.206688077587717,886779.5053847426
264.2857142857143,811.4285714285714,1611.4285714285716,16.20607399870508,905297.5662804032
264.2857142857143,811.4285714285714,1777.1428571428573,16.205515406169248,920970.3448275386
264.2857142857143,811.4285714285714,1942.857142857143,16.205007101491393,934335.3793467516
264.2857142857143,811.4285714285714,2108.5714285714284,16.204543948236118,945816.5469612166
264.2857142857143,811.4285714285714,2274.285714285714,16.20412113568452,955748.8766322704
264.2857142857143,811.4285714285714,2440.0,16.203734288425288,964398.4679812341
264.2857142857143,811.4285714285714,2605.714285714286,16.203379493453415,971977.983979353
264.2857142857143,811.4285714285714,2771.4285714285716,16.203053285172953,978658.5408912271
264.2857142857143,811.4285714285714,2937.1428571428573,16.20275261075813,984578.7940582561
264.2857142857143,811.4285714285714,3102.857142857143,16.202474788108063,989851.8849436211
264.2857142857143,811.4285714285714,3268.571428571429,16.202217462852882,994570.7706551435
264.2857142857143,811.4285714285714,3434.2857142857147,16.201978567630686,998812.3326727801
264.2857142857143,811.4285714285714,3600.0,16.20175628506259,1002640.5627815222
264.2857142857143,858.5714285714287,120.0,16.212998569051557,697573.473047991
264.2857142857143,858.5714285714287,285.7142857142857,16.21235424836366,641407.5682518875
264.2857142857143,858.5714285714287,451.42857142857144,16.211528816460138,691280.0562490134
264.2857142857143,858.5714285714287,617.1428571428571,16.21063726115737,744681.8928881185
264.2857142857143,858.5714285714287,782.8571428571429,16.209747030376757,791459.1281967037
264.2857142857143,858.5714285714287,948.5714285714287,16.20889529680458,830758.2675872914
264.2857142857143,858.5714285714287,1114.2857142857142,16.20810008228532,863437.2353644316
264.2857142857143,858.5714285714287,1280.0,16.207367860661872,890621.9306473325
264.2857142857143,858.5714285714287,1445.7142857142858,16.20669866325688,913344.6552945855
264.2857142857143,858.5714285714287,1611.4285714285716,16.206089231311534,932464.6075400172
264.2857142857143,858.5714285714287,1777.1428571428573,16.205534843310428,948671.6997836105
264.2857142857143,858.5714285714287,1942.857142857143,16.20503032331751,962512.614551087
264.2857142857143,858.5714285714287,2108.5714285714284,16.204570569115123,974419.2318150416
264.2857142857143,858.5714285714287,2274.285714285714,16.20415080797672,984733.4451737318
264.2857142857143,858.5714285714287,2440.0,16.203766702111086,993727.1892360366
264.2857142857143,858.5714285714287,2605.714285714286,16.203414373731373,1001618.0701693372
264.2857142857143,858.5714285714287,2771.4285714285716,16.20309038920243,1008581.3913133092
264.2857142857143,858.5714285714287,2937.1428571428573,16.202791724180365,1014759.3606348587
264.2857142857143,858.5714285714287,3102.857142857143,16.202515721672647,1020268.1422673261
264.2857142857143,858.5714285714287,3268.571428571429,16.20226004930445,1025203.2738147418
264.2857142857143,858.5714285714287,3434.2857142857147,16.202022658915723,1029643.8479847463
264.2857142857143,858.5714285714287,3600.0,16.20180174986564,1033655.7587418644
264.2857142857143,905.7142857142858,120.0,16.2129842870977,722053.1258186649
264.2857142857143,905.7142857142858,285.7142857142857,16.21233541912521,662202.7800389476
264.2857142857143,905.7142857142858,451.42857142857144,16.211510321593078,712349.1339465363
264.2857142857143,905.7142857142858,617.1428571428571,16.210622043130147,766650.2988923399
264.2857142857143,905.7142857142858,782.8571428571429,16.209736626332745,814407.7419132963
264.2857142857143,905.7142857142858,948.5714285714287,16.20889032056932,854633.4148531128
264.2857142857143,905.7142857142858,1114.2857142857142,16.208100600778376,888150.6665276657
264.2857142857143,905.7142857142858,1280.0,16.20737364653807,916081.8762872606
264.2857142857143,905.7142857142858,1445.7142857142858,16.206709349352774,939466.0484580034
264.2857142857143,905.7142857142858,1611.4285714285716,16.206104399283213,959171.9636890374
264.2857142857143,905.7142857142858,1777.1428571428573,16.205554071776927,975899.2638734931
264.2857142857143,905.7142857142858,1942.857142857143,16.205053212266535,990203.5291431701
264.2857142857143,905.7142857142858,2108.5714285714284,16.20459675085385,1002524.4273067039
264.2857142857143,905.7142857142858,2274.285714285714,16.204179950694837,1013210.5319428934
264.2857142857143,905.7142857142858,2440.0,16.2037985095532,1022539.4552253055
264.2857142857143,905.7142857142858,2605.714285714286,16.203448582959012,1030733.6127146408
264.2857142857143,905.7142857142858,2771.4285714285716,16.203126767545925,1037972.3811474196
264.2857142857143,905.7142857142858,2937.1428571428573,16.202830065975892,1044401.4244235444
264.2857142857143,905.7142857142858,3102.857142857143,16.202555845092537,1050139.846924671
264.2857142857143,905.7142857142858,3268.571428571429,16.202301793427498,1055285.6962988474
264.2857142857143,905.7142857142858,3434.2857142857147,16.202065881095006,1059920.216070773
264.2857142857143,905.7142857142858,3600.0,16.201846323403625,1064111.1504096403
264.2857142857143,952.8571428571429,120.0,16.212970468477803,746130.5383688327
264.2857142857143,952.8571428571429,285.7142857142857,16.21231741678005,682729.8979791753
264.2857142857143,952.8571428571429,451.42857142857144,16.211492786545687,733138.5954517574
264.2857142857143,952.8571428571429,617.1428571428571,16.21060773975518,788314.7960711577
264.2857142857143,952.8571428571429,782.8571428571429,16.209726990112856,837027.562407778
264.2857142857143,952.8571428571429,948.5714285714287,16.20888591930102,878156.7408612983
264.2857142857143,952.8571428571429,1114.2857142857142,16.208101489528794,912491.6108069071
264.2857142857143,952.8571428571429,1280.0,16.20737960480228,941150.9932250786
264.2857142857143,952.8571428571429,1445.7142857142858,16.206720025814192,965180.3887418928
264.2857142857143,952.8571428571429,1611.4285714285716,16.20611939487414,985457.9135599935
264.2857142857143,952.8571428571429,1777.1428571428573,16.205572984815156,1002692.6982352303
264.2857142857143,952.8571428571429,1942.857142857143,16.20507566136098,1017449.0023556661
264.2857142857143,952.8571428571429,2108.5714285714284,16.204622385200775,1030174.0905297442
264.2857142857143,952.8571428571429,2274.285714285714,16.20420845344234,1041223.0517988534
264.2857142857143,952.8571428571429,2440.0,16.20382959750876,1050879.035376716
264.2857142857143,952.8571428571429,2605.714285714286,16.20348200449644,1059369.146604725
264.2857142857143,952.8571428571429,2771.4285714285716,16.20316229974476,1066876.7338766777
264.2857142857143,952.8571428571429,2937.1428571428573,16.202867511553265,1073550.8304041522
264.2857142857143,952.8571428571429,3102.857142857143,16.202595029418223,1079513.4069180747
264.2857142857143,952.8571428571429,3268.571428571429,16.202342561761306,1084864.9578959912
264.2857142857143,952.8571428571429,3434.2857142857147,16.202108096101657,1089688.8234379762
264.2857142857143,952.8571428571429,3600.0,16.201889862955095,1094054.5512209062
264.2857142857143,1000.0,120.0,16.212957090523524,769819.5660573427
264.2857142857143,1000.0,285.7142857142857,16.212300175267828,703003.8565171249
264.2857142857143,1000.0,451.42857142857144,16.211476119657313,753666.6129390703
264.2857142857143,1000.0,617.1428571428571,16.21059424956788,809696.5997424414
264.2857142857143,1000.0,782.8571428571429,16.209718020193016,859342.4924594188
264.2857142857143,1000.0,948.5714285714287,16.208881996217606,901354.4934426328
264.2857142857143,1000.0,1114.2857142857142,16.208102658149556,936488.356918476
264.2857142857143,1000.0,1280.0,16.207385651378637,965859.3473178482
264.2857142857143,1000.0,1445.7142857142858,16.20673061395911,990519.2928419723
264.2857142857143,1000.0,1611.4285714285716,16.20613414356478,1011355.431437227
264.2857142857143,1000.0,1777.1428571428573,16.20559151079798,1029086.1699654126
264.2857142857143,1000.0,1942.857142857143,16.20509760068992,1044284.2535200838
264.2857142857143,1000.0,2108.5714285714284,16.204647402932896,1057404.3728877031
264.2857142857143,1000.0,2274.285714285714,16.204236246816563,1068807.9852154125
264.2857142857143,1000.0,2440.0,16.203859895681163,1078783.6506447496
264.2857142857143,1000.0,2605.714285714286,16.203514566576107,1087563.0567976895
264.2857142857143,1000.0,2771.4285714285716,16.203196912101912,1095333.4321847674
264.2857142857143,1000.0,2937.1428571428573,16.20290398492747,1102247.101318593
264.2857142857143,1000.0,3102.857142857143,16.202633196101424,1108428.8346730357
264.2857142857143,1000.0,3268.571428571429,16.202382272987588,1113981.5165386228
264.2857142857143,1000.0,3434.2857142857147,16.202149219696647,1118990.5346360824
264.2857142857143,1000.0,3600.0,16.201932281255107,1123527.1979797687
300.0,10.0,120.0,16.21338420291853,132368.47011604006
300.0,10.0,285.7142857142857,16.213202297598272,134467.23533544267
300.0,10.0,451.42857142857144,16.21286023879537,148550.2908627228
300.0,10.0,617.1428571428571,16.212430398969516,157754.06260871
300.0,10.0,782.8571428571429,16.2119746432957,163013.06495238806
300.0,10.0,948.5714285714287,16.211533790874043,165489.47717976826
300.0,10.0,1114.2857142857142,16.21112901283031,166119.6762013446
300.0,10.0,1280.0,16.21076805258566,165584.4252492609
300.0,10.0,1445.7142857142858,16.210451119408273,164348.85799566217
300.0,10.0,1611.4285714285716,16.210174846892297,162718.801997869
300.0,10.0,1777.1428571428573,16.209934548370637,160890.27606326595
300.0,10.0,1942.857142857143,16.209725365618624,158986.38635658292
300.0,10.0,2108.5714285714284,16.209542788784372,157082.80816601354
300.0,10.0,2274.285714285714,16.209382847442097,155224.7226429791
300.0,10.0,2440.0,16.20924214164649,153437.85889038214
300.0,10.0,2605.714285714286,16.209117802257772,151735.6273059018
300.0,10.0,2771.4285714285716,16.20900742544884,150123.7102206811
300.0,10.0,2937.1428571428573,16.20890900277451,148603.0122070728
300.0,10.0,3102.857142857143,16.20882085613528,147171.55472600556
300.0,10.0,3268.571428571429,16.20874158101316,145825.69085813465
300.0,10.0,3434.2857142857147,16.20866999855286,144560.88113105815
300.0,10.0,3600.0,16.20860511584675,143372.18528064617
300.0,57.142857142857146,120.0,16.213331659620426,208464.16129839097
300.0,57.142857142857146,285.7142857142857,16.212978951061668,214885.10269735602
300.0,57.142857142857146,451.42857142857144,16.212355586581655,242878.6600038071
300.0,57.142857142857146,617.1428571428571,16.211583449926597,264488.7966408183
300.0,57.142857142857146,782.8571428571429,16.21076126629355,279984.4356040669
300.0,57.142857142857146,948.5714285714287,16.209953323778638,290769.6606826333
300.0,57.142857142857146,1114.2857142857142,16.209194627699095,298107.1023584242
300.0,57.142857142857146,1280.0,16.20850033125722,302977.93089273444
300.0,57.142857142857146,1445.7142857142858,16.207873955422187,306102.8311332385
300.0,57.142857142857146,1611.4285714285716,16.207312941194804,307997.6272430854
300.0,57.142857142857146,1777.1428571428573,16.206811959637076,309027.4868810886
300.0,57.142857142857146,1942.857142857143,16.206364736060973,309450.1441015362
300.0,57.142857142857146,2108.5714285714284,16.20596498807914,309447.7314704074
300.0,57.142857142857146,2274.285714285714,16.205606865758984,309149.3897611858
300.0,57.142857142857146,2440.0,16.205285124073292,308647.07093216875
300.0,57.142857142857146,2605.714285714286,16.20499515785979,308006.5226034672
300.0,57.142857142857146,2771.4285714285716,16.20473297070361,307274.9258103023
300.0,57.142857142857146,2937.1428571428573,16.20449511586025,306486.22524815117
300.0,57.142857142857146,3102.857142857143,16.204278628906597,305664.8698378557
300.0,57.142857142857146,3268.571428571429,16.20408096178157,304828.45491318946
300.0,57.142857142857146,3434.2857142857147,16.203899922522922,303989.6015960634
300.0,57.142857142857146,3600.0,16.203733622216962,303157.3030271005
300.0,104.28571428571429,120.0,16.21329142140455,262420.8613665694
300.0,104.28571428571429,285.7142857142857,16.212855815831492,265943.59555383323
300.0,104.28571428571429,451.42857142857144,16.21212730356089,299902.50687863404
300.0,104.28571428571429,617.1428571428571,16.211244454536693,327691.671014869
300.0,104.28571428571429,782.8571428571429,16.210312289165284,348678.9808726529
300.0,104.28571428571429,948.5714285714287,16.209397396581814,364184.06599383726
300.0,104.28571428571429,1114.2857142857142,16.208535853411444,375533.7985588372
300.0,104.28571428571429,1280.0,16.207743469690016,383804.3649185668
300.0,104.28571428571429,1445.7142857142858,16.20702418206613,389811.24148621224
300.0,104.28571428571429,1611.4285714285716,16.20637564080479,394155.22745329875
300.0,104.28571428571429,1777.1428571428573,16.20579254856819,397274.22185976093
300.0,104.28571428571429,1942.857142857143,16.205268523331043,399486.7619520217
300.0,104.28571428571429,2108.5714285714284,16.20479707730817,401025.18530512665
300.0,104.28571428571429,2274.285714285714,16.20437209315268,402059.8365688518
300.0,104.28571428571429,2440.0,16.203988024796864,402716.4115770376
300.0,104.28571428571429,2605.714285714286,16.203639953101558,403088.30215132085
300.0,104.28571428571429,2771.4285714285716,16.203323568908875,403245.38132853934
300.0,104.28571428571429,2937.1428571428573,16.203035123101195,403240.2774475501
300.0,104.28571428571429,3102.857142857143,16.202771364720213,403112.88004887005
300.0,104.28571428571429,3268.571428571429,16.202529477913924,402893.5978311797
300.0,104.28571428571429,3434.2857142857147,16.20230702285348,402605.7316273086
300.0,104.28571428571429,3600.0,16.20210188274115,402267.21589967306
300.0,151.42857142857144,120.0,16.213256503582326,308828.0373550811
300.0,151.42857142857144,285.7142857142857,16.21276757200252,307800.3982364132
300.0,151.42857142857144,451.42857142857144,16.2119837629055,345411.3225072548
300.0,151.42857142857144,617.1428571428571,16.211050438247586,377430.99765180337
300.0,151.42857142857144,782.8571428571429,16.21007255710573,402326.41337813076
300.0,151.42857142857144,948.5714285714287,16.209115283699788,421271.53310393664
300.0,151.42857142857144,1114.2857142857142,16.208213601369543,435601.53199279663
300.0,151.42857142857144,1280.0,16.207382764438474,446440.5337628408
300.0,151.42857142857144,1445.7142857142858,16.206626514459245,454659.8161330081
300.0,151.42857142857144,1611.4285714285716,16.205942482851547,460913.27390320273
300.0,151.42857142857144,1777.1428571428573,16.205325413494393,465685.76796981343
300.0,151.42857142857144,1942.857142857143,16.20476896727657,469335.98678761494
300.0,151.42857142857144,2108.5714285714284,16.204266677755243,472130.0129196393
300.0,151.42857142857144,2274.285714285714,16.203812422114737,474266.31174477306
300.0,151.42857142857144,2440.0,16.203400624714163,475893.9294464203
300.0,151.42857142857144,2605.714285714286,16.203026318139525,477125.6359973163
300.0,151.42857142857144,2771.4285714285716,16.202685131902527,478047.40726687585
300.0,151.42857142857144,2937.1428571428573,16.202373247402914,478725.28641051333
300.0,151.42857142857144,3102.857142857143,16.20208733993244,479210.3751540252
300.0,151.42857142857144,3268.571428571429,16.201824518523956,479542.4885862994
300.0,151.42857142857144,3434.2857142857147,16.201582268937848,479752.85075980716
300.0,151.42857142857144,3600.0,16.201358402080604,479866.09786551
300.0,198.57142857142858,120.0,16.213225092688116,350951.6167248773
300.0,198.57142857142858,285.7142857142857,16.212698064742217,344773.82214481337
300.0,198.57142857142858,451.42857142857144,16.211881280188273,384912.04804545996
300.0,198.57142857142858,617.1428571428571,16.21092249955088,420174.18012768653
300.0,198.57142857142858,782.8571428571429,16.209924567581634,448151.5020391558
300.0,198.57142857142858,948.5714285714287,16.208950266558787,469851.47862726
300.0,198.57142857142858,1114.2857142857142,16.208032982551902,486594.86541834706
300.0,198.57142857142858,1280.0,16.207187124586845,499533.4321413481
300.0,198.57142857142858,1445.7142857142858,16.206416077390383,509576.8691750962
300.0,198.57142857142858,1611.4285714285716,16.205717379764103,517417.58884916
300.0,198.57142857142858,1777.1428571428573,16.205085805088082,523575.3775545489
300.0,198.57142857142858,1942.857142857143,16.204515087680438,528439.2400380982
300.0,198.57142857142858,2108.5714285714284,16.203998839864973,532301.0190269079
300.0,198.57142857142858,2274.285714285714,16.203531006314922,535380.8388884345
300.0,198.57142857142858,2440.0,16.203106062251276,537845.871490886
300.0,198.57142857142858,2605.714285714286,16.202719074451323,539824.0368176397
300.0,198.57142857142858,2771.4285714285716,16.202365692086236,541413.9846159365
300.0,198.57142857142858,2937.1428571428573,16.20204210445959,542692.3837248539
300.0,198.57142857142858,3102.857142857143,16.20174498571734,543719.2712698294
300.0,198.57142857142858,3268.571428571429,16.201471437052042,544542.0028653407
300.0,198.57142857142858,3434.2857142857147,16.201218931619582,545198.1903307304
300.0,198.57142857142858,3600.0,16.200985264481996,545717.9026591353
300.0,245.71428571428572,120.0,16.213196309911524,390179.6604960029
300.0,245.71428571428572,285.7142857142857,16.21264038868549,378631.690684675
300.0,245.71428571428572,451.42857142857144,16.21180256451365,420641.246257046
300.0,245.71428571428572,617.1428571428571,16.210830766648943,458548.60825020936
300.0,245.71428571428572,782.8571428571429,16.209825019968115,489098.41799791716
300.0,245.71428571428572,948.5714285714287,16.20884553776864,513123.86664492177
300.0,245.71428571428572,1114.2857142857142,16.207924048136572,531919.9262757781
300.0,245.71428571428572,1280.0,16.20707407527121,546655.1528482247
300.0,245.71428571428572,1445.7142857142858,16.206298614414777,558268.0434019006
300.0,245.71428571428572,1611.4285714285716,16.20559508967897,567481.3121432456
300.0,245.71428571428572,1777.1428571428573,16.204958295153972,574842.7839772213
300.0,245.71428571428572,1942.857142857143,16.204382042536402,580766.0789788261
300.0,245.71428571428572,2108.5714285714284,16.203860037205864,585564.1161407911
300.0,245.71428571428572,2274.285714285714,16.20338631304083,589474.8454149574
300.0,245.71428571428572,2440.0,16.202955422584484,592680.4309794004
300.0,245.71428571428572,2605.714285714286,16.20256249584068,595321.3801346977
300.0,245.71428571428572,2771.4285714285716,16.202203231632975,597506.9165830116
300.0,245.71428571428572,2937.1428571428573,16.2018738569846,599322.60931671
300.0,245.71428571428572,3102.857142857143,16.20157107378279,600836.0081504503
300.0,245.71428571428572,3268.571428571429,16.20129200287279,602100.8317427929
300.0,245.71428571428572,3434.2857142857147,16.201034130645038,603160.101233688
300.0,245.71428571428572,3600.0,16.200795260384993,604048.5019899671
300.0,292.8571428571429,120.0,16.213169630037154,427254.12678273325
300.0,292.8571428571429,285.7142857142857,16.212590913078103,410289.30556186347
300.0,292.8571428571429,451.42857142857144,16.211739124540102,453747.39979595726
300.0,292.8571428571429,617.1428571428571,16.210761152432518,493901.7352247111
300.0,292.8571428571429,782.8571428571429,16.209754011121344,526678.8051018269
300.0,292.8571428571429,948.5714285714287,16.20877541210431,552735.223697875
300.0,292.8571428571429,1114.2857142857142,16.20785550199805,573333.8950992568
300.0,292.8571428571429,1280.0,16.20700695887454,589653.6320202707
300.0,292.8571428571429,1445.7142857142858,16.20623239864723,602655.7688464589
300.0,292.8571428571429,1611.4285714285716,16.205529127899805,613088.1220084722
300.0,292.8571428571429,1777.1428571428573,16.204891955875695,621522.1407830954
300.0,292.8571428571429,1942.857142857143,16.204314768306578,628392.3695223217
300.0,292.8571428571429,2108.5714285714284,16.20379136410724,634029.7440159909
300.0,292.8571428571429,2274.285714285714,16.203315870612286,638687.5154066796
300.0,292.8571428571429,2440.0,16.20288292499461,642560.7608144411
300.0,292.8571428571429,2605.714285714286,16.202487729980014,645800.8615615222
300.0,292.8571428571429,2771.4285714285716,16.202126044930367,648526.201281973
300.0,292.8571428571429,2937.1428571428573,16.201794146216976,650830.0790514871
300.0,292.8571428571429,3102.857142857143,16.201488775348974,652786.586032967
300.0,292.8571428571429,3268.571428571429,16.201207084605887,654454.9946223352
300.0,292.8571428571429,3434.2857142857147,16.200946585055764,655883.058349758
300.0,292.8571428571429,3600.0,16.200705099158107,657109.5104661634
300.0,340.0,120.0,16.213144701708845,462625.8336616907
300.0,340.0,285.7142857142857,16.212547483831933,440287.70053939614
300.0,340.0,451.42857142857144,16.21168622301928,484903.98627976474
300.0,340.0,617.1428571428571,16.2107060892752,527022.2125899445
300.0,340.0,782.8571428571429,16.209701111146007,561777.6368892281
300.0,340.0,948.5714285714287,16.208726650491013,589650.6260822191
300.0,340.0,1114.2857142857142,16.207811389241336,611868.3696083254
300.0,340.0,1280.0,16.206967221439672,629615.7166973707
300.0,340.0,1445.7142857142858,16.20619640804506,643872.8393593852
300.0,340.0,1611.4285714285716,16.20549614271547,655409.1090312754
300.0,340.0,1777.1428571428573,16.204861246387473,664816.5535665206
300.0,340.0,1942.857142857143,16.20428567355715,672548.07297934
300.0,340.0,2108.5714285714284,16.203763312413425,678950.4755784392
300.0,340.0,2274.285714285714,16.203288381459387,684290.5331659045
300.0,340.0,2440.0,16.202855602253948,688774.7604912454
300.0,340.0,2605.714285714286,16.202460251747553,692564.1904969034
300.0,340.0,2771.4285714285716,16.20209815268603,695785.3524390849
300.0,340.0,2937.1428571428573,16.20176563458664,698538.4317888869
300.0,340.0,3102.857142857143,16.20145948299845,700903.3571217955
300.0,340.0,3268.571428571429,16.20117688641018,702944.365172691
300.0,340.0,3434.2857142857147,16.200915385500274,704713.446499185
300.0,340.0,3600.0,16.200672826847807,706252.9642723234
300.0,387.14285714285717,120.0,16.21312127249834,496592.5603668922
300.0,387.14285714285717,285.7142857142857,16.21250871466804,468975.69677484763
300.0,387.14285714285717,451.42857142857144,16.211640977569672,514541.9576102652
300.0,387.14285714285717,617.1428571428571,16.21066113456451,558413.5882652183
300.0,387.14285714285717,782.8571428571429,16.20966034480982,594959.8280310584
300.0,387.14285714285717,948.5714285714287,16.208691794978897,624486.5027527104
300.0,387.14285714285717,1114.2857142857142,16.20778282514355,648182.950929666
300.0,387.14285714285717,1280.0,16.206944611350618,667237.1968268537
300.0,387.14285714285717,1445.7142857142858,16.206179087628495,682645.4261287332
300.0,387.14285714285717,1611.4285714285716,16.205483342030803,695196.0143948912
300.0,387.14285714285717,1777.1428571428573,16.204852205005437,705499.3540383506
300.0,387.14285714285717,1942.857142857143,16.204279694325844,714024.8194055255
300.0,387.14285714285717,2108.5714285714284,16.20375978170953,721133.511290773
300.0,387.14285714285717,2274.285714285714,16.20328677211205,727104.4032911422
300.0,387.14285714285717,2440.0,16.202855468179656,732154.349807705
300.0,387.14285714285717,2605.714285714286,16.202461219173685,736453.1216067898
300.0,387.14285714285717,2771.4285714285716,16.202099910494223,740134.6321226691
300.0,387.14285714285717,2937.1428571428573,16.20176792501386,743305.3172924846
300.0,387.14285714285717,3102.857142857143,16.2014620932367,746050.4104317691
300.0,387.14285714285717,3268.571428571429,16.201179641281346,748438.66491599
300.0,387.14285714285717,3434.2857142857147,16.200918141201022,750525.9306678275
300.0,387.14285714285717,3600.0,16.200675465676127,752357.8809760343
300.0,434.28571428571433,120.0,16.213099151871166,529363.0156979875
300.0,434.28571428571433,285.7142857142857,16.212473659050087,496592.53854417586
300.0,434.28571428571433,451.42857142857144,16.21160151905173,542954.8077930443
300.0,434.28571428571433,617.1428571428571,16.210623504365383,588418.0069138424
300.0,434.28571428571433,782.8571428571429,16.20962805756509,626609.0171566164
300.0,434.28571428571433,948.5714285714287,16.2086663624911,657661.5875946573
300.0,434.28571428571433,1114.2857142857142,16.20776453387497,682725.9962937204
300.0,434.28571428571433,1280.0,16.206933092659252,702991.4388848
300.0,434.28571428571433,1445.7142857142858,16.206173673542438,719468.043404564
300.0,434.28571428571433,1611.4285714285716,16.205483267014916,732961.2821461981
300.0,434.28571428571433,1777.1428571428573,16.204856711635056,744098.2390176513
300.0,434.28571428571433,1942.857142857143,16.204288083309653,753363.3310492531
300.0,434.28571428571433,2108.5714285714284,16.20377143131372,761130.7427294094
300.0,434.28571428571433,2274.285714285714,16.203301141595066,767690.6359572496
300.0,434.28571428571433,2440.0,16.202872093441705,773269.3576892157
300.0,434.28571428571433,2605.714285714286,16.20247970508748,778044.7089423002
300.0,434.28571428571433,2771.4285714285716,16.20211992226432,782157.3956992688
300.0,434.28571428571433,2937.1428571428573,16.201789179735208,785719.6086375836
300.0,434.28571428571433,3102.857142857143,16.20148435218269,788821.4692711239
300.0,434.28571428571433,3268.571428571429,16.20120270311218,791535.8964576642
300.0,434.28571428571433,3434.2857142857147,16.200941836110175,793922.3023869483
300.0,434.28571428571433,3600.0,16.20069965041102,796029.4181639169
300.0,481.42857142857144,120.0,16.21307819070315,561090.1426636344
300.0,481.42857142857144,285.7142857142857,16.212441640781325,523310.12060919375
300.0,481.42857142857144,451.42857142857144,16.21156657433257,570352.0217564752
300.0,481.42857142857144,617.1428571428571,16.210591363890934,617279.1083506048
300.0,481.42857142857144,782.8571428571429,16.209601898649296,656998.1982942858
300.0,481.42857142857144,948.5714285714287,16.208647520625817,689473.8574234146
300.0,481.42857142857144,1114.2857142857142,16.20775322540069,715816.6929440406
300.0,481.42857142857144,1280.0,16.2069289362149,737215.6393482737
300.0,481.42857142857144,1445.7142857142858,16.20617601410017,754693.2036066001
300.0,481.42857142857144,1611.4285714285716,16.205491359884864,769070.485179687
300.0,481.42857142857144,1777.1428571428573,16.20486981932169,780989.9567010053
300.0,481.42857142857144,1942.857142857143,16.204305521807374,790949.9556338055
300.0,481.42857142857144,2108.5714285714284,16.203792588469902,799336.7979865137
300.0,481.42857142857144,2274.285714285714,16.203325480761436,806451.0324818573
300.0,481.42857142857144,2440.0,16.202899149870515,812527.8264568998
300.0,481.42857142857144,2605.714285714286,16.202509079158425,817752.4479835542
300.0,481.42857142857144,2771.4285714285716,16.202151271709614,822271.9233308862
300.0,481.42857142857144,2937.1428571428573,16.20182221195925,826203.8011339005
300.0,481.42857142857144,3102.857142857143,16.20151881718537,829642.7568360708
300.0,481.42857142857144,3268.571428571429,16.201238387210253,832665.5922742997
300.0,481.42857142857144,3434.2857142857147,16.200978556488646,835335.0423165757
300.0,481.42857142857144,3600.0,16.200737250457614,837702.6919449397
300.0,528.5714285714286,120.0,16.21305826899906,591889.9910523992
300.0,528.5714285714286,285.7142857142857,16.212412159178403,549256.5098427996
300.0,528.5714285714286,451.42857142857144,16.211535241526523,596888.7125160279
300.0,528.5714285714286,617.1428571428571,16.210563454060278,645176.8776140525
300.0,528.5714285714286,782.8571428571429,16.209580293821187,686328.8759561911
300.0,528.5714285714286,948.5714285714287,16.20863340775829,720143.2284771448
300.0,528.5714285714286,1114.2857142857142,16.20774676743318,747690.6643535359
300.0,528.5714285714286,1280.0,16.20692974983264,770158.820994688
300.0,528.5714285714286,1445.7142857142858,16.20618346559096,788581.3781828107
300.0,528.5714285714286,1611.4285714285716,16.20550473328077,803793.9033208991
300.0,528.5714285714286,1777.1428571428573,16.2048884052392,816453.21889462
300.0,528.5714285714286,1942.857142857143,16.204328660221833,827070.6820232889
300.0,528.5714285714286,2108.5714285714284,16.203819685947828,836043.9724813886
300.0,528.5714285714286,2274.285714285714,16.20335601415881,843683.3772661773
300.0,528.5714285714286,2440.0,16.202932663291687,850232.3385413418
300.0,528.5714285714286,2605.714285714286,16.20254517791772,855883.1331077573
300.0,528.5714285714286,2771.4285714285716,16.20218961529519,860788.722252532
300.0,528.5714285714286,2937.1428571428573,16.20186250702135,865071.6881305358
300.0,528.5714285714286,3102.857142857143,16.201560811032333,868830.9861956296
300.0,528.5714285714286,3268.571428571429,16.201281862004613,872147.0692798322
300.0,528.5714285714286,3434.2857142857147,16.201023324183648,875085.797789057
300.0,528.5714285714286,3600.0,16.2007831484395,877701.4424490212
300.0,575.7142857142858,120.0,16.213039288066014,621853.1249747273
300.0,575.7142857142858,285.7142857142857,16.21238483257089,574529.9406861825
300.0,575.7142857142858,451.42857142857144,16.21150686085169,622683.1760978799
300.0,575.7142857142858,617.1428571428571,16.21053888167651,672248.2675212487
300.0,575.7142857142858,782.8571428571429,16.20956215345078,714754.240988683
300.0,575.7142857142858,948.5714285714287,16.20862276032029,749836.8479180678
300.0,575.7142857142858,1114.2857142857142,16.207743734466185,778527.012707265
300.0,575.7142857142858,1280.0,16.206933952386127,802010.3245622991
300.0,575.7142857142858,1445.7142857142858,16.20619429517903,821330.6898994262
300.0,575.7142857142858,1611.4285714285716,16.205521505949115,837337.2122284248
300.0,575.7142857142858,1777.1428571428573,16.20491044320473,850700.2193144747
300.0,575.7142857142858,1942.857142857143,16.204355331401946,861943.3508557177
300.0,575.7142857142858,2108.5714285714284,16.203850420074023,871475.0194148826
300.0,575.7142857142858,2274.285714285714,16.203390306423568,879614.715493535
300.0,575.7142857142858,2440.0,16.202970071740317,886613.7050164111
300.0,575.7142857142858,2605.714285714286,16.202585318019924,892670.8936718013
300.0,575.7142857142858,2771.4285714285716,16.2022321535421,897944.8577867347
300.0,575.7142857142858,2937.1428571428573,16.201907154499686,902562.9430441249
300.0,575.7142857142858,3102.857142857143,16.20160731743176,906628.1565298968
300.0,575.7142857142858,3268.571428571429,16.201330010245393,910224.4083107732
300.0,575.7142857142858,3434.2857142857147,16.201072925709752,913420.5193908353
300.0,575.7142857142858,3600.0,16.200834039151463,916273.305336653
300.0,622.8571428571429,120.0,16.213021165281354,651051.8788567759
300.0,622.8571428571429,285.7142857142857,16.212359362910927,599207.5894015138
300.0,622.8571428571429,451.42857142857144,16.211480936478964,647827.8487998148
300.0,622.8571428571429,617.1428571428571,16.210516995181386,698600.0563313299
300.0,622.8571428571429,782.8571428571429,16.20954670217444,742393.6209278217
300.0,622.8571428571429,948.5714285714287,16.20861469745443,778684.8720744696
300.0,622.8571428571429,1114.2857142857142,16.207743148975606,808465.2029001706
300.0,622.8571428571429,1280.0,16.206940473364796,832917.6136761245
300.0,622.8571428571429,1445.7142857142858,16.20620734080401,853095.4857289243
300.0,622.8571428571429,1611.4285714285716,16.205540425079967,869860.698078949
300.0,622.8571428571429,1777.1428571428573,16.204934590586983,883896.3861659745
300.0,622.8571428571429,1942.857142857143,16.20438410424201,895737.8594363172
300.0,622.8571428571429,2108.5714285714284,16.20388327308512,905803.7363828802
300.0,622.8571428571429,2274.285714285714,16.203426755365204,914422.2630901523
300.0,622.8571428571429,2440.0,16.203009691149344,921852.1504885006
300.0,622.8571428571429,2605.714285714286,16.202627736294268,928298.613523864
300.0,622.8571428571429,2771.4285714285716,16.20227704708379,933925.5737953379
300.0,622.8571428571429,2937.1428571428573,16.201954241802962,938864.9124913259
300.0,622.8571428571429,3102.857142857143,16.20165635354557,943223.4951372447
300.0,622.8571428571429,3268.571428571429,16.2013807817902,947088.5248729681
300.0,622.8571428571429,3434.2857142857147,16.201125246496538,950531.6433508996
300.0,622.8571428571429,3600.0,16.200887746383728,953612.0912542416
300.0,670.0,120.0,16.21300383045726,679545.1677156053
300.0,670.0,285.7142857142857,16.212335512676667,623351.3140528298
300.0,670.0,451.42857142857144,16.21145708717607,672396.444455827
300.0,670.0,617.1428571428571,16.21049730783067,724317.2127849638
300.0,670.0,782.8571428571429,16.209533375087375,769341.8803440182
300.0,670.0,948.5714285714287,16.208608591104298,806790.7346161192
300.0,670.0,1114.2857142857142,16.207744326381984,837616.057176658
300.0,670.0,1280.0,16.20694857374275,862997.8777534802
300.0,670.0,1445.7142857142858,16.206221809050373,883998.4497715773
300.0,670.0,1611.4285714285716,16.20556064231871,901491.7991289294
300.0,670.0,1777.1428571428573,16.20495994362695,916173.2850507889
300.0,670.0,1942.857142857143,16.20441401947769,928589.3703305265
300.0,670.0,2108.5714285714284,16.203917230543162,939168.4335521124
300.0,670.0,2274.285714285714,16.203464292105913,948247.0962013138
300.0,670.0,2440.0,16.20305039926782,956091.19198448
300.0,670.0,2605.714285714286,16.202671258438734,962911.9726446879
300.0,670.0,2771.4285714285716,16.202323071072364,968878.474701291
300.0,670.0,2937.1428571428573,16.202002495164045,974126.9198391889
300.0,670.0,3102.857142857143,16.201706598385318,978767.8665631891
300.0,670.0,3268.571428571429,16.201432810159332,982891.6702990665
300.0,670.0,3434.2857142857147,16.20117887630521,986572.6731698158
300.0,670.0,3600.0,16.20094281785047,989872.4380388387
300.0,717.1428571428572,120.0,16.212987223233217,707381.7873078133
300.0,717.1428571428572,285.7142857142857,16.212313089271568,647011.5446361164
300.0,717.1428571428572,451.42857142857144,16.211435013998194,696448.771377927
300.0,717.1428571428572,617.1428571428571,16.210479448431474,749468.53451935
300.0,717.1428571428572,782.8571428571429,16.20952175213973,795675.7557950144
300.0,717.1428571428572,948.5714285714287,16.208603984756905,834238.0681490335
300.0,717.1428571428572,1114.2857142857142,16.20774677877518,866069.1700537864
300.0,717.1428571428572,1280.0,16.206957735297493,892345.861888903
300.0,717.1428571428572,1445.7142857142858,16.20623715067995,914138.7827068518
300.0,717.1428571428572,1611.4285714285716,16.205581576151424,932333.5803678327
300.0,717.1428571428572,1777.1428571428573,16.20498588733061,947637.3437007432
300.0,717.1428571428572,1942.857142857143,16.20444442774539,960607.248724197
300.0,717.1428571428572,2108.5714285714284,16.20395160821428,971681.0525102387
300.0,717.1428571428572,2274.285714285714,16.203502197414558,981203.4255830722
300.0,717.1428571428572,2440.0,16.20309144206213,989447.0471920551
300.0,717.1428571428572,2605.714285714286,16.20271509607157,996628.9710354606
300.0,717.1428571428572,2771.4285714285716,16.20236940343167,1002923.1496931536
300.0,717.1428571428572,2937.1428571428573,16.202051059612746,1008469.9767607531
300.0,717.1428571428572,3102.857142857143,16.201757164989854,1013383.5604969668
300.0,717.1428571428572,3268.571428571429,16.201485177371,1017757.2865982694
300.0,717.1428571428572,3434.2857142857147,16.201232867143148,1021668.0933858285
300.0,717.1428571428572,3600.0,16.20099827657598,1025179.7764932683
300.0,764.2857142857143,120.0,16.212971291155004,734602.7446271377
300.0,764.2857142857143,285.7142857142857,16.212291934173802,670229.9994609896
300.0,764.2857142857143,451.42857142857144,16.211414478479654,720034.0823510563
300.0,764.2857142857143,617.1428571428571,16.21046312875647,774110.5642458297
300.0,764.2857142857143,782.8571428571429,16.209511515369314,821458.2544992408
300.0,764.2857142857143,948.5714285714287,16.20860054102663,861095.5109821195
300.0,764.2857142857143,1114.2857142857142,16.207750153277082,893898.0596508731
300.0,764.2857142857143,1280.0,16.206967590123483,921039.3091742534
300.0,764.2857142857143,1445.7142857142858,16.206252981654487,943597.8902412945
300.0,764.2857142857143,1611.4285714285716,16.20560282480028,962470.6306750553
300.0,764.2857142857143,1777.1428571428573,16.205012000610644,978375.926687225
300.0,764.2857142857143,1942.857142857143,16.204474887350067,991881.2887405239
300.0,764.2857142857143,2108.5714285714284,16.20398594284263,1003433.5225533579
300.0,764.2857142857143,2274.285714285714,16.20353998586104,1013385.0647715516
300.0,764.2857142857143,2440.0,16.20313231161447,1022015.1993406189
300.0,764.2857142857143,2605.714285714286,16.20275871872321,1029546.5775416169
300.0,764.2857142857143,2771.4285714285716,16.202415491275435,1036157.8947028432
300.0,764.2857142857143,2937.1428571428573,16.202099360135136,1041993.5692135292
300.0,764.2857142857143,3102.857142857143,16.201807456622294,1047171.1339535019
300.0,764.2857142857143,3268.571428571429,16.201537265454213,1051786.898172425
300.0,764.2857142857143,3434.2857142857147,16.201286580352935,1055920.3050974985
300.0,764.2857142857143,3600.0,16.201053463802953,1059637.3047771023
300.0,811.4285714285714,120.0,16.21295598822704,761242.9448191664
300.0,811.4285714285714,285.7142857142857,16.2122719151965,693041.6311006037
300.0,811.4285714285714,451.42857142857144,16.211395287518314,743193.4651556631
300.0,811.4285714285714,617.1428571428571,16.210448121401804,798290.3805841223
300.0,811.4285714285714,782.8571428571429,16.209502420263494,846741.7878892493
300.0,811.4285714285714,948.5714285714287,16.208598006933567,887420.1316565404
300.0,811.4285714285714,1114.2857142857142,16.207754191531414,921163.8387759116
300.0,811.4285714285714,1280.0,16.206977874564853,949142.8407434926
300.0,811.4285714285714,1445.7142857142858,16.206269031720836,972443.4405246627
300.0,811.4285714285714,1611.4285714285716,16.205624109669724,991973.2711832111
300.0,811.4285714285714,1777.1428571428573,16.2050379948085,1008461.6726664129
300.0,811.4285714285714,1942.857142857143,16.20450509808428,1022486.1611408456
300.0,811.4285714285714,2108.5714285714284,16.20401992149063,1034502.3034324327
300.0,811.4285714285714,2274.285714285714,16.203577330901435,1044870.0549560408
300.0,811.4285714285714,2440.0,16.203172667172712,1053875.0933362897
300.0,811.4285714285714,2605.714285714286,16.20280177106423,1061745.4880797695
300.0,811.4285714285714,2771.4285714285716,16.202460964518327,1068664.524954675
300.0,811.4285714285714,2937.1428571428573,16.20214701186309,1074780.5177007641
300.0,811.4285714285714,3102.857142857143,16.20185707372323,1080214.3136007416
300.0,811.4285714285714,3268.571428571429,16.201588660340377,1085065.0513668405
300.0,811.4285714285714,3434.2857142857147,16.201339587606693,1089414.5985678497
300.0,811.4285714285714,3600.0,16.201107937243705,1093330.990458976
300.0,858.5714285714287,120.0,16.212941273799782,787332.4386155849
300.0,858.5714285714287,285.7142857142857,16.21225292084418,715476.0516893341
300.0,858.5714285714287,451.42857142857144,16.21137728265309,765961.5869294379
300.0,858.5714285714287,617.1428571428571,16.210434244383187,822047.6318069982
300.0,858.5714285714287,782.8571428571429,16.209494276127188,871570.4541621369
300.0,858.5714285714287,948.5714285714287,16.208596190364485,913259.9234669313
300.0,858.5714285714287,1114.2857142857142,16.207758702465444,947917.889634662
300.0,858.5714285714287,1280.0,16.20698839842457,976710.7836715588
300.0,858.5714285714287,1445.7142857142858,16.206285110190503,1000732.3224905643
300.0,858.5714285714287,1611.4285714285716,16.205645237815578,1020900.6249793955
300.0,858.5714285714287,1777.1428571428573,16.205063672976284,1037955.6594664981
300.0,858.5714285714287,1942.857142857143,16.204534857451595,1052484.6604238013
300.0,858.5714285714287,2108.5714285714284,16.204053334836974,1064951.703251651
300.0,858.5714285714287,2274.285714285714,16.203614015385515,1075724.0442529677
300.0,858.5714285714287,2440.0,16.203212283001836,1085093.5684667642
300.0,858.5714285714287,2605.714285714286,16.20284401823278,1093293.6050514444
300.0,858.5714285714287,2771.4285714285716,16.20250557880746,1100511.8953785351
300.0,858.5714285714287,2937.1428571428573,16.202193760733145,1106900.5338151564
300.0,858.5714285714287,3102.857142857143,16.201905752414646,1112583.5842648984
300.0,858.5714285714287,3268.571428571429,16.201639088323933,1117662.9313527907
300.0,858.5714285714287,3434.2857142857147,16.20139160542912,1122222.7953902872
300.0,858.5714285714287,3600.0,16.201161403765177,1126333.2352848435
300.0,905.7142857142858,120.0,16.21292711169999,812897.3621646742
300.0,905.7142857142858,285.7142857142857,16.212234856117092,737558.5973405441
300.0,905.7142857142858,451.42857142857144,16.211360332300515,788367.99216545
300.0,905.7142857142858,617.1428571428571,16.21042135019442,845416.047146094
300.0,905.7142857142858,782.8571428571429,16.20948693234344,895981.7337074856
300.0,905.7142857142858,948.5714285714287,16.208594943786462,938655.6572462526
300.0,905.7142857142858,1114.2857142857142,16.20776354360624,974203.8507646021
300.0,905.7142857142858,1280.0,16.206999023977524,1003789.2722781238
300.0,905.7142857142858,1445.7142857142858,16.20630108272115,1028512.8448193138
300.0,905.7142857142858,1611.4285714285716,16.205666076561666,1049302.8996757737
300.0,905.7142857142858,1777.1428571428573,16.205088902397872,1066909.7584747535
300.0,905.7142857142858,1942.857142857143,16.20456403116651,1081930.1211346756
300.0,905.7142857142858,2108.5714285714284,16.20408604573385,1094836.3483861368
300.0,905.7142857142858,2274.285714285714,16.20364989825269,1106002.804229078
300.0,905.7142857142858,2440.0,16.203251013301298,1115727.4156129865
300.0,905.7142857142858,2605.714285714286,16.202885309055677,1124248.6302259509
300.0,905.7142857142858,2771.4285714285716,16.202549177128265,1131758.5248931826
300.0,905.7142857142858,2937.1428571428573,16.202239443555776,1138412.8722727138
300.0,905.7142857142858,3102.857142857143,16.20195332310828,1144338.8655829702
300.0,905.7142857142858,3268.571428571429,16.201688373282323,1149641.0607003921
300.0,905.7142857142858,3434.2857142857147,16.20144245109792,1154405.9666477889
300.0,905.7142857142858,3600.0,16.201213674035255,1158705.6108966954
300.0,952.8571428571429,120.0,16.21291346954058,837960.6568539175
300.0,952.8571428571429,285.7142857142857,16.212217639338,759311.1368030645
300.0,952.8571428571429,451.42857142857144,16.211344326030467,810438.0854028941
300.0,952.8571428571429,617.1428571428571,16.210409317890168,868424.5794499784
300.0,952.8571428571429,782.8571428571429,16.20948026857913,920007.7703529333
300.0,952.8571428571429,948.5714285714287,16.208594152773312,963642.2813941655
300.0,952.8571428571429,1114.2857142857142,16.20776860803724,1000059.1185925232
300.0,952.8571428571429,1280.0,16.20700965141821,1030417.8364639081
300.0,952.8571428571429,1445.7142857142858,16.206316855296173,1055826.3985596988
300.0,952.8571428571429,1611.4285714285716,16.205686536046873,1077223.1137881505
300.0,952.8571428571429,1777.1428571428573,16.20511359574097,1095368.4159189921
300.0,952.8571428571429,1942.857142857143,16.204592532952955,1110868.2466049616
300.0,952.8571428571429,2108.5714285714284,16.20411796769754,1124203.0534111727
300.0,952.8571428571429,2274.285714285714,16.20368489176344,1135754.1357297346
300.0,952.8571428571429,2440.0,16.203288768227974,1145825.3144974632
300.0,952.8571428571429,2605.714285714286,16.20292555091442,1154660.0296032284
300.0,952.8571428571429,2771.4285714285716,16.202591663564924,1162454.5856380397
300.0,952.8571428571429,2937.1428571428573,16.202283960720802,1169368.3417344152
300.0,952.8571428571429,3102.857142857143,16.201999682205262,1175531.5420250467
300.0,952.8571428571429,3268.571428571429,16.201736407417286,1181051.34653923
300.0,952.8571428571429,3434.2857142857147,16.201492012472375,1186016.4954246113
300.0,952.8571428571429,3600.0,16.201264631481955,1190500.9351404626
300.0,1000.0,120.0,16.21290031816573,862542.6287378016
300.0,1000.0,285.7142857142857,16.21220119971508,780752.6952525685
300.0,1000.0,451.42857142857144,16.211329170275942,832193.8867386882
300.0,1000.0,617.1428571428571,16.21039804726108,891098.2825216362
300.0,1000.0,782.8571428571429,16.20947418768684,943676.3546076657
300.0,1000.0,948.5714285714287,16.208593727791325,988249.9961327953
300.0,1000.0,1114.2857142857142,16.207773815148904,1025515.9996683028
300.0,1000.0,1280.0,16.20702020861626,1056630.6207464214
300.0,1000.0,1445.7142857142858,16.20633236300701,1082708.7334789198
300.0,1000.0,1611.4285714285716,16.205706557051446,1104698.4223878747
300.0,1000.0,1777.1428571428573,16.205137697945702,1123370.021070587
300.0,1000.0,1942.857142857143,16.204620310517058,1139338.514019395
300.0,1000.0,2108.5714285714284,16.204149049990825,1153092.2582359335
300.0,1000.0,2274.285714285714,16.203718945719835,1165019.3340230433
300.0,1000.0,2440.0,16.20332549728546,1175429.3233984932
300.0,1000.0,2605.714285714286,16.202964692335343,1184570.5447700594
300.0,1000.0,2771.4285714285716,16.20263298512403,1192643.4334697037
300.0,1000.0,2937.1428571428573,16.202327257287156,1199810.8522971987
300.0,1000.0,3102.857142857143,16.202044772484122,1206206.0255318098
300.0,1000.0,3268.571428571429,16.201783130972473,1211938.656744527
300.0,1000.0,3434.2857142857147,16.20154022707077,1217099.665154115
300.0,1000.0,3600.0,16.201314210759836,1221764.8713668403
335.7142857142857,10.0,120.0,16.213362048736236,164756.92240460488
335.7142857142857,10.0,285.7142857142857,16.213124655236857,160552.16406082938
335.7142857142857,10.0,451.42857142857144,16.212695865049422,175775.52929381962
335.7142857142857,10.0,617.1428571428571,16.212164828581027,186333.6842800113
335.7142857142857,10.0,782.8571428571429,16.211605815044777,192557.47116543548
335.7142857142857,10.0,948.5714285714287,16.211067181026777,195610.83399006724
335.7142857142857,10.0,1114.2857142857142,16.210573705875046,196520.20330514183
335.7142857142857,10.0,1280.0,16.210134218302137,196055.1385476397
335.7142857142857,10.0,1445.7142857142858,16.209748647901808,194750.46449590585
335.7142857142857,10.0,1611.4285714285716,16.209412728322647,192962.32403620702
335.7142857142857,10.0,1777.1428571428573,16.20912066922348,190921.59751584238
335.7142857142857,10.0,1942.857142857143,16.208866513884622,188774.97264076065
335.7142857142857,10.0,2108.5714285714284,16.208644750987144,186613.80938334638
335.7142857142857,10.0,2274.285714285714,16.208450536534617,184493.56280124604
335.7142857142857,10.0,2440.0,16.208279726355787,182446.571275326
335.7142857142857,10.0,2605.714285714286,16.20812882517513,180490.38915529358
335.7142857142857,10.0,2771.4285714285716,16.207994905573276,178633.19217464654
335.7142857142857,10.0,2937.1428571428573,16.20787552219586,176877.27865945213
335.7142857142857,10.0,3102.857142857143,16.20776863224295,175221.33608866896
335.7142857142857,10.0,3268.571428571429,16.207672526189434,173661.9068933359
335.7142857142857,10.0,3434.2857142857147,16.207585769354374,172194.3338221612
335.7142857142857,10.0,3600.0,16.20750715349898,170813.3661572633
335.7142857142857,57.142857142857146,120.0,16.21329594624439,254881.7464461451
335.7142857142857,57.142857142857146,285.7142857142857,16.212879125251565,251433.6132268773
335.7142857142857,57.142857142857146,451.42857142857144,16.212168652566138,280361.70749050373
335.7142857142857,57.142857142857146,617.1428571428571,16.211300915445772,303638.6814077498
335.7142857142857,57.142857142857146,782.8571428571429,16.210383677979088,320527.2544763312
335.7142857142857,57.142857142857146,948.5714285714287,16.209486433904956,332316.7560253948
335.7142857142857,57.142857142857146,1114.2857142857142,16.20864659010273,340321.79451383237
335.7142857142857,57.142857142857146,1280.0,16.207879941907873,345601.8690279177
335.7142857142857,57.142857142857146,1445.7142857142858,16.2071897012043,348947.6095516633
335.7142857142857,57.142857142857146,1611.4285714285716,16.20657256332019,350929.5425719351
335.7142857142857,57.142857142857146,1777.1428571428573,16.206022307621456,351953.38606826187
335.7142857142857,57.142857142857146,1942.857142857143,16.2055317706698,352306.191025923
335.7142857142857,57.142857142857146,2108.5714285714284,16.205093852240807,352191.026513459
335.7142857142857,57.142857142857146,2274.285714285714,16.204701980163108,351751.8921197229
335.7142857142857,57.142857142857146,2440.0,16.20435028578975,351091.2478516614
335.7142857142857,57.142857142857146,2605.714285714286,16.204033632076417,350282.25116044044
335.7142857142857,57.142857142857146,2771.4285714285716,16.203747571811423,349377.2892291827
335.7142857142857,57.142857142857146,2937.1428571428573,16.203488277157366,348413.94404797634
335.7142857142857,57.142857142857146,3102.857142857143,16.203252461590697,347419.1829142906
335.7142857142857,57.142857142857146,3268.571428571429,16.203037304451982,346412.3199875578
335.7142857142857,57.142857142857146,3434.2857142857147,16.202840382543908,345407.123037196
335.7142857142857,57.142857142857146,3600.0,16.20265961022957,344413.32215956843
335.7142857142857,104.28571428571429,120.0,16.213248929605562,316647.62045615906
335.7142857142857,104.28571428571429,285.7142857142857,16.212749795261647,308420.37521971413
335.7142857142857,104.28571428571429,451.42857142857144,16.211940203773402,343115.6930817081
335.7142857142857,104.28571428571429,617.1428571428571,16.21097091843382,372652.8190015083
335.7142857142857,104.28571428571429,782.8571428571429,16.20995404831871,395187.85475903784
335.7142857142857,104.28571428571429,948.5714285714287,16.208960151474248,411866.216012194
335.7142857142857,104.28571428571429,1114.2857142857142,16.20802705721332,424045.44727401255
335.7142857142857,104.28571428571429,1280.0,16.207170951969076,432872.3379615606
335.7142857142857,104.28571428571429,1445.7142857142858,16.206395413054526,439230.20159887936
335.7142857142857,104.28571428571429,1611.4285714285716,16.205697401160975,443774.8855687384
335.7142857142857,104.28571428571429,1777.1428571428573,16.20507082708138,446986.2164614674
335.7142857142857,104.28571428571429,1942.857142857143,16.204508530812223,449213.7783666124
335.7142857142857,104.28571428571429,2108.5714285714284,16.204003312836797,450712.6025455707
335.7142857142857,104.28571428571429,2274.285714285714,16.20354842860349,451669.52877889795
335.7142857142857,104.28571428571429,2440.0,16.203137790624734,452222.21864661766
335.7142857142857,104.28571428571429,2605.714285714286,16.202766017652827,452472.74050957727
335.7142857142857,104.28571428571429,2771.4285714285716,16.202428408377397,452497.2585293173
335.7142857142857,104.28571428571429,2937.1428571428573,16.2021208816555,452352.959979493
335.7142857142857,104.28571428571429,3102.857142857143,16.201839905433417,452083.0321821055
335.7142857142857,104.28571428571429,3268.571428571429,16.201582425558605,451720.26048129605
335.7142857142857,104.28571428571429,3434.2857142857147,16.201345799719217,451289.64738376887
335.7142857142857,104.28571428571429,3600.0,16.201127738572186,450810.33298110747
335.7142857142857,151.42857142857144,120.0,16.21320956750543,368909.93704539747
335.7142857142857,151.42857142857144,285.7142857142857,16.212658757926032,354835.7715539165
335.7142857142857,151.42857142857144,451.42857142857144,16.211798672689486,393047.3754987723
335.7142857142857,151.42857142857144,617.1428571428571,16.210785288052268,426880.19781765476
335.7142857142857,151.42857142857144,782.8571428571429,16.209729549899247,453440.59703070845
335.7142857142857,151.42857142857144,948.5714285714287,16.208699929554744,473685.8915428217
335.7142857142857,151.42857142857144,1114.2857142857142,16.207732830741747,488966.8831198476
335.7142857142857,151.42857142857144,1280.0,16.206843760078865,500472.89443206263
335.7142857142857,151.42857142857144,1445.7142857142858,16.206036090487093,509141.5891903174
335.7142857142857,151.42857142857144,1611.4285714285716,16.20530680976355,515682.1712478064
335.7142857142857,151.42857142857144,1777.1428571428573,16.20464993731149,520622.40459716716
335.7142857142857,151.42857142857144,1942.857142857143,16.20405842736082,524353.2436885892
335.7142857142857,151.42857142857144,2108.5714285714284,16.203525168782345,527164.7032379821
335.7142857142857,151.42857142857144,2274.285714285714,16.20304347110154,529272.8996564791
335.7142857142857,151.42857142857144,2440.0,16.202607268573047,530839.8782624396
335.7142857142857,151.42857142857144,2605.714285714286,16.20221117517948,531987.9874946325
335.7142857142857,151.42857142857144,2771.4285714285716,16.201850464851567,532810.2706798126
335.7142857142857,151.42857142857144,2937.1428571428573,16.201521017591762,533377.9928505744
335.7142857142857,151.42857142857144,3102.857142857143,16.201219253227297,533746.1172357302
335.7142857142857,151.42857142857144,3268.571428571429,16.200942063964074,533957.3140438545
335.7142857142857,151.42857142857144,3434.2857142857147,16.200686751112794,534044.9150261972
335.7142857142857,151.42857142857144,3600.0,16.200450968226686,534035.1068421468
335.7142857142857,198.57142857142858,120.0,16.213175004397282,415792.3965661353
335.7142857142857,198.57142857142858,285.7142857142857,16.212587915808395,395608.15434126253
335.7142857142857,198.57142857142858,451.42857142857144,16.211698653244976,436252.911219048
335.7142857142857,198.57142857142858,617.1428571428571,16.210664480548036,473392.0240079522
335.7142857142857,198.57142857142858,782.8571428571429,16.209593539135714,503137.9277857465
335.7142857142857,198.57142857142858,948.5714285714287,16.20855151795079,526247.9651166218
335.7142857142857,198.57142857142858,1114.2857142857142,16.207573031060033,544046.8400960478
335.7142857142857,198.57142857142858,1280.0,16.206672676816726,557747.4583352002
335.7142857142857,198.57142857142858,1445.7142857142858,16.205853478420035,568324.9161960579
335.7142857142857,198.57142857142858,1611.4285714285716,16.205112370742153,576527.2660518127
335.7142857142857,198.57142857142858,1777.1428571428573,16.204443453912216,582918.060250402
335.7142857142857,198.57142857142858,1942.857142857143,16.20383980760612,587919.6017228949
335.7142857142857,198.57142857142858,2108.5714285714284,16.203294447393713,591848.697208928
335.7142857142857,198.57142857142858,2274.285714285714,16.20280079236484,594944.0783163208
335.7142857142857,198.57142857142858,2440.0,16.20235286361457,597386.7683534876
335.7142857142857,198.57142857142858,2605.714285714286,16.2019453396458,599315.0091542483
335.7142857142857,198.57142857142858,2771.4285714285716,16.2015735394287,600835.1582864881
335.7142857142857,198.57142857142858,2937.1428571428573,16.201233372043223,602029.6542410607
335.7142857142857,198.57142857142858,3102.857142857143,16.200921273829035,602962.862540798
335.7142857142857,198.57142857142858,3268.571428571429,16.200634143898714,603685.3913278283
335.7142857142857,198.57142857142858,3434.2857142857147,16.200369283305132,604237.2984141337
335.7142857142857,198.57142857142858,3600.0,16.200124340127736,604650.4915461494
335.7142857142857,245.71428571428572,120.0,16.213143905282642,459040.80127010745
335.7142857142857,245.71428571428572,285.7142857142857,16.21252969858023,432758.0018509533
335.7142857142857,245.71428571428572,451.42857142857144,16.21162250203299,475209.2460264883
335.7142857142857,245.71428571428572,617.1428571428571,16.2105789320883,515058.1417560206
335.7142857142857,245.71428571428572,782.8571428571429,16.20950384349095,547472.696416808
335.7142857142857,245.71428571428572,948.5714285714287,16.208460091335787,573008.310100567
335.7142857142857,245.71428571428572,1114.2857142857142,16.207480509619657,592954.3998636369
335.7142857142857,245.71428571428572,1280.0,16.20657877804886,608537.4713131073
335.7142857142857,245.71428571428572,1445.7142857142858,16.20575754362811,620760.7702859406
335.7142857142857,245.71428571428572,1611.4285714285716,16.205013661014057,630403.0489767125
335.7142857142857,245.71428571428572,1777.1428571428573,16.204341292244326,638056.7098850142
335.7142857142857,245.71428571428572,1942.857142857143,16.203733635026577,644169.6023634201
335.7142857142857,245.71428571428572,2108.5714285714284,16.203183834895153,649080.5248280523
335.7142857142857,245.71428571428572,2274.285714285714,16.202685432247105,653046.8758953947
335.7142857142857,245.71428571428572,2440.0,16.202232552773236,656265.4181248958
335.7142857142857,245.71428571428572,2605.714285714286,16.201819961079135,658887.6309885595
335.7142857142857,245.71428571428572,2771.4285714285716,16.201443044850333,661031.0060037196
335.7142857142857,245.71428571428572,2937.1428571428573,16.201097766730545,662787.361120903
335.7142857142857,245.71428571428572,3102.857142857143,16.200780603968006,664228.9835938298
335.7142857142857,245.71428571428572,3268.571428571429,16.200488486287316,665413.193366751
335.7142857142857,245.71428571428572,3434.2857142857147,16.200218737120963,666385.7550579086
335.7142857142857,245.71428571428572,3600.0,16.19996902042778,667183.4468757313
335.7142857142857,292.8571428571429,120.0,16.213115496342887,499588.8098685218
335.7142857142857,292.8571428571429,285.7142857142857,16.21248016919358,467335.7640688024
335.7142857142857,292.8571428571429,451.42857142857144,16.2115616259579,511192.80251940957
335.7142857142857,292.8571428571429,617.1428571428571,16.2105148179635,553354.1577079474
335.7142857142857,292.8571428571429,782.8571428571429,16.209441254740806,588087.1177606321
335.7142857142857,292.8571428571429,948.5714285714287,16.208401102320604,615747.0587713807
335.7142857142857,292.8571428571429,1114.2857142857142,16.2074255301352,637583.3881853477
335.7142857142857,292.8571428571429,1280.0,16.20652735304211,654830.310011353
335.7142857142857,292.8571428571429,1445.7142857142858,16.20570885399086,668513.4836414432
335.7142857142857,292.8571428571429,1611.4285714285716,16.204966800211498,679437.2138985201
335.7142857142857,292.8571428571429,1777.1428571428573,16.20429540318191,688218.3082877613
335.7142857142857,292.8571428571429,1942.857142857143,16.203687967829943,695326.4049878815
335.7142857142857,292.8571428571429,2108.5714285714284,16.20313776304468,701119.1566504504
335.7142857142857,292.8571428571429,2274.285714285714,16.202638448448482,705870.027009642
335.7142857142857,292.8571428571429,2440.0,16.202184256155427,709789.3669653193
335.7142857142857,292.8571428571429,2605.714285714286,16.201770041707587,713040.1168473855
335.7142857142857,292.8571428571429,2771.4285714285716,16.201391268461336,715749.4330465951
335.7142857142857,292.8571428571429,2937.1428571428573,16.201043960951136,718017.2958198672
335.7142857142857,292.8571428571429,3102.857142857143,16.200724646443458,719922.9028797594
335.7142857142857,292.8571428571429,3268.571428571429,16.20043029472786,721529.4429662601
335.7142857142857,292.8571428571429,3434.2857142857147,16.200158261097652,722887.6822069369
335.7142857142857,292.8571428571429,3600.0,16.19990623468338,724038.6769306429
335.7142857142857,340.0,120.0,16.213089273481252,538004.9883506692
335.7142857142857,340.0,285.7142857142857,16.21243700733292,499965.3305270208
335.7142857142857,340.0,451.42857142857144,16.21151125156058,544955.391514548
335.7142857142857,340.0,617.1428571428571,16.21046474532659,589146.9654312371
335.7142857142857,340.0,782.8571428571429,16.209395761014314,625945.6313645245
335.7142857142857,340.0,948.5714285714287,16.20836197555776,655510.3630994358
335.7142857142857,340.0,1114.2857142857142,16.20739303390321,679048.1145666866
335.7142857142857,340.0,1280.0,16.20650095646037,697797.0477278872
335.7142857142857,340.0,1445.7142857142858,16.20568768668793,712801.4138979233
335.7142857142857,340.0,1611.4285714285716,16.204949905351754,724887.5643039013
335.7142857142857,340.0,1777.1428571428573,16.204281864838343,734693.6437733844
335.7142857142857,340.0,1942.857142857143,16.203676966749875,742708.4620365658
335.7142857142857,340.0,2108.5714285714284,16.203128594155224,749306.3243108095
335.7142857142857,340.0,2274.285714285714,16.20263051927606,754774.9216729234
335.7142857142857,340.0,2440.0,16.202177076683522,759336.665050155
335.7142857142857,340.0,2605.714285714286,16.201763211213645,763164.686063906
335.7142857142857,340.0,2771.4285714285716,16.2013844621024,766394.7506494186
335.7142857142857,340.0,2937.1428571428573,16.201036917369493,769134.1224965818
335.7142857142857,340.0,3102.857142857143,16.200717156877115,771468.1759094424
335.7142857142857,340.0,3268.571428571429,16.200422193714886,773465.3536858229
335.7142857142857,340.0,3434.2857142857147,16.200149418678116,775180.9067026906
335.7142857142857,340.0,3600.0,16.19989654992738,776659.7333955187
335.7142857142857,387.14285714285717,120.0,16.213064882946124,574666.0257566822
335.7142857142857,387.14285714285717,285.7142857142857,16.212398726702375,531050.8705933297
335.7142857142857,387.14285714285717,451.42857142857144,16.211468481747758,576980.2939759671
335.7142857142857,387.14285714285717,617.1428571428571,16.210424386488015,622992.3336321784
335.7142857142857,387.14285714285717,782.8571428571429,16.209361647933825,661666.1182261584
335.7142857142857,387.14285714285717,948.5714285714287,16.208335659547984,692968.6166332942
335.7142857142857,387.14285714285717,1114.2857142857142,16.207374679361802,718063.1647998142
335.7142857142857,387.14285714285717,1280.0,16.206490004130657,738189.4056757886
335.7142857142857,387.14285714285717,1445.7142857142858,16.205683265268387,754407.5006969114
335.7142857142857,387.14285714285717,1611.4285714285716,16.204951061366433,767563.3296561121
335.7142857142857,387.14285714285717,1777.1428571428573,16.20428767965702,778314.14402083
335.7142857142857,387.14285714285717,1942.857142857143,16.20368660900937,787166.0059718695
335.7142857142857,387.14285714285717,2108.5714285714284,16.20314133733067,794508.2485660402
335.7142857142857,387.14285714285717,2274.285714285714,16.2026457415826,800641.4266929124
335.7142857142857,387.14285714285717,2440.0,16.202194252817478,805798.8718955591
335.7142857142857,387.14285714285717,2605.714285714286,16.20178190100309,810162.9563415273
335.7142857142857,387.14285714285717,2771.4285714285716,16.20140429865043,813877.2618579275
335.7142857142857,387.14285714285717,2937.1428571428573,16.201057595914758,817055.6719416851
335.7142857142857,387.14285714285717,3102.857142857143,16.200738424872828,819789.1811926268
335.7142857142857,387.14285714285717,3268.571428571429,16.200443842255552,822151.0187138566
335.7142857142857,387.14285714285717,3434.2857142857147,16.2001712752231,824200.525486582
335.7142857142857,387.14285714285717,3600.0,16.199918472192355,825986.107881967
335.7142857142857,434.28571428571433,120.0,16.21304206329348,609836.8298645722
335.7142857142857,434.28571428571433,285.7142857142857,16.212364316226246,560870.8616519157
335.7142857142857,434.28571428571433,451.42857142857144,16.21143144106058,607598.1129644659
335.7142857142857,434.28571428571433,617.1428571428571,16.210391035143527,655269.439102288
335.7142857142857,434.28571428571433,782.8571428571429,16.20933543116019,695669.7629747033
335.7142857142857,434.28571428571433,948.5714285714287,16.208317932729283,728578.7867288043
335.7142857142857,434.28571428571433,1114.2857142857142,16.207365537263186,755115.8319045557
335.7142857142857,434.28571428571433,1280.0,16.206488883558976,776520.3381428394
335.7142857142857,434.28571428571433,1445.7142857142858,16.20568931770094,793866.4233256024
335.7142857142857,434.28571428571433,1611.4285714285716,16.20496336160945,808017.6160403312
335.7142857142857,434.28571428571433,1777.1428571428573,16.204305332898784,819648.5881836314
335.7142857142857,434.28571428571433,1942.857142857143,16.203708799536493,829281.1923353602
335.7142857142857,434.28571428571433,2108.5714285714284,16.203167345556132,837318.5445114211
335.7142857142857,434.28571428571433,2274.285714285714,16.202674944822583,844073.0137920887
335.7142857142857,434.28571428571433,2440.0,16.2022261184119,849787.9716693519
335.7142857142857,434.28571428571433,2605.714285714286,16.201815976404244,854654.2932920938
335.7142857142857,434.28571428571433,2771.4285714285716,16.201440200867783,858822.7585533853
335.7142857142857,434.28571428571433,2937.1428571428573,16.20109500147309,862413.352455471
335.7142857142857,434.28571428571433,3102.857142857143,16.200777060778297,865522.254051375
335.7142857142857,434.28571428571433,3268.571428571429,16.20048347811915,868227.111165717
335.7142857142857,434.28571428571433,3434.2857142857147,16.20021171651937,870591.0438400969
335.7142857142857,434.28571428571433,3600.0,16.199959554554095,872665.7022491078
335.7142857142857,481.42857142857144,120.0,16.213020613772343,643712.2113763792
335.7142857142857,481.42857142857144,285.7142857142857,16.212333055929005,589626.2492607117
335.7142857142857,481.42857142857144,451.42857142857144,16.211398853827617,637045.8230019243
335.7142857142857,481.42857142857144,617.1428571428571,16.210362910843877,686249.365063041
335.7142857142857,481.42857142857144,782.8571428571429,16.209314875844388,728257.386533009
335.7142857142857,481.42857142857144,948.5714285714287,16.20830613868736,762667.1849853686
335.7142857142857,481.42857142857144,1114.2857142857142,16.207362549092235,790554.1553117847
335.7142857142857,481.42857142857144,1280.0,16.20649414697671,813156.373958801
335.7142857142857,481.42857142857144,1445.7142857142858,16.20570201777887,831560.4520608771
335.7142857142857,481.42857142857144,1611.4285714285716,16.204982612509543,846646.1212935209
335.7142857142857,481.42857142857144,1777.1428571428573,16.204330275774094,859104.1606819539
335.7142857142857,481.42857142857144,1942.857142857143,16.20373864759272,869471.0658935828
335.7142857142857,481.42857142857144,2108.5714285714284,16.203201400264728,878162.7538534553
335.7142857142857,481.42857142857144,2274.285714285714,16.202712597212685,885502.5763822583
335.7142857142857,481.42857142857144,2440.0,16.202266843230287,891743.2448489587
335.7142857142857,481.42857142857144,2605.714285714286,16.20185932336277,897083.5492216815
335.7142857142857,481.42857142857144,2771.4285714285716,16.201485785179266,901680.9733496376
335.7142857142857,481.42857142857144,2937.1428571428573,16.201142494758955,905661.1880917262
335.7142857142857,481.42857142857144,3102.857142857143,16.200826182825324,909125.2065221716
335.7142857142857,481.42857142857144,3268.571428571429,16.20053398964312,912154.7988979202
335.7142857142857,481.42857142857144,3434.2857142857147,16.200263412932504,914816.6130000332
335.7142857142857,481.42857142857144,3600.0,16.200012260658152,917165.3288906417
335.7142857142857,528.5714285714286,120.0,16.213000375637275,676440.5138221779
335.7142857142857,528.5714285714286,285.7142857142857,16.21230441431123,617467.3455089559
335.7142857142857,528.5714285714286,451.42857142857144,16.21136981753817,665499.5919714834
335.7142857142857,528.5714285714286,617.1428571428571,16.21033879393093,716133.127290374
335.7142857142857,528.5714285714286,782.8571428571429,16.209298489804162,759651.8252025247
335.7142857142857,528.5714285714286,948.5714285714287,16.208298539028842,795475.4530017122
335.7142857142857,528.5714285714286,1114.2857142857142,16.207363743560308,824635.8833684794
335.7142857142857,528.5714285714286,1280.0,16.206503596887043,848369.0313343349
335.7142857142857,528.5714285714286,1445.7142857142858,16.20571894609554,867772.8825345008
335.7142857142857,528.5714285714286,1611.4285714285716,16.205006176875106,883742.2337016822
335.7142857142857,528.5714285714286,1777.1428571428573,16.204359658174358,896982.9236394479
335.7142857142857,528.5714285714286,1942.857142857143,16.20377309598287,908045.1693252729
335.7142857142857,528.5714285714286,2108.5714285714284,16.20324024386485,917356.8956541147
335.7142857142857,528.5714285714286,2274.285714285714,16.20275524809473,925251.7633055754
335.7142857142857,528.5714285714286,2440.0,16.20231279128042,931991.2543479719
335.7142857142857,528.5714285714286,2605.714285714286,16.2019081284769,937781.5940638984
335.7142857142857,528.5714285714286,2771.4285714285716,16.201537068719748,942786.566424249
335.7142857142857,528.5714285714286,2937.1428571428573,16.20119593128252,947137.1876448212
335.7142857142857,528.5714285714286,3102.857142857143,16.20088149253731,950939.0171139914
335.7142857142857,528.5714285714286,3268.571428571429,16.20059093173777,954277.7037531978
335.7142857142857,528.5714285714286,3434.2857142857147,16.200321779828425,957223.2158933275
335.7142857142857,528.5714285714286,3600.0,16.200071873066705,959833.0867862726
335.7142857142857,575.7142857142858,120.0,16.212981220397463,708137.9091953984
335.7142857142857,575.7142857142858,285.7142857142857,16.21227798739056,644509.8790633354
335.7142857142857,575.7142857142858,451.42857142857144,16.211343672842595,693094.2740577424
335.7142857142857,575.7142857142858,617.1428571428571,16.210317820785,745074.2268005924
335.7142857142857,575.7142857142858,782.8571428571429,16.209285243543405,790023.0622710994
335.7142857142857,575.7142857142858,948.5714285714287,16.20829395954453,827187.8456962442
335.7142857142857,575.7142857142858,1114.2857142857142,16.20736781112942,857557.5450017327
335.7142857142857,575.7142857142858,1280.0,16.20651579171281,882365.3735005554
335.7142857142857,575.7142857142858,1445.7142857142858,16.20573852996674,902719.8227301562
335.7142857142857,575.7142857142858,1611.4285714285716,16.2050323514891,919529.8418960491
335.7142857142857,575.7142857142858,1777.1428571428573,16.20439164745393,933515.4781962587
335.7142857142857,575.7142857142858,1942.857142857143,16.2038101845457,945239.91502798
335.7142857142857,575.7142857142858,2108.5714285714284,16.203281791384878,955142.4327513173
335.7142857142857,575.7142857142858,2274.285714285714,16.202800691046686,963566.4444124417
335.7142857142857,575.7142857142858,2440.0,16.20236163853459,970781.731413844
335.7142857142857,575.7142857142858,2605.714285714286,16.20195995428107,977001.5562795419
335.7142857142857,575.7142857142858,2771.4285714285716,16.201591504939117,982395.6671138656
335.7142857142857,575.7142857142858,2937.1428571428573,16.201252659838254,987100.1416227209
335.7142857142857,575.7142857142858,3102.857142857143,16.200940238474463,991224.8451985022
335.7142857142857,575.7142857142858,3268.571428571429,16.20065145708056,994859.1014502826
335.7142857142857,575.7142857142858,3434.2857142857147,16.200383878240107,998076.0255897514
335.7142857142857,575.7142857142858,3600.0,16.2001353652636,1000935.8557017912
335.7142857142857,622.8571428571429,120.0,16.212963042059982,738897.501916144
335.7142857142857,622.8571428571429,285.7142857142857,16.212253460606764,670845.0864183303
335.7142857142857,622.8571428571429,451.42857142857144,16.211319924963185,719935.6101363566
335.7142857142857,622.8571428571429,617.1428571428571,16.210299362721173,773192.7449337956
335.7142857142857,622.8571428571429,782.8571428571429,16.209274407131954,819503.9309547779
335.7142857142857,622.8571428571429,948.5714285714287,16.208291586195173,857948.283835345
335.7142857142857,622.8571428571429,1114.2857142857142,16.207373860426557,889472.630571772
335.7142857142857,622.8571428571429,1280.0,16.20652976411824,915307.1315288739
335.7142857142857,622.8571428571429,1445.7142857142858,16.205759725289273,936570.1023339
335.7142857142857,622.8571428571429,1611.4285714285716,16.20506001425326,954183.901861444
335.7142857142857,622.8571428571429,1777.1428571428573,16.20442504267987,968882.082664288
335.7142857142857,622.8571428571429,1942.857142857143,16.20384863335005,981240.1664783581
335.7142857142857,622.8571428571429,2108.5714285714284,16.203324684435007,991708.243667824
335.7142857142857,622.8571428571429,2274.285714285714,16.202847490375543,1000639.0128816605
335.7142857142857,622.8571428571429,2440.0,16.20241187364297,1008310.1584517458
335.7142857142857,622.8571428571429,2605.714285714286,16.20201321577995,1014941.6446331026
335.7142857142857,622.8571428571429,2771.4285714285716,16.201647437461226,1020708.8999262594
335.7142857142857,622.8571428571429,2937.1428571428573,16.201310955094804,1025752.8233781586
335.7142857142857,622.8571428571429,3102.857142857143,16.201000628863646,1030187.3827469769
335.7142857142857,622.8571428571429,3268.571428571429,16.200713710001583,1034105.4032086883
335.7142857142857,622.8571428571429,3434.2857142857147,16.200447791135403,1037582.9992376169
335.7142857142857,622.8571428571429,3600.0,16.20020076134784,1040682.987467799
335.7142857142857,670.0,120.0,16.212945751804952,768795.3727790861
335.7142857142857,670.0,285.7142857142857,16.212230584005585,696546.3321897632
335.7142857142857,670.0,451.42857142857144,16.21129819409211,746108.1967750915
335.7142857142857,670.0,617.1428571428571,16.210282951165574,800584.5363079008
335.7142857142857,670.0,782.8571428571429,16.209265450927532,848200.3524096843
335.7142857142857,670.0,948.5714285714287,16.20829084225485,887871.4738620814
335.7142857142857,670.0,1114.2857142857142,16.207381272632745,920503.4527112156
335.7142857142857,670.0,1280.0,16.20654485346719,947323.1869902851
335.7142857142857,670.0,1445.7142857142858,16.20578182793863,969458.2773637514
335.7142857142857,670.0,1611.4285714285716,16.20508841545316,987843.8804068804
335.7142857142857,670.0,1777.1428571428573,16.204459046737032,1003226.4658542572
335.7142857142857,670.0,1942.857142857143,16.203887596635116,1016193.3642268913
335.7142857142857,670.0,2108.5714285714284,16.203368027977504,1027205.0138328994
335.7142857142857,670.0,2274.285714285714,16.20289470169344,1036623.0022422059
335.7142857142857,670.0,2440.0,16.202462503258634,1044732.578991916
335.7142857142857,670.0,2605.714285714286,16.20206687142319,1051760.1236391948
335.7142857142857,670.0,2771.4285714285716,16.201703777561235,1057886.5024211342
335.7142857142857,670.0,2937.1428571428573,16.20136968237756,1063257.2300155924
335.7142857142857,670.0,3102.857142857143,16.201061484437798,1067990.2018541219
335.7142857142857,670.0,3268.571428571429,16.20077646808132,1072181.595961405
335.7142857142857,670.0,3434.2857142857147,16.200512254426393,1075910.3990976328
335.7142857142857,670.0,3600.0,16.200266757061907,1079241.897684164
335.7142857142857,717.1428571428572,120.0,16.212929274209927,797894.731991576
335.7142857142857,717.1428571428572,285.7142857142857,16.212209155502016,721673.6082933786
335.7142857142857,717.1428571428572,451.42857142857144,16.21127818293321,771680.8792304189
335.7142857142857,717.1428571428572,617.1428571428571,16.210268229702724,827327.4408270887
335.7142857142857,717.1428571428572,782.8571428571429,16.209257982902706,876198.2509725265
335.7142857142857,717.1428571428572,948.5714285714287,16.20829131159031,917050.4193013222
335.7142857142857,717.1428571428572,1114.2857142857142,16.207389611247116,950749.1609371161
335.7142857142857,717.1428571428572,1280.0,16.20656060254465,978518.0107223563
335.7142857142857,717.1428571428572,1445.7142857142858,16.205804357922133,1001493.426605983
335.7142857142857,717.1428571428572,1611.4285714285716,16.205117049844386,1020622.8537153484
335.7142857142857,717.1428571428572,1777.1428571428573,16.20449312687758,1036665.1814712711
335.7142857142857,717.1428571428572,1942.857142857143,16.2039265123735,1050219.0976470069
335.7142857142857,717.1428571428572,2108.5714285714284,16.203411229461345,1061754.9926409987
335.7142857142857,717.1428571428572,2274.285714285714,16.202941701178315,1071643.0020162358
335.7142857142857,717.1428571428572,2440.0,16.202512871965947,1080175.6495677864
335.7142857142857,717.1428571428572,2605.714285714286,16.202120234223994,1087585.4829252828
335.7142857142857,717.1428571428572,2771.4285714285716,16.20175980697334,1094058.5962694543
335.7142857142857,717.1428571428572,2937.1428571428573,16.20142809263835,1099744.9418028363
335.7142857142857,717.1428571428572,3102.857142857143,16.201122026013206,1104766.1911790487
335.7142857142857,717.1428571428572,3268.571428571429,16.20083892275377,1109221.7461796196
335.7142857142857,717.1428571428572,3434.2857142857147,16.20057643098979,1113193.3555026383
335.7142857142857,717.1428571428572,3600.0,16.200332487594906,1116748.6807336158
335.7142857142857,764.2857142857143,120.0,16.212913544499205,826248.8568675837
335.7142857142857,764.2857142857143,285.7142857142857,16.212189009255074,746276.6840413037
335.7142857142857,764.2857142857143,451.42857142857144,16.211259654798674,796710.5121013756
335.7142857142857,764.2857142857143,617.1428571428571,16.210254922370456,853485.6089764587
335.7142857142857,764.2857142857143,782.8571428571429,16.20925170782965,903568.3667811679
335.7142857142857,764.2857142857143,948.5714285714287,16.208292689250793,945561.6482469366
335.7142857142857,764.2857142857143,1114.2857142857142,16.207398564436158,980291.3206980716
335.7142857142857,764.2857142857143,1280.0,16.20657669194282,1008977.5393678002
335.7142857142857,764.2857142857143,1445.7142857142858,16.205826986062473,1032765.2800086915
335.7142857142857,764.2857142857143,1611.4285714285716,16.205145575905604,1052613.8493326686
335.7142857142857,764.2857142857143,1777.1428571428573,16.20452692683507,1069294.131734506
335.7142857142857,764.2857142857143,1942.857142857143,16.203965007554235,1083415.7835097061
335.7142857142857,764.2857142857143,2108.5714285714284,16.203453897592244,1095458.804705151
335.7142857142857,764.2857142857143,2274.285714285714,16.20298807815192,1105801.5830148708
335.7142857142857,764.2857142857143,2440.0,16.202562548984517,1114743.6634210187
335.7142857142857,764.2857142857143,2605.714285714286,16.202172852899114,1122523.5461895051
335.7142857142857,764.2857142857143,2771.4285714285716,16.201815053765863,1129332.370351917
335.7142857142857,764.2857142857143,2937.1428571428573,16.201485693351295,1135324.3699889102
335.7142857142857,764.2857142857143,3102.857142857143,16.2011817406773,1140624.8604635214
335.7142857142857,764.2857142857143,3268.571428571429,16.200900541042195,1145336.354239068
335.7142857142857,764.2857142857143,3434.2857142857147,16.20063976819147,1149543.2651938405
335.7142857142857,764.2857142857143,3600.0,16.20039738112196,1153315.5470259201
335.7142857142857,811.4285714285714,120.0,16.21289850649282,853903.2219578953
335.7142857142857,811.4285714285714,285.7142857142857,16.212170007385705,770397.3686280212
335.7142857142857,811.4285714285714,451.42857142857144,16.21124241843039,821244.64986678
335.7142857142857,811.4285714285714,617.1428571428571,16.21024281212496,879112.5917329021
335.7142857142857,811.4285714285714,782.8571428571429,16.20924639997667,930369.6920243992
335.7142857142857,811.4285714285714,948.5714285714287,16.208294748791793,973468.9455756827
335.7142857142857,811.4285714285714,1114.2857142857142,16.207407907226674,1009197.8972725988
335.7142857142857,811.4285714285714,1280.0,16.20659289728863,1038773.3729869267
335.7142857142857,811.4285714285714,1445.7142857142858,16.205849486401874,1063348.5978543223
335.7142857142857,811.4285714285714,1611.4285714285716,16.20517376356534,1083894.3798633742
335.7142857142857,811.4285714285714,1777.1428571428573,16.204560210032703,1101193.2329441197
335.7142857142857,811.4285714285714,1942.857142857143,16.204002837045067,1115865.4444643368
335.7142857142857,811.4285714285714,2108.5714285714284,16.203495777031286,1128400.325377393
335.7142857142857,811.4285714285714,2274.285714285714,16.203033565802837,1139184.2565813868
335.7142857142857,811.4285714285714,2440.0,16.202611255105797,1148523.582266012
335.7142857142857,811.4285714285714,2605.714285714286,16.202224435206315,1156662.566033921
335.7142857142857,811.4285714285714,2771.4285714285716,16.20186921226197,1163797.230655461
335.7142857142857,811.4285714285714,2937.1428571428573,16.20154216519286,1170085.9549580629
335.7142857142857,811.4285714285714,3102.857142857143,16.201240295396424,1175657.5811350613
335.7142857142857,811.4285714285714,3268.571428571429,16.200960976254795,1180617.6324954485
335.7142857142857,811.4285714285714,3434.2857142857147,16.200701905821646,1185053.1025876992
335.7142857142857,811.4285714285714,3600.0,16.200461064121857,1189036.1637599012
335.7142857142857,858.5714285714287,120.0,16.212884111046538,880897.0770450359
335.7142857142857,858.5714285714287,285.7142857142857,16.212152033944754,794071.1723855864
335.7142857142857,858.5714285714287,451.42857142857144,16.21122631723467,845323.5150978867
335.7142857142857,858.5714285714287,617.1428571428571,16.21023172586542,904253.5976133603
335.7142857142857,858.5714285714287,782.8571428571429,16.209241884410932,956651.97958751
335.7142857142857,858.5714285714287,948.5714285714287,16.20829732016172,1000826.077340884
335.7142857142857,858.5714285714287,1114.2857142857142,16.207417476145462,1037526.1642135063
335.7142857142857,858.5714285714287,1280.0,16.206609060735584,1067965.8402686338
335.7142857142857,858.5714285714287,1445.7142857142858,16.2058717046215,1093306.3695628755
335.7142857142857,858.5714285714287,1611.4285714285716,16.205201459623982,1114529.755827255
335.7142857142857,858.5714285714287,1777.1428571428573,16.204592822092238,1132429.8259787878
335.7142857142857,858.5714285714287,1942.857142857143,16.2040398432832,1147637.203407707
335.7142857142857,858.5714285714287,2108.5714285714284,16.20353670537172,1160650.2474308505
335.7142857142857,858.5714285714287,2274.285714285714,16.203077995559457,1171863.1038659862
335.7142857142857,858.5714285714287,2440.0,16.202658814575805,1181588.7199613089
335.7142857142857,858.5714285714287,2605.714285714286,16.20227479745085,1190076.9550993873
335.7142857142857,858.5714285714287,2771.4285714285716,16.201922090282842,1197528.572985714
335.7142857142857,858.5714285714287,2937.1428571428573,16.201597307131816,1204105.9755039893
335.7142857142857,858.5714285714287,3102.857142857143,16.201297480058933,1209941.4278519256
335.7142857142857,858.5714285714287,3268.571428571429,16.201020009082754,1215143.3754148174
335.7142857142857,858.5714285714287,3434.2857142857147,16.200762615345003,1219801.31531425
335.7142857142857,858.5714285714287,3600.0,16.20052329887131,1223989.5731195651
335.7142857142857,905.7142857142858,120.0,16.212870314844487,907264.6381802033
335.7142857142857,905.7142857142858,285.7142857142857,16.212134990433693,817328.550365691
335.7142857142857,905.7142857142858,451.42857142857144,16.211211221489318,868981.4665702829
335.7142857142857,905.7142857142858,617.1428571428571,16.210221523801707,928947.1737970806
335.7142857142857,905.7142857142858,782.8571428571429,16.209238023928176,982457.6104975556
335.7142857142857,905.7142857142858,948.5714285714287,16.20830027443166,1027678.8185001995
335.7142857142857,905.7142857142858,1114.2857142857142,16.207427151869386,1065324.86820166
335.7142857142857,905.7142857142858,1280.0,16.206625071593738,1096606.2805063892
335.7142857142857,905.7142857142858,1445.7142857142858,16.205893536688468,1122692.1957518868
335.7142857142857,905.7142857142858,1611.4285714285716,16.205228564452938,1144575.5534025363
335.7142857142857,905.7142857142858,1777.1428571428573,16.20462466562687,1163061.2175974997
335.7142857142857,905.7142857142858,1942.857142857143,16.2040759292122,1178789.8881493935
335.7142857142857,905.7142857142858,2108.5714285714284,16.20357658427786,1192268.7405113752
335.7142857142857,905.7142857142858,2274.285714285714,16.20312126649502,1203899.4828348719
335.7142857142857,905.7142857142858,2440.0,16.20270512283414,1214001.4909674516
335.7142857142857,905.7142857142858,2605.714285714286,16.202323830628433,1222830.0707936222
335.7142857142857,905.7142857142858,2771.4285714285716,16.20197357376484,1230590.599559469
335.7142857142857,905.7142857142858,2937.1428571428573,16.201650999590075,1237449.3935241993
335.7142857142857,905.7142857142858,3102.857142857143,16.201353169247565,1243542.0480737304
335.7142857142857,905.7142857142858,3268.571428571429,16.201077508049927,1248979.851244278
335.7142857142857,905.7142857142858,3434.2857142857147,16.200821759090665,1253854.735589219
335.7142857142857,905.7142857142858,3600.0,16.200583941435443,1258243.1212673136
335.7142857142857,952.8571428571429,120.0,16.212857079450334,933036.0015796837
335.7142857142857,952.8571428571429,285.7142857142857,16.21211879242082,840195.8492602174
335.7142857142857,952.8571428571429,451.42857142857144,16.21119702259914,892248.1133304419
335.7142857142857,952.8571428571429,617.1428571428571,16.21021209176495,953226.4800203905
335.7142857142857,952.8571428571429,782.8571428571429,16.209234709747232,1007823.0081709733
335.7142857142857,952.8571428571429,948.5714285714287,16.208303513060663,1054066.4882542242
335.7142857142857,952.8571428571429,1114.2857142857142,16.20743684714847,1092635.8682515814
335.7142857142857,952.8571428571429,1280.0,16.206640852945903,1124738.771741281
335.7142857142857,952.8571428571429,1445.7142857142858,16.205914914180525,1151552.0925676255
335.7142857142857,952.8571428571429,1611.4285714285716,16.205255016040326,1174079.4841449917
335.7142857142857,952.8571428571429,1777.1428571428573,16.20465568302505,1193136.6064341671
335.7142857142857,952.8571428571429,1942.857142857143,16.20411103982802,1209374.006003862
335.7142857142857,952.8571428571429,2108.5714285714284,16.203615359824248,1223307.4678546556
335.7142857142857,952.8571428571429,2274.285714285714,16.203163324496114,1235346.081646431
335.7142857142857,952.8571428571429,2440.0,16.202750124551947,1245815.4957543055
335.7142857142857,952.8571428571429,2605.714285714286,16.20237147737517,1254976.3287987027
335.7142857142857,952.8571428571429,2771.4285714285716,16.20202360266525,1263038.4572615316
335.7142857142857,952.8571428571429,2937.1428571428573,16.201703179348396,1270172.0141591588
335.7142857142857,952.8571428571429,3102.857142857143,16.201407296188805,1276515.8416202595
335.7142857142857,952.8571428571429,3268.571428571429,16.201133402548468,1282183.9988669874
335.7142857142857,952.8571428571429,3434.2857142857147,16.20087926241552,1287270.7925271126
335.7142857142857,952.8571428571429,3600.0,16.200642912998717,1291854.6845179778
335.7142857142857,1000.0,120.0,16.21284437055149,958237.8551923312
335.7142857142857,1000.0,285.7142857142857,16.212103366945435,862696.0394375436
335.7142857142857,1000.0,451.42857142857144,16.211183628791783,915149.1731244185
335.7142857142857,1000.0,617.1428571428571,16.210203335553636,977120.2687907537
335.7142857142857,1000.0,782.8571428571429,16.209231854775705,1032779.7259693347
335.7142857142857,1000.0,948.5714285714287,16.208306960228615,1080023.1304637748
335.7142857142857,1000.0,1114.2857142857142,16.207446498270123,1119495.3959718419
335.7142857142857,1000.0,1280.0,16.206656352263455,1152401.4595448584
335.7142857142857,1000.0,1445.7142857142858,16.205935794056412,1179925.8792994544
335.7142857142857,1000.0,1611.4285714285716,16.205280778915725,1203082.8332072287
335.7142857142857,1000.0,1777.1428571428573,16.20468584453304,1222698.5648673903
335.7142857142857,1000.0,1942.857142857143,16.204145149428328,1239433.2634400462
335.7142857142857,1000.0,2108.5714285714284,16.203653008926235,1253811.1387575958
335.7142857142857,1000.0,2274.285714285714,16.20320414789387,1266248.4997499464
335.7142857142857,1000.0,2440.0,16.202793798486795,1277077.1269693172
335.7142857142857,1000.0,2605.714285714286,16.202417716071682,1286562.8312815828
335.7142857142857,1000.0,2771.4285714285716,16.202072154342744,1294919.8853124795
335.7142857142857,1000.0,2937.1428571428573,16.201753822231083,1302322.1507016537
335.7142857142857,1000.0,3102.857142857143,16.201459834769945,1308911.6409160956
335.7142857142857,1000.0,3268.571428571429,16.20118766421624,1314805.1217354555
335.7142857142857,1000.0,3434.2857142857147,16.20093509446933,1320099.2183354946
335.7142857142857,1000.0,3600.0,16.2007001800442,1324874.386551458
371.42857142857144,10.0,120.0,16.21333145921786,206723.92851833667
371.42857142857144,10.0,285.7142857142857,16.213028086291924,193613.04061113167
371.42857142857144,10.0,451.42857142857144,16.212499826936543,209568.0947740169
371.42857142857144,10.0,617.1428571428571,16.211854921555652,221298.34141598316
371.42857142857144,10.0,782.8571428571429,16.21118114972297,228335.87827624925
371.42857142857144,10.0,948.5714285714287,16.2105348675707,231811.0654645504
371.42857142857144,10.0,1114.2857142857142,16.209944512868184,232839.22871674402
371.42857142857144,10.0,1280.0,16.20941983995733,232284.1493625859
371.42857142857144,10.0,1445.7142857142858,16.208960265121686,230755.28486003724
371.42857142857144,10.0,1611.4285714285716,16.208560385868495,228662.23753523952
371.42857142857144,10.0,1777.1428571428573,16.2082130993243,226272.3203253281
371.42857142857144,10.0,1942.857142857143,16.207911176963925,223756.2942686049
371.42857142857144,10.0,2108.5714285714284,16.20764796680536,221221.03873938674
371.42857142857144,10.0,2274.285714285714,16.207417641320937,218731.75525799862
371.42857142857144,10.0,2440.0,16.20721522589393,216326.69000453607
371.42857142857144,10.0,2605.714285714286,16.207036531648434,214026.77902780604
371.42857142857144,10.0,2771.4285714285716,16.2068780547196,211841.93316254235
371.42857142857144,10.0,2937.1428571428573,16.206736871304575,209775.12475644247
371.42857142857144,10.0,3102.857142857143,16.20661054111161,207825.04266281638
371.42857142857144,10.0,3268.571428571429,16.2064970235904,205987.81506991797
371.42857142857144,10.0,3434.2857142857147,16.206394607477556,204258.1244343162
371.42857142857144,10.0,3600.0,16.20630185255059,202629.92503346773
371.42857142857144,57.142857142857146,120.0,16.213252480247295,310160.0876519128
371.42857142857144,57.142857142857146,285.7142857142857,16.212766011694818,294590.76205621654
371.42857142857144,57.142857142857146,451.42857142857144,16.211962492913987,324116.39800938725
371.42857142857144,57.142857142857146,617.1428571428571,16.210993750799087,348941.1742073959
371.42857142857144,57.142857142857146,782.8571428571429,16.209976944051032,367133.8101777705
371.42857142857144,57.142857142857146,948.5714285714287,16.208986858927453,379832.85544969805
371.42857142857144,57.142857142857146,1114.2857142857142,16.208063234379523,388401.2788637327
371.42857142857144,57.142857142857146,1280.0,16.207222369143405,393980.6331450295
371.42857142857144,57.142857142857146,1445.7142857142858,16.20646701362553,397435.836327815
371.42857142857144,57.142857142857146,1611.4285714285716,16.205792978558602,399395.4375379182
371.42857142857144,57.142857142857146,1777.1428571428573,16.205193035677002,400307.8594224355
371.42857142857144,57.142857142857146,1942.857142857143,16.20465904057155,400490.69802373025
371.42857142857144,57.142857142857146,2108.5714285714284,16.20418300382223,400168.5391237882
371.42857142857144,57.142857142857146,2274.285714285714,16.203757576697814,399500.3988376476
371.42857142857144,57.142857142857146,2440.0,16.203376225983977,398599.1421869983
371.42857142857144,57.142857142857146,2605.714285714286,16.2030332520739,397545.08207558555
371.42857142857144,57.142857142857146,2771.4285714285716,16.202723734063515,396395.4774543609
371.42857142857144,57.142857142857146,2937.1428571428573,16.202443445989946,395191.1784444427
371.42857142857144,57.142857142857146,3102.857142857143,16.20218876659811,393961.2946138496
371.42857142857144,57.142857142857146,3268.571428571429,16.201956593299442,392726.4924125996
371.42857142857144,57.142857142857146,3434.2857142857147,16.201744264805477,391501.3385373458
371.42857142857144,57.142857142857146,3600.0,16.201549493756875,390295.9757832875
371.42857142857144,104.28571428571429,120.0,16.213199726906506,379254.61420333444
371.42857142857144,104.28571428571429,285.7142857142857,16.212633563360406,357284.10997013596
371.42857142857144,104.28571428571429,451.42857142857144,16.2117390315039,392433.87195364235
371.42857142857144,104.28571428571429,617.1428571428571,16.21067972332628,423643.98202136625
371.42857142857144,104.28571428571429,782.8571428571429,16.209575123523745,447677.4299373816
371.42857142857144,104.28571428571429,948.5714285714287,16.208499849902957,465470.20820676564
371.42857142857144,104.28571428571429,1114.2857142857142,16.207493455236175,478406.8238743815
371.42857142857144,104.28571428571429,1280.0,16.206572416320753,487708.3429842625
371.42857142857144,104.28571428571429,1445.7142857142858,16.20573984982604,494330.41239757516
371.42857142857144,104.28571428571429,1611.4285714285716,16.204991931438983,498987.5542520222
371.42857142857144,104.28571428571429,1777.1428571428573,16.204321698748597,502204.05601336807
371.42857142857144,104.28571428571429,1942.857142857143,16.203721148060257,504362.16879596893
371.42857142857144,104.28571428571429,2108.5714285714284,16.20318231665005,505740.5682059562
371.42857142857144,104.28571428571429,2274.285714285714,16.202697793185088,506543.0793468399
371.42857142857144,104.28571428571429,2440.0,16.20226091868434,506919.5158844296
371.42857142857144,104.28571428571429,2605.714285714286,16.20186582711514,506980.61553808855
371.42857142857144,104.28571428571429,2771.4285714285716,16.201507408011548,506808.70803676755
371.42857142857144,104.28571428571429,2937.1428571428573,16.20118123551658,506465.3457167239
371.42857142857144,104.28571428571429,3102.857142857143,16.200883487057933,505996.78426111274
371.42857142857144,104.28571428571429,3268.571428571429,16.200610863225133,505437.9417560817
371.42857142857144,104.28571428571429,3434.2857142857147,16.200360514125748,504815.277238258
371.42857142857144,104.28571428571429,3600.0,16.200129974176065,504148.8981048126
371.42857142857144,151.42857142857144,120.0,16.213156883892623,436932.1153557393
371.42857142857144,151.42857142857144,285.7142857142857,16.212541886400697,408060.3230084727
371.42857142857144,151.42857142857144,451.42857142857144,16.211602807833078,446635.3667649778
371.42857142857144,151.42857142857144,617.1428571428571,16.210506744704755,482238.4894621318
371.42857142857144,151.42857142857144,782.8571428571429,16.209370894273558,510442.5105907815
371.42857142857144,151.42857142857144,948.5714285714287,16.208267135538303,531954.2397208149
371.42857142857144,151.42857142857144,1114.2857142857142,16.20723328972024,548136.6130418483
371.42857142857144,151.42857142857144,1280.0,16.206285061318,560247.9001350217
371.42857142857144,151.42857142857144,1445.7142857142858,16.20542538324845,569296.7800667124
371.42857142857144,151.42857142857144,1611.4285714285716,16.20465052955279,576051.5920874823
371.42857142857144,151.42857142857144,1777.1428571428573,16.203953733907372,581085.7716459876
371.42857142857144,151.42857142857144,1942.857142857143,16.203327193545977,584824.4008332185
371.42857142857144,151.42857142857144,2108.5714285714284,16.202763112696157,587582.606687743
371.42857142857144,151.42857142857144,2274.285714285714,16.202254202164795,589594.8550278662
371.42857142857144,151.42857142857144,2440.0,16.201793882274533,591036.5600981509
371.42857142857144,151.42857142857144,2605.714285714286,16.201376330284532,592039.8003930483
371.42857142857144,151.42857142857144,2771.4285714285716,16.200996450851623,592704.6970367176
371.42857142857144,151.42857142857144,2937.1428571428573,16.200649812287637,593107.6586351028
371.42857142857144,151.42857142857144,3102.857142857143,16.20033257125734,593307.3784479713
371.42857142857144,151.42857142857144,3268.571428571429,16.20004139741685,593349.2208096136
371.42857142857144,151.42857142857144,3434.2857142857147,16.199773403404823,593268.4502196308
371.42857142857144,151.42857142857144,3600.0,16.199526082337826,593092.6249821162
371.42857142857144,198.57142857142858,120.0,16.213120026586825,488155.22735183436
371.42857142857144,198.57142857142858,285.7142857142857,16.212471352174305,452448.41338744125
371.42857142857144,198.57142857142858,451.42857142857144,16.211507648000143,493401.96984142537
371.42857142857144,198.57142857142858,617.1428571428571,16.210396108353557,532400.7776031067
371.42857142857144,198.57142857142858,782.8571428571429,16.20925041984945,563915.3271528996
371.42857142857144,198.57142857142858,948.5714285714287,16.208139282727515,588420.7144595378
371.42857142857144,198.57142857142858,1114.2857142857142,16.207098551587073,607242.4938571574
371.42857142857144,198.57142857142858,1280.0,16.20614297922862,621658.5906495065
371.42857142857144,198.57142857142858,1445.7142857142858,16.20527517495056,632714.2576837833
371.42857142857144,198.57142857142858,1611.4285714285716,16.204491415927293,641217.1606527228
371.42857142857144,198.57142857142858,1777.1428571428573,16.203785080987696,647777.5507464975
371.42857142857144,198.57142857142858,1942.857142857143,16.203148555083565,652853.0582151879
371.42857142857144,198.57142857142858,2108.5714285714284,16.20257422486362,656786.7936258612
371.42857142857144,198.57142857142858,2274.285714285714,16.202054958611924,659836.9400057767
371.42857142857144,198.57142857142858,2440.0,16.201584303808602,662198.8714436475
371.42857142857144,198.57142857142858,2605.714285714286,16.201156535769712,664021.4163086213
371.42857142857144,198.57142857142858,2771.4285714285716,16.200766631934332,665418.7479729395
371.42857142857144,198.57142857142858,2937.1428571428573,16.2004102126004,666479.080018205
371.42857142857144,198.57142857142858,3102.857142857143,16.200083469872702,667271.0464518807
371.42857142857144,198.57142857142858,3268.571428571429,16.19978309598529,667848.4080030055
371.42857142857144,198.57142857142858,3434.2857142857147,16.19950621633423,668253.5456104699
371.42857142857144,198.57142857142858,3600.0,16.19925032941178,668520.0714252187
371.42857142857144,245.71428571428572,120.0,16.213087371925937,535021.737077852
371.42857142857144,245.71428571428572,285.7142857142857,16.21241390303393,492718.2109371129
371.42857142857144,245.71428571428572,451.42857142857144,16.211435908843907,535449.994404421
371.42857142857144,245.71428571428572,617.1428571428571,16.21031906051919,577244.7525122009
371.42857142857144,245.71428571428572,782.8571428571429,16.209173276424206,611541.5213983227
371.42857142857144,245.71428571428572,948.5714285714287,16.208064158273718,638587.8145279358
371.42857142857144,245.71428571428572,1114.2857142857142,16.207025667625633,659664.9151355892
371.42857142857144,245.71428571428572,1280.0,16.206071617547636,676061.3450965123
371.42857142857144,245.71428571428572,1445.7142857142858,16.205204267298345,688849.970704063
371.42857142857144,245.71428571428572,1611.4285714285716,16.204419859649406,698869.6764715484
371.42857142857144,245.71428571428572,1777.1428571428573,16.203711885844537,706760.5022115936
371.42857142857144,245.71428571428572,1942.857142857143,16.203072896860782,713006.6822255041
371.42857142857144,245.71428571428572,2108.5714285714284,16.20249545187396,717974.3542671254
371.42857142857144,245.71428571428572,2274.285714285714,16.201972576872272,721941.3196770676
371.42857142857144,245.71428571428572,2440.0,16.201497954441212,725119.5367751173
371.42857142857144,245.71428571428572,2605.714285714286,16.20106597130233,727671.8079191305
371.42857142857144,245.71428571428572,2771.4285714285716,16.20067169448761,729724.0751109679
371.42857142857144,245.71428571428572,2937.1428571428573,16.20031081505699,731374.4751086149
371.42857142857144,245.71428571428572,3102.857142857143,16.1999795801999,732700.0280339889
371.42857142857144,245.71428571428572,3268.571428571429,16.199674724471464,733761.6026456489
371.42857142857144,245.71428571428572,3434.2857142857147,16.19939340534785,734607.6248801647
371.42857142857144,245.71428571428572,3600.0,16.199133145266117,735276.8663707125
371.42857142857144,292.8571428571429,120.0,16.213057910238437,578654.2199272823
371.42857142857144,292.8571428571429,285.7142857142857,16.21236539237027,530053.2785725566
371.42857142857144,292.8571428571429,451.42857142857144,16.211379071492438,574182.9000328439
371.42857142857144,292.8571428571429,617.1428571428571,16.210262278635977,618374.6766089281
371.42857142857144,292.8571428571429,782.8571428571429,16.209121238098806,655095.755051076
371.42857142857144,292.8571428571429,948.5714285714287,16.20801867330881,684372.4192746008
371.42857142857144,292.8571428571429,1114.2857142857142,16.20698680361524,707438.6152519642
371.42857142857144,292.8571428571429,1280.0,16.206038567197083,725588.225956277
371.42857142857144,292.8571428571429,1445.7142857142858,16.205175883674045,739916.2340534371
371.42857142857144,292.8571428571429,1611.4285714285716,16.204394946735626,751287.635337606
371.42857142857144,292.8571428571429,1777.1428571428573,16.203689338229523,760367.7605138635
371.42857142857144,292.8571428571429,1942.857142857143,16.203051755033478,767663.5992173485
371.42857142857144,292.8571428571429,2108.5714285714284,16.20247491378137,773561.0766218138
371.42857142857144,292.8571428571429,2274.285714285714,16.20195198874726,778354.9104710984
371.42857142857144,292.8571428571429,2440.0,16.20147679324153,782271.400827961
371.42857142857144,292.8571428571429,2605.714285714286,16.20104382503935,785485.4663582898
371.42857142857144,292.8571428571429,2771.4285714285716,16.200648243415866,788133.2786347939
371.42857142857144,292.8571428571429,2937.1428571428573,16.200285814952892,790321.620661166
371.42857142857144,292.8571428571429,3102.857142857143,16.19995284807669,792134.836725878
371.42857142857144,292.8571428571429,3268.571428571429,16.199646126658795,793640.017834481
371.42857142857144,292.8571428571429,3434.2857142857147,16.199362847687514,794890.8935930496
371.42857142857144,292.8571428571429,3600.0,16.199100565121544,795930.7724455342
371.42857142857144,340.0,120.0,16.213030996699505,619737.2847020851
371.42857142857144,340.0,285.7142857142857,16.21232339339797,565158.8726125421
371.42857142857144,340.0,451.42857142857144,16.21133242914473,610429.9494780472
371.42857142857144,340.0,617.1428571428571,16.210218681650094,656735.617209245
371.42857142857144,340.0,782.8571428571429,16.209084873231937,695622.6790415318
371.42857142857144,340.0,948.5714285714287,16.207991095685948,726903.2610730125
371.42857142857144,340.0,1114.2857142857142,16.20696798731974,751762.8033033637
371.42857142857144,340.0,1280.0,16.206027687574473,771497.3204930146
371.42857142857144,340.0,1445.7142857142858,16.20517179878308,787220.2754928471
371.42857142857144,340.0,1611.4285714285716,16.204396460842176,799819.3039467635
371.42857142857144,340.0,1777.1428571428573,16.203695330979407,809981.9248858746
371.42857142857144,340.0,1942.857142857143,16.203061234904702,818235.2017028412
371.42857142857144,340.0,2108.5714285714284,16.20248703168178,824982.5720018873
371.42857142857144,340.0,2274.285714285714,16.2019660322082,830533.7599188468
371.42857142857144,340.0,2440.0,16.201492172316378,835127.8124332014
371.42857142857144,340.0,2605.714285714286,16.201060055670787,838950.4359158773
371.42857142857144,340.0,2771.4285714285716,16.200664931087417,842146.9248923104
371.42857142857144,340.0,2937.1428571428573,16.200302639862233,844831.7857503017
371.42857142857144,340.0,3102.857142857143,16.199969552251993,847095.9156402928
371.42857142857144,340.0,3268.571428571429,16.199662503037597,849011.9813543234
371.42857142857144,340.0,3434.2857142857147,16.199378730996717,850638.4725865432
371.42857142857144,340.0,3600.0,16.19911582433064,852022.7759162296
371.42857142857144,387.14285714285717,120.0,16.21300618654675,658725.3461263971
371.42857142857144,387.14285714285717,285.7142857142857,16.21228635973982,598493.3568859445
371.42857142857144,387.14285714285717,451.42857142857144,16.211293136137353,644725.94605852
371.42857142857144,387.14285714285717,617.1428571428571,16.210184143789306,692935.2565770436
371.42857142857144,387.14285714285717,782.8571428571429,16.20905883084701,733793.3448550967
371.42857142857144,387.14285714285717,948.5714285714287,16.207974893732235,766905.3856442065
371.42857142857144,387.14285714285717,1114.2857142857142,16.206961540651005,793408.1766314041
371.42857142857144,387.14285714285717,1280.0,16.206030186175834,814597.7976230547
371.42857142857144,387.14285714285717,1445.7142857142858,16.205182140593575,831603.6596387583
371.42857142857144,387.14285714285717,1611.4285714285716,16.204413489864393,845333.5506328379
371.42857142857144,387.14285714285717,1777.1428571428573,16.203717955518254,856494.9224847717
371.42857142857144,387.14285714285717,1942.857142857143,16.2030884778864,865632.9450569688
371.42857142857144,387.14285714285717,2108.5714285714284,16.202518044851246,873166.8880554714
371.42857142857144,387.14285714285717,2274.285714285714,16.202000092424317,879420.0633676287
371.42857142857144,387.14285714285717,2440.0,16.201528669928468,884643.0745144153
371.42857142857144,387.14285714285717,2605.714285714286,16.201098480225774,889031.4194243074
371.42857142857144,387.14285714285717,2771.4285714285716,16.200704856985457,892738.6823432498
371.42857142857144,387.14285714285717,2937.1428571428573,16.200343713155302,895886.395359014
371.42857142857144,387.14285714285717,3102.857142857143,16.200011479032128,898571.423107506
371.42857142857144,387.14285714285717,3268.571428571429,16.199705039485075,900871.5156931365
371.42857142857144,387.14285714285717,3434.2857142857147,16.1994216749822,902849.5072834152
371.42857142857144,387.14285714285717,3600.0,16.19915900839455,904556.5106476571
371.42857142857144,434.28571428571433,120.0,16.212983156062496,695938.6285014253
371.42857142857144,434.28571428571433,285.7142857142857,16.212253243941614,630373.5235188673
371.42857142857144,434.28571428571433,451.42857142857144,16.211259355976956,677437.8915564679
371.42857142857144,434.28571428571433,617.1428571428571,16.21015609546663,727389.415210637
371.42857142857144,434.28571428571433,782.8571428571429,16.209039866391695,770066.4314392081
371.42857142857144,434.28571428571433,948.5714285714287,16.207966184482498,804874.2643351598
371.42857142857144,434.28571428571433,1114.2857142857142,16.206962963032787,832901.5300998194
371.42857142857144,434.28571428571433,1280.0,16.206040959092466,855443.0297662839
371.42857142857144,434.28571428571433,1445.7142857142858,16.205201215586225,873642.2937147992
371.42857142857144,434.28571428571433,1611.4285714285716,16.204439766499686,888425.4091495959
371.42857142857144,434.28571428571433,1777.1428571428573,16.203750389316646,900518.0562018732
371.42857142857144,434.28571428571433,1942.857142857143,16.203126127148124,910482.0115535986
371.42857142857144,434.28571428571433,2108.5714285714284,16.202560084743013,918751.0882906565
371.42857142857144,434.28571428571433,2274.285714285714,16.202045812633457,925661.0927542901
371.42857142857144,434.28571428571433,2440.0,16.201577464876713,931473.2638056299
371.42857142857144,434.28571428571433,2605.714285714286,16.20114983661647,936392.1171437614
371.42857142857144,434.28571428571433,2771.4285714285716,16.20075834110036,940578.8772413841
371.42857142857144,434.28571428571433,2937.1428571428573,16.200398959031386,944161.556257854
371.42857142857144,434.28571428571433,3102.857142857143,16.200068177966184,947242.5270739611
371.42857142857144,434.28571428571433,3268.571428571429,16.19976293096473,949904.2355767668
371.42857142857144,434.28571428571433,3434.2857142857147,16.199480538974,952213.5323973764
371.42857142857144,434.28571428571433,3600.0,16.1992186588487,954224.9779418658
371.42857142857144,481.42857142857144,120.0,16.212961660065304,731613.1237480063
371.42857142857144,481.42857142857144,285.7142857142857,16.212223302899808,661028.6250974189
371.42857142857144,481.42857142857144,451.42857142857144,16.211229842871244,708829.6359213437
371.42857142857144,481.42857142857144,617.1428571428571,16.210132852616614,760396.2212922189
371.42857142857144,481.42857142857144,782.8571428571429,16.209025910445334,804770.4184223297
371.42857142857144,481.42857142857144,948.5714285714287,16.20796254251254,841164.5981644713
371.42857142857144,481.42857142857144,1114.2857142857142,16.206969486281544,870620.0160781435
371.42857142857144,481.42857142857144,1280.0,16.20605690121839,894429.3245231825
371.42857142857144,481.42857142857144,1445.7142857142858,16.205225585756676,913748.816801138
371.42857142857144,481.42857142857144,1611.4285714285716,16.204471524788637,929521.4575880317
371.42857142857144,481.42857142857144,1777.1428571428573,16.203788545272396,942489.827975156
371.42857142857144,481.42857142857144,1942.857142857143,16.203169783162227,953231.1339656549
371.42857142857144,481.42857142857144,2108.5714285714284,16.202608449676763,962192.714417649
371.42857142857144,481.42857142857144,2274.285714285714,16.202098200373957,969722.003086362
371.42857142857144,481.42857142857144,2440.0,16.201633285952262,976090.140965102
371.42857142857144,481.42857142857144,2605.714285714286,16.201208587218908,981510.0436708118
371.42857142857144,481.42857142857144,2771.4285714285716,16.20081959173907,986150.0557704956
371.42857142857144,481.42857142857144,2937.1428571428573,16.200462343879078,990144.2313363357
371.42857142857144,481.42857142857144,3102.857142857143,16.200133385333043,993600.0817414576
371.42857142857144,481.42857142857144,3268.571428571429,16.19982969501468,996604.4358563765
371.42857142857144,481.42857142857144,3434.2857142857147,16.1995486326387,999227.8953773548
371.42857142857144,481.42857142857144,3600.0,16.199287887825534,1001528.2424361535
371.42857142857144,528.5714285714286,120.0,16.21294150706916,765928.9197491454
371.42857142857144,528.5714285714286,285.7142857142857,16.212195989902817,690630.6084544553
371.42857142857144,528.5714285714286,451.42857142857144,16.211203717679414,739097.8746877824
371.42857142857144,528.5714285714286,617.1428571428571,16.210113265968417,792177.343437804
371.42857142857144,528.5714285714286,782.8571428571429,16.209015589357037,838149.2584401479
371.42857142857144,528.5714285714286,948.5714285714287,16.207962393277022,876039.6975000978
371.42857142857144,528.5714285714286,1114.2857142857142,16.206979343697135,906843.5992857176
371.42857142857144,528.5714285714286,1280.0,16.206076055359944,931850.921305331
371.42857142857144,528.5714285714286,1445.7142857142858,16.205253102907175,952229.6941706536
371.42857142857144,528.5714285714286,1611.4285714285716,16.204506425347187,968938.6437623518
371.42857142857144,528.5714285714286,1777.1428571428573,16.203829893957522,982736.193972231
371.42857142857144,528.5714285714286,1942.857142857143,16.20321672912363,994214.033594651
371.42857142857144,528.5714285714286,2108.5714285714284,16.20266023949861,1003832.2048606577
371.42857142857144,528.5714285714286,2274.285714285714,16.20215417724112,1011949.0654359394
371.42857142857144,528.5714285714286,2440.0,16.201692882360852,1018845.0616055558
371.42857142857144,528.5714285714286,2605.714285714286,16.201271315201293,1024741.0045522153
371.42857142857144,528.5714285714286,2771.4285714285716,16.200885032652398,1029811.9332762636
371.42857142857144,528.5714285714286,2937.1428571428573,16.20053013874729,1034197.58434173
371.42857142857144,528.5714285714286,3102.857142857143,16.200203226161722,1038010.303632051
371.42857142857144,528.5714285714286,3268.571428571429,16.199901317199817,1041341.0452961475
371.42857142857144,528.5714285714286,3434.2857142857147,16.19962180844244,1044263.942996491
371.42857142857144,528.5714285714286,3600.0,16.199362420825068,1046839.8137231348
371.42857142857144,575.7142857142858,120.0,16.21292254382808,799027.3476962402
371.42857142857144,575.7142857142858,285.7142857142857,16.21217089073011,719312.1897790084
371.42857142857144,575.7142857142858,451.42857142857144,16.211180339714844,768393.5682792458
371.42857142857144,575.7142857142858,617.1428571428571,16.210096524895835,822902.4851660583
371.42857142857144,575.7142857142858,782.8571428571429,16.209007961346053,870389.4991855553
371.42857142857144,575.7142857142858,948.5714285714287,16.207964682704848,909700.813185545
371.42857142857144,575.7142857142858,1114.2857142857142,16.20699137484423,941786.2326535981
371.42857142857144,575.7142857142858,1280.0,16.20609715428947,967932.7025906062
371.42857142857144,575.7142857142858,1445.7142857142858,16.20528239042984,989319.2049294529
371.42857142857144,575.7142857142858,1611.4285714285716,16.20454297963008,1006919.3342249797
371.42857142857144,575.7142857142858,1777.1428571428573,16.20387283329904,1021506.4973720065
371.42857142857144,575.7142857142858,1942.857142857143,16.203265249066813,1033686.0904397311
371.42857142857144,575.7142857142858,2108.5714285714284,16.20271362514732,1043930.1817092755
371.42857142857144,575.7142857142858,2274.285714285714,16.202211802844484,1052607.4711941956
371.42857142857144,575.7142857142858,2440.0,16.20175420489703,1060007.215625888
371.42857142857144,575.7142857142858,2605.714285714286,16.20133586559777,1066357.702540884
371.42857142857144,575.7142857142858,2771.4285714285716,16.200952406532746,1071840.3107775766
371.42857142857144,575.7142857142858,2937.1428571428573,16.200599987627633,1076600.1593632037
371.42857142857144,575.7142857142858,3102.857142857143,16.20027524949633,1080754.174453203
371.42857142857144,575.7142857142858,3268.571428571429,16.199975255399565,1084397.2195477516
371.42857142857144,575.7142857142858,3434.2857142857147,16.199697436851377,1087606.776375501
371.42857142857144,575.7142857142858,3600.0,16.199439544576666,1090446.5396747708
371.42857142857144,622.8571428571429,120.0,16.212904645234435,831021.9098384668
371.42857142857144,622.8571428571429,285.7142857142857,16.212147683833983,747178.2411444965
371.42857142857144,622.8571428571429,451.42857142857144,16.211159229397985,796835.3741891739
371.42857142857144,622.8571428571429,617.1428571428571,16.21008204167577,852704.7202877617
371.42857142857144,622.8571428571429,782.8571428571429,16.209002363215337,901637.2561119836
371.42857142857144,622.8571428571429,948.5714285714287,16.207968687381,942305.4938691832
371.42857142857144,622.8571428571429,1114.2857142857142,16.207004800192685,975615.3775533318
371.42857142857144,622.8571428571429,1280.0,16.20611936090999,1002850.6877165829
371.42857142857144,622.8571428571429,1445.7142857142858,16.205312550207463,1025200.7500594549
371.42857142857144,622.8571428571429,1611.4285714285716,16.204580224929497,1043653.3036843713
371.42857142857144,622.8571428571429,1777.1428571428573,16.20391633315211,1058996.0288925783
371.42857142857144,622.8571428571429,1942.857142857143,16.20331424355678,1071847.3835404506
371.42857142857144,622.8571428571429,2108.5714285714284,16.202767437026992,1082690.8953087076
371.42857142857144,622.8571428571429,2274.285714285714,16.20226983740958,1091905.118288336
371.42857142857144,622.8571428571429,2440.0,16.20181594427852,1099787.7030516646
371.42857142857144,622.8571428571429,2605.714285714286,16.20140086081651,1106574.0597524778
371.42857142857144,622.8571428571429,2771.4285714285716,16.201020269063545,1112451.607256137
371.42857142857144,622.8571428571429,2937.1428571428573,16.20067038133361,1117570.5929174956
371.42857142857144,622.8571428571429,3102.857142857143,16.20034788331238,1122052.3074512894
371.42857142857144,622.8571428571429,3268.571428571429,16.20004987688826,1125995.3402105833
371.42857142857144,622.8571428571429,3434.2857142857147,16.199773826625442,1129480.3644721836
371.42857142857144,622.8571428571429,3600.0,16.199517511521407,1132573.818811391
371.42857142857144,670.0,120.0,16.212887707448466,862005.5401566604
371.42857142857144,670.0,285.7142857142857,16.212126114463906,774313.2748144183
371.42857142857144,670.0,451.42857142857144,16.21114001951668,824518.437668728
371.42857142857144,670.0,617.1428571428571,16.210069380124978,881690.5127146608
371.42857142857144,670.0,782.8571428571429,16.208998317319438,932009.2962273998
371.42857142857144,670.0,948.5714285714287,16.20797390063412,973979.5742434976
371.42857142857144,670.0,1114.2857142857142,16.207019086930668,1008464.7554257273
371.42857142857144,670.0,1280.0,16.206142114354343,1036745.4268161076
371.42857142857144,670.0,1445.7142857142858,16.20534298960598,1060020.7863235928
371.42857142857144,670.0,1611.4285714285716,16.204617532947346,1079292.1231752932
371.42857142857144,670.0,1777.1428571428573,16.20395972621158,1095360.7978195224
371.42857142857144,670.0,1942.857142857143,16.203363003750763,1108857.7855057123
371.42857142857144,670.0,2108.5714285714284,16.202820923056503,1120277.5929622825
371.42857142857144,670.0,2274.285714285714,16.20232748465716,1130008.2130185426
371.42857142857144,670.0,2440.0,16.201877259684174,1138355.3347889485
371.42857142857144,670.0,2605.714285714286,16.20146541563999,1145561.18872519
371.42857142857144,670.0,2771.4285714285716,16.201087691151674,1151818.9770207398
371.42857142857144,670.0,2937.1428571428573,16.20074034769629,1157283.8574115625
371.42857142857144,670.0,3102.857142857143,16.200420113365503,1162081.299898888
371.42857142857144,670.0,3268.571428571429,16.200124126484898,1166313.461862731
371.42857142857144,670.0,3434.2857142857147,16.19984988287555,1170064.0733283781
371.42857142857144,670.0,3600.0,16.199595188343213,1173402.2012314242
371.42857142857144,717.1428571428572,120.0,16.212871643069256,892055.5979425843
371.42857142857144,717.1428571428572,285.7142857142857,16.212105977252474,800786.5390369762
371.42857142857144,717.1428571428572,451.42857142857144,16.21112242337625,851520.3522271768
371.42857142857144,717.1428571428572,617.1428571428571,16.210058209951306,909946.4993668188
371.42857142857144,717.1428571428572,782.8571428571429,16.208995472993113,961600.5369951352
371.42857142857144,717.1428571428572,948.5714285714287,16.207979961646842,1004825.285398068
371.42857142857144,717.1428571428572,1114.2857142857142,16.20703386614127,1040442.976477966
371.42857142857144,717.1428571428572,1280.0,16.20616503552694,1069731.0675440733
371.42857142857144,717.1428571428572,1445.7142857142858,16.205373315684273,1093898.2628694177
371.42857142857144,717.1428571428572,1611.4285714285716,16.204654493017724,1113958.9092536073
371.42857142857144,717.1428571428572,1777.1428571428573,16.204002580640008,1130727.5458940149
371.42857142857144,717.1428571428572,1942.857142857143,16.20341107386382,1144847.2011412028
371.42857142857144,717.1428571428572,2108.5714285714284,16.20287360143006,1156822.9489804765
371.42857142857144,717.1428571428572,2274.285714285714,16.20238423532761,1167051.8637127131
371.42857142857144,717.1428571428572,2440.0,16.201937613511667,1175847.3666118605
371.42857142857144,717.1428571428572,2605.714285714286,16.20152896367685,1183458.2472127422
371.42857142857144,717.1428571428572,2771.4285714285716,16.20115407751988,1190083.268867001
371.42857142857144,717.1428571428572,2937.1428571428573,16.20080926272504,1195882.3107811406
371.42857142857144,717.1428571428572,3102.857142857143,16.200491287327395,1200984.8614356932
371.42857142857144,717.1428571428572,3268.571428571429,16.20019732404884,1205496.509080578
371.42857142857144,717.1428571428572,3434.2857142857147,16.199924898281324,1209503.9232043955
371.42857142857144,717.1428571428572,3600.0,16.199671841248414,1213078.6985169153
371.42857142857144,764.2857142857143,120.0,16.21285637764567,921237.4034205461
371.42857142857144,764.2857142857143,285.7142857142857,16.21208710414288,826655.5922400006
371.42857142857144,764.2857142857143,451.42857142857144,16.211106213333192,877905.3238053729
371.42857142857144,764.2857142857143,617.1428571428571,16.210048276625976,937544.2213621464
371.42857142857144,764.2857142857143,782.8571428571429,16.20899356851,990489.2737964268
371.42857142857144,764.2857142857143,948.5714285714287,16.207986609963115,1034926.9078657636
371.42857142857144,764.2857142857143,1114.2857142857142,16.207048880109735,1071639.5549062202
371.42857142857144,764.2857142857143,1280.0,16.206187867370094,1101901.67753184
371.42857142857144,764.2857142857143,1445.7142857142858,16.20540326856459,1126931.2041200565
371.42857142857144,764.2857142857143,1611.4285714285716,16.204690838748846,1147755.1278604532
371.42857142857144,764.2857142857143,1777.1428571428573,16.204044620180944,1165200.7390501902
371.42857142857144,764.2857142857143,1942.857142857143,16.203458164983054,1179922.7193643062
371.42857142857144,764.2857142857143,2108.5714285714284,16.202925168383757,1192436.3536072646
371.42857142857144,764.2857142857143,2274.285714285714,16.202439769164812,1203147.4872646383
371.42857142857144,764.2857142857143,2440.0,16.201996667848963,1212377.0070319443
371.42857142857144,764.2857142857143,2605.714285714286,16.20159114859083,1220380.0336828465
371.42857142857144,764.2857142857143,2771.4285714285716,16.201219052957907,1227360.697634971
371.42857142857144,764.2857142857143,2937.1428571428573,16.20087673213732,1233483.4343030266
371.42857142857144,764.2857142857143,3102.857142857143,16.200560991840174,1238881.6097961653
371.42857142857144,764.2857142857143,3268.571428571429,16.200269037293154,1243664.122961942
371.42857142857144,764.2857142857143,3434.2857142857147,16.199998421885372,1247920.479795953
371.42857142857144,764.2857142857143,3600.0,16.199747000950623,1251724.7143956625
371.42857142857144,811.4285714285714,120.0,16.212841847095408,949606.8039727255
371.42857142857144,811.4285714285714,285.7142857142857,16.21206935580336,851968.8745202608
371.42857142857144,811.4285714285714,451.42857142857144,16.211091205936423,903727.1554149928
371.42857142857144,811.4285714285714,617.1428571428571,16.210039380956015,964543.5097731818
371.42857142857144,811.4285714285714,782.8571428571429,16.208992405704763,1018740.9185031799
371.42857142857144,811.4285714285714,948.5714285714287,16.20799365551458,1064354.8139062836
371.42857142857144,811.4285714285714,1114.2857142857142,16.20706394792274,1102129.2105374096
371.42857142857144,811.4285714285714,1280.0,16.20621043611879,1133335.7667887574
371.42857142857144,811.4285714285714,1445.7142857142858,16.20543267840504,1159201.4199513684
371.42857142857144,811.4285714285714,1611.4285714285716,16.204726400786964,1180765.4643758375
371.42857142857144,811.4285714285714,1777.1428571428573,16.204085672810542,1198867.5738784564
371.42857142857144,811.4285714285714,1942.857142857143,16.203504099725873,1214173.7363878665
371.42857142857144,811.4285714285714,2108.5714285714284,16.20297543899779,1227209.13641033
371.42857142857144,811.4285714285714,2274.285714285714,16.202493892012,1238388.1188641929
371.42857142857144,811.4285714285714,2440.0,16.20205421802105,1248038.8016998714
371.42857142857144,811.4285714285714,2605.714285714286,16.20165175425847,1256422.4365436297
371.42857142857144,811.4285714285714,2771.4285714285716,16.201282389250693,1263748.349923383
371.42857142857144,811.4285714285714,2937.1428571428573,16.20094251521376,1270185.3877134675
371.42857142857144,811.4285714285714,3102.857142857143,16.200628973450126,1275870.6692908257
371.42857142857144,811.4285714285714,3268.571428571429,16.200338999942694,1280916.2977986098
371.42857142857144,811.4285714285714,3434.2857142857147,16.200070174614808,1285414.5246539933
371.42857142857144,811.4285714285714,3600.0,16.199820375687786,1289441.7450754214
371.42857142857144,858.5714285714287,120.0,16.21282799575665,977212.0771221181
371.42857142857144,858.5714285714287,285.7142857142857,16.21205261538455,876767.5988869261
371.42857142857144,858.5714285714287,451.42857142857144,16.211077251400532,929031.4343166796
371.42857142857144,858.5714285714287,617.1428571428571,16.210031364904086,990994.9629683424
371.42857142857144,858.5714285714287,782.8571428571429,16.208991832644127,1046410.7332315848
371.42857142857144,858.5714285714287,948.5714285714287,16.20800095841672,1093168.4227530074
371.42857142857144,858.5714285714287,1114.2857142857142,16.207078942505003,1131975.0138157927
371.42857142857144,858.5714285714287,1280.0,16.206232625618,1164099.5946820187
371.42857142857144,858.5714285714287,1445.7142857142858,16.20546143701613,1190777.9508806507
371.42857142857144,858.5714285714287,1611.4285714285716,16.204761075756483,1213061.386843709
371.42857142857144,858.5714285714287,1777.1428571428573,16.204125637041404,1231801.6418760212
371.42857142857144,858.5714285714287,1942.857142857143,16.203548775965146,1247675.7066881424
371.42857142857144,858.5714285714287,2108.5714285714284,16.20302430841544,1261218.3919365653
371.42857142857144,858.5714285714287,2274.285714285714,16.2025464946085,1272852.3022147124
371.42857142857144,858.5714285714287,2440.0,16.202110149055628,1282912.5796435664
371.42857142857144,858.5714285714287,2605.714285714286,16.201710658999186,1291666.4291775597
371.42857142857144,858.5714285714287,2771.4285714285716,16.201343957269813,1299328.2217877372
371.42857142857144,858.5714285714287,2937.1428571428573,16.201006474847787,1306071.0843480811
371.42857142857144,858.5714285714287,3102.857142857143,16.200695086710233,1312035.7789236784
371.42857142857144,858.5714285714287,3268.571428571429,16.200407057981632,1317337.5183405066
371.42857142857144,858.5714285714287,3434.2857142857147,16.20013999376244,1322071.2182960995
371.42857142857144,858.5714285714287,3600.0,16.199891794021745,1326315.5653500888
371.42857142857144,905.7142857142858,120.0,16.212814774891083,1004095.3683476847
371.42857142857144,905.7142857142858,285.7142857142857,16.212036783891293,901087.1692268543
371.42857142857144,905.7142857142858,451.42857142857144,16.211064225993873,953857.166205221
371.42857142857144,905.7142857142858,617.1428571428571,16.210024101538913,1016941.7948456963
371.42857142857144,905.7142857142858,782.8571428571429,16.208991731549467,1073545.8685587568
371.42857142857144,905.7142857142858,948.5714285714287,16.208008415076403,1121418.4034664403
371.42857142857144,905.7142857142858,1114.2857142857142,16.207093774992597,1161230.7300919178
371.42857142857144,905.7142857142858,1280.0,16.206254359977986,1194249.635309152
371.42857142857144,905.7142857142858,1445.7142857142858,16.205489478794306,1221719.6370264124
371.42857142857144,905.7142857142858,1611.4285714285716,16.204794805470044,1244703.8036427146
371.42857142857144,905.7142857142858,1777.1428571428573,16.204164459419275,1264065.663254718
371.42857142857144,905.7142857142858,1942.857142857143,16.203592142635973,1280492.9423499652
371.42857142857144,905.7142857142858,2108.5714285714284,16.20307172599559,1294529.8356629312
371.42857142857144,905.7142857142858,2274.285714285714,16.202597525133125,1306606.9945553262
371.42857142857144,905.7142857142858,2440.0,16.202164406669635,1317066.400993086
371.42857142857144,905.7142857142858,2605.714285714286,16.20176780506154,1326181.054969824
371.42857142857144,905.7142857142858,2771.4285714285716,16.201403695018776,1334170.2364803418
371.42857142857144,905.7142857142858,2937.1428571428573,16.20106854420989,1341211.23767443
371.42857142857144,905.7142857142858,3102.857142857143,16.200759259523462,1347448.3643599355
371.42857142857144,905.7142857142858,3268.571428571429,16.200473133734587,1352999.854311628
371.42857142857144,905.7142857142858,3434.2857142857147,16.20020779586286,1357963.2147788736
371.42857142857144,905.7142857142858,3600.0,16.199961166564467,1362419.361069839
371.42857142857144,952.8571428571429,120.0,16.21280214151559,1030293.7954909299
371.42857142857144,952.8571428571429,285.7142857142857,16.21202177669164,924958.2616218614
371.42857142857144,952.8571428571429,451.42857142857144,16.211052026433514,978238.0173008844
371.42857142857144,952.8571428571429,617.1428571428571,16.210017487780824,1042421.2375812038
371.42857142857144,952.8571428571429,782.8571428571429,16.20899201022549,1100186.9094584165
371.42857142857144,952.8571428571429,948.5714285714287,16.2080159484707,1149148.3453229452
371.42857142857144,952.8571428571429,1114.2857142857142,16.207108383919024,1189942.5972037648
371.42857142857144,952.8571428571429,1280.0,16.206275591670945,1223834.4470748003
371.42857142857144,952.8571428571429,1445.7142857142858,16.205516767714073,1252077.0665810825
371.42857142857144,952.8571428571429,1611.4285714285716,16.204827562801807,1275745.0796911384
371.42857142857144,952.8571428571429,1777.1428571428573,16.204202119271446,1295713.5614222537
371.42857142857144,952.8571428571429,1942.857142857143,16.203634183363857,1312680.7378367493
371.42857142857144,952.8571428571429,2108.5714285714284,16.20311767783511,1327199.9723112625
371.42857142857144,952.8571428571429,2274.285714285714,16.202646970643464,1339709.7728205267
371.42857142857144,952.8571428571429,2440.0,16.20221697765411,1350558.7961571154
371.42857142857144,952.8571428571429,2605.714285714286,16.201823177986814,1360025.6954011968
371.42857142857144,952.8571428571429,2771.4285714285716,16.20146158601108,1368334.5379653887
371.42857142857144,952.8571428571429,2937.1428571428573,16.20112870417764,1375666.677241303
371.42857142857144,952.8571428571429,3102.857142857143,16.2008214696626,1382169.873744991
371.42857142857144,952.8571428571429,3268.571428571429,16.200537201514116,1387965.3138893568
371.42857142857144,952.8571428571429,3434.2857142857147,16.200273551504864,1393153.0309271128
371.42857142857144,952.8571428571429,3600.0,16.200028459991653,1397816.112462005
371.42857142857144,1000.0,120.0,16.212790057477932,1055840.3095645197
371.42857142857144,1000.0,285.7142857142857,16.212007520842953,948407.6614729594
371.42857142857144,1000.0,451.42857142857144,16.21104056569034,1002203.2729052616
371.42857142857144,1000.0,617.1428571428571,16.21001143907804,1067465.6226418035
371.42857142857144,1000.0,782.8571428571429,16.20899259587817,1126369.065886656
371.42857142857144,1000.0,948.5714285714287,16.208023501238333,1176396.0438999494
371.42857142857144,1000.0,1114.2857142857142,16.207122727621392,1218150.6940125225
371.42857142857144,1000.0,1280.0,16.206296293247963,1252896.1121479378
371.42857142857144,1000.0,1445.7142857142858,16.205543288335996,1281894.0762263194
371.42857142857144,1000.0,1611.4285714285716,16.204859341966227,1306230.5893113941
371.42857142857144,1000.0,1777.1428571428573,16.204238618242464,1326792.0610745926
371.42857142857144,1000.0,1942.857142857143,16.203674905251727,1344287.0071994949
371.42857142857144,1000.0,2108.5714285714284,16.20316217480969,1359277.7670046876
371.42857142857144,1000.0,2274.285714285714,16.2026948443798,1372210.5343671476
371.42857142857144,1000.0,2440.0,16.202267876455878,1383440.4924068048
371.42857142857144,1000.0,2605.714285714286,16.201876792487,1393251.8193289377
371.42857142857144,1000.0,2771.4285714285716,16.201517644465795,1401873.2601996872
371.42857142857144,1000.0,2937.1428571428573,16.201186967871884,1409490.1356488566
371.42857142857144,1000.0,3102.857142857143,16.2008817286711,1416253.580377536
371.42857142857144,1000.0,3268.571428571429,16.20059927091065,1422287.6603663692
371.42857142857144,1000.0,3434.2857142857147,16.200337268034804,1427694.8754997095
371.42857142857144,1000.0,3600.0,16.20009367918346,1432560.4345101074
407.14285714285717,10.0,120.0,16.213292327159962,257659.50368998174
407.14285714285717,10.0,285.7142857142857,16.21291427844792,233268.51115655448
407.14285714285717,10.0,451.42857142857144,16.212276394589615,249616.2369245331
407.14285714285717,10.0,617.1428571428571,16.21150773854264,262387.2741219814
407.14285714285717,10.0,782.8571428571429,16.210710400503274,270125.690487956
407.14285714285717,10.0,948.5714285714287,16.209949049006728,273896.8500656333
407.14285714285717,10.0,1114.2857142857142,16.2092557815153,274906.1298100683
407.14285714285717,10.0,1280.0,16.208641123150436,274118.5411818211
407.14285714285717,10.0,1445.7142857142858,16.208103771448055,272224.30211614846
407.14285714285717,10.0,1611.4285714285716,16.20763698680796,269690.5246970136
407.14285714285717,10.0,1777.1428571428573,16.207232179566848,266823.21362618
407.14285714285717,10.0,1942.857142857143,16.206880707012186,263818.2132518548
407.14285714285717,10.0,2108.5714285714284,16.206574663737502,260798.14554856316
407.14285714285717,10.0,2274.285714285714,16.20630715081404,257837.72227832413
407.14285714285717,10.0,2440.0,16.20607229521971,254980.61500115643
407.14285714285717,10.0,2605.714285714286,16.205865162039732,252250.5449534969
407.14285714285717,10.0,2771.4285714285716,16.20568163046833,249658.52610094383
407.14285714285717,10.0,2937.1428571428573,16.20551826689555,247207.5821754721
407.14285714285717,10.0,3102.857142857143,16.20537220915961,244895.81404394726
407.14285714285717,10.0,3268.571428571429,16.205241066647034,242718.39095421997
407.14285714285717,10.0,3434.2857142857147,16.205122836571974,240668.8390449915
407.14285714285717,10.0,3600.0,16.205015834945897,238739.87005342398
407.14285714285717,57.142857142857146,120.0,16.213202189444026,373642.314060305
407.14285714285717,57.142857142857146,285.7142857142857,16.212642365875272,343982.7477126591
407.14285714285717,57.142857142857146,451.42857142857144,16.21174201795747,373819.92825944506
407.14285714285717,57.142857142857146,617.1428571428571,16.210668966068507,400104.4409353853
407.14285714285717,57.142857142857146,782.8571428571429,16.209549975095385,419533.7911285433
407.14285714285717,57.142857142857146,948.5714285714287,16.20846516203953,433063.33651039394
407.14285714285717,57.142857142857146,1114.2857142857142,16.207456529259776,442102.7123212086
407.14285714285717,57.142857142857146,1280.0,16.20654076375403,447880.44323474047
407.14285714285717,57.142857142857146,1445.7142857142858,16.20572003312944,451340.8674054135
407.14285714285717,57.142857142857146,1611.4285714285716,16.20498915559093,453174.41260970134
407.14285714285717,57.142857142857146,1777.1428571428573,16.204339807073936,453874.7293025038
407.14285714285717,57.142857142857146,1942.857142857143,16.20376279360442,453791.4436279445
407.14285714285717,57.142857142857146,2108.5714285714284,16.203249184779747,453171.41957930813
407.14285714285717,57.142857142857146,2274.285714285714,16.20279081697807,452188.9772737348
407.14285714285717,57.142857142857146,2440.0,16.20238046445129,450967.3780576074
407.14285714285717,57.142857142857146,2605.714285714286,16.202011844867357,449593.9056304976
407.14285714285717,57.142857142857146,2771.4285714285716,16.20167954926215,448130.40872105444
407.14285714285717,57.142857142857146,2937.1428571428573,16.201378943446482,446620.6764401984
407.14285714285717,57.142857142857146,3102.857142857143,16.201106064456447,445095.6155904568
407.14285714285717,57.142857142857146,3268.571428571429,16.200857523074202,443576.90287195845
407.14285714285717,57.142857142857146,3434.2857142857147,16.200630416873818,442079.5757822158
407.14285714285717,57.142857142857146,3600.0,16.200422254923307,440613.8814467705
407.14285714285717,104.28571428571429,120.0,16.213145036950753,449513.0475864928
407.14285714285717,104.28571428571429,285.7142857142857,16.212509859206218,412149.0422411824
407.14285714285717,104.28571428571429,451.42857142857144,16.211528272777645,447520.6103272425
407.14285714285717,104.28571428571429,617.1428571428571,16.21037704669825,480352.90272098704
407.14285714285717,104.28571428571429,782.8571428571429,16.209183223426162,505850.499396324
407.14285714285717,104.28571428571429,948.5714285714287,16.20802553657179,524709.0598130875
407.14285714285717,104.28571428571429,1114.2857142857142,16.20694523429283,538338.253795027
407.14285714285717,104.28571428571429,1280.0,16.20595901556957,548038.1454322919
407.14285714285717,104.28571428571429,1445.7142857142858,16.20506945863354,554841.8426490468
407.14285714285717,104.28571428571429,1611.4285714285716,16.204271882372666,559526.5661101732
407.14285714285717,104.28571428571429,1777.1428571428573,16.2035583912174,562663.8530453786
407.14285714285717,104.28571428571429,1942.857142857143,16.202920090439708,564670.4088667198
407.14285714285717,104.28571428571429,2108.5714285714284,16.202348217996146,565849.6150744186
407.14285714285717,104.28571428571429,2274.285714285714,16.201834668862134,566422.8470616231
407.14285714285717,104.28571428571429,2440.0,16.201372192859232,566552.3082388929
407.14285714285717,104.28571428571429,2605.714285714286,16.200954424960905,566357.4344218955
407.14285714285717,104.28571428571429,2771.4285714285716,16.200575835457634,565926.6210335616
407.14285714285717,104.28571428571429,2937.1428571428573,16.200231646747437,565325.6103924789
407.14285714285717,104.28571428571429,3102.857142857143,16.199917740958885,564603.5112058432
407.14285714285717,104.28571428571429,3268.571428571429,16.199630570289553,563797.1412133483
407.14285714285717,104.28571428571429,3434.2857142857147,16.199367075330265,562934.1793452197
407.14285714285717,104.28571428571429,3600.0,16.199124613186406,562035.4688292949
407.14285714285717,151.42857142857144,120.0,16.21309978360251,512109.5950817787
407.14285714285717,151.42857142857144,285.7142857142857,16.212419536652167,467081.9000251926
407.14285714285717,151.42857142857144,451.42857142857144,16.211400194767037,505834.7257482356
407.14285714285717,151.42857142857144,617.1428571428571,16.21022024222859,543186.7900420678
407.14285714285717,151.42857142857144,782.8571428571429,16.20900330655215,573024.8969103998
407.14285714285717,151.42857142857144,948.5714285714287,16.207824745353214,595776.5663056012
407.14285714285717,151.42857142857144,1114.2857142857142,16.206723793696092,612815.4303186026
407.14285714285717,151.42857142857144,1280.0,16.205716312462926,625473.4908464169
407.14285714285717,151.42857142857144,1445.7142857142858,16.204804741070934,634835.6545818775
407.14285714285717,151.42857142857144,1611.4285714285716,16.203984588040942,641733.5667366395
407.14285714285717,151.42857142857144,1777.1428571428573,16.203248256941677,646789.3106949342
407.14285714285717,151.42857142857144,1942.857142857143,16.202587152350038,650464.0851563739
407.14285714285717,151.42857142857144,2108.5714285714284,16.20199276630104,653099.388035605
407.14285714285717,151.42857142857144,2274.285714285714,16.201457190152826,654948.781357269
407.14285714285717,151.42857142857144,2440.0,16.200973315001566,656201.4480562994
407.14285714285717,151.42857142857144,2605.714285714286,16.200534870288823,656999.3668438984
407.14285714285717,151.42857142857144,2771.4285714285716,16.20013638348724,657449.7584992459
407.14285714285717,151.42857142857144,2937.1428571428573,16.199773105690586,657634.1040551407
407.14285714285717,151.42857142857144,3102.857142857143,16.199440926641053,657614.699801391
407.14285714285717,151.42857142857144,3268.571428571429,16.19913629098636,657439.446030936
407.14285714285717,151.42857142857144,3434.2857142857147,16.198856121186598,657145.3668722431
407.14285714285717,151.42857142857144,3600.0,16.1985977491068,656761.2146876364
407.14285714285717,198.57142857142858,120.0,16.213061517351157,567210.2785387897
407.14285714285717,198.57142857142858,285.7142857142857,16.212350763580403,514899.1953252967
407.14285714285717,198.57142857142858,451.42857142857144,16.211311871074567,556018.9639294804
407.14285714285717,198.57142857142858,617.1428571428571,16.210122181033217,596880.8193291435
407.14285714285717,198.57142857142858,782.8571428571429,16.208901100267493,630174.2620150526
407.14285714285717,198.57142857142858,948.5714285714287,16.20772041853127,656065.8356250963
407.14285714285717,198.57142857142858,1114.2857142857142,16.206617241269758,675881.085885493
407.14285714285717,198.57142857142858,1280.0,16.205606450299225,690967.9189665882
407.14285714285717,198.57142857142858,1445.7142857142858,16.204690202552467,702447.0732283563
407.14285714285717,198.57142857142858,1611.4285714285716,16.203864078365008,711190.128036118
407.14285714285717,198.57142857142858,1777.1428571428573,16.20312070084651,717857.1551487813
407.14285714285717,198.57142857142858,1942.857142857143,16.202451732132452,722943.2506751833
407.14285714285717,198.57142857142858,2108.5714285714284,16.201848908013996,726819.2315944628
407.14285714285717,198.57142857142858,2274.285714285714,16.201304529334607,729763.6116841491
407.14285714285717,198.57142857142858,2440.0,16.20081165761725,731986.633943529
407.14285714285717,198.57142857142858,2605.714285714286,16.200364156003758,733647.987126966
407.14285714285717,198.57142857142858,2771.4285714285716,16.199956653979786,734869.7719865693
407.14285714285717,198.57142857142858,2937.1428571428573,16.19958447857204,735745.9830909895
407.14285714285717,198.57142857142858,3102.857142857143,16.199243574603095,736349.4618045025
407.14285714285717,198.57142857142858,3268.571428571429,16.198930425447912,736737.0194831822
407.14285714285717,198.57142857142858,3434.2857142857147,16.198641979648517,736953.235010599
407.14285714285717,198.57142857142858,3600.0,16.198375585483564,737033.2882664287
407.14285714285717,245.71428571428572,120.0,16.21302805576252,617255.8191016214
407.14285714285717,245.71428571428572,285.7142857142857,16.21229520347224,558115.2750847489
407.14285714285717,245.71428571428572,451.42857142857144,16.211246021377015,601025.5637052954
407.14285714285717,245.71428571428572,617.1428571428571,16.210055409089218,644791.230205547
407.14285714285717,245.71428571428572,782.8571428571429,16.20883851744453,680997.0937097581
407.14285714285717,245.71428571428572,948.5714285714287,16.207663775599496,709559.1672037514
407.14285714285717,245.71428571428572,1114.2857142857142,16.206566291155667,731750.4517053178
407.14285714285717,245.71428571428572,1280.0,16.20555999539706,748926.6882279291
407.14285714285717,245.71428571428572,1445.7142857142858,16.20464673137519,762235.8288032813
407.14285714285717,245.71428571428572,1611.4285714285716,16.20382209943574,772581.3113409034
407.14285714285717,245.71428571428572,1777.1428571428573,16.20307889251442,780654.0559512873
407.14285714285717,245.71428571428572,1942.857142857143,16.20240899208805,786976.9399757077
407.14285714285717,245.71428571428572,2108.5714285714284,16.20180435303734,791944.956239604
407.14285714285717,245.71428571428572,2274.285714285714,16.201257473262636,795857.2916139729
407.14285714285717,245.71428571428572,2440.0,16.200761582060533,798941.7106289163
407.14285714285717,245.71428571428572,2605.714285714286,16.200310680842726,801372.6933706927
407.14285714285717,245.71428571428572,2771.4285714285716,16.19989951068497,803284.8141765009
407.14285714285717,245.71428571428572,2937.1428571428573,16.199523487369124,804782.5950641566
407.14285714285717,245.71428571428572,3102.857142857143,16.199178625535772,805947.7798694681
407.14285714285717,245.71428571428572,3268.571428571429,16.19886146297406,806844.7287278858
407.14285714285717,245.71428571428572,3434.2857142857147,16.19856899026457,807524.4418354766
407.14285714285717,245.71428571428572,3600.0,16.198298587862666,808027.5802389559
407.14285714285717,292.8571428571429,120.0,16.212998184900638,663552.8745336034
407.14285714285717,292.8571428571429,285.7142857142857,16.21224860673545,598043.9776864137
407.14285714285717,292.8571428571429,451.42857142857144,16.211194373813953,642382.955862571
407.14285714285717,292.8571428571429,617.1428571428571,16.210007330040057,688649.8476800374
407.14285714285717,292.8571428571429,782.8571428571429,16.208798575673498,727400.4203999523
407.14285714285717,292.8571428571429,948.5714285714287,16.20763347234502,758311.086689624
407.14285714285717,292.8571428571429,1114.2857142857142,16.20654531265305,782600.9798456819
407.14285714285717,292.8571428571429,1280.0,16.20554714986104,801629.1507138446
407.14285714285717,292.8571428571429,1445.7142857142858,16.20464051881533,816565.5209527134
407.14285714285717,292.8571428571429,1611.4285714285716,16.203821015301912,828340.3146315444
407.14285714285717,292.8571428571429,1777.1428571428573,16.203081569066907,837670.7354347861
407.14285714285717,292.8571428571429,1942.857142857143,16.202414250107392,845103.4833881499
407.14285714285717,292.8571428571429,2108.5714285714284,16.201811207860544,851054.3654932973
407.14285714285717,292.8571428571429,2274.285714285714,16.201265119811413,855840.4211382667
407.14285714285717,292.8571428571429,2440.0,16.20076937193605,859704.5854329843
407.14285714285717,292.8571428571429,2605.714285714286,16.200318098026788,862834.1763691946
407.14285714285717,292.8571428571429,2771.4285714285716,16.19990614885354,865374.6200063634
407.14285714285717,292.8571428571429,2937.1428571428573,16.199529029984124,867439.6181483088
407.14285714285717,292.8571428571429,3102.857142857143,16.199182828966116,869118.695176043
407.14285714285717,292.8571428571429,3268.571428571429,16.198864142474456,870482.8235717372
407.14285714285717,292.8571428571429,3434.2857142857147,16.19857000847301,871588.6408276998
407.14285714285717,292.8571428571429,3600.0,16.19829784543659,872481.6305273962
407.14285714285717,340.0,120.0,16.212971141038647,706899.0749103974
407.14285714285717,340.0,285.7142857142857,16.21220850275323,635470.0078018459
407.14285714285717,340.0,451.42857142857144,16.211152385244592,680996.3897446545
407.14285714285717,340.0,617.1428571428571,16.209971297645463,729479.034318582
407.14285714285717,340.0,782.8571428571429,16.208772564953836,770508.8402497942
407.14285714285717,340.0,948.5714285714287,16.207618773164985,803533.2379575181
407.14285714285717,340.0,1114.2857142857142,16.206541580144762,829717.6601758623
407.14285714285717,340.0,1280.0,16.205553240937334,850421.7812445497
407.14285714285717,340.0,1445.7142857142858,16.204655000424896,866834.0527135332
407.14285714285717,340.0,1611.4285714285716,16.20384243788405,879908.0461067534
407.14285714285717,340.0,1777.1428571428573,16.20310859673414,890384.1020396457
407.14285714285717,340.0,1942.857142857143,16.20244571098283,898829.9849725169
407.14285714285717,340.0,2108.5714285714284,16.201846103066778,905679.9545881635
407.14285714285717,340.0,2274.285714285714,16.201302612868172,911266.9078323706
407.14285714285717,340.0,2440.0,16.20080877025369,915847.2774364374
407.14285714285717,340.0,2605.714285714286,16.200358832463287,919619.8213621508
407.14285714285717,340.0,2771.4285714285716,16.199947754175188,922739.650529874
407.14285714285717,340.0,2937.1428571428573,16.19957112741456,925328.6719805686
407.14285714285717,340.0,3102.857142857143,16.199225111165774,927483.3753226984
407.14285714285717,340.0,3268.571428571429,16.198906360888028,929280.661605552
407.14285714285717,340.0,3434.2857142857147,16.198611962809146,930782.230458914
407.14285714285717,340.0,3600.0,16.19833937498832,932037.9026246819
407.14285714285717,387.14285714285717,120.0,16.21294640419098,747824.4913770721
407.14285714285717,387.14285714285717,285.7142857142857,16.212173325278766,670904.5325829773
407.14285714285717,387.14285714285717,451.42857142857144,16.211117321718305,717451.0814147309
407.14285714285717,387.14285714285717,617.1428571428571,16.209943463525565,767937.6502404392
407.14285714285717,387.14285714285717,782.8571428571429,16.208755583967335,811046.2339772107
407.14285714285717,387.14285714285717,948.5714285714287,16.207613759500298,846005.3615187923
407.14285714285717,387.14285714285717,1114.2857142857142,16.20654817633359,873927.7006029508
407.14285714285717,387.14285714285717,1280.0,16.205570366866496,896171.9162643336
407.14285714285717,387.14285714285717,1445.7142857142858,16.204681307780653,913942.6164810176
407.14285714285717,387.14285714285717,1611.4285714285716,16.20387655619945,928214.2622024453
407.14285714285717,387.14285714285717,1777.1428571428573,16.203149252280014,939748.0445948564
407.14285714285717,387.14285714285717,1942.857142857143,16.202491774383667,949130.7685060764
407.14285714285717,387.14285714285717,2108.5714285714284,16.20189659958783,956813.4010658053
407.14285714285717,387.14285714285717,2274.285714285714,16.201356714661873,963143.2139551273
407.14285714285717,387.14285714285717,2440.0,16.200865781022298,968388.8878257882
407.14285714285717,387.14285714285717,2605.714285714286,16.20041816995355,972759.5715986475
407.14285714285717,387.14285714285717,2771.4285714285716,16.20000893314229,976419.1817152963
407.14285714285717,387.14285714285717,2937.1428571428573,16.199633744205197,979497.0930685631
407.14285714285717,387.14285714285717,3102.857142857143,16.199288830300762,982096.1411938972
407.14285714285717,387.14285714285717,3268.571428571429,16.198970903646217,984298.6343716884
407.14285714285717,387.14285714285717,3434.2857142857147,16.19867709764431,986170.8942517629
407.14285714285717,387.14285714285717,3600.0,16.19840490954901,987766.7060006693
407.14285714285717,434.28571428571433,120.0,16.2129236001859,786703.1613952294
407.14285714285717,434.28571428571433,285.7142857142857,16.21214201791643,704701.6067052761
407.14285714285717,434.28571428571433,451.42857142857144,16.211087425832474,752149.5627661954
407.14285714285717,434.28571428571433,617.1428571428571,16.209921444641974,804477.5402868511
407.14285714285717,434.28571428571433,782.8571428571429,16.20874468478423,849508.4205607843
407.14285714285717,434.28571428571433,948.5714285714287,16.207614948496904,886261.3377044965
407.14285714285717,434.28571428571433,1114.2857142857142,16.206561093624643,915797.5446975441
407.14285714285717,434.28571428571433,1280.0,16.205593997987254,939473.7120151528
407.14285714285717,434.28571428571433,1445.7142857142858,16.204714391831132,958508.907190056
407.14285714285717,434.28571428571433,1611.4285714285716,16.203917807789956,973896.6541185057
407.14285714285717,434.28571428571433,1777.1428571428573,16.203197469919367,986417.2673194342
407.14285714285717,434.28571428571433,1942.857142857143,16.202545884953278,996675.0486082991
407.14285714285717,434.28571428571433,2108.5714285714284,16.201955669066265,1005136.3331854322
407.14285714285717,434.28571428571433,2274.285714285714,16.20141994230519,1012161.6237816557
407.14285714285717,434.28571428571433,2440.0,16.200932486391284,1018030.8809987082
407.14285714285717,434.28571428571433,2605.714285714286,16.200487777702712,1022962.8291102552
407.14285714285717,434.28571428571433,2771.4285714285716,16.200080958003053,1027129.5039951284
407.14285714285717,434.28571428571433,2937.1428571428573,16.199707777256272,1030667.1711684023
407.14285714285717,434.28571428571433,3102.857142857143,16.19936452691721,1033684.5257700824
407.14285714285717,434.28571428571433,3268.571428571429,16.19904797316755,1036268.8726748497
407.14285714285717,434.28571428571433,3434.2857142857147,16.19875529463922,1038490.8078699172
407.14285714285717,434.28571428571433,3600.0,16.1984840264908,1040407.78565535
407.14285714285717,481.42857142857144,120.0,16.212902448499896,823811.1198302009
407.14285714285717,481.42857142857144,285.7142857142857,16.212113834010253,737117.9705473229
407.14285714285717,481.42857142857144,451.42857142857144,16.211061509732527,785381.8645549284
407.14285714285717,481.42857142857144,617.1428571428571,16.209903687959567,839423.3554549695
407.14285714285717,481.42857142857144,782.8571428571429,16.208738002912384,886251.2010601151
407.14285714285717,481.42857142857144,948.5714285714287,16.20762018855836,924684.1014319516
407.14285714285717,481.42857142857144,1114.2857142857142,16.20657789909661,955733.4725722129
407.14285714285717,481.42857142857144,1280.0,16.205621417913413,980753.4244792683
407.14285714285717,481.42857142857144,1445.7142857142858,16.204751249239045,1000976.2402892573
407.14285714285717,481.42857142857144,1611.4285714285716,16.20396290066373,1017413.109190657
407.14285714285717,481.42857142857144,1777.1428571428573,16.20324967012441,1030862.12476058
407.14285714285717,481.42857142857144,1942.857142857143,16.202604179550747,1041943.8735085429
407.14285714285717,481.42857142857144,2108.5714285714284,16.20201917101638,1051139.000395484
407.14285714285717,481.42857142857144,2274.285714285714,16.201487886003342,1058820.3314559062
407.14285714285717,481.42857142857144,2440.0,16.20100421651079,1065278.3361130536
407.14285714285717,481.42857142857144,2605.714285714286,16.20056273581416,1070740.6621316993
407.14285714285717,481.42857142857144,2771.4285714285716,16.200158669210015,1075386.9148580004
407.14285714285717,481.42857142857144,2937.1428571428573,16.199787837875704,1079359.7864345943
407.14285714285717,481.42857142857144,3102.857142857143,16.199446593592867,1082773.4396565978
407.14285714285717,481.42857142857144,3268.571428571429,16.199131753480067,1085719.8442076617
407.14285714285717,481.42857142857144,3434.2857142857147,16.19884053912272,1088273.5888097952
407.14285714285717,481.42857142857144,3600.0,16.198570521902703,1090495.5571651896
407.14285714285717,528.5714285714286,120.0,16.21288273204532,859359.310232054
407.14285714285717,528.5714285714286,285.7142857142857,16.21208822608845,768346.5538638441
407.14285714285717,528.5714285714286,451.42857142857144,16.211038738011407,817364.6455734207
407.14285714285717,528.5714285714286,617.1428571428571,16.20988913962576,873016.975936693
407.14285714285717,528.5714285714286,782.8571428571429,16.208734311773476,921539.3361363646
407.14285714285717,528.5714285714286,948.5714285714287,16.20762810001037,961558.4548885702
407.14285714285717,528.5714285714286,1114.2857142857142,16.206597063286267,994037.611995362
407.14285714285717,528.5714285714286,1280.0,16.205650943354463,1020328.0737744841
407.14285714285717,528.5714285714286,1445.7142857142858,16.204790037059336,1041674.4111594538
407.14285714285717,528.5714285714286,1611.4285714285716,16.204009827361674,1059104.384461701
407.14285714285717,528.5714285714286,1777.1428571428573,16.2033036780763,1073432.7951251836
407.14285714285717,528.5714285714286,1942.857142857143,16.202664315319698,1085295.539562421
407.14285714285717,528.5714285714286,2108.5714285714284,16.202084595789874,1095186.7166474962
407.14285714285717,528.5714285714286,2274.285714285714,16.201557872105234,1103490.7385944622
407.14285714285717,528.5714285714286,2440.0,16.20107813767128,1110507.9553837664
407.14285714285717,528.5714285714286,2605.714285714286,16.20064005527636,1116474.4056614158
407.14285714285717,528.5714285714286,2771.4285714285716,16.20023892773635,1121576.813728791
407.14285714285717,528.5714285714286,2937.1428571428573,16.199870642617203,1125963.9173679615
407.14285714285717,528.5714285714286,3102.857142857143,16.199531608198967,1129755.0244768888
407.14285714285717,528.5714285714286,3268.571428571429,16.199218689526408,1133046.4959245878
407.14285714285717,528.5714285714286,3434.2857142857147,16.19892914878993,1135916.6804536264
407.14285714285717,528.5714285714286,3600.0,16.19866059177792,1138429.692663773
407.14285714285717,575.7142857142858,120.0,16.212864278527082,893513.5123748082
407.14285714285717,575.7142857142858,285.7142857142857,16.21206478065378,798536.5328437691
407.14285714285717,575.7142857142858,451.42857142857144,16.211018503860934,848264.5079720167
407.14285714285717,575.7142857142858,617.1428571428571,16.209877060636124,905443.9334770284
407.14285714285717,575.7142857142858,782.8571428571429,16.2087327785469,955575.6617294266
407.14285714285717,575.7142857142858,948.5714285714287,16.20763777206022,997102.4660802796
407.14285714285717,575.7142857142858,1114.2857142857142,16.206617599288144,1030941.2531674308
407.14285714285717,575.7142857142858,1280.0,16.205681506661687,1058440.3591958303
407.14285714285717,575.7142857142858,1445.7142857142858,16.204829600422432,1080855.9433126175
407.14285714285717,575.7142857142858,1611.4285714285716,16.20405733983162,1099231.464846472
407.14285714285717,575.7142857142858,1777.1428571428573,16.203358148058648,1114397.5632052757
407.14285714285717,575.7142857142858,1942.857142857143,16.202724846098643,1127004.6458113932
407.14285714285717,575.7142857142858,2108.5714285714284,16.202150395573774,1137559.5601488587
407.14285714285717,575.7142857142858,2274.285714285714,16.201628251256633,1146457.6947859288
407.14285714285717,575.7142857142858,2440.0,16.201152500121538,1154008.7589166402
407.14285714285717,575.7142857142858,2605.714285714286,16.20071788785966,1160456.7389698213
407.14285714285717,575.7142857142858,2771.4285714285716,16.20031978934709,1165995.1025547516
407.14285714285717,575.7142857142858,2937.1428571428573,16.199954154090868,1170778.314757315
407.14285714285717,575.7142857142858,3102.857142857143,16.199617443279607,1174930.5585461038
407.14285714285717,575.7142857142858,3268.571428571429,16.199306567006246,1178552.3564837002
407.14285714285717,575.7142857142858,3434.2857142857147,16.199018825770917,1181725.621809167
407.14285714285717,575.7142857142858,3600.0,16.198751857946366,1184517.5329558614
407.14285714285717,622.8571428571429,120.0,16.212846948350133,926407.046966956
407.14285714285717,622.8571428571429,285.7142857142857,16.212043177669205,827805.9822793463
407.14285714285717,622.8571428571429,451.42857142857144,16.211000354537628,878212.6394016278
407.14285714285717,622.8571428571429,617.1428571428571,16.209866918425075,936849.9755102989
407.14285714285717,622.8571428571429,782.8571428571429,16.208732822958883,988519.3306977144
407.14285714285717,622.8571428571429,948.5714285714287,16.207648589582725,1031487.1405037871
407.14285714285717,622.8571428571429,1114.2857142857142,16.206638858111745,1066625.7274292966
407.14285714285717,622.8571428571429,1280.0,16.205712420347215,1095280.551641824
407.14285714285717,622.8571428571429,1445.7142857142858,16.204869206965046,1118718.8302890467
407.14285714285717,622.8571428571429,1611.4285714285716,16.204104654715692,1137999.0166186474
407.14285714285717,622.8571428571429,1777.1428571428573,16.2034122407153,1153966.8705210432
407.14285714285717,622.8571428571429,1942.857142857143,16.202784872882866,1167286.6453283662
407.14285714285717,622.8571428571429,2108.5714285714284,16.202215609358575,1178477.3467366942
407.14285714285717,622.8571428571429,2274.285714285714,16.2016979992012,1187944.8272944672
407.14285714285717,622.8571428571429,2440.0,16.201226216019702,1196007.7161381186
407.14285714285717,622.8571428571429,2605.714285714286,16.200795082500903,1202917.5732646526
407.14285714285717,622.8571428571429,2771.4285714285716,16.200400040650965,1208874.291696652
407.14285714285717,622.8571428571429,2937.1428571428573,16.200037097856143,1214037.793934036
407.14285714285717,622.8571428571429,3102.857142857143,16.199702764894933,1218536.9086879669
407.14285714285717,622.8571428571429,3268.571428571429,16.19939399421189,1222476.1250025723
407.14285714285717,622.8571428571429,3434.2857142857147,16.19910812243421,1225940.7540405395
407.14285714285717,622.8571428571429,3600.0,16.1988428187572,1229000.895532805
407.14285714285717,670.0,120.0,16.21283062645344,958149.2210305743
407.14285714285717,670.0,285.7142857142857,16.212023164297023,856250.202817203
407.14285714285717,670.0,451.42857142857144,16.210983944499997,907314.4092751213
407.14285714285717,670.0,617.1428571428571,16.20985832022987,967351.9023463508
407.14285714285717,670.0,782.8571428571429,16.20873403193805,1020497.7398988947
407.14285714285717,670.0,948.5714285714287,16.20766012970322,1064849.2820715061
407.14285714285717,670.0,1114.2857142857142,16.20666040752808,1101236.060223328
407.14285714285717,670.0,1280.0,16.2057432384524,1131000.8149988325
407.14285714285717,670.0,1445.7142857142858,16.20490839103706,1155421.4199689238
407.14285714285717,670.0,1611.4285714285716,16.20415128082101,1175570.745724324
407.14285714285717,670.0,1777.1428571428573,16.20346543431842,1192309.0732179105
407.14285714285717,670.0,1942.857142857143,16.202843839508667,1206313.940651336
407.14285714285717,670.0,2108.5714285714284,16.202279643714192,1218116.0111824994
407.14285714285717,670.0,2274.285714285714,16.201766483354046,1228131.165196081
407.14285714285717,670.0,2440.0,16.20129861251897,1236686.576852039
407.14285714285717,670.0,2605.714285714286,16.200870925608086,1244041.059632041
407.14285714285717,670.0,2771.4285714285716,16.200478927311963,1250400.65955772
407.14285714285717,670.0,2937.1428571428573,16.20011867920164,1255930.524882665
407.14285714285717,670.0,3102.857142857143,16.199786738599208,1260763.9329169907
407.14285714285717,670.0,3268.571428571429,16.199480097801068,1265009.1711318837
407.14285714285717,670.0,3434.2857142857147,16.19919612751628,1268754.8050205598
407.14285714285717,670.0,3600.0,16.198932526092445,1272073.7325807773
407.14285714285717,717.1428571428572,120.0,16.212815216608714,988831.1393501427
407.14285714285717,717.1428571428572,285.7142857142857,16.212004537265663,883947.3979869457
407.14285714285717,717.1428571428572,451.42857142857144,16.210969004846937,935655.8846383644
407.14285714285717,717.1428571428572,617.1428571428571,16.20985097059214,997044.9132608301
407.14285714285717,717.1428571428572,782.8571428571429,16.208736106109612,1051614.609712839
407.14285714285717,717.1428571428572,948.5714285714287,16.20767209777901,1097300.2039284925
407.14285714285717,717.1428571428572,1114.2857142857142,16.20668195774148,1134890.2196226977
407.14285714285717,717.1428571428572,1280.0,16.205773672009926,1165724.9103889621
407.14285714285717,717.1428571428572,1445.7142857142858,16.204946859066744,1191092.5042765848
407.14285714285717,717.1428571428572,1611.4285714285716,16.20419691456325,1212079.8134999913
407.14285714285717,717.1428571428572,1777.1428571428573,16.203517410537035,1229561.1338786471
407.14285714285717,717.1428571428572,1942.857142857143,16.202901409055098,1244226.8099260225
407.14285714285717,717.1428571428572,2108.5714285714284,16.202342140178253,1256618.7327707906
407.14285714285717,717.1428571428572,2274.285714285714,16.20183332155835,1267162.4352258272
407.14285714285717,717.1428571428572,2440.0,16.201369282288713,1276193.3129356643
407.14285714285717,717.1428571428572,2605.714285714286,16.200944983745472,1283977.1560868265
407.14285714285717,717.1428571428572,2771.4285714285716,16.20055598929279,1290725.9277368595
407.14285714285717,717.1428571428572,2937.1428571428573,16.200198411330614,1296609.8009275715
407.14285714285717,717.1428571428572,3102.857142857143,16.199868850937452,1301766.330310961
407.14285714285717,717.1428571428572,3268.571428571429,16.199564337956957,1306307.4556114166
407.14285714285717,717.1428571428572,3434.2857142857147,16.199282275279145,1310324.871605162
407.14285714285717,717.1428571428572,3600.0,16.199020388837805,1313894.1672932566
407.14285714285717,764.2857142857143,120.0,16.212800637327206,1018529.8215082873
407.14285714285717,764.2857142857143,285.7142857142857,16.211987130670515,910962.6610104465
407.14285714285717,764.2857142857143,451.42857142857144,16.21095532275836,963308.3885743169
407.14285714285717,764.2857142857143,617.1428571428571,16.209844643391094,1026007.737309365
407.14285714285717,764.2857142857143,782.8571428571429,16.20873882519327,1081955.623291667
407.14285714285717,764.2857142857143,948.5714285714287,16.20768428654377,1128931.8071462263
407.14285714285717,764.2857142857143,1114.2857142857142,16.20670331440674,1167685.5707479764
407.14285714285717,764.2857142857143,1280.0,16.205803535957443,1199554.9702088803
407.14285714285717,764.2857142857143,1445.7142857142858,16.204984430387956,1225838.3645883626
407.14285714285717,764.2857142857143,1611.4285714285716,16.204241374761065,1247636.1124919003
407.14285714285717,764.2857142857143,1777.1428571428573,16.203567983300797,1265836.0932511052
407.14285714285717,764.2857142857143,1942.857142857143,16.20295738692424,1281141.0455880973
407.14285714285717,764.2857142857143,2108.5714285714284,16.202402892735336,1294103.716671243
407.14285714285717,764.2857142857143,2274.285714285714,16.201898294170753,1305158.9654968139
407.14285714285717,764.2857142857143,2440.0,16.20143799042821,1314650.1273227544
407.14285714285717,764.2857142857143,2605.714285714286,16.201017005605035,1322849.7274397723
407.14285714285717,764.2857142857143,2771.4285714285716,16.200630958114758,1329975.4396393204
407.14285714285717,764.2857142857143,2937.1428571428573,16.200276008136786,1336202.285802914
407.14285714285717,764.2857142857143,3102.857142857143,16.199948797958708,1341671.9477980458
407.14285714285717,764.2857142857143,3268.571428571429,16.199646392852234,1346499.8893161395
407.14285714285717,764.2857142857143,3434.2857142857147,16.199366226129094,1350780.8245525104
407.14285714285717,764.2857142857143,3600.0,16.19910604985004,1354592.939175598
407.14285714285717,811.4285714285714,120.0,16.212786818849896,1047311.1918924872
407.14285714285717,811.4285714285714,285.7142857142857,16.211970807314877,937350.8465566261
407.14285714285717,811.4285714285714,451.42857142857144,16.210942727289687,990331.7717300653
407.14285714285717,811.4285714285714,617.1428571428571,16.2098391629364,1054306.3098278567
407.14285714285717,811.4285714285714,782.8571428571429,16.20874202502236,1111592.4646145508
407.14285714285717,811.4285714285714,948.5714285714287,16.207696549348043,1159820.9324532778
407.14285714285717,811.4285714285714,1114.2857142857142,16.206724348170898,1199703.4966043117
407.14285714285717,811.4285714285714,1280.0,16.205832714968853,1232576.3486547428
407.14285714285717,811.4285714285714,1445.7142857142858,16.205020999334344,1259747.8179237065
407.14285714285717,811.4285714285714,1611.4285714285716,16.204284560988494,1282331.4793493105
407.14285714285717,811.4285714285714,1777.1428571428573,16.203617053439928,1301228.4253753962
407.14285714285717,811.4285714285714,1942.857142857143,16.20301167183111,1317153.4311354652
407.14285714285717,811.4285714285714,2108.5714285714284,16.202461795246915,1330669.7750553878
407.14285714285717,811.4285714285714,2274.285714285714,16.20196128804194,1342221.35641798
407.14285714285717,811.4285714285714,2440.0,16.201504615122374,1352159.2024773622
407.14285714285717,811.4285714285714,2605.714285714286,16.201086859470077,1360762.3609924032
407.14285714285717,811.4285714285714,2771.4285714285716,16.200703691265787,1368254.0346438014
407.14285714285717,811.4285714285714,2937.1428571428573,16.200351315693943,1374813.9388614588
407.14285714285717,811.4285714285714,3102.857142857143,16.200026413922394,1380587.7500741829
407.14285714285717,811.4285714285714,3268.571428571429,16.199726084703865,1385694.3424648151
407.14285714285717,811.4285714285714,3434.2857142857147,16.199447790147016,1390231.352371996
407.14285714285717,811.4285714285714,3600.0,16.199189307084485,1394279.4785271673
407.14285714285717,858.5714285714287,120.0,16.212773700888448,1075232.2983014148
407.14285714285717,858.5714285714287,285.7142857142857,16.211955452425276,963158.6852147679
407.14285714285717,858.5714285714287,451.42857142857144,16.210931079325345,1016776.8127859667
407.14285714285717,858.5714285714287,617.1428571428571,16.209834390882,1081996.4659008346
407.14285714285717,858.5714285714287,782.8571428571429,16.208745581924784,1140585.7748062047
407.14285714285717,858.5714285714287,948.5714285714287,16.207708782236086,1190032.5453894283
407.14285714285717,858.5714285714287,1114.2857142857142,16.20674497449738,1231012.7801624904
407.14285714285717,858.5714285714287,1280.0,16.205861140998547,1264861.1723863438
407.14285714285717,858.5714285714287,1445.7142857142858,16.20505651045929,1292895.911651361
407.14285714285717,858.5714285714287,1611.4285714285716,16.204326426439554,1316243.5126226337
407.14285714285717,858.5714285714287,1777.1428571428573,16.20366457918729,1335817.9607308847
407.14285714285717,858.5714285714287,1942.857142857143,16.203064223961235,1352345.7546574906
407.14285714285717,858.5714285714287,2108.5714285714284,16.202518807304077,1366400.4184013465
407.14285714285717,858.5714285714287,2274.285714285714,16.202022260120902,1378434.6391514926
407.14285714285717,858.5714285714287,2440.0,16.20156910906601,1388806.917038512
407.14285714285717,858.5714285714287,2605.714285714286,16.20115449253597,1397802.6337841295
407.14285714285717,858.5714285714287,2771.4285714285716,16.20077412949887,1405650.3595161694
407.14285714285717,858.5714285714287,2937.1428571428573,16.200424267615364,1412534.3651758758
407.14285714285717,858.5714285714287,3102.857142857143,16.200101624802336,1418604.2037111453
407.14285714285717,858.5714285714287,3268.571428571429,16.19980333150419,1423982.0587215158
407.14285714285717,858.5714285714287,3434.2857142857147,16.19952687712689,1428768.401965636
407.14285714285717,858.5714285714287,3600.0,16.199270062018684,1433046.370640014
407.14285714285717,905.7142857142858,120.0,16.21276123089887,1102342.9892967262
407.14285714285717,905.7142857142858,285.7142857142857,16.211940968999976,988426.3705397177
407.14285714285717,905.7142857142858,451.42857142857144,16.210920264326425,1042687.0141994891
407.14285714285717,905.7142857142858,617.1428571428571,16.2098302169798,1109125.952290285
407.14285714285717,905.7142857142858,782.8571428571429,16.20874940189057,1168987.3588941046
407.14285714285717,905.7142857142858,948.5714285714287,16.207720911706115,1219622.113224637
407.14285714285717,905.7142857142858,1114.2857142857142,16.206765140052422,1261672.1281239605
407.14285714285717,905.7142857142858,1280.0,16.205888778261095,1296470.990341503
407.14285714285717,905.7142857142858,1445.7142857142858,16.205090942059453,1325346.6812930538
407.14285714285717,905.7142857142858,1611.4285714285716,16.20436695995404,1349438.423100306
407.14285714285717,905.7142857142858,1777.1428571428573,16.20371055668247,1369672.815985806
407.14285714285717,905.7142857142858,1942.857142857143,16.203115043948078,1386787.8069054254
407.14285714285717,905.7142857142858,2108.5714285714284,16.202573931690278,1401366.9125217055
407.14285714285717,905.7142857142858,2274.285714285714,16.202081213428773,1413871.383691171
407.14285714285717,905.7142857142858,2440.0,16.201631473984747,1424666.9982616948
407.14285714285717,905.7142857142858,2605.714285714286,16.201219904021368,1434045.3037270994
407.14285714285717,905.7142857142858,2771.4285714285716,16.200842268581525,1442240.0934166026
407.14285714285717,905.7142857142858,2937.1428571428573,16.20049485549226,1449440.0703052385
407.14285714285717,905.7142857142858,3102.857142857143,16.20017441746611,1455798.5581612734
407.14285714285717,905.7142857142858,3268.571428571429,16.199878114993297,1461440.959413253
407.14285714285717,905.7142857142858,3434.2857142857147,16.19960346339273,1466470.5034498111
407.14285714285717,905.7142857142858,3600.0,16.199348285364056,1470972.6989669672
407.14285714285717,952.8571428571429,120.0,16.21274936274132,1128687.2034396902
407.14285714285717,952.8571428571429,285.7142857142857,16.211927274306273,1013188.7705506734
407.14285714285717,952.8571428571429,451.42857142857144,16.210910186999435,1068099.9686920624
407.14285714285717,952.8571428571429,617.1428571428571,16.209826552425557,1135735.9562213214
407.14285714285717,952.8571428571429,782.8571428571429,16.20875341292408,1196841.8614967072
407.14285714285717,952.8571428571429,948.5714285714287,16.207732886209353,1248637.4093341557
407.14285714285717,952.8571428571429,1114.2857142857142,16.206784813372717,1291732.086635793
407.14285714285717,952.8571428571429,1280.0,16.20591561303433,1327458.785256631
407.14285714285717,952.8571428571429,1445.7142857142858,16.20512429506458,1357155.2443219982
407.14285714285717,952.8571428571429,1611.4285714285716,16.20440617395024,1381973.1982811992
407.14285714285717,952.8571428571429,1777.1428571428573,16.20375500691654,1402851.619272248
407.14285714285717,952.8571428571429,1942.857142857143,16.203164158813625,1420539.6590079009
407.14285714285717,952.8571428571429,2108.5714285714284,16.202627199315042,1435630.6016466273
407.14285714285717,952.8571428571429,2274.285714285714,16.202138180994,1448594.0613288519
407.14285714285717,952.8571428571429,2440.0,16.20169174358871,1459802.9187972194
407.14285714285717,952.8571428571429,2605.714285714286,16.201283127163776,1469554.736388772
407.14285714285717,952.8571428571429,2771.4285714285716,16.20090814036095,1478088.4010164486
407.14285714285717,952.8571428571429,2937.1428571428573,16.200563109059143,1485596.936609309
407.14285714285717,952.8571428571429,3102.857142857143,16.200244818972916,1492237.342578633
407.14285714285717,952.8571428571429,3268.571428571429,16.199950459122523,1498138.1585419506
407.14285714285717,952.8571428571429,3434.2857142857147,16.199677569460707,1503405.3013571398
407.14285714285717,952.8571428571429,3600.0,16.19942399395952,1508126.5907785413
407.14285714285717,1000.0,120.0,16.21273805562503,1154303.9748308682
407.14285714285717,1000.0,285.7142857142857,16.21191429720193,1037476.3665543703
407.14285714285717,1000.0,451.42857142857144,16.210900767313003,1093048.4149867771
407.14285714285717,1000.0,617.1428571428571,16.20982332499126,1161862.2848606866
407.14285714285717,1000.0,782.8571428571429,16.208757559558368,1224188.0587692934
407.14285714285717,1000.0,948.5714285714287,16.207744670157687,1277119.9039403934
407.14285714285717,1000.0,1114.2857142857142,16.206803978380727,1321236.517713099
407.14285714285717,1000.0,1280.0,16.205941646650842,1357870.5239801598
407.14285714285717,1000.0,1445.7142857142858,16.20515658546013,1388369.4140738335
407.14285714285717,1000.0,1611.4285714285716,16.204444096236468,1413897.2710343145
407.14285714285717,1000.0,1777.1428571428573,16.203797966899998,1435405.2260525126
407.14285714285717,1000.0,1942.857142857143,16.203211612471666,1453653.419143161
407.14285714285717,1000.0,2108.5714285714284,16.202678659042306,1469244.7004781824
407.14285714285717,1000.0,2274.285714285714,16.202193215004563,1482656.867493586
407.14285714285717,1000.0,2440.0,16.201749972054508,1494269.7464116376
407.14285714285717,1000.0,2605.714285714286,16.20134421704268,1504386.778274718
407.14285714285717,1000.0,2771.4285714285716,16.200971799943694,1513251.8265083143
407.14285714285717,1000.0,2937.1428571428573,16.200629082748073,1521062.1355593477
407.14285714285717,1000.0,3102.857142857143,16.20031288252234,1527978.2943456466
407.14285714285717,1000.0,3268.571428571429,16.20002041541847,1534131.905729166
407.14285714285717,1000.0,3434.2857142857147,16.199749244840028,1539631.5104435477
407.14285714285717,1000.0,3600.0,16.19949723503057,1544567.1844812005
442.8571428571429,10.0,120.0,16.213245270066476,317015.4373851223
442.8571428571429,10.0,285.7142857142857,16.212785903436167,279225.46133564407
442.8571428571429,10.0,451.42857142857144,16.212030995780385,295674.2237360236
442.8571428571429,10.0,617.1428571428571,16.2111315979127,309385.85528971447
442.8571428571429,10.0,782.8571428571429,16.21020462389485,317735.22178728104
442.8571428571429,10.0,948.5714285714287,16.209323234468616,321694.10821831715
442.8571428571429,10.0,1114.2857142857142,16.208523150588352,322560.56631863717
442.8571428571429,10.0,1280.0,16.207815526297622,321408.80769181356
442.8571428571429,10.0,1445.7142857142858,16.20719816922612,319016.64089649945
442.8571428571429,10.0,1611.4285714285716,16.206662841514145,315913.2645410454
442.8571428571429,10.0,1777.1428571428573,16.20619933047206,312446.02865574637
442.8571428571429,10.0,1942.857142857143,16.20579747024172,308837.1652431267
442.8571428571429,10.0,2108.5714285714284,16.205448017437107,305225.48167790746
442.8571428571429,10.0,2274.285714285714,16.205142937168905,301695.1281173025
442.8571428571429,10.0,2440.0,16.204875409118777,298294.84290439775
442.8571428571429,10.0,2605.714285714286,16.204639715431462,295050.6300146518
442.8571428571429,10.0,2771.4285714285716,16.20443109052004,291974.0467221415
442.8571428571429,10.0,2937.1428571428573,16.204245569937136,289067.60141571454
442.8571428571429,10.0,3102.857142857143,16.204079853730406,286328.2613975431
442.8571428571429,10.0,3268.571428571429,16.203931189140253,283749.7269211607
442.8571428571429,10.0,3434.2857142857147,16.203797272664605,281323.8994729109
442.8571428571429,10.0,3600.0,16.203676169537523,279041.8230645769
442.8571428571429,57.142857142857146,120.0,16.213146339050823,444655.63061154366
442.8571428571429,57.142857142857146,285.7142857142857,16.212511038804518,399280.40726721386
442.8571428571429,57.142857142857146,451.42857142857144,16.211511920307345,429192.31301411847
442.8571428571429,57.142857142857146,617.1428571428571,16.210333035933285,456873.143922597
442.8571428571429,57.142857142857146,782.8571428571429,16.20911085127102,477487.63090208685
442.8571428571429,57.142857142857146,948.5714285714287,16.20793081257414,491779.64465511986
442.8571428571429,57.142857142857146,1114.2857142857142,16.206837118475743,501205.615540016
442.8571428571429,57.142857142857146,1280.0,16.205846750007847,507086.97000612697
442.8571428571429,57.142857142857146,1445.7142857142858,16.20496119802429,510453.2179921713
442.8571428571429,57.142857142857146,1611.4285714285716,16.20417420756044,512060.91812709835
442.8571428571429,57.142857142857146,1777.1428571428573,16.203476295031162,512451.7309886655
442.8571428571429,57.142857142857146,1942.857142857143,16.20285716907906,512008.97039742896
442.8571428571429,57.142857142857146,2108.5714285714284,16.20230692370453,511002.6569408658
442.8571428571429,57.142857142857146,2274.285714285714,16.20181655605274,509622.7829413118
442.8571428571429,57.142857142857146,2440.0,16.201378131189415,508003.0543255428
442.8571428571429,57.142857142857146,2605.714285714286,16.200984773022004,506237.58202061994
442.8571428571429,57.142857142857146,2771.4285714285716,16.200630577524464,504392.5528922974
442.8571428571429,57.142857142857146,2937.1428571428573,16.200310498136623,502514.3888513807
442.8571428571429,57.142857142857146,3102.857142857143,16.200020228040326,500635.46665848285
442.8571428571429,57.142857142857146,3268.571428571429,16.199756090623183,498778.145268327
442.8571428571429,57.142857142857146,3434.2857142857147,16.19951494249363,496957.616186387
442.8571428571429,57.142857142857146,3600.0,16.199294089940704,495183.9318140412
442.8571428571429,104.28571428571429,120.0,16.213086234130778,526670.2446212678
442.8571428571429,104.28571428571429,285.7142857142857,16.21238126873025,472668.38517081493
442.8571428571429,104.28571428571429,451.42857142857144,16.211311913950876,508082.59776110767
442.8571428571429,104.28571428571429,617.1428571428571,16.21006822710018,542508.8618768741
442.8571428571429,104.28571428571429,782.8571428571429,16.208784907153557,569449.0972143179
442.8571428571429,104.28571428571429,948.5714285714287,16.207544831313136,589332.8844044509
442.8571428571429,104.28571428571429,1114.2857142857142,16.206390915922416,603595.3274485733
442.8571428571429,104.28571428571429,1280.0,16.205340028663453,613621.2564555373
442.8571428571429,104.28571428571429,1445.7142857142858,16.2043941510254,620526.9579983645
442.8571428571429,104.28571428571429,1611.4285714285716,16.20354769295197,625156.7248033962
442.8571428571429,104.28571428571429,1777.1428571428573,16.202791783549962,628132.3454564494
442.8571428571429,104.28571428571429,1942.857142857143,16.202116604990294,629906.8982896172
442.8571428571429,104.28571428571429,2108.5714285714284,16.20151257254801,630809.6143558325
442.8571428571429,104.28571428571429,2274.285714285714,16.200970871079143,631080.0362697855
442.8571428571429,104.28571428571429,2440.0,16.200483648056203,630893.0282045212
442.8571428571429,104.28571428571429,2605.714285714286,16.200044032205174,630376.7746007917
442.8571428571429,104.28571428571429,2771.4285714285716,16.199646070139806,629625.6512502431
442.8571428571429,104.28571428571429,2937.1428571428573,16.19928463008644,628709.4253527708
442.8571428571429,104.28571428571429,3102.857142857143,16.198955297852827,627679.8503753388
442.8571428571429,104.28571428571429,3268.571428571429,16.198654277189586,626575.4158283488
442.8571428571429,104.28571428571429,3434.2857142857147,16.198378299766322,625424.7878905454
442.8571428571429,104.28571428571429,3600.0,16.198124546397445,624249.3173344875
442.8571428571429,151.42857142857144,120.0,16.21303963877377,593632.5763387805
442.8571428571429,151.42857142857144,285.7142857142857,16.21229402814144,531544.3235502858
442.8571428571429,151.42857142857144,451.42857142857144,16.211194273082153,570347.5848795043
442.8571428571429,151.42857142857144,617.1428571428571,16.20993031026119,609449.4892145189
442.8571428571429,151.42857142857144,782.8571428571429,16.208632307825226,640923.5116021651
442.8571428571429,151.42857142857144,948.5714285714287,16.20737914867761,664895.1447778031
442.8571428571429,151.42857142857144,1114.2857142857142,16.206211477043958,682749.594281229
442.8571428571429,151.42857142857144,1280.0,16.205145278906354,695898.4942254229
442.8571428571429,151.42857142857144,1445.7142857142858,16.204182461058174,705508.7910553768
442.8571428571429,151.42857142857144,1611.4285714285716,16.20331772958185,712479.9468923169
442.8571428571429,151.42857142857144,1777.1428571428573,16.202542627215173,717485.8672748144
442.8571428571429,151.42857142857144,1942.857142857143,16.201847742093253,721025.9723152949
442.8571428571429,151.42857142857144,2108.5714285714284,16.201223836531028,723469.4571586645
442.8571428571429,151.42857142857144,2274.285714285714,16.20066237002811,725089.7661885176
442.8571428571429,151.42857142857144,2440.0,16.20015569600891,726090.2732527998
442.8571428571429,151.42857142857144,2605.714285714286,16.19969709062013,726623.0398896964
442.8571428571429,151.42857142857144,2771.4285714285716,16.19928070084229,726802.4149578655
442.8571428571429,151.42857142857144,2937.1428571428573,16.198901458798662,726714.8839333612
442.8571428571429,151.42857142857144,3102.857142857143,16.198554986652127,726426.2203802564
442.8571428571429,151.42857142857144,3268.571428571429,16.198237504142295,725986.7025967985
442.8571428571429,151.42857142857144,3434.2857142857147,16.197945744161597,725434.9409260085
442.8571428571429,151.42857142857144,3600.0,16.197676878267398,724800.7037011872
442.8571428571429,198.57142857142858,120.0,16.213000807078473,652103.878957715
442.8571428571429,198.57142857142858,285.7142857142857,16.21222823111948,582598.611387901
442.8571428571429,198.57142857142858,451.42857142857144,16.21111432394389,623805.0882324076
442.8571428571429,198.57142857142858,617.1428571428571,16.2098466046499,666556.0490930924
442.8571428571429,198.57142857142858,782.8571428571429,16.208550315663306,701649.4343274757
442.8571428571429,198.57142857142858,948.5714285714287,16.207300392542155,728923.7175692167
442.8571428571429,198.57142857142858,1114.2857142857142,16.206135199517202,749706.1187877518
442.8571428571429,198.57142857142858,1280.0,16.205069729200677,765420.6769642332
442.8571428571429,198.57142857142858,1445.7142857142858,16.204105658645688,777269.5697017417
442.8571428571429,198.57142857142858,1611.4285714285716,16.203237843824244,786192.9363719207
442.8571428571429,198.57142857142858,1777.1428571428573,16.202458128562448,792903.9869810591
442.8571428571429,198.57142857142858,1942.857142857143,16.201757433636022,797937.5333732623
442.8571428571429,198.57142857142858,2108.5714285714284,16.20112683017756,801693.5640219746
442.8571428571429,198.57142857142858,2274.285714285714,16.200558041765955,804471.836825482
442.8571428571429,198.57142857142858,2440.0,16.200043637273865,806497.9992809565
442.8571428571429,198.57142857142858,2605.714285714286,16.199577063346396,807942.8822561674
442.8571428571429,198.57142857142858,2771.4285714285716,16.199152598940557,808936.6279118845
442.8571428571429,198.57142857142858,2937.1428571428573,16.198765276497348,809579.0171924632
442.8571428571429,198.57142857142858,3102.857142857143,16.19841079313476,809947.0356768277
442.8571428571429,198.57142857142858,3268.571428571429,16.198085423564383,810100.4407150934
442.8571428571429,198.57142857142858,3434.2857142857147,16.197785940087297,810085.88110484
442.8571428571429,198.57142857142858,3600.0,16.197509541653247,809939.9650198048
442.8571428571429,245.71428571428572,120.0,16.212967230068244,704854.3190360949
442.8571428571429,245.71428571428572,285.7142857142857,16.212175472056565,628583.413463052
442.8571428571429,245.71428571428572,451.42857142857144,16.211055481502406,671637.7809624431
442.8571428571429,245.71428571428572,617.1428571428571,16.209791384208312,717422.9342979788
442.8571428571429,245.71428571428572,782.8571428571429,16.2085036789232,755575.4652900753
442.8571428571429,245.71428571428572,948.5714285714287,16.207263682870533,785663.7015485298
442.8571428571429,245.71428571428572,1114.2857142857142,16.206107664939875,808954.9589839765
442.8571428571429,245.71428571428572,1280.0,16.205049664634885,826878.6669991409
442.8571428571429,245.71428571428572,1445.7142857142858,16.204091088893296,840663.9834426675
442.8571428571429,245.71428571428572,1611.4285714285716,16.203226874417346,851283.6787087865
442.8571428571429,245.71428571428572,1777.1428571428573,16.202449097163168,859482.9964486163
442.8571428571429,245.71428571428572,1942.857142857143,16.201748954198173,865825.8272895922
442.8571428571429,245.71428571428572,2108.5714285714284,16.20111778492414,870737.5965514493
442.8571428571429,245.71428571428572,2274.285714285714,16.200547551168256,874539.8919167329
442.8571428571429,245.71428571428572,2440.0,16.20003102350689,877476.9101443173
442.8571428571429,245.71428571428572,2605.714285714286,16.199561814562966,879735.1697820341
442.8571428571429,245.71428571428572,2771.4285714285716,16.199134337425573,881458.0598397491
442.8571428571429,245.71428571428572,2937.1428571428573,16.1987437316179,882756.55165792
442.8571428571429,245.71428571428572,3102.857142857143,16.198385778995927,883717.0998529549
442.8571428571429,245.71428571428572,3268.571428571429,16.198056820863506,884407.4941933528
442.8571428571429,245.71428571428572,3434.2857142857147,16.197753681534458,884881.2177287014
442.8571428571429,245.71428571428572,3600.0,16.19747360033679,885180.7127819939
442.8571428571429,292.8571428571429,120.0,16.21293753124362,753367.3825948038
442.8571428571429,292.8571428571429,285.7142857142857,16.212131501719906,670939.1326444199
442.8571428571429,292.8571428571429,451.42857142857144,16.211009874361494,715496.0763361427
442.8571428571429,292.8571428571429,617.1428571428571,16.209752968405454,763907.3221308829
442.8571428571429,292.8571428571429,782.8571428571429,16.208476872451808,804739.6116832088
442.8571428571429,292.8571428571429,948.5714285714287,16.207249648339378,837306.695843969
442.8571428571429,292.8571428571429,1114.2857142857142,16.206105681463693,862816.4730969131
442.8571428571429,292.8571428571429,1280.0,16.205058135615435,882699.9892635328
442.8571428571429,292.8571428571429,1445.7142857142858,16.204108146230798,898208.4068629064
442.8571428571429,292.8571428571429,1611.4285714285716,16.203250694457243,910342.0882907041
442.8571428571429,292.8571428571429,1777.1428571428573,16.202478042806238,919873.6674701237
442.8571428571429,292.8571428571429,1942.857142857143,16.201781622149678,927392.0294347266
442.8571428571429,292.8571428571429,2108.5714285714284,16.20115300548654,933344.5355868783
442.8571428571429,292.8571428571429,2274.285714285714,16.20058436690776,938071.6475597394
442.8571428571429,292.8571428571429,2440.0,16.200068660582403,941833.6368292607
442.8571428571429,292.8571428571429,2605.714285714286,16.199599653490505,944830.6470978942
442.8571428571429,292.8571428571429,2771.4285714285716,16.199171886292863,947217.5980042893
442.8571428571429,292.8571428571429,2937.1428571428573,16.198780602830304,949115.22301262
442.8571428571429,292.8571428571429,3102.857142857143,16.19842166969145,950618.2554881487
442.8571428571429,292.8571428571429,3268.571428571429,16.19809149671268,951801.5234454382
442.8571428571429,292.8571428571429,3434.2857142857147,16.197786963485786,952724.5114963993
442.8571428571429,292.8571428571429,3600.0,16.19750535384308,953434.7964715504
442.8571428571429,340.0,120.0,16.212910854501363,798549.2346734907
442.8571428571429,340.0,285.7142857142857,16.212093864567233,710527.5548584484
442.8571428571429,340.0,451.42857142857144,16.210973206815652,756359.295192581
442.8571428571429,340.0,617.1428571428571,16.209725246887384,807107.4413578513
442.8571428571429,340.0,782.8571428571429,16.208462019966262,850345.4979842182
442.8571428571429,340.0,948.5714285714287,16.207248667954506,885146.8350673278
442.8571428571429,340.0,1114.2857142857142,16.206117890346547,912661.4796287506
442.8571428571429,340.0,1280.0,16.205082056963025,934319.9776652929
442.8571428571429,340.0,1445.7142857142858,16.204142044401305,951392.2636218836
442.8571428571429,340.0,1611.4285714285716,16.20329285790121,964902.8847980581
442.8571428571429,340.0,1777.1428571428573,16.202526914603467,975648.6668337568
442.8571428571429,340.0,1942.857142857143,16.201835846598943,984240.6432690381
442.8571428571429,340.0,2108.5714285714284,16.20121143195084,991145.651703332
442.8571428571429,340.0,2274.285714285714,16.200646033993596,996720.9362670936
442.8571428571429,340.0,2440.0,16.200132772907672,1001241.0814699386
442.8571428571429,340.0,2605.714285714286,16.199665557194084,1004918.3795006671
442.8571428571429,340.0,2771.4285714285716,16.199239046131837,1007918.0453462633
442.8571428571429,340.0,2937.1428571428573,16.198848581980812,1010369.5413345787
442.8571428571429,340.0,3102.857142857143,16.19849011250311,1012375.0142584898
442.8571428571429,340.0,3268.571428571429,16.198160114262688,1014015.6041916457
442.8571428571429,340.0,3434.2857142857147,16.197855521615246,1015356.1862579128
442.8571428571429,340.0,3600.0,16.197573663315197,1016448.9560571816
442.8571428571429,387.14285714285717,120.0,16.212886622695116,841002.5780033903
442.8571428571429,387.14285714285717,285.7142857142857,16.21206101133863,747911.0146635238
442.8571428571429,387.14285714285717,451.42857142857144,16.210942907458083,794861.7279551504
442.8571428571429,387.14285714285717,617.1428571428571,16.209704709127823,847732.310582651
442.8571428571429,387.14285714285717,782.8571428571429,16.208454736333664,893169.1467043087
442.8571428571429,387.14285714285717,948.5714285714287,16.207255506013084,930018.1929859222
442.8571428571429,387.14285714285717,1114.2857142857142,16.20613820586945,959373.6409532122
442.8571428571429,387.14285714285717,1280.0,16.205114487929006,982664.3568776872
442.8571428571429,387.14285714285717,1445.7142857142858,16.20418498726424,1001176.8397793722
442.8571428571429,387.14285714285717,1611.4285714285716,16.203344721278008,1015957.3926377203
442.8571428571429,387.14285714285717,1777.1428571428573,16.20258623834802,1027824.7099676739
442.8571428571429,387.14285714285717,1942.857142857143,16.201901346241748,1037409.8851278219
442.8571428571429,387.14285714285717,2108.5714285714284,16.201282004666908,1045197.4131759485
442.8571428571429,387.14285714285717,2274.285714285714,16.20072074647277,1051559.7653306117
442.8571428571429,387.14285714285717,2440.0,16.200210842052414,1056784.522356418
442.8571428571429,387.14285714285717,2605.714285714286,16.19974632921461,1061095.0161413837
442.8571428571429,387.14285714285717,2771.4285714285716,16.19932197668117,1064665.8255346785
442.8571428571429,387.14285714285717,2937.1428571428573,16.198933218423218,1067634.3594316447
442.8571428571429,387.14285714285717,3102.857142857143,16.19857607862017,1070109.52036782
442.8571428571429,387.14285714285717,3268.571428571429,16.198247097322767,1072178.2064751573
442.8571428571429,387.14285714285717,3434.2857142857147,16.197943261570042,1073910.215533618
442.8571428571429,387.14285714285717,3600.0,16.197661943835882,1075361.9656382771
442.8571428571429,434.28571428571433,120.0,16.212864424103298,881153.1001024697
442.8571428571429,434.28571428571433,285.7142857142857,16.212031901300307,783479.6386457819
442.8571428571429,434.28571428571433,451.42857142857144,16.210917331127035,831440.4505403098
442.8571428571429,434.28571428571433,617.1428571428571,16.20968919771673,886269.0313475119
442.8571428571429,434.28571428571433,782.8571428571429,16.2084524131107,933742.9759635102
442.8571428571429,434.28571428571433,948.5714285714287,16.207267124686123,972492.7405200173
442.8571428571429,434.28571428571433,1114.2857142857142,16.206163159046728,1003558.9397188781
442.8571428571429,434.28571428571433,1280.0,16.20515151846622,1028368.1470140087
442.8571428571429,434.28571428571433,1445.7142857142858,16.204232614666342,1048221.8666367298
442.8571428571429,434.28571428571433,1611.4285714285716,16.203401470025327,1064186.3568748632
442.8571428571429,434.28571428571433,1777.1428571428573,16.202650746400654,1077100.4272174414
442.8571428571429,434.28571428571433,1942.857142857143,16.201972406798692,1087613.637778097
442.8571428571429,434.28571428571433,2108.5714285714284,16.201358573208076,1096226.744591558
442.8571428571429,434.28571428571433,2274.285714285714,16.20080193120563,1103326.2455522018
442.8571428571429,434.28571428571433,2440.0,16.200295887551814,1109211.6970665257
442.8571428571429,434.28571428571433,2605.714285714286,16.199834598302488,1114116.6080368296
442.8571428571429,434.28571428571433,2771.4285714285716,16.199412932984952,1118224.1938881038
442.8571428571429,434.28571428571433,2937.1428571428573,16.199026410658888,1121679.1972594524
442.8571428571429,434.28571428571433,3102.857142857143,16.198671126927703,1124596.7595948672
442.8571428571429,434.28571428571433,3268.571428571429,16.19834368163002,1127069.1004074193
442.8571428571429,434.28571428571433,3434.2857142857147,16.198041111805132,1129170.5702744918
442.8571428571429,434.28571428571433,3600.0,16.197760831753214,1130961.495622585
442.8571428571429,481.42857142857144,120.0,16.212843952414907,919315.264056401
442.8571428571429,481.42857142857144,285.7142857142857,16.212005801468656,817516.7563110327
442.8571428571429,481.42857142857144,451.42857142857144,16.21089537068462,866410.9215797365
442.8571428571429,481.42857142857144,617.1428571428571,16.20967731734,923068.1794687154
442.8571428571429,481.42857142857144,782.8571428571429,16.20845341998059,972449.6708839507
442.8571428571429,481.42857142857144,948.5714285714287,16.20728167689585,1012981.3667715117
442.8571428571429,481.42857142857144,1114.2857142857142,16.20619068348517,1045652.6522240055
442.8571428571429,481.42857142857144,1280.0,16.20519085210611,1071887.5558279224
442.8571428571429,481.42857142857144,1445.7142857142858,16.20428238861568,1093001.4597322068
442.8571428571429,481.42857142857144,1611.4285714285716,16.20346031597657,1110079.2036431914
442.8571428571429,481.42857142857144,1777.1428571428573,16.20271739565622,1123978.3475929205
442.8571428571429,481.42857142857144,1942.857142857143,16.202045729246564,1135365.666884769
442.8571428571429,481.42857142857144,2108.5714285714284,16.201437584845703,1144757.0745323957
442.8571428571429,481.42857142857144,2274.285714285714,16.20088578644581,1152552.141733343
442.8571428571429,481.42857142857144,2440.0,16.20038386512882,1159061.5869099293
442.8571428571429,481.42857142857144,2605.714285714286,16.19992608536449,1164528.4059951697
442.8571428571429,481.42857142857144,2771.4285714285716,16.199507409619684,1169143.8675640037
442.8571428571429,481.42857142857144,2937.1428571428573,16.199123435841674,1173059.555026622
442.8571428571429,481.42857142857144,3102.857142857143,16.19877032622587,1176396.4318824925
442.8571428571429,481.42857142857144,3268.571428571429,16.198444736672414,1179251.6859335378
442.8571428571429,481.42857142857144,3434.2857142857147,16.19814375137699,1181703.9207624446
442.8571428571429,481.42857142857144,3600.0,16.197864824321048,1183817.115878254
442.8571428571429,528.5714285714286,120.0,16.21282497221369,955729.6233249597
442.8571428571429,528.5714285714286,285.7142857142857,16.211982176119086,850235.5834151343
442.8571428571429,528.5714285714286,451.42857142857144,16.210876250741176,900009.1730792066
442.8571428571429,528.5714285714286,617.1428571428571,16.209668128556686,958391.3698121851
442.8571428571429,528.5714285714286,782.8571428571429,16.208456698249854,1009574.4404878695
442.8571428571429,528.5714285714286,948.5714285714287,16.20729799972649,1051790.1212385201
442.8571428571429,528.5714285714286,1114.2857142857142,16.206219509330978,1085978.9331803229
442.8571428571429,528.5714285714286,1280.0,16.205231101876393,1113562.3470092092
442.8571428571429,528.5714285714286,1445.7142857142858,16.20433279356217,1135868.7959200419
442.8571428571429,528.5714285714286,1611.4285714285716,16.203519605253053,1154000.6286545459
442.8571428571429,528.5714285714286,1777.1428571428573,16.202784386936283,1168833.0690931699
442.8571428571429,528.5714285714286,1942.857142857143,16.202119365003234,1181049.1011094677
442.8571428571429,528.5714285714286,2108.5714285714284,16.201516940014848,1191178.9014494156
442.8571428571429,528.5714285714286,2274.285714285714,16.200970062110976,1199634.3399564105
442.8571428571429,528.5714285714286,2440.0,16.200472376214837,1206736.6337293554
442.8571428571429,528.5714285714286,2605.714285714286,16.200018246522326,1212737.701573858
442.8571428571429,528.5714285714286,2771.4285714285716,16.199602721374013,1217836.3869487122
442.8571428571429,528.5714285714286,2937.1428571428573,16.199221471931256,1222190.7089528253
442.8571428571429,528.5714285714286,3102.857142857143,16.198870722467696,1225927.1098365372
442.8571428571429,528.5714285714286,3268.571428571429,16.198547181379517,1229147.4542732218
442.8571428571429,528.5714285714286,3434.2857142857147,16.19824797721983,1231934.3509137405
442.8571428571429,528.5714285714286,3600.0,16.197970601467347,1234355.2208310023
442.8571428571429,575.7142857142858,120.0,16.212807297815445,990585.4194904199
442.8571428571429,575.7142857142858,285.7142857142857,16.211960621825657,881801.2042098368
442.8571428571429,575.7142857142858,451.42857142857144,16.210859410373143,932416.9772038732
442.8571428571429,575.7142857142858,617.1428571428571,16.209660977936093,992439.5752966692
442.8571428571429,575.7142857142858,782.8571428571429,16.208461539350893,1045336.1096390284
442.8571428571429,575.7142857142858,948.5714285714287,16.20731534178303,1089153.6760311807
442.8571428571429,575.7142857142858,1114.2857142857142,16.206248839739715,1124786.2783492992
442.8571428571429,575.7142857142858,1280.0,16.205271416335073,1153652.9793992527
442.8571428571429,575.7142857142858,1445.7142857142858,16.20438291287126,1177094.6525766077
442.8571428571429,575.7142857142858,1611.4285714285716,16.203578346504482,1196230.3036722455
442.8571428571429,575.7142857142858,1777.1428571428573,16.202850646698995,1211951.938399822
442.8571428571429,575.7142857142858,1942.857142857143,16.202192153075153,1224957.9240482845
442.8571428571429,575.7142857142858,2108.5714285714284,16.201595387025883,1235791.9646129159
442.8571428571429,575.7142857142858,2274.285714285714,16.201053414254503,1244877.587319211
442.8571428571429,575.7142857142858,2440.0,16.200559984379186,1252545.9571301811
442.8571428571429,575.7142857142858,2605.714285714286,16.200109553651522,1259057.446055439
442.8571428571429,575.7142857142858,2771.4285714285716,16.199697249970825,1264618.0733653123
442.8571428571429,575.7142857142858,2937.1428571428573,16.19931881257484,1269391.9551345797
442.8571428571429,575.7142857142858,3102.857142857143,16.19897052366854,1273510.7247470748
442.8571428571429,575.7142857142858,3268.571428571429,16.198649140815398,1277080.679148842
442.8571428571429,575.7142857142858,3434.2857142857147,16.198351834264972,1280188.2235862364
442.8571428571429,575.7142857142858,3600.0,16.19807613087341,1282904.0425415647
442.8571428571429,622.8571428571429,120.0,16.212790779622672,1024034.9928479296
442.8571428571429,622.8571428571429,285.7142857142857,16.211940827214143,912344.4517123796
442.8571428571429,622.8571428571429,451.42857142857144,16.21084443274858,963777.6686197829
442.8571428571429,622.8571428571429,617.1428571428571,16.209655398581482,1025370.8984904347
442.8571428571429,622.8571428571429,782.8571428571429,16.20846745745849,1079906.6171561826
442.8571428571429,622.8571428571429,948.5714285714287,16.207333208403124,1125256.3080643767
442.8571428571429,622.8571428571429,1114.2857142857142,16.20627816878175,1162269.7659761112
442.8571428571429,622.8571428571429,1280.0,16.205311270242156,1192363.9095784524
442.8571428571429,622.8571428571429,1445.7142857142858,16.204432192521207,1216891.601303094
442.8571428571429,622.8571428571429,1611.4285714285716,16.203635948141365,1236987.8175974917
442.8571428571429,622.8571428571429,1777.1428571428573,16.202915538547433,1253560.6189685198
442.8571428571429,622.8571428571429,1942.857142857143,16.202263406760803,1267323.0690256846
442.8571428571429,622.8571428571429,2108.5714285714284,16.201672185002245,1278831.782227913
442.8571428571429,622.8571428571429,2274.285714285714,16.201135045344422,1288521.4040813206
442.8571428571429,622.8571428571429,2440.0,16.200645834082714,1296732.5830172622
442.8571428571429,622.8571428571429,2605.714285714286,16.200199092739123,1303733.747331217
442.8571428571429,622.8571428571429,2771.4285714285716,16.19979002313275,1309737.7541555297
442.8571428571429,622.8571428571429,2937.1428571428573,16.199414427944223,1314914.529173851
442.8571428571429,622.8571428571429,3102.857142857143,16.199068643529728,1319400.6524666992
442.8571428571429,622.8571428571429,3268.571428571429,16.19874947355034,1323306.645039155
442.8571428571429,622.8571428571429,3434.2857142857147,16.198454127466732,1326722.5309974854
442.8571428571429,622.8571428571429,3600.0,16.198180165504333,1329722.1061207212
442.8571428571429,670.0,120.0,16.212775294960743,1056203.364577241
442.8571428571429,670.0,285.7142857142857,16.21192254693873,941971.0520804193
442.8571428571429,670.0,451.42857142857144,16.210831000998642,994206.5256438268
442.8571428571429,670.0,617.1428571428571,16.2096510492351,1057312.211072694
442.8571428571429,670.0,782.8571428571429,16.208474112941165,1113423.7768821255
442.8571428571429,670.0,948.5714285714287,16.207351269889152,1160245.629051147
442.8571428571429,670.0,1114.2857142857142,16.206307174484195,1198585.6127758676
442.8571428571429,670.0,1280.0,16.205350342341074,1229858.8471942667
442.8571428571429,670.0,1445.7142857142858,16.204480303631975,1255429.853384711
442.8571428571429,670.0,1611.4285714285716,16.20369206576434,1276449.0193684888
442.8571428571429,670.0,1777.1428571428573,16.20297869586017,1293839.8534339713
442.8571428571429,670.0,1942.857142857143,16.202332731905877,1308329.5358199412
442.8571428571429,670.0,2108.5714285714284,16.201746908272714,1320487.0680846234
442.8571428571429,670.0,2274.285714285714,16.201214495363043,1330757.754863739
442.8571428571429,670.0,2440.0,16.200729429086145,1339491.3314522158
442.8571428571429,670.0,2605.714285714286,16.20028633021301,1346963.942711403
442.8571428571429,670.0,2771.4285714285716,16.199880469440775,1353394.9938449648
442.8571428571429,670.0,2937.1428571428573,16.19950770871771,1358959.9733172988
442.8571428571429,670.0,3102.857142857143,16.199164435116725,1363800.1976292103
442.8571428571429,670.0,3268.571428571429,16.198847495582744,1368030.2324719017
442.8571428571429,670.0,3434.2857142857147,16.198554136487733,1371743.567486325
442.8571428571429,670.0,3600.0,16.198281949548925,1375016.9783557563
442.8571428571429,717.1428571428572,120.0,16.2127607417132,1087194.8326414053
442.8571428571429,717.1428571428572,285.7142857142857,16.21190558424703,970767.8645416978
442.8571428571429,717.1428571428572,451.42857142857144,16.21081886951133,1023797.8266535352
442.8571428571429,717.1428571428572,617.1428571428571,16.20964767559829,1088367.0520613894
442.8571428571429,717.1428571428572,782.8571428571429,16.208481264651564,1145999.930715
442.8571428571429,717.1428571428572,948.5714285714287,16.20736930512269,1194241.8935187028
442.8571428571429,717.1428571428572,1114.2857142857142,16.206335653767745,1233861.0426315593
442.8571428571429,717.1428571428572,1280.0,16.205388441501725,1266271.1003295376
442.8571428571429,717.1428571428572,1445.7142857142858,16.204527059725596,1292848.0090873872
442.8571428571429,717.1428571428572,1611.4285714285716,16.203746510540043,1314757.109221464
442.8571428571429,717.1428571428572,1777.1428571428573,16.20303992137862,1332936.8445565621
442.8571428571429,717.1428571428572,1942.857142857143,16.202399917884065,1348128.017420686
442.8571428571429,717.1428571428572,2108.5714285714284,16.201819328994073,1360911.5673922808
442.8571428571429,717.1428571428572,2274.285714285714,16.201291516366204,1371743.0628129349
442.8571428571429,717.1428571428572,2440.0,16.200810499269814,1380980.983386972
442.8571428571429,717.1428571428572,2605.714285714286,16.20037097236117,1388908.896601223
442.8571428571429,717.1428571428572,2771.4285714285716,16.19996827069689,1395752.5045572806
442.8571428571429,717.1428571428572,2937.1428571428573,16.199598311727158,1401692.644238163
442.8571428571429,717.1428571428572,3102.857142857143,16.19925753012349,1406875.1857788863
442.8571428571429,717.1428571428572,3268.571428571429,16.19894281354227,1411418.5834330458
442.8571428571429,717.1428571428572,3434.2857142857147,16.198651443148595,1415419.6587618324
442.8571428571429,717.1428571428572,3600.0,16.19838104040868,1418958.0527188838
442.8571428571429,764.2857142857143,120.0,16.212747033774498,1117097.6462569325
442.8571428571429,764.2857142857143,285.7142857142857,16.21188977894257,998807.2674551344
442.8571428571429,764.2857142857143,451.42857142857144,16.2108078446664,1052629.7918131314
442.8571428571429,764.2857142857143,617.1428571428571,16.209645084980828,1118621.149978468
442.8571428571429,764.2857142857143,782.8571428571429,16.208488739261636,1177727.994105052
442.8571428571429,764.2857142857143,948.5714285714287,16.20738716586685,1227344.5002847747
442.8571428571429,764.2857142857143,1114.2857142857142,16.20636348170174,1268201.1798461392
442.8571428571429,764.2857142857143,1280.0,16.20542546080531,1301710.803042274
442.8571428571429,764.2857142857143,1445.7142857142858,16.204572365521955,1329260.5695203566
442.8571428571429,764.2857142857143,1611.4285714285716,16.203799192642535,1352030.3921742684
442.8571428571429,764.2857142857143,1777.1428571428573,16.203099125295484,1370973.2141885313
442.8571428571429,764.2857142857143,1942.857142857143,16.202464870395527,1386843.0340575934
442.8571428571429,764.2857142857143,2108.5714285714284,16.201889344772304,1400232.3403251355
442.8571428571429,764.2857142857143,2274.285714285714,16.201365995076653,1411606.6212202795
442.8571428571429,764.2857142857143,2440.0,16.200888918373526,1421332.8023367822
442.8571428571429,764.2857142857143,2605.714285714286,16.20045287840773,1429701.6170545479
442.8571428571429,764.2857142857143,2771.4285714285716,16.200053270533704,1436944.84463888
442.8571428571429,764.2857142857143,2937.1428571428573,16.199686064300874,1443248.482884576
442.8571428571429,764.2857142857143,3102.857142857143,16.19934773914655,1448762.7952261737
442.8571428571429,764.2857142857143,3268.571428571429,16.199035221088305,1453609.9873724561
442.8571428571429,764.2857142857143,3434.2857142857147,16.198745824137614,1457890.0953367008
442.8571428571429,764.2857142857143,3600.0,16.19847719789781,1461685.524456969
442.8571428571429,811.4285714285714,120.0,16.212734097721818,1145987.4020625188
442.8571428571429,811.4285714285714,285.7142857142857,16.211874998856736,1026150.3203726928
442.8571428571429,811.4285714285714,451.42857142857144,16.210797771554915,1080768.1332931186
442.8571428571429,811.4285714285714,617.1428571428571,16.20964312923288,1148146.3837746007
442.8571428571429,811.4285714285714,782.8571428571429,16.20849641102793,1208685.78921521
442.8571428571429,811.4285714285714,948.5714285714287,16.20740475358685,1259636.6511619184
442.8571428571429,811.4285714285714,1114.2857142857142,16.20639058536078,1301693.988486042
442.8571428571429,811.4285714285714,1280.0,16.205461348323063,1336270.0949472522
442.8571428571429,811.4285714285714,1445.7142857142858,16.204616184518876,1364763.321218881
442.8571428571429,811.4285714285714,1611.4285714285716,16.203850085548098,1388367.8374054811
442.8571428571429,811.4285714285714,1777.1428571428573,16.203156286224058,1408050.711816156
442.8571428571429,811.4285714285714,1942.857142857143,16.202527569115414,1424578.7692704352
442.8571428571429,811.4285714285714,2108.5714285714284,16.20195693303271,1438555.7074040642
442.8571428571429,811.4285714285714,2274.285714285714,16.20143790404701,1450456.6328833068
442.8571428571429,811.4285714285714,2440.0,16.200964652044334,1460656.6548034844
442.8571428571429,811.4285714285714,2605.714285714286,16.200532005551256,1469453.4463539058
442.8571428571429,811.4285714285714,2771.4285714285716,16.20013541655743,1477084.6701649001
442.8571428571429,811.4285714285714,2937.1428571428573,16.199770903629567,1483741.3190742533
442.8571428571429,811.4285714285714,3102.857142857143,16.1994349883933,1489577.9080548517
442.8571428571429,811.4285714285714,3268.571428571429,16.199124633078924,1494720.2729167389
442.8571428571429,811.4285714285714,3434.2857142857147,16.198837182755955,1499271.5600504323
442.8571428571429,811.4285714285714,3600.0,16.19857031367661,1503316.8497111753
442.8571428571429,858.5714285714287,120.0,16.212721870328014,1173929.5651398445
442.8571428571429,858.5714285714287,285.7142857142857,16.211861133670084,1052849.0941783201
442.8571428571429,858.5714285714287,451.42857142857144,16.210788524608088,1108268.662761344
442.8571428571429,858.5714285714287,617.1428571428571,16.20964169298138,1177003.687518822
442.8571428571429,858.5714285714287,782.8571428571429,16.208504188132878,1238939.2203077918
442.8571428571429,858.5714285714287,948.5714285714287,16.20742200407098,1291188.7639025922
442.8571428571429,858.5714285714287,1114.2857142857142,16.206416926705405,1334413.8907362798
442.8571428571429,858.5714285714287,1280.0,16.205496088156515,1370026.915924063
442.8571428571429,858.5714285714287,1445.7142857142858,16.20465851808075,1399437.281780032
442.8571428571429,858.5714285714287,1611.4285714285716,16.203899203083026,1423853.1529640832
442.8571428571429,858.5714285714287,1777.1428571428573,16.20321142614929,1444255.399750333
442.8571428571429,858.5714285714287,1942.857142857143,16.20258804052563,1461423.3498494532
442.8571428571429,858.5714285714287,2108.5714285714284,16.20202212173847,1475971.6109099812
442.8571428571429,858.5714285714287,2274.285714285714,16.201507270293945,1488384.6417912494
442.8571428571429,858.5714285714287,2440.0,16.20103772443218,1499045.5027738824
442.8571428571429,858.5714285714287,2605.714285714286,16.200608373579627,1508258.606317265
442.8571428571429,858.5714285714287,2771.4285714285716,16.200214723047562,1516267.3262632384
442.8571428571429,858.5714285714287,2937.1428571428573,16.199852837621176,1523267.5030563339
442.8571428571429,858.5714285714287,3102.857142857143,16.199519278764686,1529417.7769869878
442.8571428571429,858.5714285714287,3268.571428571429,16.199211042954655,1534847.5058093097
442.8571428571429,858.5714285714287,3434.2857142857147,16.198925504675117,1539662.8534493074
442.8571428571429,858.5714285714287,3600.0,16.198660365453588,1543951.4952002945
442.8571428571429,905.7142857142858,120.0,16.21271029666898,1200981.3758278454
442.8571428571429,905.7142857142858,285.7142857142857,16.21184809034716,1078948.4213713899
442.8571428571429,905.7142857142858,451.42857142857144,16.210780000847524,1135179.2438141797
442.8571428571429,905.7142857142858,617.1428571428571,16.209640685353982,1205245.222159952
442.8571428571429,905.7142857142858,782.8571428571429,16.208512003280873,1268544.6462203301
442.8571428571429,905.7142857142858,948.5714285714287,16.20743887703686,1322061.021381013
442.8571428571429,905.7142857142858,1114.2857142857142,16.206442491179605,1366424.4692967706
442.8571428571429,905.7142857142858,1280.0,16.20552968794033,1403047.8404021342
442.8571428571429,905.7142857142858,1445.7142857142858,16.20469939174887,1433351.6473195131
442.8571428571429,905.7142857142858,1611.4285714285716,16.203946584458084,1458557.8302698503
442.8571428571429,905.7142857142858,1777.1428571428573,16.203264594127063,1479660.7809173092
442.8571428571429,905.7142857142858,1942.857142857143,16.202646340244737,1497452.0452545346
442.8571428571429,905.7142857142858,2108.5714285714284,16.202084970339254,1512556.8760677949
442.8571428571429,905.7142857142858,2274.285714285714,16.201574154871587,1525468.8477345787
442.8571428571429,905.7142857142858,2440.0,16.201108196407837,1536578.7646973564
442.8571428571429,905.7142857142858,2605.714285714286,16.200682041762416,1546197.599659117
442.8571428571429,905.7142857142858,2771.4285714285716,16.200291246560656,1554574.2837709193
442.8571428571429,905.7142857142858,2937.1428571428573,16.199931919257565,1561909.3731238288
442.8571428571429,905.7142857142858,3102.857142857143,16.19960065900908,1568365.5202387415
442.8571428571429,905.7142857142858,3268.571428571429,16.199294494735224,1574075.5078219005
442.8571428571429,905.7142857142858,3434.2857142857147,16.1990108288225,1579148.4340071643
442.8571428571429,905.7142857142858,3600.0,16.198747386805483,1583674.4973761959
442.8571428571429,952.8571428571429,120.0,16.212699328660275,1227193.3159915986
442.8571428571429,952.8571428571429,285.7142857142857,16.211835789704303,1104487.2331694902
442.8571428571429,952.8571428571429,451.42857142857144,16.21077211493436,1161541.2790213379
442.8571428571429,952.8571428571429,617.1428571428571,16.209640034049766,1232916.0272711103
442.8571428571429,952.8571428571429,782.8571428571429,16.20851980711064,1297550.6835085156
442.8571428571429,952.8571428571429,948.5714285714287,16.207455348995055,1352305.3084216537
442.8571428571429,952.8571428571429,1114.2857142857142,16.206467280008372,1397780.5204174619
442.8571428571429,952.8571428571429,1280.0,16.205562170501306,1435390.2306682633
442.8571428571429,952.8571428571429,1445.7142857142858,16.204738846177435,1466566.032026948
442.8571428571429,952.8571428571429,1611.4285714285716,16.20399228440679,1492543.4578034014
442.8571428571429,952.8571428571429,1777.1428571428573,16.20331585556804,1514330.1763324835
442.8571428571429,952.8571428571429,1942.857142857143,16.202702541419846,1532729.7000781388
442.8571428571429,952.8571428571429,2108.5714285714284,16.20214555725085,1548377.6910453495
442.8571428571429,952.8571428571429,2274.285714285714,16.201638639432876,1561776.6275265364
442.8571428571429,952.8571428571429,2440.0,16.201176151211307,1573324.872576662
442.8571428571429,952.8571428571429,2605.714285714286,16.200753093599964,1583339.7984023474
442.8571428571429,952.8571428571429,2771.4285714285716,16.20036506979983,1592075.755092778
442.8571428571429,952.8571428571429,2937.1428571428573,16.200008229608464,1599737.8956088854
442.8571428571429,952.8571428571429,3102.857142857143,16.199679207907437,1606492.782814569
442.8571428571429,952.8571428571429,3268.571428571429,16.199375064404347,1612476.5369068237
442.8571428571429,952.8571428571429,3434.2857142857147,16.199093227995128,1617801.1150287578
442.8571428571429,952.8571428571429,3600.0,16.198831447049344,1622559.1742531937
442.8571428571429,1000.0,120.0,16.212688923909397,1252610.2531795753
442.8571428571429,1000.0,285.7142857142857,16.211824163789107,1129499.5963970392
442.8571428571429,1000.0,451.42857142857144,16.210764795478273,1187390.859785233
442.8571428571429,1000.0,617.1428571428571,16.20963968102164,1260055.296513038
442.8571428571429,1000.0,782.8571428571429,16.20852756350945,1325999.5978659312
442.8571428571429,1000.0,948.5714285714287,16.207471408282444,1381966.705893748
442.8571428571429,1000.0,1114.2857142857142,16.206491304934865,1428529.6374513216
442.8571428571429,1000.0,1280.0,16.205593568238303,1467103.897781163
442.8571428571429,1000.0,1445.7142857142858,16.20477693108436,1499132.1957662837
442.8571428571429,1000.0,1611.4285714285716,16.204036366641837,1525863.5061520822
442.8571428571429,1000.0,1777.1428571428573,16.203365285147846,1548318.559680272
442.8571428571429,1000.0,1942.857142857143,16.20275672705359,1567312.6114248433
442.8571428571429,1000.0,2108.5714285714284,16.202203971575535,1583491.5214153803
442.8571428571429,1000.0,2274.285714285714,16.20170081733146,1597366.4816959247
442.8571428571429,1000.0,2440.0,16.20124168493245,1609343.2467705535
442.8571428571429,1000.0,2605.714285714286,16.20082162668705,1619745.443283408
442.8571428571429,1000.0,2771.4285714285716,16.200436290870922,1628832.7152164285
442.8571428571429,1000.0,2937.1428571428573,16.20008186649333,1636814.7049461047
442.8571428571429,1000.0,3102.857142857143,16.199755022356708,1643861.7934193942
442.8571428571429,1000.0,3268.571428571429,16.19945284743221,1650113.3590628107
442.8571428571429,1000.0,3434.2857142857147,16.199172795839715,1655684.1498305998
442.8571428571429,1000.0,3600.0,16.198912637699276,1660669.2224820459
478.57142857142856,10.0,120.0,16.21319142154861,384220.2850171475
478.57142857142856,10.0,285.7142857142857,16.21264614679539,331220.67568997294
478.57142857142856,10.0,451.42857142857144,16.211769465552994,347522.80268665106
478.57142857142856,10.0,617.1428571428571,16.210735060277173,362098.8574172808
478.57142857142856,10.0,782.8571428571429,16.209674929162066,370985.92177092255
478.57142857142856,10.0,948.5714285714287,16.208670792009233,375036.8041947143
478.57142857142856,10.0,1114.2857142857142,16.20776193003108,375646.2229872601
478.57142857142856,10.0,1280.0,16.20696000218759,374006.3472236538
478.57142857142856,10.0,1445.7142857142858,16.20626179122076,370989.93007276405
478.57142857142856,10.0,1611.4285714285716,16.205657440041275,367193.20194253424
478.57142857142856,10.0,1777.1428571428573,16.205135014305686,363007.7763925251
478.57142857142856,10.0,1942.857142857143,16.204682748683304,358683.769604627
478.57142857142856,10.0,2108.5714285714284,16.204290004504845,354376.758176516
478.57142857142856,10.0,2274.285714285714,16.20394756867521,350180.3635161773
478.57142857142856,10.0,2440.0,16.203647642786407,346148.11090472585
478.57142857142856,10.0,2605.714285714286,16.2033837037656,342307.8446588096
478.57142857142856,10.0,2771.4285714285716,16.20315032522223,338671.15196869767
478.57142857142856,10.0,2937.1428571428573,16.20294300041193,335239.4955430149
478.57142857142856,10.0,3102.857142857143,16.20275798344989,332008.1924366377
478.57142857142856,10.0,3268.571428571429,16.202592153697402,328968.9870832582
478.57142857142856,10.0,3434.2857142857147,16.20244290295138,326111.7068704432
478.57142857142856,10.0,3600.0,16.20230804295202,323425.31842226
478.57142857142856,57.142857142857146,120.0,16.21308634154314,522487.13614498003
478.57142857142856,57.142857142857146,285.7142857142857,16.212374746677604,460178.03904605564
478.57142857142856,57.142857142857146,451.42857142857144,16.21127642422446,489981.8441611307
478.57142857142856,57.142857142857146,617.1428571428571,16.20999163391306,519019.1397970009
478.57142857142856,57.142857142857146,782.8571428571429,16.208666543575358,540781.0494523777
478.57142857142856,57.142857142857146,948.5714285714287,16.207391896065282,555776.687415391
478.57142857142856,57.142857142857146,1114.2857142857142,16.206214021581182,565511.4174358663
478.57142857142856,57.142857142857146,1280.0,16.205150119323463,571406.5203039857
478.57142857142856,57.142857142857146,1445.7142857142858,16.204200933054604,574583.0131930901
478.57142857142856,57.142857142857146,1611.4285714285716,16.203359077399973,575868.1895591125
478.57142857142856,57.142857142857146,1777.1428571428573,16.202613866397183,575854.7207663873
478.57142857142856,57.142857142857146,1942.857142857143,16.201953881136355,574961.4044148974
478.57142857142856,57.142857142857146,2108.5714285714284,16.20136821992129,573482.3858315471
478.57142857142856,57.142857142857146,2274.285714285714,16.20084702807955,571623.7572709734
478.57142857142856,57.142857142857146,2440.0,16.200381654291135,569529.7580096994
478.57142857142856,57.142857142857146,2605.714285714286,16.199964625245343,567301.2110171339
478.57142857142856,57.142857142857146,2771.4285714285716,16.199589540926326,565008.4101671878
478.57142857142856,57.142857142857146,2937.1428571428573,16.199250943135713,562700.1192858088
478.57142857142856,57.142857142857146,3102.857142857143,16.198944182983656,560409.8696017409
478.57142857142856,57.142857142857146,3268.571428571429,16.19866529887288,558160.3836797142
478.57142857142856,57.142857142857146,3434.2857142857147,16.19841090919467,555966.6978612015
478.57142857142856,57.142857142857146,3600.0,16.19817812035282,553838.3771270756
478.57142857142856,104.28571428571429,120.0,16.2130247023534,609936.4151021376
478.57142857142856,104.28571428571429,285.7142857142857,16.212250101580704,538518.7132622992
478.57142857142856,104.28571428571429,451.42857142857144,16.21109335336881,573857.0636689832
478.57142857142856,104.28571428571429,617.1428571428571,16.20975771172679,609872.8462785387
478.57142857142856,104.28571428571429,782.8571428571429,16.208385564685685,638246.8237453414
478.57142857142856,104.28571428571429,948.5714285714287,16.207063938241458,659122.8963361672
478.57142857142856,104.28571428571429,1114.2857142857142,16.205837390568405,673964.222423864
478.57142857142856,104.28571428571429,1280.0,16.204722916678403,684247.2988975496
478.57142857142856,104.28571428571429,1445.7142857142858,16.20372185904192,691177.9212618558
478.57142857142856,104.28571428571429,1611.4285714285716,16.202827682650504,695672.1780331811
478.57142857142856,104.28571428571429,1777.1428571428573,16.20203051369592,698405.3164752035
478.57142857142856,104.28571428571429,1942.857142857143,16.20131959165055,699868.8291856023
478.57142857142856,104.28571428571429,2108.5714285714284,16.200684496110075,700419.0143987203
478.57142857142856,104.28571428571429,2274.285714285714,16.2001156938614,700314.2438691426
478.57142857142856,104.28571428571429,2440.0,16.19960472575424,699742.3411785188
478.57142857142856,104.28571428571429,2605.714285714286,16.199144212573184,698840.3071041584
478.57142857142856,104.28571428571429,2771.4285714285716,16.19872777731287,697708.4233580233
478.57142857142856,104.28571428571429,2937.1428571428573,16.19834993523298,696420.3239832039
478.57142857142856,104.28571428571429,3102.857142857143,16.198005977742483,695030.2036960482
478.57142857142856,104.28571428571429,3268.571428571429,16.197691862483513,693577.9992501212
478.57142857142856,104.28571428571429,3434.2857142857147,16.197404114753052,692093.1339349933
478.57142857142856,104.28571428571429,3600.0,16.197139741694173,690597.2397737965
478.57142857142856,151.42857142857144,120.0,16.212977759731444,680658.2135009881
478.57142857142856,151.42857142857144,285.7142857142857,16.212167356902626,601114.1088544133
478.57142857142856,151.42857142857144,451.42857142857144,16.21098788372329,639906.8503472941
478.57142857142856,151.42857142857144,617.1428571428571,16.209640613720268,680784.0208232745
478.57142857142856,151.42857142857144,782.8571428571429,16.20826231073027,713907.9572844361
478.57142857142856,151.42857142857144,948.5714285714287,16.206935409732925,739086.3951613044
478.57142857142856,151.42857142857144,1114.2857142857142,16.205701958320162,757719.6118789077
478.57142857142856,151.42857142857144,1280.0,16.204578044363007,771306.0041800342
478.57142857142856,151.42857142857144,1445.7142857142858,16.203565014415517,781101.018688266
478.57142857142856,151.42857142857144,1611.4285714285716,16.202656747125605,788076.80676851
478.57142857142856,151.42857142857144,1777.1428571428573,16.201843904636533,792962.4771559538
478.57142857142856,151.42857142857144,1942.857142857143,16.201116244362968,796297.8957746906
478.57142857142856,151.42857142857144,2108.5714285714284,16.200463789364214,798481.3505314501
478.57142857142856,151.42857142857144,2274.285714285714,16.199877361476048,799806.9940174109
478.57142857142856,151.42857142857144,2440.0,16.19934877341379,800492.8356019476
478.57142857142856,151.42857142857144,2605.714285714286,16.19887084696111,800701.2145006798
478.57142857142856,151.42857142857144,2771.4285714285716,16.19843734888865,800553.642417532
478.57142857142856,151.42857142857144,2937.1428571428573,16.19804289352207,800141.5442547665
478.57142857142856,151.42857142857144,3102.857142857143,16.19768283717648,799534.046185376
478.57142857142856,151.42857142857144,3268.571428571429,16.197353176738826,798783.6466587187
478.57142857142856,151.42857142857144,3434.2857142857147,16.197050457750603,797930.3684422972
478.57142857142856,151.42857142857144,3600.0,16.19677169372898,797004.8171976297
478.57142857142856,198.57142857142858,120.0,16.212939124042496,741953.3971300048
478.57142857142856,198.57142857142858,285.7142857142857,16.21210549992281,655206.3944239562
478.57142857142856,198.57142857142858,451.42857142857144,16.21091743157246,696491.5552633161
478.57142857142856,198.57142857142858,617.1428571428571,16.20957247674039,741183.244245709
478.57142857142856,198.57142857142858,782.8571428571429,16.208201779847418,778109.7731046136
478.57142857142856,198.57142857142858,948.5714285714287,16.206883460206836,806769.7418308266
478.57142857142856,198.57142857142858,1114.2857142857142,16.205657146364622,828496.5780548247
478.57142857142856,198.57142857142858,1280.0,16.204537928987996,844797.9238869004
478.57142857142856,198.57142857142858,1445.7142857142858,16.20352698633615,856964.0348389323
478.57142857142856,198.57142857142858,1611.4285714285716,16.20261843168427,866008.633807426
478.57142857142856,198.57142857142858,1777.1428571428573,16.201803314610995,872701.6001009397
478.57142857142856,198.57142857142858,1942.857142857143,16.2010718035436,877619.8329229676
478.57142857142856,198.57142857142858,2108.5714285714284,16.200414297571786,881194.0264536168
478.57142857142856,198.57142857142858,2274.285714285714,16.199821938535553,883746.1346094324
478.57142857142856,198.57142857142858,2440.0,16.199286800379337,885517.7656340569
478.57142857142856,198.57142857142858,2605.714285714286,16.19880191255484,886691.184510189
478.57142857142856,198.57142857142858,2771.4285714285716,16.198361203887533,887404.6931465638
478.57142857142856,198.57142857142858,2937.1428571428573,16.197959413355463,887763.8652258508
478.57142857142856,198.57142857142858,3102.857142857143,16.197591991951384,887849.7665924669
478.57142857142856,198.57142857142858,3268.571428571429,16.197255007567378,887724.9942839352
478.57142857142856,198.57142857142858,3434.2857142857147,16.19694505823766,887438.1369698151
478.57142857142856,198.57142857142858,3600.0,16.19665919559563,887027.0896315349
478.57142857142856,245.71428571428572,120.0,16.212906042743565,796903.5493598694
478.57142857142856,245.71428571428572,285.7142857142857,16.212056247827544,703777.1896190365
478.57142857142856,245.71428571428572,451.42857142857144,16.210866387612004,747017.2578706967
478.57142857142856,245.71428571428572,617.1428571428571,16.209529646094023,794897.1913556487
478.57142857142856,245.71428571428572,782.8571428571429,16.208171940613614,835046.3355273973
478.57142857142856,245.71428571428572,948.5714285714287,16.206867519908446,866677.4597283987
478.57142857142856,245.71428571428572,1114.2857142857142,16.20565382617896,891057.8411310078
478.57142857142856,245.71428571428572,1280.0,16.204545000888572,909698.4641977258
478.57142857142856,245.71428571428572,1445.7142857142858,16.20354200156097,923916.5329631076
478.57142857142856,245.71428571428572,1611.4285714285716,16.20263908733331,934759.3237634772
478.57142857142856,245.71428571428572,1777.1428571428573,16.201827605455037,943030.0692045869
478.57142857142856,245.71428571428572,1942.857142857143,16.20109805984632,949336.1697441064
478.57142857142856,245.71428571428572,2108.5714285714284,16.200441168535622,954135.1319809032
478.57142857142856,245.71428571428572,2274.285714285714,16.199848353735128,957771.9991113635
478.57142857142856,245.71428571428572,2440.0,16.1993119255616,960508.046900856
478.57142857142856,245.71428571428572,2605.714285714286,16.198825107420475,962542.2029872051
478.57142857142856,245.71428571428572,2771.4285714285716,16.198381984898187,964026.8570446755
478.57142857142856,245.71428571428572,2937.1428571428573,16.197977422351176,965079.4939650358
478.57142857142856,245.71428571428572,3102.857142857143,16.197606970325545,965791.2645260108
478.57142857142856,245.71428571428572,3268.571428571429,16.197266775335397,966233.3238138357
478.57142857142856,245.71428571428572,3434.2857142857147,16.19695349723026,966461.5434305157
478.57142857142856,245.71428571428572,3600.0,16.19666423604176,966520.035936763
478.57142857142856,292.8571428571429,120.0,16.212877021722196,847159.3309559877
478.57142857142856,292.8571428571429,285.7142857142857,16.212015443835234,748388.9940779416
478.57142857142856,292.8571428571429,451.42857142857144,16.210827407009038,793252.6939337463
478.57142857142856,292.8571428571429,617.1428571428571,16.209501504498814,843905.4334996833
478.57142857142856,292.8571428571429,782.8571428571429,16.208158884039136,886884.3933663395
478.57142857142856,292.8571428571429,948.5714285714287,16.206870353470986,921136.7017384578
478.57142857142856,292.8571428571429,1114.2857142857142,16.205671406809095,947865.8242622926
478.57142857142856,292.8571428571429,1280.0,16.20457531633186,968583.0976571005
478.57142857142856,292.8571428571429,1445.7142857142858,16.203582808603308,984627.9807715112
478.57142857142856,292.8571428571429,1611.4285714285716,16.20268823931221,997076.2959819271
478.57142857142856,292.8571428571429,1777.1428571428573,16.201883194327092,1006759.896510862
478.57142857142856,292.8571428571429,1942.857142857143,16.20115845829306,1014312.4589615565
478.57142857142856,292.8571428571429,2108.5714285714284,16.200505022973406,1020214.6464431576
478.57142857142856,292.8571428571429,2274.285714285714,16.19991455621827,1024831.4848391559
478.57142857142856,292.8571428571429,2440.0,16.199379579057812,1028441.3051689944
478.57142857142856,292.8571428571429,2605.714285714286,16.198893491438646,1031257.5136492796
478.57142857142856,292.8571428571429,2771.4285714285716,16.19845052446876,1033444.7663900261
478.57142857142856,292.8571428571429,2937.1428571428573,16.198045661337275,1035130.9414408539
478.57142857142856,292.8571428571429,3102.857142857143,16.197674549075526,1036416.0080989245
478.57142857142856,292.8571428571429,3268.571428571429,16.19733341226985,1037378.6210413988
478.57142857142856,292.8571428571429,3434.2857142857147,16.197018973816657,1038081.0479297101
478.57142857142856,292.8571428571429,3600.0,16.196728384602622,1038572.8736136325
478.57142857142856,340.0,120.0,16.21285113993041,893729.5216198905
478.57142857142856,340.0,285.7142857142857,16.211980698831198,789977.9250182043
478.57142857142856,340.0,451.42857142857144,16.210796508789635,836249.0214283726
478.57142857142856,340.0,617.1428571428571,16.209482554006044,889380.2778699441
478.57142857142856,340.0,782.8571428571429,16.208155648263048,934905.2602503255
478.57142857142856,340.0,948.5714285714287,16.2068835357017,971523.198825319
478.57142857142856,340.0,1114.2857142857142,16.205699975478474,1000376.6964792158
478.57142857142856,340.0,1280.0,16.204617452999432,1022975.9166129398
478.57142857142856,340.0,1445.7142857142858,16.20363646985224,1040679.5554709894
478.57142857142856,340.0,1611.4285714285716,16.202751448695402,1054588.6043451254
478.57142857142856,340.0,1777.1428571428573,16.201954172715244,1065560.2789451296
478.57142857142856,340.0,1942.857142857143,16.20123566622323,1074251.5879506655
478.57142857142856,340.0,2108.5714285714284,16.200587158951556,1081163.7813809537
478.57142857142856,340.0,2274.285714285714,16.200000535378223,1086679.6688955661
478.57142857142856,340.0,2440.0,16.199468504984676,1091092.776331366
478.57142857142856,340.0,2605.714285714286,16.19898462747737,1094629.4242104
478.57142857142856,340.0,2771.4285714285716,16.198543267352974,1097465.2236870334
478.57142857142856,340.0,2937.1428571428573,16.19813951817225,1099737.3474113645
478.57142857142856,340.0,3102.857142857143,16.197769117822926,1101553.6622775584
478.57142857142856,340.0,3268.571428571429,16.19742836548122,1102999.5492212456
478.57142857142856,340.0,3434.2857142857147,16.197114045211073,1104143.0210182671
478.57142857142856,340.0,3600.0,16.196823358055422,1105038.5853284698
478.57142857142856,387.14285714285717,120.0,16.21282778113484,937285.4988072411
478.57142857142856,387.14285714285717,285.7142857142857,16.211950512070317,829155.641679731
478.57142857142856,387.14285714285717,451.42857142857144,16.210771324128327,876688.10883549
478.57142857142856,387.14285714285717,617.1428571428571,16.209469666697725,932079.7035377447
478.57142857142856,387.14285714285717,782.8571428571429,16.20815841101201,979936.2001571652
478.57142857142856,387.14285714285717,948.5714285714287,16.20690256029382,1018724.7481953711
478.57142857142856,387.14285714285717,1114.2857142857142,16.205734323007658,1049530.2371942673
478.57142857142856,387.14285714285717,1280.0,16.20466547358657,1073860.9435811315
478.57142857142856,387.14285714285717,1445.7142857142858,16.203696300783733,1093092.7651853813
478.57142857142856,387.14285714285717,1611.4285714285716,16.202821275460796,1108349.4603448214
478.57142857142856,387.14285714285717,1777.1428571428573,16.202032347875488,1120511.2422470842
478.57142857142856,387.14285714285717,1942.857142857143,16.201320750305083,1130256.2905625852
478.57142857142856,387.14285714285717,2108.5714285714284,16.20067792179125,1138104.5416276667
478.57142857142856,387.14285714285717,2274.285714285714,16.200095939381402,1144454.9527789578
478.57142857142856,387.14285714285717,2440.0,16.199567681687807,1149614.8533792964
478.57142857142856,387.14285714285717,2605.714285714286,16.199086853121656,1153822.3030926366
478.57142857142856,387.14285714285717,2771.4285714285716,16.198647940106905,1157262.878743294
478.57142857142856,387.14285714285717,2937.1428571428573,16.198246138029397,1160082.2154417217
478.57142857142856,387.14285714285717,3102.857142857143,16.197877269395306,1162395.3774031757
478.57142857142856,387.14285714285717,3268.571428571429,16.197537703532014,1164293.881584363
478.57142857142856,387.14285714285717,3434.2857142857147,16.197224282618198,1165850.9872542727
478.57142857142856,387.14285714285717,3600.0,16.19693425585777,1167125.7025041073
478.57142857142856,434.28571428571433,120.0,16.212806508629438,978301.7923252131
478.57142857142856,434.28571428571433,285.7142857142857,16.211923879180063,866347.0359444661
478.57142857142856,434.28571428571433,451.42857142857144,16.210750345772574,915040.5122382093
478.57142857142856,434.28571428571433,617.1428571428571,16.209460939175113,972525.2124348419
478.57142857142856,434.28571428571433,782.8571428571429,16.20816493277239,1022545.5796229822
478.57142857142856,434.28571428571433,948.5714285714287,16.20692486372198,1063350.9604299865
478.57142857142856,434.28571428571433,1114.2857142857142,16.20577154726413,1095971.7043179667
478.57142857142856,434.28571428571433,1280.0,16.20471611429197,1121913.9685721195
478.57142857142856,434.28571428571433,1445.7142857142858,16.20375865481179,1142569.4343468635
478.57142857142856,434.28571428571433,1611.4285714285716,16.20289367546437,1159082.8514651866
478.57142857142856,434.28571428571433,1777.1428571428573,16.202113270622146,1172355.6455846447
478.57142857142856,434.28571428571433,1942.857142857143,16.20140885543828,1183085.518733186
478.57142857142856,434.28571428571433,2108.5714285714284,16.200772054950477,1191809.6336016792
478.57142857142856,434.28571428571433,2274.285714285714,16.20019511872889,1198941.8318655712
478.57142857142856,434.28571428571433,2440.0,16.199671078023073,1204802.1674548965
478.57142857142856,434.28571428571433,2605.714285714286,16.19919376875365,1209639.524334724
478.57142857142856,434.28571428571433,2771.4285714285716,16.1987577889194,1213648.6720809126
478.57142857142856,434.28571428571433,2937.1428571428573,16.198358427730945,1216983.056029807
478.57142857142856,434.28571428571433,3102.857142857143,16.197991586211185,1219764.3871082072
478.57142857142856,434.28571428571433,3268.571428571429,16.197653699245436,1222089.8527977224
478.57142857142856,434.28571428571433,3434.2857142857147,16.197341663719737,1224037.564464976
478.57142857142856,434.28571428571433,3600.0,16.197052774516788,1225670.695591356
478.57142857142856,481.42857142857144,120.0,16.212786999406685,1017129.2105387462
478.57142857142856,481.42857142857144,285.7142857142857,16.211900095128268,901861.061846083
478.57142857142856,481.42857142857144,451.42857142857144,16.210732564676185,951646.3295078871
478.57142857142856,481.42857142857144,617.1428571428571,16.20945515291798,1011092.6659136285
478.57142857142856,481.42857142857144,782.8571428571429,16.208173837145548,1063142.4756950797
478.57142857142856,481.42857142857144,948.5714285714287,16.20694892306848,1105840.3293099415
478.57142857142856,481.42857142857144,1114.2857142857142,16.205809967367227,1140165.1543539644
478.57142857142856,481.42857142857144,1280.0,16.20476751651835,1167621.0564652053
478.57142857142856,481.42857142857144,1445.7142857142858,16.203821475982483,1189614.4918445284
478.57142857142856,481.42857142857144,1611.4285714285716,16.20296637967278,1207309.850489243
478.57142857142856,481.42857142857144,1777.1428571428573,16.202194448147676,1221628.3824508707
478.57142857142856,481.42857142857144,1942.857142857143,16.20149725916132,1233286.0165940272
478.57142857142856,481.42857142857144,2108.5714285714284,16.200866604505254,1242835.9872675277
478.57142857142856,481.42857142857144,2274.285714285714,16.200294889427994,1250706.0166090298
478.57142857142856,481.42857142857144,2440.0,16.19977528371423,1257228.0224959818
478.57142857142856,481.42857142857144,2605.714285714286,16.199301743304204,1262660.9810769781
478.57142857142856,481.42857142857144,2771.4285714285716,16.198868968575493,1267208.2342886243
478.57142857142856,481.42857142857144,2937.1428571428573,16.198472335295005,1271030.5127118176
478.57142857142856,481.42857142857144,3102.857142857143,16.198107817312465,1274255.7296307818
478.57142857142856,481.42857142857144,3268.571428571429,16.19777191065345,1276986.3664361474
478.57142857142856,481.42857142857144,3434.2857142857147,16.197461563508487,1279305.0667230196
478.57142857142856,481.42857142857144,3600.0,16.19717411384028,1281278.8969903844
478.57142857142856,528.5714285714286,120.0,16.21276900650451,1054036.3171442687
478.57142857142856,528.5714285714286,285.7142857142857,16.21187864616872,935930.4872135324
478.57142857142856,528.5714285714286,451.42857142857144,16.21071727772253,986760.3629897655
478.57142857142856,528.5714285714286,617.1428571428571,16.209451496279346,1048062.9211402334
478.57142857142856,528.5714285714286,782.8571428571429,16.20818424716726,1102032.1618245847
478.57142857142856,528.5714285714286,948.5714285714287,16.206973805975345,1146519.8726601417
478.57142857142856,528.5714285714286,1114.2857142857142,16.205848586455595,1182456.5882323822
478.57142857142856,528.5714285714286,1280.0,16.204818602324746,1211344.6231941707
478.57142857142856,528.5714285714286,1445.7142857142858,16.203883588025015,1234604.4843340276
478.57142857142856,528.5714285714286,1611.4285714285716,16.20303809875586,1253419.1501147572
478.57142857142856,528.5714285714286,1777.1428571428573,16.20227446692934,1268728.5899097011
478.57142857142856,528.5714285714286,1942.857142857143,16.20158441622676,1281265.9172073414
478.57142857142856,528.5714285714286,2108.5714285714284,16.20095988909997,1291599.5033350508
478.57142857142856,528.5714285714286,2274.285714285714,16.200393432190968,1300170.134774351
478.57142857142856,528.5714285714286,2440.0,16.199878341701396,1307320.8913098227
478.57142857142856,528.5714285714286,2605.714285714286,16.199408683583883,1313320.2423254112
478.57142857142856,528.5714285714286,2771.4285714285716,16.19897925246974,1318379.5932574642
478.57142857142856,528.5714285714286,2937.1428571428573,16.198585504158974,1322666.5282961659
478.57142857142856,528.5714285714286,3102.857142857143,16.198223480131862,1326314.796914671
478.57142857142856,528.5714285714286,3268.571428571429,16.19788973343923,1329431.8633960248
478.57142857142856,528.5714285714286,3434.2857142857147,16.19758126033328,1332104.6388636082
478.57142857142856,528.5714285714286,3600.0,16.197295439312878,1334403.8569881706
478.57142857142856,575.7142857142858,120.0,16.212752336035795,1089234.5521005478
478.57142857142856,575.7142857142858,285.7142857142857,16.21185914650116,968735.7327304473
478.57142857142856,575.7142857142858,451.42857142857144,16.21070397880056,1020579.0829975387
478.57142857142856,575.7142857142858,617.1428571428571,16.20944941111038,1083652.0039956423
478.57142857142856,575.7142857142858,782.8571428571429,16.208195588567257,1139449.1454661852
478.57142857142856,575.7142857142858,948.5714285714287,16.206998930480378,1185640.6395365514
478.57142857142856,575.7142857142858,1114.2857142857142,16.20588680751459,1223111.554278758
478.57142857142856,575.7142857142858,1280.0,16.204868745799935,1253362.8017090608
478.57142857142856,575.7142857142858,1445.7142857142858,16.20394432130552,1277828.4179243527
478.57142857142856,575.7142857142858,1611.4285714285716,16.203108106208198,1297709.1369202326
478.57142857142856,575.7142857142858,1777.1428571428573,16.202352533091606,1313962.7508496186
478.57142857142856,575.7142857142858,1942.857142857143,16.201669457645494,1327338.7033014875
478.57142857142856,575.7142857142858,2108.5714285714284,16.20105095936176,1338419.731603913
478.57142857142856,575.7142857142858,2274.285714285714,16.20048971405121,1347659.0106535158
478.57142857142856,575.7142857142858,2440.0,16.1999791338538,1355410.1988794075
478.57142857142856,575.7142857142858,2605.714285714286,16.19951338599064,1361950.7599931366
478.57142857142856,575.7142857142858,2771.4285714285716,16.19908735216999,1367499.738090786
478.57142857142856,575.7142857142858,2937.1428571428573,16.198696562395895,1372231.2098508636
478.57142857142856,575.7142857142858,3102.857142857143,16.198337121077067,1376284.4539857877
478.57142857142856,575.7142857142858,3268.571428571429,16.198005634514008,1379771.6564689726
478.57142857142856,575.7142857142858,3434.2857142857147,16.197699143998925,1382783.7732522206
478.57142857142856,575.7142857142858,3600.0,16.1974150661548,1385395.014841428
478.57142857142856,622.8571428571429,120.0,16.212736832446073,1122894.2538274112
478.57142857142856,622.8571428571429,285.7142857142857,16.21184129912946,1000419.9360638352
478.57142857142856,622.8571428571429,451.42857142857144,16.21069229366419,1053257.5949394957
478.57142857142856,622.8571428571429,617.1428571428571,16.209448503414944,1118030.0604656024
478.57142857142856,622.8571428571429,782.8571428571429,16.208207477453183,1175577.9027746157
478.57142857142856,622.8571428571429,948.5714285714287,16.207023929878787,1223399.9906434002
478.57142857142856,622.8571428571429,1114.2857142857142,16.205924274997155,1262338.7471880578
478.57142857142856,622.8571428571429,1280.0,16.204917590971256,1293894.155970974
478.57142857142856,622.8571428571429,1445.7142857142858,16.204003306777313,1319513.410609334
478.57142857142856,622.8571428571429,1611.4285714285716,16.20317600840788,1340414.3319042702
478.57142857142856,622.8571428571429,1777.1428571428573,16.20242821893897,1357571.7961144752
478.57142857142856,622.8571428571429,1942.857142857143,16.20175191429963,1371750.865225037
478.57142857142856,622.8571428571429,2108.5714285714284,16.201139299372713,1383547.996617157
478.57142857142856,622.8571428571429,2274.285714285714,16.200583168586796,1393428.1850771222
478.57142857142856,622.8571428571429,2440.0,16.200077040899696,1401755.1756661583
478.57142857142856,622.8571428571429,2605.714285714286,16.199615177126844,1408815.0045686613
478.57142857142856,622.8571428571429,2771.4285714285716,16.199192539700608,1414833.9945734742
478.57142857142856,622.8571428571429,2937.1428571428573,16.198804727622726,1419992.408299572
478.57142857142856,622.8571428571429,3102.857142857143,16.19844790399018,1424434.7926854035
478.57142857142856,622.8571428571429,3268.571428571429,16.198118724913172,1428277.832920771
478.57142857142856,622.8571428571429,3434.2857142857147,16.19781427393977,1431616.339810571
478.57142857142856,622.8571428571429,3600.0,16.197532003566973,1434527.838085641
478.57142857142856,670.0,120.0,16.21272236865573,1155155.3151503033
478.57142857142856,670.0,285.7142857142857,16.21182487061143,1031098.8835235911
478.57142857142856,670.0,451.42857142857144,16.210681939213945,1084920.7814431628
478.57142857142856,670.0,617.1428571428571,16.209448488944613,1151333.7796298056
478.57142857142856,670.0,782.8571428571429,16.20821965333119,1210566.4600695996
478.57142857142856,670.0,948.5714285714287,16.20704857336715,1259956.1888204627
478.57142857142856,670.0,1114.2857142857142,16.205960782788967,1300305.463154453
478.57142857142856,670.0,1280.0,16.204964946676192,1333113.8705894246
478.57142857142856,670.0,1445.7142857142858,16.204060357448864,1359841.5029948656
478.57142857142856,670.0,1611.4285714285716,16.20324161255673,1381722.7253584303
478.57142857142856,670.0,1777.1428571428573,16.202501317435164,1399748.881621058
478.57142857142856,670.0,1942.857142857143,16.20183155818927,1414700.0515820873
478.57142857142856,670.0,2108.5714285714284,16.2012246550359,1427185.8643383605
478.57142857142856,670.0,2274.285714285714,16.200673511842922,1437682.6501199189
478.57142857142856,670.0,2440.0,16.200171746396652,1446563.820215791
478.57142857142856,670.0,2605.714285714286,16.199713706338365,1454123.6220318223
478.57142857142856,670.0,2771.4285714285716,16.199294429182483,1460595.348215693
478.57142857142856,670.0,2937.1428571428573,16.19890957827122,1466165.1838824975
478.57142857142856,670.0,3102.857142857143,16.198555371568137,1470982.719538277
478.57142857142856,670.0,3268.571428571429,16.198228511867725,1475168.9478251957
478.57142857142856,670.0,3434.2857142857147,16.19792612242247,1478822.370424938
478.57142857142856,670.0,3600.0,16.19764568952227,1482023.6857525029
478.57142857142856,717.1428571428572,120.0,16.21270883924115,1186134.520058826
478.57142857142856,717.1428571428572,285.7142857142857,16.211809674177264,1060867.7920758044
478.57142857142856,717.1428571428572,451.42857142857144,16.210672697088555,1115670.8825865563
478.57142857142856,717.1428571428572,617.1428571428571,16.20944915882536,1183674.8308561586
478.57142857142856,717.1428571428572,782.8571428571429,16.20823193769608,1244535.6107240478
478.57142857142856,717.1428571428572,948.5714285714287,16.207072717788204,1295438.2980234937
478.57142857142856,717.1428571428572,1114.2857142857142,16.205996218886128,1337148.0856967985
478.57142857142856,717.1428571428572,1280.0,16.205010723830483,1371164.7371620834
478.57142857142856,717.1428571428572,1445.7142857142858,16.204115397945884,1398961.0695995062
478.57142857142856,717.1428571428572,1611.4285714285716,16.203304848354477,1421787.548315719
478.57142857142856,717.1428571428572,1777.1428571428573,16.202571755933672,1440651.465013595
478.57142857142856,717.1428571428572,1942.857142857143,16.20190830827544,1456347.404835488
478.57142857142856,717.1428571428572,2108.5714285714284,16.201306932175363,1469497.697891747
478.57142857142856,717.1428571428572,2274.285714285714,16.200760632898447,1480589.5924493219
478.57142857142856,717.1428571428572,2440.0,16.20026312001808,1490005.8028397353
478.57142857142856,717.1428571428572,2605.714285714286,16.199808822001874,1498048.4749612287
478.57142857142856,717.1428571428572,2771.4285714285716,16.199392846416362,1504957.6035038442
478.57142857142856,717.1428571428572,2937.1428571428573,16.19901091676774,1510925.0672738587
478.57142857142856,717.1428571428572,3102.857142857143,16.198659302437814,1516105.304954058
478.57142857142856,717.1428571428572,3268.571428571429,16.198334750067023,1520623.4496407546
478.57142857142856,717.1428571428572,3434.2857142857147,16.19803442027941,1524581.5509181868
478.57142857142856,717.1428571428572,3600.0,16.197755831241043,1528063.3582019068
478.57142857142856,764.2857142857143,120.0,16.212696155581384,1215930.7445932855
478.57142857142856,764.2857142857143,285.7142857142857,16.21179555809685,1089806.079718346
478.57142857142856,764.2857142857143,451.42857142857144,16.210664395993465,1145592.8089220047
478.57142857142856,764.2857142857143,617.1428571428571,16.209450357152033,1215145.7677894204
478.57142857142856,764.2857142857143,782.8571428571429,16.20824420764338,1277585.3598450122
478.57142857142856,764.2857142857143,948.5714285714287,16.20709627742737,1329953.1029086271
478.57142857142856,764.2857142857143,1114.2857142857142,16.20603053121091,1372979.415302687
478.57142857142856,764.2857142857143,1280.0,16.205054896987015,1408164.8348938432
478.57142857142856,764.2857142857143,1445.7142857142858,16.20416842155452,1436994.7985426101
478.57142857142856,764.2857142857143,1611.4285714285716,16.203365720339985,1460735.5066352764
478.57142857142856,764.2857142857143,1777.1428571428573,16.20263954371682,1480409.756160921
478.57142857142856,764.2857142857143,1942.857142857143,16.201982173196093,1496826.1961420383
478.57142857142856,764.2857142857143,2108.5714285714284,16.20138613447268,1510619.4497450523
478.57142857142856,764.2857142857143,2274.285714285714,16.200844527115724,1522287.3201694144
478.57142857142856,764.2857142857143,2440.0,16.200351146244124,1532221.5080421455
478.57142857142856,764.2857142857143,2605.714285714286,16.199900495807952,1540731.7844752942
478.57142857142856,764.2857142857143,2771.4285714285716,16.199487748923804,1548064.611789738
478.57142857142856,764.2857142857143,2937.1428571428573,16.19910868550511,1554417.3619343273
478.57142857142856,764.2857142857143,3102.857142857143,16.198759623234245,1559949.1502896466
478.57142857142856,764.2857142857143,3268.571428571429,16.1984373500178,1564789.1036728434
478.57142857142856,764.2857142857143,3434.2857142857147,16.19813906171922,1569042.6938073698
478.57142857142856,764.2857142857143,3600.0,16.197862306618674,1572796.6130808562
478.57142857142856,811.4285714285714,120.0,16.212684242318893,1244628.736569784
478.57142857142856,811.4285714285714,285.7142857142857,16.211782397453387,1117980.806873886
478.57142857142856,811.4285714285714,451.42857142857144,16.210656899553623,1174757.9615305618
478.57142857142856,811.4285714285714,617.1428571428571,16.209451965987714,1245824.2666396135
478.57142857142856,811.4285714285714,782.8571428571429,16.208256378616696,1309799.547245225
478.57142857142856,811.4285714285714,948.5714285714287,16.207119204647565,1363590.070922762
478.57142857142856,811.4285714285714,1114.2857142857142,16.20606370600905,1407893.9252853466
478.57142857142856,811.4285714285714,1280.0,16.20509748027495,1444213.0386881817
478.57142857142856,811.4285714285714,1445.7142857142858,16.204219463484677,1474045.4152554616
478.57142857142856,811.4285714285714,1611.4285714285716,16.203424278308585,1498672.6887275565
478.57142857142856,811.4285714285714,1777.1428571428573,16.202704739457015,1519132.781948285
478.57142857142856,811.4285714285714,1942.857142857143,16.202053215718234,1536248.0243957273
478.57142857142856,811.4285714285714,2108.5714285714284,16.201462324905084,1550664.9757552834
478.57142857142856,811.4285714285714,2274.285714285714,16.200925254597266,1562891.675647762
478.57142857142856,811.4285714285714,2440.0,16.200435879897096,1573328.5324511097
478.57142857142856,811.4285714285714,2605.714285714286,16.199988775454973,1582292.7017186012
478.57142857142856,811.4285714285714,2771.4285714285716,16.199579175891987,1590036.9065567171
478.57142857142856,811.4285714285714,2937.1428571428573,16.199202914138656,1596763.8348596753
478.57142857142856,811.4285714285714,3102.857142857143,16.198856353352365,1602637.1270158042
478.57142857142856,811.4285714285714,3268.571428571429,16.19853632035728,1607789.7736234493
478.57142857142856,811.4285714285714,3434.2857142857147,16.19824004430615,1612330.557063826
478.57142857142856,811.4285714285714,3600.0,16.1979651019739,1616349.016845189
478.57142857142856,858.5714285714287,120.0,16.212673034723736,1272301.9222020758
478.57142857142856,858.5714285714287,285.7142857142857,16.2117700881936,1145449.2139631927
478.57142857142856,858.5714285714287,451.42857142857144,16.210650097765978,1203227.0398756445
478.57142857142856,858.5714285714287,617.1428571428571,16.209453895084895,1275776.2367529192
478.57142857142856,858.5714285714287,782.8571428571429,16.208268392877226,1341249.2378483065
478.57142857142856,858.5714285714287,948.5714285714287,16.207141477221402,1396424.990235132
478.57142857142856,858.5714285714287,1114.2857142857142,16.206095753948794,1441971.614771074
478.57142857142856,858.5714285714287,1280.0,16.2051385120894,1479393.0573126287
478.57142857142856,858.5714285714287,1445.7142857142858,16.20426858397037,1510199.87939805
478.57142857142856,858.5714285714287,1611.4285714285716,16.203480598674894,1535688.898348924
478.57142857142856,858.5714285714287,1777.1428571428573,16.202767430736728,1556912.835399062
478.57142857142856,858.5714285714287,1942.857142857143,16.202121530351885,1574707.3650842074
478.57142857142856,858.5714285714287,2108.5714285714284,16.201535601426276,1589730.669728282
478.57142857142856,858.5714285714287,2274.285714285714,16.2010029139352,1602500.7439256562
478.57142857142856,858.5714285714287,2440.0,16.200517417983157,1613426.457063405
478.57142857142856,858.5714285714287,2605.714285714286,16.200073754622625,1622832.1354634052
478.57142857142856,858.5714285714287,2771.4285714285716,16.19966721632971,1630976.5791856705
478.57142857142856,858.5714285714287,2937.1428571428573,16.199293685982706,1638067.634392505
478.57142857142856,858.5714285714287,3102.857142857143,16.19894956964624,1644273.3313527913
478.57142857142856,858.5714285714287,3268.571428571429,16.198631730919637,1649730.4085797002
478.57142857142856,858.5714285714287,3434.2857142857147,16.198337430459112,1654550.8596135299
478.57142857142856,858.5714285714287,3600.0,16.198064272045283,1658826.9854604797
478.57142857142856,905.7142857142858,120.0,16.21266247669426,1299014.5296525024
478.57142857142856,905.7142857142858,285.7142857142857,16.211758542738735,1172260.628643696
478.57142857142856,905.7142857142858,451.42857142857144,16.210643900860134,1231052.1458261425
478.57142857142856,905.7142857142858,617.1428571428571,16.20945607469751,1305058.14809613
478.57142857142856,905.7142857142858,782.8571428571429,16.20828021165034,1371995.2567332438
478.57142857142856,905.7142857142858,948.5714285714287,16.207163089905386,1428522.6889565827
478.57142857142856,905.7142857142858,1114.2857142857142,16.206126701048014,1475280.888364542
478.57142857142856,905.7142857142858,1280.0,16.205178045230422,1513776.4515758618
478.57142857142856,905.7142857142858,1445.7142857142858,16.204315857472903,1545532.5220878483
478.57142857142856,905.7142857142858,1611.4285714285716,16.203534772614038,1571860.8939964867
478.57142857142856,905.7142857142858,1777.1428571428573,16.202827721032982,1593828.8027701466
478.57142857142856,905.7142857142858,1942.857142857143,16.202187229114454,1612284.9727814693
478.57142857142856,905.7142857142858,2108.5714285714284,16.201606081474914,1627898.93088197
478.57142857142856,905.7142857142858,2274.285714285714,16.201077625450438,1641198.3763260832
478.57142857142856,905.7142857142858,2440.0,16.200595881666263,1652600.4195229723
478.57142857142856,905.7142857142858,2605.714285714286,16.200155553697474,1662436.3667192196
478.57142857142856,905.7142857142858,2771.4285714285716,16.199751988570917,1670970.930506382
478.57142857142856,905.7142857142858,2937.1428571428573,16.199381116324712,1678416.9741208428
478.57142857142856,905.7142857142858,3102.857142857143,16.199039383590858,1684946.796587113
478.57142857142856,905.7142857142858,3268.571428571429,16.198723688785144,1690700.7803776332
478.57142857142856,905.7142857142858,3434.2857142857147,16.198431322428924,1695794.0408456703
478.57142857142856,905.7142857142858,3600.0,16.198159913937776,1700321.563548406
478.57142857142856,952.8571428571429,120.0,16.212652519216014,1324823.222554427
478.57142857142856,952.8571428571429,285.7142857142857,16.21174768669013,1198457.9236452794
478.57142857142856,952.8571428571429,451.42857142857144,16.21063823480761,1258278.3873001041
478.57142857142856,952.8571428571429,617.1428571428571,16.209458450463405,1333718.8027493444
478.57142857142856,952.8571428571429,782.8571428571429,16.208291809688415,1402090.117246401
478.57142857142856,952.8571428571429,948.5714285714287,16.207184048758506,1459939.102633153
478.57142857142856,952.8571428571429,1114.2857142857142,16.206156582689935,1507880.745366711
478.57142857142856,952.8571428571429,1280.0,16.205216140502422,1547424.9288762745
478.57142857142856,952.8571428571429,1445.7142857142858,16.20436136574274,1580107.43119275
478.57142857142856,952.8571428571429,1611.4285714285716,16.203586898479934,1607254.8522595877
478.57142857142856,952.8571428571429,1777.1428571428573,16.20288572140911,1629948.6940717981
478.57142857142856,952.8571428571429,1942.857142857143,16.202250432436976,1649050.4695552667
478.57142857142856,952.8571428571429,2108.5714285714284,16.201673892057617,1665240.802260909
478.57142857142856,952.8571428571429,2274.285714285714,16.201149520432327,1679056.872192048
478.57142857142856,952.8571428571429,2440.0,16.20067140465809,1690923.8335124524
478.57142857142856,952.8571428571429,2605.714285714286,16.200234307317533,1701179.800958808
478.57142857142856,952.8571428571429,2771.4285714285716,16.19983362698589,1710095.2517536702
478.57142857142856,952.8571428571429,2937.1428571428573,16.199465338320813,1717887.939058865
478.57142857142856,952.8571428571429,3102.857142857143,16.199125926383577,1724734.3214733487
478.57142857142856,952.8571428571429,3268.571428571429,16.19881232261142,1730778.3316433344
478.57142857142856,952.8571428571429,3434.2857142857147,16.198521845885065,1736138.1260663245
478.57142857142856,952.8571428571429,3600.0,16.198252149991372,1740911.3053258068
478.57142857142856,1000.0,120.0,16.21264311915675,1349778.375173316
478.57142857142856,1000.0,285.7142857142857,16.21173745631754,1224078.6478959757
478.57142857142856,1000.0,451.42857142857144,16.210633037983218,1284945.1191275744
478.57142857142856,1000.0,617.1428571428571,16.209460979702257,1361800.7038122637
478.57142857142856,1000.0,782.8571428571429,16.20830317145279,1431579.509908978
478.57142857142856,1000.0,948.5714285714287,16.207204367269544,1490722.8702406068
478.57142857142856,1000.0,1114.2857142857142,16.206185439649044,1539822.4695037482
478.57142857142856,1000.0,1280.0,16.205252862546786,1580392.1142156804
478.57142857142856,1000.0,1445.7142857142858,16.204405193359474,1613980.2925225822
478.57142857142856,1000.0,1611.4285714285716,16.203637076963727,1641928.2695086217
478.57142857142856,1000.0,1777.1428571428573,16.202941545220312,1665331.5969275841
478.57142857142856,1000.0,1942.857142857143,16.202311263363832,1685064.3438896148
478.57142857142856,1000.0,2108.5714285714284,16.201739163406454,1701818.0086746456
478.57142857142856,1000.0,2274.285714285714,16.20121873423149,1716139.0507036399
478.57142857142856,1000.0,2440.0,16.20074412573495,1728460.4900827175
478.57142857142856,1000.0,2605.714285714286,16.200310156310493,1739127.0952434307
478.57142857142856,1000.0,2771.4285714285716,16.19991227334465,1748414.9743172098
478.57142857142856,1000.0,2937.1428571428573,16.19954649379292,1756546.65530812
478.57142857142856,1000.0,3102.857142857143,16.199209339186826,1763702.6574782415
478.57142857142856,1000.0,3268.571428571429,16.1988977723362,1770030.378614931
478.57142857142856,1000.0,3434.2857142857147,16.198609139094355,1775650.9431661202
478.57142857142856,1000.0,3600.0,16.198341116452543,1780664.5036163493
514.2857142857142,10.0,120.0,16.213132201640832,458648.7999178667
514.2857142857142,10.0,285.7142857142857,16.21249830648942,388997.8667048369
514.2857142857142,10.0,451.42857142857144,16.21149747384982,404953.40730943804
514.2857142857142,10.0,617.1428571428571,16.2103262027524,420340.11911662144
514.2857142857142,10.0,782.8571428571429,16.20913162240688,429706.0746496751
514.2857142857142,10.0,948.5714285714287,16.208003985785453,433763.70174627466
514.2857142857142,10.0,1114.2857142857142,16.20698605238738,434009.9086336039
514.2857142857142,10.0,1280.0,16.20608988178497,431764.3642094178
514.2857142857142,10.0,1445.7142857142858,16.205311131781105,428002.59269008535
514.2857142857142,10.0,1611.4285714285716,16.204638242738127,423393.109694125
514.2857142857142,10.0,1777.1428571428573,16.2040574947386,418374.920345575
514.2857142857142,10.0,1942.857142857143,16.203555476441032,413227.6686465514
514.2857142857142,10.0,2108.5714285714284,16.203120121240843,408124.3899325762
514.2857142857142,10.0,2274.285714285714,16.20274101561044,403168.2873922841
514.2857142857142,10.0,2440.0,16.202409368367334,398417.4517267504
514.2857142857142,10.0,2605.714285714286,16.2021178418631,393901.1698911593
514.2857142857142,10.0,2771.4285714285716,16.201860343244213,389630.58049617725
514.2857142857142,10.0,2937.1428571428573,16.201631820342325,385605.5979466787
514.2857142857142,10.0,3102.857142857143,16.201428079923158,381819.394715513
514.2857142857142,10.0,3268.571428571429,16.201245633187984,378261.29085873265
514.2857142857142,10.0,3434.2857142857147,16.20108156769019,374918.60533220525
514.2857142857142,10.0,3600.0,16.200933442598178,371777.8303478385
514.2857142857142,57.142857142857146,120.0,16.213023612513407,606376.0213076167
514.2857142857142,57.142857142857146,285.7142857142857,16.212235926797682,526382.2813237401
514.2857142857142,57.142857142857146,451.42857142857144,16.21103915871152,555956.3049078692
514.2857142857142,57.142857142857146,617.1428571428571,16.20964952716337,586334.9779481767
514.2857142857142,57.142857142857146,782.8571428571429,16.208222830650442,609220.3736286607
514.2857142857142,57.142857142857146,948.5714285714287,16.20685505193286,624869.5774059874
514.2857142857142,57.142857142857146,1114.2857142857142,16.205594591032337,634841.3082940867
514.2857142857142,57.142857142857146,1280.0,16.20445880529596,640664.7593804786
514.2857142857142,57.142857142857146,1445.7142857142858,16.203447641050065,643559.3939582346
514.2857142857142,57.142857142857146,1611.4285714285716,16.202552544913768,644428.1941861258
514.2857142857142,57.142857142857146,1777.1428571428573,16.201761603087157,643918.0528710173
514.2857142857142,57.142857142857146,1942.857142857143,16.201062253555776,642485.1767456337
514.2857142857142,57.142857142857146,2108.5714285714284,16.200442590763608,640448.8854920949
514.2857142857142,57.142857142857146,2274.285714285714,16.199891905233326,638031.851722412
514.2857142857142,57.142857142857146,2440.0,16.19940082971514,635388.9719344788
514.2857142857142,57.142857142857146,2605.714285714286,16.198961296308845,632627.6901240596
514.2857142857142,57.142857142857146,2771.4285714285716,16.198566412917607,629822.1932985664
514.2857142857142,57.142857142857146,2937.1428571428573,16.198210314286733,627023.3091052363
514.2857142857142,57.142857142857146,3102.857142857143,16.1978880143083,624265.4175923232
514.2857142857142,57.142857142857146,3268.571428571429,16.19759527126815,621571.294129114
514.2857142857142,57.142857142857146,3434.2857142857147,16.197328470064072,618955.5171598049
514.2857142857142,57.142857142857146,3600.0,16.197084521701505,616426.8769753785
514.2857142857142,104.28571428571429,120.0,16.212961742020045,698481.5212538729
514.2857142857142,104.28571428571429,285.7142857142857,16.212118331290217,609390.6300869503
514.2857142857142,104.28571428571429,451.42857142857144,16.21087538667476,644603.2361579442
514.2857142857142,104.28571428571429,617.1428571428571,16.209449087621785,682230.1128164274
514.2857142857142,104.28571428571429,782.8571428571429,16.207989490820175,712042.379477359
514.2857142857142,104.28571428571429,948.5714285714287,16.206587758166325,733885.7453327066
514.2857142857142,104.28571428571429,1114.2857142857142,16.205290064062954,749256.6905210132
514.2857142857142,104.28571428571429,1280.0,16.204113499367725,759731.5248065223
514.2857142857142,104.28571428571429,1445.7142857142858,16.203058738313526,766612.5421077287
514.2857142857142,104.28571428571429,1611.4285714285716,16.20211827803944,770892.7207586183
514.2857142857142,104.28571428571429,1777.1428571428573,16.201281226019965,773304.1886301151
514.2857142857142,104.28571428571429,1942.857142857143,16.200535869466293,774379.0206146903
514.2857142857142,104.28571428571429,2108.5714285714284,16.199870947586348,774501.8755143526
514.2857142857142,104.28571428571429,2274.285714285714,16.199276207882715,773950.6619624753
514.2857142857142,104.28571428571429,2440.0,16.19874258573149,772926.4896484216
514.2857142857142,104.28571428571429,2605.714285714286,16.1982621966304,771575.260834862
514.2857142857142,104.28571428571429,2771.4285714285716,16.197828243495444,770003.0997692649
514.2857142857142,104.28571428571429,2937.1428571428573,16.197434892616002,768287.3565222889
514.2857142857142,104.28571428571429,3102.857142857143,16.197077145165782,766484.4684498443
514.2857142857142,104.28571428571429,3268.571428571429,16.19675071682165,764635.598513709
514.2857142857142,104.28571428571429,3434.2857142857147,16.196451930514105,762770.6996116622
514.2857142857142,104.28571428571429,3600.0,16.196177623515734,760911.4608320278
514.2857142857142,151.42857142857144,120.0,16.212915334746558,772309.8847518009
514.2857142857142,151.42857142857144,285.7142857142857,16.2120411777977,675471.916166915
514.2857142857142,151.42857142857144,451.42857142857144,16.21078330176025,714267.7382645448
514.2857142857142,151.42857142857144,617.1428571428571,16.20935403553224,756972.9150302466
514.2857142857142,151.42857142857144,782.8571428571429,16.207896748369613,791774.2549274394
514.2857142857142,151.42857142857144,948.5714285714287,16.206497437652416,818153.9130223396
514.2857142857142,151.42857142857144,1114.2857142857142,16.205199547338992,837533.6563421693
514.2857142857142,151.42857142857144,1280.0,16.204019250300906,851507.1273621653
514.2857142857142,151.42857142857144,1445.7142857142858,16.202957314395924,861425.4388916797
514.2857142857142,151.42857142857144,1611.4285714285716,16.202006775351073,868338.6949599511
514.2857142857142,151.42857142857144,1777.1428571428573,16.20115740367916,873034.8121473733
514.2857142857142,151.42857142857144,1942.857142857143,16.200398119336917,876096.4564437848
514.2857142857142,151.42857142857144,2108.5714285714284,16.19971820289962,877952.4799682073
514.2857142857142,151.42857142857144,2274.285714285714,16.19910783791383,878918.6137803338
514.2857142857142,151.42857142857144,2440.0,16.198558297560503,879227.9732384731
514.2857142857142,151.42857142857144,2605.714285714286,16.198061951600245,879053.384987729
514.2857142857142,151.42857142857144,2771.4285714285716,16.197612189628643,878523.5667843373
514.2857142857142,151.42857142857144,2937.1428571428573,16.197203311570284,877734.8225986023
514.2857142857142,151.42857142857144,3102.857142857143,16.196830411423004,876759.5090221253
514.2857142857142,151.42857142857144,3268.571428571429,16.196489266735355,875652.1880455735
514.2857142857142,151.42857142857144,3434.2857142857147,16.19617623910099,874454.1216499647
514.2857142857142,151.42857142857144,3600.0,16.195888187232075,873196.5744277138
514.2857142857142,198.57142857142858,120.0,16.21287755644714,835848.1725699715
514.2857142857142,198.57142857142858,285.7142857142857,16.211983985326864,732395.853826017
514.2857142857142,198.57142857142858,451.42857142857144,16.210723097890355,773831.2752563901
514.2857142857142,198.57142857142858,617.1428571428571,16.209302189998812,820543.9306437827
514.2857142857142,198.57142857142858,782.8571428571429,16.20785833334532,859350.5636082262
514.2857142857142,198.57142857142858,948.5714285714287,16.20647285340538,889406.6628982669
514.2857142857142,198.57142857142858,1114.2857142857142,16.205186646137214,912059.538590247
514.2857142857142,198.57142857142858,1280.0,16.20401489162488,928909.348755957
514.2857142857142,198.57142857142858,1445.7142857142858,16.202958257137183,941341.811990925
514.2857142857142,198.57142857142858,1611.4285714285716,16.202010102160028,950449.6695695199
514.2857142857142,198.57142857142858,1777.1428571428573,16.201160673841823,957063.2352551781
514.2857142857142,198.57142857142858,1942.857142857143,16.20039938321529,961804.0025302595
514.2857142857142,198.57142857142858,2108.5714285714284,16.199715954968816,965134.9840421277
514.2857142857142,198.57142857142858,2274.285714285714,16.199100948896305,967401.3270263049
514.2857142857142,198.57142857142858,2440.0,16.198545945153175,968861.1825974173
514.2857142857142,198.57142857142858,2605.714285714286,16.198043558087324,969708.5561980318
514.2857142857142,198.57142857142858,2771.4285714285716,16.197587369056205,970090.0353807593
514.2857142857142,198.57142857142858,2937.1428571428573,16.197171826540885,970116.9965344938
514.2857142857142,198.57142857142858,3102.857142857143,16.196792138488888,969874.5231726293
514.2857142857142,198.57142857142858,3268.571428571429,16.196444169040994,969427.9458294947
514.2857142857142,198.57142857142858,3434.2857142857147,16.196124344940163,968827.6624878497
514.2857142857142,198.57142857142858,3600.0,16.195829573337637,968112.7126549179
514.2857142857142,245.71428571428572,120.0,16.21284549404511,892467.1149813195
514.2857142857142,245.71428571428572,285.7142857142857,16.211938757299137,783363.857065337
514.2857142857142,245.71428571428572,451.42857142857144,16.21068036118381,826915.267176496
514.2857142857142,245.71428571428572,617.1428571428571,16.209272219974633,876995.1750791197
514.2857142857142,245.71428571428572,782.8571428571429,16.2078457020352,919205.0313164362
514.2857142857142,245.71428571428572,948.5714285714287,16.206478016255602,952403.2944502912
514.2857142857142,245.71428571428572,1114.2857142857142,16.205207786987984,977866.1795428062
514.2857142857142,245.71428571428572,1280.0,16.204049254036846,997195.6131590457
514.2857142857142,245.71428571428572,1445.7142857142858,16.20300291728575,1011804.4691162049
514.2857142857142,245.71428571428572,1611.4285714285716,16.202062350076453,1022820.1336808729
514.2857142857142,245.71428571428572,1777.1428571428573,16.20121816466161,1031107.7387227694
514.2857142857142,245.71428571428572,1942.857142857143,16.200460167903813,1037320.8326984848
514.2857142857142,245.71428571428572,2108.5714285714284,16.19977845468768,1041950.7345611503
514.2857142857142,245.71428571428572,2274.285714285714,16.199163907516137,1045367.0452782911
514.2857142857142,245.71428571428572,2440.0,16.198608377154574,1047848.7934142525
514.2857142857142,245.71428571428572,2605.714285714286,16.198104699699215,1049607.7011520576
514.2857142857142,245.71428571428572,2771.4285714285716,16.197646635630136,1050805.352438145
514.2857142857142,245.71428571428572,2937.1428571428573,16.197228776792794,1051565.8133389617
514.2857142857142,245.71428571428572,3102.857142857143,16.196846445178057,1051984.9171498984
514.2857142857142,245.71428571428572,3268.571428571429,16.19649559525531,1052137.1196022818
514.2857142857142,245.71428571428572,3434.2857142857147,16.19617272507478,1052080.5855100995
514.2857142857142,245.71428571428572,3600.0,16.195874797913593,1051860.9852973348
514.2857142857142,292.8571428571429,120.0,16.212817579339113,943972.663340883
514.2857142857142,292.8571428571429,285.7142857142857,16.211901506203862,830055.4714120869
514.2857142857142,292.8571428571429,451.42857142857144,16.210648369651917,875402.6694646499
514.2857142857142,292.8571428571429,617.1428571428571,16.209254675861878,928425.1930746199
514.2857142857142,292.8571428571429,782.8571428571429,16.207846666393618,973630.3940839792
514.2857142857142,292.8571428571429,948.5714285714287,16.206497926726556,1009604.4159353174
514.2857142857142,292.8571428571429,1114.2857142857142,16.205245071677385,1037556.5884117655
514.2857142857142,292.8571428571429,1280.0,16.20410148160651,1059088.4243237576
514.2857142857142,292.8571428571429,1445.7142857142858,16.20306746865225,1075635.5508139275
514.2857142857142,292.8571428571429,1611.4285714285716,16.202136756799614,1088355.0204281942
514.2857142857142,292.8571428571429,1777.1428571428573,16.20130025032361,1098141.9502529085
514.2857142857142,292.8571428571429,1942.857142857143,16.20054808454817,1105677.5632538083
514.2857142857142,292.8571428571429,2108.5714285714284,16.199870668657834,1111477.6580763268
514.2857142857142,292.8571428571429,2274.285714285714,16.199259164324545,1115933.0171439317
514.2857142857142,292.8571428571429,2440.0,16.198705660525754,1119340.78294724
514.2857142857142,292.8571428571429,2605.714285714286,16.198203191949126,1121928.0769100247
514.2857142857142,292.8571428571429,2771.4285714285716,16.197745682347346,1123869.5427247186
514.2857142857142,292.8571428571429,2937.1428571428573,16.197327856681547,1125300.3196343319
514.2857142857142,292.8571428571429,3102.857142857143,16.19694514493587,1126325.6408656014
514.2857142857142,292.8571428571429,3268.571428571429,16.196593588947717,1127027.9584625205
514.2857142857142,292.8571428571429,3434.2857142857147,16.196269757347853,1127472.2578646967
514.2857142857142,292.8571428571429,3600.0,16.1959706703971,1127710.045157145
514.2857142857142,340.0,120.0,16.212792852214605,991468.954676473
514.2857142857142,340.0,285.7142857142857,16.21186995142862,873478.1033581285
514.2857142857142,340.0,451.42857142857144,16.210623507311745,920414.0389572768
514.2857142857142,340.0,617.1428571428571,16.209244724694486,976078.3685621864
514.2857142857142,340.0,782.8571428571429,16.207855229967496,1023984.0714105481
514.2857142857142,340.0,948.5714285714287,16.206525402275517,1062466.1772820237
514.2857142857142,340.0,1114.2857142857142,16.205290074554245,1092671.4876326083
514.2857142857142,340.0,1280.0,16.204161849518453,1116200.1801244833
514.2857142857142,340.0,1445.7142857142858,16.20314085007043,1134507.838572065
514.2857142857142,340.0,1611.4285714285716,16.202220911482232,1148777.8318352539
514.2857142857142,340.0,1777.1428571428573,16.20139317902656,1159931.936455642
514.2857142857142,340.0,1942.857142857143,16.200648066753704,1168675.997136803
514.2857142857142,340.0,2108.5714285714284,16.199976255046586,1175547.6017583618
514.2857142857142,340.0,2274.285714285714,16.199369149710055,1180956.397144097
514.2857142857142,340.0,2440.0,16.19881905059672,1185215.670811252
514.2857142857142,340.0,2605.714285714286,16.19831917029018,1188566.2830029484
514.2857142857142,340.0,2771.4285714285716,16.19786358054851,1191194.5422855846
514.2857142857142,340.0,2937.1428571428573,16.197447128476554,1193245.4909430942
514.2857142857142,340.0,3102.857142857143,16.19706534440666,1194832.7802954759
514.2857142857142,340.0,3268.571428571429,16.196714352437095,1196046.0337426253
514.2857142857142,340.0,3434.2857142857147,16.196390788584672,1196956.3627421553
514.2857142857142,340.0,3600.0,16.196091728325335,1197620.522651166
514.2857142857142,387.14285714285717,120.0,16.212770674036687,1035691.2086909227
514.2857142857142,387.14285714285717,285.7142857142857,16.211842666167925,914290.738109269
514.2857142857142,387.14285714285717,451.42857142857144,16.210603637249324,962677.2300831872
514.2857142857142,387.14285714285717,617.1428571428571,16.209239651137253,1020760.3426610698
514.2857142857142,387.14285714285717,782.8571428571429,16.20786816183445,1071143.5483879342
514.2857142857142,387.14285714285717,948.5714285714287,16.206556691623813,1111929.3461535848
514.2857142857142,387.14285714285717,1114.2857142857142,16.20533848491873,1144206.270076501
514.2857142857142,387.14285714285717,1280.0,16.204225441724816,1169572.922841664
514.2857142857142,387.14285714285717,1445.7142857142858,16.203217502162527,1189502.9836171537
514.2857142857142,387.14285714285717,1611.4285714285716,16.202308586826838,1205203.7605025205
514.2857142857142,387.14285714285717,1777.1428571428573,16.201490044654186,1217621.276135789
514.2857142857142,387.14285714285717,1942.857142857143,16.20075253042442,1227483.75556367
514.2857142857142,387.14285714285717,2108.5714285714284,16.200086961748813,1235348.5851209434
514.2857142857142,387.14285714285717,2274.285714285714,16.1994849601512,1241642.5512518883
514.2857142857142,387.14285714285717,2440.0,16.198939013520203,1246693.6134230571
514.2857142857142,387.14285714285717,2605.714285714286,16.19844249445905,1250755.1227419388
514.2857142857142,387.14285714285717,2771.4285714285716,16.197989609014172,1254023.999836789
514.2857142857142,387.14285714285717,2937.1428571428573,16.19757531608396,1256654.3033050636
514.2857142857142,387.14285714285717,3102.857142857143,16.197195238665923,1258767.3556680137
514.2857142857142,387.14285714285717,3268.571428571429,16.196845577518843,1260459.3218054913
514.2857142857142,387.14285714285717,3434.2857142857147,16.19652303205518,1261806.9069364923
514.2857142857142,387.14285714285717,3600.0,16.196224730210552,1262871.6647865737
514.2857142857142,434.28571428571433,120.0,16.212750594502616,1077159.3775198169
514.2857142857142,434.28571428571433,285.7142857142857,16.211818698866185,952951.639963314
514.2857142857142,434.28571428571433,451.42857142857144,16.210587408606784,1002695.1722920393
514.2857142857142,434.28571428571433,617.1428571428571,16.20923782440348,1063026.1167334653
514.2857142857142,434.28571428571433,782.8571428571429,16.207883608893003,1115712.4322414633
514.2857142857142,434.28571428571433,948.5714285714287,16.206589721114412,1158640.6497995537
514.2857142857142,434.28571428571433,1114.2857142857142,16.20538798065357,1192845.117811594
514.2857142857142,434.28571428571433,1280.0,16.204289651177636,1219923.016661108
514.2857142857142,434.28571428571433,1445.7142857142858,16.203294499676378,1241364.845162075
514.2857142857142,434.28571428571433,1611.4285714285716,16.20239651415803,1258400.0975827356
514.2857142857142,434.28571428571433,1777.1428571428573,16.201587218902617,1271997.2216413072
514.2857142857142,434.28571428571433,1942.857142857143,16.200857479578993,1282905.1123754233
514.2857142857142,434.28571428571433,2108.5714285714284,16.200198423712116,1291699.4246850223
514.2857142857142,434.28571428571433,2274.285714285714,16.199601865219297,1298822.7521899207
514.2857142857142,434.28571428571433,2440.0,16.199060460884695,1304616.583368341
514.2857142857142,434.28571428571433,2605.714285714286,16.198567728015153,1309345.7882166996
514.2857142857142,434.28571428571433,2771.4285714285716,16.19811799489908,1313217.0765575601
514.2857142857142,434.28571428571433,2937.1428571428573,16.19770632287529,1316392.8279576355
514.2857142857142,434.28571428571433,3102.857142857143,16.19732842042247,1319001.4486078233
514.2857142857142,434.28571428571433,3268.571428571429,16.196980559498265,1321145.1478867384
514.2857142857142,434.28571428571433,3434.2857142857147,16.196659498804024,1322905.8035879512
514.2857142857142,434.28571428571433,3600.0,16.196362415687215,1324349.4099812238
514.2857142857142,481.42857142857144,120.0,16.2127322820155,1116258.0814223515
514.2857142857142,481.42857142857144,285.7142857142857,16.211797383646918,989794.3747435043
514.2857142857142,481.42857142857144,451.42857142857144,16.210573922751703,1040831.7982790588
514.2857142857142,481.42857142857144,617.1428571428571,16.209238215032528,1103276.1824136064
514.2857142857142,481.42857142857144,782.8571428571429,16.20790046012044,1158125.6758396432
514.2857142857142,481.42857142857144,948.5714285714287,16.206623302148664,1203065.8030929347
514.2857142857142,481.42857142857144,1114.2857142857142,16.205437274950487,1239080.6070877826
514.2857142857142,481.42857142857144,1280.0,16.204353063954986,1267766.2344622756
514.2857142857142,481.42857142857144,1445.7142857142858,16.2033702736914,1290629.1148818661
514.2857142857142,481.42857142857144,1611.4285714285716,16.20248294677976,1308919.59792459
514.2857142857142,481.42857142857144,1777.1428571428573,16.201682760736627,1323627.1406677093
514.2857142857142,481.42857142857144,1942.857142857143,16.200960768150694,1335519.9637451752
514.2857142857142,481.42857142857144,2108.5714285714284,16.200308284109077,1345190.7800982348
514.2857142857142,481.42857142857144,2274.285714285714,16.199717295530885,1353096.9312282093
514.2857142857142,481.42857142857144,2440.0,16.19918061193765,1359592.5225294167
514.2857142857142,481.42857142857144,2605.714285714286,16.198691882203192,1364953.164667824
514.2857142857142,481.42857142857144,2771.4285714285716,16.19824554634706,1369394.6958574892
514.2857142857142,481.42857142857144,2937.1428571428573,16.197836759830647,1373087.2566846984
514.2857142857142,481.42857142857144,3102.857142857143,16.19746131008516,1376165.8626316856
514.2857142857142,481.42857142857144,3268.571428571429,16.19711553517727,1378738.3652942737
514.2857142857142,481.42857142857144,3434.2857142857147,16.196796249153813,1380891.473279348
514.2857142857142,481.42857142857144,3600.0,16.19650067573893,1382695.3303672848
514.2857142857142,528.5714285714286,120.0,16.212715484030575,1153281.9492337562
514.2857142857142,528.5714285714286,285.7142857142857,16.211778236673688,1025070.502120342
514.2857142857142,528.5714285714286,451.42857142857144,16.210562557410462,1077360.0764165611
514.2857142857142,528.5714285714286,617.1428571428571,16.209240147634,1141810.1459285824
514.2857142857142,528.5714285714286,782.8571428571429,16.207918028160506,1198708.226970001
514.2857142857142,528.5714285714286,948.5714285714287,16.20665673990637,1245552.500070175
514.2857142857142,528.5714285714286,1114.2857142857142,16.205485649826777,1283280.3839081088
514.2857142857142,528.5714285714286,1280.0,16.204414915836782,1313487.5255799124
514.2857142857142,528.5714285714286,1445.7142857142858,16.20344399067403,1337695.663350227
514.2857142857142,528.5714285714286,1611.4285714285716,16.202566962148413,1357174.9690942955
514.2857142857142,528.5714285714286,1777.1428571428573,16.201775643348878,1372934.7824492282
514.2857142857142,528.5714285714286,1942.857142857143,16.201061254167225,1385761.567808524
514.2857142857142,528.5714285714286,2108.5714285714284,16.20041527868257,1396264.1158652178
514.2857142857142,528.5714285714286,2274.285714285714,16.19982986050166,1404913.654426612
514.2857142857142,528.5714285714286,2440.0,16.199297948126915,1412076.161415238
514.2857142857142,528.5714285714286,2605.714285714286,16.198813310679533,1418037.3511965133
514.2857142857142,528.5714285714286,2771.4285714285716,16.198370490737336,1423021.648108002
514.2857142857142,528.5714285714286,2937.1428571428573,16.197964730525012,1427206.4931488023
514.2857142857142,528.5714285714286,3102.857142857143,16.19759189056207,1430733.1199946722
514.2857142857142,528.5714285714286,3268.571428571429,16.197248370374258,1433714.6900861633
514.2857142857142,528.5714285714286,3434.2857142857147,16.196931035681327,1436242.4598890643
514.2857142857142,528.5714285714286,3600.0,16.196637153693757,1438390.4812562848
514.2857142857142,575.7142857142858,120.0,16.21270000295959,1188463.0817252072
514.2857142857142,575.7142857142858,285.7142857142857,16.211760895561827,1058975.194188746
514.2857142857142,575.7142857142858,451.42857142857144,16.210552867446093,1112490.7094646755
514.2857142857142,575.7142857142858,617.1428571428571,16.209243165386155,1178858.7050074963
514.2857142857142,575.7142857142858,782.8571428571429,16.207935878657192,1237709.972869068
514.2857142857142,575.7142857142858,948.5714285714287,16.206689626837473,1286367.9381858578
514.2857142857142,575.7142857142858,1114.2857142857142,16.20553271230766,1325726.8895517483
514.2857142857142,575.7142857142858,1280.0,16.20447480981311,1357382.5998784967
514.2857142857142,575.7142857142858,1445.7142857142858,16.20351523049772,1382871.6836210648
514.2857142857142,575.7142857142858,1611.4285714285716,16.20264810025397,1403483.3192062448
514.2857142857142,575.7142857142858,1777.1428571428573,16.201865353353142,1420245.814892658
514.2857142857142,575.7142857142858,1942.857142857143,16.201158360680335,1433962.9915671526
514.2857142857142,575.7142857142858,2108.5714285714284,16.200518759673514,1445258.908730146
514.2857142857142,575.7142857142858,2274.285714285714,16.199938836752303,1454617.9665874133
514.2857142857142,575.7142857142858,2440.0,16.199411667588528,1462417.3968536973
514.2857142857142,575.7142857142858,2605.714285714286,16.198931131738636,1468952.4867655484
514.2857142857142,575.7142857142858,2771.4285714285716,16.198491866308824,1474455.7938404933
514.2857142857142,575.7142857142858,2937.1428571428573,16.198089193777225,1479111.6739495764
514.2857142857142,575.7142857142858,3102.857142857143,16.197719042505614,1483067.2509595556
514.2857142857142,575.7142857142858,3268.571428571429,16.19737786926782,1486440.7168848244
514.2857142857142,575.7142857142858,3434.2857142857147,16.197062588085156,1489327.6378771365
514.2857142857142,575.7142857142858,3600.0,16.19677050696068,1491805.7702845505
514.2857142857142,622.8571428571429,120.0,16.212685680762835,1221988.5700581765
514.2857142857142,622.8571428571429,285.7142857142857,16.211745082026614,1091663.4340924004
514.2857142857142,622.8571428571429,451.42857142857144,16.210544525747625,1146390.2073902187
514.2857142857142,622.8571428571429,617.1428571428571,16.209246951631798,1214603.748501634
514.2857142857142,622.8571428571429,782.8571428571429,16.207953733768637,1275327.6871186236
514.2857142857142,622.8571428571429,948.5714285714287,16.206721727848418,1325722.3794912447
514.2857142857142,622.8571428571429,1114.2857142857142,16.205578260326803,1366642.306078228
514.2857142857142,622.8571428571429,1280.0,16.204532561671556,1399684.047968947
514.2857142857142,622.8571428571429,1445.7142857142858,16.203583810960968,1426398.8023323175
514.2857142857142,622.8571428571429,1611.4285714285716,16.202726166694585,1448094.1013000985
514.2857142857142,622.8571428571429,1777.1428571428573,16.201951672410342,1465816.4689370554
514.2857142857142,622.8571428571429,1942.857142857143,16.201251836242378,1480386.3434313727
514.2857142857142,622.8571428571429,2108.5714285714284,16.200618435674777,1492442.3750449657
514.2857142857142,622.8571428571429,2274.285714285714,16.200043888024123,1502481.535638248
514.2857142857142,622.8571428571429,2440.0,16.19952138590793,1510891.7885414893
514.2857142857142,622.8571428571429,2605.714285714286,16.199044910758886,1517977.5448107948
514.2857142857142,622.8571428571429,2771.4285714285716,16.19860918715171,1523979.1111886832
514.2857142857142,622.8571428571429,2937.1428571428573,16.198209612047112,1529087.4309904345
514.2857142857142,622.8571428571429,3102.857142857143,16.197842176957938,1533455.2392293252
514.2857142857142,622.8571428571429,3268.571428571429,16.197503392104935,1537205.5205184645
514.2857142857142,622.8571428571429,3434.2857142857147,16.197190216736878,1540437.9474242998
514.2857142857142,622.8571428571429,3600.0,16.196899997165755,1543233.806783738
514.2857142857142,670.0,120.0,16.212672388681195,1254012.1487582878
514.2857142857142,670.0,285.7142857142857,16.21173057783975,1123260.7020762074
514.2857142857142,670.0,451.42857142857144,16.21053728641749,1179192.7644916112
514.2857142857142,670.0,617.1428571428571,16.209251282463097,1249191.5419779923
514.2857142857142,670.0,782.8571428571429,16.207971415224375,1311719.4153641092
514.2857142857142,670.0,948.5714285714287,16.206752913769762,1363784.5900587752
514.2857142857142,670.0,1114.2857142857142,16.20562220595685,1406204.9033111033
514.2857142857142,670.0,1280.0,16.204588112224673,1440578.4617153434
514.2857142857142,670.0,1445.7142857142858,16.20364968838134,1468470.8556538725
514.2857142857142,670.0,1611.4285714285716,16.202801121237027,1491207.4430822106
514.2857142857142,670.0,1777.1428571428573,16.202034553590828,1509852.3358039958
514.2857142857142,670.0,1942.857142857143,16.20134161910823,1525241.9653400644
514.2857142857142,670.0,2108.5714285714284,16.200714223867763,1538028.9968806247
514.2857142857142,670.0,2274.285714285714,16.200144905759196,1548722.4618082726
514.2857142857142,670.0,2440.0,16.199626965429655,1557720.6086873992
514.2857142857142,670.0,2605.714285714286,16.199154478675826,1565336.5876791854
514.2857142857142,670.0,2771.4285714285716,16.198722251304027,1571818.1251890825
514.2857142857142,670.0,2937.1428571428573,16.198325749625173,1577362.4704621418
514.2857142857142,670.0,3102.857142857143,16.19796102410159,1582127.7293715174
514.2857142857142,670.0,3268.571428571429,16.19762463497124,1586241.4739099282
514.2857142857142,670.0,3434.2857142857147,16.19731358391458,1589807.3075244757
514.2857142857142,670.0,3600.0,16.197025253274585,1592909.8970796159
514.2857142857142,717.1428571428572,120.0,16.21266002015607,1284662.2205035468
514.2857142857142,717.1428571428572,285.7142857142857,16.211717208786645,1153870.2768925903
514.2857142857142,717.1428571428572,451.42857142857144,16.210530960982073,1211008.3455622436
514.2857142857142,717.1428571428572,617.1428571428571,16.209255996976538,1282741.6894783687
514.2857142857142,717.1428571428572,782.8571428571429,16.207988809515143,1347014.2449374802
514.2857142857142,717.1428571428572,948.5714285714287,16.20678312149517,1400692.3219376034
514.2857142857142,717.1428571428572,1114.2857142857142,16.205664530047322,1444560.1367118957
514.2857142857142,717.1428571428572,1280.0,16.20464147587364,1480218.0590922271
514.2857142857142,717.1428571428572,1445.7142857142858,16.203712899579585,1509245.9624536308
514.2857142857142,717.1428571428572,1611.4285714285716,16.202873012859698,1532986.600433933
514.2857142857142,717.1428571428572,1777.1428571428573,16.202114049270726,1552521.142961338
514.2857142857142,717.1428571428572,1942.857142857143,16.201427757917727,1568701.4822890672
514.2857142857142,717.1428571428572,2108.5714285714284,16.200806163534736,1582193.8040129298
514.2857142857142,717.1428571428572,2274.285714285714,16.20024191556953,1593518.7575737257
514.2857142857142,717.1428571428572,2440.0,16.19972841486936,1603084.4909686164
514.2857142857142,717.1428571428572,2605.714285714286,16.19925982496216,1611212.5602749737
514.2857142857142,717.1428571428572,2771.4285714285716,16.198831027349094,1618157.8256436938
514.2857142857142,717.1428571428572,2937.1428571428573,16.198437553109585,1624123.597643152
514.2857142857142,717.1428571428572,3102.857142857143,16.19807550788291,1629273.1439311013
514.2857142857142,717.1428571428572,3268.571428571429,16.19774149882611,1633738.4450845753
514.2857142857142,717.1428571428572,3434.2857142857147,16.19743256750977,1637626.8823103772
514.2857142857142,717.1428571428572,3600.0,16.197146130222983,1641026.3710963032
514.2857142857142,764.2857142857143,120.0,16.21264848580523,1314047.546008629
514.2857142857142,764.2857142857143,285.7142857142857,16.21170483363208,1183578.374378193
514.2857142857142,764.2857142857143,451.42857142857144,16.210525402529132,1241928.357519174
514.2857142857142,764.2857142857143,617.1428571428571,16.20926097802706,1315353.4091078339
514.2857142857142,764.2857142857143,782.8571428571429,16.208005845981624,1381319.1408066922
514.2857142857142,764.2857142857143,948.5714285714287,16.206812329448024,1436559.645127615
514.2857142857142,764.2857142857143,1114.2857142857142,16.205705254747723,1481828.409735994
514.2857142857142,764.2857142857143,1280.0,16.204692709755896,1518728.8160414672
514.2857142857142,764.2857142857143,1445.7142857142858,16.20377352725204,1548854.9715927169
514.2857142857142,764.2857142857143,1611.4285714285716,16.20294194104305,1573566.673290271
514.2857142857142,764.2857142857143,1777.1428571428573,16.2021902681398,1593961.6985598176
514.2857142857142,764.2857142857143,1942.857142857143,16.201510364317514,1610906.941422356
514.2857142857142,764.2857142857143,2108.5714285714284,16.200894364271132,1625081.6790808511
514.2857142857142,764.2857142857143,2274.285714285714,16.200335021077912,1637017.7948238065
514.2857142857142,764.2857142857143,2440.0,16.19982582886613,1647132.9994569668
514.2857142857142,764.2857142857143,2605.714285714286,16.199361033006173,1655756.963687443
514.2857142857142,764.2857142857143,2771.4285714285716,16.198935585755383,1663151.4310477788
514.2857142857142,764.2857142857143,2937.1428571428573,16.19854507885552,1669525.5589382516
514.2857142857142,764.2857142857143,3102.857142857143,16.19818566972541,1675047.593233081
514.2857142857142,764.2857142857143,3268.571428571429,16.197854009637037,1679853.7659261704
514.2857142857142,764.2857142857143,3434.2857142857147,16.19754717773856,1684055.101235776
514.2857142857142,764.2857142857143,3600.0,16.197262622357744,1687742.6475135481
514.2857142857142,811.4285714285714,120.0,16.21263770976927,1342261.3801576733
514.2857142857142,811.4285714285714,285.7142857142857,16.211693336330633,1212457.856451143
514.2857142857142,811.4285714285714,451.42857142857144,16.210520494842186,1272029.7300579324
514.2857142857142,811.4285714285714,617.1428571428571,16.20926613944223,1347110.0412396612
514.2857142857142,811.4285714285714,782.8571428571429,16.208022482681027,1414723.8525719324
514.2857142857142,811.4285714285714,948.5714285714287,16.20684054215169,1471482.2088461462
514.2857142857142,811.4285714285714,1114.2857142857142,16.205744426547184,1518110.6434540465
514.2857142857142,811.4285714285714,1280.0,16.204741894924904,1556216.3016424244
514.2857142857142,811.4285714285714,1445.7142857142858,16.203831678975355,1587407.524498321
514.2857142857142,811.4285714285714,1611.4285714285716,16.203008032345828,1613060.8624580943
514.2857142857142,811.4285714285714,1777.1428571428573,16.20226334916992,1634290.3140957651
514.2857142857142,811.4285714285714,1942.857142857143,16.20158958421223,1651977.3764198031
514.2857142857142,811.4285714285714,2108.5714285714284,16.200978974468416,1666814.0433094702
514.2857142857142,811.4285714285714,2274.285714285714,16.200424369627473,1679343.094714658
514.2857142857142,811.4285714285714,2440.0,16.199919350948665,1689991.5080889273
514.2857142857142,811.4285714285714,2605.714285714286,16.199458240389234,1699096.812016517
514.2857142857142,811.4285714285714,2771.4285714285716,16.199036056537388,1706927.4123941772
514.2857142857142,811.4285714285714,2937.1428571428573,16.198648448102887,1713698.1238563266
514.2857142857142,811.4285714285714,3102.857142857143,16.198291621214736,1719582.0080401243
514.2857142857142,811.4285714285714,3268.571428571429,16.197962268715603,1724719.4091169832
514.2857142857142,811.4285714285714,3434.2857142857147,16.197657505223752,1729224.874818708
514.2857142857142,811.4285714285714,3600.0,16.19737480935927,1733192.4836044493
514.2857142857142,858.5714285714287,120.0,16.212627626997907,1369384.544120184
514.2857142857142,858.5714285714287,285.7142857142857,16.21168262040201,1240570.9674025096
514.2857142857142,858.5714285714287,451.42857142857144,16.21051614478153,1301377.9170049634
514.2857142857142,858.5714285714287,617.1428571428571,16.20927141733192,1378082.3594226462
514.2857142857142,858.5714285714287,782.8571428571429,16.20803869708158,1447304.5155636042
514.2857142857142,858.5714285714287,948.5714285714287,16.20686778035872,1505541.101274347
514.2857142857142,858.5714285714287,1114.2857142857142,16.205782105664127,1553492.3620684366
514.2857142857142,858.5714285714287,1280.0,16.204789124746828,1592769.9585954673
514.2857142857142,858.5714285714287,1445.7142857142858,16.203887474361142,1624996.5030743126
514.2857142857142,858.5714285714287,1611.4285714285716,16.203071426110483,1651565.0609513633
514.2857142857142,858.5714285714287,1777.1428571428573,16.20233344571718,1673605.5185612808
514.2857142857142,858.5714285714287,1942.857142857143,16.201665580160153,1692013.6269183215
514.2857142857142,858.5714285714287,2108.5714285714284,16.201060161943865,1707493.766336573
514.2857142857142,858.5714285714287,2274.285714285714,16.200510131121177,1720599.3153296604
514.2857142857142,858.5714285714287,2440.0,16.200009150586663,1731766.25552862
514.2857142857142,858.5714285714287,2605.714285714286,16.199551614171362,1741339.7454382002
514.2857142857142,858.5714285714287,2771.4285714285716,16.199132602811837,1749594.6568062224
514.2857142857142,858.5714285714287,2937.1428571428573,16.19874781884942,1756751.2927173104
514.2857142857142,858.5714285714287,3102.857142857143,16.19839351434127,1762987.385794764
514.2857142857142,858.5714285714287,3268.571428571429,16.198066421386198,1768447.2681758902
514.2857142857142,858.5714285714287,3434.2857142857147,16.1977636881481,1773248.904406889
514.2857142857142,858.5714285714287,3600.0,16.197482821938443,1777489.3112238506
514.2857142857142,905.7142857142858,120.0,16.212618181196834,1395487.750480023
514.2857142857142,905.7142857142858,285.7142857142857,16.211672604788557,1267971.3914920422
514.2857142857142,905.7142857142858,451.42857142857144,16.210512276830954,1330029.1467355832
514.2857142857142,905.7142857142858,617.1428571428571,16.20927676406318,1408331.0493818065
514.2857142857142,905.7142857142858,782.8571428571429,16.20805447982929,1479126.34515929
514.2857142857142,905.7142857142858,948.5714285714287,16.20689407465489,1538805.7363775943
514.2857142857142,905.7142857142858,1114.2857142857142,16.20581835935564,1588046.7482066741
514.2857142857142,905.7142857142858,1280.0,16.204834497718146,1628466.3043680235
514.2857142857142,905.7142857142858,1445.7142857142858,16.20394103718384,1661701.356413904
514.2857142857142,905.7142857142858,1611.4285714285716,16.20313226573268,1689161.2885464423
514.2857142857142,905.7142857142858,1777.1428571428573,16.202400715802952,1711991.5855895563
514.2857142857142,905.7142857142858,1942.857142857143,16.201738520573805,1731101.9452355802
514.2857142857142,905.7142857142858,2108.5714285714284,16.201138102001618,1747208.8414665372
514.2857142857142,905.7142857142858,2274.285714285714,16.20059248491112,1760875.9861005151
514.2857142857142,905.7142857142858,2440.0,16.200095408897234,1772548.1308221468
514.2857142857142,905.7142857142858,2605.714285714286,16.199641335419297,1782577.8603613274
514.2857142857142,905.7142857142858,2771.4285714285716,16.199225404163602,1791246.3364753353
514.2857142857142,905.7142857142858,2937.1428571428573,16.198843368078872,1798779.1994944813
514.2857142857142,905.7142857142858,3102.857142857143,16.198491522620817,1805358.7231985861
514.2857142857142,905.7142857142858,3268.571428571429,16.198166637033072,1811133.1162008399
514.2857142857142,905.7142857142858,3434.2857142857147,16.197865891263877,1816223.6640093182
514.2857142857142,905.7142857142858,3600.0,16.197586819845974,1820730.2390758356
514.2857142857142,952.8571428571429,120.0,16.212609323248888,1420633.3924052631
514.2857142857142,952.8571428571429,285.7142857142857,16.211663220750413,1294705.8264418708
514.2857142857142,952.8571428571429,451.42857142857144,16.210508829122727,1358032.13841716
514.2857142857142,952.8571428571429,617.1428571428571,16.209282144009265,1437908.5970149701
514.2857142857142,952.8571428571429,782.8571428571429,16.208069830512404,1510245.6873114835
514.2857142857142,952.8571428571429,948.5714285714287,16.206919461278563,1571336.0501617093
514.2857142857142,952.8571428571429,1114.2857142857142,16.205853257690507,1621836.9670213119
514.2857142857142,952.8571428571429,1280.0,16.20487811303717,1663371.3662264294
514.2857142857142,952.8571428571429,1445.7142857142858,16.203992490592736,1697590.6315532608
514.2857142857142,952.8571428571429,1611.4285714285716,16.203190693376325,1725920.3049380088
514.2857142857142,952.8571428571429,1777.1428571428573,16.202465316223183,1749521.2175273374
514.2857142857142,952.8571428571429,1942.857142857143,16.201808573143364,1769316.7415417172
514.2857142857142,952.8571428571429,2108.5714285714284,16.201212970115456,1786035.1835893698
514.2857142857142,952.8571428571429,2274.285714285714,16.200671611706785,1800250.3513823033
514.2857142857142,952.8571428571429,2440.0,16.200178309761252,1812415.5566083046
514.2857142857142,952.8571428571429,2605.714285714286,16.199727589526205,1822890.6271569405
514.2857142857142,952.8571428571429,2771.4285714285716,16.19931464617355,1831962.8565511778
514.2857142857142,952.8571428571429,2937.1428571428573,16.198935280508717,1839863.0861445018
514.2857142857142,952.8571428571429,3102.857142857143,16.198585829078716,1846778.0137958538
514.2857142857142,952.8571428571429,3268.571428571429,16.198263096340835,1852859.623968954
514.2857142857142,952.8571428571429,3434.2857142857147,16.19796429241201,1858232.4365539285
514.2857142857142,952.8571428571429,3600.0,16.19768697769374,1862999.1050891858
514.2857142857142,1000.0,120.0,16.21260100998238,1444876.9408057826
514.2857142857142,1000.0,285.7142857142857,16.211654409501964,1320815.2048399907
514.2857142857142,1000.0,451.42857142857144,16.210505750492814,1385429.430753513
514.2857142857142,1000.0,617.1428571428571,16.209287530503815,1466860.748203931
514.2857142857142,1000.0,782.8571428571429,16.208084754749308,1540711.602936298
514.2857142857142,1000.0,948.5714285714287,16.206943979376053,1603184.197060827
514.2857142857142,1000.0,1114.2857142857142,16.205886870893103,1654917.961049751
514.2857142857142,1000.0,1280.0,16.20492006791357,1697542.5617204686
514.2857142857142,1000.0,1445.7142857142858,16.2040419542598,1732723.9279949986
514.2857142857142,1000.0,1611.4285714285716,16.203246846847346,1761903.628134459
514.2857142857142,1000.0,1777.1428571428573,16.202527399057388,1786257.618918379
514.2857142857142,1000.0,1942.857142857143,16.20187590091223,1806722.70490949
514.2857142857142,1000.0,2108.5714285714284,16.201284937521898,1824038.7913877286
514.2857142857142,1000.0,2274.285714285714,16.20074768865301,1838789.568365535
514.2857142857142,1000.0,2440.0,16.200258034366588,1851436.7180992225
514.2857142857142,1000.0,2605.714285714286,16.199810560210835,1862347.1462600196
514.2857142857142,1000.0,2771.4285714285716,16.199400513872003,1871814.1349968617
514.2857142857142,1000.0,2937.1428571428573,16.199023741502064,1880073.6033358492
514.2857142857142,1000.0,3102.857142857143,16.198676618628614,1887316.5671045226
514.2857142857142,1000.0,3268.571428571429,16.198355983151476,1893698.69534421
514.2857142857142,1000.0,3434.2857142857147,16.19805907387079,1899347.6637366654
514.2857142857142,1000.0,3600.0,16.19778347580996,1904368.8391182453
550.0,10.0,120.0,16.213069124682402,539613.6626563924
550.0,10.0,285.7142857142857,16.21234550740865,452299.25013492233
550.0,10.0,451.42857142857144,16.21122015710068,467762.415939045
550.0,10.0,617.1428571428571,16.20991218266663,483929.17065683776
550.0,10.0,782.8571428571429,16.20858371740598,493729.27211839566
550.0,10.0,948.5714285714287,16.207333447394337,497718.2753113376
550.0,10.0,1114.2857142857142,16.20620751586566,497502.5839548673
550.0,10.0,1280.0,16.20521829806556,494539.7590780671
550.0,10.0,1445.7142857142858,16.20436025849353,489916.3985096867
550.0,10.0,1611.4285714285716,16.20362008507123,484378.8491871129
550.0,10.0,1777.1428571428573,16.202982238822873,478416.8266449842
550.0,10.0,1942.857142857143,16.202431641732918,472341.2762593617
550.0,10.0,2108.5714285714284,16.201954787842443,466343.47335324716
550.0,10.0,2274.285714285714,16.201540058070524,460536.3803310643
550.0,10.0,2440.0,16.201177667435015,454982.4820238648
550.0,10.0,2605.714285714286,16.200859465227175,449712.1490072123
550.0,10.0,2771.4285714285716,16.20057869512923,444735.62328078225
550.0,10.0,2937.1428571428573,16.200329763333112,440050.7927763715
550.0,10.0,3102.857142857143,16.200108033376075,435648.2110023489
550.0,10.0,3268.571428571429,16.199909652476542,431514.32158548216
550.0,10.0,3434.2857142857147,16.19973140800887,427633.51453411655
550.0,10.0,3600.0,16.19957061042565,423989.42230681935
550.0,57.142857142857146,120.0,16.212959477009008,695513.845580423
550.0,57.142857142857146,285.7142857142857,16.21209666561819,597606.0849981151
550.0,57.142857142857146,451.42857142857144,16.210803120377566,626897.5270195538
550.0,57.142857142857146,617.1428571428571,16.209310576999158,658629.391660486
550.0,57.142857142857146,782.8571428571429,16.207784335789125,682628.8595950557
550.0,57.142857142857146,948.5714285714287,16.20632554426238,698890.6394004992
550.0,57.142857142857146,1114.2857142857142,16.204984613616485,709033.798283921
550.0,57.142857142857146,1280.0,16.203779012716698,714704.7098710797
550.0,57.142857142857146,1445.7142857142858,16.20270785672638,717228.8670667706
550.0,57.142857142857146,1611.4285714285716,16.20176140284412,717590.2611035153
550.0,57.142857142857146,1777.1428571428573,16.200926498189588,716493.4335723151
550.0,57.142857142857146,1942.857142857143,16.20018943394077,714434.0576119557
550.0,57.142857142857146,2108.5714285714284,16.19953730211178,711757.7594097637
550.0,57.142857142857146,2274.285714285714,16.198958543075847,708704.3255111503
550.0,57.142857142857146,2440.0,16.19844308014662,705439.4688512768
550.0,57.142857142857146,2605.714285714286,16.197982258213663,702077.1877873196
550.0,57.142857142857146,2771.4285714285716,16.197568700742433,698695.3660111272
550.0,57.142857142857146,2937.1428571428573,16.19719614294197,695346.629859594
550.0,57.142857142857146,3102.857142857143,16.19685926865607,692065.9125622057
550.0,57.142857142857146,3268.571428571429,16.19655356275241,688875.7394880151
550.0,57.142857142857146,3434.2857142857147,16.196275182810243,685789.9350389725
550.0,57.142857142857146,3600.0,16.196020850077694,682816.2331086795
550.0,104.28571428571429,120.0,16.21289851868706,791437.5800061489
550.0,104.28571428571429,285.7142857142857,16.211987581711735,684982.8406119216
550.0,104.28571428571429,451.42857142857144,16.210660238984808,720096.348699053
550.0,104.28571428571429,617.1428571428571,16.209145159616025,759384.5771725973
550.0,104.28571428571429,782.8571428571429,16.207600005756504,790654.362093826
550.0,104.28571428571429,948.5714285714287,16.2061200476485,813448.6782320284
550.0,104.28571428571429,1114.2857142857142,16.204753050868735,829305.5295762466
550.0,104.28571428571429,1280.0,16.203516178596832,839910.5459823216
550.0,104.28571428571429,1445.7142857142858,16.202409418129815,846670.221894953
550.0,104.28571428571429,1611.4285714285716,16.20142428638458,850659.9172511509
550.0,104.28571428571429,1777.1428571428573,16.200548865740146,852672.2926127783
550.0,104.28571428571429,1942.857142857143,16.199770489554282,853282.3095062192
550.0,104.28571428571429,2108.5714285714284,16.19907705847287,852904.3628937679
550.0,104.28571428571429,2274.285714285714,16.198457604762428,851836.6564526928
550.0,104.28571428571429,2440.0,16.197902463673284,850293.9441837217
550.0,104.28571428571429,2605.714285714286,16.197403251403824,848431.1350975255
550.0,104.28571428571429,2771.4285714285716,16.196952756972454,846360.1457805195
550.0,104.28571428571429,2937.1428571428573,16.196544803786598,844161.900451286
550.0,104.28571428571429,3102.857142857143,16.196174108607543,841894.8867929551
550.0,104.28571428571429,3268.571428571429,16.19583615060868,839601.2775806033
550.0,104.28571428571429,3434.2857142857147,16.195527055410405,837311.3314003546
550.0,104.28571428571429,3600.0,16.19524349505418,835046.5731150385
550.0,151.42857142857144,120.0,16.21285340296095,867680.7604114376
550.0,151.42857142857144,285.7142857142857,16.21191681756787,754306.6577749636
550.0,151.42857142857144,451.42857142857144,16.21058229430945,793201.5366514788
550.0,151.42857142857144,617.1428571428571,16.209072778594578,837817.674963545
550.0,151.42857142857144,782.8571428571429,16.207538217027036,874338.9096195134
550.0,151.42857142857144,948.5714285714287,16.206068165868437,901922.7258329724
550.0,151.42857142857144,1114.2857142857142,16.20470745711293,922021.9965191246
550.0,151.42857142857144,1280.0,16.203472336618304,936335.5633607121
550.0,151.42857142857144,1445.7142857142858,16.20236298231585,946318.1347232674
550.0,151.42857142857144,1611.4285714285716,16.201371579054907,953103.4537554207
550.0,151.42857142857144,1777.1428571428573,16.200487001577812,957542.0926157282
550.0,151.42857142857144,1942.857142857143,16.199697331576168,960262.0143381153
550.0,151.42857142857144,2108.5714285714284,16.198991108840755,961724.1916844487
550.0,151.42857142857144,2274.285714285714,16.198357882019643,962266.8555513859
550.0,151.42857142857144,2440.0,16.197788389171496,962138.7287375316
550.0,151.42857142857144,2605.714285714286,16.197274552968214,961523.3539946309
550.0,151.42857142857144,2771.4285714285716,16.196809390938988,960556.7099966122
550.0,151.42857142857144,2937.1428571428573,16.196386893660584,959339.9266892972
550.0,151.42857142857144,3102.857142857143,16.19600189766857,957948.4735010889
550.0,151.42857142857144,3268.571428571429,16.195649965747986,956438.8223582584
550.0,151.42857142857144,3434.2857142857147,16.195327279798608,954853.3032840376
550.0,151.42857142857144,3600.0,16.19503054764717,953223.6628685179
550.0,198.57142857142858,120.0,16.212817040625037,932854.1149924189
550.0,198.57142857142858,285.7142857142857,16.211864799795478,813848.0529520817
550.0,198.57142857142858,451.42857142857144,16.21053277400575,855592.5553911744
550.0,198.57142857142858,617.1428571428571,16.209037540664223,904438.0561378336
550.0,198.57142857142858,782.8571428571429,16.2075220888884,945187.1871439639
550.0,198.57142857142858,948.5714285714287,16.206070959347127,976658.4366580246
550.0,198.57142857142858,1114.2857142857142,16.2047263160472,1000224.0828413633
550.0,198.57142857142858,1280.0,16.203503422850673,1017587.2715900738
550.0,198.57142857142858,1445.7142857142858,16.202402429046543,1030237.3753833808
550.0,198.57142857142858,1611.4285714285716,16.201415934911722,1039352.0339419161
550.0,198.57142857142858,1777.1428571428573,16.200533382299756,1045826.0161071046
550.0,198.57142857142858,1942.857142857143,16.19974342444896,1050328.066386448
550.0,198.57142857142858,2108.5714285714284,16.199035113196736,1053355.2176629356
550.0,198.57142857142858,2274.285714285714,16.198398429202236,1055276.8610483299
550.0,198.57142857142858,2440.0,16.197824462589274,1056368.3046094582
550.0,198.57142857142858,2605.714285714286,16.197305416807186,1056835.6197519724
550.0,198.57142857142858,2771.4285714285716,16.196834530113055,1056833.817000687
550.0,198.57142857142858,2937.1428571428573,16.19640596482813,1056480.0921828053
550.0,198.57142857142858,3102.857142857143,16.19601469003859,1055863.487836307
550.0,198.57142857142858,3268.571428571429,16.195656370091793,1055051.964073607
550.0,198.57142857142858,3434.2857142857147,16.195327264133564,1054097.5989146389
550.0,198.57142857142858,3600.0,16.195024138248584,1053040.4348254453
550.0,245.71428571428572,120.0,16.212786434831308,990591.4310530444
550.0,245.71428571428572,285.7142857142857,16.211823948931094,867017.6439617494
550.0,245.71428571428572,451.42857142857144,16.210498618466413,911097.4811072566
550.0,245.71428571428572,617.1428571428571,16.209020603800184,963515.5426897579
550.0,245.71428571428572,782.8571428571429,16.20752672343641,1007866.138432826
550.0,245.71428571428572,948.5714285714287,16.206097162109852,1042664.5271323378
550.0,245.71428571428572,1114.2857142857142,16.20477173202987,1069208.4284474878
550.0,245.71428571428572,1280.0,16.203564769508485,1089201.7327095969
550.0,245.71428571428572,1445.7142857142858,16.20247631242815,1104161.4494932292
550.0,245.71428571428572,1611.4285714285716,16.201499244524992,1115301.144150765
550.0,245.71428571428572,1777.1428571428573,16.200623441005636,1123552.0253116044
550.0,245.71428571428572,1942.857142857143,16.199838011525273,1129616.5846374135
550.0,245.71428571428572,2108.5714285714284,16.199132429253023,1134021.7780427528
550.0,245.71428571428572,2274.285714285714,16.198497039546403,1137162.9226051099
550.0,245.71428571428572,2440.0,16.197923237107005,1139337.507148881
550.0,245.71428571428572,2605.714285714286,16.197403474403572,1140770.4539861358
550.0,245.71428571428572,2771.4285714285716,16.196931190643863,1141632.746850058
550.0,245.71428571428572,2937.1428571428573,16.196500708981965,1142055.1075139144
550.0,245.71428571428572,3102.857142857143,16.196107126550444,1142138.0420279477
550.0,245.71428571428572,3268.571428571429,16.195746209282607,1141959.2441589958
550.0,245.71428571428572,3434.2857142857147,16.195414296714336,1141579.0775829228
550.0,245.71428571428572,3600.0,16.195108218414457,1141044.6585883023
550.0,292.8571428571429,120.0,16.21275998263189,1042840.0426153586
550.0,292.8571428571429,285.7142857142857,16.21179050708007,915606.5546192995
550.0,292.8571428571429,451.42857142857144,16.21047379603156,961709.1289420399
550.0,292.8571428571429,617.1428571428571,16.209013750776005,1017263.9827833798
550.0,292.8571428571429,782.8571428571429,16.20754170945282,1064791.4524865958
550.0,292.8571428571429,948.5714285714287,16.206134054294736,1102532.6410319863
550.0,292.8571428571429,1114.2857142857142,16.204828529563322,1131716.7849919081
550.0,292.8571428571429,1280.0,16.20363862425448,1154047.1593356037
550.0,292.8571428571429,1445.7142857142858,16.20256423344999,1171064.306545297
550.0,292.8571428571429,1611.4285714285716,16.201598446711383,1184012.762861863
550.0,292.8571428571429,1777.1428571428573,16.200731485231515,1193855.2320018648
550.0,292.8571428571429,1942.857142857143,16.19995283503224,1201323.4021898645
550.0,292.8571428571429,2108.5714285714284,16.199252324051933,1206970.1396433713
550.0,292.8571428571429,2274.285714285714,16.198620610088422,1211213.2348251431
550.0,292.8571428571429,2440.0,16.198049353003128,1214369.429380485
550.0,292.8571428571429,2605.714285714286,16.197531225514194,1216680.034132322
550.0,292.8571428571429,2771.4285714285716,16.197059847451523,1218329.9442445945
550.0,292.8571428571429,2937.1428571428573,16.196629688976813,1219461.68419317
550.0,292.8571428571429,3102.857142857143,16.196235966354497,1220185.783292915
550.0,292.8571428571429,3268.571428571429,16.19587454183961,1220588.463834255
550.0,292.8571428571429,3434.2857142857147,16.19554183276963,1220737.3647517767
550.0,292.8571428571429,3600.0,16.195234731542556,1220685.8268787584
550.0,340.0,120.0,16.21273670781143,1090790.9592968682
550.0,340.0,285.7142857142857,16.211762334630514,960690.2309992772
550.0,340.0,451.42857142857144,16.210455089999474,1008614.9042109712
550.0,340.0,617.1428571428571,16.209012844628727,1066997.7273006896
550.0,340.0,782.8571428571429,16.20756204070868,1117394.944380181
550.0,340.0,948.5714285714287,16.20617571304389,1157798.0172982244
550.0,340.0,1114.2857142857142,16.204889778686017,1189373.4519709197
550.0,340.0,1280.0,16.20371695975796,1213823.5971375755
550.0,340.0,1445.7142857142858,16.202656999034517,1232709.9545501375
550.0,340.0,1611.4285714285716,16.201703142455838,1247304.704225131
550.0,340.0,1777.1428571428573,16.20084589629729,1258598.6428339244
550.0,340.0,1942.857142857143,16.20007506448808,1267349.482902452
550.0,340.0,2108.5714285714284,16.199380779318265,1274133.1784720544
550.0,340.0,2274.285714285714,16.19875397002269,1279387.5476156762
550.0,340.0,2440.0,16.19818652948994,1283446.4979104602
550.0,340.0,2605.714285714286,16.19767132616514,1286565.9637955346
550.0,340.0,2771.4285714285716,16.19720214218663,1288943.2663729568
550.0,340.0,2937.1428571428573,16.196773581325147,1290731.4850542725
550.0,340.0,3102.857142857143,16.19638096939431,1292050.1245689779
550.0,340.0,3268.571428571429,16.19602025831073,1292993.0548753093
550.0,340.0,3434.2857142857147,16.19568793876864,1293634.4483165306
550.0,340.0,3600.0,16.195380963214976,1294033.2439741225
550.0,387.14285714285717,120.0,16.212715963911926,1135237.5950279362
550.0,387.14285714285717,285.7142857142857,16.211738098056355,1002972.8753586478
550.0,387.14285714285717,451.42857142857144,16.210440614905593,1052587.0078647367
550.0,387.14285714285717,617.1428571428571,16.209015599567216,1113568.7366592644
550.0,387.14285714285717,782.8571428571429,16.20758509045787,1166603.243725273
550.0,387.14285714285717,948.5714285714287,16.20621914997994,1209453.5685279085
550.0,387.14285714285717,1114.2857142857142,16.20495206976488,1243228.842436613
550.0,387.14285714285717,1280.0,16.20379587850911,1269630.7237540802
550.0,387.14285714285717,1445.7142857142858,16.20275016710075,1290239.9870061504
550.0,387.14285714285717,1611.4285714285716,16.201808304491585,1306354.0998592328
550.0,387.14285714285717,1777.1428571428573,16.200961037516073,1318989.4834058075
550.0,387.14285714285717,1942.857142857143,16.200198443686467,1328927.5445568375
550.0,387.14285714285717,2108.5714285714284,16.199510920377925,1336765.2357744325
550.0,387.14285714285717,2274.285714285714,16.198889635533455,1342958.5812987704
550.0,387.14285714285717,2440.0,16.198326688765658,1347857.0925781413
550.0,387.14285714285717,2605.714285714286,16.19781512360938,1351730.0006194026
550.0,387.14285714285717,2771.4285714285716,16.197348868599796,1354785.9307950623
550.0,387.14285714285717,2937.1428571428573,16.19692264902166,1357187.571532641
550.0,387.14285714285717,3102.857142857143,16.196531891164497,1359062.605580602
550.0,387.14285714285717,3268.571428571429,16.19617262989479,1360511.8777809315
550.0,387.14285714285717,3434.2857142857147,16.195841424381058,1361615.525248291
550.0,387.14285714285717,3600.0,16.195535283644343,1362437.6035791563
550.0,434.28571428571433,120.0,16.212697296849704,1176741.324894648
550.0,434.28571428571433,285.7142857142857,16.21171691096012,1042944.6710697144
550.0,434.28571428571433,451.42857142857144,16.2104291883362,1094159.6195367149
550.0,434.28571428571433,617.1428571428571,16.209020667564616,1157564.5968892833
550.0,434.28571428571433,782.8571428571429,16.20760939937474,1213054.4692251524
550.0,434.28571428571433,948.5714285714287,16.206262785440988,1258182.5833969768
550.0,434.28571428571433,1114.2857142857142,16.20501366141264,1294005.6678034898
550.0,434.28571428571433,1280.0,16.20387342752333,1322225.2269044581
550.0,434.28571428571433,1445.7142857142858,16.202841527757325,1344440.1740599857
550.0,434.28571428571433,1611.4285714285716,16.20191143054279,1361971.5305523914
550.0,434.28571428571433,1777.1428571428573,16.20107408951935,1375859.4793675218
550.0,434.28571428571433,1942.857142857143,16.200319821169476,1386907.3432645178
550.0,434.28571428571433,2108.5714285714284,16.19963925664749,1395731.4667124017
550.0,434.28571428571433,2274.285714285714,16.199023776029147,1402804.672336793
550.0,434.28571428571433,2440.0,16.198465663902592,1408490.8629200659
550.0,434.28571428571433,2605.714285714286,16.19795812149904,1413071.5319978942
550.0,434.28571428571433,2771.4285714285716,16.197495210054168,1416765.7321508077
550.0,434.28571428571433,2937.1428571428573,16.197071765703306,1419745.0187515044
550.0,434.28571428571433,3102.857142857143,16.196683306985417,1422144.6250535243
550.0,434.28571428571433,3268.571428571429,16.196325945423375,1424071.83973673
550.0,434.28571428571433,3434.2857142857147,16.195996303886993,1425612.314538153
550.0,434.28571428571433,3600.0,16.19569144438778,1426834.839135418
550.0,481.42857142857144,120.0,16.21268037334379,1215717.6141697185
550.0,481.42857142857144,285.7142857142857,16.21169815491239,1080962.749565322
550.0,481.42857142857144,451.42857142857144,16.210420029944437,1133719.7012507136
550.0,481.42857142857144,617.1428571428571,16.20902721469512,1199409.7758804855
550.0,481.42857142857144,782.8571428571429,16.20763412636708,1257208.9296290982
550.0,481.42857142857144,948.5714285714287,16.20630576751643,1304477.6031247238
550.0,481.42857142857144,1114.2857142857142,16.205073660979775,1342224.7445568496
550.0,481.42857142857144,1280.0,16.203948635372033,1372152.4114942139
550.0,481.42857142857144,1445.7142857142858,16.202929994751685,1395876.885340806
550.0,481.42857142857144,1611.4285714285716,16.20201128982803,1414741.4274477006
550.0,481.42857142857144,1777.1428571428573,16.201183654709943,1429808.5347658475
550.0,481.42857142857144,1942.857142857143,16.200437617170934,1441902.0473992776
550.0,481.42857142857144,2108.5714285714284,16.199764016690796,1451656.4301719891
550.0,481.42857142857144,2274.285714285714,16.19915442356025,1459560.1843878205
550.0,481.42857142857144,2440.0,16.19860128915756,1465990.6360845058
550.0,481.42857142857144,2605.714285714286,16.19809795765898,1471240.713048391
550.0,481.42857142857144,2771.4285714285716,16.197638611207747,1475539.1904391812
550.0,481.42857142857144,2937.1428571428573,16.197218187454265,1479065.8927431311
550.0,481.42857142857144,3102.857142857143,16.196832289849375,1481963.0968463118
550.0,481.42857142857144,3268.571428571429,16.19647710083779,1484344.1052329596
550.0,481.42857142857144,3434.2857142857147,16.196149302531644,1486299.7188499602
550.0,481.42857142857144,3600.0,16.195846006483887,1487903.1502785783
550.0,528.5714285714286,120.0,16.21266494029257,1252484.8737786699
550.0,528.5714285714286,285.7142857142857,16.21168138178136,1117296.6840169271
550.0,528.5714285714286,451.42857142857144,16.210412603670754,1171557.7896210302
550.0,528.5714285714286,617.1428571428571,16.209034706157684,1239422.144280787
550.0,528.5714285714286,782.8571428571429,16.207658776657752,1299410.8621646327
550.0,528.5714285714286,948.5714285714287,16.206347640371916,1348706.7059316337
550.0,528.5714285714286,1114.2857142857142,16.205131629231015,1388275.157135417
550.0,528.5714285714286,1280.0,16.204021049860504,1419819.6303605337
550.0,528.5714285714286,1445.7142857142858,16.203015074088295,1444973.253064816
550.0,528.5714285714286,1611.4285714285716,16.2021073219747,1465100.5094537353
550.0,528.5714285714286,1777.1428571428573,16.201289087064453,1481285.058042338
550.0,528.5714285714286,1942.857142857143,16.200551085850595,1494370.130477896
550.0,528.5714285714286,2108.5714285714284,16.199884345096926,1505007.2816804203
550.0,528.5714285714286,2274.285714285714,16.199280606981578,1513699.7805021382
550.0,528.5714285714286,2440.0,16.19873247430003,1520837.5858056445
550.0,528.5714285714286,2605.714285714286,16.198233421565966,1526724.3813899383
550.0,528.5714285714286,2771.4285714285716,16.197777741634578,1531598.0865149014
550.0,528.5714285714286,2937.1428571428573,16.19736046550034,1535646.302805521
550.0,528.5714285714286,3102.857142857143,16.196977275016707,1539017.9327182022
550.0,528.5714285714286,3268.571428571429,16.19662441838654,1541831.937091439
550.0,528.5714285714286,3434.2857142857147,16.196298632881316,1544183.9634190993
550.0,528.5714285714286,3600.0,16.195997076375992,1546151.3889278136
550.0,575.7142857142858,120.0,16.212650800165754,1287294.0553292525
550.0,575.7142857142858,285.7142857142857,16.211666256776113,1152155.8037548992
550.0,575.7142857142858,451.42857142857144,16.210406529142766,1207898.3643202682
550.0,575.7142857142858,617.1428571428571,16.209042789462618,1277846.7025785525
550.0,575.7142857142858,782.8571428571429,16.207683057818777,1339925.240744925
550.0,575.7142857142858,948.5714285714287,16.206388171790547,1391153.0151872423
550.0,575.7142857142858,1114.2857142857142,16.20518737702637,1432456.0821927264
550.0,575.7142857142858,1280.0,16.204090501562384,1465540.0710608778
550.0,575.7142857142858,1445.7142857142858,16.203096592761693,1492054.609492892
550.0,575.7142857142858,1611.4285714285716,16.202199330075743,1513384.603277689
550.0,575.7142857142858,1777.1428571428573,16.201390149358616,1530633.9377976847
550.0,575.7142857142858,1942.857142857143,16.200659937112775,1544664.3125594433
550.0,575.7142857142858,2108.5714285714284,16.199999889744024,1556143.522011247
550.0,575.7142857142858,2274.285714285714,16.19940190580536,1565588.847242373
550.0,575.7142857142858,2440.0,16.198858726381992,1573402.2226448809
550.0,575.7142857142858,2605.714285714286,16.198363945463797,1579897.5225698897
550.0,575.7142857142858,2771.4285714285716,16.197911957754496,1585321.3269859499
550.0,575.7142857142858,2937.1428571428573,16.197497880421093,1589868.6026898865
550.0,575.7142857142858,3102.857142857143,16.197117467947844,1593694.5269472534
550.0,575.7142857142858,3268.571428571429,16.19676702966603,1596923.4201658003
550.0,575.7142857142858,3434.2857142857147,16.196443354300744,1599655.5215178651
550.0,575.7142857142858,3600.0,16.196143643087304,1601972.1550235318
550.0,622.8571428571429,120.0,16.212637795313718,1320347.5316599046
550.0,622.8571428571429,285.7142857142857,16.211652523412383,1185706.4743803882
550.0,622.8571428571429,451.42857142857144,16.210401529132284,1242918.9853936688
550.0,622.8571428571429,617.1428571428571,16.209051227433903,1314876.795306312
550.0,622.8571428571429,782.8571428571429,16.20770679946167,1378960.9082367315
550.0,622.8571428571429,948.5714285714287,16.206427258887995,1432039.5209728314
550.0,622.8571428571429,1114.2857142857142,16.20524085555311,1475003.0662231972
550.0,622.8571428571429,1280.0,16.204156976984986,1509560.2732640468
550.0,622.8571428571429,1445.7142857142858,16.20317455359444,1537377.052359584
550.0,622.8571428571429,1611.4285714285716,16.202287316393292,1559858.091345473
550.0,622.8571428571429,1777.1428571428573,16.201486829370655,1578126.7325412724
550.0,622.8571428571429,1942.857142857143,16.200764133311846,1593062.373464934
550.0,622.8571428571429,2108.5714285714284,16.200110579291383,1605348.3348278468
550.0,622.8571428571429,2274.285714285714,16.199518208966012,1615515.2740829412
550.0,622.8571428571429,2440.0,16.198979890397073,1623976.5461917492
550.0,622.8571428571429,2605.714285714286,16.198489327622017,1631055.737508162
550.0,622.8571428571429,2771.4285714285716,16.198041009441837,1637007.6787760896
550.0,622.8571428571429,2937.1428571428573,16.197630132876053,1642034.3519519828
550.0,622.8571428571429,3102.857142857143,16.19725251991198,1646296.9105837774
550.0,622.8571428571429,3268.571428571429,16.19690453686052,1649924.779941334
550.0,622.8571428571429,3434.2857142857147,16.196583020548594,1653022.5732657884
550.0,622.8571428571429,3600.0,16.19628521286593,1655675.3750856388
550.0,670.0,120.0,16.21262579753909,1351811.6578087644
550.0,670.0,285.7142857142857,16.211639981007185,1218083.5031609263
550.0,670.0,451.42857142857144,16.2103973969787,1276762.8782756322
550.0,670.0,617.1428571428571,16.20905985806441,1350668.0372042232
550.0,670.0,782.8571428571429,16.207729906535576,1416685.748948523
550.0,670.0,948.5714285714287,16.206464874518037,1471545.3552416167
550.0,670.0,1114.2857142857142,16.20529209484088,1516105.2551494187
550.0,670.0,1280.0,16.20422054807654,1552078.1744214343
550.0,670.0,1445.7142857142858,16.203249054789413,1581146.1834464197
550.0,670.0,1611.4285714285716,16.202371391284956,1604733.2364998641
550.0,670.0,1777.1428571428573,16.201579237791904,1623981.4904538838
550.0,670.0,1942.857142857143,16.200863776000524,1639787.39070631
550.0,670.0,2108.5714285714284,16.200216498810107,1652849.1781980514
550.0,670.0,2274.285714285714,16.199629579519804,1663710.3444160437
550.0,670.0,2440.0,16.19909600333521,1672795.1902785627
550.0,670.0,2605.714285714286,16.19860957609755,1680436.6039854782
550.0,670.0,2771.4285714285716,16.198164873886128,1686897.31505348
550.0,670.0,2937.1428571428573,16.197757167977908,1692386.0195466066
550.0,670.0,3102.857142857143,16.197382343293665,1697069.5901301368
550.0,670.0,3268.571428571429,16.197036819400978,1701082.3372003052
550.0,670.0,3434.2857142857147,16.196717478198686,1704533.0600752614
550.0,670.0,3600.0,16.19642159976532,1707510.4426472413
550.0,717.1428571428572,120.0,16.21261470092385,1381825.4226866215
550.0,717.1428571428572,285.7142857142857,16.21162846969102,1249397.935825527
550.0,717.1428571428572,451.42857142857144,16.21039397563008,1309547.5073863354
550.0,717.1428571428572,617.1428571428571,16.20906856957631,1385347.7845560836
550.0,717.1428571428572,782.8571428571429,16.207752331243615,1453236.9991293023
550.0,717.1428571428572,948.5714285714287,16.206501035874208,1509816.8478222596
550.0,717.1428571428572,1114.2857142857142,16.205341168366612,1555917.0980164304
550.0,717.1428571428572,1280.0,16.204281332031186,1593255.3693341224
550.0,717.1428571428572,1445.7142857142858,16.203320244222695,1623529.8419292304
550.0,717.1428571428572,1611.4285714285716,16.202451721446973,1648183.3177188518
550.0,717.1428571428572,1777.1428571428573,16.201667550068724,1668376.2263795407
550.0,717.1428571428572,1942.857142857143,16.200959041184085,1685021.5059919993
550.0,717.1428571428572,2108.5714285714284,16.200317818396563,1698831.7970073442
550.0,717.1428571428572,2274.285714285714,16.19973617666588,1710362.9572318804
550.0,717.1428571428572,2440.0,16.199207209733142,1720049.8231587333
550.0,717.1428571428572,2605.714285714286,16.198724817987575,1728234.2294618443
550.0,717.1428571428572,2771.4285714285716,16.198283658753738,1735186.4989215683
550.0,717.1428571428572,2937.1428571428573,16.197879072589483,1741121.7800237192
550.0,717.1428571428572,3102.857142857143,16.197507003262228,1746212.440701886
550.0,717.1428571428572,3268.571428571429,16.197163920247522,1750597.4849606107
550.0,717.1428571428572,3434.2857142857147,16.196846747774266,1754389.7341418734
550.0,717.1428571428572,3600.0,16.196552801864488,1757681.3307103915
550.0,764.2857142857143,120.0,16.21260441675113,1410506.5847466695
550.0,764.2857142857143,285.7142857142857,16.21161786011757,1279742.5464130784
550.0,764.2857142857143,451.42857142857144,16.210391143729584,1341370.5933537742
550.0,764.2857142857143,617.1428571428571,16.209077284451027,1419021.771857428
550.0,764.2857142857143,782.8571428571429,16.207774055690418,1488728.4658743674
550.0,764.2857142857143,948.5714285714287,16.206535785669736,1546975.2645308503
550.0,764.2857142857143,1114.2857142857142,16.205388172287723,1594566.5377016074
550.0,764.2857142857143,1280.0,16.204339467987424,1633225.6905872545
550.0,764.2857142857143,1445.7142857142858,16.203388293068365,1664667.018110208
550.0,764.2857142857143,1611.4285714285716,16.202528500040277,1690351.82790642
550.0,764.2857142857143,1777.1428571428573,16.20175197273149,1711458.361422807
550.0,764.2857142857143,1942.857142857143,16.201050141669175,1728915.5707342662
550.0,764.2857142857143,2108.5714285714284,16.20041475145293,1743450.0440495028
550.0,764.2857142857143,2274.285714285714,16.19983820994428,1755629.5982386977
550.0,764.2857142857143,2440.0,16.199313711830687,1765899.2471372155
550.0,764.2857142857143,2605.714285714286,16.198835245624053,1774609.4610822562
550.0,764.2857142857143,2771.4285714285716,16.198397544527737,1782037.8884905374
550.0,764.2857142857143,2937.1428571428573,16.197996013933633,1788405.9007112568
550.0,764.2857142857143,3102.857142857143,16.19762665278695,1793891.1643302913
550.0,764.2857142857143,3268.571428571429,16.19728597745046,1798637.2085437367
550.0,764.2857142857143,3434.2857142857147,16.196970951997393,1802760.73229201
550.0,764.2857142857143,3600.0,16.196678926346955,1806357.2125340365
550.0,811.4285714285714,120.0,16.212594869820474,1437956.1332348085
550.0,811.4285714285714,285.7142857142857,16.211608046211655,1309195.8016328837
550.0,811.4285714285714,451.42857142857144,16.210388806127074,1372314.4448797682
550.0,811.4285714285714,617.1428571428571,16.209085948936565,1451778.882354926
550.0,811.4285714285714,782.8571428571429,16.207795080923038,1523255.7121574236
550.0,811.4285714285714,948.5714285714287,16.206569180671785,1583122.3631071614
550.0,811.4285714285714,1114.2857142857142,16.20543321312482,1632160.891153733
550.0,811.4285714285714,1280.0,16.20439510342189,1672101.3688709212
550.0,811.4285714285714,1445.7142857142858,16.20345338049167,1704674.2539946716
550.0,811.4285714285714,1611.4285714285716,16.202601929347907,1731359.0798723411
550.0,811.4285714285714,1777.1428571428573,16.201832723769545,1753351.5043450068
550.0,811.4285714285714,1942.857142857143,16.201137304992,1771596.0773208349
550.0,811.4285714285714,2108.5714285714284,16.200507530073374,1786832.9395411287
550.0,811.4285714285714,2274.285714285714,16.199935912039507,1799641.509346502
550.0,811.4285714285714,2440.0,16.19941573979245,1810476.6625964525
550.0,811.4285714285714,2605.714285714286,16.198941084244975,1819697.231211195
550.0,811.4285714285714,2771.4285714285716,16.198506749681613,1827587.9528897968
550.0,811.4285714285714,2937.1428571428573,16.19810820233719,1834376.218848451
550.0,811.4285714285714,3102.857142857143,16.197741493028616,1840244.8202569745
550.0,811.4285714285714,3268.571428571429,16.197403182272573,1845341.662239724
550.0,811.4285714285714,3434.2857142857147,16.19709027172785,1849787.1932058563
550.0,811.4285714285714,3600.0,16.196800143343058,1853680.1144244196
550.0,858.5714285714287,120.0,16.212585995716555,1464261.6026646248
550.0,858.5714285714287,285.7142857142857,16.211598939941187,1337824.7868318942
550.0,858.5714285714287,451.42857142857144,16.210386887255503,1402449.1466657505
550.0,858.5714285714287,617.1428571428571,16.20909452600033,1483694.6537011124
550.0,858.5714285714287,782.8571428571429,16.207815419888345,1556899.864204905
550.0,858.5714285714287,948.5714285714287,16.20660128464713,1618344.4714468322
550.0,858.5714285714287,1114.2857142857142,16.20547640044233,1668791.1651062057
550.0,858.5714285714287,1280.0,16.204448386234397,1709977.5543424543
550.0,858.5714285714287,1445.7142857142858,16.20351568482098,1743650.341540894
550.0,858.5714285714287,1611.4285714285716,16.20267221076881,1771307.056233088
550.0,858.5714285714287,1777.1428571428573,16.201910021245283,1794160.4313512226
550.0,858.5714285714287,1942.857142857143,16.201220760510882,1813170.2502067923
550.0,858.5714285714287,2108.5714285714284,16.200596390524506,1829089.8577448872
550.0,858.5714285714287,2274.285714285714,16.20002952259936,1842509.9574669753
550.0,858.5714285714287,2440.0,16.19951353384729,1853895.0076733057
550.0,858.5714285714287,2605.714285714286,16.19904257246022,1863611.9584183143
550.0,858.5714285714287,2771.4285714285716,16.198611509494697,1871952.4264464248
550.0,858.5714285714287,2937.1428571428573,16.198215868431312,1879149.6420566998
550.0,858.5714285714287,3102.857142857143,16.197851748968496,1885391.3658142958
550.0,858.5714285714287,3268.571428571429,16.197515753295868,1890829.74556644
550.0,858.5714285714287,3434.2857142857147,16.197204918599937,1895588.8647401235
550.0,858.5714285714287,3600.0,16.196916657150734,1899770.550407423
550.0,905.7142857142858,120.0,16.212577738746763,1489499.5821068396
550.0,905.7142857142858,285.7142857142857,16.211590467472686,1365687.4071427681
550.0,905.7142857142858,451.42857142857144,16.210385326411398,1431834.9510193598
550.0,905.7142857142858,617.1428571428571,16.20910299050535,1514833.904270534
550.0,905.7142857142858,782.8571428571429,16.207835092846828,1589730.4617627778
550.0,905.7142857142858,948.5714285714287,16.20663216400971,1652715.5395125344
550.0,905.7142857142858,1114.2857142857142,16.205517842540193,1704535.2852317628
550.0,905.7142857142858,1280.0,16.20449946023063,1746935.6996408934
550.0,905.7142857142858,1445.7142857142858,16.203575378574,1781679.8383417781
550.0,905.7142857142858,1611.4285714285716,16.202739539177145,1810283.0391205403
550.0,905.7142857142858,1777.1428571428573,16.20198407682204,1833974.8137146663
550.0,905.7142857142858,1942.857142857143,16.20130073198295,1853729.857671156
550.0,905.7142857142858,2108.5714285714284,16.200681564789445,1870314.411133285
550.0,905.7142857142858,2274.285714285714,16.200119278696196,1884330.1811371369
550.0,905.7142857142858,2440.0,16.19960733364104,1896250.9589086962
550.0,905.7142857142858,2605.714285714286,16.199139950488757,1906451.5949978796
550.0,905.7142857142858,2771.4285714285716,16.198712063180594,1915230.3969919777
550.0,905.7142857142858,2937.1428571428573,16.198319249187936,1922826.2722518467
550.0,905.7142857142858,3102.857142857143,16.197957654376683,1929431.8115162326
550.0,905.7142857142858,3268.571428571429,16.197623920350452,1935203.2857457697
550.0,905.7142857142858,3434.2857142857147,16.197315117943802,1940268.3105289321
550.0,905.7142857142858,3600.0,16.197028688182897,1944731.750142313
550.0,952.8571428571429,120.0,16.212570050358153,1513737.6466841141
550.0,952.8571428571429,285.7142857142857,16.21158256629417,1392834.071430477
550.0,952.8571428571429,451.42857142857144,16.210384074330392,1460524.102717784
550.0,952.8571428571429,617.1428571428571,16.209111325853822,1545252.7344489265
550.0,952.8571428571429,782.8571428571429,16.207854124357976,1621807.6284966427
550.0,952.8571428571429,948.5714285714287,16.20666188515048,1686299.462425815
550.0,952.8571428571429,1114.2857142857142,16.205557643984054,1739460.5537611176
550.0,952.8571428571429,1280.0,16.204548462656167,1783046.1345438652
550.0,952.8571428571429,1445.7142857142858,16.20363262580094,1818835.7434250747
550.0,952.8571428571429,1611.4285714285716,16.202804099906267,1848362.3731136704
550.0,952.8571428571429,1777.1428571428573,16.202055092254913,1872872.0557045676
550.0,952.8571428571429,1942.857142857143,16.201377433461257,1893354.1143391342
550.0,952.8571428571429,2108.5714285714284,16.200763275800036,1910587.4086402326
550.0,952.8571428571429,2274.285714285714,16.200205409347287,1925184.396965138
550.0,952.8571428571429,2440.0,16.199697372017106,1937627.9794870673
550.0,952.8571428571429,2605.714285714286,16.199233453186263,1948300.7115608922
550.0,952.8571428571429,2771.4285714285716,16.19880864615968,1957507.4221740728
550.0,952.8571428571429,2937.1428571428573,16.198418579443288,1965492.5497206787
550.0,952.8571428571429,3102.857142857143,16.19805944259869,1972453.389515172
550.0,952.8571428571429,3268.571428571429,16.197727914580504,1978550.2276351796
550.0,952.8571428571429,3434.2857142857147,16.197421098149878,1983914.1188879833
550.0,952.8571428571429,3600.0,16.197136461651418,1988652.8846367714
550.0,1000.0,120.0,16.212562887904593,1537035.866391522
550.0,1000.0,285.7142857142857,16.21157518302803,1419308.999934704
550.0,1000.0,451.42857142857144,16.21038309066196,1488562.2525471933
550.0,1000.0,617.1428571428571,16.209119521618167,1575000.0748574361
550.0,1000.0,782.8571428571429,16.207872541288257,1653183.749885117
550.0,1000.0,948.5714285714287,16.20669051282805,1719151.8757460772
550.0,1000.0,1114.2857142857142,16.205595904267224,1773625.5484049025
550.0,1000.0,1280.0,16.20459552297559,1818370.055242569
550.0,1000.0,1445.7142857142858,16.203687580826088,1855181.564770214
550.0,1000.0,1611.4285714285716,16.202866067317423,1885610.600298649
550.0,1000.0,1777.1428571428573,16.20212325767688,1910919.4879066932
550.0,1000.0,1942.857142857143,16.201451067214357,1932111.9247921929
550.0,1000.0,2108.5714285714284,16.20084173492868,1949979.142755682
550.0,1000.0,2274.285714285714,16.200288132536386,1965144.1244154808
550.0,1000.0,2440.0,16.199783871540376,1978098.676782178
550.0,1000.0,2605.714285714286,16.199323306055742,1989232.8831434064
550.0,1000.0,2771.4285714285716,16.198901485549822,1998857.9405464039
550.0,1000.0,2937.1428571428573,16.198514086868734,2007223.6861311307
550.0,1000.0,3102.857142857143,16.1981573410115,2014532.0059076243
550.0,1000.0,3268.571428571429,16.197827962394193,2020947.103071957
550.0,1000.0,3434.2857142857147,16.197523084123887,2026603.387250414
550.0,1000.0,3600.0,16.19724020054012,2031611.564089505
585.7142857142858,10.0,120.0,16.213003663453396,626366.9060578282
585.7142857142858,10.0,285.7142857142857,16.212190529423584,520863.05405393447
585.7142857142858,10.0,451.42857142857144,16.210941924937806,535749.529799362
585.7142857142858,10.0,617.1428571428571,16.209499034053987,552690.6269400379
585.7142857142858,10.0,782.8571428571429,16.208038729939876,562894.6542417234
585.7142857142858,10.0,948.5714285714287,16.20666797379364,566749.6268415397
585.7142857142858,10.0,1114.2857142857142,16.20543618986352,565980.8050892674
585.7142857142858,10.0,1280.0,16.20435600181079,562194.9753219475
585.7142857142858,10.0,1445.7142857142858,16.2034206398823,556598.6162384943
585.7142857142858,10.0,1611.4285714285716,16.20261501810528,550021.7512080327
585.7142857142858,10.0,1777.1428571428573,16.201921770580515,543008.3146703233
585.7142857142858,10.0,1942.857142857143,16.201324153541496,535902.4537396205
585.7142857142858,10.0,2108.5714285714284,16.20080722782264,528914.553620236
585.7142857142858,10.0,2274.285714285714,16.200358177707194,522167.5777643109
585.7142857142858,10.0,2440.0,16.199966234509162,515728.28220821405
585.7142857142858,10.0,2605.714285714286,16.199622444757292,509627.7994996498
585.7142857142858,10.0,2771.4285714285716,16.19931939860655,503875.0565658102
585.7142857142858,10.0,2937.1428571428573,16.199050969888443,498465.46056134166
585.7142857142858,10.0,3102.857142857143,16.19881208740135,493386.49122648995
585.7142857142858,10.0,3268.571428571429,16.198598542047165,488621.2799885059
585.7142857142858,10.0,3434.2857142857147,16.198406827886615,484150.88108560635
585.7142857142858,10.0,3600.0,16.19823401277273,479955.6935084162
585.7142857142858,57.142857142857146,120.0,16.212895118675725,789048.971191363
585.7142857142858,57.142857142857146,285.7142857142857,16.21195867949311,673565.128246343
585.7142857142858,57.142857142857146,451.42857142857144,16.210570695295928,702597.7320569098
585.7142857142858,57.142857142857146,617.1428571428571,16.20897780312279,735723.9817185289
585.7142857142858,57.142857142857146,782.8571428571429,16.207354631378173,760843.739996784
585.7142857142858,57.142857142857146,948.5714285714287,16.205807402994637,777686.7769531978
585.7142857142858,57.142857142857146,1114.2857142857142,16.204388484602873,787942.3496387011
585.7142857142858,57.142857142857146,1280.0,16.20311542104102,793384.5995696872
585.7142857142858,57.142857142857146,1445.7142857142858,16.201986476148605,795453.3260550735
585.7142857142858,57.142857142857146,1611.4285714285716,16.200990709383127,795219.2406520201
585.7142857142858,57.142857142857146,1777.1428571428573,16.20011372894502,793448.191374289
585.7142857142858,57.142857142857146,1942.857142857143,16.199340684917228,790677.5153781472
585.7142857142858,57.142857142857146,2108.5714285714284,16.19865767585905,787280.3657234452
585.7142857142858,57.142857142857146,2274.285714285714,16.19805230259436,783514.2337170277
585.7142857142858,57.142857142857146,2440.0,16.197513790133318,779555.8463900174
585.7142857142858,57.142857142857146,2605.714285714286,16.19703290713864,775525.7165586235
585.7142857142858,57.142857142857146,2771.4285714285716,16.196601803075552,771505.2474875031
585.7142857142858,57.142857142857146,2937.1428571428573,16.19621382330264,767548.6135669389
585.7142857142858,57.142857142857146,3102.857142857143,16.195863330465297,763691.0168180285
585.7142857142858,57.142857142857146,3268.571428571429,16.195545544016774,759954.4388103243
585.7142857142858,57.142857142857146,3434.2857142857147,16.195256401407953,756351.6611648705
585.7142857142858,57.142857142857146,3600.0,16.194992440561624,752889.0858996918
585.7142857142858,104.28571428571429,120.0,16.21283604273748,887904.086948539
585.7142857142858,104.28571428571429,285.7142857142857,16.21185914374282,764997.9836319606
585.7142857142858,104.28571428571429,451.42857142857144,16.210449623560223,800123.1409350306
585.7142857142858,104.28571428571429,617.1428571428571,16.208848050400107,841154.4094253255
585.7142857142858,104.28571428571429,782.8571428571429,16.207219593572315,873917.0236747876
585.7142857142858,104.28571428571429,948.5714285714287,16.20566359204713,897655.4578713013
585.7142857142858,104.28571428571429,1114.2857142857142,16.204229377785033,913960.6469706747
585.7142857142858,104.28571428571429,1280.0,16.202934169059564,924638.5214108689
585.7142857142858,104.28571428571429,1445.7142857142858,16.201777255906332,931208.2452686816
585.7142857142858,104.28571428571429,1611.4285714285716,16.200749171012873,934833.4795230338
585.7142857142858,104.28571428571429,1777.1428571428573,16.199836972727734,936371.3179402531
585.7142857142858,104.28571428571429,1942.857142857143,16.199027045210567,936442.0614986407
585.7142857142858,104.28571428571429,2108.5714285714284,16.19830645744621,935491.3077642617
585.7142857142858,104.28571428571429,2274.285714285714,16.197663534558934,933838.3704810165
585.7142857142858,104.28571428571429,2440.0,16.197088020211027,931712.0426089466
585.7142857142858,104.28571428571429,2605.714285714286,16.196571039788793,929276.3691605097
585.7142857142858,104.28571428571429,2771.4285714285716,16.196104976546945,926649.0251419639
585.7142857142858,104.28571428571429,2937.1428571428573,16.195683318622997,923914.3784637668
585.7142857142858,104.28571428571429,3102.857142857143,16.195300505377183,921132.7831404269
585.7142857142858,104.28571428571429,3268.571428571429,16.19495178586861,918347.2116542513
585.7142857142858,104.28571428571429,3434.2857142857147,16.194633094188053,915588.0092958771
585.7142857142858,104.28571428571429,3600.0,16.194340942350735,912876.3194221528
585.7142857142858,151.42857142857144,120.0,16.21279284998752,965840.0708332296
585.7142857142858,151.42857142857144,285.7142857142857,16.211795306140214,837311.0665285746
585.7142857142858,151.42857142857144,451.42857142857144,16.210386189845266,876490.739709891
585.7142857142858,151.42857142857144,617.1428571428571,16.208798472111795,923133.8924248696
585.7142857142858,151.42857142857144,782.8571428571429,16.20718861668475,961434.0865091584
585.7142857142858,151.42857142857144,948.5714285714287,16.20564972335397,990234.5463274056
585.7142857142858,151.42857142857144,1114.2857142857142,16.204228002343097,1011032.3266832238
585.7142857142858,151.42857142857144,1280.0,16.202939764157385,1025643.0039045484
585.7142857142858,151.42857142857144,1445.7142857142858,16.201784591214675,1035633.6307810814
585.7142857142858,151.42857142857144,1611.4285714285716,16.200753815440564,1042227.7311747099
585.7142857142858,151.42857142857144,1777.1428571428573,16.199835417069185,1046342.6439699443
585.7142857142858,151.42857142857144,1942.857142857143,16.199016643339665,1048654.2828678016
585.7142857142858,151.42857142857144,2108.5714285714284,16.19828529876692,1049657.3927760378
585.7142857142858,151.42857142857144,2274.285714285714,16.197630303566264,1049713.6845232963
585.7142857142858,151.42857142857144,2440.0,16.197041867538076,1049088.0266997619
585.7142857142858,151.42857142857144,2605.714285714286,16.19651147314123,1047974.9304512583
585.7142857142858,151.42857142857144,2771.4285714285716,16.196031772478246,1046517.7056562412
585.7142857142858,151.42857142857144,2937.1428571428573,16.195596453036675,1044822.2654635847
585.7142857142858,151.42857142857144,3102.857142857143,16.19520009969316,1042967.0816646328
585.7142857142858,151.42857142857144,3268.571428571429,16.194838065790254,1041010.3875785636
585.7142857142858,151.42857142857144,3434.2857142857147,16.19450635837518,1038995.4138447398
585.7142857142858,151.42857142857144,3600.0,16.194201538771246,1036954.2150016204
585.7142857142858,198.57142857142858,120.0,16.212758365845506,1032020.7759194502
585.7142857142858,198.57142857142858,285.7142857142857,16.211748790746423,899247.2849108592
585.7142857142858,198.57142857142858,451.42857142857144,16.21034752961958,941554.0917603935
585.7142857142858,198.57142857142858,617.1428571428571,16.20877983246914,992678.9078964232
585.7142857142858,198.57142857142858,782.8571428571429,16.207194565365256,1035450.0440374003
585.7142857142858,198.57142857142858,948.5714285714287,16.20567948151505,1068365.1727469882
585.7142857142858,198.57142857142858,1114.2857142857142,16.20427801112128,1092836.288961725
585.7142857142858,198.57142857142858,1280.0,16.203005498299188,1110681.6671355667
585.7142857142858,198.57142857142858,1445.7142857142858,16.201861571363082,1123503.3865322017
585.7142857142858,198.57142857142858,1611.4285714285716,16.200838070375156,1132570.3436240482
585.7142857142858,198.57142857142858,1777.1428571428573,16.199923633173746,1138846.059747795
585.7142857142858,198.57142857142858,1942.857142857143,16.199106158410622,1143049.3518396264
585.7142857142858,198.57142857142858,2108.5714285714284,16.19837402963785,1145713.0746759872
585.7142857142858,198.57142857142858,2274.285714285714,16.197716653753186,1147231.9753499888
585.7142857142858,198.57142857142858,2440.0,16.197124636588985,1147899.1714055357
585.7142857142858,198.57142857142858,2605.714285714286,16.19658977648528,1147933.1500444463
585.7142857142858,198.57142857142858,2771.4285714285716,16.196104974226223,1147497.4977044333
585.7142857142858,198.57142857142858,2937.1428571428573,16.195664111310112,1146715.256561099
585.7142857142858,198.57142857142858,3102.857142857143,16.19526192293818,1145679.376295976
585.7142857142858,198.57142857142858,3268.571428571429,16.194893878250564,1144460.3472835333
585.7142857142858,198.57142857142858,3434.2857142857147,16.194556072988227,1143111.8015314317
585.7142857142858,198.57142857142858,3600.0,16.194245135980175,1141674.6452419579
585.7142857142858,245.71428571428572,120.0,16.212729576881674,1090313.561598653
585.7142857142858,245.71428571428572,285.7142857142857,16.21171253369151,954415.238961388
585.7142857142858,245.71428571428572,451.42857142857144,16.21032204057643,999338.9417611734
585.7142857142858,245.71428571428572,617.1428571428571,16.208775866861572,1054269.3015895516
585.7142857142858,245.71428571428572,782.8571428571429,16.207216250718012,1100858.34338157
585.7142857142858,245.71428571428572,948.5714285714287,16.205726356945835,1137299.7908139345
585.7142857142858,245.71428571428572,1114.2857142857142,16.204347188234514,1164929.2686732574
585.7142857142858,245.71428571428572,1280.0,16.203093176686323,1185565.3950279418
585.7142857142858,245.71428571428572,1445.7142857142858,16.20196389673186,1200838.6797606356
585.7142857142858,245.71428571428572,1611.4285714285716,16.200951542104104,1212055.434971528
585.7142857142858,245.71428571428572,1777.1428571428573,16.20004525220626,1220217.4125353466
585.7142857142858,245.71428571428572,1942.857142857143,16.199233442250588,1226079.0148836095
585.7142857142858,245.71428571428572,2108.5714285714284,16.19850496758514,1230204.7643649746
585.7142857142858,245.71428571428572,2274.285714285714,16.1978496410198,1233016.917279537
585.7142857142858,245.71428571428572,2440.0,16.197258406132043,1234832.1706800736
585.7142857142858,245.71428571428572,2605.714285714286,16.196723336774987,1235889.0781996693
585.7142857142858,245.71428571428572,2771.4285714285716,16.19623755578355,1236368.245229715
585.7142857142858,245.71428571428572,2937.1428571428573,16.195795122291198,1236407.1343429177
585.7142857142858,245.71428571428572,3102.857142857143,16.19539091294819,1236110.9214838794
585.7142857142858,245.71428571428572,3268.571428571429,16.195020509202138,1235560.4804257553
585.7142857142858,245.71428571428572,3434.2857142857147,16.194680095791703,1234818.2824563095
585.7142857142858,245.71428571428572,3600.0,16.194366371968584,1233932.7798833912
585.7142857142858,292.8571428571429,120.0,16.2127048792724,1142791.4107289533
585.7142857142858,292.8571428571429,285.7142857142857,16.211683051170304,1004711.8769360437
585.7142857142858,292.8571428571429,451.42857142857144,16.210304423055973,1051943.4831054127
585.7142857142858,292.8571428571429,617.1428571428571,16.20877962064762,1110230.4549421207
585.7142857142858,292.8571428571429,782.8571428571429,16.20724505264702,1160194.4747843286
585.7142857142858,292.8571428571429,948.5714285714287,16.205779905945406,1199758.5122629486
585.7142857142858,292.8571428571429,1114.2857142857142,16.204423059458918,1230189.7347104896
585.7142857142858,292.8571428571429,1280.0,16.203188111817617,1253306.5715630222
585.7142857142858,292.8571428571429,1445.7142857142858,16.20207454057052,1270764.1583805862
585.7142857142858,292.8571428571429,1611.4285714285716,16.201074800837656,1283901.2853020625
585.7142857142858,292.8571428571429,1777.1428571428573,16.200178431919536,1293752.865647507
585.7142857142858,292.8571428571429,1942.857142857143,16.19937427296491,1301104.1514790936
585.7142857142858,292.8571428571429,2108.5714285714284,16.198651574061305,1306547.1184223136
585.7142857142858,292.8571428571429,2274.285714285714,16.198000493153092,1310527.88462456
585.7142857142858,292.8571428571429,2440.0,16.197412265327365,1313383.621386204
585.7142857142858,292.8571428571429,2605.714285714286,16.19687920576099,1315370.330300288
585.7142857142858,292.8571428571429,2771.4285714285716,16.196394634711353,1316683.4392997252
585.7142857142858,292.8571428571429,2937.1428571428573,16.195952771706544,1317472.993377919
585.7142857142858,292.8571428571429,3102.857142857143,16.195548623210247,1317854.8574245407
585.7142857142858,292.8571428571429,3268.571428571429,16.19517787553594,1317919.0016800377
585.7142857142858,292.8571428571429,3434.2857142857147,16.194836798080406,1317735.6575072145
585.7142857142858,292.8571428571429,3600.0,16.194522158446958,1317359.9161823124
585.7142857142858,340.0,120.0,16.212683300204237,1190722.5940600839
585.7142857142858,340.0,285.7142857142857,16.211658368077586,1051277.2904665356
585.7142857142858,340.0,451.42857142857144,16.210291879890676,1100619.3720113824
585.7142857142858,340.0,617.1428571428571,16.208787665532526,1161944.5398196834
585.7142857142858,340.0,782.8571428571429,16.20727695810784,1214962.8909441654
585.7142857142858,340.0,948.5714285714287,16.205835457809513,1257354.2685848505
585.7142857142858,340.0,1114.2857142857142,16.204500172503785,1290324.4998645151
585.7142857142858,340.0,1280.0,16.203283945797143,1315692.1243130986
585.7142857142858,340.0,1445.7142857142858,16.20218614050024,1335134.551427524
585.7142857142858,340.0,1611.4285714285716,16.201199413450748,1350019.7391380623
585.7142857142858,340.0,1777.1428571428573,16.200313633061228,1361412.27411992
585.7142857142858,340.0,1942.857142857143,16.19951799530727,1370124.9551297063
585.7142857142858,340.0,2108.5714285714284,16.19880208739677,1376774.2452693006
585.7142857142858,340.0,2274.285714285714,16.198156365569588,1381827.5394784685
585.7142857142858,340.0,2440.0,16.197572319628186,1385640.2690020415
585.7142857142858,340.0,2605.714285714286,16.197042477852566,1388484.0058490878
585.7142857142858,340.0,2771.4285714285716,16.196560336681486,1390567.4174122452
585.7142857142858,340.0,2937.1428571428573,16.196120260320264,1392051.7998325187
585.7142857142858,340.0,3102.857142857143,16.195717373621722,1393062.5881617616
585.7142857142858,340.0,3268.571428571429,16.195347459636924,1393697.9082452112
585.7142857142858,340.0,3434.2857142857147,16.19500686680014,1394034.9590041328
585.7142857142858,340.0,3600.0,16.194692427339564,1394134.801624727
585.7142857142858,387.14285714285717,120.0,16.21266419763237,1234952.3094105267
585.7142857142858,387.14285714285717,285.7142857142857,16.211637257912543,1094858.7121878534
585.7142857142858,387.14285714285717,451.42857142857144,16.21028278813806,1146181.502049969
585.7142857142858,387.14285714285717,617.1428571428571,16.20879815132334,1210308.4856221885
585.7142857142858,387.14285714285717,782.8571428571429,16.207309944475693,1266138.2743498867
585.7142857142858,387.14285714285717,948.5714285714287,16.20589078053324,1311131.2645783743
585.7142857142858,387.14285714285717,1114.2857142857142,16.204576005861536,1346438.3633873104
585.7142857142858,387.14285714285717,1280.0,16.203377780604562,1373878.927716915
585.7142857142858,387.14285714285717,1445.7142857142858,16.202295347011898,1395151.1269027377
585.7142857142858,387.14285714285717,1611.4285714285716,16.201321522787694,1411649.7462310984
585.7142857142858,387.14285714285717,1777.1428571428573,16.200446453745645,1424466.5144451181
585.7142857142858,387.14285714285717,1942.857142857143,16.19965964208887,1434439.3499515557
585.7142857142858,387.14285714285717,2108.5714285714284,16.19895096766187,1442207.006680347
585.7142857142858,387.14285714285717,2274.285714285714,16.198311148047395,1448256.2302191881
585.7142857142858,387.14285714285717,2440.0,16.197731898089252,1452959.0535370465
585.7142857142858,387.14285714285717,2605.714285714286,16.19720593586209,1456601.2066818152
585.7142857142858,387.14285714285717,2771.4285714285716,16.196726915963062,1459403.4006568429
585.7142857142858,387.14285714285717,2937.1428571428573,16.19628933351034,1461537.173137852
585.7142857142858,387.14285714285717,3102.857142857143,16.195888421349903,1463136.6776599148
585.7142857142858,387.14285714285717,3268.571428571429,16.195520051507113,1464307.4768177422
585.7142857142858,387.14285714285717,3434.2857142857147,16.1951806457318,1465133.1294297196
585.7142857142858,387.14285714285717,3600.0,16.194867096729045,1465680.1518201693
585.7142857142858,434.28571428571433,120.0,16.212647121848633,1276078.8041033281
585.7142857142858,434.28571428571433,285.7142857142857,16.211618908061553,1135976.7475307048
585.7142857142858,434.28571428571433,451.42857142857144,16.210276140393173,1189194.1803678777
585.7142857142858,434.28571428571433,617.1428571428571,16.208810015910764,1255941.553706114
585.7142857142858,434.28571428571433,782.8571428571429,16.207342945355347,1314392.526481336
585.7142857142858,434.28571428571433,948.5714285714287,16.205944783424584,1361808.7875182373
585.7142857142858,434.28571428571433,1114.2857142857142,16.20464938973801,1399292.1546027297
585.7142857142858,434.28571428571433,1280.0,16.20346830427821,1428663.716692427
585.7142857142858,434.28571428571433,1445.7142857142858,16.202400648911432,1451641.4076627363
585.7142857142858,434.28571428571433,1611.4285714285716,16.201439372994656,1469645.1204795302
585.7142857142858,434.28571428571433,1777.1428571428573,16.20057486055847,1483791.8157305561
585.7142857142858,434.28571428571433,1942.857142857143,16.19979688068652,1494942.6779037968
585.7142857142858,434.28571428571433,2108.5714285714284,16.199095570619903,1503757.0620186264
585.7142857142858,434.28571428571433,2274.285714285714,16.19846187952447,1510739.5748673517
585.7142857142858,434.28571428571433,2440.0,16.197887722996203,1516277.5633604415
585.7142857142858,434.28571428571433,2605.714285714286,16.197365989498557,1520669.8145708106
585.7142857142858,434.28571428571433,2771.4285714285716,16.1968904765013,1524148.147652806
585.7142857142858,434.28571428571433,2937.1428571428573,16.196455798116666,1526893.5494607836
585.7142857142858,434.28571428571433,3102.857142857143,16.196057285964155,1529048.221521852
585.7142857142858,434.28571428571433,3268.571428571429,16.195690893961935,1530724.595557614
585.7142857142858,434.28571428571433,3434.2857142857147,16.195353111774775,1532012.1090683818
585.7142857142858,434.28571428571433,3600.0,16.19504088849914,1532982.3247111135
585.7142857142858,481.42857142857144,120.0,16.21263174357643,1314545.0021302039
585.7142857142858,481.42857142857144,285.7142857142857,16.21160275324332,1175011.0222251532
585.7142857142858,481.42857142857144,451.42857142857144,16.210271278720224,1230066.600186049
585.7142857142858,481.42857142857144,617.1428571428571,16.208822622645567,1299291.545326876
585.7142857142858,481.42857142857144,782.8571428571429,16.207375388602323,1360210.799906176
585.7142857142858,481.42857142857144,948.5714285714287,16.205996947467135,1409905.8125619302
585.7142857142858,481.42857142857144,1114.2857142857142,16.20471981909846,1449434.6468127077
585.7142857142858,481.42857142857144,1280.0,16.20355497873456,1480621.1419777502
585.7142857142858,481.42857142857144,1445.7142857142858,16.202501431051434,1505202.340151485
585.7142857142858,481.42857142857144,1611.4285714285716,16.20155223543413,1524621.941511212
585.7142857142858,481.42857142857144,1777.1428571428573,16.200697983568976,1540020.6531681311
585.7142857142858,481.42857142857144,1942.857142857143,16.19992868005942,1552281.4674779652
585.7142857142858,481.42857142857144,2108.5714285714284,16.19923469102968,1562083.0022559857
585.7142857142858,481.42857142857144,2274.285714285714,16.19860717283351,1569946.5402671106
585.7142857142858,481.42857142857144,2440.0,16.198038221656464,1576273.7137406238
585.7142857142858,481.42857142857144,2605.714285714286,16.197520880033267,1581375.4844673835
585.7142857142858,481.42857142857144,2771.4285714285716,16.19704907527657,1585494.027896205
585.7142857142858,481.42857142857144,2937.1428571428573,16.196617530180927,1588819.1414610553
585.7142857142858,481.42857142857144,3102.857142857143,16.19622166703006,1591500.5328814404
585.7142857142858,481.42857142857144,3268.571428571429,16.195857515288733,1593657.043175968
585.7142857142858,481.42857142857144,3434.2857142857147,16.195521627591454,1595383.597747513
585.7142857142858,481.42857142857144,3600.0,16.19521100558893,1596756.4728246846
585.7142857142858,528.5714285714286,120.0,16.21261781326719,1350690.4815899313
585.7142857142858,528.5714285714286,285.7142857142857,16.211588384950808,1212248.329991825
585.7142857142858,528.5714285714286,451.42857142857144,16.210267755980535,1269106.278863852
585.7142857142858,528.5714285714286,617.1428571428571,16.208835578306186,1340694.124252565
585.7142857142858,528.5714285714286,782.8571428571429,16.207406971090872,1403956.2475545343
585.7142857142858,528.5714285714286,948.5714285714287,16.2060470529255,1455810.5173653902
585.7142857142858,528.5714285714286,1114.2857142857142,16.204787128660307,1497276.1591058627
585.7142857142858,528.5714285714286,1280.0,16.203637657206404,1530180.8283550944
585.7142857142858,528.5714285714286,1445.7142857142858,16.20259753070611,1556280.2499110722
585.7142857142858,528.5714285714286,1611.4285714285716,16.201659902109185,1577040.9258565647
585.7142857142858,528.5714285714286,1777.1428571428573,16.200815546358466,1593626.127370586
585.7142857142858,528.5714285714286,1942.857142857143,16.200054678072668,1606939.4802183565
585.7142857142858,528.5714285714286,2108.5714285714284,16.19936786877857,1617677.7802091916
585.7142857142858,528.5714285714286,2274.285714285714,16.198746461714023,1626378.0211721573
585.7142857142858,528.5714285714286,2440.0,16.198182716703048,1633455.2804169923
585.7142857142858,528.5714285714286,2605.714285714286,16.19766981649331,1639231.9716679847
585.7142857142858,528.5714285714286,2771.4285714285716,16.197201807056874,1643960.009166616
585.7142857142858,528.5714285714286,2937.1428571428573,16.196773510919794,1647837.4751952451
585.7142857142858,528.5714285714286,3102.857142857143,16.19638043390455,1651021.1366224112
585.7142857142858,528.5714285714286,3268.571428571429,16.196018675370826,1653635.863538419
585.7142857142858,528.5714285714286,3434.2857142857147,16.19568484645214,1655781.7454504769
585.7142857142858,528.5714285714286,3600.0,16.19537599782508,1657539.4958810857
585.7142857142858,575.7142857142858,120.0,16.21260513650372,1384782.964035762
585.7142857142858,575.7142857142858,285.7142857142857,16.211575498767274,1247911.5547448036
585.7142857142858,575.7142857142858,451.42857142857144,16.21026525840057,1306551.0287114785
585.7142857142858,575.7142857142858,617.1428571428571,16.208848635300367,1380408.2384567421
585.7142857142858,575.7142857142858,782.8571428571429,16.20743754149602,1445908.649262256
585.7142857142858,575.7142857142858,948.5714285714287,16.206095040682616,1499821.7383107666
585.7142857142858,575.7142857142858,1114.2857142857142,16.204851329518874,1543132.4523056087
585.7142857142858,575.7142857142858,1280.0,16.203716392962512,1577673.34493315
585.7142857142858,575.7142857142858,1445.7142857142858,16.202689015909172,1605218.5605264588
585.7142857142858,575.7142857142858,1611.4285714285716,16.201762432042862,1627256.612651077
585.7142857142858,575.7142857142858,1777.1428571428573,16.200927579703013,1644972.3771957196
585.7142857142858,575.7142857142858,1942.857142857143,16.20017486243012,1659289.1492228385
585.7142857142858,575.7142857142858,2108.5714285714284,16.199495037527733,1670921.0064758786
585.7142857142858,575.7142857142858,2274.285714285714,16.198879617996294,1680419.8535749654
585.7142857142858,575.7142857142858,2440.0,16.19832101288484,1688213.513889201
585.7142857142858,575.7142857142858,2605.714285714286,16.197812533272824,1694635.2502269237
585.7142857142858,575.7142857142858,2771.4285714285716,16.197348334122264,1699946.1994172228
585.7142857142858,575.7142857142858,2937.1428571428573,16.1969233298827,1704352.2881865439
585.7142857142858,575.7142857142858,3102.857142857143,16.196533103640572,1708016.967332017
585.7142857142858,575.7142857142858,3268.571428571429,16.196173819622402,1711070.816283145
585.7142857142858,575.7142857142858,3434.2857142857147,16.19584214343879,1713618.8158808057
585.7142857142858,575.7142857142858,3600.0,16.195535171578666,1715745.8837993285
585.7142857142858,622.8571428571429,120.0,16.212593558352005,1417038.4061704096
585.7142857142858,622.8571428571429,285.7142857142857,16.211563862030328,1282177.9766750417
585.7142857142858,622.8571428571429,451.42857142857144,16.210263559908395,1342589.1166220158
585.7142857142858,622.8571428571429,617.1428571428571,16.208861636246848,1418638.4144151567
585.7142857142858,622.8571428571429,782.8571428571429,16.20746703616189,1486288.7015079847
585.7142857142858,622.8571428571429,948.5714285714287,16.206140938302767,1542175.0306530902
585.7142857142858,622.8571428571429,1114.2857142857142,16.204912523349027,1587252.3225079675
585.7142857142858,622.8571428571429,1280.0,16.2037913395165,1623359.1084905206
585.7142857142858,622.8571428571429,1445.7142857142858,16.20277606991697,1652287.8065074647
585.7142857142858,622.8571428571429,1611.4285714285716,16.201860018769423,1675548.3119567
585.7142857142858,622.8571428571429,1777.1428571428573,16.201034271379616,1694346.314908483
585.7142857142858,622.8571428571429,1942.857142857143,16.200289402514358,1709623.9757287449
585.7142857142858,622.8571428571429,2108.5714285714284,16.19961633863995,1722111.9022815095
585.7142857142858,622.8571428571429,2274.285714285714,16.199006747916126,1732376.2359287906
585.7142857142858,622.8571428571429,2440.0,16.19845317623732,1740856.9556504556
585.7142857142858,622.8571428571429,2605.714285714286,16.197949052739908,1747897.6629378805
585.7142857142858,622.8571428571429,2771.4285714285716,16.197488632955242,1753768.2792755945
585.7142857142858,622.8571428571429,2937.1428571428573,16.197066916407525,1758682.2015182239
585.7142857142858,622.8571428571429,3102.857142857143,16.19667955790126,1762809.244927433
585.7142857142858,622.8571428571429,3268.571428571429,16.196322782049844,1766285.4256049679
585.7142857142858,622.8571428571429,3434.2857142857147,16.19599330532626,1769220.3827425102
585.7142857142858,622.8571428571429,3600.0,16.195688267116452,1771703.0387303273
585.7142857142858,670.0,120.0,16.212582952982487,1447634.3687181568
585.7142857142858,670.0,285.7142857142857,16.211553293101563,1315191.3604548324
585.7142857142858,670.0,451.42857142857144,16.21026249398047,1377372.5293880713
585.7142857142858,670.0,617.1428571428571,16.208874481198183,1455549.401411501
585.7142857142858,670.0,782.8571428571429,16.207495442629178,1525273.9586439142
585.7142857142858,670.0,948.5714285714287,16.206184819248783,1583059.765444107
585.7142857142858,670.0,1114.2857142857142,16.20497085596535,1629835.7030041174
585.7142857142858,670.0,1280.0,16.203862697066906,1667447.3473440944
585.7142857142858,670.0,1445.7142857142858,16.202858929272182,1697705.3303983863
585.7142857142858,670.0,1611.4285714285716,16.201952919088214,1722140.4227977025
585.7142857142858,670.0,1777.1428571428573,16.201135885004103,1741978.4689343977
585.7142857142858,670.0,1942.857142857143,16.200398557985686,1758179.8150985676
585.7142857142858,670.0,2108.5714285714284,16.199732019441775,1771490.9601327935
585.7142857142858,670.0,2274.285714285714,16.199128080111066,1782491.7069681815
585.7142857142858,670.0,2440.0,16.19857941200503,1791633.6850075854
585.7142857142858,670.0,2605.714285714286,16.198079553360685,1799270.3967889738
585.7142857142858,670.0,2771.4285714285716,16.19762285289568,1805680.172260598
585.7142857142858,670.0,2937.1428571428573,16.19720438916774,1811083.5563271446
585.7142857142858,670.0,3102.857142857143,16.19681988377694,1815656.4534106757
585.7142857142858,670.0,3268.571428571429,16.196465617720957,1819540.0809679842
585.7142857142858,670.0,3434.2857142857147,16.196138355083114,1822848.5351936652
585.7142857142858,670.0,3600.0,16.195835275503928,1825674.5706078683
585.7142857142858,717.1428571428572,120.0,16.21257321654509,1476719.226287488
585.7142857142858,717.1428571428572,285.7142857142857,16.21154364758677,1347070.2225151767
585.7142857142858,717.1428571428572,451.42857142857144,16.210261935630747,1411026.0160108344
585.7142857142858,717.1428571428572,617.1428571428571,16.20888710756375,1491276.137302865
585.7142857142858,717.1428571428572,782.8571428571429,16.207522778264043,1563009.6721527593
585.7142857142858,717.1428571428572,948.5714285714287,16.206226779858156,1622630.7502457239
585.7142857142858,717.1428571428572,1114.2857142857142,16.205026491732944,1671045.9669898988
585.7142857142858,717.1428571428572,1280.0,16.203930683312873,1710108.9910763789
585.7142857142858,717.1428571428572,1445.7142857142858,16.202937850110544,1741648.6737240392
585.7142857142858,717.1428571428572,1611.4285714285716,16.202041414153257,1767216.2501956183
585.7142857142858,717.1428571428572,1777.1428571428573,16.20123271541168,1788057.1624217115
585.7142857142858,717.1428571428572,1942.857142857143,16.20050262815318,1805149.3620575443
585.7142857142858,717.1428571428572,2108.5714285714284,16.19984237643995,1819254.689433897
585.7142857142858,717.1428571428572,2274.285714285714,16.199243902656384,1830966.1127578379
585.7142857142858,717.1428571428572,2440.0,16.198699995558997,1840746.474837125
585.7142857142858,717.1428571428572,2605.714285714286,16.198204294622265,1848958.7999169368
585.7142857142858,717.1428571428572,2771.4285714285716,16.197751235235696,1855889.499777522
585.7142857142858,717.1428571428572,2937.1428571428573,16.19733596963294,1861765.9873050018
585.7142857142858,717.1428571428572,3102.857142857143,16.196954281821085,1866770.0163544917
585.7142857142858,717.1428571428572,3268.571428571429,16.19660250559411,1871047.8005633848
585.7142857142858,717.1428571428572,3434.2857142857147,16.19627744971369,1874717.7173554092
585.7142857142858,717.1428571428572,3600.0,16.19597633167814,1877876.2025365124
585.7142857142858,764.2857142857143,120.0,16.212564262134038,1504418.7002982153
585.7142857142858,764.2857142857143,285.7142857142857,16.211534808891898,1377913.6546772928
585.7142857142858,764.2857142857143,451.42857142857144,16.21026178952238,1443653.4374203405
585.7142857142858,764.2857142857143,617.1428571428571,16.208899477450565,1525930.7357089699
585.7142857142858,764.2857142857143,782.8571428571429,16.207549077451713,1599616.3840920967
585.7142857142858,764.2857142857143,948.5714285714287,16.206266926173935,1661016.3669192106
585.7142857142858,764.2857142857143,1114.2857142857142,16.205079599399618,1711018.541948647
585.7142857142858,764.2857142857143,1280.0,16.20399551754651,1751485.6964502248
585.7142857142858,764.2857142857143,1445.7142857142858,16.203013089838514,1784264.9554430628
585.7142857142858,764.2857142857143,1611.4285714285716,16.20212578819648,1810927.6843438167
585.7142857142858,764.2857142857143,1777.1428571428573,16.20132506403329,1832738.4484811495
585.7142857142858,764.2857142857143,1942.857142857143,16.200601923744944,1850692.303953024
585.7142857142858,764.2857142857143,2108.5714285714284,16.199947723336205,1865565.95556513
585.7142857142858,764.2857142857143,2274.285714285714,16.199354527260795,1877965.1044284813
585.7142857142858,764.2857142857143,2440.0,16.198815232774294,1888363.4250918047
585.7142857142858,764.2857142857143,2605.714285714286,16.198323573640007,1897133.1315926341
585.7142857142858,764.2857142857143,2771.4285714285716,16.19787406613752,1904568.4312980664
585.7142857142858,764.2857142857143,2937.1428571428573,16.197461931400472,1910903.3592973095
585.7142857142858,764.2857142857143,3102.857142857143,16.197083011913247,1916325.3082372833
585.7142857142858,764.2857142857143,3268.571428571429,16.196733691038343,1920985.307443378
585.7142857142858,764.2857142857143,3434.2857142857147,16.19641081956541,1925005.860767492
585.7142857142858,764.2857142857143,3600.0,16.196111650672993,1928486.952313978
585.7142857142858,811.4285714285714,120.0,16.212556016140326,1530840.6102146604
585.7142857142858,811.4285714285714,285.7142857142857,16.211526681578686,1407805.5312845882
585.7142857142858,811.4285714285714,451.42857142857144,16.210261981907603,1475342.3401531356
585.7142857142858,811.4285714285714,617.1428571428571,16.208911569486,1559607.5113275542
585.7142857142858,811.4285714285714,782.8571428571429,16.207574383800917,1635195.3841510692
585.7142857142858,811.4285714285714,948.5714285714287,16.20630536639826,1698324.4176294766
585.7142857142858,811.4285714285714,1114.2857142857142,16.20513034434398,1749867.0971865135
585.7142857142858,811.4285714285714,1280.0,16.204057412151553,1791696.3306977144
585.7142857142858,811.4285714285714,1445.7142857142858,16.203084897376755,1825677.6093394496
585.7142857142858,811.4285714285714,1611.4285714285716,16.202206317101687,1853402.1554141177
585.7142857142858,811.4285714285714,1777.1428571428573,16.201413225488505,1876153.250708506
585.7142857142858,811.4285714285714,1942.857142857143,16.20069675130318,1894942.6199187662
585.7142857142858,811.4285714285714,2108.5714285714284,16.200048373087157,1910561.4147175825
585.7142857142858,811.4285714285714,2274.285714285714,16.19946026891691,1923627.6892567792
585.7142857142858,811.4285714285714,2440.0,16.198925437244824,1934625.6137180212
585.7142857142858,811.4285714285714,2605.714285714286,16.198437699946034,1943936.2991114587
585.7142857142858,811.4285714285714,2771.4285714285716,16.197991649030953,1951861.4954911887
585.7142857142858,811.4285714285714,2937.1428571428573,16.197582570255115,1958641.6427253205
585.7142857142858,811.4285714285714,3102.857142857143,16.197206361046447,1964469.5856969545
585.7142857142858,811.4285714285714,3268.571428571429,16.196859451421762,1969501.009394128
585.7142857142858,811.4285714285714,3434.2857142857147,16.19653873179588,1973862.4067113437
585.7142857142858,811.4285714285714,3600.0,16.19624148904497,1977657.191911725
585.7142857142858,858.5714285714287,120.0,16.212548415552316,1556078.4043974387
585.7142857142858,858.5714285714287,285.7142857142857,16.211519186582464,1436817.6155818983
585.7142857142858,858.5714285714287,451.42857142857144,16.21026245503451,1506167.32395333
585.7142857142858,858.5714285714287,617.1428571428571,16.208923373427968,1592386.6748008658
585.7142857142858,858.5714285714287,782.8571428571429,16.207598745355384,1669832.7189058794
585.7142857142858,858.5714285714287,948.5714285714287,16.20634220662194,1734646.4182042112
585.7142857142858,858.5714285714287,1114.2857142857142,16.20517888449133,1787688.0873231997
585.7142857142858,858.5714285714287,1280.0,16.204116568299316,1830841.7321776582
585.7142857142858,858.5714285714287,1445.7142857142858,16.203153508251756,1865991.331757374
585.7142857142858,858.5714285714287,1611.4285714285716,16.202283262570724,1894747.741796888
585.7142857142858,858.5714285714287,1777.1428571428573,16.201497480578784,1918412.608917005
585.7142857142858,858.5714285714287,1942.857142857143,16.20078740482584,1938013.9443995396
585.7142857142858,858.5714285714287,2108.5714285714284,16.200144628074234,1954356.9784579035
585.7142857142858,858.5714285714287,2274.285714285714,16.199561434526185,1968071.782072856
585.7142857142858,858.5714285714287,2440.0,16.199030917326535,1979652.7228872185
585.7142857142858,858.5714285714287,2605.714285714286,16.198546980941394,1989489.548669954
585.7142857142858,858.5714285714287,2771.4285714285716,16.19810428848524,1997891.3271124472
585.7142857142858,858.5714285714287,2937.1428571428573,16.197698186486093,2005104.7091512042
585.7142857142858,858.5714285714287,3102.857142857143,16.197324624124807,2011327.825520002
585.7142857142858,858.5714285714287,3268.571428571429,16.19698007543213,2016720.8740059875
585.7142857142858,858.5714285714287,3434.2857142857147,16.19666146826323,2021414.2137816844
585.7142857142858,858.5714285714287,3600.0,16.19636612138245,2025514.5836098252
585.7142857142858,905.7142857142858,120.0,16.212541405920334,1580213.8339813706
585.7142857142858,905.7142857142858,285.7142857142857,16.211512257701035,1465011.897471774
585.7142857142858,905.7142857142858,451.42857142857144,16.210263163185832,1536192.5694072917
585.7142857142858,905.7142857142858,617.1428571428571,16.208934886552107,1624337.1022123718
585.7142857142858,905.7142857142858,782.8571428571429,16.207622211647475,1703602.1947570555
585.7142857142858,905.7142857142858,948.5714285714287,16.20637754849142,1770060.812631792
585.7142857142858,905.7142857142858,1114.2857142857142,16.205225368347104,1824564.153506284
585.7142857142858,905.7142857142858,1280.0,16.204173174040413,1869008.2740811673
585.7142857142858,905.7142857142858,1445.7142857142858,16.203219142449964,1905295.785619788
585.7142857142858,905.7142857142858,1611.4285714285716,16.202356869488973,1935056.9948005863
585.7142857142858,905.7142857142858,1777.1428571428573,16.2015780929668,1959611.6074787923
585.7142857142858,905.7142857142858,1942.857142857143,16.20087416161334,1980003.5845184124
585.7142857142858,905.7142857142858,2108.5714285714284,16.20023677501503,1997051.9076671642
585.7142857142858,905.7142857142858,2274.285714285714,16.199658316807856,2011398.3651943349
585.7142857142858,905.7142857142858,2440.0,16.199131969004643,2023547.2559535468
585.7142857142858,905.7142857142858,2605.714285714286,16.1986517137036,2033896.731733838
585.7142857142858,905.7142857142858,2771.4285714285716,16.198212280955065,2042762.9763125374
585.7142857142858,905.7142857142858,2937.1428571428573,16.197809074581137,2050398.6780171602
585.7142857142858,905.7142857142858,3102.857142857143,16.19743809262384,2057007.1041066067
585.7142857142858,905.7142857142858,3268.571428571429,16.197095850727404,2062752.8368359727
585.7142857142858,905.7142857142858,3434.2857142857147,16.196779312194796,2067769.991286076
585.7142857142858,905.7142857142858,3600.0,16.196485826022986,2072168.5356520694
585.7142857142858,952.8571428571429,120.0,16.212534939796463,1603319.011710558
585.7142857142858,952.8571428571429,285.7142857142857,16.211505838971032,1492442.3826226767
585.7142857142858,952.8571428571429,451.42857142857144,16.210264069822532,1565473.7675009381
585.7142857142858,952.8571428571429,617.1428571428571,16.208946111196237,1655518.4465262557
585.7142857142858,952.8571428571429,782.8571428571429,16.207644831898747,1736567.66571142
585.7142857142858,952.8571428571429,948.5714285714287,16.206411488031073,1804635.4210876853
585.7142857142858,952.8571428571429,1114.2857142857142,16.20526993425424,1860566.7131808104
585.7142857142858,952.8571428571429,1280.0,16.204227403759923,1906270.5778199087
585.7142857142858,952.8571428571429,1445.7142857142858,16.20328200384036,1943668.4207957434
585.7142857142858,952.8571428571429,1611.4285714285716,16.20242736511715,1974409.8512366621
585.7142857142858,952.8571428571429,1777.1428571428573,16.201655307979056,1999832.3672904698
585.7142857142858,952.8571428571429,1942.857142857143,16.200957280561873,2020995.5803905749
585.7142857142858,952.8571428571429,2108.5714285714284,16.2003250826606,2038731.931784981
585.7142857142858,952.8571428571429,2274.285714285714,16.19975119134075,2053694.6585880455
585.7142857142858,952.8571428571429,2440.0,16.199228872242173,2066397.7517237249
585.7142857142858,952.8571428571429,2605.714285714286,16.198752180620875,2077247.5576269126
585.7142857142858,952.8571428571429,2771.4285714285716,16.198315909691914,2086567.1946165075
585.7142857142858,952.8571428571429,2937.1428571428573,16.197915517416092,2094615.2318097693
585.7142857142858,952.8571428571429,3102.857142857143,16.1975470480662,2101599.938222978
585.7142857142858,952.8571428571429,3268.571428571429,16.197207056710486,2107690.1646621698
585.7142857142858,952.8571428571429,3434.2857142857147,16.19689254027725,2113023.6823459268
585.7142857142858,952.8571428571429,3600.0,16.19660087647757,2117713.6029013074
585.7142857142858,1000.0,120.0,16.21252897552102,1625458.0207825291
585.7142857142858,1000.0,285.7142857142857,16.211499882676428,1519156.4822595932
585.7142857142858,1000.0,451.42857142857144,16.210265145490776,1594059.6149224048
585.7142857142858,1000.0,617.1428571428571,16.20895705307258,1685982.771800299
585.7142857142858,1000.0,782.8571428571429,16.207666653943296,1768784.8028592367
585.7142857142858,1000.0,948.5714285714287,16.20644411515516,1838429.3326380276
585.7142857142858,1000.0,1114.2857142857142,16.20531271035043,1895757.96201768
585.7142857142858,1000.0,1280.0,16.20427941839518,1942693.6104010423
585.7142857142858,1000.0,1445.7142857142858,16.20334228047124,1981176.6542391984
585.7142857142858,1000.0,1611.4285714285716,16.20249495930925,2012875.8850482393
585.7142857142858,1000.0,1777.1428571428573,16.201729352617118,2039146.3590698044
585.7142857142858,1000.0,1942.857142857143,16.20103700186938,2061063.0716323475
585.7142857142858,1000.0,2108.5714285714284,16.200409801123207,2079471.6613001574
585.7142857142858,1000.0,2274.285714285714,16.1998403154611,2095036.5721800828
585.7142857142858,1000.0,2440.0,16.19932188941315,2108281.2713408717
585.7142857142858,1000.0,2605.714285714286,16.19884864733913,2119620.1105214935
585.7142857142858,1000.0,2771.4285714285716,16.19841544219367,2129382.9782111277
585.7142857142858,1000.0,2937.1428571428573,16.198017783203312,2137834.182388459
585.7142857142858,1000.0,3102.857142857143,16.197651758470915,2145186.871581137
585.7142857142858,1000.0,3268.571428571429,16.197313960485538,2151614.0599175477
585.7142857142858,1000.0,3434.2857142857147,16.19700141812921,2157257.084117978
585.7142857142858,1000.0,3600.0,16.19671153643082,2162232.1210619095
621.4285714285714,10.0,120.0,16.212937166742087,718105.6628820143
621.4285714285714,10.0,285.7142857142857,16.212035726281094,594423.1860744968
621.4285714285714,10.0,451.42857142857144,16.210666396116036,608717.5977396398
621.4285714285714,10.0,617.1428571428571,16.209091628122074,626454.4379197438
621.4285714285714,10.0,782.8571428571429,16.2075026658251,637047.5496937986
621.4285714285714,10.0,948.5714285714287,16.2060145434918,640713.4426437812
621.4285714285714,10.0,1114.2857142857142,16.204679858613243,639307.9248548374
621.4285714285714,10.0,1280.0,16.20351143132779,634599.383106505
621.4285714285714,10.0,1445.7142857142858,16.202501239496424,627923.5296184941
621.4285714285714,10.0,1611.4285714285716,16.20163242513022,620200.2259024162
621.4285714285714,10.0,1777.1428571428573,16.20088580834918,612031.3317214319
621.4285714285714,10.0,1942.857142857143,16.20024299793304,603796.2274573072
621.4285714285714,10.0,2108.5714285714284,16.199687641671968,595725.369347921
621.4285714285714,10.0,2274.285714285714,16.199205747232373,587952.0298982043
621.4285714285714,10.0,2440.0,16.198785581036898,580547.1631136257
621.4285714285714,10.0,2605.714285714286,16.198417403971916,573542.3802778568
621.4285714285714,10.0,2771.4285714285716,16.19809316794303,566944.9051992006
621.4285714285714,10.0,2937.1428571428573,16.197806227891693,560747.2345111159
621.4285714285714,10.0,3102.857142857143,16.19755108966805,554933.3395350906
621.4285714285714,10.0,3268.571428571429,16.19732319813539,549482.620485279
621.4285714285714,10.0,3434.2857142857147,16.197118762982576,544372.4030936601
621.4285714285714,10.0,3600.0,16.19693461723857,539579.4911201124
621.4285714285714,57.142857142857146,120.0,16.21283156039225,886093.3138739169
621.4285714285714,57.142857142857146,285.7142857142857,16.211823329952995,753975.286261474
621.4285714285714,57.142857142857146,451.42857142857144,16.210343715389396,782856.7370390439
621.4285714285714,57.142857142857146,617.1428571428571,16.20865348125587,817450.5320967861
621.4285714285714,57.142857142857146,782.8571428571429,16.206936375111194,843713.6984715965
621.4285714285714,57.142857142857146,948.5714285714287,16.205303595015927,861117.0972450923
621.4285714285714,57.142857142857146,1114.2857142857142,16.203809409815516,871433.1301605108
621.4285714285714,57.142857142857146,1280.0,16.202471413754374,876575.7205776967
621.4285714285714,57.142857142857146,1445.7142857142858,16.201287010063925,878107.9954237546
621.4285714285714,57.142857142857146,1611.4285714285716,16.200244062547117,877193.5164979164
621.4285714285714,57.142857142857146,1777.1428571428573,16.1993269496235,874663.3431004175
621.4285714285714,57.142857142857146,1942.857142857143,16.19851969332452,871098.8256403534
621.4285714285714,57.142857142857146,2108.5714285714284,16.19780741353239,866901.9606633671
621.4285714285714,57.142857142857146,2274.285714285714,16.197176886631247,862348.598283076
621.4285714285714,57.142857142857146,2440.0,16.196616653927524,857626.7202863664
621.4285714285714,57.142857142857146,2605.714285714286,16.19611692148855,852863.3443551576
621.4285714285714,57.142857142857146,2771.4285714285716,16.195669377232036,848143.238344915
621.4285714285714,57.142857142857146,2937.1428571428573,16.195266987882114,843521.8907747796
621.4285714285714,57.142857142857146,3102.857142857143,16.19490380489575,839034.5010863729
621.4285714285714,57.142857142857146,3268.571428571429,16.194574791193606,834702.2236759306
621.4285714285714,57.142857142857146,3434.2857142857147,16.19427567195186,830536.5171947964
621.4285714285714,57.142857142857146,3600.0,16.194002808699715,826542.1834605014
621.4285714285714,104.28571428571429,120.0,16.2127751695551,986955.4765299705
621.4285714285714,104.28571428571429,285.7142857142857,16.211734009487113,849139.3456721546
621.4285714285714,104.28571428571429,451.42857142857144,16.210244812435143,884478.2090757852
621.4285714285714,104.28571428571429,617.1428571428571,16.208559306744462,927368.3913991334
621.4285714285714,104.28571428571429,782.8571428571429,16.206850041266247,961676.696444101
621.4285714285714,104.28571428571429,948.5714285714287,16.205220373981852,986362.8663022423
621.4285714285714,104.28571428571429,1114.2857142857142,16.203721178394684,1003085.6351598961
621.4285714285714,104.28571428571429,1280.0,16.2023697155207,1013783.795928455
621.4285714285714,104.28571428571429,1445.7142857142858,16.201164574380382,1020098.4723367905
621.4285714285714,104.28571428571429,1611.4285714285716,16.200095305982387,1023288.0042656696
621.4285714285714,104.28571428571429,1777.1428571428573,16.199147951511925,1024278.0871703823
621.4285714285714,104.28571428571429,1942.857142857143,16.198307955412947,1023736.9762214106
621.4285714285714,104.28571428571429,2108.5714285714284,16.197561565788387,1022143.0386634604
621.4285714285714,104.28571428571429,2274.285714285714,16.19689641176555,1019837.5775757241
621.4285714285714,104.28571428571429,2440.0,16.196301656326845,1017063.8616922196
621.4285714285714,104.28571428571429,2605.714285714286,16.195767944360504,1013995.2297796372
621.4285714285714,104.28571428571429,2771.4285714285716,16.195287262891853,1010755.1012152213
621.4285714285714,104.28571428571429,2937.1428571428573,16.19485277347021,1007431.1714576448
621.4285714285714,104.28571428571429,3102.857142857143,16.194458645880704,1004085.48751214
621.4285714285714,104.28571428571429,3268.571428571429,16.19409990607592,1000761.6196550904
621.4285714285714,104.28571428571429,3434.2857142857147,16.193772302865437,997489.7873916683
621.4285714285714,104.28571428571429,3600.0,16.193472193795625,994290.5405825818
621.4285714285714,151.42857142857144,120.0,16.212734417165496,1065841.321498619
621.4285714285714,151.42857142857144,285.7142857142857,16.211677416829556,924178.0959413134
621.4285714285714,151.42857142857144,451.42857142857144,16.210195949674564,963925.0385514866
621.4285714285714,151.42857142857144,617.1428571428571,16.208532273343213,1012747.2005601117
621.4285714285714,151.42857142857144,782.8571428571429,16.206849280620766,1052903.587692012
621.4285714285714,151.42857142857144,948.5714285714287,16.205243589184683,1082943.7881745726
621.4285714285714,151.42857142857144,1114.2857142857142,16.203762776062067,1104425.8223410435
621.4285714285714,151.42857142857144,1280.0,16.202423210757612,1119295.2256607981
621.4285714285714,151.42857142857144,1445.7142857142858,16.201223878939405,1129241.0184790923
621.4285714285714,151.42857142857144,1611.4285714285716,16.20015526215719,1135583.1341147493
621.4285714285714,151.42857142857144,1777.1428571428573,16.19920445158946,1139310.073484706
621.4285714285714,151.42857142857144,1942.857142857143,16.198357867395604,1141148.5257192198
621.4285714285714,151.42857142857144,2108.5714285714284,16.197602587230836,1141628.765120302
621.4285714285714,151.42857142857144,2274.285714285714,16.196926911663187,1141137.0294129592
621.4285714285714,151.42857142857144,2440.0,16.196320530923053,1139954.9145937725
621.4285714285714,151.42857142857144,2605.714285714286,16.19577449555365,1138288.1811569098
621.4285714285714,151.42857142857144,2771.4285714285716,16.195281099971968,1136287.5599600298
621.4285714285714,151.42857142857144,2937.1428571428573,16.194833735684632,1134063.7182025923
621.4285714285714,151.42857142857144,3102.857142857143,16.194426742366144,1131698.0293704493
621.4285714285714,151.42857142857144,3268.571428571429,16.19405526973853,1129250.3469144932
621.4285714285714,151.42857142857144,3434.2857142857147,16.19371515522057,1126764.640243688
621.4285714285714,151.42857142857144,3600.0,16.193402818305394,1124273.1022034714
621.4285714285714,198.57142857142858,120.0,16.212702188133242,1132390.3103561557
621.4285714285714,198.57142857142858,285.7142857142857,16.211636582311975,988277.3699201362
621.4285714285714,198.57142857142858,451.42857142857144,16.210168121605893,1031500.8218172854
621.4285714285714,198.57142857142858,617.1428571428571,16.20852997110174,1085088.9039523446
621.4285714285714,198.57142857142858,782.8571428571429,16.20687680609938,1129980.3457993327
621.4285714285714,198.57142857142858,948.5714285714287,16.20529957932829,1164378.943528739
621.4285714285714,198.57142857142858,1114.2857142857142,16.20384298282442,1189755.0606518022
621.4285714285714,198.57142857142858,1280.0,16.202522438838578,1208056.0152704564
621.4285714285714,198.57142857142858,1445.7142857142858,16.201337054738843,1221006.5632826972
621.4285714285714,198.57142857142858,1611.4285714285716,16.20027791277229,1229973.72700328
621.4285714285714,198.57142857142858,1777.1428571428573,16.199332851246016,1235994.3758318308
621.4285714285714,198.57142857142858,1942.857142857143,16.1984890202108,1239840.4002630238
621.4285714285714,198.57142857142858,2108.5714285714284,16.197734141802236,1242082.3896969836
621.4285714285714,198.57142857142858,2274.285714285714,16.197057056390793,1243141.629450452
621.4285714285714,198.57142857142858,2440.0,16.19644789273705,1243329.744267361
621.4285714285714,198.57142857142858,2605.714285714286,16.19589805102562,1242878.0167086788
621.4285714285714,198.57142857142858,2771.4285714285716,16.19540010110596,1241958.7820478338
621.4285714285714,198.57142857142858,2937.1428571428573,16.194947649699355,1240700.9694659363
621.4285714285714,198.57142857142858,3102.857142857143,16.19453520364865,1239201.3936073268
621.4285714285714,198.57142857142858,3268.571428571429,16.19415804189857,1237532.9828273254
621.4285714285714,198.57142857142858,3434.2857142857147,16.19381210130579,1235750.802323774
621.4285714285714,198.57142857142858,3600.0,16.19349387750672,1233896.4868520615
621.4285714285714,245.71428571428572,120.0,16.212675508928942,1190670.8827684568
621.4285714285714,245.71428571428572,285.7142857142857,16.211605026447735,1045232.1050163695
621.4285714285714,245.71428571428572,451.42857142857144,16.210151238030054,1091419.892410834
621.4285714285714,245.71428571428572,617.1428571428571,16.208538736625332,1149075.5656782573
621.4285714285714,245.71428571428572,782.8571428571429,16.206915122811726,1198020.1766827558
621.4285714285714,245.71428571428572,948.5714285714287,16.205366535377006,1236158.7771174423
621.4285714285714,245.71428571428572,1114.2857142857142,16.20393516708988,1264885.3635119188
621.4285714285714,245.71428571428572,1280.0,16.202635545721535,1286147.8915126782
621.4285714285714,245.71428571428572,1445.7142857142858,16.201466782956704,1301700.688975782
621.4285714285714,245.71428571428572,1611.4285714285716,16.200420384742067,1312949.913639074
621.4285714285714,245.71428571428572,1777.1428571428573,16.19948475845899,1320972.6377600427
621.4285714285714,245.71428571428572,1942.857142857143,16.198647629884643,1326578.3298556055
621.4285714285714,245.71428571428572,2108.5714285714284,16.197897242326608,1330371.12453451
621.4285714285714,245.71428571428572,2274.285714285714,16.197222882185738,1332801.5140730191
621.4285714285714,245.71428571428572,2440.0,16.196615048092138,1334206.199232827
621.4285714285714,245.71428571428572,2605.714285714286,16.196065441277337,1334837.8273938587
621.4285714285714,245.71428571428572,2771.4285714285716,16.195566873877183,1334886.8684073393
621.4285714285714,245.71428571428572,2937.1428571428573,16.195113146282715,1334497.62505135
621.4285714285714,245.71428571428572,3102.857142857143,16.194698919512817,1333779.9503098172
621.4285714285714,245.71428571428572,3268.571428571429,16.19431959494991,1332817.8470959724
621.4285714285714,245.71428571428572,3434.2857142857147,16.193971206540322,1331675.8083211535
621.4285714285714,245.71428571428572,3600.0,16.193650326832714,1330403.516438956
621.4285714285714,292.8571428571429,120.0,16.212652802973487,1242864.2874749354
621.4285714285714,292.8571428571429,285.7142857142857,16.21157956975355,1097039.1189473043
621.4285714285714,292.8571428571429,451.42857142857144,16.210140751031332,1145881.3057461407
621.4285714285714,292.8571428571429,617.1428571428571,16.20855287961318,1207140.3244820754
621.4285714285714,292.8571428571429,782.8571428571429,16.20695738237226,1259675.2051761842
621.4285714285714,292.8571428571429,948.5714285714287,16.20543624860925,1301129.2633110315
621.4285714285714,292.8571428571429,1114.2857142857142,16.204029493781665,1332829.8265566377
621.4285714285714,292.8571428571429,1280.0,16.20275082720764,1356725.778748957
621.4285714285714,292.8571428571429,1445.7142857142858,16.201599309983294,1374597.5109291188
621.4285714285714,292.8571428571429,1611.4285714285716,16.200566764823805,1387885.3866850373
621.4285714285714,292.8571428571429,1777.1428571428573,16.199642052388405,1397701.4739019303
621.4285714285714,292.8571428571429,1942.857142857143,16.198813369236902,1404887.8823041727
621.4285714285714,292.8571428571429,2108.5714285714284,16.198069392581235,1410077.8602294188
621.4285714285714,292.8571428571429,2274.285714285714,16.197399785836772,1413747.2503426159
621.4285714285714,292.8571428571429,2440.0,16.196795364713573,1416254.5340851669
621.4285714285714,292.8571428571429,2605.714285714286,16.196248092119923,1417870.9381477968
621.4285714285714,292.8571428571429,2771.4285714285716,16.195750993761237,1418802.726651656
621.4285714285714,292.8571428571429,2937.1428571428573,16.195298043227154,1419207.6155193858
621.4285714285714,292.8571428571429,3102.857142857143,16.194884041515976,1419206.8552518599
621.4285714285714,292.8571428571429,3268.571428571429,16.194504502967053,1418894.149258366
621.4285714285714,292.8571428571429,3434.2857142857147,16.194155552644606,1418342.265740689
621.4285714285714,292.8571428571429,3600.0,16.19383383662463,1417607.966203958
621.4285714285714,340.0,120.0,16.212633116882735,1290305.4072006992
621.4285714285714,340.0,285.7142857142857,16.211558417206877,1144899.6483648752
621.4285714285714,340.0,451.42857142857144,16.210134291474873,1196198.3629954346
621.4285714285714,340.0,617.1428571428571,16.208569678162373,1260731.0342648558
621.4285714285714,340.0,782.8571428571429,16.207000550420634,1316520.7640275157
621.4285714285714,340.0,948.5714285714287,16.205505273590934,1360979.6157252078
621.4285714285714,340.0,1114.2857142857142,16.204121949557553,1395376.6812394664
621.4285714285714,340.0,1280.0,16.20286354516665,1421662.6724519373
621.4285714285714,340.0,1445.7142857142858,16.201729044549474,1441641.909055614
621.4285714285714,340.0,1611.4285714285716,16.200710517311787,1456785.659278548
621.4285714285714,340.0,1777.1428571428573,16.199797196840972,1468237.4020229978
621.4285714285714,340.0,1942.857142857143,16.198977674887534,1476868.4429264816
621.4285714285714,340.0,2108.5714285714284,16.198240997933464,1483338.0234129
621.4285714285714,340.0,2274.285714285714,16.197577153919422,1488144.6015862562
621.4285714285714,340.0,2440.0,16.196977234353962,1491666.088469581
621.4285714285714,340.0,2605.714285714286,16.19643343206158,1494190.2917947364
621.4285714285714,340.0,2771.4285714285716,16.195938962289564,1495937.5824418997
621.4285714285714,340.0,2937.1428571428573,16.19548795391339,1497077.6689648768
621.4285714285714,340.0,3102.857142857143,16.195075334752314,1497742.0048872586
621.4285714285714,340.0,3268.571428571429,16.194696722599144,1498032.9892755358
621.4285714285714,340.0,3434.2857142857147,16.194348326919776,1498030.8191449163
621.4285714285714,340.0,3600.0,16.194026862713514,1497798.6204978966
621.4285714285714,387.14285714285717,120.0,16.21261582299689,1333884.0982999445
621.4285714285714,387.14285714285717,285.7142857142857,16.21154045821656,1189601.708601028
621.4285714285714,387.14285714285717,451.42857142857144,16.210130503011538,1243226.999673429
621.4285714285714,387.14285714285717,617.1428571428571,16.20858771496042,1310788.2559467708
621.4285714285714,387.14285714285717,782.8571428571429,16.20704319823459,1369578.5053758812
621.4285714285714,387.14285714285717,948.5714285714287,16.205572116959036,1416804.4777843987
621.4285714285714,387.14285714285717,1114.2857142857142,16.20421087615998,1453684.4673179402
621.4285714285714,387.14285714285717,1280.0,16.202971769598996,1482172.182478763
621.4285714285714,387.14285714285717,1445.7142857142858,16.20185369227746,1504094.5245523932
621.4285714285714,387.14285714285717,1611.4285714285716,16.200848912372823,1520951.3348623638
621.4285714285714,387.14285714285717,1777.1428571428573,16.199946977185324,1533914.9008575808
621.4285714285714,387.14285714285717,1942.857142857143,16.199136816898427,1543883.1908406394
621.4285714285714,387.14285714285717,2108.5714285714284,16.198407797692244,1551539.1265630387
621.4285714285714,387.14285714285717,2274.285714285714,16.19775019098502,1557401.7425780527
621.4285714285714,387.14285714285717,2440.0,16.197155331160154,1561866.617913876
621.4285714285714,387.14285714285717,2605.714285714286,16.196615615089208,1565236.6374338253
621.4285714285714,387.14285714285717,2771.4285714285716,16.196124427525614,1567745.0034824288
621.4285714285714,387.14285714285717,2937.1428571428573,16.195676037283743,1569572.3395151568
621.4285714285714,387.14285714285717,3102.857142857143,16.19526548736082,1570859.3924207706
621.4285714285714,387.14285714285717,3268.571428571429,16.194888490253977,1571716.488918885
621.4285714285714,387.14285714285717,3434.2857142857147,16.194541333326246,1572230.6055926867
621.4285714285714,387.14285714285717,3600.0,16.19422079572817,1572470.68300164
621.4285714285714,434.28571428571433,120.0,16.212600482584964,1374230.4040915659
621.4285714285714,434.28571428571433,285.7142857142857,16.21152495939058,1231694.792953534
621.4285714285714,434.28571428571433,451.42857142857144,16.21012855532195,1287560.5358259932
621.4285714285714,434.28571428571433,617.1428571428571,16.208606211410107,1357962.031660433
621.4285714285714,434.28571428571433,782.8571428571429,16.207084645093648,1419553.396676587
621.4285714285714,434.28571428571433,948.5714285714287,16.205636164923913,1469358.5782822578
621.4285714285714,434.28571428571433,1114.2857142857142,16.204295658762824,1508551.7190795466
621.4285714285714,434.28571428571433,1280.0,16.20307480874277,1539090.805644901
621.4285714285714,434.28571428571433,1445.7142857142858,16.201972416046992,1562824.458558254
621.4285714285714,434.28571428571433,1611.4285714285716,16.20098091254836,1581279.3809001609
621.4285714285714,434.28571428571433,1777.1428571428573,16.20009011490624,1595654.7038015726
621.4285714285714,434.28571428571433,1942.857142857143,16.199289247739877,1606873.1223393846
621.4285714285714,434.28571428571433,2108.5714285714284,16.19856795784628,1615639.4584768682
621.4285714285714,434.28571428571433,2274.285714285714,16.197916767269913,1622491.7456545073
621.4285714285714,434.28571428571433,2440.0,16.19732722652697,1627841.8621743524
621.4285714285714,434.28571428571433,2605.714285714286,16.19679191519804,1632006.5971218934
621.4285714285714,434.28571428571433,2771.4285714285716,16.19630437073933,1635230.986267051
621.4285714285714,434.28571428571433,2937.1428571428573,16.19585898879345,1637705.721804859
621.4285714285714,434.28571428571433,3102.857142857143,16.195450917378352,1639580.1275734075
621.4285714285714,434.28571428571433,3268.571428571429,16.195075955874216,1640971.8512861547
621.4285714285714,434.28571428571433,3434.2857142857147,16.19473046355494,1641974.1347620818
621.4285714285714,434.28571428571433,3600.0,16.194411279171213,1642661.296230505
621.4285714285714,481.42857142857144,120.0,16.212586774954442,1411810.9157747098
621.4285714285714,481.42857142857144,285.7142857142857,16.211511412098986,1271579.9262356958
621.4285714285714,481.42857142857144,451.42857142857144,16.210127913970474,1329629.607490641
621.4285714285714,481.42857142857144,617.1428571428571,16.208624726147256,1402722.8679780054
621.4285714285714,481.42857142857144,782.8571428571429,16.207124582532987,1466954.9352395376
621.4285714285714,481.42857142857144,948.5714285714287,16.205697222869937,1519186.9427043984
621.4285714285714,481.42857142857144,1114.2857142857142,16.20437616840871,1560554.8870270064
621.4285714285714,481.42857142857144,1280.0,16.2031725435223,1593022.3509588274
621.4285714285714,481.42857142857144,1445.7142857142858,16.202085054945325,1618459.1267693592
621.4285714285714,481.42857142857144,1611.4285714285716,16.20110627220585,1638417.4864780502
621.4285714285714,481.42857142857144,1777.1428571428573,16.200226246581696,1654121.876303291
621.4285714285714,481.42857142857144,1942.857142857143,16.199434462148048,1666518.194153279
621.4285714285714,481.42857142857144,2108.5714285714284,16.19872081481447,1676331.7515028731
621.4285714285714,481.42857142857144,2274.285714285714,16.198076050448186,1684118.324664947
621.4285714285714,481.42857142857144,2440.0,16.197491913624003,1690304.997409531
621.4285714285714,481.42857142857144,2605.714285714286,16.196961148808025,1695221.522703989
621.4285714285714,481.42857142857144,2771.4285714285716,16.196477431946832,1699123.9672522845
621.4285714285714,481.42857142857144,2937.1428571428573,16.196035274271154,1702212.4097497058
621.4285714285714,481.42857142857144,3102.857142857143,16.19562991998066,1704644.1718476538
621.4285714285714,481.42857142857144,3268.571428571429,16.195257248417487,1706543.7306125103
621.4285714285714,481.42857142857144,3434.2857142857147,16.194913685366746,1708010.1752700421
621.4285714285714,481.42857142857144,3600.0,16.194596124981725,1709122.8459691755
621.4285714285714,528.5714285714286,120.0,16.212574457405797,1446983.4396338784
621.4285714285714,528.5714285714286,285.7142857142857,16.211499449804837,1309560.3135965245
621.4285714285714,528.5714285714286,451.42857142857144,16.210128221304654,1369758.135253834
621.4285714285714,528.5714285714286,617.1428571428571,16.208643005904335,1445423.7645291856
621.4285714285714,528.5714285714286,782.8571428571429,16.207162895156486,1512164.828839739
621.4285714285714,528.5714285714286,948.5714285714287,16.205755300993452,1566697.5733660287
621.4285714285714,528.5714285714286,1114.2857142857142,16.20445250548764,1610125.327560588
621.4285714285714,528.5714285714286,1280.0,16.203265122376674,1644418.5863549558
621.4285714285714,528.5714285714286,1445.7142857142858,16.202191765539425,1671467.9788750035
621.4285714285714,528.5714285714286,1611.4285714285716,16.201225122174773,1692850.3477020545
621.4285714285714,528.5714285714286,1777.1428571428573,16.200355450449056,1709814.23653632
621.4285714285714,528.5714285714286,1942.857142857143,16.199572465503365,1723327.517914699
621.4285714285714,528.5714285714286,2108.5714285714284,16.198866286492727,1734134.848657823
621.4285714285714,528.5714285714286,2274.285714285714,16.19822786087991,1742808.724886475
621.4285714285714,528.5714285714286,2440.0,16.197649108819384,1749790.5419362166
621.4285714285714,528.5714285714286,2605.714285714286,16.19712292460012,1755422.2459969993
621.4285714285714,528.5714285714286,2771.4285714285716,16.19664311052948,1759970.2753481402
621.4285714285714,528.5714285714286,2937.1428571428573,16.19620428373286,1763643.533304976
621.4285714285714,528.5714285714286,3102.857142857143,16.195801776882654,1766606.8612982708
621.4285714285714,528.5714285714286,3268.571428571429,16.195431543171754,1768991.1590638529
621.4285714285714,528.5714285714286,3434.2857142857147,16.19509007006305,1770901.0168926138
621.4285714285714,528.5714285714286,3600.0,16.19477430329669,1772420.50137753
621.4285714285714,575.7142857142858,120.0,16.21256334107931,1480030.1196588413
621.4285714285714,575.7142857142858,285.7142857142857,16.211488800082375,1345871.7793666278
621.4285714285714,575.7142857142858,451.42857142857144,16.210129230423373,1408196.8293214056
621.4285714285714,575.7142857142858,617.1428571428571,16.208660906656114,1486337.2744079507
621.4285714285714,575.7142857142858,782.8571428571429,16.20719956975161,1555477.3946951411
621.4285714285714,575.7142857142858,948.5714285714287,16.20581050867255,1612204.8169249222
621.4285714285714,575.7142857142858,1114.2857142857142,16.20452487521046,1657595.2420965757
621.4285714285714,575.7142857142858,1280.0,16.203352813759302,1693627.371298532
621.4285714285714,575.7142857142858,1445.7142857142858,16.202292848134004,1722212.4841875797
621.4285714285714,575.7142857142858,1611.4285714285716,16.201337767513646,1744951.2096983835
621.4285714285714,575.7142857142858,1777.1428571428573,16.200478014387272,1763115.200489707
621.4285714285714,575.7142857142858,1942.857142857143,16.199703511522003,1777693.2947991085
621.4285714285714,575.7142857142858,2108.5714285714284,16.199004579749683,1789448.5491301941
621.4285714285714,575.7142857142858,2274.285714285714,16.198372349439527,1798969.3304634455
621.4285714285714,575.7142857142858,2440.0,16.19779890066573,1806710.601688699
621.4285714285714,575.7142857142858,2605.714285714286,16.197277264675552,1813025.8591641206
621.4285714285714,575.7142857142858,2771.4285714285716,16.196801359694657,1818191.3613268335
621.4285714285714,575.7142857142858,2937.1428571428573,16.196365900328026,1822424.3652435138
621.4285714285714,575.7142857142858,3102.857142857143,16.195966300968912,1825896.8307401875
621.4285714285714,575.7142857142858,3268.571428571429,16.195598583257375,1828745.73811272
621.4285714285714,575.7142857142858,3434.2857142857147,16.195259292015706,1831080.8868466439
621.4285714285714,575.7142857142858,3600.0,16.19494542112288,1832990.8205430869
621.4285714285714,622.8571428571429,120.0,16.21255327561558,1511178.574323754
621.4285714285714,622.8571428571429,285.7142857142857,16.2114792552309,1380702.0418074832
621.4285714285714,622.8571428571429,451.42857142857144,16.210130766516194,1445144.3290024365
621.4285714285714,622.8571428571429,617.1428571428571,16.20867834971745,1525678.843986719
621.4285714285714,622.8571428571429,782.8571428571429,16.20723464706389,1597124.9785374422
621.4285714285714,622.8571428571429,948.5714285714287,16.20586300039637,1655956.6408106694
621.4285714285714,622.8571428571429,1114.2857142857142,16.204593525098822,1703226.5694994442
621.4285714285714,622.8571428571429,1280.0,16.203435932524684,1740922.9337439914
621.4285714285714,622.8571428571429,1445.7142857142858,16.202388659827076,1770977.5836961165
621.4285714285714,622.8571428571429,1611.4285714285716,16.20144458560643,1795014.3105132687
621.4285714285714,622.8571428571429,1777.1428571428573,16.20059431801022,1814327.0606369472
621.4285714285714,622.8571428571429,1942.857142857143,16.199827967796548,1829924.7960158354
621.4285714285714,622.8571428571429,2108.5714285714284,16.199136039251865,1842588.1789100699
621.4285714285714,622.8571428571429,2274.285714285714,16.19850982974922,1852920.731733256
621.4285714285714,622.8571428571429,2440.0,16.197941565868497,1861390.3561849883
621.4285714285714,622.8571428571429,2605.714285714286,16.197424404723375,1868361.5541193876
621.4285714285714,622.8571428571429,2771.4285714285716,16.196952371394456,1874119.9361391927
621.4285714285714,622.8571428571429,2937.1428571428573,16.196520270612357,1878890.7127001865
621.4285714285714,622.8571428571429,3102.857142857143,16.196123592548183,1882852.620155708
621.4285714285714,622.8571428571429,3268.571428571429,16.195758422496453,1886148.4275035288
621.4285714285714,622.8571428571429,3434.2857142857147,16.195421358777406,1888892.8940347931
621.4285714285714,622.8571428571429,3600.0,16.195109440298257,1891178.8269052163
621.4285714285714,670.0,120.0,16.212544138997714,1540615.9631986772
621.4285714285714,670.0,285.7142857142857,16.21147065347386,1414203.446512377
621.4285714285714,670.0,451.42857142857144,16.21013270320273,1480761.1206365991
621.4285714285714,670.0,617.1428571428571,16.208695296283327,1563622.1529685894
621.4285714285714,670.0,782.8571428571429,16.20726819537204,1637294.6464923238
621.4285714285714,670.0,948.5714285714287,16.205912947481284,1698152.5376986458
621.4285714285714,670.0,1114.2857142857142,16.204658713153215,1747229.9496299042
621.4285714285714,670.0,1280.0,16.203514802749144,1786525.7445898852
621.4285714285714,670.0,1445.7142857142858,16.2024795704289,1817992.3407869623
621.4285714285714,670.0,1611.4285714285716,16.20154597399482,1843276.1898518645
621.4285714285714,670.0,1777.1428571428573,16.20070477159998,1863692.8509787787
621.4285714285714,670.0,1942.857142857143,16.19994624534039,1880270.697770331
621.4285714285714,670.0,2108.5714285714284,16.19926106738683,1893807.322855931
621.4285714285714,670.0,2274.285714285714,16.198640688443515,1904920.7932664717
621.4285714285714,670.0,2440.0,16.19807746999682,1914091.411300919
621.4285714285714,670.0,2605.714285714286,16.19756468538198,1921694.2170864942
621.4285714285714,670.0,2771.4285714285716,16.19709645860909,1928023.7712165592
621.4285714285714,670.0,2937.1428571428573,16.196667678066696,1933312.892914487
621.4285714285714,670.0,3102.857142857143,16.19627390444558,1937746.8003398469
621.4285714285714,670.0,3268.571428571429,16.195911282427716,1941473.7992198495
621.4285714285714,670.0,3434.2857142857147,16.195576460370468,1944613.3930454808
621.4285714285714,670.0,3600.0,16.195266519401677,1947262.467742072
621.4285714285714,717.1428571428572,120.0,16.212535830588227,1568498.6793444029
621.4285714285714,717.1428571428572,285.7142857142857,16.211462866485693,1446501.6785913992
621.4285714285714,717.1428571428572,451.42857142857144,16.21013494750996,1515179.0298901694
621.4285714285714,717.1428571428572,617.1428571428571,16.20871173217604,1600309.5595173198
621.4285714285714,717.1428571428572,782.8571428571429,16.207300295705434,1676139.540993785
621.4285714285714,717.1428571428572,948.5714285714287,16.205960523212422,1738955.7014948092
621.4285714285714,717.1428571428572,1114.2857142857142,16.20472069178019,1789777.618029809
621.4285714285714,717.1428571428572,1280.0,16.203589739193884,1830616.0326464367
621.4285714285714,717.1428571428572,1445.7142857142858,16.202565940352347,1863443.9867051407
621.4285714285714,717.1428571428572,1611.4285714285716,16.201642323824107,1889930.1859137581
621.4285714285714,717.1428571428572,1777.1428571428573,16.200809784482537,1911411.2269834906
621.4285714285714,717.1428571428572,1942.857142857143,16.200058761484915,1928934.2861526983
621.4285714285714,717.1428571428572,2108.5714285714284,16.199380081450126,1943313.305362032
621.4285714285714,717.1428571428572,2274.285714285714,16.198765336550743,1955180.3689085415
621.4285714285714,717.1428571428572,2440.0,16.198207013065502,1965027.7138763466
621.4285714285714,717.1428571428572,2605.714285714286,16.197698492100372,1973240.5135028553
621.4285714285714,717.1428571428572,2771.4285714285716,16.197233989617125,1980121.9290380322
621.4285714285714,717.1428571428572,2937.1428571428573,16.196808471939747,1985912.0886853936
621.4285714285714,717.1428571428572,3102.857142857143,16.196417565602818,1990802.435679468
621.4285714285714,717.1428571428572,3268.571428571429,16.1960574708612,1994946.5926994993
621.4285714285714,717.1428571428572,3434.2857142857147,16.195724882998434,1998468.6191463692
621.4285714285714,717.1428571428572,3600.0,16.19541692282453,2001469.318149104
621.4285714285714,764.2857142857143,120.0,16.212528266214804,1594959.2260012676
621.4285714285714,764.2857142857143,285.7142857142857,16.21145579085895,1477701.9021742241
621.4285714285714,764.2857142857143,451.42857142857144,16.210137430033424,1548507.8909188225
621.4285714285714,764.2857142857143,617.1428571428571,16.208727658467524,1635859.4275098077
621.4285714285714,764.2857142857143,782.8571428571429,16.20733103349709,1713786.8404053587
621.4285714285714,764.2857142857143,948.5714285714287,16.206005895182425,1778501.5583168808
621.4285714285714,764.2857142857143,1114.2857142857142,16.204779700027014,1831012.4391803087
621.4285714285714,764.2857142857143,1280.0,16.203661038545455,1873343.2527232901
621.4285714285714,764.2857142857143,1445.7142857142858,16.202648110053158,1907487.7617129232
621.4285714285714,764.2857142857143,1611.4285714285716,16.201734006833647,1935136.5950379467
621.4285714285714,764.2857142857143,1777.1428571428573,16.200909749086275,1957646.8964877627
621.4285714285714,764.2857142857143,1942.857142857143,16.20016592067461,1976084.1189506187
621.4285714285714,764.2857142857143,2108.5714285714284,16.199493490969953,1991278.0488820157
621.4285714285714,764.2857142857143,2274.285714285714,16.198884183237475,2003874.3281361177
621.4285714285714,764.2857142857143,2440.0,16.198330599663134,2014376.7215601201
621.4285714285714,764.2857142857143,2605.714285714286,16.19782622166817,2023180.180830307
621.4285714285714,764.2857142857143,2771.4285714285716,16.197365350984068,2030596.1615851466
621.4285714285714,764.2857142857143,2937.1428571428573,16.196943026778822,2036871.837821907
621.4285714285714,764.2857142857143,3102.857142857143,16.196554937252387,2042204.652182365
621.4285714285714,764.2857142857143,3268.571428571429,16.19619733480842,2046753.350886948
621.4285714285714,764.2857142857143,3434.2857142857147,16.195866958851102,2050646.3833613738
621.4285714285714,764.2857142857143,3600.0,16.195560967572103,2053988.327445592
621.4285714285714,811.4285714285714,120.0,16.212521374614912,1620111.2190269495
621.4285714285714,811.4285714285714,285.7142857142857,16.211449342111585,1507893.1974490501
621.4285714285714,811.4285714285714,451.42857142857144,16.210140098320235,1580840.352515638
621.4285714285714,811.4285714285714,617.1428571428571,16.20874308559516,1670371.3991714795
621.4285714285714,811.4285714285714,782.8571428571429,16.207360493889965,1750343.4821619266
621.4285714285714,811.4285714285714,948.5714285714287,16.206049221563752,1816903.8979807845
621.4285714285714,811.4285714285714,1114.2857142857142,16.204835960258126,1871054.3979630112
621.4285714285714,811.4285714285714,1280.0,16.203728975848897,1914832.889588867
621.4285714285714,811.4285714285714,1445.7142857142858,16.202726395623063,1950253.9879283593
621.4285714285714,811.4285714285714,1611.4285714285716,16.201821369619516,1979029.9747629056
621.4285714285714,811.4285714285714,1777.1428571428573,16.201005033500852,2002538.1194442797
621.4285714285714,811.4285714285714,1942.857142857143,16.200268105055763,2021861.6933699343
621.4285714285714,811.4285714285714,2108.5714285714284,16.199601686148718,2037845.8852205926
621.4285714285714,811.4285714285714,2274.285714285714,16.198997621997123,2051149.4902660826
621.4285714285714,811.4285714285714,2440.0,16.19844862283632,2062287.4424831194
621.4285714285714,811.4285714285714,2605.714285714286,16.197948263784596,2071664.1589426294
621.4285714285714,811.4285714285714,2771.4285714285716,16.19749092683506,2079599.1189646316
621.4285714285714,811.4285714285714,2937.1428571428573,16.197071719446274,2086346.3094221528
621.4285714285714,811.4285714285714,3102.857142857143,16.196686387732466,2092108.9724229279
621.4285714285714,811.4285714285714,3268.571428571429,16.19633123316016,2097050.806185038
621.4285714285714,811.4285714285714,3434.2857142857147,16.19600303671548,2101304.502881316
621.4285714285714,811.4285714285714,3600.0,16.195698991881393,2104978.288431583
621.4285714285714,858.5714285714287,120.0,16.212515094807475,1644053.1054040277
621.4285714285714,858.5714285714287,285.7142857142857,16.211443450381164,1537151.8380125654
621.4285714285714,858.5714285714287,451.42857142857144,16.210142912315547,1612255.418553478
621.4285714285714,858.5714285714287,617.1428571428571,16.20875802961232,1703930.2737159203
621.4285714285714,858.5714285714287,782.8571428571429,16.20738875915767,1785900.3695868354
621.4285714285714,858.5714285714287,948.5714285714287,16.206090649550227,1854259.3791635747
621.4285714285714,858.5714285714287,1114.2857142857142,16.204889677208815,1910005.368498628
621.4285714285714,858.5714285714287,1280.0,16.203793803693607,1955191.4562818676
621.4285714285714,858.5714285714287,1445.7142857142858,16.20280108765895,1991853.2655874067
621.4285714285714,858.5714285714287,1611.4285714285716,16.20190473181207,2021724.5100324368
621.4285714285714,858.5714285714287,1777.1428571428573,16.201095978671887,2046202.2197207098
621.4285714285714,858.5714285714287,1942.857142857143,16.200365670474593,2066387.0825294582
621.4285714285714,858.5714285714287,2108.5714285714284,16.19970503251662,2083139.298926398
621.4285714285714,858.5714285714287,2274.285714285714,16.199106023863592,2097130.4596494103
621.4285714285714,858.5714285714287,2440.0,16.198561455808974,2108886.3494674233
621.4285714285714,858.5714285714287,2605.714285714286,16.198064991260065,2118820.572521289
621.4285714285714,858.5714285714287,2771.4285714285716,16.19761108753824,2127260.390808604
621.4285714285714,858.5714285714287,2937.1428571428573,16.197194916300905,2134466.3964770716
621.4285714285714,858.5714285714287,3102.857142857143,16.196812278194415,2140647.4527055104
621.4285714285714,858.5714285714287,3268.571428571429,16.19645952095633,2145972.056504053
621.4285714285714,858.5714285714287,3434.2857142857147,16.19613346484984,2150577.0111386026
621.4285714285714,858.5714285714287,3600.0,16.195831336744533,2154574.0773124513
621.4285714285714,905.7142857142858,120.0,16.21250937411322,1666870.9800301087
621.4285714285714,905.7142857142858,285.7142857142857,16.2114380572687,1565543.758174139
621.4285714285714,905.7142857142858,451.42857142857144,16.21014584116553,1642821.1065507042
621.4285714285714,905.7142857142858,617.1428571428571,16.2087725097732,1736608.9159756578
621.4285714285714,905.7142857142858,782.8571428571429,16.20741590736486,1820535.5242935282
621.4285714285714,905.7142857142858,948.5714285714287,16.206130314990833,1890650.9040286175
621.4285714285714,905.7142857142858,1114.2857142857142,16.20494103828966,1947952.6856302302
621.4285714285714,905.7142857142858,1280.0,16.20385575282663,1994510.237307287
621.4285714285714,905.7142857142858,1445.7142857142858,16.202872451842396,2032380.3647104022
621.4285714285714,905.7142857142858,1611.4285714285716,16.201984386331674,2063318.0326346827
621.4285714285714,905.7142857142858,1777.1428571428573,16.201182898103752,2088739.7142777734
621.4285714285714,905.7142857142858,1942.857142857143,16.20045894545538,2109763.1588707487
621.4285714285714,905.7142857142858,2108.5714285714284,16.199803869062357,2127263.2316998183
621.4285714285714,905.7142857142858,2274.285714285714,16.199209734611568,2141923.9998290683
621.4285714285714,905.7142857142858,2440.0,16.198669448200395,2154281.8143894225
621.4285714285714,905.7142857142858,2605.714285714286,16.198176755223997,2164759.217523649
621.4285714285714,905.7142857142858,2771.4285714285716,16.19772618389239,2173691.0379657834
621.4285714285714,905.7142857142858,2937.1428571428573,16.197312966368624,2181344.286926001
621.4285714285714,905.7142857142858,3102.857142857143,16.19693295476946,2187933.2884848374
621.4285714285714,905.7142857142858,3268.571428571429,16.196582540568365,2193631.200768645
621.4285714285714,905.7142857142858,3434.2857142857147,16.196258581206283,2198578.8197286935
621.4285714285714,905.7142857142858,3600.0,16.195958335199016,2202891.3388736383
621.4285714285714,952.8571428571429,120.0,16.21250416663863,1688640.7552594184
621.4285714285714,952.8571428571429,285.7142857142857,16.21143311348402,1593126.4418582649
621.4285714285714,952.8571428571429,451.42857142857144,16.210148860932726,1672596.4780560054
621.4285714285714,952.8571428571429,617.1428571428571,16.20878654696786,1768470.4749287143
621.4285714285714,952.8571428571429,782.8571428571429,16.207442011757966,1854316.4889270838
621.4285714285714,952.8571428571429,948.5714285714287,16.206168342665347,1926150.1893325911
621.4285714285714,952.8571428571429,1114.2857142857142,16.20499021451865,1984971.865498533
621.4285714285714,952.8571428571429,1280.0,16.20391503346453,2032868.1398594484
621.4285714285714,952.8571428571429,1445.7142857142858,16.202940730366187,2071917.189529093
621.4285714285714,952.8571428571429,1611.4285714285716,16.20206060070299,2103895.0832660003
621.4285714285714,952.8571428571429,1777.1428571428573,16.20126607888001,2130237.459280712
621.4285714285714,952.8571428571429,1942.857142857143,16.200548231788392,2152078.8126099105
621.4285714285714,952.8571428571429,2108.5714285714284,16.199898508287028,2170308.363176108
621.4285714285714,952.8571428571429,2274.285714285714,16.19930907420538,2185622.368131802
621.4285714285714,952.8571428571429,2440.0,16.198772924822034,2198567.4893348385
621.4285714285714,952.8571428571429,2605.714285714286,16.198283883241167,2209574.9827413345
621.4285714285714,952.8571428571429,2771.4285714285716,16.197836544548544,2218987.049219995
621.4285714285714,952.8571428571429,2937.1428571428573,16.19742619806578,2227076.9510637545
621.4285714285714,952.8571428571429,3102.857142857143,16.197048744597787,2234064.3286388046
621.4285714285714,952.8571428571429,3268.571428571429,16.19670061704407,2240126.8767790473
621.4285714285714,952.8571428571429,3434.2857142857147,16.196378708105204,2245409.2770417524
621.4285714285714,952.8571428571429,3600.0,16.196080306348577,2250030.0634522242
621.4285714285714,1000.0,120.0,16.212499432097772,1709429.856815518
621.4285714285714,1000.0,285.7142857142857,16.211428577061273,1619950.3904034842
621.4285714285714,1000.0,451.42857142857144,16.210151952937668,1701633.2127372348
621.4285714285714,1000.0,617.1428571428571,16.208800162707384,1799570.1015454964
621.4285714285714,1000.0,782.8571428571429,16.20746714058484,1887302.1863661734
621.4285714285714,1000.0,948.5714285714287,16.206204846888127,1960819.7551335378
621.4285714285714,1000.0,1114.2857142857142,16.205037361734526,2021128.7094490002
621.4285714285714,1000.0,1280.0,16.203971836901527,2070333.8986152783
621.4285714285714,1000.0,1445.7142857142858,16.20300614372993,2110535.070866184
621.4285714285714,1000.0,1611.4285714285716,16.202133618858596,2143529.279604257
621.4285714285714,1000.0,1777.1428571428573,16.20134578332974,2170771.083466563
621.4285714285714,1000.0,1942.857142857143,16.20063380594641,2193411.4414241323
621.4285714285714,1000.0,2108.5714285714284,16.199989237287035,2212353.649245459
621.4285714285714,1000.0,2274.285714285714,16.199404337487856,2228305.896066425
621.4285714285714,1000.0,2440.0,16.19887218593077,2241824.9234930095
621.4285714285714,1000.0,2605.714285714286,16.198386679102498,2253350.498436671
621.4285714285714,1000.0,2771.4285714285716,16.197942475322666,2263232.017615638
621.4285714285714,1000.0,2937.1428571428573,16.197534918026573,2271748.842092697
621.4285714285714,1000.0,3102.857142857143,16.197159954170104,2279125.7972821235
621.4285714285714,1000.0,3268.571428571429,16.196814055967234,2285545.0017401488
621.4285714285714,1000.0,3434.2857142857147,16.19649414962041,2291154.9253142094
621.4285714285714,1000.0,3600.0,16.196197552283632,2296077.3586164457
657.1428571428571,10.0,120.0,16.212870819109586,813979.897913833
657.1428571428571,10.0,285.7142857142857,16.211883008607217,672709.3666124879
657.1428571428571,10.0,451.42857142857144,16.21039641944107,686472.6718720162
657.1428571428571,10.0,617.1428571428571,16.20869373685825,705056.1308157147
657.1428571428571,10.0,782.8571428571429,16.206980126969356,716039.907465143
657.1428571428571,10.0,948.5714285714287,16.205378462517125,719472.5794653432
657.1428571428571,10.0,1114.2857142857142,16.203944403610944,717354.7944165849
657.1428571428571,10.0,1280.0,16.20269092767141,711630.0626599788
657.1428571428571,10.0,1445.7142857142858,16.201608760387497,703773.2756127128
657.1428571428571,10.0,1611.4285714285716,16.200679292140958,694800.635404608
657.1428571428571,10.0,1777.1428571428573,16.19988155834704,685375.8451878568
657.1428571428571,10.0,1942.857142857143,16.199195552131318,675915.6898876342
657.1428571428571,10.0,2108.5714285714284,16.19860353918449,666671.7549620589
657.1428571428571,10.0,2274.285714285714,16.19809037902824,657788.000238515
657.1428571428571,10.0,2440.0,16.19764339857322,649339.5571404645
657.1428571428571,10.0,2605.714285714286,16.197252095267007,641358.2731055829
657.1428571428571,10.0,2771.4285714285716,16.196907801978398,633849.3128926845
657.1428571428571,10.0,2937.1428571428573,16.19660337128087,626801.8587317197
657.1428571428571,10.0,3102.857142857143,16.196332900241494,620195.9600301262
657.1428571428571,10.0,3268.571428571429,16.1960914998181,614006.8843071156
657.1428571428571,10.0,3434.2857142857147,16.19587510572526,608207.8507398821
657.1428571428571,10.0,3600.0,16.195680325091047,602771.718513525
657.1428571428571,57.142857142857146,120.0,16.212769665541558,985730.6277285528
657.1428571428571,57.142857142857146,285.7142857142857,16.211691658948553,838550.4825444956
657.1428571428571,57.142857142857146,451.42857142857144,16.210123531536176,867479.5326452974
657.1428571428571,57.142857142857146,617.1428571428571,16.208339253562848,903648.6304866009
657.1428571428571,57.142857142857146,782.8571428571429,16.206531454914884,931096.5732548448
657.1428571428571,57.142857142857146,948.5714285714287,16.204816199976733,949050.6962760137
657.1428571428571,57.142857142857146,1114.2857142857142,16.203249608648303,959382.8688138098
657.1428571428571,57.142857142857146,1280.0,16.201849305132235,964160.3426918006
657.1428571428571,57.142857142857146,1445.7142857142858,16.2006118313264,965079.3904037966
657.1428571428571,57.142857142857146,1611.4285714285716,16.199523865582794,963403.0022638753
657.1428571428571,57.142857142857146,1777.1428571428573,16.198568572603445,960031.6197712271
657.1428571428571,57.142857142857146,1942.857142857143,16.1977288649929,955593.1203736016
657.1428571428571,57.142857142857146,2108.5714285714284,16.196988903084314,950519.7663230362
657.1428571428571,57.142857142857146,2274.285714285714,16.196334657253267,945106.4908156914
657.1428571428571,57.142857142857146,2440.0,16.19575400220467,939552.8194232484
657.1428571428571,57.142857142857146,2605.714285714286,16.195236596909734,933992.2995761859
657.1428571428571,57.142857142857146,2771.4285714285716,16.194773681575406,928512.9341347266
657.1428571428571,57.142857142857146,2937.1428571428573,16.194357856526306,923171.3111127496
657.1428571428571,57.142857142857146,3102.857142857143,16.193982872785664,918002.3710672276
657.1428571428571,57.142857142857146,3268.571428571429,16.193643446163144,913026.1699060323
657.1428571428571,57.142857142857146,3434.2857142857147,16.193335097800347,908252.5729802974
657.1428571428571,57.142857142857146,3600.0,16.193054020037025,903684.5217874864
657.1428571428571,104.28571428571429,120.0,16.212716611542586,1087650.1599013705
657.1428571428571,104.28571428571429,285.7142857142857,16.211612914483894,937108.0383176568
657.1428571428571,104.28571428571429,451.42857142857144,16.210046709291696,972960.8544862235
657.1428571428571,104.28571428571429,617.1428571428571,16.20828000202348,1017862.7666958708
657.1428571428571,104.28571428571429,782.8571428571429,16.206492568459833,1053788.6882637583
657.1428571428571,104.28571428571429,948.5714285714287,16.20479172726749,1079437.650875724
657.1428571428571,104.28571428571429,1114.2857142857142,16.203229868292954,1096554.7642969424
657.1428571428571,104.28571428571429,1280.0,16.201824286626934,1107225.933052654
657.1428571428571,104.28571428571429,1445.7142857142858,16.20057287159864,1113224.4053331893
657.1428571428571,104.28571428571429,1611.4285714285716,16.199464200157152,1115910.0676882016
657.1428571428571,104.28571428571429,1777.1428571428573,16.198483307646764,1116281.674169291
657.1428571428571,104.28571428571429,1942.857142857143,16.197614711945455,1115058.2251188918
657.1428571428571,104.28571428571429,2108.5714285714284,16.19684385395921,1112752.5357031412
657.1428571428571,104.28571428571429,2274.285714285714,16.196157680212096,1109728.8498615383
657.1428571428571,104.28571428571429,2440.0,16.195544785627355,1106245.3973044092
657.1428571428571,104.28571428571429,2605.714285714286,16.194995346198713,1102485.0017052726
657.1428571428571,104.28571428571429,2771.4285714285716,16.194500963218687,1098576.8365357793
657.1428571428571,104.28571428571429,2937.1428571428573,16.19405448104194,1094611.8261026216
657.1428571428571,104.28571428571429,3102.857142857143,16.193649808226265,1090653.5502449805
657.1428571428571,104.28571428571429,3268.571428571429,16.193281755003675,1086745.9853666332
657.1428571428571,104.28571428571429,3434.2857142857147,16.19294589142111,1082919.0208671263
657.1428571428571,104.28571428571429,3600.0,16.192638426302413,1079192.4077852312
657.1428571428571,151.42857142857144,120.0,16.212678717596315,1166732.1070406847
657.1428571428571,151.42857142857144,285.7142857142857,16.211563709019195,1014597.8615778714
657.1428571428571,151.42857142857144,451.42857142857144,16.210012235849916,1055297.8861401065
657.1428571428571,151.42857142857144,617.1428571428571,16.208274959814926,1106489.8194040328
657.1428571428571,151.42857142857144,782.8571428571429,16.20652108988979,1148599.4236856569
657.1428571428571,151.42857142857144,948.5714285714287,16.204850726910287,1179914.170509368
657.1428571428571,151.42857142857144,1114.2857142857142,16.20331280153298,1202073.7764357387
657.1428571428571,151.42857142857144,1280.0,16.20192373850256,1217168.754422633
657.1428571428571,151.42857142857144,1445.7142857142858,16.20068192880281,1227020.6441455274
657.1428571428571,151.42857142857144,1611.4285714285716,16.199577009682702,1233052.936586553
657.1428571428571,151.42857142857144,1777.1428571428573,16.198595191929293,1236329.9954275892
657.1428571428571,151.42857142857144,1942.857142857143,16.19772207870197,1237632.2961742943
657.1428571428571,151.42857142857144,2108.5714285714284,16.19694403139722,1237527.5166886311
657.1428571428571,151.42857142857144,2274.285714285714,16.196248741438232,1236427.5439918197
657.1428571428571,151.42857142857144,2440.0,16.1956253894996,1234631.3330751774
657.1428571428571,151.42857142857144,2605.714285714286,16.195064603517466,1232356.2087367692
657.1428571428571,151.42857142857144,2771.4285714285716,16.19455832872813,1229760.4363629261
657.1428571428571,151.42857142857144,2937.1428571428573,16.194099668337476,1226959.4251453264
657.1428571428571,151.42857142857144,3102.857142857143,16.193682723698924,1224037.3622361172
657.1428571428571,151.42857142857144,3268.571428571429,16.193302447047536,1221055.5895650855
657.1428571428571,151.42857142857144,3434.2857142857147,16.192954511623494,1218058.660963911
657.1428571428571,151.42857142857144,3600.0,16.19263519992365,1215078.7439437087
657.1428571428571,198.57142857142858,120.0,16.212649047622993,1233008.0068196647
657.1428571428571,198.57142857142858,285.7142857142857,16.21152861650714,1080618.560246654
657.1428571428571,198.57142857142858,451.42857142857144,16.20999505632157,1125220.3990757633
657.1428571428571,198.57142857142858,617.1428571428571,16.208288546853485,1181496.033093249
657.1428571428571,198.57142857142858,782.8571428571429,16.20656948016657,1228626.568772214
657.1428571428571,198.57142857142858,948.5714285714287,16.204931986180778,1264560.2598415364
657.1428571428571,198.57142857142858,1114.2857142857142,16.203422011882534,1290848.6249274162
657.1428571428571,198.57142857142858,1280.0,16.202055056386957,1309583.818431394
657.1428571428571,198.57142857142858,1445.7142857142858,16.200829708392092,1322624.2140296574
657.1428571428571,198.57142857142858,1611.4285714285716,16.199736297327796,1331442.3724293942
657.1428571428571,198.57142857142858,1777.1428571428573,16.19876186890703,1337153.4265126225
657.1428571428571,198.57142857142858,1942.857142857143,16.19789283268052,1340585.536650194
657.1428571428571,198.57142857142858,2108.5714285714284,16.197116257972958,1342349.0622200733
657.1428571428571,198.57142857142858,2274.285714285714,16.196420427245847,1342893.08805013
657.1428571428571,198.57142857142858,2440.0,16.195795000489987,1342548.4960236542
657.1428571428571,198.57142857142858,2605.714285714286,16.195230987523527,1341559.7789668543
657.1428571428571,198.57142857142858,2771.4285714285716,16.194720634437243,1340108.218433252
657.1428571428571,198.57142857142858,2937.1428571428573,16.194257279704207,1338328.6887165562
657.1428571428571,198.57142857142858,3102.857142857143,16.193835207697962,1336321.8399856635
657.1428571428571,198.57142857142858,3268.571428571429,16.193449512449167,1334162.955845106
657.1428571428571,198.57142857142858,3434.2857142857147,16.19309597664883,1331908.4212273909
657.1428571428571,198.57142857142858,3600.0,16.192770966947233,1329600.4700432562
657.1428571428571,245.71428571428572,120.0,16.212624714038835,1290712.2352919744
657.1428571428571,245.71428571428572,285.7142857142857,16.211501784952045,1139139.4562467558
657.1428571428571,245.71428571428572,451.42857142857144,16.209986607701804,1187122.262513089
657.1428571428571,245.71428571428572,617.1428571428571,16.208309672982047,1247757.9907699572
657.1428571428571,245.71428571428572,782.8571428571429,16.206623861833183,1299196.452922952
657.1428571428571,245.71428571428572,948.5714285714287,16.20501827159202,1339098.6907859808
657.1428571428571,245.71428571428572,1114.2857142857142,16.203536281746242,1368941.8286108882
657.1428571428571,245.71428571428572,1280.0,16.202192515807948,1390819.716493473
657.1428571428571,245.71428571428572,1445.7142857142858,16.2009856249848,1406621.8249841263
657.1428571428571,245.71428571428572,1611.4285714285716,16.199906431635675,1417861.8203212295
657.1428571428571,245.71428571428572,1777.1428571428573,16.19894261684328,1425697.2048407851
657.1428571428571,245.71428571428572,1942.857142857143,16.19808122366878,1430995.8719068968
657.1428571428571,245.71428571428572,2108.5714285714284,16.19730989058692,1434403.7423492305
657.1428571428571,245.71428571428572,2274.285714285714,16.196617384879932,1436400.9239395796
657.1428571428571,245.71428571428572,2440.0,16.19599376731767,1437344.971361416
657.1428571428571,245.71428571428572,2605.714285714286,16.195430373213647,1437503.1252012344
657.1428571428571,245.71428571428572,2771.4285714285716,16.194919710225427,1437075.9882138956
657.1428571428571,245.71428571428572,2937.1428571428573,16.19445532569799,1436214.8209640316
657.1428571428571,245.71428571428572,3102.857142857143,16.19403167018671,1435034.1738136383
657.1428571428571,245.71428571428572,3268.571428571429,16.193643969667505,1433621.1377614408
657.1428571428571,245.71428571428572,3434.2857142857147,16.19328811147629,1432042.1488284233
657.1428571428571,245.71428571428572,3600.0,16.19296054520266,1430348.0195701558
657.1428571428571,292.8571428571429,120.0,16.21260419022882,1342115.4387148472
657.1428571428571,292.8571428571429,285.7142857142857,16.21148035729142,1192251.1218448405
657.1428571428571,292.8571428571429,451.42857142857144,16.209983095739396,1243298.8866338618
657.1428571428571,292.8571428571429,617.1428571428571,16.208333891496704,1307812.856398537
657.1428571428571,292.8571428571429,782.8571428571429,16.206679112664343,1363074.7099052693
657.1428571428571,292.8571428571429,948.5714285714287,16.20510353940135,1406498.7189104648
657.1428571428571,292.8571428571429,1114.2857142857142,16.203648322381085,1439499.0207921718
657.1428571428571,292.8571428571429,1280.0,16.202327282425156,1464172.260019792
657.1428571428571,292.8571428571429,1445.7142857142858,16.20113906634633,1482435.7834215923
657.1428571428571,292.8571428571429,1611.4285714285716,16.200074868037422,1495839.4295341603
657.1428571428571,292.8571428571429,1777.1428571428573,16.199122874341647,1505577.7097089202
657.1428571428571,292.8571428571429,1942.857142857143,16.19827064493121,1512553.0962078616
657.1428571428571,292.8571428571429,2108.5714285714284,16.19750629031681,1517442.4067650528
657.1428571428571,292.8571428571429,2274.285714285714,16.19681898568808,1520752.6918427832
657.1428571428571,292.8571428571429,2440.0,16.196199133556494,1522864.6808470306
657.1428571428571,292.8571428571429,2605.714285714286,16.19563835044848,1524065.398776979
657.1428571428571,292.8571428571429,2771.4285714285716,16.195129373015355,1524572.2763150192
657.1428571428571,292.8571428571429,2937.1428571428573,16.194665933971226,1524550.869826399
657.1428571428571,292.8571428571429,3102.857142857143,16.1942426334654,1524127.879302883
657.1428571428571,292.8571428571429,3268.571428571429,16.19385481804351,1523400.736803161
657.1428571428571,292.8571428571429,3434.2857142857147,16.193498472205153,1522444.699559538
657.1428571428571,292.8571428571429,3600.0,16.193170123884897,1521318.1251246647
657.1428571428571,340.0,120.0,16.212586555099772,1388607.5104182677
657.1428571428571,340.0,285.7142857142857,16.21146272749112,1241212.3452704619
657.1428571428571,340.0,451.42857142857144,16.209982578384356,1295122.6194013904
657.1428571428571,340.0,617.1428571428571,16.208359172935378,1363172.0539631278
657.1428571428571,340.0,782.8571428571429,16.206733149113518,1421905.819199473
657.1428571428571,340.0,948.5714285714287,16.20518552798116,1468524.4430710608
657.1428571428571,340.0,1114.2857142857142,16.20375550528844,1504388.756844743
657.1428571428571,340.0,1280.0,16.202456172341662,1531599.6839209849
657.1428571428571,340.0,1445.7142857142858,16.20128613662583,1552100.5215534405
657.1428571428571,340.0,1611.4285714285716,16.200236883609215,1567473.9785581115
657.1428571428571,340.0,1777.1428571428573,16.199297015790236,1578947.882506655
657.1428571428571,340.0,1942.857142857143,16.198454525616665,1587455.6846305814
657.1428571428571,340.0,2108.5714285714284,16.1976979242249,1593701.8122688879
657.1428571428571,340.0,2274.285714285714,16.197016736796872,1598217.3630012611
657.1428571428571,340.0,2440.0,16.196401662019316,1601403.7436762578
657.1428571428571,340.0,2605.714285714286,16.195844562509418,1603565.6366908585
657.1428571428571,340.0,2771.4285714285716,16.19533837725269,1604935.5019665584
657.1428571428571,340.0,2937.1428571428573,16.194877004357366,1605691.6762895558
657.1428571428571,340.0,3102.857142857143,16.194455178787972,1605971.7344110685
657.1428571428571,340.0,3268.571428571429,16.194068356878365,1605882.3767774063
657.1428571428571,340.0,3434.2857142857147,16.193712612562862,1605506.7782082115
657.1428571428571,340.0,3600.0,16.1933845467103,1604910.0785697247
657.1428571428571,387.14285714285717,120.0,16.21257120334004,1431115.1736097257
657.1428571428571,387.14285714285717,285.7142857142857,16.211447905710447,1286849.6180099153
657.1428571428571,387.14285714285717,451.42857142857144,16.20998396438136,1343488.7954678896
657.1428571428571,387.14285714285717,617.1428571428571,16.2083845233635,1414818.4585919154
657.1428571428571,387.14285714285717,782.8571428571429,16.20678511844186,1476757.3376807575
657.1428571428571,387.14285714285717,948.5714285714287,16.205263456535466,1526320.1032012778
657.1428571428571,387.14285714285717,1114.2857142857142,16.203857001825625,1564822.6741065432
657.1428571428571,387.14285714285717,1280.0,16.202578183115705,1594371.8657066992
657.1428571428571,387.14285714285717,1445.7142857142858,16.201425550043144,1616935.7371239623
657.1428571428571,387.14285714285717,1611.4285714285716,16.200390823957825,1634127.5363038674
657.1428571428571,387.14285714285717,1777.1428571428573,16.199462957238904,1647205.7239990353
657.1428571428571,387.14285714285717,1942.857142857143,16.19863031235842,1657132.0813373276
657.1428571428571,387.14285714285717,2108.5714285714284,16.19788174658393,1664636.2072271476
657.1428571428571,387.14285714285717,2274.285714285714,16.19720709010245,1670271.0862351998
657.1428571428571,387.14285714285717,2440.0,16.196597301743726,1674456.9304654743
657.1428571428571,387.14285714285717,2605.714285714286,16.196044461910517,1677514.4780662563
657.1428571428571,387.14285714285717,2771.4285714285716,16.195541689982683,1679689.8582273277
657.1428571428571,387.14285714285717,2937.1428571428573,16.195083032626854,1681173.0379395506
657.1428571428571,387.14285714285717,3102.857142857143,16.194663346813286,1682111.4954452075
657.1428571428571,387.14285714285717,3268.571428571429,16.194278188997917,1682620.3794145402
657.1428571428571,387.14285714285717,3434.2857142857147,16.19392371532151,1682790.0889314294
657.1428571428571,387.14285714285717,3600.0,16.193596594241317,1682691.9590008324
657.1428571428571,434.28571428571433,120.0,16.21255771245154,1470294.6956898698
657.1428571428571,434.28571428571433,285.7142857142857,16.211435240591133,1329739.7469719753
657.1428571428571,434.28571428571433,451.42857142857144,16.209986599033765,1389018.6407546934
657.1428571428571,434.28571428571433,617.1428571428571,16.20840944102491,1463432.0149333337
657.1428571428571,434.28571428571433,782.8571428571429,16.20683471353504,1528366.597201926
657.1428571428571,434.28571428571433,948.5714285714287,16.205337170912497,1580675.3232756471
657.1428571428571,434.28571428571433,1114.2857142857142,16.203952730067225,1621636.6038825081
657.1428571428571,434.28571428571433,1280.0,16.202693216784496,1653364.7776986726
657.1428571428571,434.28571428571433,1445.7142857142858,16.201557113298918,1677851.9280353219
657.1428571428571,434.28571428571433,1611.4285714285716,16.20053633637228,1696740.131467732
657.1428571428571,434.28571428571433,1777.1428571428573,16.199620138446058,1711316.4546237304
657.1428571428571,434.28571428571433,1942.857142857143,16.19879720348788,1722568.982518018
657.1428571428571,434.28571428571433,2108.5714285714284,16.19805669209312,1731250.6077832994
657.1428571428571,434.28571428571433,2274.285714285714,16.197388703623496,1737934.5296653772
657.1428571428571,434.28571428571433,2440.0,16.19678442795901,1743058.31005335
657.1428571428571,434.28571428571433,2605.714285714286,16.196236140108567,1746957.493087033
657.1428571428571,434.28571428571433,2771.4285714285716,16.195737121604783,1749890.8124231687
657.1428571428571,434.28571428571433,2937.1428571428573,16.19528155343893,1752058.9617876953
657.1428571428571,434.28571428571433,3102.857142857143,16.194864403551268,1753618.5576572549
657.1428571428571,434.28571428571433,3268.571428571429,16.194481320009636,1754692.5488075167
657.1428571428571,434.28571428571433,3434.2857142857147,16.19412853463278,1755378.0091267095
657.1428571428571,434.28571428571433,3600.0,16.193802778486944,1755752.0021202608
657.1428571428571,481.42857142857144,120.0,16.21254577396727,1506632.1580569798
657.1428571428571,481.42857142857144,285.7142857142857,16.211424281863845,1370304.0318366194
657.1428571428571,481.42857142857144,451.42857142857144,16.20999007011889,1432163.4527221855
657.1428571428571,481.42857142857144,617.1428571428571,16.208433675008163,1509505.3204390886
657.1428571428571,481.42857142857144,782.8571428571429,16.20688188114687,1577266.953834905
657.1428571428571,481.42857142857144,948.5714285714287,16.2054067889629,1632160.8056106744
657.1428571428571,481.42857142857144,1114.2857142857142,16.20404292199572,1675434.4004663387
657.1428571428571,481.42857142857144,1280.0,16.20280155525525,1709211.2016326876
657.1428571428571,481.42857142857144,1445.7142857142858,16.20168109912347,1735506.8695317078
657.1428571428571,481.42857142857144,1611.4285714285716,16.200673635371235,1755991.0174455084
657.1428571428571,481.42857142857144,1777.1428571428573,16.19976867766018,1771977.7393504363
657.1428571428571,481.42857142857144,1942.857142857143,16.19895519294253,1784479.8279810841
657.1428571428571,481.42857142857144,2108.5714285714284,16.198222610735012,1794271.9805294517
657.1428571428571,481.42857142857144,2274.285714285714,16.197561270446183,1801946.278686537
657.1428571428571,481.42857142857144,2440.0,16.196962569097156,1807956.470394561
657.1428571428571,481.42857142857144,2605.714285714286,16.19641895704176,1812651.9033521481
657.1428571428571,481.42857142857144,2771.4285714285716,16.195923862630167,1816303.059126658
657.1428571428571,481.42857142857144,2937.1428571428573,16.19547158906182,1819120.6294241017
657.1428571428571,481.42857142857144,3102.857142857143,16.19505720572327,1821269.7500841988
657.1428571428571,481.42857142857144,3268.571428571429,16.194676444836862,1822880.64453961
657.1428571428571,481.42857142857144,3434.2857142857147,16.194325608078476,1824056.6149439875
657.1428571428571,481.42857142857144,3600.0,16.194001484593887,1824880.0731824902
657.1428571428571,528.5714285714286,120.0,16.21253515465905,1540500.346241177
657.1428571428571,528.5714285714286,285.7142857142857,16.211414706032027,1408861.2579033384
657.1428571428571,528.5714285714286,451.42857142857144,16.20999410837162,1473262.9838995917
657.1428571428571,528.5714285714286,617.1428571428571,16.208457108397297,1553408.2648914235
657.1428571428571,528.5714285714286,782.8571428571429,16.206926687472915,1623858.3207507196
657.1428571428571,528.5714285714286,948.5714285714287,16.205472542261443,1681204.1118051477
657.1428571428571,528.5714285714286,1114.2857142857142,16.20412793289743,1726668.2669132254
657.1428571428571,528.5714285714286,1280.0,16.202903629394402,1762384.9235296163
657.1428571428571,528.5714285714286,1445.7142857142858,16.201797968817452,1790393.0670335235
657.1428571428571,528.5714285714286,1611.4285714285716,16.200803174482164,1812388.8497757106
657.1428571428571,528.5714285714286,1777.1428571428573,16.199908990269265,1829712.1345107795
657.1428571428571,528.5714285714286,1942.857142857143,16.19910463490711,1843399.1342105388
657.1428571428571,528.5714285714286,2108.5714285714284,16.19837977864777,1854245.141990744
657.1428571428571,528.5714285714286,2274.285714285714,16.19772497686039,1862860.036208805
657.1428571428571,528.5714285714286,2440.0,16.1971318137593,1869712.7993245376
657.1428571428571,528.5714285714286,2605.714285714286,16.19659289882894,1875165.7606656568
657.1428571428571,528.5714285714286,2771.4285714285716,16.19610179420774,1879500.4456234344
657.1428571428571,528.5714285714286,2937.1428571428573,16.19565291490765,1882936.9434453752
657.1428571428571,528.5714285714286,3102.857142857143,16.195241423503965,1885648.3982967976
657.1428571428571,528.5714285714286,3268.571428571429,16.194863129833116,1887771.8734478012
657.1428571428571,528.5714285714286,3434.2857142857147,16.194514400257887,1889416.52903468
657.1428571428571,528.5714285714286,3600.0,16.19419207792291,1890669.809484206
657.1428571428571,575.7142857142858,120.0,16.212525673174227,1572193.223546078
657.1428571428571,575.7142857142858,285.7142857142857,16.21140627334257,1445659.5580063534
657.1428571428571,575.7142857142858,451.42857142857144,16.20999853283149,1512580.413093901
657.1428571428571,575.7142857142858,617.1428571428571,16.208479697979264,1595426.674022339
657.1428571428571,575.7142857142858,782.8571428571429,16.206969252828834,1668449.2940025518
657.1428571428571,575.7142857142858,948.5714285714287,16.205534702361373,1728134.9046921195
657.1428571428571,575.7142857142858,1114.2857142857142,16.20420815418393,1775686.7083670478
657.1428571428571,575.7142857142858,1280.0,16.202999913488984,1813251.006600062
657.1428571428571,575.7142857142858,1445.7142857142858,16.2019082443286,1842889.9924082814
657.1428571428571,575.7142857142858,1611.4285714285716,16.200925493044984,1866325.5734611512
657.1428571428571,575.7142857142858,1777.1428571428573,16.200041608512624,1884922.358427071
657.1428571428571,575.7142857142858,1942.857142857143,16.199246035501922,1899738.9219591497
657.1428571428571,575.7142857142858,2108.5714285714284,16.198528661541655,1911590.1534449123
657.1428571428571,575.7142857142858,2274.285714285714,16.197880237755232,1921102.8263910732
657.1428571428571,575.7142857142858,2440.0,16.197292518690066,1928760.3653917112
657.1428571428571,575.7142857142858,2605.714285714286,16.19675825915475,1934937.395253153
657.1428571428571,575.7142857142858,2771.4285714285716,16.196271143897214,1939925.89611557
657.1428571428571,575.7142857142858,2937.1428571428573,16.195825690751878,1943954.8513814704
657.1428571428571,575.7142857142858,3102.857142857143,16.195417148281756,1947204.9842766193
657.1428571428571,575.7142857142858,3268.571428571429,16.19504139818229,1949819.8319887766
657.1428571428571,575.7142857142858,3434.2857142857147,16.19469486690928,1951914.1004708011
657.1428571428571,575.7142857142858,3600.0,16.194374447941538,1953579.9999633231
657.1428571428571,622.8571428571429,120.0,16.212517185217262,1601947.93315075
657.1428571428571,622.8571428571429,285.7142857142857,16.211398801492734,1480896.597152362
657.1428571428571,622.8571428571429,451.42857142857144,16.210003219157763,1550324.4222882523
657.1428571428571,622.8571428571429,617.1428571428571,16.208501441610863,1635786.6605564277
657.1428571428571,622.8571428571429,782.8571428571429,16.20700971885112,1711283.6729983636
657.1428571428571,622.8571428571429,948.5714285714287,16.205593545883925,1773213.4187472844
657.1428571428571,622.8571428571429,1114.2857142857142,16.204283973254103,1822764.7061190533
657.1428571428571,622.8571428571429,1280.0,16.20309087670511,1862097.42897359
657.1428571428571,622.8571428571429,1445.7142857142858,16.202012448624888,1893296.966160564
657.1428571428571,622.8571428571429,1611.4285714285716,16.201041143490087,1918110.356640649
657.1428571428571,622.8571428571429,1777.1428571428573,16.200167094307453,1937926.1104891538
657.1428571428571,622.8571428571429,1942.857142857143,16.19937995035621,1953824.2798008171
657.1428571428571,622.8571428571429,2108.5714285714284,16.198669796653437,1966638.5103646282
657.1428571428571,622.8571428571429,2274.285714285714,16.198027562915073,1977011.7106528399
657.1428571428571,622.8571428571429,2440.0,16.197445159610258,1985441.0774266266
657.1428571428571,622.8571428571429,2605.714285714286,16.196915474996313,1992312.94952841
657.1428571428571,622.8571428571429,2771.4285714285716,16.196432306754094,1997929.2616820042
657.1428571428571,622.8571428571429,2937.1428571428573,16.19599026770741,2002527.4632609345
657.1428571428571,622.8571428571429,3102.857142857143,16.195584686089454,2006295.4907933783
657.1428571428571,622.8571428571429,3268.571428571429,16.1952115103689,2009383.0430936392
657.1428571428571,622.8571428571429,3434.2857142857147,16.19486722300325,2011910.1050987467
657.1428571428571,622.8571428571429,3600.0,16.194548764514348,2013973.4245251552
657.1428571428571,670.0,120.0,16.212509573748676,1629959.443047781
657.1428571428571,670.0,285.7142857142857,16.211392148844467,1514732.9125811078
657.1428571428571,670.0,451.42857142857144,16.210008080436378,1586663.7395469728
657.1428571428571,670.0,617.1428571428571,16.208522359911846,1674670.6378355222
657.1428571428571,670.0,782.8571428571429,16.207048231809754,1752557.885103532
657.1428571428571,670.0,948.5714285714287,16.205649338282083,1816649.1579313658
657.1428571428571,670.0,1114.2857142857142,16.20435575568791,1868123.53194173
657.1428571428571,670.0,1280.0,16.20317696158949,1909155.8608327638
657.1428571428571,670.0,1445.7142857142858,16.20211107866398,1941854.756380088
657.1428571428571,670.0,1611.4285714285716,16.201150657351953,1967991.8867868108
657.1428571428571,670.0,1777.1428571428573,16.200285997299428,1988978.9570374002
657.1428571428571,670.0,1942.857142857143,16.199506934048937,2005916.7481163936
657.1428571428571,670.0,2108.5714285714284,16.198803733219485,2019656.9471873126
657.1428571428571,670.0,2274.285714285714,16.19816748838715,2030857.9482542276
657.1428571428571,670.0,2440.0,16.19759025350296,2040030.1464451198
657.1428571428571,670.0,2605.714285714286,16.197065039966727,2047571.0956406102
657.1428571428571,670.0,2771.4285714285716,16.196585749948703,2053792.2551401444
657.1428571428571,670.0,2937.1428571428573,16.19614708438909,2058939.1715688847
657.1428571428571,670.0,3102.857142857143,16.19574444561608,2063206.6793173896
657.1428571428571,670.0,3268.571428571429,16.195373844356293,2066750.3691098976
657.1428571428571,670.0,3434.2857142857147,16.19503181541342,2069695.2740935758
657.1428571428571,670.0,3600.0,16.194715343391675,2072142.4817151057
657.1428571428571,717.1428571428572,120.0,16.212502742273745,1656390.6388314443
657.1428571428571,717.1428571428572,285.7142857142857,16.211386203311147,1547301.0446839498
657.1428571428571,717.1428571428572,451.42857142857144,16.210013055124655,1621737.062639004
657.1428571428571,717.1428571428572,617.1428571428571,16.208542485724113,1712228.229425383
657.1428571428571,717.1428571428572,782.8571428571429,16.20708493420739,1792432.8462514996
657.1428571428571,717.1428571428572,948.5714285714287,16.205702326849547,1858613.617557723
657.1428571428571,717.1428571428572,1114.2857142857142,16.20442383830783,1911944.2276511635
657.1428571428571,717.1428571428572,1280.0,16.203258575721495,1954615.7995308125
657.1428571428571,717.1428571428572,1445.7142857142858,16.202204594341385,1988760.2753561328
657.1428571428571,717.1428571428572,1611.4285714285716,16.201254530486093,2016173.545445132
657.1428571428571,717.1428571428572,1777.1428571428573,16.200398835596285,2038289.912014122
657.1428571428571,717.1428571428572,1942.857142857143,16.199627515849308,2056230.2439918658
657.1428571428571,717.1428571428572,2108.5714285714284,16.198931002910594,2070863.6542447873
657.1428571428571,717.1428571428572,2274.285714285714,16.198300541450823,2082863.4612488905
657.1428571428571,717.1428571428572,2440.0,16.197728318071558,2092752.7616096835
657.1428571428571,717.1428571428572,2605.714285714286,16.197207458299246,2100939.891320408
657.1428571428571,717.1428571428572,2771.4285714285716,16.196731961372432,2107745.460582268
657.1428571428571,717.1428571428572,2937.1428571428573,16.19629661027813,2113422.7923897346
657.1428571428571,717.1428571428572,3102.857142857143,16.19589687649184,2118173.3441075305
657.1428571428571,717.1428571428572,3268.571428571429,16.195528828970552,2122158.363024556
657.1428571428571,717.1428571428572,3434.2857142857147,16.195189051585984,2125507.7288845587
657.1428571428571,717.1428571428572,3600.0,16.194874570354852,2128326.695900448
657.1428571428571,764.2857142857143,120.0,16.212496610110616,1681379.4859633697
657.1428571428571,764.2857142857143,285.7142857142857,16.211380874770217,1578711.9740669008
657.1428571428571,764.2857142857143,451.42857142857144,16.21001809924507,1655660.034653711
657.1428571428571,764.2857142857143,617.1428571428571,16.208561857937163,1748583.9261173552
657.1428571428571,764.2857142857143,782.8571428571429,16.207119960750013,1831042.278498907
657.1428571428571,764.2857142857143,948.5714285714287,16.205752738364712,1899249.2020377712
657.1428571428571,764.2857142857143,1114.2857142857142,16.204488527557313,1954377.0524262402
657.1428571428571,764.2857142857143,1280.0,16.203336089792735,1998634.4764515124
657.1428571428571,764.2857142857143,1445.7142857142858,16.20229341533949,2034176.8812568148
657.1428571428571,764.2857142857143,1611.4285714285716,16.20135321793338,2062824.047196701
657.1428571428571,764.2857142857143,1777.1428571428573,16.200506088080534,2086032.3632394972
657.1428571428571,764.2857142857143,1942.857142857143,16.19974218907858,2104942.2320220815
657.1428571428571,764.2857142857143,2108.5714285714284,16.19905210598194,2120439.6567704403
657.1428571428571,764.2857142857143,2274.285714285714,16.198427223403083,2133212.3909986103
657.1428571428571,764.2857142857143,2440.0,16.19785985109058,2143795.798364954
657.1428571428571,764.2857142857143,2605.714285714286,16.197343220754142,2152608.6178118223
657.1428571428571,764.2857142857143,2771.4285714285716,16.196871422135416,2159980.2826868393
657.1428571428571,764.2857142857143,2937.1428571428573,16.196439314876237,2166171.6105292602
657.1428571428571,764.2857142857143,3102.857142857143,16.196042435185433,2171390.4399529295
657.1428571428571,764.2857142857143,3268.571428571429,16.195676906641452,2175803.4676192068
657.1428571428571,764.2857142857143,3434.2857142857147,16.195339359233284,2179545.2421764983
657.1428571428571,764.2857142857143,3600.0,16.195026857975375,2182725.031999944
657.1428571428571,811.4285714285714,120.0,16.212491108969836,1705044.241148781
657.1428571428571,811.4285714285714,285.7142857142857,16.21137608974473,1609059.7753602471
657.1428571428571,811.4285714285714,451.42857142857144,16.21002318119795,1688530.2733400387
657.1428571428571,811.4285714285714,617.1428571428571,16.208580517840975,1783842.5985459143
657.1428571428571,811.4285714285714,782.8571428571429,16.207153436655357,1868498.6934141514
657.1428571428571,811.4285714285714,948.5714285714287,16.20580077904059,1938675.6373222254
657.1428571428571,811.4285714285714,1114.2857142857142,16.2045501004261,1995548.2748319844
657.1428571428571,811.4285714285714,1280.0,16.20340983876061,2041343.979294168
657.1428571428571,811.4285714285714,1445.7142857142858,16.202377921825693,2078241.7849467073
657.1428571428571,811.4285714285714,1611.4285714285716,16.201447133599967,2108085.0902481005
657.1428571428571,811.4285714285714,1777.1428571428573,16.200608192639276,2132351.931286123
657.1428571428571,811.4285714285714,1942.857142857143,16.19985140757679,2152201.761011936
657.1428571428571,811.4285714285714,2108.5714285714284,16.19916750576269,2168537.003506883
657.1428571428571,811.4285714285714,2274.285714285714,16.198548001935862,2182059.4167313394
657.1428571428571,811.4285714285714,2440.0,16.197985320596047,2193316.248385939
657.1428571428571,811.4285714285714,2605.714285714286,16.197472792592844,2202736.30552539
657.1428571428571,811.4285714285714,2771.4285714285716,16.19700459232839,2210657.5548085677
657.1428571428571,811.4285714285714,2937.1428571428573,16.19657565128334,2217348.0587984966
657.1428571428571,811.4285714285714,3102.857142857143,16.19618156644258,2223021.8231016146
657.1428571428571,811.4285714285714,3268.571428571429,16.195818512758194,2227850.8099114937
657.1428571428571,811.4285714285714,3434.2857142857147,16.19548316367044,2231974.0789590077
657.1428571428571,811.4285714285714,3600.0,16.195172621000822,2235504.7771118945
657.1428571428571,858.5714285714287,120.0,16.2124861804278,1727487.327120226
657.1428571428571,858.5714285714287,285.7142857142857,16.2113717875891,1638425.055909288
657.1428571428571,858.5714285714287,451.42857142857144,16.210028278236866,1720431.0776125763
657.1428571428571,858.5714285714287,617.1428571428571,16.208598506975836,1818093.554260539
657.1428571428571,858.5714285714287,782.8571428571429,16.207185477211418,1904897.7922227583
657.1428571428571,858.5714285714287,948.5714285714287,16.20584663557758,1976994.684600701
657.1428571428571,858.5714285714287,1114.2857142857142,16.20460880651424,2035565.164595641
657.1428571428571,858.5714285714287,1280.0,16.20348012437262,2082856.4863784637
657.1428571428571,858.5714285714287,1445.7142857142858,16.20245845692625,2121071.493761083
657.1428571428571,858.5714285714287,1611.4285714285716,16.201536652254493,2152076.980136012
657.1428571428571,858.5714285714287,1777.1428571428573,16.20070554735216,2177372.247338624
657.1428571428571,858.5714285714287,1942.857142857143,16.19995558583476,2198135.373820667
657.1428571428571,858.5714285714287,2108.5714285714284,16.19927762755804,2215284.789626964
657.1428571428571,858.5714285714287,2274.285714285714,16.19866330869225,2229535.8754880507
657.1428571428571,858.5714285714287,2440.0,16.198105161025154,2241447.422953004
657.1428571428571,858.5714285714287,2605.714285714286,16.19759660826467,2251458.009324996
657.1428571428571,858.5714285714287,2771.4285714285716,16.19713190424586,2259913.8764143786
657.1428571428571,858.5714285714287,2937.1428571428573,16.196706047965055,2267090.1093081594
657.1428571428571,858.5714285714287,3102.857142857143,16.19631469361925,2273206.6893564495
657.1428571428571,858.5714285714287,3268.571428571429,16.19595406459928,2278440.6800297867
657.1428571428571,858.5714285714287,3434.2857142857147,16.1956208753792,2282935.5110049206
657.1428571428571,858.5714285714287,3600.0,16.195312262594104,2286808.0862107654
657.1428571428571,905.7142857142858,120.0,16.212481774025076,1748798.2685929148
657.1428571428571,905.7142857142858,285.7142857142857,16.211367917698425,1666877.5454331026
657.1428571428571,905.7142857142858,451.42857142857144,16.210033374027184,1751434.2120014138
657.1428571428571,905.7142857142858,617.1428571428571,16.208615865884543,1851413.5815255358
657.1428571428571,905.7142857142858,782.8571428571429,16.207216187991076,1940321.7645408087
657.1428571428571,905.7142857142858,948.5714285714287,16.20589047669091,2014293.6726465942
657.1428571428571,905.7142857142858,1114.2857142857142,16.2046648705151,2074519.7325934102
657.1428571428571,905.7142857142858,1280.0,16.203547218191627,2123268.1881273547
657.1428571428571,905.7142857142858,1445.7142857142858,16.202535329906276,2162765.890100591
657.1428571428571,905.7142857142858,1611.4285714285716,16.20162211253571,2194902.8435971895
657.1428571428571,905.7142857142858,1777.1428571428573,16.200798513067554,2221199.2832458545
657.1428571428571,905.7142857142858,1942.857142857143,16.200055100943334,2242851.537141076
657.1428571428571,905.7142857142858,2108.5714285714284,16.199382859830013,2260793.6721786214
657.1428571428571,905.7142857142858,2274.285714285714,16.19877353958106,2275754.351273099
657.1428571428571,905.7142857142858,2440.0,16.198219772601167,2288303.6056556595
657.1428571428571,905.7142857142858,2605.714285714286,16.19771506982499,2298889.516169981
657.1428571428571,905.7142857142858,2771.4285714285716,16.197253759820118,2307866.3683461705
657.1428571428571,905.7142857142858,2937.1428571428573,16.196830905200077,2315516.07012543
657.1428571428571,905.7142857142858,3102.857142857143,16.196442214150615,2322064.406815447
657.1428571428571,905.7142857142858,3268.571428571429,16.196083955838976,2327693.3954957663
657.1428571428571,905.7142857142858,3434.2857142857147,16.19575288357335,2332550.7088004565
657.1428571428571,905.7142857142858,3600.0,16.19544616698282,2336756.898374716
657.1428571428571,952.8571428571429,120.0,16.212477845810977,1769055.9542346853
657.1428571428571,952.8571428571429,285.7142857142857,16.21136443743012,1694478.079258885
657.1428571428571,952.8571428571429,451.42857142857144,16.210038456926302,1781602.0340422352
657.1428571428571,952.8571428571429,617.1428571428571,16.208632633414933,1883869.271938599
657.1428571428571,952.8571428571429,782.8571428571429,16.20724566539407,1974841.8037165683
657.1428571428571,952.8571428571429,948.5714285714287,16.205932454785295,2050648.190197789
657.1428571428571,952.8571428571429,1114.2857142857142,16.204718494754115,2112491.5809135907
657.1428571428571,952.8571428571429,1280.0,16.20361136468362,2162662.2752349824
657.1428571428571,952.8571428571429,1445.7142857142858,16.202608819508473,2203411.339396746
657.1428571428571,952.8571428571429,1611.4285714285716,16.201703820287765,2236651.8399034725
657.1428571428571,952.8571428571429,1777.1428571428573,16.200887416530676,2263924.651834435
657.1428571428571,952.8571428571429,1942.857142857143,16.200150295358267,2286444.018366401
657.1428571428571,952.8571428571429,2108.5714285714284,16.199483556483887,2305159.312868318
657.1428571428571,952.8571428571429,2274.285714285714,16.1988790565029,2320812.174690693
657.1428571428571,952.8571428571429,2440.0,16.198329522443657,2333983.6011748207
657.1428571428571,952.8571428571429,2605.714285714286,16.19782854739448,2345130.936491019
657.1428571428571,952.8571428571429,2771.4285714285716,16.197370530410065,2354616.301214834
657.1428571428571,952.8571428571429,2937.1428571428573,16.196950594190707,2362728.245933371
657.1428571428571,952.8571428571429,3102.857142857143,16.196564497984152,2369698.2047358025
657.1428571428571,952.8571428571429,3268.571428571429,16.196208554310193,2375713.014814189
657.1428571428571,952.8571428571429,3434.2857142857147,16.19587955330306,2380924.476871778
657.1428571428571,952.8571428571429,3600.0,16.195574695920083,2385456.691273172
657.1428571428571,1000.0,120.0,16.21247435721312,1788330.40536365
657.1428571428571,1000.0,285.7142857142857,16.21136131053159,1721280.1399206799
657.1428571428571,1000.0,451.42857142857144,16.210043518754258,1810989.1442130483
657.1428571428571,1000.0,617.1428571428571,16.208648846360507,1915518.8196145666
657.1428571428571,1000.0,782.8571428571429,16.207273997333367,2008520.053952067
657.1428571428571,1000.0,948.5714285714287,16.2059727076098,2086124.1692912157
657.1428571428571,1000.0,1114.2857142857142,16.204769861606987,2149550.1077422863
657.1428571428571,1000.0,1280.0,16.2036727841559,2201111.2502087667
657.1428571428571,1000.0,1445.7142857142858,16.20267917717882,2243083.0943475845
657.1428571428571,1000.0,1611.4285714285716,16.201782051873508,2277401.6452374873
657.1428571428571,1000.0,1777.1428571428573,16.20097255362274,2305628.160408688
657.1428571428571,1000.0,1942.857142857143,16.200241479939578,2328994.498687588
657.1428571428571,1000.0,2108.5714285714284,16.199580039613547,2348465.0425865646
657.1428571428571,1000.0,2274.285714285714,16.198980189733184,2364794.131926335
657.1428571428571,1000.0,2440.0,16.1984347465413,2378573.482781372
657.1428571428571,1000.0,2605.714285714286,16.197937380689908,2390269.4851486953
657.1428571428571,1000.0,2771.4285714285716,16.197482557870423,2400251.9055084316
657.1428571428571,1000.0,2937.1428571428573,16.197065457660322,2408815.7736082724
657.1428571428571,1000.0,3102.857142857143,16.19668188770219,2416198.031430564
657.1428571428571,1000.0,3268.571428571429,16.19632820165415,2422590.2149860063
657.1428571428571,1000.0,3434.2857142857147,16.19600122463757,2428148.1485884436
657.1428571428571,1000.0,3600.0,16.195698187408794,2432999.3912527272
692.8571428571429,10.0,120.0,16.21280563015998,913101.2049828718
692.8571428571429,10.0,285.7142857142857,16.211733867465263,755447.0155039175
692.8571428571429,10.0,451.42857142857144,16.210134144198424,768823.779102038
692.8571428571429,10.0,617.1428571428571,16.208308153146678,788336.6907841653
692.8571428571429,10.0,782.8571428571429,16.206474479097427,799730.2911977256
692.8571428571429,10.0,948.5714285714287,16.204763575584845,802897.1488173098
692.8571428571429,10.0,1114.2857142857142,16.20323405341812,799999.911942776
692.8571428571429,10.0,1280.0,16.201899018351302,793171.9955954683
692.8571428571429,10.0,1445.7142857142858,16.20074795838788,784038.0617669962
692.8571428571429,10.0,1611.4285714285716,16.199760546855615,773717.5251389139
692.8571428571429,10.0,1777.1428571428573,16.198914076110533,762940.0792857299
692.8571428571429,10.0,1942.857142857143,16.198186965526467,752162.2359699183
692.8571428571429,10.0,2108.5714285714284,16.197560137606178,741657.87281059
692.8571428571429,10.0,2274.285714285714,16.197017338362333,731582.0909585446
692.8571428571429,10.0,2440.0,16.19654498529452,722014.2353454129
692.8571428571429,10.0,2605.714285714286,16.19613183821642,712986.1905395287
692.8571428571429,10.0,2771.4285714285716,16.195768632916764,704500.7405886459
692.8571428571429,10.0,2937.1428571428573,16.19544773821623,696543.3769058664
692.8571428571429,10.0,3102.857142857143,16.19516285816419,689089.8358501281
692.8571428571429,10.0,3268.571428571429,16.19490878317293,682110.8692026454
692.8571428571429,10.0,3434.2857142857147,16.194681186323727,675575.226908576
692.8571428571429,10.0,3600.0,16.19447645849468,669451.4871685763
692.8571428571429,57.142857142857146,120.0,16.2127101510869,1087026.0588856898
692.8571428571429,57.142857142857146,285.7142857142857,16.211564433490032,927000.6505027744
692.8571428571429,57.142857142857146,451.42857142857144,16.20991109137729,956274.0082594849
692.8571428571429,57.142857142857146,617.1428571428571,16.20803623873665,994163.4353765183
692.8571428571429,57.142857142857146,782.8571428571429,16.206141128593163,1022857.1906718577
692.8571428571429,57.142857142857146,948.5714285714287,16.2043465761713,1041364.553713739
692.8571428571429,57.142857142857146,1114.2857142857142,16.202710502842887,1051676.8019646786
692.8571428571429,57.142857142857146,1280.0,16.20125054883714,1056029.7012135354
692.8571428571429,57.142857142857146,1445.7142857142858,16.199962400591865,1056263.3379654873
692.8571428571429,57.142857142857146,1611.4285714285716,16.198831567409744,1053747.1890135568
692.8571428571429,57.142857142857146,1777.1428571428573,16.197840021556747,1049455.535318219
692.8571428571429,57.142857142857146,1942.857142857143,16.196969588970866,1044065.4738376455
692.8571428571429,57.142857142857146,2108.5714285714284,16.196203492723384,1038041.0706650622
692.8571428571429,57.142857142857146,2274.285714285714,16.19552691796703,1031697.1443206177
692.8571428571429,57.142857142857146,2440.0,16.194927091630618,1025245.1074720861
692.8571428571429,57.142857142857146,2605.714285714286,16.194393142330554,1018825.1012337962
692.8571428571429,57.142857142857146,2771.4285714285716,16.193915877281622,1012528.2628540486
692.8571428571429,57.142857142857146,2937.1428571428573,16.19348754325899,1006412.0873075357
692.8571428571429,57.142857142857146,3102.857142857143,16.19310160202633,1000511.0172494694
692.8571428571429,57.142857142857146,3268.571428571429,16.192752531980524,994843.7526093712
692.8571428571429,57.142857142857146,3434.2857142857147,16.1924356586419,989418.3063762952
692.8571428571429,57.142857142857146,3600.0,16.192147012463384,984235.5089442533
692.8571428571429,104.28571428571429,120.0,16.2126609555659,1189040.94977913
692.8571428571429,104.28571428571429,285.7142857142857,16.211496381714362,1028600.483248501
692.8571428571429,104.28571428571429,451.42857142857144,16.20985591861801,1065372.263169715
692.8571428571429,104.28571428571429,617.1428571428571,16.208010829534985,1112478.4405387484
692.8571428571429,104.28571428571429,782.8571428571429,16.206147942739342,1150114.5324171686
692.8571428571429,104.28571428571429,948.5714285714287,16.20437847178324,1176753.8224644517
692.8571428571429,104.28571428571429,1114.2857142857142,16.202756297018112,1194250.3223562606
692.8571428571429,104.28571428571429,1280.0,16.20129874163744,1204853.090124867
692.8571428571429,104.28571428571429,1445.7142857142858,16.20000300045265,1210478.5926993173
692.8571428571429,104.28571428571429,1611.4285714285716,16.19885668782355,1212595.653501035
692.8571428571429,104.28571428571429,1777.1428571428573,16.19784384793479,1212280.8519474193
692.8571428571429,104.28571428571429,1942.857142857143,16.196948087975983,1210306.9159293466
692.8571428571429,104.28571428571429,2108.5714285714284,16.19615405746384,1207222.909160537
692.8571428571429,104.28571428571429,2274.285714285714,16.195448035318574,1203417.0487666547
692.8571428571429,104.28571428571429,2440.0,16.19481806221409,1199163.0656594553
692.8571428571429,104.28571428571429,2605.714285714286,16.194253857718362,1194653.4981925967
692.8571428571429,104.28571428571429,2771.4285714285716,16.19374664850601,1190023.3115753264
692.8571428571429,104.28571428571429,2937.1428571428573,16.193288971563653,1185366.581025853
692.8571428571429,104.28571428571429,3102.857142857143,16.19287448286486,1180748.2749195038
692.8571428571429,104.28571428571429,3268.571428571429,16.192497784500777,1176212.5965347567
692.8571428571429,104.28571428571429,3434.2857142857147,16.192154274393673,1171788.9107805446
692.8571428571429,104.28571428571429,3600.0,16.19184001845649,1167495.9726569632
692.8571428571429,151.42857142857144,120.0,16.212626254178318,1267565.3087702745
692.8571428571429,151.42857142857144,285.7142857142857,16.211454569288744,1108255.0219936029
692.8571428571429,151.42857142857144,451.42857142857144,16.209835472369914,1150403.4964170982
692.8571428571429,151.42857142857144,617.1428571428571,16.208027009760972,1204197.5563832454
692.8571428571429,151.42857142857144,782.8571428571429,16.20620457133289,1248378.8518905838
692.8571428571429,151.42857142857144,948.5714285714287,16.204471698194272,1281015.7952712954
692.8571428571429,151.42857142857144,1114.2857142857142,16.202878659603428,1303854.7107750606
692.8571428571429,151.42857142857144,1280.0,16.20144193302709,1319148.0051979076
692.8571428571429,151.42857142857144,1445.7142857142858,16.20015931928502,1328861.272870119
692.8571428571429,151.42857142857144,1611.4285714285716,16.199019620067485,1334529.2632068533
692.8571428571429,151.42857142857144,1777.1428571428573,16.198008176858256,1337297.2308549392
692.8571428571429,151.42857142857144,1942.857142857143,16.19710978791958,1338002.6505432003
692.8571428571429,151.42857142857144,2108.5714285714284,16.19631011059798,1337252.6065013201
692.8571428571429,151.42857142857144,2274.285714285714,16.195596238912383,1335485.8418888883
692.8571428571429,151.42857142857144,2440.0,16.19495685492776,1333019.3593095012
692.8571428571429,151.42857142857144,2605.714285714286,16.19438217397051,1330082.4024251986
692.8571428571429,151.42857142857144,2771.4285714285716,16.193863801101237,1326840.9129704696
692.8571428571429,151.42857142857144,2937.1428571428573,16.193394559261453,1323415.0508004008
692.8571428571429,151.42857142857144,3102.857142857143,16.192968318612376,1319891.744305526
692.8571428571429,151.42857142857144,3268.571428571429,16.19257984020225,1316333.7042746386
692.8571428571429,151.42857142857144,3434.2857142857147,16.192224638648934,1312785.9241115795
692.8571428571429,151.42857142857144,3600.0,16.19189886434893,1309280.390004496
692.8571428571429,198.57142857142858,120.0,16.212599385852545,1332934.113098603
692.8571428571429,198.57142857142858,285.7142857142857,16.211425191154625,1175944.9798773709
692.8571428571429,198.57142857142858,451.42857142857144,16.209828644047725,1222500.1663169777
692.8571428571429,198.57142857142858,617.1428571428571,16.20805590489591,1281730.8091227924
692.8571428571429,198.57142857142858,782.8571428571429,16.206272967174083,1331241.4357024096
692.8571428571429,198.57142857142858,948.5714285714287,16.20457710717178,1368775.0836684844
692.8571428571429,198.57142857142858,1114.2857142857142,16.203015517425655,1395991.5725962312
692.8571428571429,198.57142857142858,1280.0,16.201603773048458,1415145.665512487
692.8571428571429,198.57142857142858,1445.7142857142858,16.200339947974303,1428241.3209323278
692.8571428571429,198.57142857142858,1611.4285714285716,16.19921362576757,1436864.6272490204
692.8571428571429,198.57142857142858,1777.1428571428573,16.19821106833718,1442214.2384379245
692.8571428571429,198.57142857142858,1942.857142857143,16.197317954422463,1445177.9922829247
692.8571428571429,198.57142857142858,2108.5714285714284,16.19652071042946,1446408.1881448834
692.8571428571429,198.57142857142858,2274.285714285714,16.19580707053614,1446383.0599867026
692.8571428571429,198.57142857142858,2440.0,16.195166235034925,1445453.5563078448
692.8571428571429,198.57142857142858,2605.714285714286,16.194588831743204,1443877.8362987938
692.8571428571429,198.57142857142858,2771.4285714285716,16.194066790594032,1441846.3544824277
692.8571428571429,198.57142857142858,2937.1428571428573,16.19359318864867,1439500.009667658
692.8571428571429,198.57142857142858,3102.857142857143,16.193162093918293,1436943.2740049255
692.8571428571429,198.57142857142858,3268.571428571429,16.19276842095087,1434253.7157664953
692.8571428571429,198.57142857142858,3434.2857142857147,16.192407803089427,1431488.935663099
692.8571428571429,198.57142857142858,3600.0,16.192076482265573,1428691.644946772
692.8571428571429,245.71428571428572,120.0,16.212577585633483,1389510.2265009359
692.8571428571429,245.71428571428572,285.7142857142857,16.211403044681816,1235801.8409525242
692.8571428571429,245.71428571428572,451.42857142857144,16.20982838154994,1286226.6935221057
692.8571428571429,245.71428571428572,617.1428571428571,16.208088930288607,1350141.7590460896
692.8571428571429,245.71428571428572,782.8571428571429,16.206342747357137,1404235.2720140123
692.8571428571429,245.71428571428572,948.5714285714287,16.204681864593447,1445981.2751011373
692.8571428571429,245.71428571428572,1114.2857142857142,16.20315084195289,1476969.279875526
692.8571428571429,245.71428571428572,1280.0,16.201764398644308,1499457.6342018633
692.8571428571429,245.71428571428572,1445.7142857142858,16.20052072876211,1515483.3370200258
692.8571428571429,245.71428571428572,1611.4285714285716,16.199409976756012,1526675.8230833057
692.8571428571429,245.71428571428572,1777.1428571428573,16.198419104600227,1534278.489487638
692.8571428571429,245.71428571428572,1942.857142857143,16.19753448064802,1539221.232834868
692.8571428571429,245.71428571428572,2108.5714285714284,16.196743146812267,1542194.0744687794
692.8571428571429,245.71428571428572,2274.285714285714,16.19603335939147,1543708.2094067312
692.8571428571429,245.71428571428572,2440.0,16.195394749035877,1544142.95869027
692.8571428571429,245.71428571428572,2605.714285714286,16.194818292340372,1543780.698619155
692.8571428571429,245.71428571428572,2771.4285714285716,16.194296199074994,1542832.4638158185
692.8571428571429,245.71428571428572,2937.1428571428573,16.193821769506293,1541456.612378538
692.8571428571429,245.71428571428572,3102.857142857143,16.193389249089094,1539772.4288678414
692.8571428571429,245.71428571428572,3268.571428571429,16.192993693188395,1537870.0638508091
692.8571428571429,245.71428571428572,3434.2857142857147,16.19263084680428,1535817.8276909373
692.8571428571429,245.71428571428572,3600.0,16.19229704037064,1533667.5707359577
692.8571428571429,292.8571428571429,120.0,16.212559394876674,1439633.507570897
692.8571428571429,292.8571428571429,285.7142857142857,16.211385603416947,1290003.6613971267
692.8571428571429,292.8571428571429,451.42857142857144,16.209831632294517,1343970.3538194476
692.8571428571429,292.8571428571429,617.1428571428571,16.20812284504441,1412067.9222582742
692.8571428571429,292.8571428571429,782.8571428571429,16.20641045091408,1470236.439726295
692.8571428571429,292.8571428571429,948.5714285714287,16.204782000759057,1515724.3748536725
692.8571428571429,292.8571428571429,1114.2857142857142,16.203279776039512,1550063.9466593175
692.8571428571429,292.8571428571429,1280.0,16.2019177094376,1575518.9688875119
692.8571428571429,292.8571428571429,1445.7142857142858,16.200694036378575,1594156.5352116127
692.8571428571429,292.8571428571429,1611.4285714285716,16.199599326660337,1607644.475402107
692.8571428571429,292.8571428571429,1777.1428571428573,16.198621099324235,1617265.3994686971
692.8571428571429,292.8571428571429,1942.857142857143,16.197746283926744,1623985.8743503438
692.8571428571429,292.8571428571429,2108.5714285714284,16.19696243134959,1628528.7295156051
692.8571428571429,292.8571428571429,2274.285714285714,16.19625823558231,1631433.802512
692.8571428571429,292.8571428571429,2440.0,16.195623692681593,1633105.073466945
692.8571428571429,292.8571428571429,2605.714285714286,16.195050079112217,1633845.9839017545
692.8571428571429,292.8571428571429,2771.4285714285716,16.194529848296025,1633885.4933698378
692.8571428571429,292.8571428571429,2937.1428571428573,16.194056497376764,1633397.1913861323
692.8571428571429,292.8571428571429,3102.857142857143,16.19362443044751,1632513.3085406413
692.8571428571429,292.8571428571429,3268.571428571429,16.19322883056613,1631335.014100285
692.8571428571429,292.8571428571429,3434.2857142857147,16.192865545522174,1629940.0166573538
692.8571428571429,292.8571428571429,3600.0,16.19253098855175,1628388.2036462368
692.8571428571429,340.0,120.0,16.212543934945256,1484736.4016110771
692.8571428571429,340.0,285.7142857142857,16.211371453828402,1339863.0882463714
692.8571428571429,340.0,451.42857142857144,16.209836873067147,1397159.949666026
692.8571428571429,340.0,617.1428571428571,16.208156289445068,1469082.2100743812
692.8571428571429,340.0,782.8571428571429,16.20647490746775,1530956.861927417
692.8571428571429,340.0,948.5714285714287,16.204876385945294,1579841.992957141
692.8571428571429,340.0,1114.2857142857142,16.20340101111965,1617223.3696522608
692.8571428571429,340.0,1280.0,16.202061999285753,1645372.3159246098
692.8571428571429,340.0,1445.7142857142858,16.200857583776184,1666384.2903188628
692.8571428571429,340.0,1611.4285714285716,16.199778669913226,1681962.2027277371
692.8571428571429,340.0,1777.1428571428573,16.198813234422147,1693424.0621942016
692.8571428571429,340.0,1942.857142857143,16.197948676274088,1701769.338466646
692.8571428571429,340.0,2108.5714285714284,16.197172977410258,1707750.2030004698
692.8571428571429,340.0,2274.285714285714,16.196475206421162,1711932.0687756161
692.8571428571429,340.0,2440.0,16.195845675139413,1714740.922102163
692.8571428571429,340.0,2605.714285714286,16.19527592160648,1716499.005958941
692.8571428571429,340.0,2771.4285714285716,16.19475861376741,1717451.2882715813
692.8571428571429,340.0,2937.1428571428573,16.194287423743944,1717784.9741764604
692.8571428571429,340.0,3102.857142857143,16.193856897985142,1717643.8804677636
692.8571428571429,340.0,3268.571428571429,16.193462335280724,1717139.050837066
692.8571428571429,340.0,3434.2857142857147,16.193099677551146,1716356.628233392
692.8571428571429,340.0,3600.0,16.192765414687603,1715363.7238120176
692.8571428571429,387.14285714285717,120.0,16.21253062916639,1525774.1004734004
692.8571428571429,387.14285714285717,285.7142857142857,16.211359728428636,1386242.7140276898
692.8571428571429,387.14285714285717,451.42857142857144,16.20984327193858,1446728.5742535193
692.8571428571429,387.14285714285717,617.1428571428571,16.208188678396063,1522208.512015184
692.8571428571429,387.14285714285717,782.8571428571429,16.206535816772345,1587508.9535451934
692.8571428571429,387.14285714285717,948.5714285714287,16.204964919943137,1639527.1373805692
692.8571428571429,387.14285714285717,1114.2857142857142,16.203514508456525,1679711.6478148259
692.8571428571429,387.14285714285717,1280.0,16.202197146725876,1710343.3523259351
692.8571428571429,387.14285714285717,1445.7142857142858,16.201011041171956,1733545.032263537
692.8571428571429,387.14285714285717,1611.4285714285716,16.199947369723894,1751052.3365152376
692.8571428571429,387.14285714285717,1777.1428571428573,16.198994494249067,1764215.8990900032
692.8571428571429,387.14285714285717,1942.857142857143,16.198140214588868,1774065.3173990352
692.8571428571429,387.14285714285717,2108.5714285714284,16.197372884518334,1781379.532043791
692.8571428571429,387.14285714285717,2274.285714285714,16.196681898476573,1786747.2416720402
692.8571428571429,387.14285714285717,2440.0,16.19605784508516,1790614.448627921
692.8571428571429,387.14285714285717,2605.714285714286,16.195492493354582,1793320.4917275936
692.8571428571429,387.14285714285717,2771.4285714285716,16.194978702023526,1795124.8973978462
692.8571428571429,387.14285714285717,2937.1428571428573,16.194510299964666,1796227.259352603
692.8571428571429,387.14285714285717,3102.857142857143,16.194081962089648,1796781.94412077
692.8571428571429,387.14285714285717,3268.571428571429,16.193689092406885,1796908.9945325009
692.8571428571429,387.14285714285717,3434.2857142857147,16.193327719074883,1796702.248049214
692.8571428571429,387.14285714285717,3600.0,16.192994402770438,1796235.4131211222
692.8571428571429,434.28571428571433,120.0,16.212519075434205,1563423.0694293724
692.8571428571429,434.28571428571433,285.7142857142857,16.211349858620526,1429745.0345762155
692.8571428571429,434.28571428571433,451.42857142857144,16.209850345681065,1493324.2532234348
692.8571428571429,434.28571428571433,617.1428571428571,16.208219777171102,1572155.8088608547
692.8571428571429,434.28571428571433,782.8571428571429,16.206593229798628,1640661.7219233396
692.8571428571429,434.28571428571433,948.5714285714287,16.205047887330334,1695603.7907369074
692.8571428571429,434.28571428571433,1114.2857142857142,16.20362069322251,1738401.50699424
692.8571428571429,434.28571428571433,1280.0,16.202323617443156,1771347.2401767531
692.8571428571429,434.28571428571433,1445.7142857142858,16.201154825124853,1796590.4699805223
692.8571428571429,434.28571428571433,1611.4285714285716,16.200105720850633,1815897.8654848554
692.8571428571429,434.28571428571433,1777.1428571428573,16.199164996684896,1830650.587159719
692.8571428571429,434.28571428571433,1942.857142857143,16.198320800423176,1841906.23557571
692.8571428571429,434.28571428571433,2108.5714285714284,16.19756181128701,1850468.537202712
692.8571428571429,434.28571428571433,2274.285714285714,16.196877710880795,1856947.702466145
692.8571428571429,434.28571428571433,2440.0,16.196259333283518,1861808.2016258822
692.8571428571429,434.28571428571433,2605.714285714286,16.195698653551258,1865405.1377097473
692.8571428571429,434.28571428571433,2771.4285714285716,16.195188701620346,1868011.4598757715
692.8571428571429,434.28571428571433,2937.1428571428573,16.194723447829134,1869838.18613721
692.8571428571429,434.28571428571433,3102.857142857143,16.19429768369859,1871049.4157585574
692.8571428571429,434.28571428571433,3268.571428571429,16.193906909308392,1871773.4987312166
692.8571428571429,434.28571428571433,3434.2857142857147,16.19354723202834,1872111.3804579438
692.8571428571429,434.28571428571433,3600.0,16.19321527795033,1872142.8686539894
692.8571428571429,481.42857142857144,120.0,16.2125089804006,1598184.3486369208
692.8571428571429,481.42857142857144,285.7142857142857,16.211341452791125,1470810.4611809528
692.8571428571429,481.42857142857144,451.42857142857144,16.20985780120369,1537418.1643083007
692.8571428571429,481.42857142857144,617.1428571428571,16.208249518402486,1619438.1832191816
692.8571428571429,481.42857142857144,782.8571428571429,16.20664733778418,1690971.905519009
692.8571428571429,481.42857142857144,948.5714285714287,16.205125704094765,1748667.9664794775
692.8571428571429,481.42857142857144,1114.2857142857142,16.20372014075098,1793923.9367956878
692.8571428571429,481.42857142857144,1280.0,16.202442073844036,1829045.5500614455
692.8571428571429,481.42857142857144,1445.7142857142858,16.20128961898703,1856208.626890585
692.8571428571429,481.42857142857144,1611.4285714285716,16.20025437273412,1877209.5572971685
692.8571428571429,481.42857142857144,1777.1428571428573,16.19932531450553,1893458.3922224345
692.8571428571429,481.42857142857144,1942.857142857143,16.19849089811579,1906039.059972443
692.8571428571429,481.42857142857144,2108.5714285714284,16.197740091027168,1915778.4988590295
692.8571428571429,481.42857142857144,2274.285714285714,16.197062830651447,1923307.0169837428
692.8571428571429,481.42857142857144,2440.0,16.196450170864875,1929106.3139907357
692.8571428571429,481.42857142857144,2605.714285714286,16.195894272143565,1933546.1884585032
692.8571428571429,481.42857142857144,2771.4285714285716,16.195388319226907,1936912.0981835588
692.8571428571429,481.42857142857144,2937.1428571428573,16.19492641098046,1939425.7073143586
692.8571428571429,481.42857142857144,3102.857142857143,16.1945034453724,1941260.1868424949
692.8571428571429,481.42857142857144,3268.571428571429,16.194115010599496,1942551.632674588
692.8571428571429,481.42857142857144,3434.2857142857147,16.193757287034366,1943407.6212577503
692.8571428571429,481.42857142857144,3600.0,16.193426961351175,1943913.6537151863
692.8571428571429,528.5714285714286,120.0,16.212500122405526,1630442.168990838
692.8571428571429,528.5714285714286,285.7142857142857,16.21133423055723,1509772.4964896995
692.8571428571429,528.5714285714286,451.42857142857144,16.20986545528129,1579365.3205594514
692.8571428571429,528.5714285714286,617.1428571428571,16.20827791648706,1664441.9760214533
692.8571428571429,528.5714285714286,782.8571428571429,16.20669838080986,1738857.2811147554
692.8571428571429,528.5714285714286,948.5714285714287,16.2051988129862,1799166.5266719225
692.8571428571429,528.5714285714286,1114.2857142857142,16.203813448759533,1846751.800888392
692.8571428571429,528.5714285714286,1280.0,16.202553214749503,1883933.9633720194
692.8571428571429,528.5714285714286,1445.7142857142858,16.201416172559558,1912914.9957342655
692.8571428571429,528.5714285714286,1611.4285714285716,16.200394083834272,1935520.004487019
692.8571428571429,528.5714285714286,1777.1428571428573,16.19947618115554,1953186.624887829
692.8571428571429,528.5714285714286,1942.857142857143,16.198651190411525,1967023.7601742672
692.8571428571429,528.5714285714286,2108.5714285714284,16.197908336879035,1977880.2819637714
692.8571428571429,528.5714285714286,2274.285714285714,16.197237787904267,1986405.4427716085
692.8571428571429,528.5714285714286,2440.0,16.196630795808655,1993097.1583524805
692.8571428571429,528.5714285714286,2605.714285714286,16.196079689179125,1998339.0461535894
692.8571428571429,528.5714285714286,2771.4285714285716,16.19557779367835,2002428.3208715557
692.8571428571429,528.5714285714286,2937.1428571428573,16.1951193256435,2005596.6513537685
692.8571428571429,528.5714285714286,3102.857142857143,16.19469928072013,2008025.7342502142
692.8571428571429,528.5714285714286,3268.571428571429,16.194313328283314,2009858.946744469
692.8571428571429,528.5714285714286,3434.2857142857147,16.193957716227867,2011210.1007082171
692.8571428571429,528.5714285714286,3600.0,16.19362918748712,2012170.0533131175
692.8571428571429,575.7142857142858,120.0,16.212492329175426,1660499.4756902333
692.8571428571429,575.7142857142858,285.7142857142857,16.211327984793687,1546890.923575688
692.8571428571429,575.7142857142858,451.42857142857144,16.2098731910633,1619440.9396718948
692.8571428571429,575.7142857142858,617.1428571428571,16.208305025240016,1707465.9584674453
692.8571428571429,575.7142857142858,782.8571428571429,16.206746607013393,1784640.4713621866
692.8571428571429,575.7142857142858,948.5714285714287,16.205267640233288,1847444.2618819147
692.8571428571429,575.7142857142858,1114.2857142857142,16.203901185737738,1897249.775614724
692.8571428571429,575.7142857142858,1280.0,16.20265770971667,1936394.6631900615
692.8571428571429,575.7142857142858,1445.7142857142858,16.201535217605933,1967107.0088133165
692.8571428571429,575.7142857142858,1611.4285714285716,16.200525614844654,1991239.8451992394
692.8571428571429,575.7142857142858,1777.1428571428573,16.199618359352314,2010257.3287884747
692.8571428571429,575.7142857142858,1942.857142857143,16.198802421126025,2025292.2242768996
692.8571428571429,575.7142857142858,2108.5714285714284,16.198067257969942,2037214.278247578
692.8571428571429,575.7142857142858,2274.285714285714,16.197403245497966,2046690.729442159
692.8571428571429,575.7142857142858,2440.0,16.196801816467346,2054234.8654503403
692.8571428571429,575.7142857142858,2605.714285714286,16.19625545287244,2060243.3903588422
692.8571428571429,575.7142857142858,2771.4285714285716,16.1957576094231,2065024.6465273579
692.8571428571429,575.7142857142858,2937.1428571428573,16.195302610396844,2068819.769506883
692.8571428571429,575.7142857142858,3102.857142857143,16.194885541495292,2071818.5227195467
692.8571428571429,575.7142857142858,3268.571428571429,16.194502147190082,2074171.1734499137
692.8571428571429,575.7142857142858,3434.2857142857147,16.1941487380499,2075997.4353313993
692.8571428571429,575.7142857142858,3600.0,16.193822109404035,2077393.2365657843
692.8571428571429,622.8571428571429,120.0,16.212485463692055,1688600.6035649783
692.8571428571429,622.8571428571429,285.7142857142857,16.211322558489105,1582372.8402004899
692.8571428571429,622.8571428571429,451.42857142857144,16.209880933221395,1657863.4159063385
692.8571428571429,622.8571428571429,617.1428571428571,16.208330916147148,1748746.6603714474
692.8571428571429,622.8571428571429,782.8571428571429,16.206792254585668,1828576.539064676
692.8571428571429,622.8571428571429,948.5714285714287,16.2053325789277,1893773.5334561067
692.8571428571429,622.8571428571429,1114.2857142857142,16.203983872101844,1945705.788401532
692.8571428571429,622.8571428571429,1280.0,16.202756174299594,1986729.319727253
692.8571428571429,622.8571428571429,1445.7142857142858,16.201647434106675,2019098.3408614234
692.8571428571429,622.8571428571429,1611.4285714285716,16.200649683571047,2044693.1802130626
692.8571428571429,622.8571428571429,1777.1428571428573,16.199752582939226,2065003.6361775168
692.8571428571429,622.8571428571429,1942.857142857143,16.198945322936314,2081185.4037117925
692.8571428571429,622.8571428571429,2108.5714285714284,16.198217572588206,2094128.21441911
692.8571428571429,622.8571428571429,2274.285714285714,16.19755989740109,2104516.4847438606
692.8571428571429,622.8571428571429,2440.0,16.19696389520024,2112878.159855963
692.8571428571429,622.8571428571429,2605.714285714286,16.196422188764565,2119622.4096756442
692.8571428571429,622.8571428571429,2771.4285714285716,16.195928351592944,2125068.1697104042
692.8571428571429,622.8571428571429,2937.1428571428573,16.195476807618242,2129465.584390923
692.8571428571429,622.8571428571429,3102.857142857143,16.1950627259296,2133012.092749149
692.8571428571429,622.8571428571429,3268.571428571429,16.194681920736468,2135864.51818702
692.8571428571429,622.8571428571429,3434.2857142857147,16.194330760977575,2138148.190776255
692.8571428571429,622.8571428571429,3600.0,16.194006090921235,2139963.8656539493
692.8571428571429,670.0,120.0,16.212479414854045,1714946.372486674
692.8571428571429,670.0,285.7142857142857,16.211317830005953,1616386.5660189365
692.8571428571429,670.0,451.42857142857144,16.209888633126983,1694809.4603672577
692.8571428571429,670.0,617.1428571428571,16.208355666962486,1788475.035418691
692.8571428571429,670.0,782.8571428571429,16.20683554441812,1870871.1267930868
692.8571428571429,670.0,948.5714285714287,16.20539398428657,1938373.7506702784
692.8571428571429,670.0,1114.2857142857142,16.20406197573264,1992351.6720337672
692.8571428571429,670.0,1280.0,16.202849163431733,2035180.762088883
692.8571428571429,670.0,1445.7142857142858,16.201753439376247,2069141.4505604603
692.8571428571429,670.0,1611.4285714285716,16.20076694813352,2096140.8529536887
692.8571428571429,670.0,1777.1428571428573,16.1998795329828,2117693.672686645
692.8571428571429,670.0,1942.857142857143,16.19908058557994,2134977.745682463
692.8571428571429,670.0,2108.5714285714284,16.198359968009747,2148902.030214508
692.8571428571429,670.0,2274.285714285714,16.19770841991547,2160167.4292057776
692.8571428571429,670.0,2440.0,16.197117690943305,2169315.9333120193
692.8571428571429,670.0,2605.714285714286,16.19658053371865,2176768.6452300437
692.8571428571429,670.0,2771.4285714285716,16.19609063159364,2182854.6338580004
692.8571428571429,670.0,2937.1428571428573,16.195642500900693,2187832.658088482
692.8571428571429,670.0,3102.857142857143,16.195231388243656,2191907.4950706107
692.8571428571429,670.0,3268.571428571429,16.194853172822924,2195242.235752662
692.8571428571429,670.0,3434.2857142857147,16.194504278111346,2197967.5797778177
692.8571428571429,670.0,3600.0,16.194181594214914,2200188.8977416074
692.8571428571429,717.1428571428572,120.0,16.21247409108725,1739704.4924183956
692.8571428571429,717.1428571428572,285.7142857142857,16.211313703344622,1649071.1653919006
692.8571428571429,717.1428571428572,451.42857142857144,16.209896259695753,1730424.4373153802
692.8571428571429,717.1428571428572,617.1428571428571,16.208379355713223,1826807.8205210469
692.8571428571429,717.1428571428572,782.8571428571429,16.20687667781733,1911692.8103819622
692.8571428571429,717.1428571428572,948.5714285714287,16.205452174168457,1981424.6291773426
692.8571428571429,717.1428571428572,1114.2857142857142,16.204135913725025,2037377.221997733
692.8571428571429,717.1428571428572,1280.0,16.2029371727452,2081947.7283623002
692.8571428571429,717.1428571428572,1445.7142857142858,16.20185378748056,2117442.924767275
692.8571428571429,717.1428571428572,1611.4285714285716,16.200878003308212,2145796.2999751423
692.8571428571429,717.1428571428572,1777.1428571428573,16.199999830167908,2168546.8376808916
692.8571428571429,717.1428571428572,1942.857142857143,16.199208843699246,2186893.8380197166
692.8571428571429,717.1428571428572,2108.5714285714284,16.19849508340373,2201764.8323256266
692.8571428571429,717.1428571428572,2274.285714285714,16.197849449423785,2213876.61238853
692.8571428571429,717.1428571428572,2440.0,16.197263831705467,2223784.6839718875
692.8571428571429,717.1428571428572,2605.714285714286,16.19673110316433,2231921.6198263797
692.8571428571429,717.1428571428572,2771.4285714285716,16.196245049162908,2238626.2225217894
692.8571428571429,717.1428571428572,2937.1428571428573,16.1958002720352,2244165.5220112107
692.8571428571429,717.1428571428572,3102.857142857143,16.195392090696473,2248751.339328642
692.8571428571429,717.1428571428572,3268.571428571429,16.195016445111477,2252552.7810666
692.8571428571429,717.1428571428572,3434.2857142857147,16.194669809853885,2255705.700678344
692.8571428571429,717.1428571428572,3600.0,16.19434911807634,2258319.8991680015
692.8571428571429,764.2857142857143,120.0,16.21246941584273,1763016.9486811657
692.8571428571429,764.2857142857143,285.7142857142857,16.21131010151135,1680543.1632335652
692.8571428571429,764.2857142857143,451.42857142857144,16.209903793566117,1764829.6332648918
692.8571428571429,764.2857142857143,617.1428571428571,16.208402057613753,1863875.5123692676
692.8571428571429,764.2857142857143,782.8571428571429,16.206915836612144,1951181.7662852863
692.8571428571429,764.2857142857143,948.5714285714287,16.20550743177856,2023075.4891556143
692.8571428571429,764.2857142857143,1114.2857142857142,16.204206056609404,2080940.0530557877
692.8571428571429,764.2857142857143,1280.0,16.203020643137965,2127195.207794798
692.8571428571429,764.2857142857143,1445.7142857142858,16.20194897309923,2164174.238414501
692.8571428571429,764.2857142857143,1611.4285714285716,16.200983382831634,2193836.667915184
692.8571428571429,764.2857142857143,1777.1428571428573,16.200114034897656,2217745.2253968376
692.8571428571429,764.2857142857143,1942.857142857143,16.19933067427417,2237120.089137414
692.8571428571429,764.2857142857143,2108.5714285714284,16.198623504287223,2252906.794608908
692.8571428571429,764.2857142857143,2274.285714285714,16.19798357367388,2265837.500734671
692.8571428571429,764.2857142857143,2440.0,16.197402902581263,2276480.7643818394
692.8571428571429,764.2857142857143,2605.714285714286,16.19687447580434,2285280.2228687983
692.8571428571429,764.2857142857143,2771.4285714285716,16.196392173785696,2292584.0616618553
692.8571428571429,764.2857142857143,2937.1428571428573,16.19595067918426,2298667.280032512
692.8571428571429,764.2857142857143,3102.857142857143,16.19554537859083,2303748.4840506366
692.8571428571429,764.2857142857143,3268.571428571429,16.195172268952636,2308002.574090444
692.8571428571429,764.2857142857143,3434.2857142857147,16.194827872858465,2311570.367175056
692.8571428571429,764.2857142857143,3600.0,16.194509163987426,2314565.931382747
692.8571428571429,811.4285714285714,120.0,16.212465324344315,1785005.376695954
692.8571428571429,811.4285714285714,285.7142857142857,16.21130696187968,1710901.4021226307
692.8571428571429,811.4285714285714,451.42857142857144,16.20991122330659,1798127.5002504354
692.8571428571429,811.4285714285714,617.1428571428571,16.20842384357475,1899788.1127813908
692.8571428571429,811.4285714285714,782.8571428571429,16.206953184337625,1989456.0094568601
692.8571428571429,811.4285714285714,948.5714285714287,16.205560009126675,2063451.9442311744
692.8571428571429,811.4285714285714,1114.2857142857142,16.204272733317467,2123172.688481756
692.8571428571429,811.4285714285714,1280.0,16.203099966405105,2171061.879029683
692.8571428571429,811.4285714285714,1445.7142857142858,16.20203943705581,2209479.493766606
692.8571428571429,811.4285714285714,1611.4285714285716,16.201083564198722,2240410.810777612
692.8571428571429,811.4285714285714,1777.1428571428573,16.20022265087231,2265441.842693958
692.8571428571429,811.4285714285714,1942.857142857143,16.19944659862554,2285813.1339514563
692.8571428571429,811.4285714285714,2108.5714285714284,16.198745762704515,2302487.72464909
692.8571428571429,811.4285714285714,2274.285714285714,16.198111329971972,2316212.6814481625
692.8571428571429,811.4285714285714,2440.0,16.1975354418617,2327569.202950846
692.8571428571429,811.4285714285714,2605.714285714286,16.197011187597,2337011.6327523403
692.8571428571429,811.4285714285714,2771.4285714285716,16.19653253653885,2344897.228862793
692.8571428571429,811.4285714285714,2937.1428571428573,16.196094246605924,2351508.6925888504
692.8571428571429,811.4285714285714,3102.857142857143,16.195691767912923,2357071.1854981296
692.8571428571429,811.4285714285714,3268.571428571429,16.195321150989987,2361765.2048038915
692.8571428571429,811.4285714285714,3434.2857142857147,16.19497896365643,2365736.362060113
692.8571428571429,811.4285714285714,3600.0,16.194662217834516,2369102.8471490657
692.8571428571429,858.5714285714287,120.0,16.212461761187424,1805775.0591145894
692.8571428571429,858.5714285714287,285.7142857142857,16.211304232870976,1740230.6324607523
692.8571428571429,858.5714285714287,451.42857142857144,16.209918542894325,1830405.521633623
692.8571428571429,858.5714285714287,617.1428571428571,16.20844477959411,1934639.3589327768
692.8571428571429,858.5714285714287,782.8571428571429,16.206988867840856,2026615.9826559941
692.8571428571429,858.5714285714287,948.5714285714287,16.205610130570697,2102660.820491694
692.8571428571429,858.5714285714287,1114.2857142857142,16.204336236108773,2164187.7723803143
692.8571428571429,858.5714285714287,1280.0,16.20317549092959,2213665.5787293077
692.8571428571429,858.5714285714287,1445.7142857142858,16.20212557220327,2253481.110645756
692.8571428571429,858.5714285714287,1611.4285714285716,16.201178974268394,2285645.1705937544
692.8571428571429,858.5714285714287,1777.1428571428573,16.20032613004342,2311766.6528664045
692.8571428571429,858.5714285714287,1942.857142857143,16.19955708644022,2333106.01732495
692.8571428571429,858.5714285714287,2108.5714285714284,16.198862340125093,2350643.3667573454
692.8571428571429,858.5714285714287,2274.285714285714,16.198233206818514,2365140.267988817
692.8571428571429,858.5714285714287,2440.0,16.197661941322572,2377190.197488544
692.8571428571429,858.5714285714287,2605.714285714286,16.19714173064877,2387257.8862050283
692.8571428571429,858.5714285714287,2771.4285714285716,16.196666627567865,2395709.3881073543
692.8571428571429,858.5714285714287,2937.1428571428573,16.196231460715367,2402834.8680804907
692.8571428571429,858.5714285714287,3102.857142857143,16.195831739994198,2408865.838204741
692.8571428571429,858.5714285714287,3268.571428571429,16.19546356644828,2413988.2164919763
692.8571428571429,858.5714285714287,3434.2857142857147,16.195123550605018,2418352.2577937967
692.8571428571429,858.5714285714287,3600.0,16.19480874055412,2422080.1437164433
692.8571428571429,905.7142857142858,120.0,16.212458678532474,1825417.9551863747
692.8571428571429,905.7142857142858,285.7142857142857,16.211301871530893,1768604.2171116916
692.8571428571429,905.7142857142858,451.42857142857144,16.209925750009756,1861739.1174031578
692.8571428571429,905.7142857142858,617.1428571428571,16.208464926633532,1968509.8984127063
692.8571428571429,905.7142857142858,782.8571428571429,16.20702301898393,2062747.998432658
692.8571428571429,905.7142857142858,948.5714285714287,16.205657996150176,2140793.844181192
692.8571428571429,905.7142857142858,1114.2857142857142,16.204396825125414,2204081.976429154
692.8571428571429,905.7142857142858,1280.0,16.203247526995362,2255107.4001363963
692.8571428571429,905.7142857142858,1445.7142857142858,16.202207729065325,2296284.0912077017
692.8571428571429,905.7142857142858,1611.4285714285716,16.201269994870778,2329648.1853659637
692.8571428571429,905.7142857142858,1777.1428571428573,16.200424877899717,2356831.106537629
692.8571428571429,905.7142857142858,1942.857142857143,16.199662560518036,2379112.8304558215
692.8571428571429,905.7142857142858,2108.5714285714284,16.198973671492627,2397490.1289161006
692.8571428571429,905.7142857142858,2274.285714285714,16.198349647147957,2412738.704862965
692.8571428571429,905.7142857142858,2440.0,16.197782848580793,2425463.9870500728
692.8571428571429,905.7142857142858,2605.714285714286,16.19726655464172,2436140.808030025
692.8571428571429,905.7142857142858,2771.4285714285716,16.196794896561563,2445143.7696406497
692.8571428571429,905.7142857142858,2937.1428571428573,16.196362769598977,2452770.286244972
692.8571428571429,905.7142857142858,3102.857142857143,16.195965740068925,2459258.036222542
692.8571428571429,905.7142857142858,3268.571428571429,16.195599956747174,2464798.2000477593
692.8571428571429,905.7142857142858,3434.2857142857147,16.195262070575875,2469545.5397359016
692.8571428571429,905.7142857142858,3600.0,16.194949163919137,2473626.1114331274
692.8571428571429,952.8571428571429,120.0,16.212456034722756,1844015.0352692262
692.8571428571429,952.8571428571429,285.7142857142857,16.211299841728128,1796086.2033685495
692.8571428571429,952.8571428571429,451.42857142857144,16.2099328448668,1892193.8647598198
692.8571428571429,952.8571428571429,617.1428571428571,16.208484340756574,2001469.712982403
692.8571428571429,952.8571428571429,782.8571428571429,16.207055756288078,2097926.864752542
692.8571428571429,952.8571428571429,948.5714285714287,16.205703784595347,2177930.453579921
692.8571428571429,952.8571428571429,1114.2857142857142,16.204454732458508,2242938.978129644
692.8571428571429,952.8571428571429,1280.0,16.20331635155969,2295474.817298027
692.8571428571429,952.8571428571429,1445.7142857142858,16.202286220984906,2337979.2709089792
692.8571428571429,952.8571428571429,1611.4285714285716,16.20135696805151,2372513.6494344273
692.8571428571429,952.8571428571429,1777.1428571428573,16.20051925858282,2400731.596185493
692.8571428571429,952.8571428571429,1942.857142857143,16.19976340158633,2423932.2463751403
692.8571428571429,952.8571428571429,2108.5714285714284,16.19908014961044,2443128.687950462
692.8571428571429,952.8571428571429,2274.285714285714,16.198461052193203,2459110.4328338364
692.8571428571429,952.8571428571429,2440.0,16.19789857037467,2472494.568991571
692.8571428571429,952.8571428571429,2605.714285714286,16.1973860694884,2483765.7730413494
692.8571428571429,952.8571428571429,2771.4285714285716,16.196917754757376,2493306.970861464
692.8571428571429,952.8571428571429,2937.1428571428573,16.19648858435838,2501422.6329561784
692.8571428571429,952.8571428571429,3102.857142857143,16.19609417795487,2508356.43751867
692.8571428571429,952.8571428571429,3268.571428571429,16.195730729523344,2514304.684276587
692.8571428571429,952.8571428571429,3434.2857142857147,16.19539492832848,2519426.5191899086
692.8571428571429,952.8571428571429,3600.0,16.195083889277,2523851.766802645
692.8571428571429,1000.0,120.0,16.212453793211203,1861638.1067175223
692.8571428571429,1000.0,285.7142857142857,16.21129811279458,1822732.934039056
692.8571428571429,1000.0,451.42857142857144,16.209939829400945,1921827.2209735417
692.8571428571429,1000.0,617.1428571428571,16.208503073400244,2033579.9968332185
692.8571428571429,1000.0,782.8571428571429,16.20708718644995,2132217.9182685534
692.8571428571429,1000.0,948.5714285714287,16.205747655984503,2214139.97561528
692.8571428571429,1000.0,1114.2857142857142,16.204510165712186,2280831.765687879
692.8571428571429,1000.0,1280.0,16.203382212452812,2334844.1026916793
692.8571428571429,1000.0,1445.7142857142858,16.202361328703425,2378645.8342063064
692.8571428571429,1000.0,1611.4285714285716,16.201440200811195,2414323.3139932
692.8571428571429,1000.0,1777.1428571428573,16.20060959960943,2443552.129805662
692.8571428571429,1000.0,1942.857142857143,16.19985995286718,2467650.256646384
692.8571428571429,1000.0,2108.5714285714284,16.199182129449916,2487646.7805834063
692.8571428571429,1000.0,2274.285714285714,16.198567785459446,2504344.7269202634
692.8571428571429,1000.0,2440.0,16.198009476149444,2518372.5775978933
692.8571428571429,1000.0,2605.714285714286,16.19750064849285,2530224.619944316
692.8571428571429,1000.0,2771.4285714285716,16.19703557765465,2540291.900874608
692.8571428571429,1000.0,2937.1428571428573,16.19660928136324,2548885.7715393486
692.8571428571429,1000.0,3102.857142857143,16.196217429840203,2556255.7587094493
692.8571428571429,1000.0,3268.571428571429,16.195856259951874,2562603.151182291
692.8571428571429,1000.0,3434.2857142857147,16.19552249737054,2568091.3667758717
692.8571428571429,1000.0,3600.0,16.195213287956573,2572853.9018171104
728.5714285714286,10.0,120.0,16.212742442187096,1014552.4308724325
728.5714285714286,10.0,285.7142857142857,16.21158942034941,842356.6693298477
728.5714285714286,10.0,451.42857142857144,16.20988111439969,855582.2488527341
728.5714285714286,10.0,617.1428571428571,16.207936834824984,876141.9900305348
728.5714285714286,10.0,782.8571428571429,16.20598804266685,887983.4041632942
728.5714285714286,10.0,948.5714285714287,16.204172499082247,890864.1147650672
728.5714285714286,10.0,1114.2857142857142,16.2025516534828,887129.0715286294
728.5714285714286,10.0,1280.0,16.201138718993707,879117.7478386811
728.5714285714286,10.0,1445.7142857142858,16.199921971138895,868615.8705472193
728.5714285714286,10.0,1611.4285714285716,16.198879411233477,856853.3406771672
728.5714285714286,10.0,1777.1428571428573,16.19798663920198,844630.2383308975
728.5714285714286,10.0,1942.857142857143,16.197220549787446,832445.288692675
728.5714285714286,10.0,2108.5714285714284,16.196560766810688,820595.9383590117
728.5714285714286,10.0,2274.285714285714,16.195989961658245,809248.9659698979
728.5714285714286,10.0,2440.0,16.19549367570697,798488.0273126098
728.5714285714286,10.0,2605.714285714286,16.195059959318364,788344.8919725425
728.5714285714286,10.0,2771.4285714285716,16.19467897492447,778819.6783470882
728.5714285714286,10.0,2937.1428571428573,16.194342627519468,769893.8398949341
728.5714285714286,10.0,3102.857142857143,16.19404424487249,761538.4324892715
728.5714285714286,10.0,3268.571428571429,16.19377831093037,753719.3285601392
728.5714285714286,10.0,3434.2857142857147,16.193540248014813,746400.462250595
728.5714285714286,10.0,3600.0,16.19332624079788,739545.8078476959
728.5714285714286,57.142857142857146,120.0,16.212653605955403,1189036.90131281
728.5714285714286,57.142857142857146,285.7142857142857,16.21144219260303,1019029.7510896446
728.5714285714286,57.142857142857146,451.42857142857144,16.209707014350027,1049048.7507141065
728.5714285714286,57.142857142857146,617.1428571428571,16.207745134096918,1088843.5352075251
728.5714285714286,57.142857142857146,782.8571428571429,16.205766150511447,1118865.296683031
728.5714285714286,57.142857142857146,948.5714285714287,16.203895508869337,1137941.5262259666
728.5714285714286,57.142857142857146,1114.2857142857142,16.202192883557952,1148206.7166436042
728.5714285714286,57.142857142857146,1280.0,16.200675921067198,1152082.080058876
728.5714285714286,57.142857142857146,1445.7142857142858,16.199339463216333,1151563.091777675
728.5714285714286,57.142857142857146,1611.4285714285716,16.198167871273668,1148133.2858952794
728.5714285714286,57.142857142857146,1777.1428571428573,16.197141950168252,1142845.5482142859
728.5714285714286,57.142857142857146,1942.857142857143,16.196242464890243,1136429.0816231105
728.5714285714286,57.142857142857146,2108.5714285714284,16.19545172573201,1129381.4212582416
728.5714285714286,57.142857142857146,2274.285714285714,16.194754154987383,1122038.1595351244
728.5714285714286,57.142857142857146,2440.0,16.19413635173721,1114623.0001901775
728.5714285714286,57.142857142857146,2605.714285714286,16.193586931732213,1107282.78593133
728.5714285714286,57.142857142857146,2771.4285714285716,16.19309628440192,1100111.720578923
728.5714285714286,57.142857142857146,2937.1428571428573,16.192656316123802,1093168.038638241
728.5714285714286,57.142857142857146,3102.857142857143,16.192260210745186,1086485.4655027264
728.5714285714286,57.142857142857146,3268.571428571429,16.19190221902448,1080081.103337505
728.5714285714286,57.142857142857146,3434.2857142857147,16.19157747928598,1073960.8664739714
728.5714285714286,57.142857142857146,3600.0,16.19128186736684,1068123.233954851
728.5714285714286,104.28571428571429,120.0,16.212608681468033,1290186.7317582679
728.5714285714286,104.28571428571429,285.7142857142857,16.21138476351723,1123306.186175485
728.5714285714286,104.28571428571429,451.42857142857144,16.209672807909257,1161512.952408201
728.5714285714286,104.28571428571429,617.1428571428571,16.207752184067573,1211058.462513137
728.5714285714286,104.28571428571429,782.8571428571429,16.205816578783132,1250519.5307612706
728.5714285714286,104.28571428571429,948.5714285714287,16.203981028083703,1278190.2528217891
728.5714285714286,104.28571428571429,1114.2857142857142,16.20230087610916,1296060.2575064125
728.5714285714286,104.28571428571429,1280.0,16.200793470071037,1306559.6974524648
728.5714285714286,104.28571428571429,1445.7142857142858,16.199455318285576,1311760.3382598986
728.5714285714286,104.28571428571429,1611.4285714285716,16.198273086855924,1313247.8867964705
728.5714285714286,104.28571428571429,1777.1428571428573,16.19722984596075,1312181.8470832582
728.5714285714286,104.28571428571429,1942.857142857143,16.19630830995104,1309391.864412428
728.5714285714286,104.28571428571429,2108.5714285714284,16.195492354258473,1305465.1859822045
728.5714285714286,104.28571428571429,2274.285714285714,16.194767606293595,1300815.1243186241
728.5714285714286,104.28571428571429,2440.0,16.194121567067054,1295731.5138301593
728.5714285714286,104.28571428571429,2605.714285714286,16.193543512722464,1290416.8814782088
728.5714285714286,104.28571428571429,2771.4285714285716,16.193024306782558,1285012.0541585477
728.5714285714286,104.28571428571429,2937.1428571428573,16.19255618891068,1279614.2043310814
728.5714285714286,104.28571428571429,3102.857142857143,16.192132571261432,1274289.563284656
728.5714285714286,104.28571428571429,3268.571428571429,16.191747855418786,1269082.3966112314
728.5714285714286,104.28571428571429,3434.2857142857147,16.191397273824464,1264021.3621311411
728.5714285714286,104.28571428571429,3600.0,16.19107675526559,1259124.031211593
728.5714285714286,151.42857142857144,120.0,16.212577436617565,1367411.4356619257
728.5714285714286,151.42857142857144,285.7142857142857,16.21135024872748,1204826.5913594223
728.5714285714286,151.42857142857144,451.42857142857144,16.209665898298557,1249034.2155256942
728.5714285714286,151.42857142857144,617.1428571428571,16.207788670318994,1305707.186069982
728.5714285714286,151.42857142857144,782.8571428571429,16.20589997949051,1352101.8038005682
728.5714285714286,151.42857142857144,948.5714285714287,16.204106756880464,1386122.6202656094
728.5714285714286,151.42857142857144,1114.2857142857142,16.20246059338587,1409651.8879949804
728.5714285714286,151.42857142857144,1280.0,16.200978017401425,1425122.8262094378
728.5714285714286,151.42857142857144,1445.7142857142858,16.199656245877414,1434657.6587312
728.5714285714286,151.42857142857144,1611.4285714285716,16.198483255662907,1439910.68096662
728.5714285714286,151.42857142857144,1777.1428571428573,16.1974435318188,1442113.4172159557
728.5714285714286,151.42857142857144,1942.857142857143,16.196521081289323,1442163.772694767
728.5714285714286,151.42857142857144,2108.5714285714284,16.195700870728526,1440710.3818025095
728.5714285714286,151.42857142857144,2274.285714285714,16.19496940935066,1438220.1446146965
728.5714285714286,151.42857142857144,2440.0,16.194314892179406,1435028.864423506
728.5714285714286,151.42857142857144,2605.714285714286,16.193727132365375,1431378.1038095637
728.5714285714286,151.42857142857144,2771.4285714285716,16.1931974040939,1427441.655660378
728.5714285714286,151.42857142857144,2937.1428571428573,16.19271825826859,1423344.4637002437
728.5714285714286,151.42857142857144,3102.857142857143,16.192283341099987,1419176.143821891
728.5714285714286,151.42857142857144,3268.571428571429,16.19188722880629,1415000.6706130882
728.5714285714286,151.42857142857144,3434.2857142857147,16.191525282955908,1410863.343772684
728.5714285714286,151.42857142857144,3600.0,16.191193526729382,1406795.8215461127
728.5714285714286,198.57142857142858,120.0,16.21255356089351,1431256.6213761966
728.5714285714286,198.57142857142858,285.7142857142857,16.21132649324675,1273922.592838007
728.5714285714286,198.57142857142858,451.42857142857144,16.209669045184096,1323124.565163915
728.5714285714286,198.57142857142858,617.1428571428571,16.20783220371739,1385623.6586222996
728.5714285714286,198.57142857142858,782.8571428571429,16.205987426882363,1437679.3372281755
728.5714285714286,198.57142857142858,948.5714285714287,16.204235098685817,1476892.2870389335
728.5714285714286,198.57142857142858,1114.2857142857142,16.20262364531053,1505062.3500174854
728.5714285714286,198.57142857142858,1280.0,16.201168717058973,1524626.7509658025
728.5714285714286,198.57142857142858,1445.7142857142858,16.19986787814624,1537748.0814032955
728.5714285714286,198.57142857142858,1611.4285714285716,16.198709974662354,1546134.5575803556
728.5714285714286,198.57142857142858,1777.1428571428573,16.197680494876497,1551073.9775183958
728.5714285714286,198.57142857142858,1942.857142857143,16.1967643975725,1553517.4918892079
728.5714285714286,198.57142857142858,2108.5714285714284,16.19594747705935,1554161.6572747573
728.5714285714286,198.57142857142858,2274.285714285714,16.19521692956587,1553515.3044621088
728.5714285714286,198.57142857142858,2440.0,16.1945615052808,1551950.3252428134
728.5714285714286,198.57142857142858,2605.714285714286,16.193971458761176,1549739.0485768327
728.5714285714286,198.57142857142858,2771.4285714285716,16.193438411642816,1547081.3628171938
728.5714285714286,198.57142857142858,2937.1428571428573,16.192955186583706,1544124.2959887525
728.5714285714286,198.57142857142858,3102.857142857143,16.192515641446597,1540976.1478501887
728.5714285714286,198.57142857142858,3268.571428571429,16.19211451678711,1537716.715605502
728.5714285714286,198.57142857142858,3434.2857142857147,16.191747301442152,1534404.723517408
728.5714285714286,198.57142857142858,3600.0,16.191410116891376,1531083.247805485
728.5714285714286,245.71428571428572,120.0,16.212534440731872,1486174.2604645009
728.5714285714286,245.71428571428572,285.7142857142857,16.211308948813148,1334875.322266961
728.5714285714286,245.71428571428572,451.42857142857144,16.209676667298616,1388510.0428746785
728.5714285714286,245.71428571428572,617.1428571428571,16.207876608258555,1456051.0288816646
728.5714285714286,245.71428571428572,782.8571428571429,16.206071876669633,1512985.488353955
728.5714285714286,245.71428571428572,948.5714285714287,16.204357406821256,1556670.3099739156
728.5714285714286,245.71428571428572,1114.2857142857142,16.20277893006491,1588841.3585575847
728.5714285714286,245.71428571428572,1280.0,16.201351260909377,1611942.226757311
728.5714285714286,245.71428571428572,1445.7142857142858,16.20007214042659,1628170.9425047974
728.5714285714286,245.71428571428572,1611.4285714285716,16.198931041917767,1639281.599968122
728.5714285714286,245.71428571428572,1777.1428571428573,16.197914216528453,1646609.3337345442
728.5714285714286,245.71428571428572,1942.857142857143,16.197007366865215,1651149.858424309
728.5714285714286,245.71428571428572,2108.5714285714284,16.196196947325024,1653639.763203003
728.5714285714286,245.71428571428572,2274.285714285714,16.19547071195901,1654622.9041694405
728.5714285714286,245.71428571428572,2440.0,16.1948178694897,1654501.3511823106
728.5714285714286,245.71428571428572,2605.714285714286,16.19422904532131,1653573.2080620294
728.5714285714286,245.71428571428572,2771.4285714285716,16.19369615815897,1652060.275847642
728.5714285714286,245.71428571428572,2937.1428571428573,16.193212267315953,1650128.1762197462
728.5714285714286,245.71428571428572,3102.857142857143,16.192771418610867,1647900.9846400009
728.5714285714286,245.71428571428572,3268.571428571429,16.192368501652734,1645471.8980773333
728.5714285714286,245.71428571428572,3434.2857142857147,16.191999123408994,1642911.044557921
728.5714285714286,245.71428571428572,3600.0,16.19165949896734,1640271.2296033187
728.5714285714286,292.8571428571429,120.0,16.212518699570168,1534552.1157457605
728.5714285714286,292.8571428571429,285.7142857142857,16.211295419979834,1389943.8696269393
728.5714285714286,292.8571428571429,451.42857142857144,16.20968643131142,1447665.3021266453
728.5714285714286,292.8571428571429,617.1428571428571,16.20791979876692,1519723.5408256405
728.5714285714286,292.8571428571429,782.8571428571429,16.20615145068974,1581003.7749181844
728.5714285714286,292.8571428571429,948.5714285714287,16.204471680427254,1628664.9633612016
728.5714285714286,292.8571428571429,1114.2857142857142,16.202923892799706,1664393.4890095468
728.5714285714286,292.8571428571429,1280.0,16.20152213208567,1690641.9385445777
728.5714285714286,292.8571428571429,1445.7142857142858,16.200264225661858,1709641.0865525538
728.5714285714286,292.8571428571429,1611.4285714285716,16.199140124786975,1723185.9181830601
728.5714285714286,292.8571428571429,1777.1428571428573,16.198136687597994,1732653.186391709
728.5714285714286,292.8571428571429,1942.857142857143,16.197240221102724,1739077.5288761794
728.5714285714286,292.8571428571429,2108.5714285714284,16.196437724285264,1743230.3875167246
728.5714285714286,292.8571428571429,2274.285714285714,16.19571741748021,1745686.0721451666
728.5714285714286,292.8571428571429,2440.0,16.19506889742849,1746872.8891714297
728.5714285714286,292.8571428571429,2605.714285714286,16.194483107145185,1747111.366192787
728.5714285714286,292.8571428571429,2771.4285714285716,16.193952222856417,1746642.3910337202
728.5714285714286,292.8571428571429,2937.1428571428573,16.19346951158544,1745647.8064845358
728.5714285714286,292.8571428571429,3102.857142857143,16.193029186257387,1744265.475556112
728.5714285714286,292.8571428571429,3268.571428571429,16.19262627080667,1742600.3292574666
728.5714285714286,292.8571428571429,3434.2857142857147,16.19225648019816,1740732.5024277745
728.5714285714286,292.8571428571429,3600.0,16.191916116422956,1738723.3562644322
728.5714285714286,340.0,120.0,16.2125055092134,1577851.986423229
728.5714285714286,340.0,285.7142857142857,16.21128468503352,1440490.9274287084
728.5714285714286,340.0,451.42857142857144,16.20969721918038,1502072.99814851
728.5714285714286,340.0,617.1428571428571,16.207961056333946,1578273.5288989882
728.5714285714286,340.0,782.8571428571429,16.20622584734951,1643511.8838755277
728.5714285714286,340.0,948.5714285714287,16.204577862801457,1694786.0136671097
728.5714285714286,340.0,1114.2857142857142,16.203058472955412,1733744.7083983447
728.5714285714286,340.0,1280.0,16.201681018820366,1762852.1186203973
728.5714285714286,340.0,1445.7142857142858,16.200443362309038,1784370.2144769777
728.5714285714286,340.0,1611.4285714285716,16.199335833229338,1800131.5298149365
728.5714285714286,340.0,1777.1428571428573,16.19834578837634,1811550.4867081998
728.5714285714286,340.0,1942.857142857143,16.197460039744307,1819696.6970476136
728.5714285714286,340.0,2108.5714285714284,16.196666046798168,1825372.7978261977
728.5714285714286,340.0,2274.285714285714,16.195952428158815,1829180.3028521629
728.5714285714286,340.0,2440.0,16.195309115122317,1831570.9370142783
728.5714285714286,340.0,2605.714285714286,16.194727327047467,1832885.2431428754
728.5714285714286,340.0,2771.4285714285716,16.19419946624983,1833381.1547450947
728.5714285714286,340.0,2937.1428571428573,16.193718983778723,1833255.0140056773
728.5714285714286,340.0,3102.857142857143,16.19328024199663,1832657.0221833698
728.5714285714286,340.0,3268.571428571429,16.1928783861205,1831702.6247429112
728.5714285714286,340.0,3434.2857142857147,16.192509229606202,1830480.9361786793
728.5714285714286,340.0,3600.0,16.19216915453325,1829061.006824045
728.5714285714286,387.14285714285717,120.0,16.212494326594957,1617048.608442438
728.5714285714286,387.14285714285717,285.7142857142857,16.21127599794277,1487412.7272913898
728.5714285714286,387.14285714285717,451.42857142857144,16.209708449396857,1552702.3311016122
728.5714285714286,387.14285714285717,617.1428571428571,16.20800018661254,1632764.6049377886
728.5714285714286,387.14285714285717,782.8571428571429,16.20629529160912,1701666.0526749443
728.5714285714286,387.14285714285717,948.5714285714287,16.20467649844847,1756274.4172464868
728.5714285714286,387.14285714285717,1114.2857142857142,16.203183378116336,1798210.9454655307
728.5714285714286,387.14285714285717,1280.0,16.201828630274942,1829953.773860819
728.5714285714286,387.14285714285717,1445.7142857142858,16.20061012036257,1853795.1567390838
728.5714285714286,387.14285714285717,1611.4285714285716,16.199518486790367,1871602.8130931712
728.5714285714286,387.14285714285717,1777.1428571428573,16.19854150592844,1884825.9573603873
728.5714285714286,387.14285714285717,1942.857142857143,16.19766642064556,1894566.2634419275
728.5714285714286,387.14285714285717,2108.5714285714284,16.196881087140007,1901654.845843415
728.5714285714286,387.14285714285717,2274.285714285714,16.196174469987692,1906717.9942092893
728.5714285714286,387.14285714285717,2440.0,16.195536793259922,1910228.7363103025
728.5714285714286,387.14285714285717,2605.714285714286,16.194959519887238,1912545.8143133374
728.5714285714286,387.14285714285717,2771.4285714285716,16.194435252872488,1913942.6623909005
728.5714285714286,387.14285714285717,2937.1428571428573,16.193957607771196,1914628.8139147544
728.5714285714286,387.14285714285717,3102.857142857143,16.193521081488743,1914765.703151403
728.5714285714286,387.14285714285717,3268.571428571429,16.193120929233842,1914478.3566793322
728.5714285714286,387.14285714285717,3434.2857142857147,16.192753054454283,1913864.079872307
728.5714285714286,387.14285714285717,3600.0,16.192413912973873,1912998.9445405982
728.5714285714286,434.28571428571433,120.0,16.21248477331138,1652832.2239276392
728.5714285714286,434.28571428571433,285.7142857142857,16.211268872002478,1531335.763245408
728.5714285714286,434.28571428571433,451.42857142857144,16.20971980408533,1600227.0098395452
728.5714285714286,434.28571428571433,617.1428571428571,16.208037209896997,1683933.9227659022
728.5714285714286,434.28571428571433,782.8571428571429,16.206360174673264,1756266.2812998937
728.5714285714286,434.28571428571433,948.5714285714287,16.204768287391396,1813987.9836037494
728.5714285714286,434.28571428571433,1114.2857142857142,16.20329951239655,1858701.4199875128
728.5714285714286,434.28571428571433,1280.0,16.201965963351135,1892900.9686376078
728.5714285714286,434.28571428571433,1445.7142857142858,16.200765490103706,1918908.6420766842
728.5714285714286,434.28571428571433,1611.4285714285716,16.19968898837376,1938625.6063756712
728.5714285714286,434.28571428571433,1777.1428571428573,16.19872459419714,1953533.6888023126
728.5714285714286,434.28571428571433,1942.857142857143,16.19785992417585,1964764.3932411277
728.5714285714286,434.28571428571433,2108.5714285714284,16.19708318142135,1973175.2148908952
728.5714285714286,434.28571428571433,2274.285714285714,16.19638363506339,1979415.336672499
728.5714285714286,434.28571428571433,2440.0,16.195751768495924,1983977.4424116898
728.5714285714286,434.28571428571433,2605.714285714286,16.195179261654893,1987237.055017461
728.5714285714286,434.28571428571433,2771.4285714285716,16.19465889736597,1989481.8983370482
728.5714285714286,434.28571428571433,2937.1428571428573,16.194184439426692,1990933.6683220482
728.5714285714286,434.28571428571433,3102.857142857143,16.193750506675762,1991764.16060128
728.5714285714286,434.28571428571433,3268.571428571429,16.19335245458047,1992107.2446392907
728.5714285714286,434.28571428571433,3434.2857142857147,16.192986269098814,1992067.7910377067
728.5714285714286,434.28571428571433,3600.0,16.192648474073817,1991728.3620390946
728.5714285714286,481.42857142857144,120.0,16.21247657346018,1685713.9931014874
728.5714285714286,481.42857142857144,285.7142857142857,16.211262973477798,1572718.3424831766
728.5714285714286,481.42857142857144,451.42857142857144,16.20973110490604,1645137.3018963174
728.5714285714286,481.42857142857144,617.1428571428571,16.208072234011595,1732316.445690491
728.5714285714286,481.42857142857144,782.8571428571429,16.20642092000604,1807892.2178718816
728.5714285714286,481.42857142857144,948.5714285714287,16.20485392787866,1868547.674693127
728.5714285714286,481.42857142857144,1114.2857142857142,16.203407775362248,1915873.9896084566
728.5714285714286,481.42857142857144,1280.0,16.202094038992698,1952383.8773408402
728.5714285714286,481.42857142857144,1445.7142857142858,16.20091054107998,1980428.8270169485
728.5714285714286,481.42857142857144,1611.4285714285716,16.199848395794604,2001942.1353322673
728.5714285714286,481.42857142857144,1777.1428571428573,16.198896052118496,2018436.5404283388
728.5714285714286,481.42857142857144,1942.857142857143,16.198041455148314,2031071.6138527629
728.5714285714286,481.42857142857144,2108.5714285714284,16.19727311501632,2040729.5658261976
728.5714285714286,481.42857142857144,2274.285714285714,16.19658057191932,2048080.9706799148
728.5714285714286,481.42857142857144,2440.0,16.19595454125137,2053636.849931704
728.5714285714286,481.42857142857144,2605.714285714286,16.195386898040276,2057788.3681080334
728.5714285714286,481.42857142857144,2771.4285714285716,16.194870587545637,2060836.5635699925
728.5714285714286,481.42857142857144,2937.1428571428573,16.194399508101824,2063014.4643481344
728.5714285714286,481.42857142857144,3102.857142857143,16.193968389726994,2064503.5218690014
728.5714285714286,481.42857142857144,3268.571428571429,16.193572679735475,2065445.8494438063
728.5714285714286,481.42857142857144,3434.2857142857147,16.193208440032613,2065953.3740003742
728.5714285714286,481.42857142857144,3600.0,16.192872257372574,2066114.7152602873
728.5714285714286,528.5714285714286,120.0,16.21246951865683,1716085.8127648814
728.5714285714286,528.5714285714286,285.7142857142857,16.2112580644196,1611907.7790807139
728.5714285714286,528.5714285714286,451.42857142857144,16.209742251427944,1687802.9010892648
728.5714285714286,528.5714285714286,617.1428571428571,16.208105398635883,1778314.5270419365
728.5714285714286,528.5714285714286,782.8571428571429,16.20647793282417,1856979.1633970512
728.5714285714286,528.5714285714286,948.5714285714287,16.204934062572846,1920419.396439171
728.5714285714286,528.5714285714286,1114.2857142857142,16.203508993651845,1970221.9936195994
728.5714285714286,528.5714285714286,1280.0,16.202213808492296,2008919.9534754204
728.5714285714286,528.5714285714286,1445.7142857142858,16.201046294400143,2038894.1209191727
728.5714285714286,528.5714285714286,1611.4285714285716,16.19999775378045,2062108.9030064633
728.5714285714286,528.5714285714286,1777.1428571428573,16.199056911265885,2080106.587496702
728.5714285714286,528.5714285714286,1942.857142857143,16.198212003857588,2094073.388867806
728.5714285714286,528.5714285714286,2108.5714285714284,16.197451816128616,2104914.8781257295
728.5714285714286,528.5714285714286,2274.285714285714,16.19676613176105,2113321.7952538338
728.5714285714286,528.5714285714286,2440.0,16.196145875461127,2119822.4201840702
728.5714285714286,528.5714285714286,2605.714285714286,16.195583099003585,2124822.6240384337
728.5714285714286,528.5714285714286,2771.4285714285716,16.195070895402374,2128635.957309353
728.5714285714286,528.5714285714286,2937.1428571428573,16.194603285856292,2131506.095189446
728.5714285714286,528.5714285714286,3102.857142857143,16.194175102317384,2133623.561748883
728.5714285714286,528.5714285714286,3268.571428571429,16.19378187664083,2135138.217991079
728.5714285714286,528.5714285714286,3434.2857142857147,16.193419740914486,2136168.624810376
728.5714285714286,528.5714285714286,3600.0,16.193085340260264,2136809.099365841
728.5714285714286,575.7142857142858,120.0,16.212463447005668,1744256.5724208797
728.5714285714286,575.7142857142858,285.7142857142857,16.21125396974208,1649174.8116262003
728.5714285714286,575.7142857142858,451.42857142857144,16.209753188436608,1728510.6267842236
728.5714285714286,575.7142857142858,617.1428571428571,16.208136850123182,1822239.5560224357
728.5714285714286,575.7142857142858,782.8571428571429,16.206531582639762,1903863.5165538525
728.5714285714286,575.7142857142858,948.5714285714287,16.205009264125696,1969962.8804517244
728.5714285714286,575.7142857142858,1114.2857142857142,16.20360390296697,2022126.1480624005
728.5714285714286,575.7142857142858,1280.0,16.202326125395313,2062908.4160709535
728.5714285714286,575.7142857142858,1445.7142857142858,16.201173679133554,2094719.8731245878
728.5714285714286,575.7142857142858,1611.4285714285716,16.20013803081076,2119555.231417117
728.5714285714286,575.7142857142858,1777.1428571428573,16.19920815035906,2138985.2181622167
728.5714285714286,575.7142857142858,1942.857142857143,16.198372536560704,2154221.5165557195
728.5714285714286,575.7142857142858,2108.5714285714284,16.197620221381452,2166191.936310806
728.5714285714286,575.7142857142858,2274.285714285714,16.196941208922713,2175606.363867884
728.5714285714286,575.7142857142858,2440.0,16.19632661409835,2183009.43772496
728.5714285714286,575.7142857142858,2605.714285714286,16.19576864987654,2188820.9542001463
728.5714285714286,575.7142857142858,2771.4285714285716,16.19526054449251,2193366.3039397914
728.5714285714286,575.7142857142858,2937.1428571428573,16.194796431971312,2196899.234553827
728.5714285714286,575.7142857142858,3102.857142857143,16.194371238186555,2199618.8524759132
728.5714285714286,575.7142857142858,3268.571428571429,16.193980573150643,2201682.3485026597
728.5714285714286,575.7142857142858,3434.2857142857147,16.19362063405227,2203214.56112124
728.5714285714286,575.7142857142858,3600.0,16.193288120337247,2204315.2006132635
728.5714285714286,622.8571428571429,120.0,16.212458229784307,1770475.2999323993
728.5714285714286,622.8571428571429,285.7142857142857,16.211250557214974,1684735.4250976993
728.5714285714286,622.8571428571429,451.42857142857144,16.209763887685533,1767488.248294249
728.5714285714286,622.8571428571429,617.1428571428571,16.208166730157565,1864338.2296568998
728.5714285714286,622.8571428571429,782.8571428571429,16.206582199318355,1948811.4144588572
728.5714285714286,622.8571428571429,948.5714285714287,16.205080035886276,2017462.4762250853
728.5714285714286,622.8571428571429,1114.2857142857142,16.2036931493365,2071887.2312410132
728.5714285714286,622.8571428571429,1280.0,16.202431743192786,2114664.56963101
728.5714285714286,622.8571428571429,1445.7142857142858,16.201293522914334,2148234.0867441483
728.5714285714286,622.8571428571429,1611.4285714285716,16.200270099925024,2174620.1550522726
728.5714285714286,622.8571428571429,1777.1428571428573,16.19935066435369,2195421.0211007106
728.5714285714286,622.8571428571429,1942.857142857143,16.19852395159217,2211872.853437843
728.5714285714286,622.8571428571429,2108.5714285714284,16.19777921823009,2224924.7559964946
728.5714285714286,622.8571428571429,2274.285714285714,16.197106669248086,2235304.9009991433
728.5714285714286,622.8571428571429,2440.0,16.196497593486868,2243573.523744546
728.5714285714286,622.8571428571429,2605.714285714286,16.195944351775548,2250163.682874378
728.5714285714286,622.8571428571429,2771.4285714285716,16.19544029676342,2255412.0380701995
728.5714285714286,622.8571428571429,2937.1428571428573,16.194979666592886,2259581.920023973
728.5714285714286,622.8571428571429,3102.857142857143,16.194557474063348,2262880.599415211
728.5714285714286,622.8571428571429,3268.571428571429,16.19416940173301,2265472.239872861
728.5714285714286,622.8571428571429,3434.2857142857147,16.19381170739227,2267487.6525977557
728.5714285714286,622.8571428571429,3600.0,16.193481141202778,2269031.6802590094
728.5714285714286,670.0,120.0,16.212453762649584,1794946.5720731837
728.5714285714286,670.0,285.7142857142857,16.211247724757495,1718765.2845122532
728.5714285714286,670.0,451.42857142857144,16.209774337294185,1804920.1947929638
728.5714285714286,670.0,617.1428571428571,16.208195170948002,1904809.8478581882
728.5714285714286,670.0,782.8571428571429,16.20663007459524,1992037.569729111
728.5714285714286,670.0,948.5714285714287,16.205146818049375,2063147.3936177844
728.5714285714286,670.0,1114.2857142857142,16.203777297253737,2119747.5670774304
728.5714285714286,670.0,1280.0,16.202531322724504,2164442.3623579764
728.5714285714286,670.0,1445.7142857142858,16.20140655624512,2199700.896858596
728.5714285714286,670.0,1611.4285714285716,16.200394738066535,2227576.680722906
728.5714285714286,670.0,1777.1428571428573,16.199485257464428,2249694.706756945
728.5714285714286,670.0,1942.857142857143,16.198667065137485,2267314.7940971325
728.5714285714286,670.0,2108.5714285714284,16.1979296229037,2281406.535218207
728.5714285714286,670.0,2274.285714285714,16.197263319884776,2292715.6517163008
728.5714285714286,670.0,2440.0,16.196659604829254,2301817.322443396
728.5714285714286,670.0,2605.714285714286,16.196110974888406,2309157.298855392
728.5714285714286,670.0,2771.4285714285716,16.195610897724357,2315083.018168888
728.5714285714286,670.0,2937.1428571428573,16.195153707981294,2319866.9723857874
728.5714285714286,670.0,3102.857142857143,16.19473449923363,2323724.235513035
728.5714285714286,670.0,3268.571428571429,16.19434902162375,2326825.635448063
728.5714285714286,670.0,3434.2857142857147,16.193993589541773,2329307.6922013094
728.5714285714286,670.0,3600.0,16.193665000635313,2331280.15483659
728.5714285714286,717.1428571428572,120.0,16.2124499596235,1817841.1383340512
728.5714285714286,717.1428571428572,285.7142857142857,16.211245392069095,1751409.6219646083
728.5714285714286,717.1428571428572,451.42857142857144,16.20978453539087,1840958.2855707593
728.5714285714286,717.1428571428572,617.1428571428571,16.20822229357465,1943818.107868306
728.5714285714286,717.1428571428572,782.8571428571429,16.20667546559926,2033718.1051356737
728.5714285714286,717.1428571428572,948.5714285714287,16.20520999527727,2107205.4886221453
728.5714285714286,717.1428571428572,1114.2857142857142,16.20385683962808,2165905.6531203184
728.5714285714286,717.1428571428572,1280.0,16.202625442604823,2212449.7459438248
728.5714285714286,717.1428571428572,1445.7142857142858,16.201513421759056,2249336.558656716
728.5714285714286,717.1428571428572,1611.4285714285716,16.200512632868726,2278648.311401714
728.5714285714286,717.1428571428572,1777.1428571428573,16.199612646494057,2302036.086104329
728.5714285714286,717.1428571428572,1942.857142857143,16.198802610412883,2320782.635590107
728.5714285714286,717.1428571428572,2108.5714285714284,16.198072174978655,2335877.3456960274
728.5714285714286,717.1428571428572,2274.285714285714,16.197411898976796,2348082.850171369
728.5714285714286,717.1428571428572,2440.0,16.196813378882368,2357988.704989357
728.5714285714286,717.1428571428572,2605.714285714286,16.196269238097596,2366052.8597576227
728.5714285714286,717.1428571428572,2771.4285714285716,16.195773051055248,2372633.1016803375
728.5714285714286,717.1428571428572,2937.1428571428573,16.195319242194138,2378010.7166681
728.5714285714286,717.1428571428572,3102.857142857143,16.194902980421357,2382408.267250595
728.5714285714286,717.1428571428572,3268.571428571429,16.19452007905195,2386002.976115859
728.5714285714286,717.1428571428572,3434.2857142857147,16.194166905499344,2388936.841328606
728.5714285714286,717.1428571428572,3600.0,16.19384030199535,2391324.320507983
728.5714285714286,764.2857142857143,120.0,16.212446748857683,1839303.462633574
728.5714285714286,764.2857142857143,285.7142857142857,16.21124349494389,1782790.2118873277
728.5714285714286,764.2857142857143,451.42857142857144,16.20979448620503,1875729.279557514
728.5714285714286,764.2857142857143,617.1428571428571,16.20824820785182,1981499.3901994498
728.5714285714286,764.2857142857143,782.8571428571429,16.206718598888575,2073999.5626777944
728.5714285714286,764.2857142857143,948.5714285714287,16.205269904195415,2149792.935579405
728.5714285714286,764.2857142857143,1114.2857142857142,16.203932207522136,2210526.4215531116
728.5714285714286,764.2857142857143,1280.0,16.202714609900955,2258859.449547532
728.5714285714286,764.2857142857143,1445.7142857142858,16.20161468467582,2297320.6631457433
728.5714285714286,764.2857142857143,1611.4285714285716,16.20062439194329,2328020.6396853765
728.5714285714286,764.2857142857143,1777.1428571428573,16.199733468232814,2352635.985929923
728.5714285714286,764.2857142857143,1942.857142857143,16.19893124265448,2372471.766473662
728.5714285714286,764.2857142857143,2108.5714285714284,16.198207539600215,2388536.5546856388
728.5714285714286,764.2857142857143,2274.285714285714,16.197553074890436,2401609.3396536764
728.5714285714286,764.2857142857143,2440.0,16.196959582057197,2412293.558564674
728.5714285714286,764.2857142857143,2605.714285714286,16.19641980189729,2421058.9254322737
728.5714285714286,764.2857142857143,2771.4285714285716,16.19592740833743,2428273.202043183
728.5714285714286,764.2857142857143,2937.1428571428573,16.195476909665953,2434226.145220537
728.5714285714286,764.2857142857143,3102.857142857143,16.195063545278877,2439147.5289350366
728.5714285714286,764.2857142857143,3268.571428571429,16.19468318772105,2443220.733212166
728.5714285714286,764.2857142857143,3434.2857142857147,16.19433225421882,2446593.0306176785
728.5714285714286,764.2857142857143,3600.0,16.194007628971384,2449383.412624568
728.5714285714286,811.4285714285714,120.0,16.212444069574577,1859457.212826199
728.5714285714286,811.4285714285714,285.7142857142857,16.211241981304727,1813010.4175569608
728.5714285714286,811.4285714285714,451.42857142857144,16.209804197618983,1909340.3231882427
728.5714285714286,811.4285714285714,617.1428571428571,16.208273012895276,2017968.7294841325
728.5714285714286,811.4285714285714,782.8571428571429,16.206759674365568,2113005.390233831
728.5714285714286,811.4285714285714,948.5714285714287,16.20532684017066,2191041.1881260714
728.5714285714286,811.4285714285714,1114.2857142857142,16.204003778931614,2253748.622279213
728.5714285714286,811.4285714285714,1280.0,16.202799269981668,2303816.7315624063
728.5714285714286,811.4285714285714,1445.7142857142858,16.20171084287457,2343804.2072260086
728.5714285714286,811.4285714285714,1611.4285714285716,16.200730552481897,2375849.690819954
728.5714285714286,811.4285714285714,1777.1428571428573,16.19984828805067,2401654.8250699867
728.5714285714286,811.4285714285714,1942.857142857143,16.199053546303936,2422546.4420085554
728.5714285714286,811.4285714285714,2108.5714285714284,16.198336312981624,2439551.7699422184
728.5714285714286,811.4285714285714,2274.285714285714,16.197687449839766,2453465.6625444926
728.5714285714286,811.4285714285714,2440.0,16.197098818055295,2464905.000364741
728.5714285714286,811.4285714285714,2605.714285714286,16.19656326797916,2474350.8783115554
728.5714285714286,811.4285714285714,2771.4285714285716,16.19607456656733,2482180.7004178325
728.5714285714286,811.4285714285714,2937.1428571428573,16.195627300657286,2488692.408157489
728.5714285714286,811.4285714285714,3102.857142857143,16.195216775799857,2494122.741113518
728.5714285714286,811.4285714285714,3268.571428571429,16.19483892022869,2498661.025766063
728.5714285714286,811.4285714285714,3434.2857142857147,16.19449019808878,2502459.6282295445
728.5714285714286,811.4285714285714,3600.0,16.194167533178252,2505641.918379799
728.5714285714286,858.5714285714287,120.0,16.212441869809844,1878409.3438969797
728.5714285714286,858.5714285714287,285.7142857142857,16.211240808372526,1842158.9225191374
728.5714285714286,858.5714285714287,451.42857142857144,16.209813679612733,1941882.9686952254
728.5714285714286,858.5714285714287,617.1428571428571,16.208296797983998,2053324.2126033865
728.5714285714286,858.5714285714287,782.8571428571429,16.206798868826862,2150840.715882802
728.5714285714286,858.5714285714287,948.5714285714287,16.205381063212155,2231062.100311551
728.5714285714286,858.5714285714287,1114.2857142857142,16.20407188641415,2295690.2533824975
728.5714285714286,858.5714285714287,1280.0,16.20287981519072,2347445.080850696
728.5714285714286,858.5714285714287,1445.7142857142858,16.201802335986766,2388915.529252425
728.5714285714286,858.5714285714287,1611.4285714285716,16.200831590248264,2422268.0596984886
728.5714285714286,858.5714285714287,1777.1428571428573,16.199957608380576,2449228.9239645354
728.5714285714286,858.5714285714287,1942.857142857143,16.199170042676972,2471146.2413356057
728.5714285714286,858.5714285714287,2108.5714285714284,16.198459029037252,2489065.4232050334
728.5714285714286,858.5714285714287,2274.285714285714,16.19781556533207,2503796.7519973433
728.5714285714286,858.5714285714287,2440.0,16.19723163202743,2515970.1621249453
728.5714285714286,858.5714285714287,2605.714285714286,16.196700182045525,2526077.7877855874
728.5714285714286,858.5714285714287,2771.4285714285716,16.19621506959571,2534506.3789032367
728.5714285714286,858.5714285714287,2937.1428571428573,16.195770955313897,2541561.8060737117
728.5714285714286,858.5714285714287,3102.857142857143,16.195363207008683,2547487.5548462267
728.5714285714286,858.5714285714287,3268.571428571429,16.194987805408047,2552478.709561913
728.5714285714286,858.5714285714287,3434.2857142857147,16.19464125895587,2556692.5679150554
728.5714285714286,858.5714285714287,3600.0,16.194320528897887,2560256.7389230668
728.5714285714286,905.7142857142858,120.0,16.21244010471415,1896253.1931181778
728.5714285714286,905.7142857142858,285.7142857142857,16.211239940604887,1870312.542583718
728.5714285714286,905.7142857142858,451.42857142857144,16.209822943267525,1973436.1951840129
728.5714285714286,905.7142857142858,617.1428571428571,16.208319643509647,2087650.2810972824
728.5714285714286,905.7142857142858,782.8571428571429,16.20683633907965,2187595.9300784604
728.5714285714286,905.7142857142858,948.5714285714287,16.20543280301439,2269951.7672825227
728.5714285714286,905.7142857142858,1114.2857142857142,16.204136823599693,2336452.6328721745
728.5714285714286,905.7142857142858,1280.0,16.20295659231484,2389850.491153437
728.5714285714286,905.7142857142858,1445.7142857142858,16.201889553351318,2432764.7592056906
728.5714285714286,905.7142857142858,1611.4285714285716,16.200927927624893,2467389.5124646663
728.5714285714286,905.7142857142858,1777.1428571428573,16.200061876543426,2495475.236290647
728.5714285714286,905.7142857142858,1942.857142857143,16.19928119732806,2518390.9106236454
728.5714285714286,905.7142857142858,2108.5714285714284,16.19857616611206,2537199.709004461
728.5714285714286,905.7142857142858,2274.285714285714,16.197937908138318,2552726.95290382
728.5714285714286,905.7142857142858,2440.0,16.197358515701193,2565615.2817827896
728.5714285714286,905.7142857142858,2605.714285714286,16.19683103804101,2576367.562836655
728.5714285714286,905.7142857142858,2771.4285714285716,16.19634941143353,2585379.625889413
728.5714285714286,905.7142857142858,2937.1428571428573,16.195908366034526,2592965.041098997
728.5714285714286,905.7142857142858,3102.857142857143,16.195503328390398,2599373.842486802
728.5714285714286,905.7142857142858,3268.571428571429,16.195130328829705,2604806.702542079
728.5714285714286,905.7142857142858,3434.2857142857147,16.194785917714878,2609425.704669914
728.5714285714286,905.7142857142858,3600.0,16.194467091778563,2613362.571514144
728.5714285714286,952.8571428571429,120.0,16.212438735254157,1913070.8657079034
728.5714285714286,952.8571428571429,285.7142857142857,16.211239348168004,1897538.3807320339
728.5714285714286,952.8571428571429,451.42857142857144,16.209832000125324,2004068.7185709458
728.5714285714286,952.8571428571429,617.1428571428571,16.208341621911835,2121020.2531165225
728.5714285714286,952.8571428571429,782.8571428571429,16.206872224632576,2223349.4192544073
728.5714285714286,952.8571428571429,948.5714285714287,16.205482263229342,2307793.454895479
728.5714285714286,952.8571428571429,1114.2857142857142,16.204198850699363,2376123.503818462
728.5714285714286,952.8571428571429,1280.0,16.203029908942963,2431124.7204673
728.5714285714286,952.8571428571429,1445.7142857142858,16.20197284086444,2475447.212097266
728.5714285714286,952.8571428571429,1611.4285714285716,16.201019940648937,2511312.4956322513
728.5714285714286,952.8571428571429,1777.1428571428573,16.20016149172594,2540494.9576568417
728.5714285714286,952.8571428571429,1942.857142857143,16.19938742678267,2564384.057352722
728.5714285714286,952.8571428571429,2108.5714285714284,16.198688153328376,2584060.352535928
728.5714285714286,952.8571428571429,2274.285714285714,16.19805491615348,2600363.8531245627
728.5714285714286,952.8571428571429,2440.0,16.197479912684496,2613949.589361701
728.5714285714286,952.8571428571429,2605.714285714286,16.196956282852693,2625330.885178583
728.5714285714286,952.8571428571429,2771.4285714285716,16.196478040320173,2634912.410162489
728.5714285714286,952.8571428571429,2937.1428571428573,16.196039980892145,2643015.226612786
728.5714285714286,952.8571428571429,3102.857142857143,16.195637586660347,2649895.738436033
728.5714285714286,952.8571428571429,3268.571428571429,16.19526693492242,2655760.052689892
728.5714285714286,952.8571428571429,3434.2857142857147,16.19492461578887,2660774.906393006
728.5714285714286,952.8571428571429,3600.0,16.194607659686532,2665076.0220715413
728.5714285714286,1000.0,120.0,16.212437727203884,1928935.1010798975
728.5714285714286,1000.0,285.7142857142857,16.2112390057859,1923895.5032231854
728.5714285714286,1000.0,451.42857142857144,16.209840861778577,2033840.7844076683
728.5714285714286,1000.0,617.1428571428571,16.208362798551615,2153498.2784976247
728.5714285714286,1000.0,782.8571428571429,16.206906650000022,2258169.6834863587
728.5714285714286,1000.0,948.5714285714287,16.205529625072746,2344659.868260908
728.5714285714286,1000.0,1114.2857142857142,16.204258199151237,2414779.438245357
728.5714285714286,1000.0,1280.0,16.2031000388543,2471347.814080338
728.5714285714286,1000.0,1445.7142857142858,16.202052506831492,2517046.0147212204
728.5714285714286,1000.0,1611.4285714285716,16.201107965089985,2554122.8525510463
728.5714285714286,1000.0,1777.1428571428573,16.20025681109234,2584376.319423327
728.5714285714286,1000.0,1942.857142857143,16.199489104533697,2609216.0107607823
728.5714285714286,1000.0,2108.5714285714284,16.198795376354493,2629739.5275153406
728.5714285714286,1000.0,2274.285714285714,16.198166983854623,2646801.250878596
728.5714285714286,1000.0,2440.0,16.19759622355432,2661068.3171855113
728.5714285714286,1000.0,2605.714285714286,16.197076320988998,2673064.256585684
728.5714285714286,1000.0,2771.4285714285716,16.196601362966366,2683202.3604844064
728.5714285714286,1000.0,2937.1428571428573,16.196166207425655,2691810.994926203
728.5714285714286,1000.0,3102.857142857143,16.19576638909737,2699152.7713805404
728.5714285714286,1000.0,3268.571428571429,16.19539802984662,2705439.0917868474
728.5714285714286,1000.0,3434.2857142857147,16.195057757546387,2710841.2265517535
728.5714285714286,1000.0,3600.0,16.19474263467349,2715498.794496589
764.2857142857143,10.0,120.0,16.212681947586713,1117398.1738102625
764.2857142857143,10.0,285.7142857142857,16.21145046688413,933152.9530454332
764.2857142857143,10.0,451.42857142857144,16.20963836974736,946560.6162679006
764.2857142857143,10.0,617.1428571428571,16.207581051697915,968321.8076613189
764.2857142857143,10.0,782.8571428571429,16.205522282737704,980669.2107518675
764.2857142857143,10.0,948.5714285714287,16.203606849015696,983256.4915047324
764.2857142857143,10.0,1114.2857142857142,16.20189892707168,978634.6155136744
764.2857142857143,10.0,1280.0,16.20041182247545,969366.7606821109
764.2857142857143,10.0,1445.7142857142858,16.199132631200012,957411.7776334344
764.2857142857143,10.0,1611.4285714285716,16.198037734942975,944117.7651888828
764.2857142857143,10.0,1777.1428571428573,16.197101097993865,930359.8577199097
764.2857142857143,10.0,1942.857142857143,16.19629814442427,916681.6597061054
764.2857142857143,10.0,2108.5714285714284,16.19560724752782,903405.5877304459
764.2857142857143,10.0,2274.285714285714,16.19501004563352,890710.7235096606
764.2857142857143,10.0,2440.0,16.194491239228526,878685.197474246
764.2857142857143,10.0,2605.714285714286,16.194038198795226,867360.5627648811
764.2857142857143,10.0,2771.4285714285716,16.193640538117293,856734.0266355246
764.2857142857143,10.0,2937.1428571428573,16.193289718978132,846782.6887238215
764.2857142857143,10.0,3102.857142857143,16.192978710080084,837472.582145304
764.2857142857143,10.0,3268.571428571429,16.192701703306906,828764.3568793127
764.2857142857143,10.0,3434.2857142857147,16.19245388230661,820616.8016053463
764.2857142857143,10.0,3600.0,16.192231235722584,812988.9778409302
764.2857142857143,57.142857142857146,120.0,16.212600510343485,1290824.4946598702
764.2857142857143,57.142857142857146,285.7142857142857,16.21132529225264,1114333.8975560977
764.2857142857143,57.142857142857146,451.42857142857144,16.209511659793144,1145610.9213694853
764.2857142857143,57.142857142857146,617.1428571428571,16.20746630586722,1187538.8993792932
764.2857142857143,57.142857142857146,782.8571428571429,16.205406881878073,1218993.59047564
764.2857142857143,57.142857142857146,948.5714285714287,16.20346333808036,1238668.4494386634
764.2857142857143,57.142857142857146,1114.2857142857142,16.201697054144788,1248869.1069934948
764.2857142857143,57.142857142857146,1280.0,16.200125676102836,1252221.0115912561
764.2857142857143,57.142857142857146,1445.7142857142858,16.198743215626415,1250887.5669182097
764.2857142857143,57.142857142857146,1611.4285714285716,16.197532910284764,1246474.4832921682
764.2857142857143,57.142857142857146,1777.1428571428573,16.19647442545187,1240118.3481954196
764.2857142857143,57.142857142857146,1942.857142857143,16.195547492899088,1232603.56724197
764.2857142857143,57.142857142857146,2108.5714285714284,16.1947335360489,1224462.9488917636
764.2857142857143,57.142857142857146,2274.285714285714,16.194016237663067,1216053.843351499
764.2857142857143,57.142857142857146,2440.0,16.19338158951758,1207612.7169043138
764.2857142857143,57.142857142857146,2605.714285714286,16.1928177123493,1199293.2710037492
764.2857142857143,57.142857142857146,2771.4285714285716,16.192314593194173,1191192.745117524
764.2857142857143,57.142857142857146,2937.1428571428573,16.19186381124575,1183369.974155468
764.2857142857143,57.142857142857146,3102.857142857143,16.191458283757907,1175857.7690667964
764.2857142857143,57.142857142857146,3268.571428571429,16.191092043550935,1168671.410166981
764.2857142857143,57.142857142857146,3434.2857142857147,16.190760050070914,1161814.4811912898
764.2857142857143,57.142857142857146,3600.0,16.190458031683686,1155282.881392866
764.2857142857143,104.28571428571429,120.0,16.21256017897629,1390165.1695433282
764.2857142857143,104.28571428571429,285.7142857142857,16.211278279307237,1220905.8421561888
764.2857142857143,104.28571428571429,451.42857142857144,16.20949756153658,1261180.4721644726
764.2857142857143,104.28571428571429,617.1428571428571,16.207504231089715,1313445.7648316768
764.2857142857143,104.28571428571429,782.8571428571429,16.205498621375526,1354870.558913402
764.2857142857143,104.28571428571429,948.5714285714287,16.203599512535277,1383628.5395071497
764.2857142857143,104.28571428571429,1114.2857142857142,16.20186368470375,1401876.0922473941
764.2857142857143,104.28571428571429,1280.0,16.20030850625881,1412244.4124427948
764.2857142857143,104.28571428571429,1445.7142857142858,16.198929809084106,1416973.6879722467
764.2857142857143,104.28571428571429,1611.4285714285716,16.19771332742323,1417775.0476537792
764.2857142857143,104.28571428571429,1777.1428571428573,16.19664117636227,1415896.3757231191
764.2857142857143,104.28571428571429,1942.857142857143,16.19569519663132,1412227.6492844014
764.2857142857143,104.28571428571429,2108.5714285714284,16.194858507880006,1407396.3809560917
764.2857142857143,104.28571428571429,2274.285714285714,16.194116102795114,1401842.2004287252
764.2857142857143,104.28571428571429,2440.0,16.193454957762807,1395871.71745346
764.2857142857143,104.28571428571429,2605.714285714286,16.19286391877812,1389697.7715429568
764.2857142857143,104.28571428571429,2771.4285714285716,16.192333497823157,1383467.1581701871
764.2857142857143,104.28571428571429,2937.1428571428573,16.191855647336823,1377280.121328767
764.2857142857143,104.28571428571429,3102.857142857143,16.191423544411418,1371204.0512389347
764.2857142857143,104.28571428571429,3268.571428571429,16.191031397706833,1365283.1283307679
764.2857142857143,104.28571428571429,3434.2857142857147,16.19067428075085,1359545.1344695676
764.2857142857143,104.28571428571429,3600.0,16.19034799089602,1354006.2810057623
764.2857142857143,151.42857142857144,120.0,16.21253259575306,1465371.7678955863
764.2857142857143,151.42857142857144,285.7142857142857,16.211250895393484,1303980.2142638057
764.2857142857143,151.42857142857144,451.42857142857144,16.209503612589874,1350978.241196706
764.2857142857143,151.42857142857144,617.1428571428571,16.20756001406896,1410854.1662746866
764.2857142857143,151.42857142857144,782.8571428571429,16.20560736376218,1459628.650283289
764.2857142857143,151.42857142857144,948.5714285714287,16.20375592552303,1495110.273853327
764.2857142857143,151.42857142857144,1114.2857142857142,16.202058592929887,1519351.1684821213
764.2857142857143,151.42857142857144,1280.0,16.200531943824227,1534986.390657834
764.2857142857143,151.42857142857144,1445.7142857142858,16.199172618810888,1544308.465115913
764.2857142857143,151.42857142857144,1611.4285714285716,16.1979677820363,1549100.1430518082
764.2857142857143,151.42857142857144,1777.1428571428573,16.196901076305423,1550684.971683462
764.2857142857143,151.42857142857144,1942.857142857143,16.195955731863805,1550024.9537673453
764.2857142857143,151.42857142857144,2108.5714285714284,16.19511603881463,1547812.5716941557
764.2857142857143,151.42857142857144,2274.285714285714,16.194367934726984,1544544.2871800107
764.2857142857143,151.42857142857144,2440.0,16.19369913953077,1540575.5295677276
764.2857142857143,151.42857142857144,2605.714285714286,16.19309907487509,1536160.6321000727
764.2857142857143,151.42857142857144,2771.4285714285716,16.19255869350777,1531481.4515570018
764.2857142857143,151.42857142857144,2937.1428571428573,16.19207028258381,1526667.7772579722
764.2857142857143,151.42857142857144,3102.857142857143,16.191627271614692,1521811.88078515
764.2857142857143,151.42857142857144,3268.571428571429,16.191224058319293,1516978.9126619315
764.2857142857143,151.42857142857144,3434.2857142857147,16.1908558567391,1512214.3593423099
764.2857142857143,151.42857142857144,3600.0,16.190518567657428,1507549.4156636337
764.2857142857143,198.57142857142858,120.0,16.212511859335883,1527104.5700443685
764.2857142857143,198.57142857142858,285.7142857142857,16.21123262730311,1374207.7186405892
764.2857142857143,198.57142857142858,451.42857142857144,16.20951630856014,1426872.9501015018
764.2857142857143,198.57142857142858,617.1428571428571,16.20761746284766,1493002.6900339625
764.2857142857143,198.57142857142858,782.8571428571429,16.20571285550654,1547794.1315542352
764.2857142857143,198.57142857142858,948.5714285714287,16.20390593230541,1588781.4903636866
764.2857142857143,198.57142857142858,1114.2857142857142,16.202246338688557,1617941.1324504463
764.2857142857143,198.57142857142858,1280.0,16.200749799130058,1637914.777662474
764.2857142857143,198.57142857142858,1445.7142857142858,16.199413373920088,1651037.8353290479
764.2857142857143,198.57142857142858,1611.4285714285716,16.19822518109431,1659149.8955611023
764.2857142857143,198.57142857142858,1777.1428571428573,16.1971699464382,1663633.9127030044
764.2857142857143,198.57142857142858,1942.857142857143,16.196231920468183,1665508.2311643928
764.2857142857143,198.57142857142858,2108.5714285714284,16.195396276863338,1665516.142385243
764.2857142857143,198.57142857142858,2274.285714285714,16.194649684711088,1664198.6299206002
764.2857142857143,198.57142857142858,2440.0,16.19398045402104,1661949.4807496849
764.2857142857143,198.57142857142858,2605.714285714286,16.193378475047176,1659055.7507045923
764.2857142857143,198.57142857142858,2771.4285714285716,16.19283506911977,1655727.0621426567
764.2857142857143,198.57142857142858,2937.1428571428573,16.192342811569976,1652116.7064730234
764.2857142857143,198.57142857142858,3102.857142857143,16.19189535634832,1648336.8392633453
764.2857142857143,198.57142857142858,3268.571428571429,16.191487275498506,1644469.4485557654
764.2857142857143,198.57142857142858,3434.2857142857147,16.191113918161165,1640574.3039800643
764.2857142857143,198.57142857142858,3600.0,16.19077128958409,1636694.745709947
764.2857142857143,245.71428571428572,120.0,16.212495529903947,1579863.776108679
764.2857142857143,245.71428571428572,285.7142857142857,16.21121957325031,1436006.2635971894
764.2857142857143,245.71428571428572,451.42857142857144,16.20953148174822,1493743.3285244578
764.2857142857143,245.71428571428572,617.1428571428571,16.20767269307328,1565306.7922386015
764.2857142857143,245.71428571428572,782.8571428571429,16.205811213015973,1625294.5798015571
764.2857142857143,245.71428571428572,948.5714285714287,16.20404483876595,1671029.5087134151
764.2857142857143,245.71428571428572,1114.2857142857142,16.202420461251716,1704432.6558565437
764.2857142857143,245.71428571428572,1280.0,16.200952989353528,1728155.8430670127
764.2857142857143,245.71428571428572,1445.7142857142858,16.199639715648896,1744572.796259343
764.2857142857143,245.71428571428572,1611.4285714285716,16.19846944981684,1755571.8249350449
764.2857142857143,245.71428571428572,1777.1428571428573,16.197427741242727,1762586.0456080032
764.2857142857143,245.71428571428572,1942.857142857143,16.19649963643327,1766681.0594196122
764.2857142857143,245.71428571428572,2108.5714285714284,16.195671011861023,1768642.6568514374
764.2857142857143,245.71428571428572,2274.285714285714,16.194929128475245,1769049.0412603905
764.2857142857143,245.71428571428572,2440.0,16.194262781554432,1768326.0919214133
764.2857142857143,245.71428571428572,2605.714285714286,16.193662253037434,1766788.28778722
764.2857142857143,245.71428571428572,2771.4285714285716,16.193119177511463,1764668.5717076755
764.2857142857143,245.71428571428572,2937.1428571428573,16.192626379531184,1762140.0255837368
764.2857142857143,245.71428571428572,3102.857142857143,16.19217771077255,1759331.5958820465
764.2857142857143,245.71428571428572,3268.571428571429,16.191767899943933,1756339.5310635616
764.2857142857143,245.71428571428572,3434.2857142857147,16.191392420263398,1753235.734638103
764.2857142857143,245.71428571428572,3600.0,16.19104737524829,1750073.896389251
764.2857142857143,292.8571428571429,120.0,16.212482324003478,1626062.8588002052
764.2857142857143,292.8571428571429,285.7142857142857,16.21120986330157,1491709.3008101902
764.2857142857143,292.8571428571429,451.42857142857144,16.20954748822118,1554146.8860367616
764.2857142857143,292.8571428571429,617.1428571428571,16.207724716861225,1630593.8416241386
764.2857142857143,292.8571428571429,782.8571428571429,16.205902053721054,1695217.9812280962
764.2857142857143,292.8571428571429,948.5714285714287,16.20417249887173,1745178.4259212466
764.2857142857143,292.8571428571429,1114.2857142857142,16.202580570172575,1782356.7818727996
764.2857142857143,292.8571428571429,1280.0,16.201140422494543,1809418.2946561615
764.2857142857143,292.8571428571429,1445.7142857142858,16.199849478726975,1828772.5478285274
764.2857142857143,292.8571428571429,1611.4285714285716,16.198697077722752,1842351.5269610703
764.2857142857143,292.8571428571429,1777.1428571428573,16.19766942425186,1851632.5844818954
764.2857142857143,292.8571428571429,1942.857142857143,16.196752210916305,1857722.6659678463
764.2857142857143,292.8571428571429,2108.5714285714284,16.19593189300277,1861444.597805293
764.2857142857143,292.8571428571429,2274.285714285714,16.19519622509463,1863408.9634595977
764.2857142857143,292.8571428571429,2440.0,16.194534412016697,1864069.5521342147
764.2857142857143,292.8571428571429,2605.714285714286,16.19393707012657,1863764.70495355
764.2857142857143,292.8571428571429,2771.4285714285716,16.193396104605437,1862747.6798307751
764.2857142857143,292.8571428571429,2937.1428571428573,16.192904557874797,1861208.824737261
764.2857142857143,292.8571428571429,3102.857142857143,16.192456456613098,1859291.7612373102
764.2857142857143,292.8571428571429,3268.571428571429,16.192046670002476,1857105.22557154
764.2857142857143,292.8571428571429,3434.2857142857147,16.191670784056726,1854731.7687556527
764.2857142857143,292.8571428571429,3600.0,16.191324992950666,1852234.1817615472
764.2857142857143,340.0,120.0,16.21247147017668,1667179.1850201788
764.2857142857143,340.0,285.7142857142857,16.211202463734306,1542725.603542262
764.2857142857143,340.0,451.42857142857144,16.20956359762712,1609617.4950734214
764.2857142857143,340.0,617.1428571428571,16.207773423018153,1690553.5307363886
764.2857142857143,340.0,782.8571428571429,16.205985896163767,1759406.1149027252
764.2857142857143,340.0,948.5714285714287,16.204289865874237,1813208.8174312597
764.2857142857143,340.0,1114.2857142857142,16.20272777700022,1853816.579277175
764.2857142857143,340.0,1280.0,16.201313094110787,1883911.121073292
764.2857142857143,340.0,1445.7142857142858,16.20004331049892,1905936.489539268
764.2857142857143,340.0,1611.4285714285716,16.19890818552725,1921864.9594484447
764.2857142857143,340.0,1777.1428571428573,16.19789446242998,1933214.0187028416
764.2857142857143,340.0,1942.857142857143,16.196988373214342,1941127.812417529
764.2857142857143,340.0,2108.5714285714284,16.19617686199579,1946462.3406684464
764.2857142857143,340.0,2274.285714285714,16.195448104364626,1949857.1231835128
764.2857142857143,340.0,2440.0,16.19479165763239,1951790.866150964
764.2857142857143,340.0,2605.714285714286,16.19419842853325,1952623.2114423164
764.2857142857143,340.0,2771.4285714285716,16.19366055927397,1952625.5596951193
764.2857142857143,340.0,2937.1428571428573,16.193171284812344,1952003.6918234786
764.2857142857143,340.0,3102.857142857143,16.192724787887936,1950914.3612201323
764.2857142857143,340.0,3268.571428571429,16.19231606412717,1949477.4933433505
764.2857142857143,340.0,3434.2857142857147,16.191940802064387,1947785.1932748687
764.2857142857143,340.0,3600.0,16.191595279115013,1945908.4310107192
764.2857142857143,387.14285714285717,120.0,16.212462462925878,1704197.691208637
764.2857142857143,387.14285714285717,285.7142857142857,16.2111967472218,1589982.4701257886
764.2857142857143,387.14285714285717,451.42857142857144,16.209579467782113,1661158.7820079185
764.2857142857143,387.14285714285717,617.1428571428571,16.20781898751125,1746287.8948831111
764.2857142857143,387.14285714285717,782.8571428571429,16.20606346086309,1819058.0046989054
764.2857142857143,387.14285714285717,948.5714285714287,16.204398090838524,1876408.767724412
764.2857142857143,387.14285714285717,1114.2857142857142,16.202863489928617,1920179.1713888643
764.2857142857143,387.14285714285717,1280.0,16.201472491708806,1953070.182163877
764.2857142857143,387.14285714285717,1445.7142857142858,16.200222622821993,1977559.5092451558
764.2857142857143,387.14285714285717,1611.4285714285716,16.199103986393972,1995657.3159079487
764.2857142857143,387.14285714285717,1777.1428571428573,16.19810377874904,2008918.233093653
764.2857142857143,387.14285714285717,1942.857142857143,16.197208691862837,2018520.5444686743
764.2857142857143,387.14285714285717,2108.5714285714284,16.19640609063069,2025350.5509926844
764.2857142857143,387.14285714285717,2274.285714285714,16.195684515932783,2030074.1331000293
764.2857142857143,387.14285714285717,2440.0,16.195033833160018,2033192.6652544092
764.2857142857143,387.14285714285717,2605.714285714286,16.19444520462673,2035085.1574988887
764.2857142857143,387.14285714285717,2771.4285714285716,16.19391098260776,2036039.5077348407
764.2857142857143,387.14285714285717,2937.1428571428573,16.193424573882446,2036275.5360920364
764.2857142857143,387.14285714285717,3102.857142857143,16.192980301437466,2035961.9502100905
764.2857142857143,387.14285714285717,3268.571428571429,16.192573275343037,2035228.8704436917
764.2857142857143,387.14285714285717,3434.2857142857147,16.19219927760538,2034177.1158395857
764.2857142857143,387.14285714285717,3600.0,16.191854662108998,2032885.1245634267
764.2857142857143,434.28571428571433,120.0,16.21245495022919,1737815.6624481718
764.2857142857143,434.28571428571433,285.7142857142857,16.211192306908064,1634128.6172819384
764.2857142857143,434.28571428571433,451.42857142857144,16.209594938688262,1709468.9978733896
764.2857142857143,434.28571428571433,617.1428571428571,16.207861672214992,1798561.3898277753
764.2857142857143,434.28571428571433,782.8571428571429,16.206135459977954,1875003.957182811
764.2857142857143,434.28571428571433,948.5714285714287,16.204498264581957,1935669.3786215165
764.2857142857143,434.28571428571433,1114.2857142857142,16.202989062595886,1982389.866921826
764.2857142857143,434.28571428571433,1280.0,16.20162010984852,2017888.1503384765
764.2857142857143,434.28571428571433,1445.7142857142858,16.200388942588543,2044675.154788028
764.2857142857143,434.28571428571433,1611.4285714285716,16.199285951232376,2064797.1617549274
764.2857142857143,434.28571428571433,1777.1428571428573,16.198298720500958,2079843.6736445997
764.2857142857143,434.28571428571433,1942.857142857143,16.197414341146633,2091024.7633613842
764.2857142857143,434.28571428571433,2108.5714285714284,16.196620545751042,2099254.8138152543
764.2857142857143,434.28571428571433,2274.285714285714,16.195906196505582,2105224.067536099
764.2857142857143,434.28571428571433,2440.0,16.19526143142762,2109454.815480796
764.2857142857143,434.28571428571433,2605.714285714286,16.1946776403049,2112343.925082282
764.2857142857143,434.28571428571433,2771.4285714285716,16.19414736343365,2114194.5009727236
764.2857142857143,434.28571428571433,2937.1428571428573,16.19366416224395,2115239.3060017037
764.2857142857143,434.28571428571433,3102.857142857143,16.193222486664027,2115658.0728403446
764.2857142857143,434.28571428571433,3268.571428571429,16.192817550939452,2115590.3298630905
764.2857142857143,434.28571428571433,3434.2857142857147,16.19244522265378,2115144.9433812727
764.2857142857143,434.28571428571433,3600.0,16.19210192611628,2114407.2540535196
764.2857142857143,481.42857142857144,120.0,16.21244867554427,1768549.2991114294
764.2857142857143,481.42857142857144,285.7142857142857,16.21118886537536,1675638.9646771173
764.2857142857143,481.42857142857144,451.42857142857144,16.209609941484963,1755056.6888464568
764.2857142857143,481.42857142857144,617.1428571428571,16.207901750863364,1847929.2473034812
764.2857142857143,481.42857142857144,782.8571428571429,16.206202536018992,1927846.0535635664
764.2857142857143,481.42857142857144,948.5714285714287,16.204591350858767,1991636.1947126135
764.2857142857143,481.42857142857144,1114.2857142857142,16.203105698877252,2041133.120225563
764.2857142857143,481.42857142857144,1280.0,16.201757305334677,2079083.613197797
764.2857142857143,481.42857142857144,1445.7142857142858,16.200543700503186,2108031.593420895
764.2857142857143,481.42857142857144,1611.4285714285716,16.199455519180265,2130058.1152838166
764.2857142857143,481.42857142857144,1777.1428571428573,16.19848068401913,2146785.7751539187
764.2857142857143,481.42857142857144,1942.857142857143,16.197606636136967,2159454.5776422163
764.2857142857143,481.42857142857144,2108.5714285714284,16.196821433341977,2169005.223073403
764.2857142857143,481.42857142857144,2274.285714285714,16.19611422362648,2176150.7202597344
764.2857142857143,481.42857142857144,2440.0,16.195475388740384,2181432.873236873
764.2857142857143,481.42857142857144,2605.714285714286,16.194896522820876,2185265.1928807255
764.2857142857143,481.42857142857144,2771.4285714285716,16.194370335867998,2187964.950713628
764.2857142857143,481.42857142857144,2937.1428571428573,16.193890529545698,2189776.9664888564
764.2857142857143,481.42857142857144,3102.857142857143,16.19345166942441,2190891.2453381894
764.2857142857143,481.42857142857144,3268.571428571429,16.193049065094808,2191456.0848091785
764.2857142857143,481.42857142857144,3434.2857142857147,16.192678662833014,2191587.8559154714
764.2857142857143,481.42857142857144,3600.0,16.192336952016927,2191378.3403958366
764.2857142857143,528.5714285714286,120.0,16.212443445192502,1796794.1942490428
764.2857142857143,528.5714285714286,285.7142857142857,16.21118622588604,1714873.6760500662
764.2857142857143,528.5714285714286,451.42857142857144,16.20962445467796,1798305.6320796956
764.2857142857143,528.5714285714286,617.1428571428571,16.207939481754682,1894809.3870836124
764.2857142857143,528.5714285714286,782.8571428571429,16.20626524996326,1978036.7758655876
764.2857142857143,528.5714285714286,948.5714285714287,16.204678180387955,2044793.9061275886
764.2857142857143,528.5714285714286,1114.2857142857142,16.203214440277883,2096922.5577809266
764.2857142857143,528.5714285714286,1280.0,16.20188526596859,2137195.668734415
764.2857142857143,528.5714285714286,1445.7142857142858,16.200688171380623,2168190.0748896846
764.2857142857143,528.5714285714286,1611.4285714285716,16.199614002233922,2192020.5567872054
764.2857142857143,528.5714285714286,1777.1428571428573,16.198650978819412,2210341.3798962487
764.2857142857143,528.5714285714286,1942.857142857143,16.197786853483755,2224420.9766376643
764.2857142857143,528.5714285714286,2108.5714285714284,16.197009974619416,2235224.9286025134
764.2857142857143,528.5714285714286,2274.285714285714,16.196309746810176,2243487.7073433115
764.2857142857143,528.5714285714286,2440.0,16.195676771585248,2249769.4802402887
764.2857142857143,528.5714285714286,2605.714285714286,16.195102828110922,2254499.404536316
764.2857142857143,528.5714285714286,2771.4285714285716,16.194580780662747,2258008.0625390997
764.2857142857143,528.5714285714286,2937.1428571428573,16.19410445889248,2260551.599967404
764.2857142857143,528.5714285714286,3102.857142857143,16.1936685343277,2262329.6720814565
764.2857142857143,528.5714285714286,3268.571428571429,16.19326840426109,2263498.816208508
764.2857142857143,528.5714285714286,3434.2857142857147,16.19290008763787,2264182.4575459454
764.2857142857143,528.5714285714286,3600.0,16.192560134162445,2264478.435018713
764.2857142857143,575.7142857142858,120.0,16.21243910876469,1822861.991726697
764.2857142857143,575.7142857142858,285.7142857142857,16.211184244415808,1752113.7035348346
764.2857142857143,575.7142857142858,451.42857142857144,16.209638481780857,1839513.796066822
764.2857142857143,575.7142857142858,617.1428571428571,16.2079750988424,1939525.4823736125
764.2857142857143,575.7142857142858,782.8571428571429,16.206324085808138,2025926.0446644623
764.2857142857143,575.7142857142858,948.5714285714287,16.204759463573634,2095516.9961057587
764.2857142857143,575.7142857142858,1114.2857142857142,16.203316179463073,2150154.801000247
764.2857142857143,575.7142857142858,1280.0,16.202005017664643,2192640.484613048
764.2857142857143,575.7142857142858,1445.7142857142858,16.200823468799452,2225583.818016351
764.2857142857143,575.7142857142858,1611.4285714285716,16.199762562857707,2251132.477867052
764.2857142857143,575.7142857142858,1777.1428571428573,16.198810784969194,2270971.2338655684
764.2857142857143,575.7142857142858,1942.857142857143,16.197956166505747,2286395.7048816243
764.2857142857143,575.7142857142858,2108.5714285714284,16.19718731770698,2298395.162515953
764.2857142857143,575.7142857142858,2274.285714285714,16.196493875346935,2307724.4562558965
764.2857142857143,575.7142857142858,2440.0,16.19586664059013,2314961.1575426087
764.2857142857143,575.7142857142858,2605.714285714286,16.195297561276227,2320549.2361979512
764.2857142857143,575.7142857142858,2771.4285714285716,16.19477964280695,2324831.867930384
764.2857142857143,575.7142857142858,2937.1428571428573,16.194306832311263,2328075.910727578
764.2857142857143,575.7142857142858,3102.857142857143,16.19387389889965,2330490.146488308
764.2857142857143,575.7142857142858,3268.571428571429,16.19347632090578,2332238.9062006595
764.2857142857143,575.7142857142858,3434.2857142857147,16.19311018464961,2333452.2889265046
764.2857142857143,575.7142857142858,3600.0,16.192772095954933,2334233.8661453403
764.2857142857143,622.8571428571429,120.0,16.212435546720194,1847003.790460694
764.2857142857143,622.8571428571429,285.7142857142857,16.21118281271928,1787583.3329725978
764.2857142857143,622.8571428571429,451.42857142857144,16.209652039381087,1878917.9744626484
764.2857142857143,622.8571428571429,617.1428571428571,16.208008810252103,1982334.141615594
764.2857142857143,622.8571428571429,782.8571428571429,16.206379459893146,2071790.8790558826
764.2857142857143,622.8571428571429,948.5714285714287,16.20483580750511,2144101.6611835663
764.2857142857143,622.8571428571429,1114.2857142857142,16.203411680391483,2201143.381496361
764.2857142857143,622.8571428571429,1280.0,16.202117443154627,2245746.9392105453
764.2857142857143,622.8571428571429,1445.7142857142858,16.200950558480105,2280555.1252979226
764.2857142857143,622.8571428571429,1611.4285714285716,16.199902219013936,2307747.8440510947
764.2857142857143,622.8571428571429,1777.1428571428573,16.19896114759303,2329039.4013569653
764.2857142857143,622.8571428571429,1942.857142857143,16.198115627714355,2345751.561237081
764.2857142857143,622.8571428571429,2108.5714285714284,16.197354507290015,2358896.2814343916
764.2857142857143,622.8571428571429,2274.285714285714,16.196667634630938,2369247.8724784083
764.2857142857143,622.8571428571429,2440.0,16.196045993387994,2377400.4971944345
764.2857142857143,622.8571428571429,2605.714285714286,16.195481686070845,2383812.2302154503
764.2857142857143,622.8571428571429,2771.4285714285716,16.19496784788418,2388838.2305856156
764.2857142857143,622.8571428571429,2937.1428571428573,16.19449853432939,2392755.5457794666
764.2857142857143,622.8571428571429,3102.857142857143,16.1940686048006,2395781.6376644196
764.2857142857143,622.8571428571429,3268.571428571429,16.193673612828434,2398088.2496335474
764.2857142857143,622.8571428571429,3434.2857142857147,16.193309707430075,2399811.8290898693
764.2857142857143,622.8571428571429,3600.0,16.192973546803874,2401061.401791676
764.2857142857143,670.0,120.0,16.212432662200438,1869425.7285600174
764.2857142857143,670.0,285.7142857142857,16.211181847613986,1821465.1018147774
764.2857142857143,670.0,451.42857142857144,16.209665150571514,1916710.0375098623
764.2857142857143,670.0,617.1428571428571,16.20804079972523,2023442.8114560025
764.2857142857143,670.0,782.8571428571429,16.20643173078073,2115854.9135818323
764.2857142857143,670.0,948.5714285714287,16.204907732341535,2190786.8049854995
764.2857142857143,670.0,1114.2857142857142,16.203501598273103,2250141.042557882
764.2857142857143,670.0,1280.0,16.20222330252098,2296780.0579529237
764.2857142857143,670.0,1445.7142857142858,16.201070276789103,2333379.791643909
764.2857142857143,670.0,1611.4285714285716,16.200033858580312,2362151.8301767875
764.2857142857143,670.0,1777.1428571428573,16.199102985684345,2384839.199906565
764.2857142857143,670.0,1942.857142857143,16.198266170965297,2402788.9245237755
764.2857142857143,670.0,2108.5714285714284,16.197512479426226,2417034.790550423
764.2857142857143,670.0,2274.285714285714,16.196831953235712,2428369.784326777
764.2857142857143,670.0,2440.0,16.196215743776893,2437403.9626296526
764.2857142857143,670.0,2605.714285714286,16.195656096121613,2444608.896424343
764.2857142857143,670.0,2771.4285714285716,16.19514626543811,2450351.202764323
764.2857142857143,670.0,2937.1428571428573,16.194680407648,2454917.667763686
764.2857142857143,670.0,3102.857142857143,16.194253466020022,2458534.047493582
764.2857142857143,670.0,3268.571428571429,16.193861064122018,2461379.168022067
764.2857142857143,670.0,3434.2857142857147,16.193499409514462,2463595.5431818366
764.2857142857143,670.0,3600.0,16.193165209423853,2465297.411697551
764.2857142857143,717.1428571428572,120.0,16.21243037543227,1890299.7278682832
764.2857142857143,717.1428571428572,285.7142857142857,16.21118128394671,1853910.0216649403
764.2857142857143,717.1428571428572,451.42857142857144,16.209677841266345,1953048.0372029638
764.2857142857143,717.1428571428572,617.1428571428571,16.20807122907751,2063021.9915248498
764.2857142857143,717.1428571428572,782.8571428571429,16.206481208258296,2158301.7022768892
764.2857142857143,717.1428571428572,948.5714285714287,16.204975685615103,2235768.342005767
764.2857142857143,717.1428571428572,1114.2857142857142,16.203586497215753,2297354.930617266
764.2857142857143,717.1428571428572,1280.0,16.202323252150034,2345956.9773980076
764.2857142857143,717.1428571428572,1445.7142857142858,16.20118334920469,2384283.732529638
764.2857142857143,717.1428571428572,1611.4285714285716,16.20015825588757,2414578.0149506773
764.2857142857143,717.1428571428572,1777.1428571428573,16.1992371056307,2438610.875861697
764.2857142857143,717.1428571428572,1942.857142857143,16.19840862119819,2457753.8367464724
764.2857142857143,717.1428571428572,2108.5714285714284,16.19766206697886,2473061.7721870635
764.2857142857143,717.1428571428572,2274.285714285714,16.196987663716772,2485345.6642128113
764.2857142857143,717.1428571428572,2440.0,16.19637671771619,2495230.858333566
764.2857142857143,717.1428571428572,2605.714285714286,16.195821606051613,2503201.892980901
764.2857142857143,717.1428571428572,2771.4285714285716,16.195315695235948,2509636.385969955
764.2857142857143,717.1428571428572,2937.1428571428573,16.194853234614172,2514830.4691073596
764.2857142857143,717.1428571428572,3102.857142857143,16.19442924566471,2519017.8560142415
764.2857142857143,717.1428571428572,3268.571428571429,16.19403941741022,2522384.1673248676
764.2857142857143,717.1428571428572,3434.2857142857147,16.193680012246894,2525077.7366790758
764.2857142857143,717.1428571428572,3600.0,16.193347783426905,2527217.8044148064
764.2857142857143,764.2857142857143,120.0,16.212428619787442,1909771.1221842933
764.2857142857143,764.2857142857143,285.7142857142857,16.21118106983179,1885044.7928143693
764.2857142857143,764.2857142857143,451.42857142857144,16.20969013812096,1988064.0239590446
764.2857142857143,764.2857142857143,617.1428571428571,16.20810024085495,2101213.8195290873
764.2857142857143,764.2857142857143,782.8571428571429,16.20652816107887,2199284.061338899
764.2857142857143,764.2857142857143,948.5714285714287,16.205040054231144,2279209.2375064828
764.2857142857143,764.2857142857143,1114.2857142857142,16.20366686513674,2342957.2557958267
764.2857142857143,764.2857142857143,1280.0,16.20241786113243,2393458.147385452
764.2857142857143,764.2857142857143,1445.7142857142858,16.20129040693693,2433454.6529596215
764.2857142857143,764.2857142857143,1611.4285714285716,16.20027608752688,2465220.449252973
764.2857142857143,764.2857142857143,1777.1428571428573,16.199364215418576,2490554.012883713
764.2857142857143,764.2857142857143,1942.857142857143,16.198543706463006,2510850.700867926
764.2857142857143,764.2857142857143,2108.5714285714284,16.197804009065113,2527185.8294597794
764.2857142857143,764.2857142857143,2274.285714285714,16.197135509220455,2540387.7814740855
764.2857142857143,764.2857142857143,2440.0,16.196529656939763,2551096.660856144
764.2857142857143,764.2857142857143,2605.714285714286,16.195978952020386,2559809.509443434
764.2857142857143,764.2857142857143,2771.4285714285716,16.195476864716085,2566914.544080518
764.2857142857143,764.2857142857143,2937.1428571428573,16.1950177315981,2572716.896615044
764.2857142857143,764.2857142857143,3102.857142857143,16.19459664731692,2577457.9417462377
764.2857142857143,764.2857142857143,3268.571428571429,16.19420936225815,2581329.840673761
764.2857142857143,764.2857142857143,3434.2857142857147,16.19385219032875,2584486.5291856322
764.2857142857143,764.2857142857143,3600.0,16.193521928101816,2587052.0625065076
764.2857142857143,811.4285714285714,120.0,16.212427338937438,1927964.2103469358
764.2857142857143,811.4285714285714,285.7142857142857,16.211181163340985,1914977.02566755
764.2857142857143,811.4285714285714,451.42857142857144,16.209702067366848,2021869.6895822594
764.2857142857143,811.4285714285714,617.1428571428571,16.208127960850273,2138138.26031203
764.2857142857143,811.4285714285714,782.8571428571429,16.206572823451417,2238930.798792451
764.2857142857143,811.4285714285714,948.5714285714287,16.20510117436852,2321246.73598982
764.2857142857143,811.4285714285714,1114.2857142857142,16.20374312612116,2387092.965417645
764.2857142857143,811.4285714285714,1280.0,16.202507625061035,2439435.393833356
764.2857142857143,811.4285714285714,1445.7142857142858,16.201392001247036,2481050.4466337883
764.2857142857143,811.4285714285714,1611.4285714285716,16.200387946435246,2514242.34382482
764.2857142857143,811.4285714285714,1777.1428571428573,16.199484937898724,2540836.4661198836
764.2857142857143,811.4285714285714,1942.857142857143,16.198672069930907,2562251.4251867794
764.2857142857143,811.4285714285714,2108.5714285714284,16.197938961503354,2579582.4098885157
764.2857142857143,811.4285714285714,2274.285714285714,16.197276152157823,2593674.6789438194
764.2857142857143,811.4285714285714,2440.0,16.19667522572346,2605182.6261180826
764.2857142857143,811.4285714285714,2605.714285714286,16.196128796509644,2614615.3860422787
764.2857142857143,811.4285714285714,2771.4285714285716,16.195630431759668,2622371.41871876
764.2857142857143,811.4285714285714,2937.1428571428573,16.195174549749446,2628764.549515562
764.2857142857143,811.4285714285714,3102.857142857143,16.194756313797065,2634043.5510331537
764.2857142857143,811.4285714285714,3268.571428571429,16.19437153197884,2638406.899338866
764.2857142857143,811.4285714285714,3434.2857142857147,16.19401656671733,2642013.9387780936
764.2857142857143,811.4285714285714,3600.0,16.193688255460412,2644993.3732279977
764.2857142857143,858.5714285714287,120.0,16.212426484753802,1944986.3871827053
764.2857142857143,858.5714285714287,285.7142857142857,16.211181530148895,1943799.1028017455
764.2857142857143,858.5714285714287,451.42857142857144,16.209713654178536,2054560.5310939592
764.2857142857143,858.5714285714287,617.1428571428571,16.208154500357416,2173897.666567263
764.2857142857143,858.5714285714287,782.8571428571429,16.20661540042433,2277351.6696500685
764.2857142857143,858.5714285714287,948.5714285714287,16.205159339597486,2361997.681175115
764.2857142857143,858.5714285714287,1114.2857142857142,16.203815650586172,2429885.3901630966
764.2857142857143,858.5714285714287,1280.0,16.20259297749724,2484017.8508157386
764.2857142857143,858.5714285714287,1445.7142857142858,16.201488615538402,2527205.37564884
764.2857142857143,858.5714285714287,1611.4285714285716,16.200494354048157,2561782.4618839133
764.2857142857143,858.5714285714287,1777.1428571428573,16.199599822558774,2589600.937177243
764.2857142857143,858.5714285714287,1942.857142857143,16.198794280954264,2612102.1542453696
764.2857142857143,858.5714285714287,2108.5714285714284,16.198067506919468,2630400.669634366
764.2857142857143,858.5714285714287,2274.285714285714,16.19741018318923,2645358.15129904
764.2857142857143,858.5714285714287,2440.0,16.19681401863643,2657642.8655848475
764.2857142857143,858.5714285714287,2605.714285714286,16.196271734773063,2667775.673893516
764.2857142857143,858.5714285714287,2771.4285714285716,16.195776989802933,2676164.961831113
764.2857142857143,858.5714285714287,2937.1428571428573,16.195324278760303,2683132.974506902
764.2857142857143,858.5714285714287,3102.857142857143,16.19490882958278,2688935.6471424727
764.2857142857143,858.5714285714287,3268.571428571429,16.19452650472656,2693777.5687208273
764.2857142857143,858.5714285714287,3434.2857142857147,16.194173712420266,2697823.3187727295
764.2857142857143,858.5714285714287,3600.0,16.19384732876618,2701206.100830246
764.2857142857143,905.7142857142858,120.0,16.21242601572887,1960931.2752144905
764.2857142857143,905.7142857142858,285.7142857142857,16.211182141824054,1971591.0903614326
764.2857142857143,905.7142857142858,451.42857142857144,16.209724922353303,2086218.9824058772
764.2857142857143,905.7142857142858,617.1428571428571,16.208179958137073,2208580.2046571583
764.2857142857143,905.7142857142858,782.8571428571429,16.20665607233488,2314641.0951856873
764.2857142857143,905.7142857142858,948.5714285714287,16.205214807530506,2401562.5072851814
764.2857142857143,905.7142857142858,1114.2857142857142,16.2038847636265,2471440.4790280927
764.2857142857143,905.7142857142858,1280.0,16.202674299457087,2527316.409543926
764.2857142857143,905.7142857142858,1445.7142857142858,16.20158067547461,2572034.705219185
764.2857142857143,905.7142857142858,1611.4285714285716,16.20059577062321,2607959.9139025128
764.2857142857143,905.7142857142858,1777.1428571428573,16.199709355714347,2636969.9063062198
764.2857142857143,905.7142857142858,1942.857142857143,16.19891084486782,2660528.318794031
764.2857142857143,905.7142857142858,2108.5714285714284,16.198190163968306,2679768.6244247654
764.2857142857143,905.7142857142858,2274.285714285714,16.197538129730784,2695568.4826206514
764.2857142857143,905.7142857142858,2440.0,16.19694656824005,2708609.658298212
764.2857142857143,905.7142857142858,2605.714285714286,16.1964083016678,2719424.4111858048
764.2857142857143,905.7142857142858,2771.4285714285716,16.195917073766264,2728430.7672771984
764.2857142857143,905.7142857142858,2937.1428571428573,16.19546745187519,2735959.1453124834
764.2857142857143,905.7142857142858,3102.857142857143,16.19505472489707,2742272.431458822
764.2857142857143,905.7142857142858,3268.571428571429,16.19467480667018,2747581.145779735
764.2857142857143,905.7142857142858,3434.2857142857147,16.194324148768565,2752054.946768674
764.2857142857143,905.7142857142858,3600.0,16.19399966392625,2755831.403251835
764.2857142857143,952.8571428571429,120.0,16.212425895767733,1975881.1387651982
764.2857142857143,952.8571428571429,285.7142857142857,16.211182974566373,1998422.9698525395
764.2857142857143,952.8571428571429,451.42857142857144,16.209735894175548,2116916.809684947
764.2857142857143,952.8571428571429,617.1428571428571,16.208204422106675,2242262.471776907
764.2857142857143,952.8571428571429,782.8571428571429,16.206694998487286,2350881.002194368
764.2857142857143,952.8571428571429,948.5714285714287,16.20526780528247,2440028.2846029894
764.2857142857143,952.8571428571429,1114.2857142857142,16.203950751876928,2511850.030014639
764.2857142857143,952.8571428571429,1280.0,16.20275192725658,2569427.1119572553
764.2857142857143,952.8571428571429,1445.7142857142858,16.201668557419822,2615638.238910742
764.2857142857143,952.8571428571429,1611.4285714285716,16.2006926039479,2652877.8151460323
764.2857142857143,952.8571428571429,1777.1428571428573,16.199813969222234,2683049.3951586424
764.2857142857143,952.8571428571429,1942.857142857143,16.199022211505483,2707638.4889408103
764.2857142857143,952.8571428571429,2108.5714285714284,16.198307395503388,2727797.0803648573
764.2857142857143,952.8571428571429,2274.285714285714,16.1976604636677,2744418.444005122
764.2857142857143,952.8571428571429,2440.0,16.197073352268124,2758197.5060504884
764.2857142857143,952.8571428571429,2605.714285714286,16.196538978250054,2769677.6280685924
764.2857142857143,952.8571428571429,2771.4285714285716,16.196051166032703,2779286.2187613947
764.2857142857143,952.8571428571429,2937.1428571428573,16.19560455123472,2787361.647979046
764.2857142857143,952.8571428571429,3102.857142857143,16.19519448041007,2794173.5613071024
764.2857142857143,952.8571428571429,3268.571428571429,16.194816916054034,2799938.2452452905
764.2857142857143,952.8571428571429,3434.2857142857147,16.194468350843312,2804830.2956981887
764.2857142857143,952.8571428571429,3600.0,16.194145732295,2808991.524960471
764.2857142857143,1000.0,120.0,16.2124260932502,1989908.7726671663
764.2857142857143,1000.0,285.7142857142857,16.21118400825943,2024356.3745977425
764.2857142857143,1000.0,451.42857142857144,16.20974659038951,2146716.9711260134
764.2857142857143,1000.0,617.1428571428571,16.20822797078398,2275011.525560402
764.2857142857143,1000.0,782.8571428571429,16.20673232020038,2386143.023268033
764.2857142857143,1000.0,948.5714285714287,16.205318533969656,2477471.078588445
764.2857142857143,1000.0,1114.2857142857142,16.204013869173366,2551194.1920302296
764.2857142857143,1000.0,1280.0,16.20282615901291,2610433.778466881
764.2857142857143,1000.0,1445.7142857142858,16.201752595480315,2658103.0559997996
764.2857142857143,1000.0,1611.4285714285716,16.20078521666638,2696626.117857404
764.2857142857143,1000.0,1777.1428571428573,16.199914047886807,2727931.880710403
764.2857142857143,1000.0,1942.857142857143,16.199128782526582,2753527.3584367423
764.2857142857143,1000.0,2108.5714285714284,16.198419615702388,2774582.6788036157
764.2857142857143,1000.0,2274.285714285714,16.19777760819009,2792006.3906523255
764.2857142857143,1000.0,2440.0,16.197194800109443,2806506.2755730697
764.2857142857143,1000.0,2605.714285714286,16.19666419786025,2818636.5278815157
764.2857142857143,1000.0,2771.4285714285716,16.196179702106885,2828833.7049444052
764.2857142857143,1000.0,2937.1428571428573,16.195736013090723,2837443.925472982
764.2857142857143,1000.0,3102.857142857143,16.19532853200149,2844743.4202776467
764.2857142857143,1000.0,3268.571428571429,16.19495326750528,2850954.092455005
764.2857142857143,1000.0,3434.2857142857147,16.194606751330294,2856255.346417093
764.2857142857143,1000.0,3600.0,16.1942859640818,2860793.126918662
800.0,10.0,120.0,16.212624709936996,1220696.256829201
800.0,10.0,285.7142857142857,16.211317545978574,1027543.2424707777
800.0,10.0,451.42857142857144,16.20940654287585,1041571.2010134084
800.0,10.0,617.1428571428571,16.20724152319476,1064728.5398274676
800.0,10.0,782.8571428571429,16.205077983985003,1077661.7597078227
800.0,10.0,948.5714285714287,16.203067448968525,1079962.2522681057
800.0,10.0,1114.2857142857142,16.201276711537137,1074414.4071791759
800.0,10.0,1280.0,16.1997191591866,1063824.371186228
800.0,10.0,1445.7142857142858,16.198380746529935,1050337.0084618793
800.0,10.0,1611.4285714285716,16.19723629285778,1035426.8038583245
800.0,10.0,1777.1428571428573,16.196258187508942,1020048.9102903928
800.0,10.0,1942.857142857143,16.19542044076256,1004794.6733270029
800.0,10.0,2108.5714285714284,16.19470022563015,990013.0161966792
800.0,10.0,2274.285714285714,16.194078190394016,975896.046759102
800.0,10.0,2440.0,16.19353823084651,962536.6060644699
800.0,10.0,2605.714285714286,16.19306706778076,949965.9841460058
800.0,10.0,2771.4285714285716,16.192653791414795,938178.274085251
800.0,10.0,2937.1428571428573,16.192289441144098,927145.9393146195
800.0,10.0,3102.857142857143,16.191966643911147,916829.6747152145
800.0,10.0,3268.571428571429,16.191679313956737,907184.5864362847
800.0,10.0,3434.2857142857147,16.191422408309364,898164.0058369287
800.0,10.0,3600.0,16.191191729698268,889721.7875491425
800.0,57.142857142857146,120.0,16.21255125326481,1391467.104711115
800.0,57.142857142857146,285.7142857142857,16.211213945861797,1212599.678567897
800.0,57.142857142857146,451.42857142857144,16.209325186246133,1245764.2484901554
800.0,57.142857142857146,617.1428571428571,16.20719986630806,1290098.9430912146
800.0,57.142857142857146,782.8571428571429,16.205063383871448,1323115.8776734509
800.0,57.142857142857146,948.5714285714287,16.203050065562202,1343434.3651703934
800.0,57.142857142857146,1114.2857142857142,16.201222948980362,1353563.4608273425
800.0,57.142857142857146,1280.0,16.199599675112736,1356353.6107090681
800.0,57.142857142857146,1445.7142857142858,16.198173442498877,1354149.7124684746
800.0,57.142857142857146,1611.4285714285716,16.196926391621282,1348688.3570883898
800.0,57.142857142857146,1777.1428571428573,16.195837077852804,1341195.287005786
800.0,57.142857142857146,1942.857142857143,16.194884228730288,1332513.435370688
800.0,57.142857142857146,2108.5714285714284,16.194048407533,1323212.8402263424
800.0,57.142857142857146,2274.285714285714,16.193312581298205,1313673.698442295
800.0,57.142857142857146,2440.0,16.192662155276526,1304145.7851631932
800.0,57.142857142857146,2605.714285714286,16.192084773109677,1294789.8726152035
800.0,57.142857142857146,2771.4285714285716,16.191570034785528,1285706.2462476862
800.0,57.142857142857146,2937.1428571428573,16.191109205409536,1276954.2339663433
800.0,57.142857142857146,3102.857142857143,16.190694946804047,1268565.5599574982
800.0,57.142857142857146,3268.571428571429,16.190321083367635,1260553.4784303424
800.0,57.142857142857146,3434.2857142857147,16.189982403792488,1252919.026638474
800.0,57.142857142857146,3600.0,16.18967449592328,1245655.308775939
800.0,104.28571428571429,120.0,16.212515761604568,1488086.1068942787
800.0,104.28571428571429,285.7142857142857,16.211177048183718,1321069.833429798
800.0,104.28571428571429,451.42857142857144,16.209330226099368,1364167.36979008
800.0,104.28571428571429,617.1428571428571,16.207266964092025,1419481.1460489312
800.0,104.28571428571429,782.8571428571429,16.20519401351846,1463034.1155152947
800.0,104.28571428571429,948.5714285714287,16.203233814818734,1492951.1166861728
800.0,104.28571428571429,1114.2857142857142,16.201444555092223,1511591.085723098
800.0,104.28571428571429,1280.0,16.199843621739323,1521808.3241134903
800.0,104.28571428571429,1445.7142857142858,16.198426181663386,1526025.6690342547
800.0,104.28571428571429,1611.4285714285716,16.197177055069506,1526088.8388646308
800.0,104.28571428571429,1777.1428571428573,16.196077422054472,1523339.9352654652
800.0,104.28571428571429,1942.857142857143,16.195108269832325,1518732.9242296268
800.0,104.28571428571429,2108.5714285714284,16.194251981178947,1512937.8262008408
800.0,104.28571428571429,2274.285714285714,16.193492931218657,1506421.9196020276
800.0,104.28571428571429,2440.0,16.192817586952984,1499509.3388527674
800.0,104.28571428571429,2605.714285714286,16.19221437757941,1492423.6161793028
800.0,104.28571428571429,2771.4285714285716,16.191673475138863,1485317.6643617605
800.0,104.28571428571429,2937.1428571428573,16.19118655487496,1478294.8050787374
800.0,104.28571428571429,3102.857142857143,16.190746567468118,1471423.508263602
800.0,104.28571428571429,3268.571428571429,16.190347536109638,1464747.7413142903
800.0,104.28571428571429,3434.2857142857147,16.189984381841644,1458294.2570504758
800.0,104.28571428571429,3600.0,16.189652776131396,1452077.743300634
800.0,151.42857142857144,120.0,16.212491994528072,1560591.8428746662
800.0,151.42857142857144,285.7142857142857,16.21115658166314,1405372.9414896502
800.0,151.42857142857144,451.42857142857144,16.209348611087062,1456017.6823076103
800.0,151.42857142857144,617.1428571428571,16.207340985073728,1519470.6632896157
800.0,151.42857142857144,782.8571428571429,16.205326622612812,1570818.2685716385
800.0,151.42857142857144,948.5714285714287,16.203419056765018,1607854.1699318443
800.0,151.42857142857144,1114.2857142857142,16.20167246279955,1632839.1679650499
800.0,151.42857142857144,1280.0,16.200103466512257,1648633.3900809828
800.0,151.42857142857144,1445.7142857142858,16.198708140481195,1657714.487699834
800.0,151.42857142857144,1611.4285714285716,16.19747284926609,1662003.2363755812
800.0,151.42857142857144,1777.1428571428573,16.19638040846523,1662921.3591863357
800.0,151.42857142857144,1942.857142857143,16.195413286937615,1661498.8774937338
800.0,151.42857142857144,2108.5714285714284,16.194555112872468,1658474.5872164029
800.0,151.42857142857144,2274.285714285714,16.193791265677625,1654376.0309162731
800.0,151.42857142857144,2440.0,16.19310900232585,1649579.1698641474
800.0,151.42857142857144,2605.714285714286,16.192497363727295,1644351.617901969
800.0,151.42857142857144,2771.4285714285716,16.191946990645878,1638883.5515648918
800.0,151.42857142857144,2937.1428571428573,16.19144991474321,1633309.700185259
800.0,151.42857142857144,3102.857142857143,16.190999356016327,1627724.984522543
800.0,151.42857142857144,3268.571428571429,16.190589539927732,1622195.6631206153
800.0,151.42857142857144,3434.2857142857147,16.19021553841509,1616767.3056411725
800.0,151.42857142857144,3600.0,16.189873134578168,1611470.5210611764
800.0,198.57142857142858,120.0,16.21247450492941,1619661.3190506597
800.0,198.57142857142858,285.7142857142857,16.211143638817045,1476446.1158765003
800.0,198.57142857142858,451.42857142857144,16.209370402625357,1533517.7883044395
800.0,198.57142857142858,617.1428571428571,16.20741160125945,1603691.8068874974
800.0,198.57142857142858,782.8571428571429,16.205449130664185,1661437.275627597
800.0,198.57142857142858,948.5714285714287,16.20358944554668,1704311.2280161327
800.0,198.57142857142858,1114.2857142857142,16.201883393779635,1734508.0233371907
800.0,198.57142857142858,1280.0,16.200346772572978,1754898.1855327557
800.0,198.57142857142858,1445.7142857142858,16.198976144526195,1768005.3183952295
800.0,198.57142857142858,1611.4285714285716,16.197758909741776,1775810.3132268938
800.0,198.57142857142858,1777.1428571428573,16.19667904336354,1779797.7069850245
800.0,198.57142857142858,1942.857142857143,16.19572009989344,1781057.182138005
800.0,198.57142857142858,2108.5714285714284,16.194866644267826,1780381.416739422
800.0,198.57142857142858,2274.285714285714,16.19410482952749,1778345.221946875
800.0,198.57142857142858,2440.0,16.19342253560531,1775365.315415499
800.0,198.57142857142858,2605.714285714286,16.192809297503306,1771744.0973165792
800.0,198.57142857142858,2771.4285714285716,16.19225614426979,1767701.2688561326
800.0,198.57142857142858,2937.1428571428573,16.1917554109735,1763396.5528009136
800.0,198.57142857142858,3102.857142857143,16.19130055384677,1758946.0148382573
800.0,198.57142857142858,3268.571428571429,16.190885981840086,1754433.816297857
800.0,198.57142857142858,3434.2857142857147,16.190506909133813,1749920.7104263208
800.0,198.57142857142858,3600.0,16.190159228883626,1745450.2136840709
800.0,245.71428571428572,120.0,16.212461044063893,1669801.097612604
800.0,245.71428571428572,285.7142857142857,16.21113494700267,1538830.7250662716
800.0,245.71428571428572,451.42857142857144,16.20939277760948,1601690.0880982152
800.0,245.71428571428572,617.1428571428571,16.207477090170006,1677725.0963850908
800.0,245.71428571428572,782.8571428571429,16.205560623813568,1741006.8638515456
800.0,245.71428571428572,948.5714285714287,16.203743992004316,1788920.7552071442
800.0,245.71428571428572,1114.2857142857142,16.202075230756567,1823616.975077278
800.0,245.71428571428572,1280.0,16.200569341727956,1847980.8841285128
800.0,245.71428571428572,1445.7142857142858,16.199223173739103,1864577.7957688726
800.0,245.71428571428572,1611.4285714285716,16.198024880886717,1875440.489901331
800.0,245.71428571428572,1777.1428571428573,16.196959320412564,1882106.735154339
800.0,245.71428571428572,1942.857142857143,16.196010892842047,1885716.3592170686
800.0,245.71428571428572,2108.5714285714284,16.1951649066775,1887107.16717469
800.0,245.71428571428572,2274.285714285714,16.194408139168186,1886893.5187829714
800.0,245.71428571428572,2440.0,16.193728980798145,1885526.249889412
800.0,245.71428571428572,2605.714285714286,16.193117377860585,1883336.9247376334
800.0,245.71428571428572,2771.4285714285716,16.192564687812332,1880570.0496767205
800.0,245.71428571428572,2937.1428571428573,16.192063506645567,1877406.3984918874
800.0,245.71428571428572,3102.857142857143,16.191607497361165,1873979.8957960494
800.0,245.71428571428572,3268.571428571429,16.191191232577673,1870389.8678874744
800.0,245.71428571428572,3434.2857142857147,16.190810055990674,1866709.9685679541
800.0,245.71428571428572,3600.0,16.190459963259634,1862994.7147511083
800.0,292.8571428571429,120.0,16.21245043024586,1713427.5712283312
800.0,292.8571428571429,285.7142857142857,16.211128952048067,1594927.635300955
800.0,292.8571428571429,451.42857142857144,16.209414746683684,1663170.3458385733
800.0,292.8571428571429,617.1428571428571,16.207537497659857,1744487.4044854755
800.0,292.8571428571429,782.8571428571429,16.205662122947192,1812716.5208092532
800.0,292.8571428571429,948.5714285714287,16.20388428643369,1865120.2320640187
800.0,292.8571428571429,1114.2857142857142,16.20224960590603,1903821.5436849208
800.0,292.8571428571429,1280.0,16.200772344999383,1931724.6077192305
800.0,292.8571428571429,1445.7142857142858,16.199449525727136,1951434.187356605
800.0,292.8571428571429,1611.4285714285716,16.198269881048173,1965029.8270219814
800.0,292.8571428571429,1777.1428571428573,16.19721897034827,1974096.3706066988
800.0,292.8571428571429,1942.857142857143,16.19628188036648,1979817.5871009063
800.0,292.8571428571429,2108.5714285714284,16.195444531209183,1983070.6443000936
800.0,292.8571428571429,2274.285714285714,16.19469421984236,1984504.3273299043
800.0,292.8571428571429,2440.0,16.194019766728275,1984599.154039557
800.0,292.8571428571429,2605.714285714286,16.19341146845151,1983712.0711875735
800.0,292.8571428571429,2771.4285714285716,16.192860965343886,1982109.1965001503
800.0,292.8571428571429,2937.1428571428573,16.192361080753695,1979989.671305664
800.0,292.8571428571429,3102.857142857143,16.191905660018612,1977503.0298609862
800.0,292.8571428571429,3268.571428571429,16.19148942190707,1974761.8791448039
800.0,292.8571428571429,3434.2857142857147,16.19110782731125,1971851.1938709603
800.0,292.8571428571429,3600.0,16.19075696596724,1968835.1650615083
800.0,340.0,120.0,16.212441953777926,1752019.4907672598
800.0,340.0,285.7142857142857,16.211124802148323,1646187.548689559
800.0,340.0,451.42857142857144,16.20943594719477,1719540.9517327345
800.0,340.0,617.1428571428571,16.207593284666476,1805723.6911309042
800.0,340.0,782.8571428571429,16.20575491579855,1878470.4331220817
800.0,340.0,948.5714285714287,16.20401222699166,1934959.6853951022
800.0,340.0,1114.2857142857142,16.202408725395454,1977300.8190205374
800.0,340.0,1280.0,16.2009579970569,2008420.255622022
800.0,340.0,1445.7142857142858,16.199657169385397,2030960.9428608785
800.0,340.0,1611.4285714285716,16.198495436644578,2047045.7381267503
800.0,340.0,1777.1428571428573,16.19745893524286,2058302.2914332927
800.0,340.0,1942.857142857143,16.19653332453334,2065953.9564980404
800.0,340.0,2108.5714285714284,16.1957050406878,2070913.183243704
800.0,340.0,2274.285714285714,16.194961823412413,2073859.5324396563
800.0,340.0,2440.0,16.1942928627286,2075300.026210343
800.0,340.0,2605.714285714286,16.193688758892463,2075614.271307652
800.0,340.0,2771.4285714285716,16.193141399569104,2075087.686510889
800.0,340.0,2937.1428571428573,16.19264380862062,2073935.8306380834
800.0,340.0,3102.857142857143,16.192189993619156,2072322.2058614343
800.0,340.0,3268.571428571429,16.191774804558563,2070371.3186445266
800.0,340.0,3434.2857142857147,16.191393808559507,2068178.3019141108
800.0,340.0,3600.0,16.191043181478644,2065816.0405840115
800.0,387.14285714285717,120.0,16.2124351499521,1786562.3678817886
800.0,387.14285714285717,285.7142857142857,16.21112198462076,1693566.1214250277
800.0,387.14285714285717,451.42857142857144,16.209456263768594,1771838.227212432
800.0,387.14285714285717,617.1428571428571,16.207644975668234,1862573.0920853836
800.0,387.14285714285717,782.8571428571429,16.20584018757197,1939509.3598532842
800.0,387.14285714285717,948.5714285714287,16.20412953213208,1999773.4946514089
800.0,387.14285714285717,1114.2857142857142,16.202554651547405,2045472.4700662673
800.0,387.14285714285717,1280.0,16.20112851097396,2079558.047840275
800.0,387.14285714285717,1445.7142857142858,16.19984830029826,2104710.6456974545
800.0,387.14285714285717,1611.4285714285716,16.19870359179236,2123093.9789409623
800.0,387.14285714285717,1777.1428571428573,16.19768100748896,2136375.38113861
800.0,387.14285714285717,1942.857142857143,16.196766694846445,2145814.568280809
800.0,387.14285714285717,2108.5714285714284,16.19594753397826,2152356.2334005027
800.0,387.14285714285717,2274.285714285714,16.19521164842403,2156707.9805470705
800.0,387.14285714285717,2440.0,16.19454855089558,2159400.9464146243
800.0,387.14285714285717,2605.714285714286,16.193949108638897,2160835.3419558606
800.0,387.14285714285717,2771.4285714285716,16.193405428255172,2161314.135721483
800.0,387.14285714285717,2937.1428571428573,16.19291071230648,2161067.8203704706
800.0,387.14285714285717,3102.857142857143,16.192459113945084,2160272.612473136
800.0,387.14285714285717,3268.571428571429,16.192045601745686,2159063.85974486
800.0,387.14285714285717,3434.2857142857147,16.191665839513398,2157545.9595049
800.0,387.14285714285717,3600.0,16.19131608207164,2155799.7345513967
800.0,434.28571428571433,120.0,16.212429695349694,1817753.589501906
800.0,434.28571428571433,285.7142857142857,16.211120169596715,1737732.412708147
800.0,434.28571428571433,451.42857142857144,16.209475685942273,1820783.7840765947
800.0,434.28571428571433,617.1428571428571,16.207693059857398,1915826.4729987793
800.0,434.28571428571433,782.8571428571429,16.205918951379914,1996693.2140423486
800.0,434.28571428571433,948.5714285714287,16.20423765823292,2060485.5073626703
800.0,434.28571428571433,1114.2857142857142,16.202689157686642,2109317.4772694646
800.0,434.28571428571433,1280.0,16.201285845166446,2146168.95715315
800.0,434.28571428571433,1445.7142857142858,16.200024944794272,2173757.447031806
800.0,434.28571428571433,1611.4285714285716,16.19889634538141,2194285.702474679
800.0,434.28571428571433,1777.1428571428573,16.197887085299172,2209458.364673802
800.0,434.28571428571433,1942.857142857143,16.196983735051933,2220569.0347193284
800.0,434.28571428571433,2108.5714285714284,16.19617356249212,2228592.2986152596
800.0,434.28571428571433,2274.285714285714,16.195445028579297,2234261.6813097605
800.0,434.28571428571433,2440.0,16.194787931384102,2238130.5708615845
800.0,434.28571428571433,2605.714285714286,16.194193375597457,2240618.174092619
800.0,434.28571428571433,2771.4285714285716,16.193653663613052,2242043.6348342947
800.0,434.28571428571433,2937.1428571428573,16.19316215868643,2242651.2115824055
800.0,434.28571428571433,3102.857142857143,16.19271314560732,2242628.845559041
800.0,434.28571428571433,3268.571428571429,16.192301700776348,2242121.8877846166
800.0,434.28571428571433,3434.2857142857147,16.19192357641631,2241243.2902405765
800.0,434.28571428571433,3600.0,16.191575099987535,2240081.211677282
800.0,481.42857142857144,120.0,16.212425354409163,1846109.160156066
800.0,481.42857142857144,285.7142857142857,16.211119133875027,1779176.58771147
800.0,481.42857142857144,451.42857142857144,16.209494248499666,1866903.6029474048
800.0,481.42857142857144,617.1428571428571,16.20773796706998,1966058.703919824
800.0,481.42857142857144,782.8571428571429,16.205992055144893,2050646.0211353637
800.0,481.42857142857144,948.5714285714287,16.204337817438976,2117765.4744735956
800.0,481.42857142857144,1114.2857142857142,16.20281373182279,2169546.610115459
800.0,481.42857142857144,1280.0,16.20143166949127,2208999.782915382
800.0,481.42857142857144,1445.7142857142858,16.20018886968538,2238879.390599595
800.0,481.42857142857144,1611.4285714285716,16.199075490928838,2261425.84125228
800.0,481.42857142857144,1777.1428571428573,16.198078933865357,2278379.2198915277
800.0,481.42857142857144,1942.857142857143,16.19718614059653,2291065.050907546
800.0,481.42857142857144,2108.5714285714284,16.196384721809693,2300485.942170856
800.0,481.42857142857144,2274.285714285714,16.195663438457977,2307399.6432626043
800.0,481.42857142857144,2440.0,16.195012343597412,2312380.2997030215
800.0,481.42857142857144,2605.714285714286,16.19442275510704,2315864.820908152
800.0,481.42857142857144,2771.4285714285716,16.193887151991763,2318187.417758123
800.0,481.42857142857144,2937.1428571428573,16.193399043126277,2319605.170407868
800.0,481.42857142857144,3102.857142857143,16.19295283313808,2320316.94265813
800.0,481.42857142857144,3268.571428571429,16.192543697042353,2320477.408135882
800.0,481.42857142857144,3434.2857142857147,16.19216746830413,2320207.495585637
800.0,481.42857142857144,3600.0,16.19182054144261,2319602.208461123
800.0,528.5714285714286,120.0,16.21242194939369,1872024.2802601457
800.0,528.5714285714286,285.7142857142857,16.21111872033733,1818270.6293354132
800.0,528.5714285714286,451.42857142857144,16.209512004644683,1910594.9192856385
800.0,528.5714285714286,617.1428571428571,16.207780067206663,2013702.809891641
800.0,528.5714285714286,782.8571428571429,16.206060205926715,2101837.090413431
800.0,528.5714285714286,948.5714285714287,16.204431016432856,2172116.6018294175
800.0,528.5714285714286,1114.2857142857142,16.20292961611329,2226693.585393658
800.0,528.5714285714286,1280.0,16.201567392216784,2268611.131262794
800.0,528.5714285714286,1445.7142857142858,16.20034158589609,2300660.4809890185
800.0,528.5714285714286,1611.4285714285716,16.199242588789662,2325118.609507073
800.0,528.5714285714286,1777.1428571428573,16.19825812062912,2343759.547621648
800.0,528.5714285714286,1942.857142857143,16.19737545353719,2357939.152040074
800.0,528.5714285714286,2108.5714285714284,16.19658250442623,2368686.5277728224
800.0,528.5714285714286,2274.285714285714,16.195868303488837,2376782.2621121104
800.0,528.5714285714286,2440.0,16.19522313361914,2382820.0331852064
800.0,528.5714285714286,2605.714285714286,16.194638505648957,2387253.3900111914
800.0,528.5714285714286,2771.4285714285716,16.194107059068198,2390430.697510966
800.0,528.5714285714286,2937.1428571428573,16.193622435593532,2392621.07792624
800.0,528.5714285714286,3102.857142857143,16.1931791496012,2394033.65398257
800.0,528.5714285714286,3268.571428571429,16.192772466770567,2394831.8575225295
800.0,528.5714285714286,3434.2857142857147,16.192398295551623,2395144.113931979
800.0,528.5714285714286,3600.0,16.19205309260222,2395071.8624334205
800.0,575.7142857142858,120.0,16.21241934235712,1895810.0664094784
800.0,575.7142857142858,285.7142857142857,16.211118814781845,1855304.9033181078
800.0,575.7142857142858,451.42857142857144,16.209529013443298,1952166.374676442
800.0,575.7142857142858,617.1428571428571,16.207819676637545,2059094.4010253006
800.0,575.7142857142858,782.8571428571429,16.206123995109905,2150629.6011352832
800.0,575.7142857142858,948.5714285714287,16.204518094538116,2223927.9274043846
800.0,575.7142857142858,1114.2857142857142,16.203037849830622,2281170.7885791427
800.0,575.7142857142858,1280.0,16.201694199957455,2325436.0241534514
800.0,575.7142857142858,1445.7142857142858,16.20048437872797,2359551.751583933
800.0,575.7142857142858,1611.4285714285716,16.19939898168225,2385830.6463042716
800.0,575.7142857142858,1777.1428571428573,16.198426012478713,2406079.4566608244
800.0,575.7142857142858,1942.857142857143,16.197553039057972,2421683.056119593
800.0,575.7142857142858,2108.5714285714284,16.19676825420568,2433695.7805269696
800.0,575.7142857142858,2274.285714285714,16.19606093168305,2442919.899574013
800.0,575.7142857142858,2440.0,16.195421563095337,2449967.6012079176
800.0,575.7142857142858,2605.714285714286,16.194841835117284,2455308.1845111633
800.0,575.7142857142858,2771.4285714285716,16.19431453399879,2459303.4028835325
800.0,575.7142857142858,2937.1428571428573,16.193833423349563,2462233.765728523
800.0,575.7142857142858,3102.857142857143,16.193393118586954,2464318.0961272907
800.0,575.7142857142858,3268.571428571429,16.19298896914004,2465728.1082634875
800.0,575.7142857142858,3434.2857142857147,16.19261695295669,2466599.318636282
800.0,575.7142857142858,3600.0,16.19227358447987,2467039.256247707
800.0,622.8571428571429,120.0,16.21241742373497,1917716.9960580308
800.0,622.8571428571429,285.7142857142857,16.211119331962813,1890511.3601192425
800.0,622.8571428571429,451.42857142857144,16.20954533387589,1991863.416062203
800.0,622.8571428571429,617.1428571428571,16.207857065996777,2102499.7299843286
800.0,622.8571428571429,782.8571428571429,16.206183920158004,2197311.254169122
800.0,622.8571428571429,948.5714285714287,16.204599755952053,2273507.3472954137
800.0,622.8571428571429,1114.2857142857142,16.203139307104728,2333304.401214035
800.0,622.8571428571429,1280.0,16.20181309595654,2379816.8477000664
800.0,622.8571428571429,1445.7142857142858,16.200618342431408,2415909.769398695
800.0,622.8571428571429,1611.4285714285716,16.199545822235642,2443930.83937544
800.0,622.8571428571429,1777.1428571428573,16.198583793861726,2465718.4996025586
800.0,622.8571428571429,1942.857142857143,16.197720092504984,2482685.534713579
800.0,622.8571428571429,2108.5714285714284,16.19694316130362,2495910.442901367
800.0,622.8571428571429,2274.285714285714,16.196242495873484,2506216.1987989885
800.0,622.8571428571429,2440.0,16.195608778559535,2514232.632986621
800.0,622.8571428571429,2605.714285714286,16.19503385724409,2520444.038976628
800.0,622.8571428571429,2771.4285714285716,16.194510653130873,2525224.9071909375
800.0,622.8571428571429,2937.1428571428573,16.19403304224976,2528866.575955794
800.0,622.8571428571429,3102.857142857143,16.193595733479846,2531597.0918337298
800.0,622.8571428571429,3268.571428571429,16.19319415394287,2533596.044440015
800.0,622.8571428571429,3434.2857142857147,16.192824346245192,2535005.694100698
800.0,622.8571428571429,3600.0,16.19248287874707,2535939.3628574377
800.0,670.0,120.0,16.21241610481498,1937950.5191550278
800.0,670.0,285.7142857142857,16.21112020679825,1924078.8930408156
800.0,670.0,451.42857142857144,16.20956102209146,2029885.0598720193
800.0,670.0,617.1428571428571,16.20789246750616,2144134.18061165
800.0,670.0,782.8571428571429,16.206240402334398,2242114.450972355
800.0,670.0,948.5714285714287,16.20467659570089,2321103.346589877
800.0,670.0,1114.2857142857142,16.203234727911855,2383357.509294057
800.0,670.0,1280.0,16.20192493285266,2432029.657972353
800.0,670.0,1445.7142857142858,16.20074441192264,2470021.9678522414
800.0,670.0,1611.4285714285716,16.19968410141621,2499716.5313101998
800.0,670.0,1777.1428571428573,16.198732490256237,2522982.6182081485
800.0,670.0,1942.857142857143,16.197877656732558,2541259.9823337053
800.0,670.0,2108.5714285714284,16.197108272616962,2555650.3704370004
800.0,670.0,2274.285714285714,16.1964140368027,2566996.6241325373
800.0,670.0,2440.0,16.195785806922675,2575945.4717932614
800.0,670.0,2605.714285714286,16.195215579422047,2582995.55125832
800.0,670.0,2771.4285714285716,16.194696400207967,2588533.528635161
800.0,670.0,2937.1428571428573,16.194222249464694,2592861.08945478
800.0,670.0,3102.857142857143,16.193787922885182,2596215.091673336
800.0,670.0,3268.571428571429,16.193388919942333,2598782.6482263496
800.0,670.0,3434.2857142857147,16.19302134360885,2600712.4623458986
800.0,670.0,3600.0,16.192681812710934,2602123.3916532784
800.0,717.1428571428572,120.0,16.212415312590895,1956681.8220540138
800.0,717.1428571428572,285.7142857142857,16.211121388626157,1956163.8662383757
800.0,717.1428571428572,451.42857142857144,16.20957613025619,2066395.3525506053
800.0,717.1428571428572,617.1428571428571,16.207926081302414,2184174.888035847
800.0,717.1428571428572,782.8571428571429,16.20629380083949,2285230.055079329
800.0,717.1428571428572,948.5714285714287,16.204749120190282,2366919.8116736673
800.0,717.1428571428572,1114.2857142857142,16.203324742901778,2431545.850794052
800.0,717.1428571428572,1280.0,16.20203043957769,2482300.7437335667
800.0,717.1428571428572,1445.7142857142858,16.200863389811925,2522123.910775897
800.0,717.1428571428572,1611.4285714285716,16.1998146741263,2553431.38189967
800.0,717.1428571428572,1777.1428571428573,16.198872991160513,2578122.513856644
800.0,717.1428571428572,1942.857142857143,16.198026641636048,2597663.217372006
800.0,717.1428571428572,2108.5714285714284,16.197264507280924,2613177.6971621104
800.0,717.1428571428572,2274.285714285714,16.19657647421453,2625527.935252145
800.0,717.1428571428572,2440.0,16.195953561947853,2635376.9108868293
800.0,717.1428571428572,2605.714285714286,16.195387904467754,2643237.0407650713
800.0,717.1428571428572,2771.4285714285716,16.19487266341207,2649506.6777615203
800.0,717.1428571428572,2937.1428571428573,16.19440191585216,2654497.434499464
800.0,717.1428571428572,3102.857142857143,16.193970538423677,2658454.620493598
800.0,717.1428571428572,3268.571428571429,16.193574098211162,2661572.564162634
800.0,717.1428571428572,3434.2857142857147,16.193208754726555,2664006.1482492485
800.0,717.1428571428572,3600.0,16.192871174168655,2665879.540338304
800.0,764.2857142857143,120.0,16.212414986139713,1974055.4697775599
800.0,764.2857142857143,285.7142857142857,16.211122837334354,1986897.547438836
800.0,764.2857142857143,451.42857142857144,16.20959070620434,2101531.4407205344
800.0,764.2857142857143,617.1428571428571,16.207958080720793,2222769.6124748113
800.0,764.2857142857143,782.8571428571429,16.206344424024323,2326817.060096964
800.0,764.2857142857143,948.5714285714287,16.204817763417523,2411126.4312882954
800.0,764.2857142857143,1114.2857142857142,16.203409893138684,2478048.8707015
800.0,764.2857142857143,1280.0,16.202130243088373,2530818.2529632933
800.0,764.2857142857143,1445.7142857142858,16.200975968757987,2572411.4118756778
800.0,764.2857142857143,1611.4285714285716,16.199938281068523,2605277.909395993
800.0,764.2857142857143,1777.1428571428573,16.199006070613308,2631346.5480904835
800.0,764.2857142857143,1942.857142857143,16.198167842702595,2652108.6880271886
800.0,764.2857142857143,2108.5714285714284,16.197412672811822,2668710.3009468764
800.0,764.2857142857143,2274.285714285714,16.196730620297203,2682031.873040504
800.0,764.2857142857143,2440.0,16.19611285481418,2692752.0670740115
800.0,764.2857142857143,2605.714285714286,16.19555163821069,2701396.5820464045
800.0,764.2857142857143,2771.4285714285716,16.195040239943577,2708375.0277464446
800.0,764.2857142857143,2937.1428571428573,16.194572827538632,2714008.5741089964
800.0,764.2857142857143,3102.857142857143,16.1941443533566,2718550.665132713
800.0,764.2857142857143,3268.571428571429,16.193750447864534,2722202.573171676
800.0,764.2857142857143,3434.2857142857147,16.193387323684075,2725125.127889015
800.0,764.2857142857143,3600.0,16.193051691602303,2727447.607397939
800.0,811.4285714285714,120.0,16.212415074006234,1990194.969532302
800.0,811.4285714285714,285.7142857142857,16.211124520682702,2016391.4890968336
800.0,811.4285714285714,451.42857142857144,16.209604793488523,2135409.3994575497
800.0,811.4285714285714,617.1428571428571,16.20798861664536,2260043.139051207
800.0,811.4285714285714,782.8571428571429,16.206392538295447,2367009.5565038202
800.0,811.4285714285714,948.5714285714287,16.204882899791887,2453866.1879198197
800.0,811.4285714285714,1114.2857142857142,16.20349064579933,2523017.681420213
800.0,811.4285714285714,1280.0,16.20222488584365,2577740.564049712
800.0,811.4285714285714,1445.7142857142858,16.201082749737623,2621049.261114841
800.0,811.4285714285714,1611.4285714285716,16.20005556699636,2655426.521614847
800.0,811.4285714285714,1777.1428571428573,16.199132404795257,2682830.033993845
800.0,811.4285714285714,1942.857142857143,16.198301957494333,2704775.9855495314
800.0,811.4285714285714,2108.5714285714284,16.197553480136317,2722431.5058003026
800.0,811.4285714285714,2274.285714285714,16.19687719302839,2736695.02308726
800.0,811.4285714285714,2440.0,16.196264405628664,2748260.3818666153
800.0,811.4285714285714,2605.714285714286,16.195707499084197,2757666.123717145
800.0,811.4285714285714,2771.4285714285716,16.195199843649355,2765332.734289355
800.0,811.4285714285714,2937.1428571428573,16.194735691575655,2771590.612698735
800.0,811.4285714285714,3102.857142857143,16.194310066286015,2776701.0557909543
800.0,811.4285714285714,3268.571428571429,16.19391865783672,2780872.0384259927
800.0,811.4285714285714,3434.2857142857147,16.193557728871536,2784270.130200387
800.0,811.4285714285714,3600.0,16.19322403224938,2787029.542110146
800.0,858.5714285714287,120.0,16.212415532273067,2005206.9095560152
800.0,858.5714285714287,285.7142857142857,16.211126412407275,2044741.5099144124
800.0,858.5714285714287,451.42857142857144,16.209618431619766,2168128.5344889536
800.0,858.5714285714287,617.1428571428571,16.20801782107399,2296101.9956529313
800.0,858.5714285714287,782.8571428571429,16.20643837521763,2405921.8633800815
800.0,858.5714285714287,948.5714285714287,16.204944854326047,2495260.873303644
800.0,858.5714285714287,1114.2857142857142,16.203567406704003,2566580.922077305
800.0,858.5714285714287,1280.0,16.202314839873395,2623202.4468403948
800.0,858.5714285714287,1445.7142857142858,16.20118425692582,2668177.647247022
800.0,858.5714285714287,1611.4285714285716,16.200167095802897,2704022.1633265573
800.0,858.5714285714287,1777.1428571428573,16.199252586853042,2732722.0761261974
800.0,858.5714285714287,1942.857142857143,16.198429599851224,2755817.848733797
800.0,858.5714285714287,2108.5714285714284,16.19768755691308,2774497.2269675857
800.0,858.5714285714287,2274.285714285714,16.197016828433203,2789676.0810210165
800.0,858.5714285714287,2440.0,16.19640885449796,2802062.989787238
800.0,858.5714285714287,2605.714285714286,16.195856127934114,2812208.945129173
800.0,858.5714285714287,2771.4285714285716,16.19535211352567,2820544.9682860333
800.0,858.5714285714287,2937.1428571428573,16.19489114312002,2827410.3942768057
800.0,858.5714285714287,3102.857142857143,16.194468307013576,2833074.120853501
800.0,858.5714285714287,3268.571428571429,16.194079351433384,2837750.6092250044
800.0,858.5714285714287,3434.2857142857147,16.193720586253622,2841611.983445823
800.0,858.5714285714287,3600.0,16.193388804121863,2844797.2280799937
800.0,905.7142857142858,120.0,16.212416323108975,2019184.0969062906
800.0,905.7142857142858,285.7142857142857,16.21112849085086,2072030.6972583674
800.0,905.7142857142858,451.42857142857144,16.209631656387508,2199774.6191116357
800.0,905.7142857142858,617.1428571428571,16.208045810039838,2331037.998113247
800.0,905.7142857142858,782.8571428571429,16.206482137213364,2443652.381615486
800.0,905.7142857142858,948.5714285714287,16.20500391079104,2535415.2278558803
800.0,905.7142857142858,1114.2857142857142,16.203640530375324,2608849.1548369485
800.0,905.7142857142858,1280.0,16.202400518145087,2667319.6848404524
800.0,905.7142857142858,1445.7142857142858,16.201280949825954,2713916.9761554427
800.0,905.7142857142858,1611.4285714285716,16.200273362959273,2751189.3036282314
800.0,905.7142857142858,1777.1428571428573,16.199367139285425,2781150.702964972
800.0,905.7142857142858,1942.857142857143,16.198551311949544,2805365.42064498
800.0,905.7142857142858,2108.5714285714284,16.19781545906047,2825041.334111153
800.0,905.7142857142858,2274.285714285714,16.197150091435468,2841111.3069579676
800.0,905.7142857142858,2440.0,16.196546771602744,2854298.251191705
800.0,905.7142857142858,2605.714285714286,16.19599809725041,2865165.2566354577
800.0,905.7142857142858,2771.4285714285716,16.195497622067286,2874153.5742634083
800.0,905.7142857142858,2937.1428571428573,16.19503975288013,2881611.211178121
800.0,905.7142857142858,3102.857142857143,16.194619643078543,2887814.439227568
800.0,905.7142857142858,3268.571428571429,16.194233091966208,2892984.0112256375
800.0,905.7142857142858,3434.2857142857147,16.193876454113315,2897297.438457756
800.0,905.7142857142858,3600.0,16.19354655987709,2900898.3353093984
800.0,952.8571428571429,120.0,16.21241741365841,2032207.9763048727
800.0,952.8571428571429,285.7142857142857,16.21113073795582,2098331.7094585225
800.0,952.8571428571429,451.42857142857144,16.20964450020186,2230422.370921753
800.0,952.8571428571429,617.1428571428571,16.20807268601165,2364930.9595257724
800.0,952.8571428571429,782.8571428571429,16.206524002166912,2480286.5364376646
800.0,952.8571428571429,948.5714285714287,16.205060318288062,2574420.100330563
800.0,952.8571428571429,1114.2857142857142,16.203710328164547,2649918.2197594726
800.0,952.8571428571429,1280.0,16.20248228379414,2710192.6020175563
800.0,952.8571428571429,1445.7142857142858,16.201373233189894,2758371.547240374
800.0,952.8571428571429,1611.4285714285716,16.200374805775564,2797035.741495545
800.0,952.8571428571429,1777.1428571428573,16.199476524265954,2828226.783542896
800.0,952.8571428571429,1942.857142857143,16.198667574471703,2853532.2606316176
800.0,952.8571428571429,2108.5714285714284,16.197937680612938,2874179.745204425
800.0,952.8571428571429,2274.285714285714,16.197277485283806,2891118.6897594645
800.0,952.8571428571429,2440.0,16.19667866611099,2905085.977096487
800.0,952.8571428571429,2605.714285714286,16.196133919511645,2916656.4766690508
800.0,952.8571428571429,2771.4285714285716,16.195636883007474,2926281.392643742
800.0,952.8571428571429,2937.1428571428573,16.195182034231106,2934317.165503556
800.0,952.8571428571429,3102.857142857143,16.194764586238968,2941047.235834975
800.0,952.8571428571429,3268.571428571429,16.194380388599573,2946698.4716135976
800.0,952.8571428571429,3434.2857142857147,16.1940258382698,2951453.6197419413
800.0,952.8571428571429,3600.0,16.1936978014169,2955460.7940147873
800.0,1000.0,120.0,16.212418775179213,2044350.522582255
800.0,1000.0,285.7142857142857,16.211133138511737,2123708.5676769875
800.0,1000.0,451.42857142857144,16.20965699242886,2260137.3754066504
800.0,1000.0,617.1428571428571,16.20809853987371,2397850.792030061
800.0,1000.0,782.8571428571429,16.20656412716924,2515899.0584753067
800.0,1000.0,948.5714285714287,16.205114296582817,2612354.896104337
800.0,1000.0,1114.2857142857142,16.203777074860877,2689871.8336578235
800.0,1000.0,1280.0,16.202560457662642,2751908.7945047496
800.0,1000.0,1445.7142857142858,16.201461465166453,2801632.4008880365
800.0,1000.0,1611.4285714285716,16.200471811887674,2841655.5533979395
800.0,1000.0,1777.1428571428573,16.199581152250204,2874047.061357956
800.0,1000.0,1942.857142857143,16.198778815164314,2900417.4524757657
800.0,1000.0,2108.5714285714284,16.198054662101708,2922013.598549896
800.0,1000.0,2274.285714285714,16.197399459660502,2939801.1740532797
800.0,1000.0,2440.0,16.196804993947115,2954530.703652267
800.0,1000.0,2605.714285714286,16.19626405456715,2966788.5472455635
800.0,1000.0,2771.4285714285716,16.195770358281735,2977035.61081061
800.0,1000.0,2937.1428571428573,16.19531844974075,2985636.5510935094
800.0,1000.0,3102.857142857143,16.194903598549622,2992881.790519348
800.0,1000.0,3268.571428571429,16.19452170197693,2999004.151544369
800.0,1000.0,3434.2857142857147,16.194169197254745,3004191.4785358584
800.0,1000.0,3600.0,16.193842984619117,3008596.2657941054
