sigma0,K,tau,wrmse,scale
800.0,340.0,3600.0,21.34355949417361,12806297.951573083
800.0,387.14285714285717,3600.0,21.344432142345195,13435351.23298031
800.0,292.8571428571429,3600.0,21.344802534220552,12136679.228584815
800.0,434.28571428571433,3600.0,21.346686129635426,14031301.314313838
800.0,245.71428571428572,3600.0,21.349383797647267,11415779.812971197
800.0,481.42857142857144,3600.0,21.349858005960392,14599585.925343873
800.0,528.5714285714286,3600.0,21.35364405090053,15144309.104470946
800.0,575.7142857142858,3600.0,21.3578392990643,15668656.33653892
800.0,198.57142857142858,3600.0,21.3594793136384,10627247.335123915
800.0,622.8571428571429,3600.0,21.36230220864674,16175157.424797002
800.0,670.0,3600.0,21.366933257194937,16665860.151044304
800.0,340.0,3434.2857142857147,21.369356280628207,12873731.25908624
800.0,387.14285714285717,3434.2857142857147,21.370352393737594,13502319.302247124
800.0,292.8571428571429,3434.2857142857147,21.370408363010807,12204563.03183294
800.0,717.1428571428572,3600.0,21.37166148855233,17142449.093804263
800.0,434.28571428571433,3434.2857142857147,21.372682187269017,14097798.511887513
800.0,245.71428571428572,3434.2857142857147,21.37469968139867,11484083.089401888
800.0,481.42857142857144,3434.2857142857147,21.375895318362286,14665611.87185852
800.0,764.2857142857143,3600.0,21.376435791708253,17606329.35875041
800.0,151.42857142857144,3600.0,21.379348915197333,9743870.549063638
800.0,528.5714285714286,3434.2857142857147,21.379697059325615,15209866.48601177
800.0,811.4285714285714,3600.0,21.381219096357487,18058687.088908046
800.0,575.7142857142858,3434.2857142857147,21.383888802410556,15733749.610924268
800.0,198.57142857142858,3434.2857142857147,21.384352932044994,10695908.402649859
800.0,858.5714285714287,3600.0,21.38598442121976,18500534.15693841
800.0,622.8571428571429,3434.2857142857147,21.38833361198522,16239792.033891063
800.0,905.7142857142858,3600.0,21.39071213035455,18932741.808167063
800.0,670.0,3434.2857142857147,21.39293537137835,16730042.031118624
764.2857142857143,387.14285714285717,3600.0,21.393797032079146,12757690.7517851
764.2857142857143,434.28571428571433,3600.0,21.394503911703914,13335958.68679139
764.2857142857143,340.0,3600.0,21.39473521193161,12147483.576300481
800.0,952.8571428571429,3600.0,21.395387995237922,19356066.413871616
764.2857142857143,481.42857142857144,3600.0,21.396330334757515,13887548.254166475
800.0,340.0,3268.571428571429,21.397488590660515,12945813.316220013
800.0,717.1428571428572,3434.2857142857147,21.39762568606554,17206184.367273588
764.2857142857143,292.8571428571429,3600.0,21.398145802313703,11498112.935926752
800.0,292.8571428571429,3268.571428571429,21.398359475069874,12277166.451839734
800.0,387.14285714285717,3268.571428571429,21.398596228918645,13573870.805489691
764.2857142857143,528.5714285714286,3600.0,21.398929366237052,14416427.78467289
800.0,1000.0,3600.0,21.40000180519913,19771169.480443936
800.0,434.28571428571433,3268.571428571429,21.400988680740337,14168818.479708994
764.2857142857143,575.7142857142858,3600.0,21.40206490000046,14925675.914568508
800.0,764.2857142857143,3434.2857142857147,21.402355399889025,17669624.13921143
800.0,245.71428571428572,3268.571428571429,21.402366744395902,11557183.548297983
800.0,151.42857142857144,3434.2857142857147,21.40352906523493,9812764.960179176
800.0,481.42857142857144,3268.571428571429,21.404229296151374,14736103.86425983
764.2857142857143,245.71428571428572,3600.0,21.405398401246565,10799197.450418001
764.2857142857143,622.8571428571429,3600.0,21.405572306292466,15417736.526229506
800.0,811.4285714285714,3434.2857142857147,21.407088952932742,18121547.358448703
800.0,528.5714285714286,3268.571428571429,21.40803270368493,15279836.556901015
764.2857142857143,670.0,3600.0,21.409334529676777,15894587.080546133
800.0,198.57142857142858,3268.571428571429,21.411576661052596,10769452.379164295
800.0,858.5714285714287,3434.2857142857147,21.411800543352342,18562965.69029803
800.0,575.7142857142858,3268.571428571429,21.412206883141234,15803205.121653004
764.2857142857143,717.1428571428572,3600.0,21.41326702369306,16357853.735506173
800.0,905.7142857142858,3434.2857142857147,21.416471464642274,18994750.127632286
800.0,622.8571428571429,3268.571428571429,21.416619651794456,16308740.94815901
764.2857142857143,764.2857142857143,3600.0,21.41730795460886,16808892.434793204
800.0,104.28571428571429,3600.0,21.418650800385947,8713869.784030689
764.2857142857143,198.57142857142858,3600.0,21.418918675717908,10034879.809555633
764.2857142857143,387.14285714285717,3434.2857142857147,21.419534952832898,12819164.820451116
764.2857142857143,434.28571428571433,3434.2857142857147,21.420313858490463,13396996.795478012
764.2857142857143,340.0,3434.2857142857147,21.42035317950749,12209386.832874898
800.0,952.8571428571429,3434.2857142857147,21.42108822645237,19417656.76449196
800.0,670.0,3268.571428571429,21.42117839227013,16798492.489769507
764.2857142857143,811.4285714285714,3600.0,21.421411659750976,17248847.485885084
764.2857142857143,481.42857142857144,3434.2857142857147,21.42217770170077,13948149.084933849
764.2857142857143,292.8571428571429,3434.2857142857147,21.42357567024262,11560429.210952314
764.2857142857143,528.5714285714286,3434.2857142857147,21.424788660246243,14476593.231565733
764.2857142857143,858.5714285714287,3600.0,21.425544177831686,17678694.80979068
800.0,1000.0,3434.2857142857147,21.425641208306015,19832346.818723883
800.0,717.1428571428572,3268.571428571429,21.425817330403802,17274144.43094046
764.2857142857143,575.7142857142858,3434.2857142857147,21.42791705209753,14985409.755368121
800.0,340.0,3102.857142857143,21.42826278162172,13023025.469571155
800.0,292.8571428571429,3102.857142857143,21.42896658286278,12354979.45162109
800.0,387.14285714285717,3102.857142857143,21.4294658640328,13650479.635030134
764.2857142857143,905.7142857142858,3600.0,21.42968013344537,18099274.48741734
800.0,151.42857142857144,3268.571428571429,21.43004504259751,9886637.9606416
800.0,764.2857142857143,3268.571428571429,21.4304893005041,17737101.6340609
764.2857142857143,245.71428571428572,3434.2857142857147,21.43053981434335,10861893.848915007
764.2857142857143,622.8571428571429,3434.2857142857147,21.431402888752928,15477043.611307474
800.0,434.28571428571433,3102.857142857143,21.431903912269135,14244828.558506437
800.0,245.71428571428572,3102.857142857143,21.432700214413806,11635581.309426207
764.2857142857143,952.8571428571429,3600.0,21.433800527149568,18511315.665769022
764.2857142857143,670.0,3434.2857142857147,21.435132536931622,15953472.82658536
800.0,481.42857142857144,3102.857142857143,21.43515455070986,14811523.408758057
800.0,811.4285714285714,3268.571428571429,21.43516027311742,18188549.786398288
764.2857142857143,1000.0,3600.0,21.4378911435368,18915455.903470945
800.0,528.5714285714286,3102.857142857143,21.43894211594841,15354675.568702443
764.2857142857143,717.1428571428572,3434.2857142857147,21.43902401694455,16416323.804996345
800.0,858.5714285714287,3268.571428571429,21.439805635383326,18629500.18005206
800.0,198.57142857142858,3102.857142857143,21.441470254625074,10848391.664019423
800.0,104.28571428571429,3434.2857142857147,21.441675600793353,8782725.73513183
764.2857142857143,764.2857142857143,3434.2857142857147,21.44301744832555,16866952.531785466
800.0,575.7142857142858,3102.857142857143,21.443081390802625,15877474.341355246
764.2857142857143,151.42857142857144,3600.0,21.443434093451554,9178743.008021055
764.2857142857143,198.57142857142858,3434.2857142857147,21.44361655337001,10097892.023348875
800.0,905.7142857142858,3268.571428571429,21.44440761263084,19060823.411732998
728.5714285714286,434.28571428571433,3600.0,21.4453096237371,12654516.251566
728.5714285714286,481.42857142857144,3600.0,21.445653150937385,13189497.844369018
728.5714285714286,387.14285714285717,3600.0,21.446307502572655,12093828.843824504
728.5714285714286,528.5714285714286,3600.0,21.44694380398605,13702608.526145631
764.2857142857143,811.4285714285714,3434.2857142857147,21.447068673249227,17306503.226074424
800.0,622.8571428571429,3102.857142857143,21.44744507719631,16382451.256180007
764.2857142857143,387.14285714285717,3268.571428571429,21.447566216616163,12884809.262870101
764.2857142857143,340.0,3268.571428571429,21.44827603909386,12275519.625280786
764.2857142857143,434.28571428571433,3268.571428571429,21.448404300635453,13462150.299854834
728.5714285714286,575.7142857142858,3600.0,21.448911317000192,14196821.81151675
800.0,952.8571428571429,3268.571428571429,21.44895345024061,19483275.172955878
728.5714285714286,340.0,3600.0,21.44924020718203,11502348.491714707
764.2857142857143,481.42857142857144,3268.571428571429,21.45029203363082,14012813.893046115
764.2857142857143,858.5714285714287,3434.2857142857147,21.451144902092185,17735951.638925068
764.2857142857143,292.8571428571429,3268.571428571429,21.45131965817853,11627039.144221244
728.5714285714286,622.8571428571429,3600.0,21.451365705458464,14674497.00554165
800.0,670.0,3102.857142857143,21.451944136065087,16871654.562508624
764.2857142857143,528.5714285714286,3268.571428571429,21.452901088703527,14540774.29119536
800.0,1000.0,3268.571428571429,21.453434112237304,19897516.28317097
728.5714285714286,670.0,3600.0,21.45417063970743,15137542.317394936
728.5714285714286,292.8571428571429,3600.0,21.455036675418874,10873084.559343448
764.2857142857143,905.7142857142858,3434.2857142857147,21.455221679963078,18156137.631530516
764.2857142857143,575.7142857142858,3268.571428571429,21.4560084501953,15049113.483900726
800.0,717.1428571428572,3102.857142857143,21.456515458774962,17346768.54691177
728.5714285714286,717.1428571428572,3600.0,21.457226619163123,15587526.351811025
764.2857142857143,245.71428571428572,3268.571428571429,21.4580004826743,10928953.954873664
800.0,151.42857142857144,3102.857142857143,21.45922074299913,9966017.32113963
764.2857142857143,952.8571428571429,3434.2857142857147,21.459280736201702,18567790.102553707
764.2857142857143,622.8571428571429,3268.571428571429,21.459458925827484,15540277.156316996
728.5714285714286,764.2857142857143,3600.0,21.460460001007323,16025756.60558219
800.0,764.2857142857143,3102.857142857143,21.461113893266862,17809197.569877237
800.0,340.0,2937.1428571428573,21.462036250979683,13105919.9941834
800.0,292.8571428571429,2937.1428571428573,21.46259262932398,12438563.254275814
764.2857142857143,670.0,3268.571428571429,21.463142403607044,16016243.616094314
764.2857142857143,1000.0,3434.2857142857147,21.463308436155312,18971546.347760957
800.0,387.14285714285717,2937.1428571428573,21.463313485272934,13732690.450340465
728.5714285714286,811.4285714285714,3600.0,21.463815652014347,16453336.148645649
728.5714285714286,245.71428571428572,3600.0,21.46522683872979,10195982.899465188
800.0,811.4285714285714,3102.857142857143,21.465706949304675,18260126.76724997
800.0,434.28571428571433,2937.1428571428573,21.46577518562773,14326366.815894892
800.0,245.71428571428572,2937.1428571428573,21.466068883025095,11719848.331397133
764.2857142857143,717.1428571428572,3268.571428571429,21.46697953324785,16478639.271992862
800.0,104.28571428571429,3268.571428571429,21.466994215349967,8856667.63854721
728.5714285714286,858.5714285714287,3600.0,21.46725191172866,16871205.45664107
764.2857142857143,151.42857142857144,3434.2857142857147,21.467431528292668,9241942.522966608
800.0,481.42857142857144,2937.1428571428573,21.46901381287464,14892402.7860145
800.0,858.5714285714287,3102.857142857143,21.470271202320244,18700566.863377113
764.2857142857143,198.57142857142858,3268.571428571429,21.470631462214094,10165345.10055726
728.5714285714286,905.7142857142858,3600.0,21.470737069535225,17280173.879348043
764.2857142857143,764.2857142857143,3268.571428571429,21.47091242592047,16928819.946196146
728.5714285714286,434.28571428571433,3434.2857142857147,21.47091627379359,12710277.701052526
728.5714285714286,481.42857142857144,3434.2857142857147,21.471293824584023,13244855.577343002
728.5714285714286,387.14285714285717,3434.2857142857147,21.471845400882557,12149991.577837909
728.5714285714286,528.5714285714286,3434.2857142857147,21.472593023693022,13757563.50072266
800.0,528.5714285714286,2937.1428571428573,21.47276373953934,15434910.659609405
728.5714285714286,952.8571428571429,3600.0,21.47424685647165,17680943.713885244
800.0,198.57142857142858,2937.1428571428573,21.474408532551244,10933311.448743138
728.5714285714286,575.7142857142858,3434.2857142857147,21.474550107681445,14251377.005508943
728.5714285714286,340.0,3434.2857142857147,21.474661062548634,11558904.381323276
800.0,905.7142857142858,3102.857142857143,21.47478980263424,19131387.890993875
764.2857142857143,811.4285714285714,3268.571428571429,21.474898450694216,17367929.594270553
800.0,575.7142857142858,2937.1428571428573,21.47684674245975,15957079.789366268
728.5714285714286,622.8571428571429,3434.2857142857147,21.476979776545065,14728656.576475402
728.5714285714286,1000.0,3600.0,21.477762631228956,18074128.89737495
764.2857142857143,387.14285714285717,3102.857142857143,21.478187562027202,12955051.078416951
764.2857142857143,340.0,3102.857142857143,21.47880451245929,12346315.400981855
764.2857142857143,858.5714285714287,3268.571428571429,21.478906000587394,17796943.646258198
764.2857142857143,434.28571428571433,3102.857142857143,21.479068196362018,13531840.559834367
800.0,952.8571428571429,3102.857142857143,21.47925072057792,19553344.99336802
728.5714285714286,670.0,3434.2857142857147,21.479749144975525,15191311.07569429
728.5714285714286,292.8571428571429,3434.2857142857147,21.48027154675102,10930015.730075084
764.2857142857143,481.42857142857144,3102.857142857143,21.480962713366157,14081959.040741852
800.0,622.8571428571429,2937.1428571428573,21.48114051672067,16461441.28887404
764.2857142857143,292.8571428571429,3102.857142857143,21.48168265048485,11698383.673015742
728.5714285714286,198.57142857142858,3600.0,21.48250788453037,9455670.602179388
728.5714285714286,717.1428571428572,3434.2857142857147,21.482761288543745,15640909.42516129
764.2857142857143,905.7142857142858,3268.571428571429,21.482911544667967,18216701.61251993
764.2857142857143,528.5714285714286,3102.857142857143,21.483552656590103,14609382.846550418
800.0,1000.0,3102.857142857143,21.4836454914603,19967098.464249928
800.0,670.0,2937.1428571428573,21.48555965924646,16950042.749092896
728.5714285714286,764.2857142857143,3434.2857142857147,21.48594451928422,16078759.223211782
764.2857142857143,575.7142857142858,3102.857142857143,21.486621907529308,15117194.92867009
764.2857142857143,952.8571428571429,3268.571428571429,21.48689753938627,18627932.02889721
764.2857142857143,245.71428571428572,3102.857142857143,21.488089562255915,11000827.57656204
728.5714285714286,811.4285714285714,3434.2857142857147,21.489245205702037,16505963.502495473
764.2857142857143,104.28571428571429,3600.0,21.489619183251566,8180447.09366785
764.2857142857143,622.8571428571429,3102.857142857143,21.490020212235702,15607841.287363822
800.0,717.1428571428572,2937.1428571428573,21.490043752834335,17424567.682594553
728.5714285714286,245.71428571428572,3434.2857142857147,21.49017378391526,10253254.218620075
764.2857142857143,1000.0,3268.571428571429,21.490850925724402,19031271.827792667
800.0,151.42857142857144,2937.1428571428573,21.491436820320217,10051505.163803564
728.5714285714286,858.5714285714287,3434.2857142857147,21.492622853124118,16923462.61270399
764.2857142857143,670.0,3102.857142857143,21.493641066206116,16083300.167421244
764.2857142857143,151.42857142857144,3268.571428571429,21.493729818035174,9309668.473015426
800.0,764.2857142857143,2937.1428571428573,21.49454966496083,17886419.63321036
800.0,104.28571428571429,3102.857142857143,21.494933165647694,8936243.538762905
728.5714285714286,905.7142857142858,3434.2857142857147,21.4960466640292,17332065.722193103
764.2857142857143,717.1428571428572,3102.857142857143,21.497407798821115,16545197.695598776
692.8571428571429,528.5714285714286,3600.0,21.497913272941144,13002813.612666938
692.8571428571429,481.42857142857144,3600.0,21.498062612260192,12505385.330171926
692.8571428571429,575.7142857142858,3600.0,21.498595135219013,13482067.555687621
728.5714285714286,434.28571428571433,3268.571428571429,21.49877190344635,12769760.535470687
800.0,811.4285714285714,2937.1428571428573,21.499046437954075,18336782.919399906
728.5714285714286,481.42857142857144,3268.571428571429,21.499170262515054,13303888.420418395
800.0,340.0,2771.4285714285716,21.49922716897406,13195136.472170623
692.8571428571429,434.28571428571433,3600.0,21.499350761618217,11986912.53965772
728.5714285714286,952.8571428571429,3434.2857142857147,21.499493090056863,17732474.913349774
728.5714285714286,387.14285714285717,3268.571428571429,21.499644738217853,12209925.146598842
800.0,292.8571428571429,2771.4285714285716,21.499662831781453,12528566.209525736
692.8571428571429,622.8571428571429,3600.0,21.49989046126085,13945423.271417081
764.2857142857143,198.57142857142858,3102.857142857143,21.500276759657456,10237699.623564422
728.5714285714286,528.5714285714286,3268.571428571429,21.50046444108247,13816150.046457563
800.0,387.14285714285717,2771.4285714285716,21.50055071073001,13821135.563850418
764.2857142857143,764.2857142857143,3102.857142857143,21.501264539729892,16994889.288846664
692.8571428571429,670.0,3600.0,21.50164179901378,14394720.821131414
692.8571428571429,387.14285714285717,3600.0,21.50222368230516,11443691.425286472
728.5714285714286,340.0,3268.571428571429,21.502354409694096,11619284.264652729
728.5714285714286,575.7142857142858,3268.571428571429,21.502397434884163,14309522.604572633
800.0,245.71428571428572,2771.4285714285716,21.502905512953912,11810643.770051692
728.5714285714286,1000.0,3434.2857142857147,21.502944062206577,18125303.890156526
800.0,434.28571428571433,2771.4285714285716,21.503008029362107,14414059.42996279
800.0,858.5714285714287,2937.1428571428573,21.503511821107786,18776667.471077412
692.8571428571429,717.1428571428572,3600.0,21.503733242239665,14831472.153154396
728.5714285714286,622.8571428571429,3268.571428571429,21.504788793173294,14786367.456837516
764.2857142857143,811.4285714285714,3102.857142857143,21.505170196348406,17433518.433044925
800.0,57.142857142857146,3600.0,21.505895762334998,7411640.620084096
692.8571428571429,764.2857142857143,3600.0,21.50607818002402,15256937.057931717
800.0,481.42857142857144,2771.4285714285716,21.50620694364443,14979362.920822078
728.5714285714286,198.57142857142858,3434.2857142857147,21.507008698300588,9513214.636125391
692.8571428571429,340.0,3600.0,21.50734879330004,10870805.418803997
728.5714285714286,670.0,3268.571428571429,21.507509180876536,15248593.864274252
728.5714285714286,292.8571428571429,3268.571428571429,21.507787476347808,10990828.412980467
800.0,905.7142857142858,2937.1428571428573,21.507929870635216,19206942.56229988
692.8571428571429,811.4285714285714,3600.0,21.508611069669396,15672177.987944487
764.2857142857143,858.5714285714287,3102.857142857143,21.5090943456529,17862060.060392577
800.0,528.5714285714286,2771.4285714285716,21.509892149086728,15521158.197463935
728.5714285714286,717.1428571428572,3268.571428571429,21.51046431712282,15697770.851198392
800.0,198.57142857142858,2771.4285714285716,21.510832220545716,11024884.589014657
692.8571428571429,858.5714285714287,3600.0,21.51128178117111,16078100.499043169
764.2857142857143,387.14285714285717,2937.1428571428573,21.51174455852318,13030380.626038086
728.5714285714286,151.42857142857144,3600.0,21.51211428401426,8626506.083311697
764.2857142857143,340.0,2937.1428571428573,21.51228917464584,12422270.959556727
800.0,952.8571428571429,2937.1428571428573,21.51228926008903,19628362.619678188
764.2857142857143,104.28571428571429,3434.2857142857147,21.512441496139466,8243554.758111071
764.2857142857143,434.28571428571433,2937.1428571428573,21.51264640686707,13606552.405422477
764.2857142857143,905.7142857142858,3102.857142857143,21.513014375342724,18281353.17766133
728.5714285714286,764.2857142857143,3268.571428571429,21.51358451059992,16135205.934185293
800.0,575.7142857142858,2771.4285714285716,21.513892569552063,16042633.834931903
692.8571428571429,905.7142857142858,3600.0,21.5140516294125,16475483.660150744
764.2857142857143,481.42857142857144,2937.1428571428573,21.514526179844914,14156064.54459456
764.2857142857143,292.8571428571429,2937.1428571428573,21.515020517909214,11774967.226165086
692.8571428571429,292.8571428571429,3600.0,21.51576552357581,10261492.965401622
800.0,1000.0,2937.1428571428573,21.516582073045324,20041587.264667705
728.5714285714286,811.4285714285714,3268.571428571429,21.5168176560958,16562001.951165479
692.8571428571429,952.8571428571429,3600.0,21.51689054000849,16865003.30792408
764.2857142857143,952.8571428571429,3102.857142857143,21.516913459355642,18692125.825054083
764.2857142857143,528.5714285714286,2937.1428571428573,21.51707564803813,14682894.672519606
728.5714285714286,245.71428571428572,3268.571428571429,21.51740599623835,10314469.709628262
800.0,622.8571428571429,2771.4285714285716,21.51809096757892,16546319.869727593
692.8571428571429,1000.0,3600.0,21.519774992412618,17247250.09763382
764.2857142857143,575.7142857142858,2937.1428571428573,21.520085800200903,15190126.086363768
728.5714285714286,858.5714285714287,3268.571428571429,21.5201244375528,16979098.98977694
764.2857142857143,1000.0,3102.857142857143,21.520779101985635,19095014.45544917
764.2857142857143,245.71428571428572,2937.1428571428573,21.521168457885675,11078028.368769806
800.0,670.0,2771.4285714285716,21.52240560340564,17034262.697807968
764.2857142857143,151.42857142857144,3102.857142857143,21.522645995746245,9382394.983577212
692.8571428571429,528.5714285714286,3434.2857142857147,21.52333470328789,13052737.932118025
764.2857142857143,622.8571428571429,2937.1428571428573,21.523411442329635,15680204.603024065
728.5714285714286,905.7142857142858,3268.571428571429,21.52347497538041,17387305.918561738
692.8571428571429,481.42857142857144,3434.2857142857147,21.52347839670327,12555680.209715394
692.8571428571429,575.7142857142858,3434.2857142857147,21.524003279875956,13531623.372695666
692.8571428571429,434.28571428571433,3434.2857142857147,21.524735372618064,12037577.857941529
692.8571428571429,622.8571428571429,3434.2857142857147,21.52527112699579,13994613.948689634
800.0,104.28571428571429,2937.1428571428573,21.525877595329792,9022078.478752809
800.0,57.142857142857146,3434.2857142857147,21.526727664818427,7479739.701339071
800.0,717.1428571428572,2771.4285714285716,21.52677875041204,17508144.61639834
728.5714285714286,952.8571428571429,3268.571428571429,21.526846441204725,17787324.501610126
764.2857142857143,670.0,2937.1428571428573,21.52694974431332,16155107.995651364
692.8571428571429,670.0,3434.2857142857147,21.52698426672836,14443550.475330807
800.0,151.42857142857144,2771.4285714285716,21.52714205510189,10143792.408081748
692.8571428571429,387.14285714285717,3434.2857142857147,21.52754218135602,11494723.46221294
692.8571428571429,717.1428571428572,3434.2857142857147,21.529029383975807,14879945.301327212
728.5714285714286,434.28571428571433,3102.857142857143,21.529163928718432,12833341.444238832
692.8571428571429,245.71428571428572,3600.0,21.529177781600403,9606020.43278586
728.5714285714286,481.42857142857144,3102.857142857143,21.52956643429884,13366968.867041828
728.5714285714286,387.14285714285717,3102.857142857143,21.529996561333917,12274011.00268609
728.5714285714286,1000.0,3268.571428571429,21.530221334023874,18179768.118691582
764.2857142857143,717.1428571428572,2937.1428571428573,21.53062674774126,16616461.76979127
728.5714285714286,528.5714285714286,3102.857142857143,21.530838760997774,13878736.918428613
800.0,764.2857142857143,2771.4285714285716,21.531169277988944,17969367.985450566
692.8571428571429,764.2857142857143,3434.2857142857147,21.53132182848929,15305058.388183579
692.8571428571429,340.0,3434.2857142857147,21.53255240238862,10922194.473620454
728.5714285714286,340.0,3102.857142857143,21.532615100965824,11683875.072770638
728.5714285714286,575.7142857142858,3102.857142857143,21.53273091236441,14371623.99980639
764.2857142857143,198.57142857142858,2937.1428571428573,21.532919462148104,10315480.706437966
728.5714285714286,198.57142857142858,3268.571428571429,21.533791178250112,9574771.533992833
692.8571428571429,811.4285714285714,3434.2857142857147,21.533797559441446,15719952.210044464
764.2857142857143,764.2857142857143,2937.1428571428573,21.534388611522562,17065620.65272032
728.5714285714286,622.8571428571429,3102.857142857143,21.535067441223287,14847991.98355924
800.0,811.4285714285714,2771.4285714285716,21.535547733679003,18419115.997344494
728.5714285714286,151.42857142857144,3434.2857142857147,21.53590569375051,8684189.530741079
692.8571428571429,858.5714285714287,3434.2857142857147,21.536407609285053,16125532.247396095
764.2857142857143,104.28571428571429,3268.571428571429,21.537519196745755,8311283.616240742
728.5714285714286,670.0,3102.857142857143,21.537722657498147,15309750.224672558
728.5714285714286,292.8571428571429,3102.857142857143,21.537883262309112,11055915.93976522
764.2857142857143,811.4285714285714,2937.1428571428573,21.53819577841374,17503727.419877592
692.8571428571429,905.7142857142858,3434.2857142857147,21.53911420061907,16522577.431580687
800.0,858.5714285714287,2771.4285714285716,21.539893007967255,18858397.525693815
800.0,340.0,2605.714285714286,21.540326018511028,13291424.75647058
728.5714285714286,717.1428571428572,3102.857142857143,21.540604980276672,15758467.593863904
800.0,292.8571428571429,2605.714285714286,21.540676607527196,12625745.82620621
692.8571428571429,292.8571428571429,3434.2857142857147,21.540784328169234,10313219.187279578
800.0,387.14285714285717,2605.714285714286,21.54165979683974,13916558.804665202
692.8571428571429,952.8571428571429,3434.2857142857147,21.54188797313726,16911763.42285485
764.2857142857143,858.5714285714287,2937.1428571428573,21.542018997689617,17931756.300126914
728.5714285714286,764.2857142857143,3102.857142857143,21.543646746228013,16195451.309297916
800.0,245.71428571428572,2605.714285714286,21.543719217490914,11908735.0530419
800.0,434.28571428571433,2605.714285714286,21.544077110918074,14508645.420596896
800.0,905.7142857142858,2771.4285714285716,21.544190027744634,19288080.86191624
692.8571428571429,1000.0,3434.2857142857147,21.54470597151914,17293680.677115384
764.2857142857143,905.7142857142858,2937.1428571428573,21.54583655871834,18350545.619927574
728.5714285714286,811.4285714285714,3102.857142857143,21.546797391211786,16621803.829290567
800.0,481.42857142857144,2605.714285714286,21.54720158910041,15073138.949231083
728.5714285714286,245.71428571428572,3102.857142857143,21.54722627053914,10380030.327769954
800.0,952.8571428571429,2771.4285714285716,21.54842813377544,19708919.523014743
764.2857142857143,387.14285714285717,2771.4285714285716,21.548640808047562,13111366.84313032
764.2857142857143,340.0,2771.4285714285716,21.549139911907776,12503961.141498007
764.2857142857143,434.28571428571433,2771.4285714285716,21.549536671617453,13686849.873462966
764.2857142857143,952.8571428571429,2937.1428571428573,21.549632332865627,18760822.770819217
800.0,57.142857142857146,3268.571428571429,21.549740033604873,7553041.952482804
728.5714285714286,858.5714285714287,3102.857142857143,21.55001878162295,17038464.820464294
692.8571428571429,198.57142857142858,3600.0,21.550576496304146,8889488.610312521
800.0,528.5714285714286,2605.714285714286,21.55078847329862,15614150.152132468
692.8571428571429,528.5714285714286,3268.571428571429,21.550945858508545,13105922.640298365
692.8571428571429,481.42857142857144,3268.571428571429,21.551097134424737,12609274.344989413
800.0,198.57142857142858,2605.714285714286,21.551260875627563,11123891.70766194
657.1428571428571,575.7142857142858,3600.0,21.55134855567789,12781372.559310544
657.1428571428571,622.8571428571429,3600.0,21.551370274378357,13230484.848726485
764.2857142857143,481.42857142857144,2771.4285714285716,21.55137470151667,14235690.31633808
692.8571428571429,575.7142857142858,3268.571428571429,21.551587780598954,13584402.81502634
764.2857142857143,292.8571428571429,2771.4285714285716,21.551749869340632,11857371.874035431
657.1428571428571,670.0,3600.0,21.551963817820564,13666102.031402295
657.1428571428571,528.5714285714286,3600.0,21.552079162989255,12316992.14112462
692.8571428571429,434.28571428571433,3268.571428571429,21.552335751196537,12091583.713700442
800.0,1000.0,2771.4285714285716,21.55259992219167,20121572.290808484
692.8571428571429,622.8571428571429,3268.571428571429,21.55281481590573,14046993.329624107
657.1428571428571,717.1428571428572,3600.0,21.55299535516127,14089680.302567482
728.5714285714286,905.7142857142858,3102.857142857143,21.553281952405733,17446242.713957254
764.2857142857143,1000.0,2937.1428571428573,21.553394366041488,19163223.59282524
657.1428571428571,481.42857142857144,3600.0,21.55381007733757,11835149.288769955
764.2857142857143,528.5714285714286,2771.4285714285716,21.55385721804617,14761866.166447701
692.8571428571429,245.71428571428572,3434.2857142857147,21.553907977986466,9658046.099479513
657.1428571428571,764.2857142857143,3600.0,21.554364090543967,14502432.494110156
692.8571428571429,670.0,3268.571428571429,21.55447657463688,14495535.53167793
764.2857142857143,151.42857142857144,2937.1428571428573,21.554552319394404,9460661.93656477
800.0,575.7142857142858,2605.714285714286,21.55467393133919,16134865.845815163
692.8571428571429,387.14285714285717,3268.571428571429,21.555088417973774,11549140.10425753
657.1428571428571,811.4285714285714,3600.0,21.555993083124758,14905381.068658516
692.8571428571429,717.1428571428572,3268.571428571429,21.55646240603307,14931541.981567668
728.5714285714286,952.8571428571429,3102.857142857143,21.556564787049712,17845838.835733578
764.2857142857143,575.7142857142858,2771.4285714285716,21.556782494201155,15268460.327764397
657.1428571428571,434.28571428571433,3600.0,21.55688953716675,11333075.408584088
764.2857142857143,245.71428571428572,2771.4285714285716,21.557660916722227,11161147.442543294
657.1428571428571,858.5714285714287,3600.0,21.557822919991324,15299397.19536063
692.8571428571429,764.2857142857143,3268.571428571429,21.558689666536015,15356272.650126474
800.0,622.8571428571429,2605.714285714286,21.55874581877206,16637814.212210113
657.1428571428571,905.7142857142858,3600.0,21.5598072649413,15685230.119885227
728.5714285714286,1000.0,3102.857142857143,21.559850341407707,18237866.136394832
692.8571428571429,340.0,3268.571428571429,21.55999418386999,10977015.429668756
764.2857142857143,622.8571428571429,2771.4285714285716,21.560010486860154,15757917.841500636
800.0,104.28571428571429,2771.4285714285716,21.56028330484274,9114888.675131468
692.8571428571429,811.4285714285714,3268.571428571429,21.56109584487261,15770789.89369349
657.1428571428571,387.14285714285717,3600.0,21.56181963642391,10807195.449821196
657.1428571428571,952.8571428571429,3600.0,21.561909669751994,16063529.614915466
728.5714285714286,151.42857142857144,3268.571428571429,21.56196038368788,8745961.381014083
728.5714285714286,434.28571428571433,2937.1428571428573,21.56242653965977,12901453.460862556
728.5714285714286,481.42857142857144,2937.1428571428573,21.562812274711327,13434526.067852724
800.0,670.0,2605.714285714286,21.562926044308153,17125039.825835947
728.5714285714286,198.57142857142858,3102.857142857143,21.56316195389376,9640751.55915199
728.5714285714286,387.14285714285717,2937.1428571428573,21.563239574912274,12342686.689575072
764.2857142857143,670.0,2771.4285714285716,21.563442079498234,16232215.52731505
692.8571428571429,858.5714285714287,3268.571428571429,21.563633151143858,16175998.996404514
728.5714285714286,528.5714285714286,2937.1428571428573,21.564041909899043,13945749.884295551
657.1428571428571,1000.0,3600.0,21.564101252824294,16434863.400272189
764.2857142857143,104.28571428571429,3102.857142857143,21.565171195280808,8384125.715201779
728.5714285714286,340.0,2937.1428571428573,21.565786617237634,11753119.65991972
728.5714285714286,104.28571428571429,3600.0,21.565817105420763,7659550.912287431
728.5714285714286,575.7142857142858,2937.1428571428573,21.565872688855954,14438103.980029631
692.8571428571429,905.7142857142858,3268.571428571429,21.56626472230122,16572678.646478778
800.0,151.42857142857144,2605.714285714286,21.56686695611549,10243677.922367955
764.2857142857143,717.1428571428572,2771.4285714285716,21.5670060337273,16692977.872477822
800.0,717.1428571428572,2605.714285714286,21.567159534585738,17598223.256675553
692.8571428571429,292.8571428571429,3268.571428571429,21.568049059807432,10368428.357227208
728.5714285714286,622.8571428571429,2937.1428571428573,21.568134304916494,14913950.297056919
692.8571428571429,952.8571428571429,3268.571428571429,21.568961912893354,16961504.23521745
764.2857142857143,198.57142857142858,2771.4285714285716,21.56899074369994,10399291.0783153
657.1428571428571,340.0,3600.0,21.569348005174188,10252760.261256384
764.2857142857143,764.2857142857143,2771.4285714285716,21.570650526548924,17141558.583679616
728.5714285714286,670.0,2937.1428571428573,21.570704790782234,15375197.921521585
728.5714285714286,292.8571428571429,2937.1428571428573,21.57090740187688,11125727.521499738
800.0,764.2857142857143,2605.714285714286,21.571407111671594,18058765.257340614
692.8571428571429,1000.0,3268.571428571429,21.571702329604584,17343065.937576592
728.5714285714286,717.1428571428572,2937.1428571428573,21.573495305943162,15823415.268528003
764.2857142857143,811.4285714285714,2771.4285714285716,21.57433751360787,17579099.44736725
692.8571428571429,198.57142857142858,3434.2857142857147,21.574856303785594,8941742.691090737
800.0,57.142857142857146,3102.857142857143,21.57525642963314,7632124.747419153
800.0,811.4285714285714,2605.714285714286,21.5756407734794,18507847.54003405
728.5714285714286,764.2857142857143,2937.1428571428573,21.576440231687748,16259909.003908716
657.1428571428571,622.8571428571429,3434.2857142857147,21.576499295754296,13274883.44807753
657.1428571428571,575.7142857142858,3434.2857142857147,21.576507339188655,12826106.362096926
657.1428571428571,670.0,3434.2857142857147,21.57705244286892,13710168.76558528
657.1428571428571,528.5714285714286,3434.2857142857147,21.577253560636166,12362063.617232464
657.1428571428571,717.1428571428572,3434.2857142857147,21.57803556315128,14133419.004225878
764.2857142857143,858.5714285714287,2771.4285714285716,21.578038887585365,18006573.752495836
657.1428571428571,481.42857142857144,3434.2857142857147,21.578981135260022,11880559.461017743
657.1428571428571,764.2857142857143,3434.2857142857147,21.57934983279306,14545847.245404724
728.5714285714286,811.4285714285714,2937.1428571428573,21.579490546361168,16685780.990965188
800.0,858.5714285714287,2605.714285714286,21.57984049501603,18946477.623135325
728.5714285714286,245.71428571428572,2937.1428571428573,21.579988285426474,10450393.048461884
657.1428571428571,292.8571428571429,3600.0,21.580633552002737,9663232.945516532
692.8571428571429,245.71428571428572,3268.571428571429,21.580887191710776,9713610.105874514
657.1428571428571,811.4285714285714,3434.2857142857147,21.58091981727399,14948476.039800532
692.8571428571429,528.5714285714286,3102.857142857143,21.581021959012908,13162694.583941055
692.8571428571429,481.42857142857144,3102.857142857143,21.581197184619793,12666497.612623004
692.8571428571429,575.7142857142858,3102.857142857143,21.58162087843361,13640730.024171831
764.2857142857143,905.7142857142858,2771.4285714285716,21.581733807262736,18424818.942678884
657.1428571428571,434.28571428571433,3434.2857142857147,21.58203159263298,11378822.940395735
692.8571428571429,434.28571428571433,3102.857142857143,21.582433558982412,12149263.410979005
728.5714285714286,858.5714285714287,2937.1428571428573,21.582609290542273,17101970.29110491
657.1428571428571,858.5714285714287,3434.2857142857147,21.58268726621674,15342176.538024554
692.8571428571429,622.8571428571429,3102.857142857143,21.58279094145392,14102883.118575655
800.0,905.7142857142858,2605.714285714286,21.583992017602196,19375522.56090223
692.8571428571429,670.0,3102.857142857143,21.58438545133897,14550995.48079991
657.1428571428571,905.7142857142858,3434.2857142857147,21.584606748484077,15727697.897296147
692.8571428571429,387.14285714285717,3102.857142857143,21.585147516882103,11607278.576325638
764.2857142857143,952.8571428571429,2771.4285714285716,21.585406807773776,18834561.58614807
692.8571428571429,151.42857142857144,3600.0,21.5857423666019,8087012.680180991
728.5714285714286,905.7142857142858,2937.1428571428573,21.585768399387277,17509284.73939156
800.0,340.0,2440.0,21.58590908222887,13395678.602918897
800.0,292.8571428571429,2440.0,21.586221530103394,12731000.773930047
692.8571428571429,717.1428571428572,3102.857142857143,21.58629648542971,14986579.658305187
657.1428571428571,952.8571428571429,3434.2857142857147,21.58664252562793,16105689.75674461
657.1428571428571,387.14285714285717,3434.2857142857147,21.58689742683946,10853275.170092395
800.0,387.14285714285717,2440.0,21.587206722516108,14019850.70090918
800.0,952.8571428571429,2605.714285714286,21.588085294694835,19795734.742362034
728.5714285714286,104.28571428571429,3434.2857142857147,21.588410279684826,7717086.151209528
692.8571428571429,764.2857142857143,3102.857142857143,21.588443443622683,15410895.440329496
657.1428571428571,1000.0,3434.2857142857147,21.588766276022014,16476719.674465816
764.2857142857143,57.142857142857146,3600.0,21.58884974296787,6917646.334301118
728.5714285714286,952.8571428571429,2937.1428571428573,21.588946450273173,17908425.086074274
764.2857142857143,1000.0,2771.4285714285716,21.589046442823157,19236436.758489043
800.0,245.71428571428572,2440.0,21.589109973633033,12015028.165999027
764.2857142857143,387.14285714285717,2605.714285714286,21.589348832769428,13198678.863535615
800.0,434.28571428571433,2440.0,21.589538969515797,14611013.308266118
764.2857142857143,340.0,2605.714285714286,21.589837123932273,12592059.525551997
764.2857142857143,151.42857142857144,2771.4285714285716,21.589887260913855,9545087.575660296
692.8571428571429,340.0,3102.857142857143,21.589962868570414,11035610.05576003
764.2857142857143,434.28571428571433,2605.714285714286,21.590204219819018,13773398.711278448
728.5714285714286,151.42857142857144,3102.857142857143,21.59058813320841,8812243.653111111
692.8571428571429,811.4285714285714,3102.857142857143,21.59076536307443,15825004.901902221
764.2857142857143,481.42857142857144,2605.714285714286,21.591966742416304,14321499.518435452
800.0,1000.0,2605.714285714286,21.592113382916416,20207771.921051208
728.5714285714286,1000.0,2937.1428571428573,21.59212703587671,18300003.732554704
764.2857142857143,292.8571428571429,2605.714285714286,21.59235961681527,11946277.070182763
800.0,481.42857142857144,2440.0,21.592545603282126,15174618.286249297
692.8571428571429,858.5714285714287,3102.857142857143,21.593215638493156,16229812.989825575
657.1428571428571,340.0,3434.2857142857147,21.594312108320345,10299160.698933154
764.2857142857143,528.5714285714286,2605.714285714286,21.59434953854999,14846958.523694439
728.5714285714286,198.57142857142858,2937.1428571428573,21.59547984773487,9711621.42255605
692.8571428571429,905.7142857142858,3102.857142857143,21.595758320206468,16626098.026861278
764.2857142857143,104.28571428571429,2937.1428571428573,21.595773297825396,8462641.062406892
800.0,528.5714285714286,2440.0,21.59599254144122,15714773.510428706
800.0,198.57142857142858,2440.0,21.59630807653693,11231249.680545982
764.2857142857143,575.7142857142858,2605.714285714286,21.597158292676447,15352857.363273198
657.1428571428571,245.71428571428572,3600.0,21.597567760452996,9029193.851599107
692.8571428571429,292.8571428571429,3102.857142857143,21.597852150884417,10427467.591769388
764.2857142857143,245.71428571428572,2605.714285714286,21.598065018736218,11250872.119132297
692.8571428571429,952.8571428571429,3102.857142857143,21.59836547139563,17014535.02858066
800.0,104.28571428571429,2605.714285714286,21.5986912246419,9215499.833648343
728.5714285714286,434.28571428571433,2771.4285714285716,21.59894942262599,12974600.055228041
728.5714285714286,481.42857142857144,2771.4285714285716,21.5992922153667,13507060.443209216
800.0,575.7142857142858,2440.0,21.599723212802726,16234662.89397334
728.5714285714286,387.14285714285717,2771.4285714285716,21.59976907707803,12416459.397887096
764.2857142857143,622.8571428571429,2605.714285714286,21.600258159361868,15841639.607966596
728.5714285714286,528.5714285714286,2771.4285714285716,21.60045339562946,14017686.841169545
692.8571428571429,1000.0,3102.857142857143,21.60101525111754,17395713.795301132
692.8571428571429,198.57142857142858,3268.571428571429,21.601379893273837,8997595.446197925
728.5714285714286,575.7142857142858,2771.4285714285716,21.602197651796967,14509458.337441977
728.5714285714286,340.0,2771.4285714285716,21.60227024424739,11827529.808800062
764.2857142857143,670.0,2605.714285714286,21.603553736145685,16315280.563182477
800.0,622.8571428571429,2440.0,21.603630523771407,16736811.86436038
800.0,57.142857142857146,2937.1428571428573,21.603660793759207,7717647.476273058
657.1428571428571,622.8571428571429,3268.571428571429,21.603757907632232,13322120.50200708
657.1428571428571,575.7142857142858,3268.571428571429,21.603808722310784,12873709.514900628
657.1428571428571,670.0,3268.571428571429,21.604257765973227,13757044.48170781
728.5714285714286,622.8571428571429,2771.4285714285716,21.60435992798741,14984736.420660743
657.1428571428571,528.5714285714286,3268.571428571429,21.60458355997794,12410036.950593188
657.1428571428571,717.1428571428572,3268.571428571429,21.605179773619632,14179938.475698154
621.4285714285714,717.1428571428572,3600.0,21.605235881040887,13362126.429120904
621.4285714285714,670.0,3600.0,21.605366735484985,12951652.894256385
657.1428571428571,292.8571428571429,3434.2857142857147,21.60541285263685,9709932.027310394
621.4285714285714,764.2857142857143,3600.0,21.605533930867416,13762227.193848278
621.4285714285714,622.8571428571429,3600.0,21.606042723191976,12529639.98980209
621.4285714285714,811.4285714285714,3600.0,21.60617152761866,14152938.273057148
657.1428571428571,481.42857142857144,3268.571428571429,21.606320599894197,11928905.830505664
657.1428571428571,764.2857142857143,3268.571428571429,21.606427130000412,14592015.674895534
728.5714285714286,670.0,2771.4285714285716,21.606822032748006,15445429.48134973
764.2857142857143,717.1428571428572,2605.714285714286,21.606976478647837,16775403.23901689
621.4285714285714,858.5714285714287,3600.0,21.607079134565595,14535096.970814483
728.5714285714286,292.8571428571429,2771.4285714285716,21.607267542861,11200780.690510886
621.4285714285714,575.7142857142858,3600.0,21.60741715046346,12094686.400254888
800.0,670.0,2440.0,21.607639959199503,17223262.45497872
657.1428571428571,811.4285714285714,3268.571428571429,21.60792593847645,14994298.596642548
621.4285714285714,905.7142857142858,3600.0,21.608202062541537,14909423.158842275
764.2857142857143,198.57142857142858,2605.714285714286,21.60899843571353,10489828.827968316
692.8571428571429,151.42857142857144,3434.2857142857147,21.60930134083098,8139356.42767725
657.1428571428571,434.28571428571433,3268.571428571429,21.60935436913782,11427543.1010292
764.2857142857143,57.142857142857146,3434.2857142857147,21.60942492911813,6979926.386371775
621.4285714285714,952.8571428571429,3600.0,21.60949689798623,15276540.936414532
728.5714285714286,717.1428571428572,2771.4285714285716,21.609497883975113,15893105.126416408
657.1428571428571,858.5714285714287,3268.571428571429,21.60961912934765,15387658.267240303
621.4285714285714,528.5714285714286,3600.0,21.609695524697873,11645085.076007523
692.8571428571429,245.71428571428572,3102.857142857143,21.610411541783627,9773065.98250552
764.2857142857143,764.2857142857143,2605.714285714286,21.610476541248477,17223359.941492505
621.4285714285714,1000.0,3600.0,21.610928895427875,15636995.4301724
800.0,151.42857142857144,2440.0,21.611239802358714,10352095.142066754
657.1428571428571,905.7142857142858,3268.571428571429,21.611462185460226,15772843.662837723
800.0,717.1428571428572,2440.0,21.61169901265257,17695692.92439519
728.5714285714286,764.2857142857143,2771.4285714285716,21.61232390404918,16329069.174889656
621.4285714285714,481.42857142857144,3600.0,21.613158583473147,11178722.19170795
728.5714285714286,104.28571428571429,3268.571428571429,21.61321731308505,7778791.974624522
657.1428571428571,952.8571428571429,3268.571428571429,21.61342008070368,16150504.207522942
692.8571428571429,528.5714285714286,2937.1428571428573,21.61388236238805,13223430.856714107
764.2857142857143,811.4285714285714,2605.714285714286,21.614017344182155,17660291.149913035
692.8571428571429,481.42857142857144,2937.1428571428573,21.614101751295536,12727729.670028022
657.1428571428571,387.14285714285717,3268.571428571429,21.614167301909546,10902366.34502789
692.8571428571429,575.7142857142858,2937.1428571428573,21.614418296800594,13700979.875721639
728.5714285714286,811.4285714285714,2771.4285714285716,21.61525259718282,16754422.646729961
692.8571428571429,434.28571428571433,2937.1428571428573,21.61535607012532,12210999.5999729
657.1428571428571,1000.0,3268.571428571429,21.615465051620106,16521207.225652337
692.8571428571429,622.8571428571429,2937.1428571428573,21.615511791321687,14162656.254595153
800.0,764.2857142857143,2440.0,21.615770367651702,18155501.937576108
728.5714285714286,245.71428571428572,2771.4285714285716,21.616106373228266,10526082.739136131
692.8571428571429,670.0,2937.1428571428573,21.61701993286273,14610301.5564879
764.2857142857143,858.5714285714287,2605.714285714286,21.617571871976192,18087168.944502063
692.8571428571429,387.14285714285717,2937.1428571428573,21.618051051512317,11669525.06129731
621.4285714285714,434.28571428571433,3600.0,21.61819848984818,10692929.043487063
728.5714285714286,858.5714285714287,2771.4285714285716,21.618248153775692,17170103.786898352
692.8571428571429,717.1428571428572,2937.1428571428573,21.618837576679645,15045428.05131491
800.0,811.4285714285714,2440.0,21.619827381481077,18603869.327174038
692.8571428571429,764.2857142857143,2937.1428571428573,21.620886189759013,15469295.123457218
764.2857142857143,905.7142857142858,2605.714285714286,21.621120100625706,18504829.65697117
728.5714285714286,905.7142857142858,2771.4285714285716,21.621283380509112,17576919.65330271
657.1428571428571,340.0,3268.571428571429,21.621477971927327,10348614.161665672
657.1428571428571,245.71428571428572,3434.2857142857147,21.622056247617785,9076150.954576205
728.5714285714286,151.42857142857144,2937.1428571428573,21.622152340749725,8883515.715757445
692.8571428571429,340.0,2937.1428571428573,21.62279455020702,11098368.758816041
692.8571428571429,811.4285714285714,2937.1428571428573,21.62310636442126,15882964.376688302
657.1428571428571,198.57142857142858,3600.0,21.623457044747227,8336207.196972749
800.0,858.5714285714287,2440.0,21.62385102569393,19041800.920938727
728.5714285714286,952.8571428571429,2771.4285714285716,21.62433751783816,17975570.264146507
764.2857142857143,952.8571428571429,2605.714285714286,21.624647177765603,18913998.83559465
621.4285714285714,387.14285714285717,3600.0,21.625377892967744,10184257.151397118
692.8571428571429,858.5714285714287,2937.1428571428573,21.625452675824828,16287340.257639427
728.5714285714286,1000.0,2771.4285714285716,21.627394663747655,18366667.33580298
800.0,905.7142857142858,2440.0,21.62782777254538,19470162.251799215
692.8571428571429,905.7142857142858,2937.1428571428573,21.627890076575785,16683200.583044173
764.2857142857143,1000.0,2605.714285714286,21.62814211547483,19315310.621538196
764.2857142857143,151.42857142857144,2605.714285714286,21.62916863238196,9636385.249171467
764.2857142857143,104.28571428571429,2771.4285714285716,21.629769805184136,8547469.887745509
621.4285714285714,717.1428571428572,3434.2857142857147,21.630001405548903,13401304.174273744
621.4285714285714,670.0,3434.2857142857147,21.63018228856646,12991130.82505025
621.4285714285714,764.2857142857143,3434.2857142857147,21.630243458811403,13801108.17004279
692.8571428571429,952.8571428571429,2937.1428571428573,21.63039132307593,17071219.870622214
692.8571428571429,198.57142857142858,3102.857142857143,21.630446804452877,9057408.288298298
692.8571428571429,292.8571428571429,2937.1428571428573,21.630534398984693,10490732.427189108
621.4285714285714,811.4285714285714,3434.2857142857147,21.63082060744222,14191526.057779485
621.4285714285714,622.8571428571429,3434.2857142857147,21.63090034614683,12569421.187385337
728.5714285714286,198.57142857142858,2771.4285714285716,21.631166020030957,9787915.590978837
621.4285714285714,858.5714285714287,3434.2857142857147,21.631664481798282,14573395.185244873
800.0,952.8571428571429,2440.0,21.63174810983156,19889704.338125706
764.2857142857143,57.142857142857146,3268.571428571429,21.63213458254798,7046927.296803041
621.4285714285714,575.7142857142858,3434.2857142857147,21.63230623925943,12134773.348356673
657.1428571428571,292.8571428571429,3268.571428571429,21.63240068175618,9759728.84247445
621.4285714285714,905.7142857142858,3434.2857142857147,21.6327212987203,14947435.389463592
692.8571428571429,1000.0,2937.1428571428573,21.632935108787798,17451987.439338274
657.1428571428571,622.8571428571429,3102.857142857143,21.63341007695395,13372478.217024814
657.1428571428571,575.7142857142858,3102.857142857143,21.633519388542293,12924466.073752206
657.1428571428571,670.0,3102.857142857143,21.633841169571674,13807009.725397889
621.4285714285714,952.8571428571429,3434.2857142857147,21.63394835304466,15314270.682980623
657.1428571428571,528.5714285714286,3102.857142857143,21.6343386998201,12461198.273848033
764.2857142857143,387.14285714285717,2440.0,21.634422773854617,13293118.065714464
621.4285714285714,528.5714285714286,3434.2857142857147,21.63460190902302,11685479.264615806
657.1428571428571,717.1428571428572,3102.857142857143,21.634686908911554,14229517.759508535
764.2857142857143,340.0,2440.0,21.634944800842955,12687368.913195373
692.8571428571429,151.42857142857144,3268.571428571429,21.63508313360603,8195364.441444726
764.2857142857143,434.28571428571433,2440.0,21.635194138765254,13866999.91281044
621.4285714285714,1000.0,3434.2857142857147,21.635311456432984,15674446.07180852
800.0,57.142857142857146,2771.4285714285716,21.635410350818773,7810365.906695577
621.4285714285714,340.0,3600.0,21.635530738482366,9648121.837211177
800.0,1000.0,2440.0,21.63560548165117,20301083.696436465
657.1428571428571,764.2857142857143,3102.857142857143,21.63585256095769,14641215.454676904
657.1428571428571,481.42857142857144,3102.857142857143,21.636101008555823,11980476.882227516
800.0,340.0,2274.285714285714,21.636653819412416,13508987.265965678
764.2857142857143,481.42857142857144,2440.0,21.63683903838527,14414293.519442525
800.0,292.8571428571429,2274.285714285714,21.63698925967241,12845419.680745877
657.1428571428571,811.4285714285714,3102.857142857143,21.63726579079561,15043125.152860532
764.2857142857143,292.8571428571429,2440.0,21.637424491843486,12042488.489083953
800.0,387.14285714285717,2274.285714285714,21.637856094507452,14132102.705620736
621.4285714285714,481.42857142857144,3434.2857142857147,21.63806320206076,11219423.508405946
657.1428571428571,858.5714285714287,3102.857142857143,21.63887072018883,15436117.633093268
764.2857142857143,528.5714285714286,2440.0,21.63908161378337,14938974.049781488
657.1428571428571,434.28571428571433,3102.857142857143,21.639133545522093,11479527.066251729
728.5714285714286,434.28571428571433,2605.714285714286,21.639188063233046,13053375.404986009
728.5714285714286,481.42857142857144,2605.714285714286,21.639455256893378,13585164.820355562
800.0,245.71428571428572,2274.285714285714,21.639785215686203,12130613.459777368
800.0,434.28571428571433,2274.285714285714,21.6400465130772,14722257.822950915
728.5714285714286,387.14285714285717,2605.714285714286,21.640047521578452,12495925.335438503
728.5714285714286,528.5714285714286,2605.714285714286,21.64051617229579,14095139.785295758
728.5714285714286,104.28571428571429,3102.857142857143,21.640549020272392,7845106.0147416135
657.1428571428571,905.7142857142858,3102.857142857143,21.640623747982676,15820941.583408862
764.2857142857143,575.7142857142858,2440.0,21.64173501637044,15444120.854961729
800.0,104.28571428571429,2440.0,21.641744580292524,9324871.907316692
728.5714285714286,575.7142857142858,2605.714285714286,21.642143104580274,14586278.638830775
657.1428571428571,952.8571428571429,3102.857142857143,21.642490556552453,16198246.119159231
728.5714285714286,340.0,2605.714285714286,21.642535929036477,11907704.661732707
692.8571428571429,245.71428571428572,2937.1428571428573,21.64282661167519,9836815.615729539
800.0,481.42857142857144,2274.285714285714,21.642881186628752,15284899.687931463
764.2857142857143,245.71428571428572,2440.0,21.64296721270231,11348013.031431025
621.4285714285714,434.28571428571433,3434.2857142857147,21.643075434768054,10733934.819681834
657.1428571428571,387.14285714285717,3102.857142857143,21.643908215718035,10954763.262077356
728.5714285714286,622.8571428571429,2605.714285714286,21.644176319975724,15060941.804509616
657.1428571428571,1000.0,3102.857142857143,21.64444393287762,16568598.248537082
764.2857142857143,622.8571428571429,2440.0,21.644669583495745,15932175.234509964
800.0,528.5714285714286,2274.285714285714,21.646136703647787,15824131.575852511
728.5714285714286,670.0,2605.714285714286,21.64650142111322,15521036.482307559
800.0,198.57142857142858,2274.285714285714,21.6466988341377,11348054.233984284
728.5714285714286,292.8571428571429,2605.714285714286,21.647441678358053,11281678.754055647
657.1428571428571,198.57142857142858,3434.2857142857147,21.647488801326844,8383347.292107149
692.8571428571429,104.28571428571429,3600.0,21.647620241413595,7151018.736002085
764.2857142857143,670.0,2440.0,21.64779357426919,16405110.338340878
657.1428571428571,245.71428571428572,3268.571428571429,21.648755010952122,9126254.042755304
728.5714285714286,717.1428571428572,2605.714285714286,21.649035071449585,15968129.06511282
800.0,575.7142857142858,2274.285714285714,21.64966366000634,16343133.189440388
692.8571428571429,528.5714285714286,2771.4285714285716,21.64989868696901,13288572.301775414
621.4285714285714,292.8571428571429,3600.0,21.649944123205486,9078206.76544877
692.8571428571429,481.42857142857144,2771.4285714285716,21.65018716830717,12793412.940621277
621.4285714285714,387.14285714285717,3434.2857142857147,21.650191431213692,10225560.627884204
692.8571428571429,575.7142857142858,2771.4285714285716,21.650347218168864,13765591.98256497
764.2857142857143,717.1428571428572,2440.0,21.65104106677293,16864547.178385533
657.1428571428571,340.0,3102.857142857143,21.651127932019005,10401418.58086883
692.8571428571429,622.8571428571429,2771.4285714285716,21.65134036964369,14226751.3993864
692.8571428571429,434.28571428571433,2771.4285714285716,21.651484635012824,12277236.72755594
728.5714285714286,764.2857142857143,2605.714285714286,21.651715703711282,16403524.188476315
692.8571428571429,670.0,2771.4285714285716,21.652739081219238,14673891.693337282
800.0,622.8571428571429,2274.285714285714,21.65335987862558,16844426.183409628
764.2857142857143,198.57142857142858,2440.0,21.653541692233517,10587912.677207116
692.8571428571429,387.14285714285717,2771.4285714285716,21.654185706990802,11736326.598107968
764.2857142857143,764.2857142857143,2440.0,21.654364112794475,17311836.231310323
692.8571428571429,717.1428571428572,2771.4285714285716,21.654441016032365,15108524.548772847
728.5714285714286,811.4285714285714,2605.714285714286,21.65449730736438,16828321.746809132
728.5714285714286,245.71428571428572,2605.714285714286,21.656067109612405,10607708.598271959
692.8571428571429,764.2857142857143,2771.4285714285716,21.656369713647656,15531908.68723643
621.4285714285714,717.1428571428572,3268.571428571429,21.656836560835274,13442931.784686793
621.4285714285714,764.2857142857143,3268.571428571429,21.657010467374487,13842415.287477478
621.4285714285714,670.0,3268.571428571429,21.657079843782988,13033083.316466527
728.5714285714286,151.42857142857144,2771.4285714285716,21.65708061787279,8960325.068675688
800.0,670.0,2274.285714285714,21.657154271070304,17330049.242187772
764.2857142857143,57.142857142857146,3102.857142857143,21.657293184682157,7119167.067172722
728.5714285714286,858.5714285714287,2605.714285714286,21.65734517709087,17243458.929888558
621.4285714285714,811.4285714285714,3268.571428571429,21.657515275232978,14232517.127735758
764.2857142857143,811.4285714285714,2440.0,21.65772751487654,17748116.31259491
621.4285714285714,622.8571428571429,3268.571428571429,21.65785250632272,12611702.730607314
621.4285714285714,858.5714285714287,3268.571428571429,21.65828380365049,14614074.60633753
692.8571428571429,811.4285714285714,2771.4285714285716,21.658467311850664,15945105.023167435
692.8571428571429,340.0,2771.4285714285716,21.658881572605654,11165741.911991926
621.4285714285714,905.7142857142858,3268.571428571429,21.659263187244903,14987807.445894625
585.7142857142858,858.5714285714287,3600.0,21.65926752484578,13785188.737759601
621.4285714285714,575.7142857142858,3268.571428571429,21.65930247544175,12177387.65267451
585.7142857142858,811.4285714285714,3600.0,21.65936918900443,13414831.179618219
585.7142857142858,905.7142857142858,3600.0,21.6594476547287,14148059.10834239
585.7142857142858,764.2857142857143,3600.0,21.659816396147217,13036295.519335365
585.7142857142858,952.8571428571429,3600.0,21.659858601394117,14504041.081641505
621.4285714285714,340.0,3434.2857142857147,21.660230602199576,9689709.610310243
728.5714285714286,905.7142857142858,2605.714285714286,21.660232943686864,17649741.814835805
621.4285714285714,952.8571428571429,3268.571428571429,21.66041143406659,15354339.501790201
585.7142857142858,1000.0,3600.0,21.660459244720172,14853657.512214374
692.8571428571429,858.5714285714287,2771.4285714285716,21.66068954728494,16349017.317141565
585.7142857142858,717.1428571428572,3600.0,21.660689649452625,12648777.836989138
800.0,717.1428571428572,2274.285714285714,21.660996746561665,17801677.662069246
800.0,151.42857142857144,2274.285714285714,21.661005098008413,10470151.215269616
764.2857142857143,858.5714285714287,2440.0,21.661105268285535,18174357.994031265
621.4285714285714,528.5714285714286,3268.571428571429,21.66162799070379,11728429.202043436
621.4285714285714,1000.0,3268.571428571429,21.66169491291022,15714215.596934393
657.1428571428571,292.8571428571429,3102.857142857143,21.661882801913563,9812925.65385002
585.7142857142858,670.0,3600.0,21.662091737648073,12251333.865522819
692.8571428571429,198.57142857142858,2937.1428571428573,21.662407239355314,9121591.16627013
692.8571428571429,905.7142857142858,2771.4285714285716,21.663002250421695,16744422.720227148
728.5714285714286,952.8571428571429,2605.714285714286,21.663140463278467,18047869.512830034
692.8571428571429,151.42857142857144,3102.857142857143,21.66338984136274,8255408.145970931
585.7142857142858,622.8571428571429,3600.0,21.664155559240424,11842842.577444464
764.2857142857143,905.7142857142858,2440.0,21.66447808822575,18591396.24139201
657.1428571428571,151.42857142857144,3600.0,21.66466560167393,7560127.401035954
800.0,764.2857142857143,2274.285714285714,21.664851703762338,18260707.488924637
621.4285714285714,481.42857142857144,3268.571428571429,21.665099801476288,11262710.528728344
692.8571428571429,952.8571428571429,2771.4285714285716,21.665378843502825,17131995.114259206
657.1428571428571,622.8571428571429,2937.1428571428573,21.665761596347327,13426283.564090693
657.1428571428571,575.7142857142858,2937.1428571428573,21.665948424670347,12978704.269917507
728.5714285714286,1000.0,2605.714285714286,21.666052292887304,18438452.903846126
657.1428571428571,670.0,2937.1428571428573,21.666105322493404,13860390.39802342
692.8571428571429,292.8571428571429,2771.4285714285716,21.666494109048713,10558677.561745182
657.1428571428571,528.5714285714286,2937.1428571428573,21.666831542804132,12515877.312124696
657.1428571428571,717.1428571428572,2937.1428571428573,21.666856672760254,14282481.84406313
585.7142857142858,575.7142857142858,3600.0,21.667055421645088,11421956.74859541
764.2857142857143,104.28571428571429,2605.714285714286,21.66768743650083,8639348.478679743
692.8571428571429,1000.0,2771.4285714285716,21.66779852566567,17512323.21675377
764.2857142857143,952.8571428571429,2440.0,21.667831660927867,18999955.365965363
657.1428571428571,764.2857142857143,2937.1428571428573,21.66792301165368,14693770.789327426
657.1428571428571,481.42857142857144,2937.1428571428573,21.668638591223374,12035604.123454362
800.0,811.4285714285714,2274.285714285714,21.66869372126783,18708316.236801352
657.1428571428571,811.4285714285714,2937.1428571428573,21.669233579090747,15095279.235886611
692.8571428571429,104.28571428571429,3434.2857142857147,21.66995377143537,7203155.09390928
621.4285714285714,434.28571428571433,3268.571428571429,21.67009606044553,10777558.023240838
621.4285714285714,245.71428571428572,3600.0,21.6707100245969,8465400.310603155
728.5714285714286,198.57142857142858,2605.714285714286,21.670716028233187,9870251.682110697
657.1428571428571,858.5714285714287,2937.1428571428573,21.670733689095623,15487877.574016945
728.5714285714286,104.28571428571429,2937.1428571428573,21.67077129216235,7916525.028196542
585.7142857142858,528.5714285714286,3600.0,21.67102374842089,10987034.346812742
800.0,57.142857142857146,2605.714285714286,21.671051269871,7911150.111907425
764.2857142857143,1000.0,2440.0,21.671155387478027,19400668.387767684
657.1428571428571,434.28571428571433,2937.1428571428573,21.67168921648112,11535108.48499347
657.1428571428571,905.7142857142858,2937.1428571428573,21.67238064932303,15872314.081148094
800.0,858.5714285714287,2274.285714285714,21.672504638741017,19145507.676339205
764.2857142857143,151.42857142857144,2440.0,21.673009037423626,9735386.776591673
657.1428571428571,198.57142857142858,3268.571428571429,21.673723663982837,8433685.472840877
657.1428571428571,952.8571428571429,2937.1428571428573,21.67414083834608,16249237.457220528
621.4285714285714,292.8571428571429,3434.2857142857147,21.674457707478428,9120054.345951315
657.1428571428571,1000.0,2937.1428571428573,21.67598757814278,16619214.300845698
800.0,905.7142857142858,2274.285714285714,21.676271540872154,19573145.510423977
585.7142857142858,481.42857142857144,3600.0,21.676376464444353,10536040.850255297
657.1428571428571,387.14285714285717,2937.1428571428573,21.67644432254309,11010802.16616521
621.4285714285714,387.14285714285717,3268.571428571429,21.67715927180047,10269515.258939328
657.1428571428571,245.71428571428572,3102.857142857143,21.67795314970505,9179810.622824233
728.5714285714286,57.142857142857146,3600.0,21.678054935678276,6435620.696111141
692.8571428571429,245.71428571428572,2771.4285714285716,21.678536884842853,9905319.392492268
800.0,952.8571428571429,2274.285714285714,21.679985340985212,19991979.12457826
585.7142857142858,434.28571428571433,3600.0,21.683552808991916,10066405.966607763
585.7142857142858,858.5714285714287,3434.2857142857147,21.683555075802325,13819174.985575054
657.1428571428571,340.0,2937.1428571428573,21.68359037746657,10457913.381464528
800.0,1000.0,2274.285714285714,21.683639770995185,20402663.57397988
585.7142857142858,905.7142857142858,3434.2857142857147,21.683668266642066,14181784.192682507
728.5714285714286,434.28571428571433,2440.0,21.683675743551248,13138494.793457095
585.7142857142858,811.4285714285714,3434.2857142857147,21.683721366099903,13449081.663651519
728.5714285714286,481.42857142857144,2440.0,21.68382669287688,13669556.25804749
585.7142857142858,952.8571428571429,3434.2857142857147,21.68401067219235,14537508.038296094
585.7142857142858,764.2857142857143,3434.2857142857147,21.684229974846836,13070813.28992005
764.2857142857143,387.14285714285717,2274.285714285714,21.6845128411688,13395667.740643354
585.7142857142858,1000.0,3434.2857142857147,21.684541729770416,14886869.300047912
728.5714285714286,387.14285714285717,2440.0,21.684616823316603,12581798.628534421
728.5714285714286,528.5714285714286,2440.0,21.684748119709695,14178828.00025743
764.2857142857143,340.0,2274.285714285714,21.68512541259779,12790868.36933388
764.2857142857143,434.28571428571433,2274.285714285714,21.68514544188983,13968641.866551945
585.7142857142858,717.1428571428572,3434.2857142857147,21.685160227761585,12683565.834708367
764.2857142857143,57.142857142857146,2937.1428571428573,21.685273515093964,7197236.020713318
621.4285714285714,717.1428571428572,3102.857142857143,21.685994848051507,13487250.936024336
621.4285714285714,764.2857142857143,3102.857142857143,21.68608620644665,13886389.322537342
728.5714285714286,575.7142857142858,2440.0,21.686220025416667,14669286.72009351
621.4285714285714,670.0,3102.857142857143,21.686315261589733,13077753.051021995
621.4285714285714,811.4285714285714,3102.857142857143,21.68650463120216,14276151.45023509
585.7142857142858,670.0,3434.2857142857147,21.68661337967343,12286394.793028217
764.2857142857143,481.42857142857144,2274.285714285714,21.686620329516675,14515066.392512897
621.4285714285714,340.0,3268.571428571429,21.68709352083505,9733984.52731033
728.5714285714286,340.0,2440.0,21.6871349374411,11994358.047821553
621.4285714285714,622.8571428571429,3102.857142857143,21.68715753779942,12656728.43752542
621.4285714285714,858.5714285714287,3102.857142857143,21.687184145885546,14657374.46809195
764.2857142857143,292.8571428571429,2274.285714285714,21.687620449554384,12146982.271065302
657.1428571428571,151.42857142857144,3434.2857142857147,21.68796202043941,7607305.771354099
621.4285714285714,905.7142857142858,3102.857142857143,21.688072808573114,15030777.892481167
728.5714285714286,622.8571428571429,2440.0,21.688088014684695,15143291.074229777
621.4285714285714,575.7142857142858,3102.857142857143,21.68866678662192,12222774.421463147
764.2857142857143,528.5714285714286,2274.285714285714,21.688672714402998,15038912.894652467
585.7142857142858,622.8571428571429,3434.2857142857147,21.688720310276388,11878178.710823104
621.4285714285714,952.8571428571429,3102.857142857143,21.68912933960006,15396985.340948626
692.8571428571429,528.5714285714286,2605.714285714286,21.68950439071612,13358643.267756244
692.8571428571429,575.7142857142858,2605.714285714286,21.68983568708622,13835091.262005014
692.8571428571429,481.42857142857144,2605.714285714286,21.68989267209241,12864071.52677105
800.0,104.28571428571429,2274.285714285714,21.690208759992657,9444134.56415125
728.5714285714286,670.0,2440.0,21.690241454554027,15602746.509261943
621.4285714285714,1000.0,3102.857142857143,21.690320659521774,15756541.382100511
692.8571428571429,622.8571428571429,2605.714285714286,21.690699639515397,14295694.286055185
621.4285714285714,528.5714285714286,3102.857142857143,21.691037414782002,11774181.473764928
764.2857142857143,575.7142857142858,2274.285714285714,21.691123170150785,15543257.283958338
692.8571428571429,434.28571428571433,2605.714285714286,21.691264668277412,12348499.07265898
585.7142857142858,575.7142857142858,3434.2857142857147,21.69165263743045,11457569.657728754
692.8571428571429,670.0,2605.714285714286,21.691961079558464,14742292.629812382
728.5714285714286,292.8571428571429,2440.0,21.69199121163173,11369136.461566286
728.5714285714286,717.1428571428572,2440.0,21.692599699552932,16049217.746173035
764.2857142857143,245.71428571428572,2274.285714285714,21.693058335269622,11453545.379022859
585.7142857142858,387.14285714285717,3600.0,21.693180160358622,9574805.886449851
800.0,340.0,2108.5714285714284,21.69335564506959,13632718.478034183
692.8571428571429,717.1428571428572,2605.714285714286,21.693520480701242,15176397.039268237
800.0,292.8571428571429,2108.5714285714284,21.693792939828473,12970359.354070334
764.2857142857143,622.8571428571429,2274.285714285714,21.693847117662965,16030537.688240947
692.8571428571429,387.14285714285717,2605.714285714286,21.694003509224594,11808208.202272085
657.1428571428571,292.8571428571429,2937.1428571428573,21.69419195602042,9869865.833695041
800.0,387.14285714285717,2108.5714285714284,21.694387405398892,14254694.611554574
692.8571428571429,104.28571428571429,3268.571428571429,21.694456167143063,7259025.383060314
621.4285714285714,481.42857142857144,3102.857142857143,21.69453486889554,11308831.54335289
692.8571428571429,151.42857142857144,2937.1428571428573,21.69457549440545,8319908.094010302
621.4285714285714,245.71428571428572,3434.2857142857147,21.694928675239296,8507463.944402443
728.5714285714286,764.2857142857143,2440.0,21.69510312579624,16484007.859863367
692.8571428571429,764.2857142857143,2605.714285714286,21.69530343597305,15599265.279791974
585.7142857142858,528.5714285714286,3434.2857142857147,21.695639149434413,11022924.475924956
728.5714285714286,151.42857142857144,2605.714285714286,21.69587742091379,9043301.689548517
800.0,434.28571428571433,2108.5714285714284,21.696364828660215,14843771.479132937
800.0,245.71428571428572,2108.5714285714284,21.696577981537004,12256838.728074145
764.2857142857143,670.0,2274.285714285714,21.69675635395709,16502724.387261787
692.8571428571429,811.4285714285714,2605.714285714286,21.697253597008288,16011957.330146592
692.8571428571429,198.57142857142858,2771.4285714285716,21.69767184001492,9190612.111757064
728.5714285714286,811.4285714285714,2440.0,21.69770713583192,16908215.30509274
728.5714285714286,57.142857142857146,3434.2857142857147,21.69834005450899,6492252.663279275
692.8571428571429,340.0,2605.714285714286,21.698683031443476,11238256.020391429
800.0,481.42857142857144,2108.5714285714284,21.698960306335987,15405388.748716203
692.8571428571429,858.5714285714287,2605.714285714286,21.699327823470025,16415376.056121374
621.4285714285714,434.28571428571433,3102.857142857143,21.699529815663336,10824048.930801325
764.2857142857143,717.1428571428572,2274.285714285714,21.699787447663383,16961435.818815924
728.5714285714286,858.5714285714287,2440.0,21.70037805549927,17322775.952331524
728.5714285714286,245.71428571428572,2440.0,21.70044285823055,10695988.068999896
585.7142857142858,481.42857142857144,3434.2857142857147,21.70099077252455,10572206.878422039
621.4285714285714,292.8571428571429,3268.571428571429,21.701139924074155,9164627.5876188
657.1428571428571,622.8571428571429,2771.4285714285716,21.701167703761477,13483921.172026332
657.1428571428571,670.0,2771.4285714285716,21.70140168357159,13917571.128721306
657.1428571428571,575.7142857142858,2771.4285714285716,21.701455066269148,13036808.908979323
621.4285714285714,198.57142857142858,3600.0,21.70147040153417,7795720.9708535895
692.8571428571429,905.7142857142858,2605.714285714286,21.70149278192532,16810297.764834814
800.0,528.5714285714286,2108.5714285714284,21.7019609071988,15943643.18026306
657.1428571428571,717.1428571428572,2771.4285714285716,21.70203694647663,14339215.499533808
657.1428571428571,528.5714285714286,2771.4285714285716,21.70242555811828,12574459.271070143
657.1428571428571,198.57142857142858,3102.857142857143,21.702453685165455,8487535.745591182
764.2857142857143,764.2857142857143,2274.285714285714,21.702894216507588,17408020.159814477
657.1428571428571,764.2857142857143,2771.4285714285716,21.702982971607153,14750066.701765426
728.5714285714286,905.7142857142858,2440.0,21.70309026809817,17728494.673890404
800.0,198.57142857142858,2108.5714285714284,21.703288675284632,11475647.412900498
764.2857142857143,198.57142857142858,2274.285714285714,21.703327763291664,10694520.023129966
692.8571428571429,952.8571428571429,2605.714285714286,21.703722517607613,17197395.548852377
657.1428571428571,811.4285714285714,2771.4285714285716,21.704170572193966,15151146.209660664
657.1428571428571,481.42857142857144,2771.4285714285716,21.704301303666185,12094673.442963675
728.5714285714286,104.28571428571429,2771.4285714285716,21.70431623797969,7993615.266049999
800.0,575.7142857142858,2108.5714285714284,21.705224149806725,16461708.822477566
657.1428571428571,858.5714285714287,2771.4285714285716,21.705546241964115,15543323.864103662
728.5714285714286,952.8571428571429,2440.0,21.7058241767089,18126069.48243236
692.8571428571429,1000.0,2605.714285714286,21.70599669278563,17577257.39140962
764.2857142857143,811.4285714285714,2274.285714285714,21.706042718870656,17843614.173250854
585.7142857142858,340.0,3600.0,21.70618444280191,9056817.895725176
692.8571428571429,292.8571428571429,2605.714285714286,21.70619790710716,10631832.02460841
621.4285714285714,387.14285714285717,3102.857142857143,21.70655392809872,10316373.657354534
657.1428571428571,905.7142857142858,2771.4285714285716,21.707068178059984,15927347.393640066
657.1428571428571,434.28571428571433,2771.4285714285716,21.70739409161889,11594674.291019952
585.7142857142858,434.28571428571433,3434.2857142857147,21.708139729735358,10102843.81177677
728.5714285714286,1000.0,2440.0,21.70856473228341,18516110.25669953
800.0,622.8571428571429,2108.5714285714284,21.708652516174386,16962102.44438275
657.1428571428571,952.8571428571429,2771.4285714285716,21.708703431971514,16303864.962985128
764.2857142857143,858.5714285714287,2274.285714285714,21.709207841515752,18269186.598053403
585.7142857142858,858.5714285714287,3268.571428571429,21.709841625487684,13855232.489306854
585.7142857142858,905.7142857142858,3268.571428571429,21.709876842908,14217562.036214886
657.1428571428571,245.71428571428572,2937.1428571428573,21.709987748958294,9237169.052136404
585.7142857142858,811.4285714285714,3268.571428571429,21.710083847528946,13485422.49569698
585.7142857142858,952.8571428571429,3268.571428571429,21.710139951820665,14573009.793276116
764.2857142857143,104.28571428571429,2440.0,21.71015180648772,8739130.628381612
657.1428571428571,1000.0,2771.4285714285716,21.710425835284802,16673442.656734608
585.7142857142858,1000.0,3268.571428571429,21.71059094924398,14922098.408152265
585.7142857142858,764.2857142857143,3268.571428571429,21.710665419416426,13107441.162961941
800.0,57.142857142857146,2440.0,21.711237424909893,8021007.7075716425
585.7142857142858,717.1428571428572,3268.571428571429,21.711664463122723,12720484.42727335
657.1428571428571,387.14285714285717,2771.4285714285716,21.71215336024383,11070871.504229179
800.0,670.0,2108.5714285714284,21.71217809346599,17446858.507078685
764.2857142857143,905.7142857142858,2274.285714285714,21.712370927756663,18685570.76076467
550.0,1000.0,3600.0,21.712905615751957,14084850.127425985
585.7142857142858,670.0,3268.571428571429,21.713180657473256,12323607.63124605
550.0,952.8571428571429,3600.0,21.713212678194456,13746024.45408288
657.1428571428571,151.42857142857144,3268.571428571429,21.713437575651817,7657737.993155966
550.0,905.7142857142858,3600.0,21.713766617143097,13401126.515275033
550.0,858.5714285714287,3600.0,21.714615425071297,13049655.454365594
728.5714285714286,198.57142857142858,2440.0,21.714713949128857,9959352.526287066
585.7142857142858,622.8571428571429,3268.571428571429,21.715342798277643,11915688.991218457
764.2857142857143,952.8571428571429,2274.285714285714,21.715518099640853,19093489.50359404
800.0,717.1428571428572,2108.5714285714284,21.715752970490154,17917648.646508053
550.0,811.4285714285714,3600.0,21.71581822225627,12691037.482233366
621.4285714285714,340.0,3102.857142857143,21.716395137651045,9781201.981065484
764.2857142857143,57.142857142857146,2771.4285714285716,21.716519019307896,7281809.138363697
800.0,151.42857142857144,2108.5714285714284,21.717043880653765,10599188.289580995
550.0,764.2857142857143,3600.0,21.717448496964007,12324610.293300098
585.7142857142858,387.14285714285717,3434.2857142857147,21.71770330290088,9611507.111342372
621.4285714285714,764.2857142857143,2937.1428571428573,21.71776123870343,13933311.428161424
621.4285714285714,717.1428571428572,2937.1428571428573,21.717769531045725,13534543.02543917
692.8571428571429,245.71428571428572,2605.714285714286,21.718016920462468,9979110.330518382
621.4285714285714,811.4285714285714,2937.1428571428573,21.718076664183087,14322710.01550895
621.4285714285714,670.0,2937.1428571428573,21.718184643475215,13125421.770160574
585.7142857142858,575.7142857142858,3268.571428571429,21.718319715037346,11495379.980595877
764.2857142857143,1000.0,2274.285714285714,21.718639052577092,19493574.52685517
621.4285714285714,858.5714285714287,2937.1428571428573,21.71865104211754,14703575.664238932
621.4285714285714,622.8571428571429,2937.1428571428573,21.71911452550038,12704780.5167375
657.1428571428571,340.0,2771.4285714285716,21.719248339800004,10518489.139344508
800.0,764.2857142857143,2108.5714285714284,21.719343043401054,18375865.724325117
621.4285714285714,905.7142857142858,2937.1428571428573,21.71943335155898,15076627.579935832
550.0,717.1428571428572,3600.0,21.719598522739656,11949602.954936665
621.4285714285714,952.8571428571429,2937.1428571428573,21.720383016618428,15442489.050959582
621.4285714285714,575.7142857142858,2937.1428571428573,21.72070139600319,12271216.481635008
728.5714285714286,57.142857142857146,3268.571428571429,21.720709610243983,6553137.279815515
621.4285714285714,245.71428571428572,3268.571428571429,21.721316101299667,8552294.504427006
692.8571428571429,104.28571428571429,3102.857142857143,21.721429613781424,7319014.3835252635
621.4285714285714,1000.0,2937.1428571428573,21.72146749724343,15801704.311389502
764.2857142857143,151.42857142857144,2274.285714285714,21.72213360377639,9843077.02963746
585.7142857142858,528.5714285714286,3268.571428571429,21.722336411684154,11061036.440437093
550.0,670.0,3600.0,21.72238547969765,11565109.56117893
800.0,811.4285714285714,2108.5714285714284,21.722923913540814,18822684.4729223
621.4285714285714,528.5714285714286,2937.1428571428573,21.723135705496567,11823019.711803703
585.7142857142858,292.8571428571429,3600.0,21.723988835267683,8506342.80440332
621.4285714285714,198.57142857142858,3434.2857142857147,21.725223364132564,7837921.361983228
550.0,622.8571428571429,3600.0,21.725960094202993,11170054.126108402
800.0,858.5714285714287,2108.5714285714284,21.72647810853912,19259106.222360473
621.4285714285714,481.42857142857144,2937.1428571428573,21.726677397539394,11358071.221814547
585.7142857142858,481.42857142857144,3268.571428571429,21.72769859023749,10610620.458836006
692.8571428571429,151.42857142857144,2771.4285714285716,21.72905623891729,8389342.940686928
657.1428571428571,292.8571428571429,2771.4285714285716,21.7297166904057,9930942.914830027
800.0,905.7142857142858,2108.5714285714284,21.729993162527908,19685992.524912763
621.4285714285714,292.8571428571429,3102.857142857143,21.730269532821353,9212185.2377324
550.0,575.7142857142858,3600.0,21.730519088574102,10763142.893549861
585.7142857142858,340.0,3434.2857142857147,21.73059243657261,9093767.066344457
621.4285714285714,434.28571428571433,2937.1428571428573,21.731689330131477,10873693.541279268
728.5714285714286,481.42857142857144,2274.285714285714,21.733021430248513,13761125.9459882
728.5714285714286,434.28571428571433,2274.285714285714,21.733037173974623,13230842.1645702
692.8571428571429,528.5714285714286,2440.0,21.733205909386594,13434281.654199738
692.8571428571429,575.7142857142858,2440.0,21.73338354286902,13910119.291498331
800.0,952.8571428571429,2108.5714285714284,21.73346026701366,20104090.863007613
692.8571428571429,481.42857142857144,2440.0,21.73373176707503,12940339.887330499
728.5714285714286,528.5714285714286,2274.285714285714,21.73375508628565,14269650.1867958
657.1428571428571,198.57142857142858,2937.1428571428573,21.73401997828095,8545252.91232108
692.8571428571429,622.8571428571429,2440.0,21.734083268605456,14370130.332859077
728.5714285714286,387.14285714285717,2274.285714285714,21.734112343538047,12674956.40339662
585.7142857142858,434.28571428571433,3268.571428571429,21.73483111287029,10141556.377041027
728.5714285714286,575.7142857142858,2274.285714285714,21.735025860825143,14759388.944683155
692.8571428571429,670.0,2440.0,21.735173806449936,14816153.732296579
692.8571428571429,434.28571428571433,2440.0,21.735217267462676,12425417.992118035
657.1428571428571,104.28571428571429,3600.0,21.735381437792352,6654711.691801939
550.0,528.5714285714286,3600.0,21.73632355015304,10342798.106643662
692.8571428571429,717.1428571428572,2440.0,21.736558405413877,15249698.902407577
550.0,1000.0,3434.2857142857147,21.736669178220787,14113987.572632238
728.5714285714286,622.8571428571429,2274.285714285714,21.73668463779972,15232698.326578625
728.5714285714286,340.0,2274.285714285714,21.73671424513663,12088360.94377067
692.8571428571429,198.57142857142858,2605.714285714286,21.73672329121277,9265010.294216327
800.0,1000.0,2108.5714285714284,21.736873308497767,20514054.600936748
550.0,952.8571428571429,3434.2857142857147,21.73704608658921,13775393.910284506
550.0,905.7142857142858,3434.2857142857147,21.7376688653576,13430730.497680295
692.8571428571429,387.14285714285717,2440.0,21.73803372844466,11885798.609102994
692.8571428571429,764.2857142857143,2440.0,21.738164660071153,15672022.32650442
585.7142857142858,905.7142857142858,3102.857142857143,21.738313225616093,14255596.532944413
585.7142857142858,858.5714285714287,3102.857142857143,21.73836890116124,13893565.422742799
585.7142857142858,952.8571428571429,3102.857142857143,21.738484475228084,14610749.99983707
550.0,858.5714285714287,3434.2857142857147,21.73858494520089,13079496.510229459
728.5714285714286,670.0,2274.285714285714,21.73862445442064,15691481.403925462
621.4285714285714,387.14285714285717,2937.1428571428573,21.7386918222933,10366423.52259702
585.7142857142858,811.4285714285714,3102.857142857143,21.73870032873143,13524058.176703982
585.7142857142858,1000.0,3102.857142857143,21.73884320424103,14959548.280965015
728.5714285714286,151.42857142857144,2440.0,21.739138888356372,9133178.154660067
585.7142857142858,764.2857142857143,3102.857142857143,21.739368481643073,13146384.023829248
550.0,811.4285714285714,3434.2857142857147,21.739852728210135,12721118.144774886
692.8571428571429,811.4285714285714,2440.0,21.739937675439236,16084182.77594633
657.1428571428571,622.8571428571429,2605.714285714286,21.740042057085198,13545852.470767044
657.1428571428571,670.0,2605.714285714286,21.740139338713256,13979015.178738339
764.2857142857143,387.14285714285717,2108.5714285714284,21.74038105344613,13507573.564077815
585.7142857142858,717.1428571428572,3102.857142857143,21.740450257038916,12759738.95351819
657.1428571428571,575.7142857142858,2605.714285714286,21.740457821837467,13099239.72525154
657.1428571428571,717.1428571428572,2605.714285714286,21.740632498890296,14400183.917629853
728.5714285714286,717.1428571428572,2274.285714285714,21.740767246517553,16137300.724438854
764.2857142857143,434.28571428571433,2108.5714285714284,21.740806395175017,14079584.956550797
764.2857142857143,340.0,2108.5714285714284,21.74115612980986,12903789.294483349
657.1428571428571,151.42857142857144,3102.857142857143,21.741386207382096,7711746.391527254
657.1428571428571,764.2857142857143,2605.714285714286,21.74143312581801,14810570.384646187
657.1428571428571,528.5714285714286,2605.714285714286,21.741544409022396,12637402.372319609
550.0,764.2857142857143,3434.2857142857147,21.741544779359973,12354933.015001258
728.5714285714286,292.8571428571429,2274.285714285714,21.7415758206328,11464019.675754644
728.5714285714286,104.28571428571429,2605.714285714286,21.741695533330244,8077025.846615695
692.8571428571429,858.5714285714287,2440.0,21.741835370333963,16487081.993004564
585.7142857142858,670.0,3102.857142857143,21.74204372065628,12363178.255723646
764.2857142857143,481.42857142857144,2108.5714285714284,21.74204632523025,14625093.411038905
657.1428571428571,811.4285714285714,2605.714285714286,21.742473584941514,15211195.315492006
692.8571428571429,340.0,2440.0,21.742737001732312,11316537.882499691
728.5714285714286,764.2857142857143,2274.285714285714,21.74305521912992,16571457.392756665
657.1428571428571,481.42857142857144,2605.714285714286,21.743518294576255,12158141.7948075
657.1428571428571,858.5714285714287,2605.714285714286,21.743701519512864,15602927.822731916
550.0,481.42857142857144,3600.0,21.74372678187312,9907063.650616461
764.2857142857143,292.8571428571429,2108.5714285714284,21.743741457920333,12260976.375509419
550.0,717.1428571428572,3434.2857142857147,21.74375217685233,11980170.011289276
692.8571428571429,905.7142857142858,2440.0,21.743825183234666,16881495.246668935
764.2857142857143,528.5714285714286,2108.5714285714284,21.743847023256034,15148065.238502968
585.7142857142858,622.8571428571429,3102.857142857143,21.74427552380326,11955579.931417815
585.7142857142858,387.14285714285717,3268.571428571429,21.744340629483236,9650511.843352946
800.0,104.28571428571429,2108.5714285714284,21.744993329111832,9574641.598835686
657.1428571428571,905.7142857142858,2605.714285714286,21.745075981017816,15986514.932914093
657.1428571428571,245.71428571428572,2771.4285714285716,21.74525296882689,9298726.96741462
728.5714285714286,811.4285714285714,2274.285714285714,21.745445074711498,16995048.085469242
728.5714285714286,57.142857142857146,3102.857142857143,21.74546835102655,6618734.809649492
692.8571428571429,952.8571428571429,2440.0,21.745881719684938,17268094.674127705
764.2857142857143,575.7142857142858,2108.5714285714284,21.74603630379324,15651571.64600189
657.1428571428571,952.8571428571429,2605.714285714286,21.746564656379093,16362604.143584944
550.0,670.0,3434.2857142857147,21.74659053996419,11595922.911550976
657.1428571428571,434.28571428571433,2605.714285714286,21.746683161358856,11658680.499300426
585.7142857142858,575.7142857142858,3102.857142857143,21.74731161205094,11535594.989022221
728.5714285714286,858.5714285714287,2274.285714285714,21.74790406157435,17409007.07112481
692.8571428571429,1000.0,2440.0,21.747985044940027,17647467.381258294
657.1428571428571,1000.0,2605.714285714286,21.74814184864242,16731760.910897382
585.7142857142858,292.8571428571429,3434.2857142857147,21.748207218765124,8543512.914156254
621.4285714285714,340.0,2937.1428571428573,21.748455790148167,9831651.85140199
764.2857142857143,622.8571428571429,2108.5714285714284,21.748494459283997,16138046.615774928
585.7142857142858,245.71428571428572,3600.0,21.748897134494747,7914572.1938131
764.2857142857143,245.71428571428572,2108.5714285714284,21.749151087825883,11568675.181796307
621.4285714285714,151.42857142857144,3600.0,21.749205651682907,7045747.394365192
728.5714285714286,245.71428571428572,2274.285714285714,21.74990719843373,10791783.524917541
621.4285714285714,245.71428571428572,3102.857142857143,21.75015400430187,8600154.855601765
692.8571428571429,292.8571428571429,2440.0,21.750193340967243,10710821.667225655
550.0,622.8571428571429,3434.2857142857147,21.750208535993004,11201115.211465104
728.5714285714286,905.7142857142858,2274.285714285714,21.750407212926444,17814137.77914175
621.4285714285714,198.57142857142858,3268.571428571429,21.75113564576468,7882932.710337624
764.2857142857143,670.0,2108.5714285714284,21.751136607095408,16609456.792757079
692.8571428571429,104.28571428571429,2937.1428571428573,21.751229450944464,7383557.365364325
585.7142857142858,528.5714285714286,3102.857142857143,21.751373056749713,11101578.41954497
657.1428571428571,387.14285714285717,2605.714285714286,21.7514765378847,11135426.79529864
764.2857142857143,57.142857142857146,2605.714285714286,21.7515587883352,7373661.393034619
621.4285714285714,764.2857142857143,2771.4285714285716,21.752372531194293,13983515.844313353
621.4285714285714,717.1428571428572,2771.4285714285716,21.752500821241817,13585141.425230956
621.4285714285714,811.4285714285714,2771.4285714285716,21.752565256032142,14372527.990650998
728.5714285714286,952.8571428571429,2274.285714285714,21.75293538296042,18211136.921475038
621.4285714285714,858.5714285714287,2771.4285714285716,21.753015436479394,14753014.333113883
621.4285714285714,670.0,2771.4285714285716,21.753031616997966,13176422.056863794
550.0,434.28571428571433,3600.0,21.753217887827148,9453466.54431702
621.4285714285714,905.7142857142858,2771.4285714285716,21.753672959286394,15125693.649338834
764.2857142857143,717.1428571428572,2108.5714285714284,21.753901595713458,17067417.43049156
621.4285714285714,622.8571428571429,2771.4285714285716,21.754070698157122,12756190.863723256
621.4285714285714,952.8571428571429,2771.4285714285716,21.75449793393852,15491188.796707721
550.0,575.7142857142858,3434.2857142857147,21.7548001376099,10794452.339543922
621.4285714285714,1000.0,2771.4285714285716,21.75545833837085,15850043.585833235
728.5714285714286,1000.0,2274.285714285714,21.755473827598177,18600613.202669114
621.4285714285714,575.7142857142858,2771.4285714285716,21.75575733212177,12323045.172528487
764.2857142857143,764.2857142857143,2108.5714285714284,21.756744810732105,17513273.91256382
800.0,57.142857142857146,2274.285714285714,21.756752360065953,8141115.663295907
585.7142857142858,481.42857142857144,3102.857142857143,21.756760106760588,10651490.860001398
800.0,340.0,1942.857142857143,21.75694475830845,13768658.231529381
585.7142857142858,340.0,3268.571428571429,21.75712225206306,9133050.32010482
657.1428571428571,104.28571428571429,3434.2857142857147,21.757420159325914,6701621.1887443885
800.0,292.8571428571429,1942.857142857143,21.757584643459555,13107576.4836611
800.0,387.14285714285717,1942.857142857143,21.75771134928212,14389441.817206802
764.2857142857143,104.28571428571429,2274.285714285714,21.757906443844906,8847818.517525936
621.4285714285714,528.5714285714286,2771.4285714285716,21.758277902948343,11875274.86844567
657.1428571428571,340.0,2605.714285714286,21.758549630351578,10583601.482996926
764.2857142857143,198.57142857142858,2108.5714285714284,21.759190329075874,10810847.630484713
800.0,434.28571428571433,1942.857142857143,21.75938706355406,14977398.827750219
764.2857142857143,811.4285714285714,2108.5714285714284,21.75963338318297,17948160.545355294
800.0,245.71428571428572,1942.857142857143,21.76046512213695,12395432.10508325
550.0,528.5714285714286,3434.2857142857147,21.76062270676388,10374355.281917071
800.0,481.42857142857144,1942.857142857143,21.761660202965935,15537958.714914745
692.8571428571429,245.71428571428572,2440.0,21.761824390983097,10058814.802090073
621.4285714285714,481.42857142857144,2771.4285714285716,21.761886661984416,11410760.347425874
621.4285714285714,292.8571428571429,2937.1428571428573,21.76217083329722,9263019.990154944
550.0,1000.0,3268.571428571429,21.762363926280983,14144851.394994006
764.2857142857143,858.5714285714287,2108.5714285714284,21.7625429234496,18373043.900517344
550.0,952.8571428571429,3268.571428571429,21.762820854053462,13806504.637784718
550.0,905.7142857142858,3268.571428571429,21.763522908690888,13462091.047603697
728.5714285714286,198.57142857142858,2274.285714285714,21.763848493551155,10056079.64115282
585.7142857142858,434.28571428571433,3102.857142857143,21.76388990778504,10182754.245474685
800.0,528.5714285714286,1942.857142857143,21.764327876025714,16075209.691902345
550.0,858.5714285714287,3268.571428571429,21.76451695400332,13111109.875796888
764.2857142857143,905.7142857142858,2108.5714285714284,21.765455249884184,18788755.386026606
550.0,387.14285714285717,3600.0,21.765492583466255,8978806.274355587
550.0,811.4285714285714,3268.571428571429,21.765860662807057,12752987.354100386
621.4285714285714,434.28571428571433,2771.4285714285716,21.766938342092427,10926822.751968406
800.0,198.57142857142858,1942.857142857143,21.767082830620815,11615730.762830626
800.0,575.7142857142858,1942.857142857143,21.767254080386856,16592318.64476668
692.8571428571429,151.42857142857144,2605.714285714286,21.767322453056536,8464261.408246353
550.0,764.2857142857143,3268.571428571429,21.767625657160785,12387061.070111224
550.0,481.42857142857144,3434.2857142857147,21.768024411199832,9938865.998054449
764.2857142857143,952.8571428571429,2108.5714285714284,21.76835678113258,19196016.13972294
514.2857142857142,1000.0,3600.0,21.768489553050365,13330571.338645011
657.1428571428571,198.57142857142858,2771.4285714285716,21.76882211351122,8607240.369451767
657.1428571428571,292.8571428571429,2605.714285714286,21.76891177569104,9996613.478764249
585.7142857142858,905.7142857142858,2937.1428571428573,21.769254413756894,14296127.957785586
585.7142857142858,952.8571428571429,2937.1428571428573,21.769319092955012,14650969.361128498
585.7142857142858,858.5714285714287,2937.1428571428573,21.769416146306963,13934413.658954669
585.7142857142858,1000.0,2937.1428571428573,21.769571286707055,14999460.06914166
514.2857142857142,952.8571428571429,3600.0,21.769784245736073,13002485.442763668
585.7142857142858,811.4285714285714,2937.1428571428573,21.769852400334518,13565228.212746419
550.0,717.1428571428572,3268.571428571429,21.769901788159263,12012559.798339272
800.0,622.8571428571429,1942.857142857143,21.770345538843628,17091796.310016934
585.7142857142858,764.2857142857143,2937.1428571428573,21.770623208925976,13187881.056551896
764.2857142857143,1000.0,2108.5714285714284,21.77123738042801,19595456.34253288
514.2857142857142,905.7142857142858,3600.0,21.77138755489171,12668616.596602699
585.7142857142858,717.1428571428572,2937.1428571428573,21.7718042305584,12801568.332576117
657.1428571428571,151.42857142857144,2937.1428571428573,21.772152017293255,7769694.383344447
621.4285714285714,151.42857142857144,3434.2857142857147,21.772204932288165,7087933.573780545
550.0,670.0,3268.571428571429,21.772803065102618,11628577.068956913
585.7142857142858,245.71428571428572,3434.2857142857147,21.77281406039935,7951916.264428945
728.5714285714286,57.142857142857146,2937.1428571428573,21.772977110075562,6689568.366245892
514.2857142857142,858.5714285714287,3600.0,21.773354797842135,12328485.751910105
585.7142857142858,387.14285714285717,3102.857142857143,21.773357917623507,9692032.262419883
585.7142857142858,670.0,2937.1428571428573,21.773491888113522,12405345.392692141
800.0,670.0,1942.857142857143,21.77353713150278,17575672.036455493
692.8571428571429,57.142857142857146,3600.0,21.773886757372836,5965394.549034121
621.4285714285714,387.14285714285717,2771.4285714285716,21.773941381304656,10419996.23684241
585.7142857142858,292.8571428571429,3268.571428571429,21.7745515721081,8583049.614909017
514.2857142857142,811.4285714285714,3600.0,21.77575375891065,11981543.913655596
585.7142857142858,622.8571428571429,2937.1428571428573,21.77581063480149,11998090.15501841
550.0,622.8571428571429,3268.571428571429,21.776476021974577,11234035.93567029
800.0,717.1428571428572,1942.857142857143,21.77678278193523,18045613.09906649
764.2857142857143,151.42857142857144,2108.5714285714284,21.777399432046266,9960648.496500172
550.0,434.28571428571433,3434.2857142857147,21.777487128736635,9485508.545667723
514.2857142857142,764.2857142857143,3600.0,21.778668269586795,11627157.15804143
585.7142857142858,575.7142857142858,2937.1428571428573,21.778923442771788,11578453.317004545
621.4285714285714,198.57142857142858,3102.857142857143,21.77949137314136,7931023.049370757
800.0,764.2857142857143,1942.857142857143,21.78004957530409,18503008.61521581
692.8571428571429,198.57142857142858,2440.0,21.78012987963345,9345414.873049447
800.0,151.42857142857144,1942.857142857143,21.780394226524496,10740885.79949499
550.0,575.7142857142858,3268.571428571429,21.78111177081573,10827641.096794607
550.0,340.0,3600.0,21.78157351720713,8478820.343105242
692.8571428571429,575.7142857142858,2274.285714285714,21.78157483522603,13991483.920396214
657.1428571428571,104.28571428571429,3268.571428571429,21.781578862731088,6751841.820173731
692.8571428571429,528.5714285714286,2274.285714285714,21.78159530243999,13516286.40222463
621.4285714285714,245.71428571428572,2937.1428571428573,21.781770527803467,8651341.366854427
692.8571428571429,622.8571428571429,2274.285714285714,21.78206783573017,14450876.28556822
514.2857142857142,717.1428571428572,3600.0,21.78220307873664,11264587.289171243
692.8571428571429,481.42857142857144,2274.285714285714,21.78230512709858,13023008.106343051
657.1428571428571,670.0,2440.0,21.782795270299776,14045295.111132571
657.1428571428571,622.8571428571429,2440.0,21.782867162413424,13612645.149019185
692.8571428571429,670.0,2274.285714285714,21.78294685147747,14896300.586386096
585.7142857142858,528.5714285714286,2937.1428571428573,21.783047306591424,11144789.199436577
657.1428571428571,717.1428571428572,2440.0,21.783115109175665,14465964.549757404
800.0,811.4285714285714,1942.857142857143,21.783313860571585,18949030.082348526
657.1428571428571,575.7142857142858,2440.0,21.783445074107522,13166559.579736266
728.5714285714286,104.28571428571429,2440.0,21.783516177431785,8167506.905783363
621.4285714285714,340.0,2771.4285714285716,21.78364879325582,9885666.498937286
657.1428571428571,764.2857142857143,2440.0,21.783740341762773,14875864.166920114
692.8571428571429,434.28571428571433,2274.285714285714,21.78395240042144,12508774.854045637
692.8571428571429,717.1428571428572,2274.285714285714,21.78411782256528,15329264.474801317
657.1428571428571,245.71428571428572,2605.714285714286,21.784210791818133,9364943.11304009
692.8571428571429,104.28571428571429,2771.4285714285716,21.784274834944213,7453148.588033628
657.1428571428571,811.4285714285714,2440.0,21.78460483879798,15276013.73002927
657.1428571428571,528.5714285714286,2440.0,21.784682743699374,12705264.739374721
585.7142857142858,198.57142857142858,3600.0,21.78490351130267,7267971.794110166
692.8571428571429,764.2857142857143,2274.285714285714,21.785510250124513,15751022.802822458
657.1428571428571,858.5714285714287,2440.0,21.785657339918444,15667281.429651996
585.7142857142858,340.0,3102.857142857143,21.78604251304206,9174881.793094248
514.2857142857142,670.0,3600.0,21.786490587109135,10892966.484451156
800.0,858.5714285714287,1942.857142857143,21.78655860811771,19384676.019088376
657.1428571428571,481.42857142857144,2440.0,21.786790905365656,12226562.71422769
657.1428571428571,905.7142857142858,2440.0,21.78685769538572,16050413.425718807
692.8571428571429,387.14285714285717,2274.285714285714,21.786896389858388,11969870.743264003
550.0,528.5714285714286,3268.571428571429,21.78696378258021,10407812.375480963
692.8571428571429,811.4285714285714,2274.285714285714,21.787070594620452,16162632.845667185
728.5714285714286,151.42857142857144,2274.285714285714,21.787569822485324,9230819.648594586
728.5714285714286,481.42857142857144,2108.5714285714284,21.787758492909557,13861020.639687026
728.5714285714286,434.28571428571433,2108.5714285714284,21.788003327893406,13331547.695170252
657.1428571428571,952.8571428571429,2440.0,21.78817417188237,16426056.40763907
728.5714285714286,528.5714285714286,2108.5714285714284,21.788245099377114,14368769.559263026
585.7142857142858,481.42857142857144,2937.1428571428573,21.788476792979733,10695057.199008243
692.8571428571429,858.5714285714287,2274.285714285714,21.788757737450982,16564994.98097439
728.5714285714286,575.7142857142858,2108.5714285714284,21.78925847359793,14857764.784499077
728.5714285714286,387.14285714285717,2108.5714285714284,21.78927810252647,12776512.265510883
657.1428571428571,1000.0,2440.0,21.789581489534985,16794775.081591107
550.0,387.14285714285717,3434.2857142857147,21.789696148486744,9011077.80156428
800.0,905.7142857142858,1942.857142857143,21.789771582791687,19810805.52077592
657.1428571428571,434.28571428571433,2440.0,21.790064928775102,11727676.287639683
550.0,1000.0,3102.857142857143,21.79022092363234,14177611.97196178
621.4285714285714,764.2857142857143,2605.714285714286,21.79031180273213,14037409.049619047
621.4285714285714,811.4285714285714,2605.714285714286,21.790358426671443,14426014.565421252
692.8571428571429,905.7142857142858,2274.285714285714,21.790539796175405,16958883.236456558
621.4285714285714,717.1428571428572,2605.714285714286,21.790584334668136,13639449.918078955
728.5714285714286,622.8571428571429,2108.5714285714284,21.790654618192605,15330359.037120838
621.4285714285714,858.5714285714287,2605.714285714286,21.790661832819932,14806102.376913203
550.0,952.8571428571429,3102.857142857143,21.790769701855645,13839526.882009216
764.2857142857143,57.142857142857146,2440.0,21.791025460597975,7473687.580308872
621.4285714285714,905.7142857142858,2605.714285714286,21.79117278824698,15178390.705486378
621.4285714285714,670.0,2605.714285714286,21.791255910680672,13231155.030518383
550.0,905.7142857142858,3102.857142857143,21.791563193937378,13495378.298105568
692.8571428571429,340.0,2274.285714285714,21.79167441829904,11401352.44902203
514.2857142857142,622.8571428571429,3600.0,21.791700332397525,10511263.490068424
621.4285714285714,952.8571428571429,2605.714285714286,21.79185205662607,15543501.86674613
514.2857142857142,1000.0,3434.2857142857147,21.791913964726405,13355796.453535654
728.5714285714286,340.0,2108.5714285714284,21.792032188105058,12190810.592848198
728.5714285714286,670.0,2108.5714285714284,21.792330061047767,15788452.357849602
692.8571428571429,952.8571428571429,2274.285714285714,21.7923918487736,17344968.62139124
621.4285714285714,622.8571428571429,2605.714285714286,21.792430130407233,12811357.989435622
550.0,858.5714285714287,3102.857142857143,21.79264769576812,13144665.59698216
621.4285714285714,1000.0,2605.714285714286,21.79266810089792,15901979.151567027
800.0,952.8571428571429,1942.857142857143,21.792944058875367,20228163.911586013
514.2857142857142,952.8571428571429,3434.2857142857147,21.793278259056834,13027920.186205301
692.8571428571429,57.142857142857146,3434.2857142857147,21.79384326730291,6016547.744111731
550.0,811.4285714285714,3102.857142857143,21.794080143906758,12786815.100745616
728.5714285714286,717.1428571428572,2108.5714285714284,21.79420913740915,16233604.598462379
621.4285714285714,575.7142857142858,2605.714285714286,21.79424326882262,12378656.48009639
692.8571428571429,1000.0,2274.285714285714,21.794294281103497,17723837.216707133
550.0,481.42857142857144,3268.571428571429,21.794374841398795,9972589.907669589
657.1428571428571,387.14285714285717,2440.0,21.794930027444604,11205013.205998642
514.2857142857142,905.7142857142858,3434.2857142857147,21.794950165258225,12694263.030283561
585.7142857142858,434.28571428571433,2937.1428571428573,21.795620967912644,10226677.092079192
550.0,764.2857142857143,3102.857142857143,21.795931201959863,12421164.433323834
800.0,1000.0,1942.857142857143,21.796069902514336,20637402.650774766
728.5714285714286,764.2857142857143,2108.5714285714284,21.796235705411327,16667114.470856516
621.4285714285714,528.5714285714286,2605.714285714286,21.796877553247477,11931340.525378555
728.5714285714286,292.8571428571429,2108.5714285714284,21.7969696243363,11567409.81648379
514.2857142857142,858.5714285714287,3434.2857142857147,21.79698442933012,12354345.925781813
621.4285714285714,292.8571428571429,2771.4285714285716,21.797222157837794,9317465.854723107
621.4285714285714,151.42857142857144,3268.571428571429,21.797336055301145,7132976.84278187
514.2857142857142,575.7142857142858,3600.0,21.798052628285937,10118237.671232142
550.0,717.1428571428572,3102.857142857143,21.79828946603562,12046942.323768351
728.5714285714286,811.4285714285714,2108.5714285714284,21.798367601699457,17090076.527845163
585.7142857142858,245.71428571428572,3268.571428571429,21.798855187697527,7991661.408066966
692.8571428571429,292.8571428571429,2274.285714285714,21.79912319005653,10796404.24206976
514.2857142857142,811.4285714285714,3434.2857142857147,21.79944810378219,12007619.814179352
728.5714285714286,858.5714285714287,2108.5714285714284,21.80057284312353,17503423.150335547
621.4285714285714,481.42857142857144,2605.714285714286,21.80058137275915,11467290.267862173
550.0,670.0,3102.857142857143,21.80126728969257,11663242.134113792
657.1428571428571,340.0,2440.0,21.802018625949614,10653792.08231454
514.2857142857142,764.2857142857143,3434.2857142857147,21.802424077447657,11653450.634742683
728.5714285714286,905.7142857142858,2108.5714285714284,21.802826971006265,17907956.08642987
764.2857142857143,387.14285714285717,1942.857142857143,21.80291700811479,13630479.747354466
585.7142857142858,952.8571428571429,2771.4285714285716,21.80296205860772,14693958.482223084
585.7142857142858,905.7142857142858,2771.4285714285716,21.80302121827666,14339445.405541044
550.0,292.8571428571429,3600.0,21.80302627934761,7947624.449427314
764.2857142857143,434.28571428571433,1942.857142857143,21.803049893787378,14201504.6157278
585.7142857142858,1000.0,2771.4285714285716,21.80309100296283,15042125.884039622
585.7142857142858,292.8571428571429,3102.857142857143,21.803293286078244,8625169.46537219
585.7142857142858,858.5714285714287,2771.4285714285716,21.803306847268942,13978064.784997694
728.5714285714286,57.142857142857146,2771.4285714285716,21.803664606568127,6766234.250729643
550.0,434.28571428571433,3268.571428571429,21.803819221709478,9519494.897556137
585.7142857142858,811.4285714285714,2771.4285714285716,21.803866350787686,13609218.693512987
764.2857142857143,340.0,1942.857142857143,21.803945056480696,13027744.186457673
764.2857142857143,481.42857142857144,1942.857142857143,21.803974741376646,14746080.59013498
585.7142857142858,764.2857142857143,2771.4285714285716,21.804758827811774,13232216.87339279
550.0,622.8571428571429,3102.857142857143,21.80500900171952,11268986.566203762
585.7142857142858,387.14285714285717,2937.1428571428573,21.8050635151735,9736308.893084507
728.5714285714286,952.8571428571429,2108.5714285714284,21.80511116067044,18304370.546753388
728.5714285714286,245.71428571428572,2108.5714285714284,21.805251713137082,10896161.662782032
764.2857142857143,528.5714285714286,1942.857142857143,21.805448375297797,15268166.963365117
550.0,340.0,3434.2857142857147,21.805658606573886,8511303.938733408
621.4285714285714,434.28571428571433,2605.714285714286,21.805701034099837,10983825.913843688
514.2857142857142,528.5714285714286,3600.0,21.80583864568139,9712375.156617166
514.2857142857142,717.1428571428572,3434.2857142857147,21.806015876384798,11291099.950291757
585.7142857142858,717.1428571428572,2771.4285714285716,21.806058694169977,12846255.730953468
657.1428571428571,151.42857142857144,2771.4285714285716,21.806139019821103,7831993.662228848
764.2857142857143,292.8571428571429,1942.857142857143,21.806716286828554,12386051.371856963
800.0,104.28571428571429,1942.857142857143,21.807174450775054,9718060.739380818
764.2857142857143,575.7142857142858,1942.857142857143,21.807305488827406,15770828.939812956
657.1428571428571,198.57142857142858,2605.714285714286,21.80732924580828,8673960.83354349
728.5714285714286,1000.0,2108.5714285714284,21.807410854158455,18693273.891573593
585.7142857142858,670.0,2771.4285714285716,21.80786071038394,12450390.80909735
657.1428571428571,104.28571428571429,3102.857142857143,21.80815051308196,6805707.07428193
585.7142857142858,198.57142857142858,3434.2857142857147,21.808342511509757,7305406.213806285
800.0,57.142857142857146,2108.5714285714284,21.808533968992922,8272867.142133202
764.2857142857143,622.8571428571429,1942.857142857143,21.809430886538834,16256495.371274441
550.0,575.7142857142858,3102.857142857143,21.80970274307871,10862879.690148365
692.8571428571429,151.42857142857144,2440.0,21.80995294442664,8545299.168133173
585.7142857142858,622.8571428571429,2771.4285714285716,21.810287088319555,12043500.093790716
514.2857142857142,670.0,3434.2857142857147,21.81035430148112,10919699.547999354
692.8571428571429,245.71428571428572,2274.285714285714,21.81061489965012,10145184.636125123
621.4285714285714,198.57142857142858,2937.1428571428573,21.8106220546699,7982493.639291233
764.2857142857143,670.0,1942.857142857143,21.811742667271883,16727128.506299267
764.2857142857143,104.28571428571429,2108.5714285714284,21.811833783456386,8966610.46357344
764.2857142857143,245.71428571428572,1942.857142857143,21.812197512141246,11694951.390252424
657.1428571428571,292.8571428571429,2440.0,21.81231032900345,10067416.467384802
621.4285714285714,387.14285714285717,2605.714285714286,21.812732573556247,10477479.4847008
585.7142857142858,575.7142857142858,2771.4285714285716,21.813497747043094,11624234.148582716
764.2857142857143,717.1428571428572,1942.857142857143,21.814181647829518,17184339.81548022
514.2857142857142,481.42857142857144,3600.0,21.815450793620393,9291797.799588196
550.0,528.5714285714286,3102.857142857143,21.81559792547503,10443340.281248782
514.2857142857142,622.8571428571429,3434.2857142857147,21.815606775624136,10538217.569500769
692.8571428571429,57.142857142857146,3268.571428571429,21.815829660855893,6071499.390469567
550.0,387.14285714285717,3268.571428571429,21.81597120319467,9045317.717898503
621.4285714285714,245.71428571428572,2771.4285714285716,21.81654898705683,8706190.635864217
764.2857142857143,764.2857142857143,1942.857142857143,21.816704499003148,17629471.411681756
514.2857142857142,1000.0,3268.571428571429,21.817232529829766,13382467.398046121
585.7142857142858,340.0,2937.1428571428573,21.817665125446542,9219503.239855379
585.7142857142858,528.5714285714286,2771.4285714285716,21.817705468334147,11190946.833522823
514.2857142857142,952.8571428571429,3268.571428571429,21.81867624757805,13054813.195178606
728.5714285714286,198.57142857142858,2108.5714285714284,21.818930565291293,10161487.116603442
800.0,10.0,3600.0,21.81916075203524,5228228.034479264
764.2857142857143,811.4285714285714,1942.857142857143,21.819279169712598,18063654.75928946
514.2857142857142,905.7142857142858,3268.571428571429,21.820426812227435,12721380.489422353
550.0,1000.0,2937.1428571428573,21.82050679128943,14212471.639406504
692.8571428571429,104.28571428571429,2605.714285714286,21.821061482916857,7528352.230738141
550.0,952.8571428571429,2937.1428571428573,21.821161214879737,13874662.143637354
764.2857142857143,858.5714285714287,1942.857142857143,21.821881765058013,18487853.948205594
514.2857142857142,575.7142857142858,3434.2857142857147,21.82199078256771,10145412.463588107
550.0,905.7142857142858,2937.1428571428573,21.82206035295806,13530792.920018325
764.2857142857143,198.57142857142858,1942.857142857143,21.822107853367697,10938414.171693452
621.4285714285714,340.0,2605.714285714286,21.822410200774485,9943632.405141596
514.2857142857142,858.5714285714287,3268.571428571429,21.822538389941716,12381690.244305987
550.0,481.42857142857144,3102.857142857143,21.823031692868536,10008406.780918619
585.7142857142858,481.42857142857144,2771.4285714285716,21.8231989123372,10741596.554525537
550.0,858.5714285714287,2937.1428571428573,21.823249937710845,13180363.52544187
764.2857142857143,905.7142857142858,1942.857142857143,21.824494372951083,18902898.208790544
550.0,811.4285714285714,2937.1428571428573,21.824786167956745,12822800.434221262
621.4285714285714,151.42857142857144,3102.857142857143,21.824884280122607,7181151.924043768
514.2857142857142,811.4285714285714,3268.571428571429,21.82507728609129,12035193.376794808
550.0,764.2857142857143,2937.1428571428573,21.826738738945284,12457441.37668244
550.0,292.8571428571429,3434.2857142857147,21.826916111033086,7980290.634626014
764.2857142857143,952.8571428571429,1942.857142857143,21.827103524115017,19309506.759321548
585.7142857142858,245.71428571428572,3102.857142857143,21.827294402774218,8034027.227661953
657.1428571428571,245.71428571428572,2440.0,21.82740353570884,9436354.87488235
514.2857142857142,434.28571428571433,3600.0,21.827430159191824,8854129.438280439
478.57142857142856,1000.0,3600.0,21.827434197853897,12590831.389271878
514.2857142857142,764.2857142857143,3268.571428571429,21.82812542195531,11681255.732317636
800.0,340.0,1777.1428571428573,21.828500010501394,13919256.989166353
692.8571428571429,198.57142857142858,2274.285714285714,21.828560925871834,9432573.895017717
800.0,387.14285714285717,1777.1428571428573,21.828883320841925,14538854.241458531
550.0,717.1428571428572,2937.1428571428573,21.829194969506066,12083515.116109015
621.4285714285714,104.28571428571429,3600.0,21.82940157074803,6170541.607140265
800.0,292.8571428571429,1777.1428571428573,21.82946970369534,13259460.076428935
764.2857142857143,1000.0,1942.857142857143,21.82969908371025,19708308.081238747
514.2857142857142,528.5714285714286,3434.2857142857147,21.82979365083253,9739768.981980512
478.57142857142856,952.8571428571429,3600.0,21.82979820026985,12273434.46843011
657.1428571428571,670.0,2274.285714285714,21.829926022638556,14117141.684161233
657.1428571428571,717.1428571428572,2274.285714285714,21.830035070830373,14537297.867880978
800.0,434.28571428571433,1777.1428571428573,21.83014762240329,15125707.189259749
657.1428571428571,622.8571428571429,2274.285714285714,21.83020621481335,13685020.106979622
585.7142857142858,434.28571428571433,2771.4285714285716,21.8303786992619,10273601.228403978
657.1428571428571,764.2857142857143,2274.285714285714,21.830449023953616,14946698.075354956
728.5714285714286,104.28571428571429,2274.285714285714,21.830498622903555,8265935.89430376
657.1428571428571,575.7142857142858,2274.285714285714,21.830987112158276,13239479.391512372
657.1428571428571,811.4285714285714,2274.285714285714,21.83110317757476,15346360.866126709
514.2857142857142,717.1428571428572,3268.571428571429,21.8317850623738,11319138.680019058
550.0,340.0,3268.571428571429,21.831821484457155,8545781.29923408
621.4285714285714,811.4285714285714,2440.0,21.83190791713311,14483683.835747395
657.1428571428571,858.5714285714287,2274.285714285714,21.831947285042286,15737153.308646603
800.0,481.42857142857144,1777.1428571428573,21.831996335379078,15685232.288551273
621.4285714285714,764.2857142857143,2440.0,21.832035223771154,14095499.552919554
621.4285714285714,858.5714285714287,2440.0,21.832037768430514,14863359.40319708
550.0,670.0,2937.1428571428573,21.832265516934925,11700114.9373609
550.0,245.71428571428572,3600.0,21.83237495788328,7376710.456377045
621.4285714285714,905.7142857142858,2440.0,21.83237637947157,15235243.784846984
657.1428571428571,528.5714285714286,2274.285714285714,21.8324184374711,12778747.218188712
550.0,434.28571428571433,3102.857142857143,21.83247032164631,9555597.68205136
621.4285714285714,717.1428571428572,2440.0,21.83248091711877,13697971.35996952
478.57142857142856,905.7142857142858,3600.0,21.83253675635842,11950540.870535608
800.0,245.71428571428572,1777.1428571428573,21.832582231965386,12548719.396295749
621.4285714285714,952.8571428571429,2440.0,21.83288512057498,15599958.638277294
657.1428571428571,905.7142857142858,2274.285714285714,21.832941913766707,16119820.527589088
621.4285714285714,670.0,2440.0,21.83332331401236,13290117.841418305
621.4285714285714,1000.0,2440.0,21.83353289200121,15958046.634287054
800.0,10.0,3434.2857142857147,21.8335896298381,5291998.210571245
585.7142857142858,198.57142857142858,3268.571428571429,21.833893558549118,7345277.909932865
657.1428571428571,952.8571428571429,2274.285714285714,21.834055831463893,16495008.260994192
800.0,528.5714285714286,1777.1428571428573,21.83423584141486,16221507.248495053
621.4285714285714,622.8571428571429,2440.0,21.834663848520808,12870773.302983755
657.1428571428571,481.42857142857144,2274.285714285714,21.834705144675027,12300626.927480387
585.7142857142858,292.8571428571429,2937.1428571428573,21.83474778909474,8670115.956840716
692.8571428571429,575.7142857142858,2108.5714285714284,21.835091354670375,14080240.67626738
657.1428571428571,1000.0,2274.285714285714,21.835264100508244,16863280.342545573
692.8571428571429,622.8571428571429,2108.5714285714284,21.835326145409134,14539004.924460048
692.8571428571429,528.5714285714286,2108.5714285714284,21.835364022053604,13605695.44558735
764.2857142857143,57.142857142857146,2274.285714285714,21.835676116766958,7582929.5011837715
478.57142857142856,858.5714285714287,3600.0,21.835712868649523,11621693.304098647
621.4285714285714,292.8571428571429,2605.714285714286,21.835865886264607,9375908.769936694
692.8571428571429,670.0,2108.5714285714284,21.835944633168346,14983822.86599014
550.0,622.8571428571429,2937.1428571428573,21.83609243733933,11306163.294590918
514.2857142857142,670.0,3268.571428571429,21.83618535073755,10947973.66928271
692.8571428571429,481.42857142857144,2108.5714285714284,21.836314630305445,13113096.214935366
621.4285714285714,575.7142857142858,2440.0,21.83663578919596,12438536.060217928
800.0,575.7142857142858,1777.1428571428573,21.83673591737605,16737690.37363432
692.8571428571429,717.1428571428572,2108.5714285714284,21.83685529996145,15416199.956139483
657.1428571428571,104.28571428571429,2937.1428571428573,21.837479195590056,6863592.499480979
692.8571428571429,764.2857142857143,2108.5714285714284,21.837989402916346,15837389.063566525
728.5714285714286,57.142857142857146,2605.714285714286,21.838041706072485,6849414.7191939335
657.1428571428571,434.28571428571433,2274.285714285714,21.838134142989865,11802342.28319241
692.8571428571429,434.28571428571433,2108.5714285714284,21.838183239227764,12599571.533056516
800.0,198.57142857142858,1777.1428571428573,21.839251976021163,11770565.854468333
692.8571428571429,811.4285714285714,2108.5714285714284,21.839294612090047,16248445.679704245
514.2857142857142,481.42857142857144,3434.2857142857147,21.839402481166246,9319406.908233128
478.57142857142856,811.4285714285714,3600.0,21.839403391347936,11286367.523896478
800.0,622.8571428571429,1777.1428571428573,21.83940690379201,17236285.31478508
621.4285714285714,528.5714285714286,2440.0,21.83941714510347,11991696.605242081
585.7142857142858,151.42857142857144,3600.0,21.839629083804077,6543833.93072447
585.7142857142858,1000.0,2605.714285714286,21.839768853355142,15087909.030732278
585.7142857142858,952.8571428571429,2605.714285714286,21.839782782924907,14740077.480707103
764.2857142857143,151.42857142857144,1942.857142857143,21.839815128785418,10089593.101378888
585.7142857142858,387.14285714285717,2771.4285714285716,21.839816139947803,9783617.558058137
585.7142857142858,905.7142857142858,2605.714285714286,21.839986094829975,14385905.762109285
692.8571428571429,57.142857142857146,3102.857142857143,21.840140231642835,6130653.649611268
585.7142857142858,858.5714285714287,2605.714285714286,21.84041664939497,14024872.415667938
692.8571428571429,858.5714285714287,2108.5714285714284,21.840730633373777,16650268.580065984
550.0,575.7142857142858,2937.1428571428573,21.840860792854542,10900363.74931336
585.7142857142858,811.4285714285714,2605.714285714286,21.841121171102188,13656379.929304916
692.8571428571429,387.14285714285717,2108.5714285714284,21.841316947686135,12061408.160624763
514.2857142857142,622.8571428571429,3268.571428571429,21.84149150985202,10566728.294634478
728.5714285714286,151.42857142857144,2108.5714285714284,21.842002244376488,9337271.780904472
585.7142857142858,764.2857142857143,2605.714285714286,21.842157843112798,13279738.454380402
800.0,670.0,1777.1428571428573,21.842185925168685,17719315.51123604
692.8571428571429,905.7142857142858,2108.5714285714284,21.842266134431252,17043630.353174347
514.2857142857142,387.14285714285717,3600.0,21.842543399712888,8396292.31496376
657.1428571428571,387.14285714285717,2274.285714285714,21.843117988468883,11280301.38594891
621.4285714285714,481.42857142857144,2440.0,21.84325030245179,11528135.236898607
585.7142857142858,717.1428571428572,2605.714285714286,21.84359984775541,12894144.782315273
478.57142857142856,764.2857142857143,3600.0,21.843702957862636,10943957.954185525
657.1428571428571,151.42857142857144,2605.714285714286,21.84382271950913,7899113.796797612
692.8571428571429,952.8571428571429,2108.5714285714284,21.843876546191797,17429200.714098677
550.0,387.14285714285717,3102.857142857143,21.844576464932132,9081699.004748994
514.2857142857142,1000.0,3102.857142857143,21.844670920345596,13410722.325935952
621.4285714285714,198.57142857142858,2771.4285714285716,21.844915578137943,8037685.034012009
800.0,717.1428571428572,1777.1428571428573,21.845028258894814,18188443.26355393
585.7142857142858,670.0,2605.714285714286,21.84554027768347,12498654.788569886
692.8571428571429,1000.0,2108.5714285714284,21.84554246495522,17807564.578046508
514.2857142857142,952.8571428571429,3102.857142857143,21.846205457583608,13083302.172201967
692.8571428571429,340.0,2108.5714285714284,21.846234141965542,11493664.94796205
550.0,528.5714285714286,2937.1428571428573,21.846815767256704,10481134.166491397
800.0,764.2857142857143,1777.1428571428573,21.847901757704175,18645053.466149304
514.2857142857142,575.7142857142858,3268.571428571429,21.847918067985056,10174160.150700437
514.2857142857142,905.7142857142858,3102.857142857143,21.848046378320383,12750106.233390607
585.7142857142858,622.8571428571429,2605.714285714286,21.848099074779533,12092146.693732455
621.4285714285714,434.28571428571433,2440.0,21.848472868539314,11045171.738788307
478.57142857142856,717.1428571428572,3600.0,21.84872931253015,10593759.117131693
728.5714285714286,481.42857142857144,1942.857142857143,21.84887558372656,13970780.841644958
728.5714285714286,528.5714285714286,1942.857142857143,21.849042661525367,14477758.086565826
728.5714285714286,434.28571428571433,1942.857142857143,21.84942630638205,13442119.567082658
728.5714285714286,575.7142857142858,1942.857142857143,21.84973020311804,14966016.81508899
800.0,10.0,3268.571428571429,21.849741440437917,5361035.502433673
657.1428571428571,198.57142857142858,2440.0,21.85009308893474,8745951.98833376
514.2857142857142,858.5714285714287,3102.857142857143,21.850247263555712,12410655.535943469
657.1428571428571,340.0,2274.285714285714,21.85026962491989,10729721.886451336
478.57142857142856,1000.0,3434.2857142857147,21.850497674868514,12612303.681059673
800.0,811.4285714285714,1777.1428571428573,21.85078314837161,19090314.003578354
728.5714285714286,622.8571428571429,1942.857142857143,21.850799036791646,15437905.539670989
728.5714285714286,387.14285714285717,1942.857142857143,21.850981993727757,12887941.258047368
621.4285714285714,104.28571428571429,3434.2857142857147,21.851104669327558,6212396.190145737
514.2857142857142,434.28571428571433,3434.2857142857147,21.851350873296752,8881946.943914061
585.7142857142858,575.7142857142858,2605.714285714286,21.851433040044185,11673271.125558399
728.5714285714286,670.0,1942.857142857143,21.852148891584484,15895320.635221262
800.0,151.42857142857144,1777.1428571428573,21.85226815761023,10897441.906095233
585.7142857142858,340.0,2771.4285714285716,21.852353243622957,9267190.371865246
514.2857142857142,811.4285714285714,3102.857142857143,21.852873659299647,12064401.016189693
550.0,292.8571428571429,3268.571428571429,21.852886170772976,8014977.326940499
478.57142857142856,952.8571428571429,3434.2857142857147,21.852930444604468,12295094.845966712
550.0,1000.0,2771.4285714285716,21.85353004728089,14249676.38130897
800.0,858.5714285714287,1777.1428571428573,21.853655518727653,19525220.281578846
728.5714285714286,717.1428571428572,1942.857142857143,21.853706228146088,16339818.759998435
692.8571428571429,292.8571428571429,2108.5714285714284,21.853740991368287,10889526.900651623
728.5714285714286,340.0,1942.857142857143,21.85397408683697,12303148.174376948
550.0,481.42857142857144,2937.1428571428573,21.854288601785672,10046511.450919459
550.0,952.8571428571429,2771.4285714285716,21.85430624058034,13912154.46180683
478.57142857142856,670.0,3600.0,21.854630668133545,10234941.27630811
621.4285714285714,245.71428571428572,2605.714285714286,21.854938171827634,8765089.024315326
621.4285714285714,151.42857142857144,2937.1428571428573,21.855183159569496,7232766.784880762
550.0,905.7142857142858,2771.4285714285716,21.855327664132222,13568576.988041373
728.5714285714286,764.2857142857143,1942.857142857143,21.855416304132255,16772695.837770112
621.4285714285714,387.14285714285717,2440.0,21.855567977654196,10539336.653428555
478.57142857142856,905.7142857142858,3434.2857142857147,21.855736719273793,11972390.953477733
514.2857142857142,528.5714285714286,3268.571428571429,21.855748326034078,9768752.678403236
585.7142857142858,528.5714285714286,2605.714285714286,21.855750620164255,11240381.720751014
550.0,245.71428571428572,3434.2857142857147,21.855953800350832,7409509.151069899
514.2857142857142,764.2857142857143,3102.857142857143,21.85600649724646,11710708.474661352
800.0,905.7142857142858,1777.1428571428573,21.856506577323053,19950628.696027976
550.0,858.5714285714287,2771.4285714285716,21.856639497471548,13218443.756273586
728.5714285714286,811.4285714285714,1942.857142857143,21.857237858567153,17195043.979521994
692.8571428571429,151.42857142857144,2274.285714285714,21.857631149149196,8633204.276126059
550.0,811.4285714285714,2771.4285714285716,21.858297207439442,12861181.460293068
585.7142857142858,245.71428571428572,2937.1428571428573,21.858450418305992,8079259.6453862535
478.57142857142856,858.5714285714287,3434.2857142857147,21.858978914052823,11643734.661104219
728.5714285714286,292.8571428571429,1942.857142857143,21.859077298174714,11680713.673121305
728.5714285714286,858.5714285714287,1942.857142857143,21.85913946631199,17607793.419938177
800.0,952.8571428571429,1777.1428571428573,21.85932742713915,20367282.2162683
514.2857142857142,717.1428571428572,3102.857142857143,21.859746744984726,11348839.141458206
550.0,340.0,3102.857142857143,21.86032339501488,8582426.585786194
550.0,764.2857142857143,2771.4285714285716,21.860369518598905,12496128.013598295
657.1428571428571,292.8571428571429,2274.285714285714,21.86053755206544,10144003.654046714
728.5714285714286,905.7142857142858,1942.857142857143,21.861096986239513,18011744.013593122
585.7142857142858,481.42857142857144,2605.714285714286,21.861334354999173,10791436.18161097
478.57142857142856,622.8571428571429,3600.0,21.861596047033434,9866517.943624042
585.7142857142858,198.57142857142858,3102.857142857143,21.86183236750056,7387810.387401013
514.2857142857142,340.0,3600.0,21.86191306986195,7914183.5889728125
800.0,1000.0,1777.1428571428573,21.862111688280322,20775830.236181933
692.8571428571429,104.28571428571429,2440.0,21.8621766747917,7609817.260101797
585.7142857142858,151.42857142857144,3434.2857142857147,21.86229126504052,6581201.58312985
478.57142857142856,811.4285714285714,3434.2857142857147,21.86273312980821,11308601.61633627
550.0,717.1428571428572,2771.4285714285716,21.862942457959033,12122512.301740173
728.5714285714286,952.8571428571429,1942.857142857143,21.863091742531598,18407589.294180065
550.0,434.28571428571433,2937.1428571428573,21.86373716427712,9594011.564448332
514.2857142857142,670.0,3102.857142857143,21.864221832263787,10977924.18913581
728.5714285714286,1000.0,1942.857142857143,21.86510920762493,18795935.13131189
692.8571428571429,245.71428571428572,2108.5714285714284,21.865158057100956,10239149.61806281
621.4285714285714,340.0,2440.0,21.865250135922313,10006007.983913193
514.2857142857142,481.42857142857144,3268.571428571429,21.86536380097531,9348623.659258213
550.0,670.0,2771.4285714285716,21.86612495367277,11739427.633843256
514.2857142857142,387.14285714285717,3434.2857142857147,21.866394654824155,8424306.504478158
478.57142857142856,764.2857142857143,3434.2857142857147,21.86709302822817,10966386.057431113
692.8571428571429,57.142857142857146,2937.1428571428573,21.86712300200456,6194468.287000691
728.5714285714286,245.71428571428572,1942.857142857143,21.867402708458776,11010494.764110507
800.0,57.142857142857146,1942.857142857143,21.86770011066998,8417946.652416058
800.0,10.0,3102.857142857143,21.86790022953613,5435972.230049674
585.7142857142858,434.28571428571433,2605.714285714286,21.86857605693406,10323850.916309852
585.7142857142858,292.8571428571429,2771.4285714285716,21.86928269793628,8718165.211867023
514.2857142857142,622.8571428571429,3102.857142857143,21.869594696505636,10596930.732989438
478.57142857142856,575.7142857142858,3600.0,21.86987012013207,9487301.684138706
657.1428571428571,104.28571428571429,2771.4285714285716,21.86997027326277,6925922.357071322
550.0,622.8571428571429,2771.4285714285716,21.870056728713617,11345796.333831843
478.57142857142856,717.1428571428572,3434.2857142857147,21.872175091315736,10616382.210058598
764.2857142857143,434.28571428571433,1777.1428571428573,21.872886221054674,14336743.145427361
764.2857142857143,104.28571428571429,1942.857142857143,21.872976410652257,9096980.480210872
764.2857142857143,387.14285714285717,1777.1428571428573,21.87315089432077,13766669.212460356
764.2857142857143,481.42857142857144,1777.1428571428573,21.873397847091034,14880427.424524922
550.0,198.57142857142858,3600.0,21.873976902994546,6752987.677103486
764.2857142857143,528.5714285714286,1777.1428571428573,21.87445262416286,15401672.686424281
514.2857142857142,1000.0,2937.1428571428573,21.874489412289112,13440725.654476665
764.2857142857143,340.0,1777.1428571428573,21.874544553892402,13164954.310417902
621.4285714285714,104.28571428571429,3268.571428571429,21.87487447673135,6257153.0320710065
550.0,575.7142857142858,2771.4285714285716,21.87491966420728,10940321.591300443
478.57142857142856,1000.0,3268.571428571429,21.875416680277855,12634951.4354367
657.1428571428571,245.71428571428572,2274.285714285714,21.875468039603696,9513605.787749458
550.0,387.14285714285717,2937.1428571428573,21.875811830815255,9120416.377149908
764.2857142857143,575.7142857142858,1777.1428571428573,21.875891529598253,15903536.95408617
514.2857142857142,575.7142857142858,3102.857142857143,21.876076782389916,10204615.588668194
514.2857142857142,952.8571428571429,2937.1428571428573,21.87612802602973,13113550.337582419
657.1428571428571,57.142857142857146,3600.0,21.87665310175553,5506847.801924261
728.5714285714286,57.142857142857146,2440.0,21.876718415736114,6939894.430806651
514.2857142857142,434.28571428571433,3268.571428571429,21.877290189808512,8911390.722599901
764.2857142857143,622.8571428571429,1777.1428571428573,21.877603333590272,16388443.080403563
764.2857142857143,292.8571428571429,1777.1428571428573,21.87762222264825,12524364.564185077
621.4285714285714,858.5714285714287,2274.285714285714,21.877664595718365,14925463.943537265
621.4285714285714,811.4285714285714,2274.285714285714,21.877740089983703,14546204.346130216
621.4285714285714,905.7142857142858,2274.285714285714,21.877800328803378,15296941.199075792
478.57142857142856,952.8571428571429,3268.571428571429,21.877927629743954,12317940.795119125
800.0,104.28571428571429,1777.1428571428573,21.878013631667862,9876532.75828241
585.7142857142858,387.14285714285717,2605.714285714286,21.878034054983967,9834279.749534337
514.2857142857142,905.7142857142858,2937.1428571428573,21.878072936977286,12780602.277815418
621.4285714285714,764.2857142857143,2274.285714285714,21.878074443816665,14158445.703912418
621.4285714285714,952.8571428571429,2274.285714285714,21.878109197977956,15661256.997796448
478.57142857142856,670.0,3434.2857142857147,21.87812587776412,10257759.885131203
621.4285714285714,1000.0,2274.285714285714,21.878560474658205,16018953.29249603
621.4285714285714,292.8571428571429,2440.0,21.87862007349085,9438802.733873138
621.4285714285714,717.1428571428572,2274.285714285714,21.87872780782629,13761353.698798466
764.2857142857143,670.0,1777.1428571428573,21.879508625057696,16858348.265216563
478.57142857142856,528.5714285714286,3600.0,21.87977500812367,9095842.65713926
621.4285714285714,670.0,2274.285714285714,21.87977698790575,13353947.831568018
585.7142857142858,1000.0,2440.0,21.880030966550414,15137275.743126675
585.7142857142858,952.8571428571429,2440.0,21.88021085217874,14789786.75197924
514.2857142857142,858.5714285714287,2937.1428571428573,21.8803771398662,12441402.607612686
585.7142857142858,905.7142857142858,2440.0,21.880582251133763,14435963.472831741
478.57142857142856,905.7142857142858,3268.571428571429,21.880811246974538,11995436.967882546
728.5714285714286,198.57142857142858,1942.857142857143,21.88091075061839,10276913.457332099
550.0,528.5714285714286,2771.4285714285716,21.880954549935293,10521420.520614965
585.7142857142858,858.5714285714287,2440.0,21.881182558687982,14075284.935872715
550.0,292.8571428571429,3102.857142857143,21.881200075351977,8051860.234008912
621.4285714285714,622.8571428571429,2274.285714285714,21.88132129966121,12935063.342502253
764.2857142857143,717.1428571428572,1777.1428571428573,21.881549751814262,17314859.69824249
550.0,245.71428571428572,3268.571428571429,21.881608831413995,7444356.342521691
657.1428571428571,717.1428571428572,2108.5714285714284,21.88203376432662,14615170.963080117
585.7142857142858,811.4285714285714,2440.0,21.882057856719367,13707154.136270666
657.1428571428571,670.0,2108.5714285714284,21.88218043768399,14195524.436909389
657.1428571428571,764.2857142857143,2108.5714285714284,21.882193535891783,15024076.334819302
657.1428571428571,811.4285714285714,2108.5714285714284,21.882596349502304,15423257.673259787
657.1428571428571,622.8571428571429,2108.5714285714284,21.882716011385323,13763928.906591782
692.8571428571429,198.57142857142858,2108.5714285714284,21.882803539231162,9527401.345521037
621.4285714285714,198.57142857142858,2605.714285714286,21.882826843869296,8096985.490866731
514.2857142857142,811.4285714285714,2937.1428571428573,21.883105413367034,12095402.330998017
657.1428571428571,858.5714285714287,2108.5714285714284,21.88319285214989,15813580.734759318
585.7142857142858,764.2857142857143,2440.0,21.88326544657871,13330881.741829222
764.2857142857143,245.71428571428572,1777.1428571428573,21.883303212871134,11834465.17484323
621.4285714285714,575.7142857142858,2274.285714285714,21.883491027482066,12503299.460033035
728.5714285714286,104.28571428571429,2108.5714285714284,21.883496697546786,8373358.649511168
764.2857142857143,764.2857142857143,1777.1428571428573,21.883684282381125,17759315.8363943
657.1428571428571,575.7142857142858,2108.5714285714284,21.8837492384341,13318932.316896373
657.1428571428571,905.7142857142858,2108.5714285714284,21.88394421399345,16195789.450749476
514.2857142857142,528.5714285714286,3102.857142857143,21.883947171251762,9799460.968712742
478.57142857142856,858.5714285714287,3268.571428571429,21.88412934708857,11666982.587741222
657.1428571428571,952.8571428571429,2108.5714285714284,21.884819596226453,16570528.475439116
585.7142857142858,717.1428571428572,2440.0,21.884877303429334,12945665.05495658
478.57142857142856,622.8571428571429,3434.2857142857147,21.885132219928416,9889531.919075873
657.1428571428571,528.5714285714286,2108.5714285714284,21.8854259133387,12858764.133670995
514.2857142857142,340.0,3434.2857142857147,21.885640225909924,7942375.146772383
657.1428571428571,151.42857142857144,2440.0,21.885763639910717,7971595.885052752
657.1428571428571,1000.0,2108.5714285714284,21.885794303183896,16938360.65814062
764.2857142857143,811.4285714285714,1777.1428571428573,21.88588064065328,18192845.000620537
514.2857142857142,764.2857142857143,2937.1428571428573,21.886337681656833,11741967.25796543
764.2857142857143,57.142857142857146,2108.5714285714284,21.886415654483244,7702616.217617977
621.4285714285714,528.5714285714286,2274.285714285714,21.886459940458543,12056947.495010465
585.7142857142858,670.0,2440.0,21.886984865193572,12550560.432354322
585.7142857142858,151.42857142857144,3268.571428571429,21.88703392431437,6621043.326068852
514.2857142857142,292.8571428571429,3600.0,21.887250935224404,7402133.371606074
657.1428571428571,481.42857142857144,2108.5714285714284,21.887945245758306,12381229.515019707
478.57142857142856,811.4285714285714,3268.571428571429,21.88795725714563,11332053.224992787
764.2857142857143,858.5714285714287,1777.1428571428573,21.88811512275876,18616408.56093891
800.0,10.0,2937.1428571428573,21.88840844913643,5517536.944322437
550.0,481.42857142857144,2771.4285714285716,21.88848645894446,10087128.677298158
621.4285714285714,151.42857142857144,2771.4285714285716,21.88862383952239,7288168.053652522
550.0,1000.0,2605.714285714286,21.88964856901728,14289533.850353666
585.7142857142858,622.8571428571429,2440.0,21.88970579507985,12144446.506323617
442.8571428571429,1000.0,3600.0,21.889953447597563,11865676.678199625
514.2857142857142,717.1428571428572,2937.1428571428573,21.89017358273771,11380358.540846262
764.2857142857143,905.7142857142858,1777.1428571428573,21.890369816749057,19030833.380463764
621.4285714285714,481.42857142857144,2274.285714285714,21.89046432395819,11593888.340923067
585.7142857142858,340.0,2605.714285714286,21.890530643518222,9318262.240804872
550.0,952.8571428571429,2605.714285714286,21.890565419881046,13952307.809983581
550.0,340.0,2937.1428571428573,21.891467393332185,8621434.851651648
657.1428571428571,434.28571428571433,2108.5714285714284,21.89158562161748,11883553.938334784
550.0,905.7142857142858,2605.714285714286,21.891728655546917,13609030.735060161
478.57142857142856,481.42857142857144,3600.0,21.891743191643133,8690340.93094166
514.2857142857142,387.14285714285717,3268.571428571429,21.89227185156458,8453966.507419292
478.57142857142856,764.2857142857143,3268.571428571429,21.892387635834908,10990042.964752298
585.7142857142858,198.57142857142858,2937.1428571428573,21.892480269894882,7433252.987529575
764.2857142857143,952.8571428571429,1777.1428571428573,21.89263112584567,19436836.60590824
585.7142857142858,245.71428571428572,2771.4285714285716,21.892695128645336,8127635.9379053945
550.0,858.5714285714287,2605.714285714286,21.893182922718452,13259202.72282803
585.7142857142858,575.7142857142858,2440.0,21.89319373186361,11725974.181726426
764.2857142857143,198.57142857142858,1777.1428571428573,21.89321849680684,11079243.030182809
478.57142857142856,575.7142857142858,3434.2857142857147,21.893435853156433,9510509.879552323
442.8571428571429,952.8571428571429,3600.0,21.8934672062615,11558924.080296354
514.2857142857142,481.42857142857144,3102.857142857143,21.893581507245486,9379582.741109671
692.8571428571429,622.8571428571429,1942.857142857143,21.894640681040425,14635988.903616918
692.8571428571429,575.7142857142858,1942.857142857143,21.894726272311342,14177831.18077225
514.2857142857142,670.0,2937.1428571428573,21.894738779457764,11009707.144557701
764.2857142857143,1000.0,1777.1428571428573,21.894888703521396,19835044.89673634
692.8571428571429,670.0,1942.857142857143,21.894939682902912,15080223.361460948
550.0,811.4285714285714,2605.714285714286,21.894982971426085,12902250.757064398
692.8571428571429,528.5714285714286,1942.857142857143,21.89531676028655,13703918.440004658
692.8571428571429,717.1428571428572,1942.857142857143,21.895534070155872,15512037.415297149
621.4285714285714,434.28571428571433,2274.285714285714,21.895832855929413,11111441.917698305
657.1428571428571,57.142857142857146,3434.2857142857147,21.896236151990163,5552691.464012608
692.8571428571429,764.2857142857143,1942.857142857143,21.896356635175117,15932681.636116054
692.8571428571429,481.42857142857144,1942.857142857143,21.89657743887451,13211980.936204243
657.1428571428571,387.14285714285717,2108.5714285714284,21.896746690299786,11362146.833459046
550.0,198.57142857142858,3434.2857142857147,21.897061482414422,6785831.242158924
692.8571428571429,57.142857142857146,2771.4285714285716,21.89719092375886,6263463.042051187
550.0,764.2857142857143,2605.714285714286,21.897196563209164,12537513.015553975
692.8571428571429,811.4285714285714,1942.857142857143,21.89735605168007,16343209.480083266
442.8571428571429,905.7142857142858,3600.0,21.89742487834969,11246959.562242264
621.4285714285714,245.71428571428572,2440.0,21.89746431480601,8828487.00503647
478.57142857142856,717.1428571428572,3268.571428571429,21.897535656401157,10640245.771910395
585.7142857142858,528.5714285714286,2440.0,21.897652685591112,11293497.130546844
657.1428571428571,198.57142857142858,2274.285714285714,21.897762637737422,8823850.79968442
550.0,434.28571428571433,2771.4285714285716,21.89796442697649,9634959.712190617
692.8571428571429,858.5714285714287,1942.857142857143,21.89849266024573,16744517.917258624
692.8571428571429,434.28571428571433,1942.857142857143,21.89874050362736,12699150.829881825
692.8571428571429,905.7142857142858,1942.857142857143,21.899735504879807,17137377.93106943
550.0,717.1428571428572,2605.714285714286,21.89990842917014,12164218.599948158
514.2857142857142,622.8571428571429,2937.1428571428573,21.900193839961663,10628979.783340339
621.4285714285714,104.28571428571429,3102.857142857143,21.90099408231431,6305095.915487347
692.8571428571429,952.8571428571429,1942.857142857143,21.901060210983783,17522457.805915214
442.8571428571429,858.5714285714287,3600.0,21.90189735411892,10929347.747767178
692.8571428571429,387.14285714285717,1942.857142857143,21.902140931609807,12161718.747780895
478.57142857142856,1000.0,3102.857142857143,21.90241132765768,12658881.40691915
692.8571428571429,1000.0,1942.857142857143,21.90244744101763,17900341.178243633
621.4285714285714,387.14285714285717,2274.285714285714,21.90303530776271,10606138.01578556
550.0,670.0,2605.714285714286,21.903225746103974,11781460.952834526
478.57142857142856,528.5714285714286,3434.2857142857147,21.903354905121525,9119242.456022162
585.7142857142858,481.42857142857144,2440.0,21.90335888091486,10844972.669336662
728.5714285714286,151.42857142857144,1942.857142857143,21.90341391447392,9453841.88971556
478.57142857142856,670.0,3268.571428571429,21.903546155606143,10281831.043248365
657.1428571428571,340.0,2108.5714285714284,21.904021312740873,10812226.220211526
478.57142857142856,952.8571428571429,3102.857142857143,21.90501135243683,12342078.32239639
514.2857142857142,434.28571428571433,3102.857142857143,21.905497144226796,8942595.554243047
657.1428571428571,104.28571428571429,2605.714285714286,21.906102495891542,6993178.13246522
478.57142857142856,434.28571428571433,3600.0,21.906368780774546,8268517.570928621
514.2857142857142,575.7142857142858,2937.1428571428573,21.906746996092185,10236932.58209943
442.8571428571429,811.4285714285714,3600.0,21.906970769400683,10605589.342957525
514.2857142857142,1000.0,2771.4285714285716,21.90698903882755,13472678.18061158
692.8571428571429,340.0,1942.857142857143,21.907277959824093,11594747.40003979
550.0,622.8571428571429,2605.714285714286,21.90728585379645,11388162.395801712
585.7142857142858,292.8571428571429,2605.714285714286,21.907327411346625,8769634.329735035
478.57142857142856,905.7142857142858,3102.857142857143,21.907983474525103,12019784.169837939
692.8571428571429,104.28571428571429,2274.285714285714,21.90831645090807,7698299.149612914
514.2857142857142,952.8571428571429,2771.4285714285716,21.90874718797964,13145756.136038706
800.0,387.14285714285717,1611.4285714285716,21.909108314174144,14706610.849435454
800.0,340.0,1611.4285714285716,21.90925374679606,14088082.398975333
550.0,245.71428571428572,3102.857142857143,21.909605659618553,7481429.7766509615
800.0,434.28571428571433,1611.4285714285716,21.909827144135374,15292481.425736712
550.0,387.14285714285717,2771.4285714285716,21.910025871088948,9161691.602995541
764.2857142857143,151.42857142857144,1777.1428571428573,21.91055672008854,10231866.317499544
478.57142857142856,622.8571428571429,3268.571428571429,21.910603677324342,9913810.980732009
585.7142857142858,434.28571428571433,2440.0,21.910694973406255,10377816.093474066
800.0,292.8571428571429,1611.4285714285716,21.910711536327565,13429460.45321104
514.2857142857142,292.8571428571429,3434.2857142857147,21.910774307952696,7430470.6108821165
514.2857142857142,905.7142857142858,2771.4285714285716,21.91081201711999,12813064.681045897
800.0,481.42857142857144,1611.4285714285716,21.911127446644038,15851095.333679382
692.8571428571429,151.42857142857144,2108.5714285714284,21.911162754677566,8728878.222892174
478.57142857142856,858.5714285714287,3102.857142857143,21.91138889851545,11691541.59016946
514.2857142857142,340.0,3268.571428571429,21.911398022430394,7972232.982544525
800.0,10.0,2771.4285714285716,21.911680790929072,5606571.450256799
550.0,292.8571428571429,2937.1428571428573,21.91216390897751,8091135.137436493
550.0,575.7142857142858,2605.714285714286,21.912267359457676,10983025.897327527
442.8571428571429,1000.0,3434.2857142857147,21.91263245208352,11883553.484459829
442.8571428571429,764.2857142857143,3600.0,21.912750777510478,10275107.3758473
621.4285714285714,340.0,2274.285714285714,21.912765606836636,10073352.183669375
800.0,528.5714285714286,1611.4285714285716,21.912823701931536,16386518.277761064
514.2857142857142,858.5714285714287,2771.4285714285716,21.913235939136765,12474125.099698197
585.7142857142858,151.42857142857144,3102.857142857143,21.914133057930222,6663587.809381818
800.0,245.71428571428572,1611.4285714285716,21.914228522540967,12720026.965989983
657.1428571428571,292.8571428571429,2108.5714285714284,21.91432559651536,10227190.165279413
514.2857142857142,528.5714285714286,2937.1428571428573,21.914672912214705,9832046.624167394
800.0,575.7142857142858,1611.4285714285716,21.914790449320872,16901898.956409186
692.8571428571429,292.8571428571429,1942.857142857143,21.914926461410147,10991424.970135802
478.57142857142856,811.4285714285714,3102.857142857143,21.9153021591525,11356826.110066907
478.57142857142856,481.42857142857144,3434.2857142857147,21.91531632941662,8713927.54013884
514.2857142857142,811.4285714285714,2771.4285714285716,21.91608296304031,12128388.51529002
442.8571428571429,952.8571428571429,3434.2857142857147,21.916213454586448,11576968.430830097
800.0,622.8571428571429,1611.4285714285716,21.91694077334998,17399733.221884605
728.5714285714286,528.5714285714286,1777.1428571428573,21.917100750986226,14598850.200964145
728.5714285714286,481.42857142857144,1777.1428571428573,21.91734122957405,14092584.357000852
728.5714285714286,575.7142857142858,1777.1428571428573,21.91737974092928,15086434.05171192
657.1428571428571,57.142857142857146,3268.571428571429,21.917789437977458,5601893.476383683
728.5714285714286,622.8571428571429,1777.1428571428573,21.918043392660636,15557679.52703338
728.5714285714286,434.28571428571433,1777.1428571428573,21.91829165302877,13564676.764770202
550.0,528.5714285714286,2605.714285714286,21.918406499442764,10564468.000257602
478.57142857142856,575.7142857142858,3268.571428571429,21.918946878428745,9534996.19731003
728.5714285714286,670.0,1777.1428571428573,21.918994209038466,16014478.827281011
800.0,670.0,1611.4285714285716,21.91921329288661,17882038.10138475
442.8571428571429,717.1428571428572,3600.0,21.91936833698231,9937229.411430376
514.2857142857142,764.2857142857143,2771.4285714285716,21.91943199320132,11775220.80577995
478.57142857142856,764.2857142857143,3102.857142857143,21.919814882320434,11015031.698547054
728.5714285714286,717.1428571428572,1777.1428571428573,21.920160387703564,16458385.033742424
585.7142857142858,387.14285714285717,2440.0,21.920205701335693,9888678.849788679
728.5714285714286,387.14285714285717,1777.1428571428573,21.920228301847946,13011301.196327819
442.8571428571429,905.7142857142858,3434.2857142857147,21.920237221984355,11265172.678361207
728.5714285714286,57.142857142857146,2274.285714285714,21.920423649270248,7038583.018094112
514.2857142857142,387.14285714285717,3102.857142857143,21.920426289152328,8485407.356771206
800.0,198.57142857142858,1611.4285714285716,21.921137290033343,11943347.952507023
514.2857142857142,245.71428571428572,3600.0,21.921305344658528,6851933.735445719
728.5714285714286,764.2857142857143,1777.1428571428573,21.92148823640422,16890690.989388883
800.0,717.1428571428572,1611.4285714285716,21.921563993973674,18350470.56382084
550.0,198.57142857142858,3268.571428571429,21.922206915926708,6820752.047254566
728.5714285714286,811.4285714285714,1777.1428571428573,21.92293708372448,17312486.137711618
514.2857142857142,717.1428571428572,2771.4285714285716,21.923381311071083,11413883.112325791
728.5714285714286,340.0,1777.1428571428573,21.923565013415324,12427367.839297123
800.0,764.2857142857143,1611.4285714285716,21.923960939993613,18806411.02591331
514.2857142857142,481.42857142857144,2937.1428571428573,21.924341057861245,9412435.974405186
585.7142857142858,1000.0,2274.285714285714,21.924373286536696,15190846.312243251
728.5714285714286,858.5714285714287,1777.1428571428573,21.924475783010404,17724698.39173873
478.57142857142856,387.14285714285717,3600.0,21.924490405507164,7827418.250382472
585.7142857142858,952.8571428571429,2274.285714285714,21.92474630545865,14843696.570802543
442.8571428571429,858.5714285714287,3434.2857142857147,21.924774033113067,10947730.769993568
621.4285714285714,198.57142857142858,2440.0,21.92489012888451,8160843.421576782
478.57142857142856,717.1428571428572,3102.857142857143,21.92504088673727,10665452.10052241
585.7142857142858,905.7142857142858,2274.285714285714,21.925314019701286,14490218.573747886
550.0,340.0,2771.4285714285716,21.92560598306915,8663026.736233542
621.4285714285714,151.42857142857144,2605.714285714286,21.925666071834733,7347748.2712937845
550.0,481.42857142857144,2605.714285714286,21.926021914419163,10130523.125027357
728.5714285714286,905.7142857142858,1777.1428571428573,21.926080260920944,18128125.575270955
621.4285714285714,292.8571428571429,2274.285714285714,21.926091596310318,9506695.657135135
585.7142857142858,858.5714285714287,2274.285714285714,21.926113415693216,14129891.914833046
585.7142857142858,198.57142857142858,2771.4285714285716,21.926212795157394,7481885.24203092
692.8571428571429,245.71428571428572,1942.857142857143,21.926353419210873,10341907.850933395
800.0,811.4285714285714,1611.4285714285716,21.926380752733767,19251023.578115273
442.8571428571429,670.0,3600.0,21.926987682378538,9591164.213279149
585.7142857142858,811.4285714285714,2274.285714285714,21.92718998887155,13762120.18318689
728.5714285714286,952.8571428571429,1777.1428571428573,21.927731767096276,18523459.437204376
621.4285714285714,905.7142857142858,2108.5714285714284,21.928046002786598,15364421.715089891
514.2857142857142,670.0,2771.4285714285716,21.9280547640104,11043506.268268697
621.4285714285714,952.8571428571429,2108.5714285714284,21.92812030956442,15728352.046040062
621.4285714285714,858.5714285714287,2108.5714285714284,21.928149308227233,14993338.030903094
621.4285714285714,1000.0,2108.5714285714284,21.928341782074366,16085670.174939426
621.4285714285714,811.4285714285714,2108.5714285714284,21.928467872707778,14614480.980344191
585.7142857142858,764.2857142857143,2274.285714285714,21.92860021276999,13386214.665211754
800.0,858.5714285714287,1611.4285714285716,21.928806217025457,19685300.38554332
478.57142857142856,528.5714285714286,3268.571428571429,21.92888968504146,9143933.95523013
728.5714285714286,292.8571428571429,1777.1428571428573,21.928947154880543,11805859.13104688
621.4285714285714,764.2857142857143,2108.5714285714284,21.92904866028435,14227134.806094704
657.1428571428571,245.71428571428572,2108.5714285714284,21.929151003727846,9597491.117266912
550.0,1000.0,2440.0,21.92927827569863,14332441.876207521
728.5714285714286,1000.0,1777.1428571428573,21.929415604209375,18911304.271478664
621.4285714285714,104.28571428571429,2937.1428571428573,21.929795538002562,6356542.468163147
585.7142857142858,104.28571428571429,3600.0,21.929888042690205,5698510.859521585
478.57142857142856,434.28571428571433,3434.2857142857147,21.929906424144246,8292282.937699032
442.8571428571429,811.4285714285714,3434.2857142857147,21.929909239176634,10624143.27231197
621.4285714285714,717.1428571428572,2108.5714285714284,21.929950842957346,13830466.210328389
550.0,952.8571428571429,2440.0,21.930357946360633,13995513.63569815
585.7142857142858,717.1428571428572,2274.285714285714,21.930414903805417,13001373.295553721
585.7142857142858,245.71428571428572,2605.714285714286,21.930463449960712,8179471.99120019
692.8571428571429,57.142857142857146,2605.714285714286,21.930835377960612,6338229.8591381265
478.57142857142856,670.0,3102.857142857143,21.9311232187317,10307256.343403343
800.0,905.7142857142858,1611.4285714285716,21.931224617282304,20110095.056231704
621.4285714285714,670.0,2108.5714285714284,21.9312498132456,13423495.78495586
550.0,905.7142857142858,2440.0,21.931685945151646,13652539.09663866
478.57142857142856,1000.0,2937.1428571428573,21.931735359494578,12684220.97180496
657.1428571428571,151.42857142857144,2274.285714285714,21.932622704776858,8050073.417758376
585.7142857142858,340.0,2440.0,21.93269258280764,9373095.872130414
585.7142857142858,670.0,2274.285714285714,21.932723882592732,12606653.057274444
621.4285714285714,622.8571428571429,2108.5714285714284,21.933042857425246,13005059.919957042
550.0,858.5714285714287,2440.0,21.933306416865513,13303018.717362171
514.2857142857142,622.8571428571429,2771.4285714285716,21.933610470273347,10663056.673928436
800.0,952.8571428571429,1611.4285714285716,21.93362656191638,20526148.14555002
800.0,151.42857142857144,1611.4285714285716,21.934057151109815,11071913.693651596
478.57142857142856,952.8571428571429,2937.1428571428573,21.934437103955922,12367633.272285353
550.0,811.4285714285714,2440.0,21.935273421913237,12946379.841056773
621.4285714285714,575.7142857142858,2108.5714285714284,21.935457345410594,12573759.024405343
764.2857142857143,10.0,3600.0,21.935523530032427,4795469.92563862
550.0,434.28571428571433,2605.714285714286,21.935553375553592,9678702.86941753
800.0,57.142857142857146,1777.1428571428573,21.935570783510702,8578461.773214519
585.7142857142858,622.8571428571429,2274.285714285714,21.93564255144637,12200933.169700354
442.8571428571429,764.2857142857143,3434.2857142857147,21.935747480714618,10293832.99257004
442.8571428571429,622.8571428571429,3600.0,21.93581750460083,9235970.58958519
800.0,1000.0,1611.4285714285716,21.93600513964662,20934106.944752686
550.0,151.42857142857144,3600.0,21.93610551099468,6054458.567511294
514.2857142857142,434.28571428571433,2937.1428571428573,21.936259978215915,8975712.420692915
514.2857142857142,292.8571428571429,3268.571428571429,21.936328726254356,7460495.448966055
442.8571428571429,1000.0,3268.571428571429,21.93712664165398,11902345.396292362
728.5714285714286,245.71428571428572,1777.1428571428573,21.937434704465865,11136641.861359462
478.57142857142856,905.7142857142858,2937.1428571428573,21.937510709037653,12045556.852539321
550.0,764.2857142857143,2440.0,21.937653779411715,12581960.990453836
800.0,10.0,2605.714285714286,21.938221412750103,5704051.264602227
478.57142857142856,622.8571428571429,3102.857142857143,21.938244032471086,9939456.043431822
621.4285714285714,528.5714285714286,2108.5714285714284,21.938662837757665,12127885.565622378
585.7142857142858,575.7142857142858,2274.285714285714,21.939321371143176,11782865.028825259
514.2857142857142,340.0,3102.857142857143,21.939439925615492,8003892.592735889
657.1428571428571,764.2857142857143,1942.857142857143,21.93971084857025,15109404.281921113
657.1428571428571,811.4285714285714,1942.857142857143,21.939813540618076,15508138.120675331
657.1428571428571,717.1428571428572,1942.857142857143,21.93985642968446,14700959.720588176
657.1428571428571,858.5714285714287,1942.857142857143,21.940115880033936,15898025.53209877
550.0,245.71428571428572,2937.1428571428573,21.940253024411245,7520926.505686347
514.2857142857142,575.7142857142858,2771.4285714285716,21.940253320358835,10271289.863501139
657.1428571428571,670.0,1942.857142857143,21.94031256198801,14281788.940039039
550.0,717.1428571428572,2440.0,21.940530934241806,12208991.57762592
657.1428571428571,905.7142857142858,1942.857142857143,21.940579484919432,16279809.134011066
442.8571428571429,952.8571428571429,3268.571428571429,21.94078382555545,11595935.815828416
478.57142857142856,481.42857142857144,3268.571428571429,21.940853216284705,8738820.008581756
478.57142857142856,858.5714285714287,2937.1428571428573,21.94101676138116,11717534.393087106
657.1428571428571,622.8571428571429,1942.857142857143,21.94116000456712,13850685.892774776
657.1428571428571,952.8571428571429,1942.857142857143,21.9411737670174,16654132.398835007
657.1428571428571,57.142857142857146,3102.857142857143,21.941596002205216,5654803.564801295
657.1428571428571,1000.0,1942.857142857143,21.941874141233303,17021557.11128557
442.8571428571429,717.1428571428572,3434.2857142857147,21.942418399500397,9956127.161833825
657.1428571428571,575.7142857142858,1942.857142857143,21.942504982475537,13406200.512692204
514.2857142857142,1000.0,2605.714285714286,21.94251883229131,13506832.873826541
764.2857142857143,104.28571428571429,1777.1428571428573,21.94255456906461,9240820.579238193
621.4285714285714,481.42857142857144,2108.5714285714284,21.942889479752413,11665321.464415375
728.5714285714286,104.28571428571429,1942.857142857143,21.94351761500958,8491058.6710612
692.8571428571429,198.57142857142858,1942.857142857143,21.94377920933587,9631058.248270752
585.7142857142858,151.42857142857144,2937.1428571428573,21.943910981684894,6709089.281328423
585.7142857142858,528.5714285714286,2274.285714285714,21.943959843079067,11350802.606339486
550.0,670.0,2440.0,21.94401030402009,11826565.289695967
764.2857142857143,57.142857142857146,1942.857142857143,21.944320877352272,7834229.279561706
514.2857142857142,952.8571428571429,2605.714285714286,21.94441458094195,13180168.403789725
657.1428571428571,528.5714285714286,1942.857142857143,21.944489532888163,12946564.4385745
514.2857142857142,245.71428571428572,3434.2857142857147,21.944504457282672,6880363.913701416
621.4285714285714,245.71428571428572,2274.285714285714,21.944744622008237,8896922.069763964
442.8571428571429,905.7142857142858,3268.571428571429,21.94488280342524,11284316.943599947
478.57142857142856,811.4285714285714,2937.1428571428573,21.945028987722193,11383041.413376397
442.8571428571429,575.7142857142858,3600.0,21.946126960463292,8870514.991773222
550.0,292.8571428571429,2771.4285714285716,21.946134017964333,8133021.935135361
657.1428571428571,104.28571428571429,2440.0,21.946442208028998,7065910.141037596
514.2857142857142,905.7142857142858,2605.714285714286,21.946617973029316,12847738.06880543
478.57142857142856,575.7142857142858,3102.857142857143,21.946638757374185,9560860.911204502
657.1428571428571,481.42857142857144,1942.857142857143,21.947307254794815,12469585.155645685
478.57142857142856,340.0,3600.0,21.947331318095795,7363100.931325133
550.0,387.14285714285717,2605.714285714286,21.9476246307175,9205781.631225878
478.57142857142856,387.14285714285717,3434.2857142857147,21.94795249516486,7851349.354295074
550.0,622.8571428571429,2440.0,21.948226809875027,11433604.577728987
514.2857142857142,528.5714285714286,2771.4285714285716,21.948253360552478,9866685.906037841
621.4285714285714,434.28571428571433,2108.5714285714284,21.948456853045098,11183387.341518275
514.2857142857142,858.5714285714287,2605.714285714286,21.949180851112207,12509063.350474382
585.7142857142858,292.8571428571429,2440.0,21.9493842246829,8824894.34019509
764.2857142857143,10.0,3434.2857142857147,21.94948267129984,4853267.255456012
442.8571428571429,858.5714285714287,3268.571428571429,21.94949322491545,10967053.262903852
478.57142857142856,764.2857142857143,2937.1428571428573,21.94963795369201,11041471.806892753
550.0,198.57142857142858,3102.857142857143,21.949679967187098,6857930.559697379
585.7142857142858,481.42857142857144,2274.285714285714,21.949827710742667,10902703.164242934
442.8571428571429,670.0,3434.2857142857147,21.950084503011396,9610234.050966784
728.5714285714286,198.57142857142858,1777.1428571428573,21.950893370618648,10404146.589700341
657.1428571428571,198.57142857142858,2108.5714285714284,21.951100086030607,8908433.714881035
514.2857142857142,387.14285714285717,2937.1428571428573,21.951148998176397,8518779.347264715
585.7142857142858,104.28571428571429,3434.2857142857147,21.95120785994376,5735484.7750164075
657.1428571428571,434.28571428571433,1942.857142857143,21.951228061353543,11972490.537713649
764.2857142857143,481.42857142857144,1611.4285714285716,21.951447387841895,15031706.706930159
764.2857142857143,434.28571428571433,1611.4285714285716,21.95146784176894,14488770.88303892
764.2857142857143,528.5714285714286,1611.4285714285716,21.95197269308669,15552253.144705594
514.2857142857142,811.4285714285714,2605.714285714286,21.952166459613196,12163595.543697156
764.2857142857143,387.14285714285717,1611.4285714285716,21.952258158466265,13919504.838491151
764.2857142857143,575.7142857142858,1611.4285714285716,21.952890138131508,16053460.279041564
550.0,575.7142857142858,2440.0,21.95335570614005,11028812.346843658
764.2857142857143,622.8571428571429,1611.4285714285716,21.9540916844268,16537744.454815099
764.2857142857143,340.0,1611.4285714285716,21.95415578748082,13318669.509408781
442.8571428571429,811.4285714285714,3268.571428571429,21.95469962994426,10643645.223722856
478.57142857142856,717.1428571428572,2937.1428571428573,21.954956079266573,10692119.143800087
478.57142857142856,434.28571428571433,3268.571428571429,21.9554154979666,8317368.932557905
764.2857142857143,670.0,1611.4285714285716,21.955499735412374,17007057.479799572
514.2857142857142,764.2857142857143,2605.714285714286,21.95565267835288,11810700.654329756
621.4285714285714,387.14285714285717,2108.5714285714284,21.955820968407796,10678612.987929279
407.14285714285717,1000.0,3600.0,21.9562351129708,11155227.644113205
478.57142857142856,528.5714285714286,3102.857142857143,21.956616898169614,9170016.83665514
657.1428571428571,387.14285714285717,1942.857142857143,21.95663857616166,11451692.280412568
764.2857142857143,717.1428571428572,1611.4285714285716,21.957057581810172,17463002.03205909
585.7142857142858,434.28571428571433,2274.285714285714,21.95729814867743,10435981.30658171
764.2857142857143,292.8571428571429,1611.4285714285716,21.957689518832076,12679046.519936325
514.2857142857142,481.42857142857144,2771.4285714285716,21.957973572594273,9447357.195043568
442.8571428571429,528.5714285714286,3600.0,21.958269142578427,8493412.509606093
550.0,151.42857142857144,3434.2857142857147,21.95838417338549,6087184.42405003
764.2857142857143,764.2857142857143,1611.4285714285716,21.958723177499362,17906912.75967416
442.8571428571429,622.8571428571429,3434.2857142857147,21.958952192956875,9255211.75027126
800.0,104.28571428571429,1611.4285714285716,21.958964290974258,10052971.922286162
550.0,528.5714285714286,2440.0,21.959628528088203,10610604.75895123
514.2857142857142,717.1428571428572,2605.714285714286,21.95973641271248,11449639.88131364
692.8571428571429,104.28571428571429,2108.5714285714284,21.96030441012158,7794694.26768482
764.2857142857143,811.4285714285714,1611.4285714285716,21.960464973910614,18339914.741979722
442.8571428571429,764.2857142857143,3268.571428571429,21.96060560734009,10313515.437200911
692.8571428571429,670.0,1777.1428571428573,21.96082402825862,15187679.44616243
692.8571428571429,622.8571428571429,1777.1428571428573,21.96091506119427,14743953.571705041
407.14285714285717,952.8571428571429,3600.0,21.960973209299308,10859089.871015118
692.8571428571429,717.1428571428572,1777.1428571428573,21.961035347995544,15619004.545488436
478.57142857142856,670.0,2937.1428571428573,21.96112455204727,10334152.132511325
692.8571428571429,575.7142857142858,1777.1428571428573,21.961395677871298,14286326.925942939
692.8571428571429,764.2857142857143,1777.1428571428573,21.96148304124344,16039176.941680135
621.4285714285714,104.28571428571429,2771.4285714285716,21.9616694838678,6411848.997202405
692.8571428571429,811.4285714285714,1777.1428571428573,21.9621165062786,16449247.9047628
764.2857142857143,858.5714285714287,1611.4285714285716,21.962259066226927,18762966.56979492
692.8571428571429,528.5714285714286,1777.1428571428573,21.962383079774558,13812971.046025004
692.8571428571429,858.5714285714287,1777.1428571428573,21.96289646588075,16850112.48581755
550.0,340.0,2605.714285714286,21.96315008712904,8707455.600424511
585.7142857142858,198.57142857142858,2605.714285714286,21.963469786523227,7534022.985249462
442.8571428571429,1000.0,3102.857142857143,21.963650390226423,11922128.583200611
478.57142857142856,1000.0,2771.4285714285716,21.963682110482196,12711126.663510248
764.2857142857143,245.71428571428572,1611.4285714285716,21.96373175993962,11990220.860712038
692.8571428571429,905.7142857142858,1777.1428571428573,21.963792112621434,17242539.977662276
692.8571428571429,481.42857142857144,1777.1428571428573,21.964037736348587,13321619.964201637
764.2857142857143,905.7142857142858,1611.4285714285716,21.96408719803116,19176892.70751785
657.1428571428571,340.0,1942.857142857143,21.9641111198189,10902410.094268383
514.2857142857142,292.8571428571429,3102.857142857143,21.964169584066585,7492344.124802368
514.2857142857142,670.0,2605.714285714286,21.96453965289353,11079544.006142752
692.8571428571429,952.8571428571429,1777.1428571428573,21.964779061050734,17627197.169759173
764.2857142857143,10.0,3268.571428571429,21.96509131852584,4915813.856399424
621.4285714285714,340.0,2108.5714285714284,21.96565435259588,10146372.527789386
692.8571428571429,1000.0,1777.1428571428573,21.965837854652225,18004666.37180034
764.2857142857143,952.8571428571429,1611.4285714285716,21.96593534094351,19582408.21888668
407.14285714285717,905.7142857142858,3600.0,21.966226640913515,10558025.79126983
478.57142857142856,952.8571428571429,2771.4285714285716,21.966500282470246,12394759.451040162
692.8571428571429,434.28571428571433,1777.1428571428573,21.966584323189984,12809410.159256341
621.4285714285714,151.42857142857144,2440.0,21.966851042836673,7411956.335313525
585.7142857142858,387.14285714285717,2274.285714285714,21.96690170865245,9947286.648726488
442.8571428571429,717.1428571428572,3268.571428571429,21.967339426101958,9975990.82682931
550.0,481.42857142857144,2440.0,21.967357226633233,10177015.33203667
442.8571428571429,952.8571428571429,3102.857142857143,21.967394076296515,11615901.38485087
764.2857142857143,1000.0,1611.4285714285716,21.967792667387034,19980137.9444647
657.1428571428571,57.142857142857146,2937.1428571428573,21.967990103465,5711816.051401594
478.57142857142856,622.8571428571429,2937.1428571428573,21.96832303328568,9966581.85946766
478.57142857142856,481.42857142857144,3102.857142857143,21.96859341233297,8765117.491277155
692.8571428571429,57.142857142857146,2440.0,21.968642211448316,6419445.982729856
800.0,10.0,2440.0,21.9686451916018,5811110.558090427
514.2857142857142,198.57142857142858,3600.0,21.968799140502483,6250938.948720136
442.8571428571429,575.7142857142858,3434.2857142857147,21.969287553799834,8889925.669680247
478.57142857142856,905.7142857142858,2771.4285714285716,21.969690493473955,12072906.047976106
514.2857142857142,245.71428571428572,3268.571428571429,21.96972788598565,6910503.614425864
514.2857142857142,434.28571428571433,2771.4285714285716,21.969913202851753,9010912.807892796
728.5714285714286,57.142857142857146,2108.5714285714284,21.9700272241286,7146548.762589911
514.2857142857142,340.0,2937.1428571428573,21.970059675643796,8037503.792451362
514.2857142857142,622.8571428571429,2605.714285714286,21.970217992305674,10699379.207859378
692.8571428571429,387.14285714285717,1777.1428571428573,21.970345958116987,12272637.134183666
478.57142857142856,340.0,3434.2857142857147,21.970660863036276,7387176.991230813
692.8571428571429,151.42857142857144,1942.857142857143,21.971493162047196,8833446.685357815
442.8571428571429,905.7142857142858,3102.857142857143,21.971578810485514,11304466.476227602
621.4285714285714,198.57142857142858,2274.285714285714,21.97173306893779,8229787.126994305
407.14285714285717,858.5714285714287,3600.0,21.97207414306658,10251622.40436377
585.7142857142858,245.71428571428572,2440.0,21.97226472180835,8235133.470236348
442.8571428571429,481.42857142857144,3600.0,21.972716426861847,8102942.6267242255
550.0,1000.0,2274.285714285714,21.972903032988512,14378934.728056177
728.5714285714286,151.42857142857144,1777.1428571428573,21.972943206944326,9582245.760934882
478.57142857142856,858.5714285714287,2771.4285714285716,21.973312708791738,11745109.208069386
585.7142857142858,1000.0,2108.5714285714284,21.973372792134352,15249479.700294642
478.57142857142856,387.14285714285717,3268.571428571429,21.97339180782049,7876616.47122995
764.2857142857143,198.57142857142858,1611.4285714285716,21.9738245715552,11236204.638613285
550.0,245.71428571428572,2771.4285714285716,21.973910760774636,7563066.252775391
585.7142857142858,952.8571428571429,2108.5714285714284,21.973970941750437,14902649.270043768
550.0,952.8571428571429,2274.285714285714,21.974171552209647,14042295.604365496
657.1428571428571,292.8571428571429,1942.857142857143,21.974528268773657,10318042.175676387
585.7142857142858,104.28571428571429,3268.571428571429,21.974536142697573,5774966.3197592115
585.7142857142858,905.7142857142858,2108.5714285714284,21.9747682573436,14549496.36451929
442.8571428571429,670.0,3268.571428571429,21.975061786608844,9630279.19852163
550.0,905.7142857142858,2274.285714285714,21.975691312327395,13699614.893518379
585.7142857142858,858.5714285714287,2108.5714285714284,21.975801392772293,14189501.197377717
692.8571428571429,340.0,1777.1428571428573,21.975802779475764,11706368.943868535
442.8571428571429,858.5714285714287,3102.857142857143,21.97627359665653,10987388.30406782
585.7142857142858,151.42857142857144,2771.4285714285716,21.97674515615243,6757831.26189526
478.57142857142856,292.8571428571429,3600.0,21.976749403161563,6870112.173530356
478.57142857142856,575.7142857142858,2937.1428571428573,21.97678357045987,9588217.194580598
550.0,434.28571428571433,2440.0,21.976971872588585,9725553.898037823
514.2857142857142,575.7142857142858,2605.714285714286,21.97697285478944,10307900.538132425
585.7142857142858,811.4285714285714,2108.5714285714284,21.97711533555342,13822068.019232074
478.57142857142856,811.4285714285714,2771.4285714285716,21.977439835322908,11410844.481334537
550.0,858.5714285714287,2274.285714285714,21.977506000996,13350393.466462372
407.14285714285717,1000.0,3434.2857142857147,21.978504138193337,11169664.969488667
407.14285714285717,811.4285714285714,3600.0,21.97861104709421,9939405.918937461
585.7142857142858,764.2857142857143,2108.5714285714284,21.978765810320393,13446508.81656451
621.4285714285714,292.8571428571429,2108.5714285714284,21.97899033450412,9580272.886268225
585.7142857142858,340.0,2274.285714285714,21.9794180572979,9432150.223091457
550.0,811.4285714285714,2274.285714285714,21.97966903131313,12994059.08623016
550.0,198.57142857142858,2937.1428571428573,21.97979115600763,6897565.886166491
585.7142857142858,717.1428571428572,2108.5714285714284,21.9808225509297,13062022.255337894
442.8571428571429,528.5714285714286,3434.2857142857147,21.981439493223384,8512989.384796485
514.2857142857142,1000.0,2440.0,21.981484251302508,13543520.13345943
442.8571428571429,811.4285714285714,3102.857142857143,21.98156213744372,10664167.227022815
478.57142857142856,764.2857142857143,2771.4285714285716,21.982161354458768,11069505.728295013
550.0,764.2857142857143,2274.285714285714,21.98224631699769,12629950.691842532
764.2857142857143,10.0,3102.857142857143,21.982619462384644,4983675.776344349
550.0,151.42857142857144,3268.571428571429,21.982687347626666,6122015.523529494
478.57142857142856,434.28571428571433,3102.857142857143,21.983137559527236,8343874.269532656
407.14285714285717,952.8571428571429,3434.2857142857147,21.98330715383282,10873675.50025748
585.7142857142858,670.0,2108.5714285714284,21.983373828971626,12667666.066501781
550.0,292.8571428571429,2605.714285714286,21.98352616627998,8177770.732931879
514.2857142857142,952.8571428571429,2440.0,21.98353874104813,13217110.660201121
621.4285714285714,1000.0,1942.857142857143,21.983562788096396,16159588.290765325
621.4285714285714,952.8571428571429,1942.857142857143,21.98361037254279,15802608.282596854
692.8571428571429,292.8571428571429,1777.1428571428573,21.983697921810077,11103799.21162073
621.4285714285714,905.7142857142858,1942.857142857143,21.9838115685204,15439022.635320362
442.8571428571429,622.8571428571429,3268.571428571429,21.983976687217048,9275437.953252329
621.4285714285714,858.5714285714287,1942.857142857143,21.984196657265272,15068291.04757743
514.2857142857142,387.14285714285717,2771.4285714285716,21.984777916341297,8554251.732170215
621.4285714285714,811.4285714285714,1942.857142857143,21.9848029665349,14689794.438575538
514.2857142857142,528.5714285714286,2605.714285714286,21.985069466121345,9903587.178642448
657.1428571428571,151.42857142857144,2108.5714285714284,21.985177885490675,8135306.554639739
550.0,717.1428571428572,2274.285714285714,21.985320044101417,12257298.090621516
621.4285714285714,764.2857142857143,1942.857142857143,21.985676925619803,14302818.072657865
514.2857142857142,905.7142857142858,2440.0,21.985902553054956,12884938.9339522
407.14285714285717,764.2857142857143,3600.0,21.985953879484654,9620828.629746344
585.7142857142858,622.8571428571429,2108.5714285714284,21.986532837753842,12262320.206954425
621.4285714285714,57.142857142857146,3600.0,21.98654544729602,5059948.420558331
478.57142857142856,528.5714285714286,2937.1428571428573,21.986811015881575,9197602.722596701
621.4285714285714,717.1428571428572,1942.857142857143,21.986876867918188,13906529.768461138
442.8571428571429,764.2857142857143,3102.857142857143,21.987546930915137,10334225.687718013
478.57142857142856,717.1428571428572,2771.4285714285716,21.987588245901005,10720386.392408283
621.4285714285714,670.0,1942.857142857143,21.98847691624394,13499951.331595369
407.14285714285717,905.7142857142858,3434.2857142857147,21.988624189722938,10572760.637732878
514.2857142857142,858.5714285714287,2440.0,21.988626980046387,12546526.675875872
550.0,670.0,2274.285714285714,21.988993882085563,11875195.31589834
550.0,387.14285714285717,2440.0,21.989081811417677,9252991.633889839
657.1428571428571,245.71428571428572,1942.857142857143,21.989324115226626,9689037.280645313
442.8571428571429,434.28571428571433,3600.0,21.99011540247636,7696925.275069426
585.7142857142858,575.7142857142858,2108.5714285714284,21.99044688157628,11844636.752447324
621.4285714285714,622.8571428571429,1942.857142857143,21.990572469302865,13081920.459250038
764.2857142857143,151.42857142857144,1611.4285714285716,21.99097237639619,10390196.81214928
514.2857142857142,198.57142857142858,3434.2857142857147,21.99148256558598,6279371.175425254
657.1428571428571,104.28571428571429,2274.285714285714,21.991659566449947,7144754.685530749
514.2857142857142,811.4285714285714,2440.0,21.99177451639556,12201325.400966218
442.8571428571429,1000.0,2937.1428571428573,21.992450701144072,11942994.250399008
728.5714285714286,575.7142857142858,1611.4285714285716,21.993277229469513,15222471.459289776
621.4285714285714,575.7142857142858,1942.857142857143,21.993288112304274,12651038.94569301
550.0,622.8571428571429,2274.285714285714,21.993400317558628,11482565.071173236
728.5714285714286,622.8571428571429,1611.4285714285716,21.99344284611749,15693227.158672985
728.5714285714286,528.5714285714286,1611.4285714285716,21.993505766405203,14735405.912728706
478.57142857142856,670.0,2771.4285714285716,21.99385977155217,10362654.917381644
728.5714285714286,670.0,1611.4285714285716,21.99390730054089,16149560.85091245
407.14285714285717,717.1428571428572,3600.0,21.994246580988392,9295251.946589543
728.5714285714286,481.42857142857144,1611.4285714285716,21.9942595621512,14229692.10337125
442.8571428571429,575.7142857142858,3268.571428571429,21.994346976560358,8910331.487653539
442.8571428571429,717.1428571428572,3102.857142857143,21.994354815981946,9996890.332047876
407.14285714285717,858.5714285714287,3434.2857142857147,21.99453333592938,10266507.287136044
514.2857142857142,292.8571428571429,2937.1428571428573,21.994593096993356,7526166.262646889
728.5714285714286,717.1428571428572,1611.4285714285716,21.994600002858704,16593021.93474431
514.2857142857142,481.42857142857144,2605.714285714286,21.994863997749846,9484550.000985812
692.8571428571429,245.71428571428572,1777.1428571428573,21.995243217277608,10455088.734311506
585.7142857142858,528.5714285714286,2108.5714285714284,21.995310921140568,11412970.213841453
514.2857142857142,764.2857142857143,2440.0,21.995422022455966,11848701.29922015
728.5714285714286,764.2857142857143,1611.4285714285716,21.995467848139654,17024900.12031668
728.5714285714286,434.28571428571433,1611.4285714285716,21.99572296158151,13702376.530354217
442.8571428571429,481.42857142857144,3434.2857142857147,21.995874585529844,8122680.160907903
478.57142857142856,340.0,3268.571428571429,21.99597042743358,7412605.023652402
585.7142857142858,292.8571428571429,2274.285714285714,21.996040862879145,8884391.435518708
442.8571428571429,952.8571428571429,2937.1428571428573,21.99629283639861,11636954.506302463
728.5714285714286,811.4285714285714,1611.4285714285716,21.996470346415745,17446282.16768447
621.4285714285714,528.5714285714286,1942.857142857143,21.99678929711863,12205600.683760578
621.4285714285714,104.28571428571429,2605.714285714286,21.997076587909664,6471416.610975546
514.2857142857142,245.71428571428572,3102.857142857143,21.997232447835813,6942490.198841643
657.1428571428571,57.142857142857146,2771.4285714285716,21.997367781642517,5773376.291053531
621.4285714285714,245.71428571428572,2108.5714285714284,21.997501846285328,8971057.377793347
728.5714285714286,858.5714285714287,1611.4285714285716,21.997576269181604,17858093.676675353
728.5714285714286,387.14285714285717,1611.4285714285716,21.998162129709637,13149640.538107226
478.57142857142856,1000.0,2605.714285714286,21.998591525434,12739797.724830065
550.0,575.7142857142858,2274.285714285714,21.99871119260941,11078110.34841716
728.5714285714286,905.7142857142858,1611.4285714285716,21.998761292051963,18261130.46522186
478.57142857142856,481.42857142857144,2937.1428571428573,21.998813817811353,8792930.10371327
514.2857142857142,717.1428571428572,2440.0,21.999665017964258,11487915.692984883
800.0,387.14285714285717,1445.7142857142858,21.999726277336876,14898466.18987228
800.0,434.28571428571433,1445.7142857142858,21.99973879392568,15483665.809370194
478.57142857142856,292.8571428571429,3434.2857142857147,21.999863097980633,6894299.869069264
728.5714285714286,952.8571428571429,1611.4285714285716,22.00000630727197,18656082.533302356
585.7142857142858,104.28571428571429,3102.857142857143,22.000145376426605,5817191.226832272
800.0,481.42857142857144,1445.7142857142858,22.000342707669997,16041671.764702467
442.8571428571429,905.7142857142858,2937.1428571428573,22.00057555652378,11325708.778525364
800.0,340.0,1445.7142857142858,22.000576125615027,14280687.733988445
478.57142857142856,387.14285714285717,3102.857142857143,22.001051828702956,7903317.988282647
407.14285714285717,811.4285714285714,3434.2857142857147,22.001129096098573,9954441.50510139
478.57142857142856,622.8571428571429,2771.4285714285716,22.001152995582576,9995321.921224868
728.5714285714286,1000.0,1611.4285714285716,22.001296196081018,19043552.64222442
621.4285714285714,481.42857142857144,1942.857142857143,22.001300066980583,11743488.980922816
800.0,528.5714285714286,1445.7142857142858,22.00135894377252,16576537.438091915
585.7142857142858,481.42857142857144,2108.5714285714284,22.001388093999154,10965278.10729404
478.57142857142856,952.8571428571429,2605.714285714286,22.001543266710634,12423651.553436534
728.5714285714286,340.0,1611.4285714285716,22.00197403401934,12566403.529621858
442.8571428571429,670.0,3102.857142857143,22.002144602808386,9651368.533274336
764.2857142857143,10.0,2937.1428571428573,22.002392276004148,5057504.230119114
407.14285714285717,1000.0,3268.571428571429,22.002546144620197,11184766.977939652
800.0,575.7142857142858,1445.7142857142858,22.00266541923169,17091401.86265021
800.0,292.8571428571429,1445.7142857142858,22.0027148148422,13622916.201430622
657.1428571428571,858.5714285714287,1777.1428571428573,22.003549488405138,15992646.624867266
657.1428571428571,811.4285714285714,1777.1428571428573,22.00359634958566,15603114.420206577
514.2857142857142,340.0,2771.4285714285716,22.003598582570927,8073233.780685449
407.14285714285717,670.0,3600.0,22.00366905483822,8961924.110287707
657.1428571428571,905.7142857142858,1777.1428571428573,22.003672832346876,16374083.88346617
800.0,10.0,2274.285714285714,22.00370348951497,5929073.444484543
657.1428571428571,764.2857142857143,1777.1428571428573,22.003851552998082,15204746.000020761
657.1428571428571,952.8571428571429,1777.1428571428573,22.003935858611648,16748068.46519062
800.0,622.8571428571429,1445.7142857142858,22.00417680032167,17588753.177600715
657.1428571428571,1000.0,1777.1428571428573,22.0043139243348,17115161.07854945
657.1428571428571,717.1428571428572,1777.1428571428573,22.004363219377694,14796678.582987998
550.0,340.0,2440.0,22.00457941980673,8755018.987868046
514.2857142857142,670.0,2440.0,22.004623603921726,11118099.388957007
585.7142857142858,198.57142857142858,2440.0,22.00476712753805,7590027.625949118
478.57142857142856,905.7142857142858,2605.714285714286,22.004867738682023,12102021.811773108
550.0,528.5714285714286,2274.285714285714,22.005153211843744,10660247.114231188
657.1428571428571,670.0,1777.1428571428573,22.005192743182693,14377898.374554312
442.8571428571429,858.5714285714287,2937.1428571428573,22.005367204691993,11008821.501519242
621.4285714285714,57.142857142857146,3434.2857142857147,22.005702526556288,5100654.242293924
800.0,670.0,1445.7142857142858,22.00583222003637,18070602.1636749
657.1428571428571,622.8571428571429,1777.1428571428573,22.006419446075885,13947201.241347551
442.8571428571429,528.5714285714286,3268.571428571429,22.006517141398938,8533571.888818579
514.2857142857142,434.28571428571433,2605.714285714286,22.006845883622262,9048395.548366332
800.0,245.71428571428572,1445.7142857142858,22.006848735675877,12914462.925222421
621.4285714285714,434.28571428571433,1942.857142857143,22.0071308260169,11262025.647705954
407.14285714285717,952.8571428571429,3268.571428571429,22.007422468201458,10888931.737141807
800.0,717.1428571428572,1445.7142857142858,22.0075875414792,18538600.666178294
728.5714285714286,292.8571428571429,1611.4285714285716,22.00777520787645,11945659.154747335
657.1428571428571,575.7142857142858,1777.1428571428573,22.008147297130908,13503139.266495967
407.14285714285717,764.2857142857143,3434.2857142857147,22.008526928446827,9636015.354829444
478.57142857142856,858.5714285714287,2605.714285714286,22.00862428713502,11774451.35895984
585.7142857142858,434.28571428571433,2108.5714285714284,22.009041808507643,10498974.750784166
550.0,151.42857142857144,3102.857142857143,22.009281119366126,6159136.051607695
800.0,764.2857142857143,1445.7142857142858,22.0094103287822,18994124.852258686
478.57142857142856,575.7142857142858,2771.4285714285716,22.00969642434135,9617195.502420783
514.2857142857142,622.8571428571429,2440.0,22.010450782510564,10738218.435991086
657.1428571428571,528.5714285714286,1777.1428571428573,22.010514850862332,13043946.490605336
764.2857142857143,57.142857142857146,1777.1428571428573,22.010661017969564,7979618.42236369
442.8571428571429,811.4285714285714,2937.1428571428573,22.010750621453354,10685792.969463198
657.1428571428571,198.57142857142858,1942.857142857143,22.0109964809616,9000686.988011584
550.0,245.71428571428572,2605.714285714286,22.010999156301512,7608096.405542922
442.8571428571429,622.8571428571429,3102.857142857143,22.01111776639243,9296717.037348812
800.0,811.4285714285714,1445.7142857142858,22.01127648895936,19438335.253080066
692.8571428571429,57.142857142857146,2274.285714285714,22.011310307547095,6507891.941108096
442.8571428571429,387.14285714285717,3600.0,22.01137543688619,7272531.869212086
728.5714285714286,104.28571428571429,1777.1428571428573,22.011738178925466,8620682.559927061
692.8571428571429,198.57142857142858,1777.1428571428573,22.012556958730446,9745099.81900343
407.14285714285717,905.7142857142858,3268.571428571429,22.012811633911564,10588172.149928013
621.4285714285714,151.42857142857144,2274.285714285714,22.01281589720464,7481313.804463924
478.57142857142856,811.4285714285714,2605.714285714286,22.012884992438696,11440415.81208602
550.0,198.57142857142858,2771.4285714285716,22.012902903465406,6939878.438605711
550.0,481.42857142857144,2274.285714285714,22.013031392743105,10227008.216579156
585.7142857142858,151.42857142857144,2605.714285714286,22.013078606800825,6810131.474584631
800.0,858.5714285714287,1445.7142857142858,22.01316797689612,19872221.02666985
442.8571428571429,434.28571428571433,3434.2857142857147,22.01323120594549,7716814.63698776
478.57142857142856,434.28571428571433,2937.1428571428573,22.013351940328413,8371907.623794648
800.0,57.142857142857146,1611.4285714285716,22.01367747857185,8757193.342871156
657.1428571428571,481.42857142857144,1777.1428571428573,22.01371035172278,12567433.055042872
800.0,198.57142857142858,1445.7142857142858,22.014230995364294,12138935.822711715
407.14285714285717,622.8571428571429,3600.0,22.014449132884106,8619950.426904656
621.4285714285714,387.14285714285717,1942.857142857143,22.014723518051902,10757741.156416109
800.0,905.7142857142858,1445.7142857142858,22.015071194893842,20296633.22078631
478.57142857142856,245.71428571428572,3600.0,22.01571471875086,6340548.143623674
514.2857142857142,198.57142857142858,3268.571428571429,22.016171232412283,6309534.765224936
728.5714285714286,245.71428571428572,1611.4285714285716,22.016574343470285,11277287.65043956
442.8571428571429,764.2857142857143,2937.1428571428573,22.016827175455738,10356045.486166291
407.14285714285717,717.1428571428572,3434.2857142857147,22.016869384615262,9310589.904270109
800.0,952.8571428571429,1445.7142857142858,22.016975856605768,20712310.195784055
514.2857142857142,575.7142857142858,2440.0,22.017344391832374,10347027.511719802
478.57142857142856,764.2857142857143,2605.714285714286,22.017738232552865,11099309.040336028
657.1428571428571,434.28571428571433,1777.1428571428573,22.01799543560381,12070829.708388273
585.7142857142858,245.71428571428572,2274.285714285714,22.018695554234874,8295054.131560519
585.7142857142858,387.14285714285717,2108.5714285714284,22.018787863842793,10010708.471946346
407.14285714285717,858.5714285714287,3268.571428571429,22.018791062831273,10282075.044135952
800.0,1000.0,1445.7142857142858,22.01887416788715,21119897.349266462
692.8571428571429,104.28571428571429,1942.857142857143,22.019110422835304,7900098.848923666
478.57142857142856,528.5714285714286,2771.4285714285716,22.01979001587744,9226819.018307092
442.8571428571429,481.42857142857144,3268.571428571429,22.020947609497114,8143434.222849547
550.0,1000.0,2108.5714285714284,22.021085575109723,14429760.128997138
442.8571428571429,575.7142857142858,3102.857142857143,22.02153374602128,8931799.263149815
514.2857142857142,387.14285714285717,2605.714285714286,22.02170630244076,8592018.61940527
764.2857142857143,104.28571428571429,1611.4285714285716,22.02197167762706,9400711.71035174
550.0,952.8571428571429,2108.5714285714284,22.022573507107758,14093384.19841208
550.0,434.28571428571433,2274.285714285714,22.02276567393558,9775902.017076172
478.57142857142856,717.1428571428572,2605.714285714286,22.02329350943388,10750424.408087797
478.57142857142856,340.0,3102.857142857143,22.023505258471904,7439483.241799543
442.8571428571429,717.1428571428572,2937.1428571428573,22.02372221733662,10018905.452708082
657.1428571428571,387.14285714285717,1777.1428571428573,22.023743752074083,11550551.119779337
442.8571428571429,1000.0,2771.4285714285716,22.023812976766298,11965055.588170635
621.4285714285714,198.57142857142858,2108.5714285714284,22.024091702024677,8304458.13855448
550.0,905.7142857142858,2108.5714285714284,22.024316777340186,13750970.946901457
514.2857142857142,1000.0,2274.285714285714,22.02435679945218,13583189.150374178
621.4285714285714,340.0,1942.857142857143,22.024728535916317,10226009.181813901
764.2857142857143,10.0,2771.4285714285716,22.024803104407702,5138050.359304084
550.0,292.8571428571429,2440.0,22.024826116278458,8225671.632647315
478.57142857142856,292.8571428571429,3268.571428571429,22.02495480601382,6919855.931385282
407.14285714285717,811.4285714285714,3268.571428571429,22.02545439689348,9970166.342611393
514.2857142857142,528.5714285714286,2440.0,22.025564636435103,9943005.040712222
407.14285714285717,670.0,3434.2857142857147,22.02633454522706,8977412.898145368
550.0,858.5714285714287,2108.5714285714284,22.026358678025165,13402021.688674184
371.42857142857144,1000.0,3600.0,22.02641577672127,10459736.743199524
728.5714285714286,57.142857142857146,1942.857142857143,22.02656233644259,7265073.885311508
514.2857142857142,952.8571428571429,2274.285714285714,22.026594793501477,13257020.960873628
621.4285714285714,57.142857142857146,3268.571428571429,22.026764438742692,5144292.776445198
407.14285714285717,575.7142857142858,3600.0,22.026879674476827,8268252.728295366
800.0,151.42857142857144,1445.7142857142858,22.027311257912213,11268887.801817974
514.2857142857142,245.71428571428572,2937.1428571428573,22.027316307256456,6976473.513095201
585.7142857142858,1000.0,1942.857142857143,22.027699094405072,15314417.466938926
442.8571428571429,952.8571428571429,2771.4285714285716,22.027767421000313,11659205.304447183
514.2857142857142,292.8571428571429,2771.4285714285716,22.02794372550066,7562127.278278799
585.7142857142858,104.28571428571429,2937.1428571428573,22.02835471635364,5862421.094533542
585.7142857142858,952.8571428571429,1942.857142857143,22.028559983185556,14967859.218178298
407.14285714285717,1000.0,3102.857142857143,22.028569568391674,11200580.074591793
550.0,811.4285714285714,2108.5714285714284,22.028752035842274,13045964.64419857
514.2857142857142,905.7142857142858,2274.285714285714,22.02914466526213,12925093.93939509
585.7142857142858,905.7142857142858,1942.857142857143,22.029626077426943,14614983.321937678
478.57142857142856,670.0,2605.714285714286,22.029688095012123,10392930.14903134
728.5714285714286,198.57142857142858,1611.4285714285716,22.03014029972149,10545734.807760682
657.1428571428571,57.142857142857146,2605.714285714286,22.030199552031927,5839988.403696693
585.7142857142858,858.5714285714287,1942.857142857143,22.030933798831963,14255270.629254745
478.57142857142856,387.14285714285717,2937.1428571428573,22.03121426168758,7931561.237899606
585.7142857142858,340.0,2108.5714285714284,22.031383004662473,9496007.150873499
657.1428571428571,340.0,1777.1428571428573,22.031506822349172,11001819.763485547
550.0,764.2857142857143,2108.5714285714284,22.03156191648265,12682139.215134751
442.8571428571429,670.0,2937.1428571428573,22.031592581111315,9673579.845731564
478.57142857142856,481.42857142857144,2771.4285714285716,22.031835340790927,8822382.204207303
514.2857142857142,858.5714285714287,2274.285714285714,22.032057189251127,12586930.077559946
442.8571428571429,905.7142857142858,2771.4285714285716,22.032162338885655,11348150.85105788
371.42857142857144,952.8571428571429,3600.0,22.03244006953314,10174212.641090067
585.7142857142858,811.4285714285714,1942.857142857143,22.032527732526596,13888126.07668564
407.14285714285717,764.2857142857143,3268.571428571429,22.032915978018586,9651897.896528894
407.14285714285717,952.8571428571429,3102.857142857143,22.03352886189914,10904903.724277642
442.8571428571429,528.5714285714286,3102.857142857143,22.033732355012386,8555225.844470242
692.8571428571429,764.2857142857143,1611.4285714285716,22.034361928750933,16160369.890415663
692.8571428571429,717.1428571428572,1611.4285714285716,22.034363831054584,15740513.726841144
442.8571428571429,387.14285714285717,3434.2857142857147,22.034406793229493,7292559.246034369
585.7142857142858,764.2857142857143,1942.857142857143,22.03446296341935,13512862.384424811
692.8571428571429,811.4285714285714,1611.4285714285716,22.034558598976353,16570135.695015207
692.8571428571429,670.0,1611.4285714285716,22.0346145473581,15309518.05526132
550.0,717.1428571428572,2108.5714285714284,22.0348692967061,12309775.661565555
692.8571428571429,858.5714285714287,1611.4285714285716,22.03491462158317,16970704.34806503
550.0,387.14285714285717,2274.285714285714,22.034950249180795,9303696.854341848
692.8571428571429,622.8571428571429,1611.4285714285716,22.035179235828647,14866137.255322056
514.2857142857142,811.4285714285714,2274.285714285714,22.035394136178635,12241981.146981332
692.8571428571429,905.7142857142858,1611.4285714285716,22.035399047529772,17362843.532338902
514.2857142857142,481.42857142857144,2440.0,22.03546054837264,9524260.530407641
692.8571428571429,952.8571428571429,1611.4285714285716,22.035987221250682,17747218.62495956
692.8571428571429,575.7142857142858,1611.4285714285716,22.036143604409087,14408874.17798117
621.4285714285714,104.28571428571429,2440.0,22.036560917595295,6535699.593813969
692.8571428571429,1000.0,1611.4285714285716,22.036659335203325,18124410.691411234
585.7142857142858,717.1428571428572,1942.857142857143,22.03680825291023,13128678.995545778
478.57142857142856,1000.0,2440.0,22.03685832683456,12770498.09413734
550.0,104.28571428571429,3600.0,22.036898020841953,5238768.921983576
442.8571428571429,858.5714285714287,2771.4285714285716,22.03706540036301,11031456.67420912
478.57142857142856,622.8571428571429,2605.714285714286,22.03709635254539,10025836.475743562
407.14285714285717,622.8571428571429,3434.2857142857147,22.037147825022256,8635588.928312566
692.8571428571429,528.5714285714286,1611.4285714285716,22.037622252207104,13935903.681189433
442.8571428571429,340.0,3600.0,22.03781790226777,6825984.570268566
621.4285714285714,292.8571428571429,1942.857142857143,22.038143130364652,9660433.7856757
442.8571428571429,434.28571428571433,3268.571428571429,22.038268029338354,7737731.84125824
550.0,151.42857142857144,2937.1428571428573,22.038475803401415,6198748.369436283
478.57142857142856,245.71428571428572,3434.2857142857147,22.038486285222035,6364792.950400069
514.2857142857142,151.42857142857144,3600.0,22.03865063291792,5577868.173833532
550.0,670.0,2108.5714285714284,22.038776132710836,11927968.4349308
407.14285714285717,905.7142857142858,3102.857142857143,22.038999995167433,10604304.189982414
371.42857142857144,905.7142857142858,3600.0,22.039051024869053,9884052.209747808
514.2857142857142,764.2857142857143,2274.285714285714,22.039231364465426,11889613.565238852
764.2857142857143,528.5714285714286,1445.7142857142858,22.039246998657752,15725737.42643764
764.2857142857143,481.42857142857144,1445.7142857142858,22.03938220896037,15205576.131316978
764.2857142857143,575.7142857142858,1445.7142857142858,22.03952108740031,16226591.520863002
585.7142857142858,670.0,1942.857142857143,22.03965042983523,12734634.45097252
692.8571428571429,151.42857142857144,1777.1428571428573,22.039721267872267,8948388.806181395
692.8571428571429,481.42857142857144,1611.4285714285716,22.039771363715083,13444963.683940552
478.57142857142856,952.8571428571429,2440.0,22.039963644366377,12454566.187925724
764.2857142857143,434.28571428571433,1445.7142857142858,22.04007614392019,14663065.274164815
764.2857142857143,622.8571428571429,1445.7142857142858,22.04009859409705,16710548.54920029
514.2857142857142,340.0,2605.714285714286,22.04045407820848,8111272.043589008
442.8571428571429,622.8571428571429,2937.1428571428573,22.04063709260549,9319124.795471184
764.2857142857143,670.0,1445.7142857142858,22.04090285305595,17179555.2577545
407.14285714285717,717.1428571428572,3268.571428571429,22.041316901374817,9326630.452701857
407.14285714285717,528.5714285714286,3600.0,22.041343577528238,7905512.918727913
764.2857142857143,387.14285714285717,1445.7142857142858,22.04154526979649,14094273.767476998
764.2857142857143,717.1428571428572,1445.7142857142858,22.041877340494352,17635210.151268266
657.1428571428571,292.8571428571429,1777.1428571428573,22.04213277361711,10418035.647814864
657.1428571428571,104.28571428571429,2108.5714285714284,22.04254615557711,7230461.769210448
442.8571428571429,811.4285714285714,2771.4285714285716,22.04255856094742,10708623.030519834
692.8571428571429,434.28571428571433,1611.4285714285716,22.042808653622572,12933195.221313588
764.2857142857143,764.2857142857143,1445.7142857142858,22.042979743788933,18078844.40139918
585.7142857142858,622.8571428571429,1942.857142857143,22.043100572795414,12329609.52936279
514.2857142857142,198.57142857142858,3102.857142857143,22.04312235369009,6341568.737621631
550.0,622.8571428571429,2108.5714285714284,22.043412486020177,11535640.58186279
478.57142857142856,905.7142857142858,2440.0,22.04344301535743,12133153.261649948
514.2857142857142,717.1428571428572,2274.285714285714,22.04366301145435,11529088.830101477
764.2857142857143,340.0,1445.7142857142858,22.044113407252357,13493975.069085931
764.2857142857143,811.4285714285714,1445.7142857142858,22.04417797826759,18511580.165156882
800.0,10.0,2108.5714285714284,22.044314408242055,6059495.334320607
657.1428571428571,151.42857142857144,1942.857142857143,22.044340552741446,8228242.304807128
621.4285714285714,1000.0,1777.1428571428573,22.045015178227494,16242791.223140458
407.14285714285717,858.5714285714287,3102.857142857143,22.04505969643398,10298368.240385408
621.4285714285714,952.8571428571429,1777.1428571428573,22.04537789036118,15886065.617372189
764.2857142857143,858.5714285714287,1445.7142857142858,22.045447448438583,18934373.556822218
478.57142857142856,575.7142857142858,2605.714285714286,22.045743084425684,9647950.788038937
621.4285714285714,905.7142857142858,1777.1428571428573,22.045902702352464,15522739.00932948
371.42857142857144,858.5714285714287,3600.0,22.04633482616144,9588865.693359803
478.57142857142856,434.28571428571433,2771.4285714285716,22.04638250051545,8401590.331344945
621.4285714285714,858.5714285714287,1777.1428571428573,22.04661987971022,15152271.923699321
764.2857142857143,905.7142857142858,1445.7142857142858,22.046769125835798,19348046.926725358
692.8571428571429,387.14285714285717,1611.4285714285716,22.04704590901191,12396899.124577504
585.7142857142858,575.7142857142858,1942.857142857143,22.047302898158424,11912257.100840116
478.57142857142856,858.5714285714287,2440.0,22.04735517451605,11805802.306140909
514.2857142857142,434.28571428571433,2440.0,22.047511213957446,9088398.182643825
621.4285714285714,811.4285714285714,1777.1428571428573,22.047566593532146,14774046.191893192
585.7142857142858,292.8571428571429,2108.5714285714284,22.047983949672318,8948683.486433676
764.2857142857143,952.8571428571429,1445.7142857142858,22.048128175392197,19753313.52209651
442.8571428571429,481.42857142857144,3102.857142857143,22.04816750294651,8165269.680026575
371.42857142857144,1000.0,3434.2857142857147,22.048247136269683,10470890.806820432
764.2857142857143,292.8571428571429,1445.7142857142858,22.0482848663442,12854967.218400137
442.8571428571429,764.2857142857143,2771.4285714285716,22.048742022211435,10379072.115147477
621.4285714285714,764.2857142857143,1777.1428571428573,22.048788913859756,14387348.08542065
514.2857142857142,670.0,2274.285714285714,22.048807269674302,11159537.836223146
550.0,575.7142857142858,2108.5714285714284,22.048946753129027,11131495.296811154
550.0,198.57142857142858,2605.714285714286,22.04943910561783,6985113.776095853
764.2857142857143,1000.0,1445.7142857142858,22.04951295794655,20150796.613394752
407.14285714285717,575.7142857142858,3434.2857142857147,22.04959883697577,8284038.799802451
621.4285714285714,57.142857142857146,3102.857142857143,22.050002096007642,5191161.0584963495
764.2857142857143,10.0,2605.714285714286,22.050329612961566,5226182.858274053
621.4285714285714,717.1428571428572,1777.1428571428573,22.05034452358839,13991346.533410272
550.0,340.0,2274.285714285714,22.0504541623897,8806077.940887053
585.7142857142858,198.57142857142858,2274.285714285714,22.05070994936009,7650321.316462496
407.14285714285717,670.0,3268.571428571429,22.05083333059965,8993611.281344252
442.8571428571429,575.7142857142858,2937.1428571428573,22.05111159781934,8954402.785353532
800.0,104.28571428571429,1445.7142857142858,22.051649649876342,10251665.67940699
478.57142857142856,811.4285714285714,2440.0,22.051771375591667,11471989.036016082
407.14285714285717,811.4285714285714,3102.857142857143,22.05180071108444,9986621.684477601
728.5714285714286,151.42857142857144,1611.4285714285716,22.051893001642938,9724886.669623392
550.0,245.71428571428572,2440.0,22.052009760590664,7656300.027479067
478.57142857142856,292.8571428571429,3102.857142857143,22.052271201116152,6946878.6088522365
621.4285714285714,670.0,1777.1428571428573,22.05230647459944,13585064.561914416
585.7142857142858,528.5714285714286,1942.857142857143,22.05244784529935,11480932.372678574
692.8571428571429,340.0,1611.4285714285716,22.052944552418673,11831149.611218108
585.7142857142858,151.42857142857144,2440.0,22.053432016787344,6866349.108178529
478.57142857142856,340.0,2937.1428571428573,22.053549267472,7467917.777777214
371.42857142857144,952.8571428571429,3434.2857142857147,22.05433310228781,10185497.558935571
371.42857142857144,811.4285714285714,3600.0,22.054395489248115,9288205.820520949
621.4285714285714,622.8571428571429,1777.1428571428573,22.054768483110823,13167341.200964833
514.2857142857142,622.8571428571429,2274.285714285714,22.05481449564146,10779926.578630334
764.2857142857143,245.71428571428572,1445.7142857142858,22.05488681026031,12166857.230178397
550.0,528.5714285714286,2108.5714285714284,22.055600703664748,10713948.500343103
442.8571428571429,717.1428571428572,2771.4285714285716,22.055739587992708,10042130.118186144
478.57142857142856,528.5714285714286,2605.714285714286,22.055923102350334,9257815.300001832
621.4285714285714,245.71428571428572,1942.857142857143,22.0565785653717,9051750.21376404
478.57142857142856,764.2857142857143,2440.0,22.056778880266602,11131107.364497377
407.14285714285717,1000.0,2937.1428571428573,22.056814448199916,11217160.176332554
657.1428571428571,245.71428571428572,1777.1428571428573,22.056995982736485,9789646.595906122
550.0,104.28571428571429,3434.2857142857147,22.057778676614692,5271042.321724053
621.4285714285714,575.7142857142858,1777.1428571428573,22.05785255230675,12736779.68379845
442.8571428571429,1000.0,2605.714285714286,22.05806780769422,11988459.07401581
407.14285714285717,481.42857142857144,3600.0,22.05835135670526,7530092.315786824
585.7142857142858,481.42857142857144,1942.857142857143,22.05879187575927,11033593.333414227
407.14285714285717,764.2857142857143,3102.857142857143,22.0593362148147,9668516.183135958
442.8571428571429,387.14285714285717,3268.571428571429,22.059363131310306,7313626.174068295
585.7142857142858,104.28571428571429,2771.4285714285716,22.059539051154033,5910946.437644333
692.8571428571429,57.142857142857146,2108.5714285714284,22.05967212665568,6604478.661613095
728.5714285714286,10.0,3600.0,22.060107697895916,4373561.7886867635
514.2857142857142,245.71428571428572,2771.4285714285716,22.060326531538863,7012617.6084236605
514.2857142857142,151.42857142857144,3434.2857142857147,22.06049169179947,5606135.911489546
442.8571428571429,340.0,3434.2857142857147,22.06070484861168,6846128.416818734
371.42857142857144,905.7142857142858,3434.2857142857147,22.06100417132899,9895468.742714439
692.8571428571429,292.8571428571429,1611.4285714285716,22.061215954161362,11229147.212500175
407.14285714285717,622.8571428571429,3268.571428571429,22.061688130716806,8651944.28196567
621.4285714285714,528.5714285714286,1777.1428571428573,22.061720209172005,12291675.424821429
407.14285714285717,952.8571428571429,2937.1428571428573,22.061867865684885,10921645.272156354
514.2857142857142,575.7142857142858,2274.285714285714,22.061878832414838,10389009.454741754
442.8571428571429,952.8571428571429,2605.714285714286,22.0621506687603,11682795.337901749
514.2857142857142,387.14285714285717,2440.0,22.062392450361916,8632308.84495544
478.57142857142856,717.1428571428572,2440.0,22.062485680944196,10782450.618192753
478.57142857142856,245.71428571428572,3268.571428571429,22.063225962076498,6390422.606464539
442.8571428571429,528.5714285714286,2937.1428571428573,22.063350966497172,8578023.040308893
371.42857142857144,764.2857142857143,3600.0,22.063359753437425,8981555.349889074
550.0,481.42857142857144,2108.5714285714284,22.06367219964552,10281032.56604167
442.8571428571429,670.0,2771.4285714285716,22.06370602777856,9697003.657577738
407.14285714285717,528.5714285714286,3434.2857142857147,22.064066053051228,7921442.934530357
478.57142857142856,387.14285714285717,2771.4285714285716,22.064205874558095,7961464.590578709
621.4285714285714,151.42857142857144,2108.5714285714284,22.06430936134162,7556442.408884415
514.2857142857142,292.8571428571429,2605.714285714286,22.06462287323572,7600412.238647259
764.2857142857143,198.57142857142858,1445.7142857142858,22.065373173562907,11413687.52148526
442.8571428571429,434.28571428571433,3102.857142857143,22.065459555666937,7759740.856422131
621.4285714285714,481.42857142857144,1777.1428571428573,22.066589529243505,11829913.278632903
442.8571428571429,905.7142857142858,2605.714285714286,22.066674327593276,11371929.231477173
585.7142857142858,434.28571428571433,1942.857142857143,22.066688401561745,10567654.322615033
657.1428571428571,57.142857142857146,2440.0,22.067045427391395,5912225.056544238
407.14285714285717,905.7142857142858,2937.1428571428573,22.06743234316427,10621208.42567603
407.14285714285717,717.1428571428572,3102.857142857143,22.067805775451202,9343412.185582003
478.57142857142856,481.42857142857144,2605.714285714286,22.068030709587724,8853617.919347413
371.42857142857144,858.5714285714287,3434.2857142857147,22.0683458365863,9600414.519889032
478.57142857142856,670.0,2440.0,22.069026999610408,10425186.869282838
478.57142857142856,198.57142857142858,3600.0,22.069305740431425,5762216.274283591
514.2857142857142,528.5714285714286,2274.285714285714,22.070255267865093,9985264.2485896
585.7142857142858,245.71428571428572,2108.5714285714284,22.070453600820176,8359767.539055634
550.0,292.8571428571429,2274.285714285714,22.070601521794476,8277071.352932523
550.0,151.42857142857144,2771.4285714285716,22.0706342695395,6241074.977435178
442.8571428571429,292.8571428571429,3600.0,22.071441485370563,6352051.673728654
514.2857142857142,1000.0,2108.5714285714284,22.07168464614001,13626477.274804547
442.8571428571429,858.5714285714287,2605.714285714286,22.071705771482968,11055425.233986212
371.42857142857144,1000.0,3268.571428571429,22.071807254489407,10482469.15515934
514.2857142857142,198.57142857142858,2937.1428571428573,22.072634933217884,6375623.774633555
621.4285714285714,434.28571428571433,1777.1428571428573,22.07276176726862,11348816.506085346
442.8571428571429,622.8571428571429,2771.4285714285716,22.072837386692026,9342748.290239591
692.8571428571429,245.71428571428572,1611.4285714285716,22.07301574218348,10581059.81755767
371.42857142857144,717.1428571428572,3600.0,22.07338368359989,8668310.953126125
728.5714285714286,10.0,3434.2857142857147,22.07354633646884,4425549.373829152
550.0,434.28571428571433,2108.5714285714284,22.073570628129055,9830254.646296516
407.14285714285717,858.5714285714287,2937.1428571428573,22.0735838923706,10315436.365206748
657.1428571428571,1000.0,1611.4285714285716,22.074038488278966,17222741.678431187
657.1428571428571,952.8571428571429,1611.4285714285716,22.074038756099945,16855834.332198795
514.2857142857142,952.8571428571429,2108.5714285714284,22.07413513875043,13300518.873201335
657.1428571428571,905.7142857142858,1611.4285714285716,22.074165623865717,16482037.852446752
407.14285714285717,575.7142857142858,3268.571428571429,22.074167480761275,8300549.253769408
657.1428571428571,858.5714285714287,1611.4285714285716,22.074444002455945,16100792.485529233
550.0,1000.0,1942.857142857143,22.074478827375906,14486010.867872478
657.1428571428571,811.4285714285714,1611.4285714285716,22.074904582231007,15711457.037073368
657.1428571428571,764.2857142857143,1611.4285714285716,22.07558551377514,15313291.450880403
621.4285714285714,57.142857142857146,2937.1428571428573,22.07573494508971,5241591.973097661
550.0,952.8571428571429,1942.857142857143,22.076221994206236,14149844.42138809
371.42857142857144,811.4285714285714,3434.2857142857147,22.076461229474525,9299887.484795727
657.1428571428571,717.1428571428572,1611.4285714285716,22.07653469864744,14905434.318809777
478.57142857142856,622.8571428571429,2440.0,22.076574396623762,10058325.98221623
585.7142857142858,387.14285714285717,1942.857142857143,22.07663795162222,10079762.823029315
514.2857142857142,905.7142857142858,2108.5714285714284,22.076901131586755,12968804.434743479
442.8571428571429,811.4285714285714,2605.714285714286,22.077326050560576,10732783.588688506
407.14285714285717,670.0,3102.857142857143,22.077383539416356,9010556.512783127
442.8571428571429,481.42857142857144,2937.1428571428573,22.07780218941538,8188256.33627001
657.1428571428571,670.0,1611.4285714285716,22.077812963152315,14486873.404018939
371.42857142857144,952.8571428571429,3268.571428571429,22.077962650529706,10197210.905139571
728.5714285714286,670.0,1445.7142857142858,22.07804847649983,16306402.147442864
728.5714285714286,717.1428571428572,1445.7142857142858,22.078171553444996,16749709.726338265
728.5714285714286,622.8571428571429,1445.7142857142858,22.078172591570752,15850233.298501668
550.0,905.7142857142858,1942.857142857143,22.078226032630056,13807643.763107663
657.1428571428571,198.57142857142858,1777.1428571428573,22.078483929633318,9101935.948461492
728.5714285714286,764.2857142857143,1445.7142857142858,22.078488717247353,17181443.048282016
407.14285714285717,434.28571428571433,3600.0,22.078599385107267,7139912.895308607
728.5714285714286,575.7142857142858,1445.7142857142858,22.078613951174752,15379656.995977841
478.57142857142856,1000.0,2274.285714285714,22.078941342598867,12803592.837623453
728.5714285714286,811.4285714285714,1445.7142857142858,22.078959146819976,17602686.59295946
728.5714285714286,528.5714285714286,1445.7142857142858,22.079466466166103,14892789.266317513
657.1428571428571,622.8571428571429,1611.4285714285716,22.07949853722606,14056406.34295799
728.5714285714286,858.5714285714287,1445.7142857142858,22.07955108321118,18014364.0182642
764.2857142857143,10.0,2440.0,22.079553670705298,5322909.31662289
514.2857142857142,858.5714285714287,2108.5714285714284,22.080032926047966,12630856.228928603
728.5714285714286,905.7142857142858,1445.7142857142858,22.08023955696123,18417269.477598388
514.2857142857142,481.42857142857144,2274.285714285714,22.080285362210958,9566799.250194745
407.14285714285717,811.4285714285714,2937.1428571428573,22.08041432669044,10003854.806728305
550.0,858.5714285714287,1942.857142857143,22.080533921246506,13458910.639254574
550.0,104.28571428571429,3268.571428571429,22.08060391816724,5305443.67692287
621.4285714285714,387.14285714285717,1777.1428571428573,22.080664614933767,10844916.68090345
621.4285714285714,104.28571428571429,2274.285714285714,22.080765124429814,6605218.032305308
728.5714285714286,481.42857142857144,1445.7142857142858,22.08085843121331,14387296.388528477
728.5714285714286,952.8571428571429,1445.7142857142858,22.08100475550675,18812091.535706602
407.14285714285717,481.42857142857144,3434.2857142857147,22.081053845624947,7546160.490620964
514.2857142857142,340.0,2440.0,22.08108958006269,8151838.659649805
657.1428571428571,575.7142857142858,1611.4285714285716,22.081693508186387,13612587.230232
728.5714285714286,1000.0,1445.7142857142858,22.08183083117471,19199431.709665604
478.57142857142856,292.8571428571429,2937.1428571428573,22.082098049486238,6975473.042679122
478.57142857142856,952.8571428571429,2274.285714285714,22.08222360149257,12487856.8127427
764.2857142857143,151.42857142857144,1445.7142857142858,22.08256145802718,10568699.735521758
478.57142857142856,434.28571428571433,2605.714285714286,22.08260553816545,8433061.014541378
621.4285714285714,198.57142857142858,1942.857142857143,22.082825139776755,8385670.758825278
728.5714285714286,434.28571428571433,1445.7142857142858,22.08296907425393,13860230.622347973
550.0,811.4285714285714,1942.857142857143,22.083197983374784,13103073.718687993
442.8571428571429,575.7142857142858,2771.4285714285716,22.08338572269748,8978225.611305567
514.2857142857142,811.4285714285714,2108.5714285714284,22.083591609974214,12286126.294647295
442.8571428571429,764.2857142857143,2605.714285714286,22.083634163383365,10403426.409691496
514.2857142857142,151.42857142857144,3268.571428571429,22.08429609090314,5636154.991698473
657.1428571428571,528.5714285714286,1611.4285714285716,22.08453334382523,13153652.388276193
371.42857142857144,670.0,3600.0,22.08466172795673,8347762.037446581
371.42857142857144,905.7142857142858,3268.571428571429,22.084701678875483,9907317.948214838
478.57142857142856,575.7142857142858,2440.0,22.085348805204333,9680674.726275755
371.42857142857144,764.2857142857143,3434.2857142857147,22.085475948800124,8993370.190234715
442.8571428571429,340.0,3268.571428571429,22.085517325519422,6867323.844245611
692.8571428571429,104.28571428571429,1777.1428571428573,22.08586545673632,8015917.543977152
550.0,387.14285714285717,2108.5714285714284,22.085874274267614,9358380.597666869
478.57142857142856,905.7142857142858,2274.285714285714,22.0858820075443,12166641.976950843
728.5714285714286,387.14285714285717,1445.7142857142858,22.086055577875168,13307780.461997123
550.0,764.2857142857143,1942.857142857143,22.08628251841893,12739472.859979933
478.57142857142856,340.0,2771.4285714285716,22.086431969179618,7498024.1422758065
442.8571428571429,387.14285714285717,3102.857142857143,22.08647968540718,7335795.802888941
764.2857142857143,57.142857142857146,1611.4285714285716,22.086905601034303,8141223.847919884
407.14285714285717,1000.0,2771.4285714285716,22.087557996514263,11234578.07340426
514.2857142857142,764.2857142857143,2108.5714285714284,22.08765207264875,11933981.291969057
407.14285714285717,764.2857142857143,2937.1428571428573,22.088035603845128,9685915.243919766
585.7142857142858,1000.0,1777.1428571428573,22.08812493630875,15387535.721959252
657.1428571428571,481.42857142857144,1611.4285714285716,22.08820133487654,12677414.531780416
407.14285714285717,622.8571428571429,3102.857142857143,22.088289680089126,8669052.39855966
728.5714285714286,10.0,3268.571428571429,22.088554747072607,4481782.526780757
407.14285714285717,528.5714285714286,3268.571428571429,22.08864515870984,7938105.154424397
585.7142857142858,952.8571428571429,1777.1428571428573,22.089292581240876,15041158.239891533
585.7142857142858,340.0,1942.857142857143,22.089373304488344,9565444.217383387
728.5714285714286,104.28571428571429,1611.4285714285716,22.08950917757458,8764481.412572768
550.0,717.1428571428572,1942.857142857143,22.089867370070174,12367338.775158156
550.0,198.57142857142858,2440.0,22.0898961912237,7033548.727234558
478.57142857142856,858.5714285714287,2274.285714285714,22.08997470093067,11839491.466033274
478.57142857142856,245.71428571428572,3102.857142857143,22.090181206084676,6417535.6886354145
692.8571428571429,198.57142857142858,1611.4285714285716,22.090356483406264,9871754.991653118
728.5714285714286,340.0,1445.7142857142858,22.090499248386983,12724874.291315466
585.7142857142858,905.7142857142858,1777.1428571428573,22.09067336136393,14688465.797167627
442.8571428571429,717.1428571428572,2605.714285714286,22.090752308735155,10066679.70767492
621.4285714285714,340.0,1777.1428571428573,22.090925724372298,10313587.7118605
728.5714285714286,57.142857142857146,1777.1428571428573,22.091244332795068,7395754.194427362
478.57142857142856,198.57142857142858,3434.2857142857147,22.09153396293911,5786425.490893698
800.0,10.0,1942.857142857143,22.09159623398157,6204222.428391975
371.42857142857144,858.5714285714287,3268.571428571429,22.092109111593896,9612400.379260711
585.7142857142858,858.5714285714287,1777.1428571428573,22.092303594620912,14328939.824638871
514.2857142857142,717.1428571428572,2108.5714285714284,22.092307088167345,11573682.914608845
514.2857142857142,434.28571428571433,2274.285714285714,22.092437299649873,9131216.50758431
407.14285714285717,952.8571428571429,2771.4285714285716,22.092718440337503,10939223.809133839
657.1428571428571,434.28571428571433,1611.4285714285716,22.09295120894317,12181107.27248744
550.0,670.0,1942.857142857143,22.094052845154664,11985766.34017129
442.8571428571429,292.8571428571429,3434.2857142857147,22.094096226679714,6372278.024749703
585.7142857142858,104.28571428571429,2605.714285714286,22.09413973644189,5963090.460682871
585.7142857142858,811.4285714285714,1777.1428571428573,22.09422760065899,13961985.885058926
478.57142857142856,811.4285714285714,2274.285714285714,22.094572116901237,11505881.108367259
442.8571428571429,434.28571428571433,2937.1428571428573,22.095075746560152,7782909.535589444
371.42857142857144,717.1428571428572,3434.2857142857147,22.095544577261904,8680259.002449613
442.8571428571429,1000.0,2440.0,22.095598875289756,12013403.1729571
478.57142857142856,528.5714285714286,2440.0,22.095639629074768,9290774.253874183
442.8571428571429,528.5714285714286,2771.4285714285716,22.095680673039116,8602043.488751646
585.7142857142858,764.2857142857143,1777.1428571428573,22.09649996910267,13586917.371066304
407.14285714285717,717.1428571428572,2937.1428571428573,22.096585689857204,9360977.853957118
514.2857142857142,245.71428571428572,2605.714285714286,22.096667941996476,7051103.503306412
728.5714285714286,292.8571428571429,1445.7142857142858,22.096888928900267,12104517.171919344
371.42857142857144,1000.0,3102.857142857143,22.097298412598164,10494489.283589154
371.42857142857144,622.8571428571429,3600.0,22.097439372879027,8019062.437412193
550.0,245.71428571428572,2274.285714285714,22.097517517428923,7708009.595267986
514.2857142857142,670.0,2108.5714285714284,22.097672937411648,11204362.173203632
407.14285714285717,905.7142857142858,2771.4285714285716,22.09838944315773,10638948.858717686
585.7142857142858,151.42857142857144,2274.285714285714,22.09841734952845,6926896.59239894
442.8571428571429,670.0,2605.714285714286,22.098833101177156,9721749.778086292
550.0,622.8571428571429,1942.857142857143,22.098966620633433,11593678.961780025
657.1428571428571,387.14285714285717,1611.4285714285716,22.099143901741257,11661148.373739999
585.7142857142858,717.1428571428572,1777.1428571428573,22.099188638678026,13202934.441186067
478.57142857142856,764.2857142857143,2274.285714285714,22.099760396040676,11165204.881177492
442.8571428571429,952.8571428571429,2440.0,22.09982889645822,11707915.345599476
657.1428571428571,104.28571428571429,1942.857142857143,22.100032331308284,7323943.76641205
371.42857142857144,811.4285714285714,3268.571428571429,22.100287153020915,9312010.675448636
478.57142857142856,387.14285714285717,2605.714285714286,22.1004065093804,7993161.139312955
335.7142857142857,1000.0,3600.0,22.100544635519825,9779674.509125704
407.14285714285717,575.7142857142858,3102.857142857143,22.10080674049669,8317818.663630131
800.0,481.42857142857144,1280.0,22.10101296626479,16267254.47305948
800.0,528.5714285714286,1280.0,22.101191028475714,16802158.21723986
407.14285714285717,434.28571428571433,3434.2857142857147,22.101249880863328,7156110.253524776
800.0,434.28571428571433,1280.0,22.101277130927826,15709235.768874852
550.0,340.0,2108.5714285714284,22.101427497647403,8861090.89653789
800.0,575.7142857142858,1280.0,22.10169084610033,17317078.322669104
585.7142857142858,198.57142857142858,2108.5714285714284,22.102006757035426,7715413.450093647
800.0,387.14285714285717,1280.0,22.10215830805126,15124058.837476177
585.7142857142858,670.0,1777.1428571428573,22.102379146389357,12809096.386152158
800.0,622.8571428571429,1280.0,22.102427208668207,17814496.934151944
407.14285714285717,387.14285714285717,3600.0,22.1030635168984,6732276.115449034
800.0,670.0,1280.0,22.103338548571,18296420.09701809
371.42857142857144,952.8571428571429,3102.857142857143,22.10353214803165,10209368.706776265
585.7142857142858,57.142857142857146,3600.0,22.103572834265375,4624807.483148249
800.0,57.142857142857146,1445.7142857142858,22.103741154279167,8958103.552037688
514.2857142857142,622.8571428571429,2108.5714285714284,22.10389729229299,10824985.04711921
800.0,340.0,1280.0,22.103918289822186,14506352.088990496
621.4285714285714,57.142857142857146,2771.4285714285716,22.104340857845997,5295958.7993064085
800.0,717.1428571428572,1280.0,22.104379585693323,18764495.864166893
442.8571428571429,905.7142857142858,2440.0,22.104500573917345,11397226.76123496
621.4285714285714,292.8571428571429,1777.1428571428573,22.104504816798418,9748431.934769867
407.14285714285717,858.5714285714287,2771.4285714285716,22.104646277028447,10333339.928054325
550.0,575.7142857142858,1942.857142857143,22.104773646593802,11189780.069548354
514.2857142857142,198.57142857142858,2771.4285714285716,22.10505745248197,6411863.232957123
514.2857142857142,292.8571428571429,2440.0,22.105098909923452,7641232.508610003
728.5714285714286,10.0,3102.857142857143,22.105387798786868,4542762.788615797
800.0,764.2857142857143,1280.0,22.10551652103105,19220097.329743817
407.14285714285717,481.42857142857144,3268.571428571429,22.10561900617071,7562968.994204653
550.0,104.28571428571429,3102.857142857143,22.105634819899173,5342162.46062745
478.57142857142856,717.1428571428572,2274.285714285714,22.105645996776392,10816756.097975826
585.7142857142858,292.8571428571429,1942.857142857143,22.106012187801756,9018505.50115862
585.7142857142858,622.8571428571429,1777.1428571428573,22.106180600597906,12404284.750804698
550.0,151.42857142857144,2605.714285714286,22.10618173872457,6286361.166037141
728.5714285714286,245.71428571428572,1445.7142857142858,22.106182703667688,11436603.96214056
407.14285714285717,670.0,2937.1428571428573,22.106236607497777,9028289.036693742
800.0,811.4285714285714,1280.0,22.106723809806365,19664382.509547416
371.42857142857144,670.0,3434.2857142857147,22.106859618986718,8359842.883634245
800.0,292.8571428571429,1280.0,22.106965184004412,13848720.060561808
657.1428571428571,340.0,1611.4285714285716,22.107310125307645,11112763.440056141
514.2857142857142,387.14285714285717,2274.285714285714,22.10737061200575,8675403.16136315
478.57142857142856,481.42857142857144,2440.0,22.107833492931718,8886810.74352484
335.7142857142857,952.8571428571429,3600.0,22.107894538567308,9504809.978744574
800.0,858.5714285714287,1280.0,22.107981943730756,20098338.48454789
442.8571428571429,622.8571428571429,2605.714285714286,22.10806966798058,9367691.646138506
657.1428571428571,57.142857142857146,2274.285714285714,22.108572225072518,5990740.9030358475
800.0,905.7142857142858,1280.0,22.109275895371113,20522814.574220788
371.42857142857144,764.2857142857143,3268.571428571429,22.109360202815413,9005631.202388905
442.8571428571429,858.5714285714287,2440.0,22.109680206838316,11080901.946373036
442.8571428571429,481.42857142857144,2771.4285714285716,22.110161877565908,8212470.631747931
514.2857142857142,151.42857142857144,3102.857142857143,22.11031928719315,5668066.889976541
371.42857142857144,905.7142857142858,3102.857142857143,22.110348163009075,9919614.36375316
800.0,952.8571428571429,1280.0,22.110594007154877,20938547.69121582
585.7142857142858,575.7142857142858,1777.1428571428573,22.110734254378215,11987153.153705759
657.1428571428571,151.42857142857144,1777.1428571428573,22.11116810426733,8330126.350920048
514.2857142857142,575.7142857142858,2108.5714285714284,22.111170505001198,10434305.705643171
407.14285714285717,811.4285714285714,2771.4285714285716,22.11157978747776,10021922.66035047
550.0,528.5714285714286,1942.857142857143,22.1116906859256,10772485.59396913
800.0,1000.0,1280.0,22.11192718518274,21346182.01336383
800.0,245.71428571428572,1280.0,22.11196886067756,13140501.026570886
371.42857142857144,575.7142857142858,3600.0,22.112031188449127,7681191.83193792
478.57142857142856,670.0,2274.285714285714,22.112362037177757,10459702.700109182
442.8571428571429,340.0,3102.857142857143,22.112491874638785,6889633.296801223
764.2857142857143,104.28571428571429,1445.7142857142858,22.112791911026097,9580468.03145429
764.2857142857143,10.0,2274.285714285714,22.113185395474822,5429402.817825893
621.4285714285714,1000.0,1611.4285714285716,22.11360269432961,16338546.357336406
621.4285714285714,952.8571428571429,1611.4285714285716,22.114334184308614,15981919.400554826
692.8571428571429,57.142857142857146,1942.857142857143,22.1147144721641,6710292.838042099
478.57142857142856,292.8571428571429,2771.4285714285716,22.11476724409553,7005752.066534813
621.4285714285714,905.7142857142858,1611.4285714285716,22.115238699105962,15618692.130553873
407.14285714285717,528.5714285714286,3102.857142857143,22.115303514230355,7955532.8280300135
442.8571428571429,245.71428571428572,3600.0,22.115426642206486,5843142.341105663
442.8571428571429,811.4285714285714,2440.0,22.115447923031773,10758441.147646612
692.8571428571429,905.7142857142858,1445.7142857142858,22.115632379279276,17504338.023706947
692.8571428571429,858.5714285714287,1445.7142857142858,22.11563328722768,17112216.284357015
478.57142857142856,198.57142857142858,3268.571428571429,22.115706839687196,5812035.322644504
692.8571428571429,952.8571428571429,1445.7142857142858,22.11575121941804,17888694.429503966
692.8571428571429,811.4285714285714,1445.7142857142858,22.115779185787687,16711664.8862484
335.7142857142857,905.7142857142858,3600.0,22.11589915754025,9225608.39191166
692.8571428571429,1000.0,1445.7142857142858,22.11596936703356,18265865.650681384
442.8571428571429,387.14285714285717,2937.1428571428573,22.116028324483445,7359134.095132088
692.8571428571429,764.2857142857143,1445.7142857142858,22.11610152253392,16301917.359271744
585.7142857142858,528.5714285714286,1777.1428571428573,22.116226107228535,11556057.47057064
621.4285714285714,858.5714285714287,1611.4285714285716,22.11634667445634,15248325.739120068
692.8571428571429,717.1428571428572,1445.7142857142858,22.11663986357966,15882081.900659213
692.8571428571429,151.42857142857144,1611.4285714285716,22.117102465091225,9075785.61766417
407.14285714285717,622.8571428571429,2937.1428571428573,22.11720568648493,8686951.391005227
692.8571428571429,670.0,1445.7142857142858,22.117444546079746,15451110.996709958
621.4285714285714,811.4285714285714,1611.4285714285716,22.117695328548425,14870202.79712276
371.42857142857144,858.5714285714287,3102.857142857143,22.117830476161917,9624836.29939878
657.1428571428571,292.8571428571429,1611.4285714285716,22.118262931498723,10529355.124968026
692.8571428571429,622.8571428571429,1445.7142857142858,22.11858042336063,15007760.941185612
442.8571428571429,292.8571428571429,3268.571428571429,22.11867165218916,6393568.131887727
442.8571428571429,575.7142857142858,2605.714285714286,22.118710073056906,9003366.066562023
407.14285714285717,764.2857142857143,2771.4285714285716,22.119300660762068,9704148.404946977
621.4285714285714,764.2857142857143,1611.4285714285716,22.11933059481385,14483610.395513197
371.42857142857144,717.1428571428572,3268.571428571429,22.1194812809159,8692658.041173926
478.57142857142856,245.71428571428572,2937.1428571428573,22.119638940773918,6446236.662264574
371.42857142857144,622.8571428571429,3434.2857142857147,22.119663982333147,8031275.025473474
514.2857142857142,528.5714285714286,2108.5714285714284,22.119742160218323,10030801.36378927
550.0,481.42857142857144,1942.857142857143,22.120008252799614,10339827.525534442
728.5714285714286,198.57142857142858,1445.7142857142858,22.120051660971942,10705599.11934838
478.57142857142856,622.8571428571429,2274.285714285714,22.12007717612605,10093054.242319392
800.0,198.57142857142858,1280.0,22.120107403452298,12365343.502142213
692.8571428571429,575.7142857142858,1445.7142857142858,22.120132263892902,14550536.837998036
407.14285714285717,1000.0,2605.714285714286,22.121121154479084,11252928.477032395
621.4285714285714,717.1428571428572,1611.4285714285716,22.12130974767492,14087718.370157886
550.0,292.8571428571429,2108.5714285714284,22.121514652960087,8332402.748280804
442.8571428571429,764.2857142857143,2440.0,22.121901484562702,10429266.417878207
335.7142857142857,1000.0,3434.2857142857147,22.121908300165725,9787704.261675004
621.4285714285714,151.42857142857144,1942.857142857143,22.122206924832472,7638113.667993404
692.8571428571429,528.5714285714286,1445.7142857142858,22.122212721452588,14077616.211873792
585.7142857142858,57.142857142857146,3434.2857142857147,22.122242205935883,4660553.435140114
478.57142857142856,434.28571428571433,2440.0,22.122458910633682,8466483.780564483
478.57142857142856,340.0,2605.714285714286,22.12253659636958,7529929.922746297
585.7142857142858,481.42857142857144,1777.1428571428573,22.122905941907238,11108956.166181028
621.4285714285714,245.71428571428572,1777.1428571428573,22.122948278065444,9140178.494135974
621.4285714285714,670.0,1611.4285714285716,22.123705028828983,13681550.747058598
514.2857142857142,1000.0,1942.857142857143,22.12410367042933,13674329.259142864
728.5714285714286,10.0,2937.1428571428573,22.124352094434602,4609066.07654051
335.7142857142857,858.5714285714287,3600.0,22.124651250914944,8941704.615933668
371.42857142857144,1000.0,2937.1428571428573,22.124953436602,10506972.750293473
692.8571428571429,481.42857142857144,1445.7142857142858,22.12497442749792,13586740.155529631
478.57142857142856,1000.0,2108.5714285714284,22.125373820045517,12839609.834489388
407.14285714285717,387.14285714285717,3434.2857142857147,22.125617350960976,6748588.87496075
407.14285714285717,434.28571428571433,3268.571428571429,22.12576740890946,7173056.366841023
514.2857142857142,340.0,2274.285714285714,22.126045560783385,8195198.991695922
371.42857142857144,811.4285714285714,3102.857142857143,22.126080319641414,9324586.892486107
407.14285714285717,952.8571428571429,2605.714285714286,22.126403572786664,10957728.809276348
621.4285714285714,622.8571428571429,1611.4285714285716,22.1266087485811,13263947.651876923
514.2857142857142,952.8571428571429,1942.857142857143,22.126800536533246,13348520.85667521
442.8571428571429,434.28571428571433,2771.4285714285716,22.127429275073766,7807310.736589331
407.14285714285717,717.1428571428572,2771.4285714285716,22.127945182922673,9379377.092826216
585.7142857142858,245.71428571428572,1942.857142857143,22.128350946712327,8429964.561653348
692.8571428571429,434.28571428571433,1445.7142857142858,22.12862893305174,13075053.498378841
371.42857142857144,528.5714285714286,3600.0,22.12884716517568,7332901.975086044
478.57142857142856,952.8571428571429,2108.5714285714284,22.1288602895615,12524033.05500971
478.57142857142856,575.7142857142858,2274.285714285714,22.129008311302986,9715616.911922393
442.8571428571429,717.1428571428572,2440.0,22.12916142779774,10092703.611795755
335.7142857142857,952.8571428571429,3434.2857142857147,22.129315589986287,9512955.66762341
407.14285714285717,575.7142857142858,2937.1428571428573,22.12977161586106,8335882.792277663
514.2857142857142,905.7142857142858,1942.857142857143,22.129817812497635,13016957.865963317
514.2857142857142,481.42857142857144,2108.5714285714284,22.12994601382392,9612579.193411576
550.0,434.28571428571433,1942.857142857143,22.13012478426976,9889311.953363612
621.4285714285714,575.7142857142858,1611.4285714285716,22.13014061349839,12833513.504345406
621.4285714285714,104.28571428571429,2108.5714285714284,22.130446811542793,6680578.886029824
371.42857142857144,670.0,3268.571428571429,22.130840836297043,8372379.730766362
442.8571428571429,528.5714285714286,2605.714285714286,22.131078412033858,8627379.605484558
585.7142857142858,434.28571428571433,1777.1428571428573,22.131117013909307,10643263.661057485
371.42857142857144,952.8571428571429,2937.1428571428573,22.13127576581148,10221990.190555286
407.14285714285717,905.7142857142858,2605.714285714286,22.13219639462436,10657609.617337964
407.14285714285717,481.42857142857144,3102.857142857143,22.132270889154103,7580549.777390863
585.7142857142858,104.28571428571429,2440.0,22.132677083654,6019214.247974299
478.57142857142856,905.7142857142858,2108.5714285714284,22.132725934165848,12202978.887154883
407.14285714285717,340.0,3600.0,22.133156281357955,6303574.402212875
550.0,104.28571428571429,2937.1428571428573,22.133176685707383,5381406.300895258
514.2857142857142,858.5714285714287,1942.857142857143,22.133205387351023,12679162.797536243
657.1428571428571,245.71428571428572,1611.4285714285716,22.133314957383124,9901372.077551715
692.8571428571429,387.14285714285717,1445.7142857142858,22.133477521772708,12538861.619272634
800.0,151.42857142857144,1280.0,22.133664633111195,11495865.889825245
550.0,1000.0,1777.1428571428573,22.133836233989705,14549356.018350253
335.7142857142857,811.4285714285714,3600.0,22.13426244454904,8652679.485577388
371.42857142857144,575.7142857142858,3434.2857142857147,22.13426877442877,7693534.179839839
621.4285714285714,528.5714285714286,1611.4285714285716,22.13445850537811,12388544.976913635
550.0,198.57142857142858,2274.285714285714,22.13485551537031,7085502.027888574
371.42857142857144,764.2857142857143,3102.857142857143,22.135220831412973,9018348.342316557
550.0,952.8571428571429,1777.1428571428573,22.13587643134566,14213300.561625037
621.4285714285714,57.142857142857146,2605.714285714286,22.136267972363726,5354680.4933547815
514.2857142857142,245.71428571428572,2440.0,22.136813302585473,7092134.071560372
442.8571428571429,1000.0,2274.285714285714,22.13685198198391,12040169.820294729
764.2857142857143,622.8571428571429,1280.0,22.136908335722424,16917262.004553385
764.2857142857143,670.0,1280.0,22.1369868730699,17386508.870885823
514.2857142857142,811.4285714285714,1942.857142857143,22.137023723655094,12334587.918833844
478.57142857142856,858.5714285714287,2108.5714285714284,22.137028325654207,11875990.599591542
764.2857142857143,575.7142857142858,1280.0,22.137085312936314,16433065.045673834
764.2857142857143,717.1428571428572,1280.0,22.137263661818718,17842401.426590305
335.7142857142857,905.7142857142858,3434.2857142857147,22.137375704251372,9233870.867744861
442.8571428571429,670.0,2440.0,22.137378120337463,9747958.730359912
764.2857142857143,528.5714285714286,1280.0,22.137594630266122,15931974.645704318
407.14285714285717,670.0,2771.4285714285716,22.13768313999855,9046854.731976386
764.2857142857143,764.2857142857143,1280.0,22.137695333706343,18286268.63787971
442.8571428571429,245.71428571428572,3434.2857142857147,22.137715835317618,5863396.347980383
371.42857142857144,905.7142857142858,2937.1428571428573,22.138179174706814,9932374.845305447
550.0,905.7142857142858,1777.1428571428573,22.138184754628043,13871211.656832077
764.2857142857143,811.4285714285714,1280.0,22.138248590435747,18719230.858872116
764.2857142857143,481.42857142857144,1280.0,22.138541305251554,15411584.963498747
407.14285714285717,858.5714285714287,2605.714285714286,22.138574129973268,10352157.599352352
514.2857142857142,151.42857142857144,2937.1428571428573,22.138858749099732,5702024.095084489
764.2857142857143,858.5714285714287,1280.0,22.1388975606309,19142242.718289196
478.57142857142856,528.5714285714286,2274.285714285714,22.139439167867227,9325930.861738723
764.2857142857143,905.7142857142858,1280.0,22.139621935389975,19556125.333963048
621.4285714285714,481.42857142857144,1611.4285714285716,22.139774777483023,11926928.206156868
692.8571428571429,340.0,1445.7142857142858,22.13996366328997,11973244.173452048
764.2857142857143,434.28571428571433,1280.0,22.140072112010913,14868859.143766737
478.57142857142856,387.14285714285717,2440.0,22.140258308458822,8026805.428181723
764.2857142857143,952.8571428571429,1280.0,22.140405628905295,19961590.924520347
514.2857142857142,198.57142857142858,2605.714285714286,22.14079687453917,6450464.756220214
550.0,858.5714285714287,1777.1428571428573,22.140803973444793,13522591.393421238
764.2857142857143,1000.0,1280.0,22.141235800584372,20359261.897618398
442.8571428571429,952.8571428571429,2274.285714285714,22.141250980092384,11734835.248699542
585.7142857142858,387.14285714285717,1777.1428571428573,22.14134413029587,10155626.74947565
514.2857142857142,764.2857142857143,1942.857142857143,22.141346792199965,11982600.09203544
728.5714285714286,151.42857142857144,1445.7142857142858,22.141709613537312,9885411.408463275
478.57142857142856,811.4285714285714,2108.5714285714284,22.14183709865911,11542544.122723235
442.8571428571429,340.0,2937.1428571428573,22.141902011514205,6913120.946138006
478.57142857142856,198.57142857142858,3102.857142857143,22.14207136979577,5839145.102925256
514.2857142857142,434.28571428571433,2108.5714285714284,22.142238776330814,9177239.22859368
764.2857142857143,387.14285714285717,1280.0,22.14239772165014,14299873.285588812
550.0,387.14285714285717,1942.857142857143,22.14260190077285,9417702.484875593
585.7142857142858,57.142857142857146,3268.571428571429,22.14274450225344,4698821.704025339
371.42857142857144,622.8571428571429,3268.571428571429,22.143679045350115,8043948.843023653
550.0,811.4285714285714,1777.1428571428573,22.143786015970587,13166868.792447142
407.14285714285717,528.5714285714286,2937.1428571428573,22.144297889666333,7973759.357827564
335.7142857142857,764.2857142857143,3600.0,22.144868359460705,8358048.05621841
335.7142857142857,1000.0,3268.571428571429,22.14495431376494,9795928.273308698
371.42857142857144,717.1428571428572,3102.857142857143,22.145403382107574,8705516.46802888
442.8571428571429,292.8571428571429,3102.857142857143,22.14540516799928,6415983.89774449
442.8571428571429,481.42857142857144,2605.714285714286,22.145606507253984,8237998.968555534
550.0,151.42857142857144,2440.0,22.145617101179322,6334879.140597896
407.14285714285717,811.4285714285714,2605.714285714286,22.14562662042699,10040898.342723982
371.42857142857144,858.5714285714287,2937.1428571428573,22.14574689469462,9637736.726862641
728.5714285714286,10.0,2771.4285714285716,22.14581806084233,4681355.226058926
764.2857142857143,340.0,1280.0,22.145830517663946,13699410.428692969
442.8571428571429,905.7142857142858,2274.285714285714,22.146093143642723,11424301.06756644
335.7142857142857,858.5714285714287,3434.2857142857147,22.146180653725093,8950084.694928396
514.2857142857142,717.1428571428572,1942.857142857143,22.146266041654066,11622461.165233621
621.4285714285714,434.28571428571433,1611.4285714285716,22.146381691202475,11445987.655907288
442.8571428571429,622.8571428571429,2440.0,22.146741628810794,9394086.30072596
800.0,10.0,1777.1428571428573,22.146899964631068,6365487.828919107
478.57142857142856,151.42857142857144,3600.0,22.147052551003657,5114572.534610216
550.0,764.2857142857143,1777.1428571428573,22.14719452476285,12803384.065270139
478.57142857142856,764.2857142857143,2108.5714285714284,22.147237277462125,11202033.486806447
550.0,245.71428571428572,2108.5714285714284,22.14819369772373,7763631.806131824
442.8571428571429,387.14285714285717,2771.4285714285716,22.148324052447553,7383710.343505231
371.42857142857144,481.42857142857144,3600.0,22.148432185994128,6972639.815391461
407.14285714285717,622.8571428571429,2771.4285714285716,22.14872885501834,8705683.319394777
585.7142857142858,151.42857142857144,2108.5714285714284,22.148752393296057,6992260.376322073
692.8571428571429,292.8571428571429,1445.7142857142858,22.148767427927517,11371408.10649545
621.4285714285714,198.57142857142858,1777.1428571428573,22.14892677291079,8474523.448223889
514.2857142857142,292.8571428571429,2274.285714285714,22.149918394514184,7684837.789669078
407.14285714285717,387.14285714285717,3268.571428571429,22.150040030554052,6765659.091623913
514.2857142857142,104.28571428571429,3600.0,22.150264424730796,4791689.262807668
478.57142857142856,292.8571428571429,2605.714285714286,22.15066502422142,7037837.86956694
764.2857142857143,292.8571428571429,1280.0,22.150852889971347,13060281.727062946
371.42857142857144,528.5714285714286,3434.2857142857147,22.151079262977273,7345370.758981393
550.0,717.1428571428572,1777.1428571428573,22.151108317053037,12431368.263424544
442.8571428571429,858.5714285714287,2274.285714285714,22.151444082975164,11108131.850674553
478.57142857142856,481.42857142857144,2274.285714285714,22.15174825844576,8922180.6215445
514.2857142857142,670.0,1942.857142857143,22.15189585711192,11253302.2231331
478.57142857142856,245.71428571428572,2771.4285714285716,22.15193268250616,6476635.994646251
657.1428571428571,1000.0,1445.7142857142858,22.152082695686474,17350129.05455492
764.2857142857143,10.0,2108.5714285714284,22.15209129252473,5547036.946270149
407.14285714285717,434.28571428571433,3102.857142857143,22.152377343461215,7190781.928543186
335.7142857142857,952.8571428571429,3268.571428571429,22.152426024619416,9521298.273389129
657.1428571428571,952.8571428571429,1445.7142857142858,22.15252583955493,16983140.416667916
657.1428571428571,905.7142857142858,1445.7142857142858,22.15311021034233,16609258.2262336
478.57142857142856,717.1428571428572,2108.5714285714284,22.15333377104903,10853751.982680244
407.14285714285717,764.2857142857143,2605.714285714286,22.153463225575187,9723283.072186798
657.1428571428571,858.5714285714287,1445.7142857142858,22.15386124084794,16227923.318255723
371.42857142857144,811.4285714285714,2937.1428571428573,22.154079137999776,9337628.135349454
585.7142857142858,340.0,1777.1428571428573,22.154295106362778,9641568.64616492
621.4285714285714,387.14285714285717,1611.4285714285716,22.15469264572125,10942255.810847076
657.1428571428571,198.57142857142858,1611.4285714285716,22.154738009207172,9214093.123404365
657.1428571428571,811.4285714285714,1445.7142857142858,22.154810071980986,15838495.166942194
371.42857142857144,1000.0,2771.4285714285716,22.155041064564717,10519948.953635264
585.7142857142858,1000.0,1611.4285714285716,22.155532627397942,15471800.05089834
407.14285714285717,340.0,3434.2857142857147,22.155549787621833,6319981.349011051
657.1428571428571,57.142857142857146,2108.5714285714284,22.155572565961197,6076293.181877077
550.0,670.0,1777.1428571428573,22.155626147287116,12049916.56651541
335.7142857142857,811.4285714285714,3434.2857142857147,22.155841108113226,8661177.91033152
657.1428571428571,764.2857142857143,1445.7142857142858,22.15599518357291,15440234.477165163
335.7142857142857,717.1428571428572,3600.0,22.156635522470783,8057244.389228139
371.42857142857144,670.0,3102.857142857143,22.156816245584523,8385379.411038348
585.7142857142858,952.8571428571429,1611.4285714285716,22.15705812800789,15125439.468432004
514.2857142857142,387.14285714285717,2108.5714285714284,22.157262721481008,8721665.10428539
442.8571428571429,811.4285714285714,2274.285714285714,22.157382990808138,10785827.849301392
657.1428571428571,717.1428571428572,1445.7142857142858,22.157464610474907,15032280.708862947
442.8571428571429,575.7142857142858,2440.0,22.15749580509149,9029946.277941862
800.0,104.28571428571429,1280.0,22.1577817910411,10479532.082228063
407.14285714285717,1000.0,2440.0,22.157876222497745,11272345.426827237
764.2857142857143,245.71428571428572,1280.0,22.158249579407865,12372112.746663086
550.0,340.0,1942.857142857143,22.158257883530215,8920675.236653028
371.42857142857144,575.7142857142858,3268.571428571429,22.158303336916664,7706343.226492331
514.2857142857142,622.8571428571429,1942.857142857143,22.158381205474054,10874089.188639158
585.7142857142858,905.7142857142858,1611.4285714285716,22.158806935600644,14772762.471067352
657.1428571428571,670.0,1445.7142857142858,22.159279003844627,14613622.616810678
585.7142857142858,198.57142857142858,1942.857142857143,22.15948306473912,7785949.438190829
478.57142857142856,670.0,2108.5714285714284,22.160257547068927,10496867.413626019
335.7142857142857,905.7142857142858,3268.571428571429,22.160548701237836,9242333.013472049
585.7142857142858,858.5714285714287,1611.4285714285716,22.160815423180598,14413250.874925531
550.0,622.8571428571429,1777.1428571428573,22.160873384003306,11657952.612626387
692.8571428571429,245.71428571428572,1445.7142857142858,22.160987823081793,10723528.554985465
407.14285714285717,481.42857142857144,2937.1428571428573,22.161267980546704,7598933.883839332
407.14285714285717,575.7142857142858,2771.4285714285716,22.16135692747393,8354779.822415759
371.42857142857144,952.8571428571429,2771.4285714285716,22.161463810518374,10235101.151354846
657.1428571428571,622.8571428571429,1445.7142857142858,22.161515938627826,14183058.970912058
692.8571428571429,104.28571428571429,1611.4285714285716,22.161864766786397,8144075.280720044
442.8571428571429,245.71428571428572,3268.571428571429,22.16191208991092,5884726.050739434
407.14285714285717,717.1428571428572,2605.714285714286,22.16221846936275,9398671.49556677
478.57142857142856,340.0,2440.0,22.16230943235748,7563779.965176739
442.8571428571429,434.28571428571433,2605.714285714286,22.162883043281525,7833024.758069108
585.7142857142858,811.4285714285714,1611.4285714285716,22.163127815948055,14046310.654386992
371.42857142857144,764.2857142857143,2937.1428571428573,22.163297714075213,9031531.126173815
407.14285714285717,952.8571428571429,2440.0,22.16329794935762,10977286.254846236
550.0,104.28571428571429,2771.4285714285716,22.163587518754895,5423402.296599197
442.8571428571429,764.2857142857143,2274.285714285714,22.16400636234667,10456811.057975123
657.1428571428571,575.7142857142858,1445.7142857142858,22.164276102206266,13739145.160211314
657.1428571428571,104.28571428571429,1777.1428571428573,22.16520058363284,7426367.098144669
621.4285714285714,340.0,1611.4285714285716,22.165312103261634,10411106.75928697
585.7142857142858,57.142857142857146,3102.857142857143,22.16533753820258,4739858.527449923
728.5714285714286,57.142857142857146,1611.4285714285716,22.165476977259445,7540693.4660656
585.7142857142858,764.2857142857143,1611.4285714285716,22.165798391026044,13671255.6373187
514.2857142857142,575.7142857142858,1942.857142857143,22.165908568709288,10483575.96572046
478.57142857142856,434.28571428571433,2274.285714285714,22.166452284966443,8502063.0996686
335.7142857142857,764.2857142857143,3434.2857142857147,22.166491457419017,8366665.440330045
550.0,575.7142857142858,1777.1428571428573,22.167011567556976,11254179.931190837
657.1428571428571,528.5714285714286,1445.7142857142858,22.16769239971779,13280118.98022856
478.57142857142856,622.8571428571429,2108.5714285714284,22.16817426897385,10130389.021237904
478.57142857142856,151.42857142857144,3434.2857142857147,22.168393031839845,5138578.256685387
371.42857142857144,905.7142857142858,2771.4285714285716,22.168466630650272,9945621.517432956
585.7142857142858,717.1428571428572,1611.4285714285716,22.168894457398018,13287286.434917573
407.14285714285717,905.7142857142858,2440.0,22.169230348153693,10677308.449951971
764.2857142857143,198.57142857142858,1280.0,22.169388937267435,11618973.292418702
335.7142857142857,858.5714285714287,3268.571428571429,22.169413567637505,8958667.310376696
371.42857142857144,622.8571428571429,3102.857142857143,22.16969669914254,8057089.151633075
335.7142857142857,670.0,3600.0,22.16977083152223,7749601.542515335
335.7142857142857,1000.0,3102.857142857143,22.169878565046922,9804336.060318295
442.8571428571429,528.5714285714286,2440.0,22.169958872065127,8654143.975998988
728.5714285714286,10.0,2605.714285714286,22.170234949442413,4760394.837633994
514.2857142857142,151.42857142857144,2771.4285714285716,22.17026175573539,5738190.409418708
371.42857142857144,481.42857142857144,3434.2857142857147,22.170633773279032,6985229.752283689
514.2857142857142,104.28571428571429,3434.2857142857147,22.170640339254504,4819453.372542586
478.57142857142856,198.57142857142858,2937.1428571428573,22.170914263937334,5867859.114227557
407.14285714285717,292.8571428571429,3600.0,22.171005166721947,5848806.8217620505
585.7142857142858,292.8571428571429,1777.1428571428573,22.17104662994815,9094891.291491045
442.8571428571429,717.1428571428572,2274.285714285714,22.171433015520837,10120407.180805782
371.42857142857144,434.28571428571433,3600.0,22.171527031513534,6598434.225041151
728.5714285714286,858.5714285714287,1280.0,22.171593440839096,18204376.51662448
728.5714285714286,811.4285714285714,1280.0,22.17160765094104,17792342.59545306
728.5714285714286,905.7142857142858,1280.0,22.171697948919554,18607626.301610745
728.5714285714286,764.2857142857143,1280.0,22.17176665900352,17370731.118019465
728.5714285714286,952.8571428571429,1280.0,22.171900249347935,19002779.90855833
657.1428571428571,481.42857142857144,1445.7142857142858,22.171943722755746,12803794.808169976
621.4285714285714,57.142857142857146,2440.0,22.172048641086803,5418228.214745038
407.14285714285717,670.0,2605.714285714286,22.172059780763192,9066309.256007003
728.5714285714286,717.1428571428572,1280.0,22.172103286758382,16938619.316492394
728.5714285714286,1000.0,1280.0,22.17218340534435,19390438.351230763
585.7142857142858,670.0,1611.4285714285716,22.172500459739805,12893462.79621663
728.5714285714286,670.0,1280.0,22.172659298326675,16494923.796832014
728.5714285714286,622.8571428571429,1280.0,22.173488505691044,16038358.878075432
371.42857142857144,717.1428571428572,2937.1428571428573,22.173552251093145,8718841.282012656
442.8571428571429,340.0,2771.4285714285716,22.17406479169514,6937852.580595682
550.0,528.5714285714286,1777.1428571428573,22.174252420220938,10837014.324408263
442.8571428571429,292.8571428571429,2937.1428571428573,22.174571451648866,6439587.863585468
728.5714285714286,575.7142857142858,1280.0,22.174661243383312,15567380.022917416
764.2857142857143,57.142857142857146,1445.7142857142858,22.1747017546117,8322531.906913528
514.2857142857142,528.5714285714286,1942.857142857143,22.174721953451346,10080239.171049178
371.42857142857144,528.5714285714286,3268.571428571429,22.175113951074632,7358311.974809846
442.8571428571429,198.57142857142858,3600.0,22.17518171181106,5287533.871997858
407.14285714285717,858.5714285714287,2440.0,22.175747145411364,10371998.709771305
585.7142857142858,104.28571428571429,2274.285714285714,22.17576445419998,6079724.913587068
407.14285714285717,528.5714285714286,2771.4285714285716,22.17592520906171,7992818.997419562
514.2857142857142,340.0,2108.5714285714284,22.175951381346103,8241690.536378365
371.42857142857144,858.5714285714287,2771.4285714285716,22.17613193376613,9651120.048385015
728.5714285714286,528.5714285714286,1280.0,22.176270970748295,15080105.309322605
407.14285714285717,387.14285714285717,3102.857142857143,22.176558060622142,6783516.265451312
585.7142857142858,622.8571428571429,1611.4285714285716,22.176723735268595,12488666.708736187
478.57142857142856,1000.0,1942.857142857143,22.176774184713075,12879346.613886764
657.1428571428571,434.28571428571433,1445.7142857142858,22.177276445473876,12307408.099676404
478.57142857142856,575.7142857142858,2108.5714285714284,22.17729663210772,9753122.413449435
335.7142857142857,952.8571428571429,3102.857142857143,22.17742275115871,9529825.686164683
692.8571428571429,57.142857142857146,1777.1428571428573,22.177595401186394,6826680.548875172
335.7142857142857,717.1428571428572,3434.2857142857147,22.17829663069409,8065981.138796861
728.5714285714286,104.28571428571429,1445.7142857142858,22.178332590776208,8925799.782084033
550.0,292.8571428571429,1942.857142857143,22.1783347562083,8392239.167244403
728.5714285714286,481.42857142857144,1280.0,22.178444283370577,14574203.598187067
692.8571428571429,198.57142857142858,1445.7142857142858,22.178528871069616,10014480.198793711
300.0,1000.0,3600.0,22.17853352797019,9115853.140662387
335.7142857142857,811.4285714285714,3268.571428571429,22.179130284824087,8669881.872392055
621.4285714285714,292.8571428571429,1611.4285714285716,22.179160958384806,9846141.357529856
407.14285714285717,340.0,3268.571428571429,22.179810056239944,6337154.658165948
442.8571428571429,670.0,2274.285714285714,22.179810977426357,9775821.932820221
514.2857142857142,198.57142857142858,2440.0,22.18032899834638,6491623.297674346
478.57142857142856,952.8571428571429,1942.857142857143,22.180496610121622,12563863.735117918
514.2857142857142,245.71428571428572,2274.285714285714,22.18131470113909,7135943.248105325
407.14285714285717,434.28571428571433,2937.1428571428573,22.181339771667744,7209315.642652042
728.5714285714286,434.28571428571433,1280.0,22.181356586079186,14046730.436386367
585.7142857142858,575.7142857142858,1611.4285714285716,22.181702759583313,12071552.180993568
442.8571428571429,1000.0,2108.5714285714284,22.182345050474993,12069178.401705932
514.2857142857142,1000.0,1777.1428571428573,22.182347613648748,13728207.697756486
550.0,481.42857142857144,1777.1428571428573,22.182878951125296,10404487.265590236
407.14285714285717,811.4285714285714,2440.0,22.182937142585896,10060882.575098278
407.14285714285717,622.8571428571429,2605.714285714286,22.183198300875823,8725297.780477699
442.8571428571429,387.14285714285717,2605.714285714286,22.183732596750055,7409598.678425243
657.1428571428571,387.14285714285717,1445.7142857142858,22.184039275892786,11787378.589902872
478.57142857142856,387.14285714285717,2274.285714285714,22.184276057311948,8062586.011836171
371.42857142857144,575.7142857142858,3102.857142857143,22.18434825857641,7719622.665782672
335.7142857142857,622.8571428571429,3600.0,22.184534756318016,7434324.799323538
442.8571428571429,481.42857142857144,2440.0,22.184554329854315,8264944.158351302
371.42857142857144,811.4285714285714,2771.4285714285716,22.184558861520394,9351148.985098358
478.57142857142856,905.7142857142858,1942.857142857143,22.1846023583881,12242903.379330272
550.0,198.57142857142858,2108.5714285714284,22.184996519621325,7141354.0187304
371.42857142857144,670.0,2937.1428571428573,22.185028717885825,8398846.375766743
514.2857142857142,481.42857142857144,1942.857142857143,22.185146980641374,9662184.844165068
728.5714285714286,387.14285714285717,1280.0,22.18525757289785,13493878.560316646
514.2857142857142,952.8571428571429,1777.1428571428573,22.185330237598752,13402444.330481935
335.7142857142857,905.7142857142858,3102.857142857143,22.1856160956155,9250981.073074264
621.4285714285714,104.28571428571429,1942.857142857143,22.18649442864608,6762514.399110942
657.1428571428571,151.42857142857144,1611.4285714285716,22.1868660036973,8442720.89499354
764.2857142857143,151.42857142857144,1280.0,22.18690169222169,10774147.845415866
442.8571428571429,952.8571428571429,2108.5714285714284,22.1869383939177,11763955.794781776
300.0,952.8571428571429,3600.0,22.187212862709835,8851766.624930754
478.57142857142856,245.71428571428572,2605.714285714286,22.187450860333854,6508850.732006716
621.4285714285714,151.42857142857144,1777.1428571428573,22.187522241810903,7727343.289099434
585.7142857142858,528.5714285714286,1611.4285714285716,22.187619241640437,11640475.361743947
371.42857142857144,1000.0,2605.714285714286,22.187872260268783,10533461.928663436
478.57142857142856,528.5714285714286,2108.5714285714284,22.187902403313014,9363606.755622182
442.8571428571429,245.71428571428572,3102.857142857143,22.188252877811923,5907193.052315378
514.2857142857142,905.7142857142858,1777.1428571428573,22.1886397132886,13070925.292145913
478.57142857142856,858.5714285714287,1942.857142857143,22.18914846980619,11916008.890366785
442.8571428571429,622.8571428571429,2274.285714285714,22.189327105208477,9422109.35614171
550.0,151.42857142857144,2274.285714285714,22.18952558894225,6386935.323576404
335.7142857142857,764.2857142857143,3268.571428571429,22.18983194100426,8375491.520385691
478.57142857142856,292.8571428571429,2440.0,22.190241413379155,7071865.54577528
585.7142857142858,57.142857142857146,2937.1428571428573,22.19032479961197,4783937.543234718
621.4285714285714,1000.0,1445.7142857142858,22.190337281093544,16452221.575950528
728.5714285714286,340.0,1280.0,22.190514574791777,12910581.91641172
407.14285714285717,764.2857142857143,2440.0,22.190908315560687,9743411.157702139
335.7142857142857,670.0,3434.2857142857147,22.191461432194025,7758457.744259907
621.4285714285714,952.8571428571429,1445.7142857142858,22.191499161991253,16095417.558661936
478.57142857142856,151.42857142857144,3268.571428571429,22.191629815759455,5163997.725261254
442.8571428571429,905.7142857142858,2108.5714285714284,22.191977195982297,11453533.809708044
514.2857142857142,858.5714285714287,1777.1428571428573,22.192325595225658,12733173.218306368
657.1428571428571,340.0,1445.7142857142858,22.19274238239729,11238933.823679784
621.4285714285714,905.7142857142858,1445.7142857142858,22.192847834135872,15732006.530852089
692.8571428571429,10.0,3600.0,22.19286736732608,3962493.862143448
514.2857142857142,104.28571428571429,3268.571428571429,22.192890582502592,4848981.9688941445
407.14285714285717,481.42857142857144,2771.4285714285716,22.192909252505956,7618151.597435777
407.14285714285717,292.8571428571429,3434.2857142857147,22.193145046981726,5865274.850030026
550.0,434.28571428571433,1777.1428571428573,22.19327827523037,9954103.664625635
585.7142857142858,245.71428571428572,1777.1428571428573,22.193324314237636,8506601.66690388
371.42857142857144,434.28571428571433,3434.2857142857147,22.193663784035888,6611137.132064221
371.42857142857144,764.2857142857143,2771.4285714285716,22.193867823265037,9045190.261679592
478.57142857142856,811.4285714285714,1942.857142857143,22.194203807133906,11582656.238009803
371.42857142857144,952.8571428571429,2605.714285714286,22.19440907123978,10248740.135550922
621.4285714285714,858.5714285714287,1445.7142857142858,22.194414126179776,15361449.94800194
335.7142857142857,858.5714285714287,3102.857142857143,22.19454899373521,8967437.041992566
371.42857142857144,481.42857142857144,3268.571428571429,22.194642217265134,6998298.138674542
585.7142857142858,481.42857142857144,1611.4285714285716,22.194716356575235,11193394.760457473
407.14285714285717,575.7142857142858,2605.714285714286,22.195904284379473,8374553.16601858
621.4285714285714,811.4285714285714,1445.7142857142858,22.196235548792977,14983130.670153707
514.2857142857142,811.4285714285714,1777.1428571428573,22.196447796565973,12388640.477214808
300.0,905.7142857142858,3600.0,22.196607304003578,8583658.160472175
442.8571428571429,198.57142857142858,3434.2857142857147,22.196892427007466,5307723.310297342
335.7142857142857,1000.0,2937.1428571428573,22.196906395023756,9812915.850327596
550.0,104.28571428571429,2605.714285714286,22.197288008778877,5468398.499318305
764.2857142857143,10.0,1942.857142857143,22.197325198261506,5677436.197559329
442.8571428571429,858.5714285714287,2108.5714285714284,22.197526382797633,11137477.041480634
514.2857142857142,434.28571428571433,1942.857142857143,22.197628298809896,9227011.019043783
728.5714285714286,292.8571428571429,1280.0,22.197690536983327,12289852.997849023
621.4285714285714,245.71428571428572,1611.4285714285716,22.197717611759376,9238083.558607567
371.42857142857144,622.8571428571429,2937.1428571428573,22.197961310735426,8070697.829244909
728.5714285714286,10.0,2440.0,22.19814926199303,4847069.0780321695
407.14285714285717,1000.0,2274.285714285714,22.19825558452222,11293028.816007705
621.4285714285714,764.2857142857143,1445.7142857142858,22.198358168827372,14596336.102970332
371.42857142857144,387.14285714285717,3600.0,22.199166124401298,6207723.08560415
300.0,1000.0,3434.2857142857147,22.199397092409995,9120924.040979551
514.2857142857142,292.8571428571429,2108.5714285714284,22.199718017443555,7731538.682787635
407.14285714285717,717.1428571428572,2440.0,22.199793339679843,9418943.957026405
478.57142857142856,764.2857142857143,1942.857142857143,22.19985229377226,11242239.437588245
550.0,1000.0,1611.4285714285716,22.20001828500006,14622459.526504667
442.8571428571429,575.7142857142858,2274.285714285714,22.20022080747228,9058128.625469295
478.57142857142856,481.42857142857144,2108.5714285714284,22.200361525566215,8960024.956176013
621.4285714285714,717.1428571428572,1445.7142857142858,22.20083914842741,14200236.420814592
514.2857142857142,764.2857142857143,1777.1428571428573,22.201079439588387,12036693.992245166
371.42857142857144,528.5714285714286,3102.857142857143,22.201165802744992,7371727.761333949
335.7142857142857,575.7142857142858,3600.0,22.20126012573804,7110455.146939083
371.42857142857144,905.7142857142858,2605.714285714286,22.20152519369525,9959387.328813242
335.7142857142857,717.1428571428572,3268.571428571429,22.201681771811813,8074929.927381862
442.8571428571429,434.28571428571433,2440.0,22.201858831243268,7860144.409929133
550.0,952.8571428571429,1611.4285714285716,22.202403863019,14286343.842606599
478.57142857142856,198.57142857142858,2771.4285714285716,22.20256914827982,5898285.995294876
585.7142857142858,434.28571428571433,1611.4285714285716,22.203327120649995,10727724.417822523
442.8571428571429,811.4285714285714,2108.5714285714284,22.203664203837775,10815285.71856271
621.4285714285714,670.0,1445.7142857142858,22.20375024202175,13793856.007005278
407.14285714285717,952.8571428571429,2274.285714285714,22.203836719117575,10998083.699727282
657.1428571428571,292.8571428571429,1445.7142857142858,22.20416344838728,10655477.953848336
371.42857142857144,717.1428571428572,2771.4285714285716,22.2042066041303,8732639.250757227
335.7142857142857,811.4285714285714,3102.857142857143,22.204330041029124,8678774.271501226
335.7142857142857,952.8571428571429,2937.1428571428573,22.20453229469345,9538523.635138066
550.0,245.71428571428572,1942.857142857143,22.204818347566448,7823694.157089937
692.8571428571429,1000.0,1280.0,22.204909344874906,18439780.69318727
514.2857142857142,151.42857142857144,2605.714285714286,22.204934535131265,5776741.375292476
692.8571428571429,151.42857142857144,1445.7142857142858,22.205027398721185,9218818.963071838
550.0,905.7142857142858,1611.4285714285716,22.205066848105623,13944191.151694838
692.8571428571429,952.8571428571429,1280.0,22.205221133303187,18062170.24732471
585.7142857142858,151.42857142857144,1942.857142857143,22.205274704568946,7063040.033703888
407.14285714285717,387.14285714285717,2937.1428571428573,22.20543291887868,6802186.806401951
692.8571428571429,905.7142857142858,1280.0,22.205651332266655,17677359.13407467
692.8571428571429,10.0,3434.2857142857147,22.205728069500747,4008838.224485534
550.0,387.14285714285717,1777.1428571428573,22.205994597380766,9482624.809415134
407.14285714285717,340.0,3102.857142857143,22.206164392343688,6355122.734840527
478.57142857142856,717.1428571428572,1942.857142857143,22.206197283600282,10894051.683711924
692.8571428571429,858.5714285714287,1280.0,22.2062213430384,17284767.346528184
335.7142857142857,622.8571428571429,3434.2857142857147,22.206243557186905,7443300.059753286
478.57142857142856,340.0,2274.285714285714,22.2062702448336,7599746.485060839
514.2857142857142,717.1428571428572,1777.1428571428573,22.206310705463295,11676595.610215064
442.8571428571429,292.8571428571429,2771.4285714285716,22.206489078722367,6464442.44598403
300.0,858.5714285714287,3600.0,22.206814722970595,8311189.175406157
692.8571428571429,811.4285714285714,1280.0,22.20695736438347,16883730.74216536
621.4285714285714,622.8571428571429,1445.7142857142858,22.20718270220909,13376035.352779852
800.0,57.142857142857146,1280.0,22.207584441496945,9187426.039421577
728.5714285714286,245.71428571428572,1280.0,22.207694527014823,11621596.8091181
692.8571428571429,764.2857142857143,1280.0,22.207891760095173,16473483.08301684
550.0,858.5714285714287,1611.4285714285716,22.208049929320833,13595503.65958474
300.0,952.8571428571429,3434.2857142857147,22.208128391249407,8856942.13082723
657.1428571428571,57.142857142857146,1942.857142857143,22.20898382899062,6169777.214036198
692.8571428571429,717.1428571428572,1280.0,22.209064916221788,16053132.858776418
371.42857142857144,858.5714285714287,2605.714285714286,22.209302176663435,9665013.503065974
442.8571428571429,340.0,2605.714285714286,22.209348467280865,6963896.142183388
407.14285714285717,670.0,2440.0,22.209757158323843,9086726.270194374
407.14285714285717,905.7142857142858,2274.285714285714,22.209929308065536,10698220.289441973
442.8571428571429,764.2857142857143,2108.5714285714284,22.210485860443175,10486381.748470413
692.8571428571429,670.0,1280.0,22.210527805006215,15621632.92198467
407.14285714285717,528.5714285714286,2605.714285714286,22.210529566685338,8012748.85311827
621.4285714285714,575.7142857142858,1445.7142857142858,22.211254307160637,12945379.23139174
550.0,811.4285714285714,1611.4285714285716,22.211404774069536,13239710.487192947
800.0,10.0,1611.4285714285716,22.211831057819293,6546087.930734285
514.2857142857142,670.0,1777.1428571428573,22.21225411968348,11307476.317899259
621.4285714285714,57.142857142857146,2274.285714285714,22.212315400768198,5487134.287204388
692.8571428571429,622.8571428571429,1280.0,22.21234559018856,15177740.023091253
371.42857142857144,575.7142857142858,2937.1428571428573,22.212649375699808,7733371.783537503
514.2857142857142,387.14285714285717,1942.857142857143,22.21278989909451,8771597.889883563
442.8571428571429,528.5714285714286,2274.285714285714,22.212804078543087,8682483.831061812
335.7142857142857,905.7142857142858,2937.1428571428573,22.212805618367675,9259798.240726365
407.14285714285717,434.28571428571433,2771.4285714285716,22.212955590441748,7228683.80049889
800.0,622.8571428571429,1114.2857142857142,22.21298477198967,18096962.957697455
800.0,670.0,1114.2857142857142,22.21301240581945,18579951.481801882
800.0,575.7142857142858,1114.2857142857142,22.213173216277657,17598444.064334325
800.0,717.1428571428572,1114.2857142857142,22.21320853005932,19049057.36089261
478.57142857142856,670.0,1942.857142857143,22.21336755534873,10537260.562345885
800.0,764.2857142857143,1114.2857142857142,22.213537001955043,19505653.58214783
800.0,528.5714285714286,1114.2857142857142,22.21364140234194,17082389.4072827
585.7142857142858,387.14285714285717,1611.4285714285716,22.21392024206215,10240109.970175643
800.0,811.4285714285714,1114.2857142857142,22.213969992047016,19950898.208056264
800.0,481.42857142857144,1114.2857142857142,22.21447610675263,16546317.966909718
800.0,858.5714285714287,1114.2857142857142,22.214485815946098,20385778.473043974
692.8571428571429,575.7142857142858,1280.0,22.214602803262952,14719959.83371319
335.7142857142857,670.0,3268.571428571429,22.21488235782956,7767529.542792009
800.0,905.7142857142858,1114.2857142857142,22.21506740189711,20811143.9239831
335.7142857142857,764.2857142857143,3102.857142857143,22.21509094704751,8384507.503620174
478.57142857142856,434.28571428571433,2108.5714285714284,22.21517814540454,8540071.298572069
550.0,764.2857142857143,1611.4285714285716,22.21519450616428,12876151.917031297
800.0,952.8571428571429,1114.2857142857142,22.21570118783074,21227731.751589913
371.42857142857144,670.0,2771.4285714285716,22.21575872675196,8412783.387760617
800.0,434.28571428571433,1114.2857142857142,22.215798256989558,15987100.257584909
621.4285714285714,528.5714285714286,1445.7142857142858,22.216119669129395,12500184.619315991
800.0,1000.0,1114.2857142857142,22.21637631460556,21636186.445766605
407.14285714285717,858.5714285714287,2274.285714285714,22.216606274094385,10393025.275357794
764.2857142857143,104.28571428571429,1280.0,22.216660828630822,9786283.33119163
478.57142857142856,151.42857142857144,3102.857142857143,22.217006941521536,5190931.694418543
442.8571428571429,245.71428571428572,2937.1428571428573,22.217013151552077,5930858.524509406
407.14285714285717,292.8571428571429,3268.571428571429,22.217143529143144,5882518.187302537
514.2857142857142,104.28571428571429,3102.857142857143,22.21726392906666,4880420.27434755
692.8571428571429,528.5714285714286,1280.0,22.217410953839092,14246470.58244018
300.0,905.7142857142858,3434.2857142857147,22.217572481181037,8588939.563087448
371.42857142857144,434.28571428571433,3268.571428571429,22.217609669913895,6624324.804120046
800.0,387.14285714285717,1114.2857142857142,22.217780909080385,15400695.937446846
371.42857142857144,811.4285714285714,2605.714285714286,22.21783803726496,9365170.856719676
300.0,811.4285714285714,3600.0,22.217952597363663,8033970.796264799
585.7142857142858,57.142857142857146,2771.4285714285716,22.218064619085077,4831362.4985468425
442.8571428571429,717.1428571428572,2108.5714285714284,22.21810839736755,10150090.655031778
514.2857142857142,622.8571428571429,1777.1428571428573,22.21905194325641,10928301.791899951
550.0,717.1428571428572,1611.4285714285716,22.21949705423943,12504059.02472165
657.1428571428571,245.71428571428572,1445.7142857142858,22.21955173630654,10027459.661135495
407.14285714285717,245.71428571428572,3600.0,22.219978878263817,5360710.049281019
692.8571428571429,10.0,3268.571428571429,22.220071974115758,4058939.0682304497
335.7142857142857,528.5714285714286,3600.0,22.22037948801221,6776818.335434023
442.8571428571429,198.57142857142858,3268.571428571429,22.220481647087286,5328999.326182771
371.42857142857144,481.42857142857144,3102.857142857143,22.220673183995743,7011845.5841256995
800.0,340.0,1114.2857142857142,22.22067988504445,14781738.066157186
692.8571428571429,481.42857142857144,1280.0,22.22092002925215,13755014.232052336
407.14285714285717,622.8571428571429,2440.0,22.221007541529897,8745858.97829266
371.42857142857144,387.14285714285717,3434.2857142857147,22.221190180086058,6220526.404978421
478.57142857142856,622.8571428571429,1942.857142857143,22.221525687730423,10170874.917270605
335.7142857142857,858.5714285714287,2937.1428571428573,22.22181588740226,8976374.51376341
550.0,340.0,1777.1428571428573,22.22181868565829,8985722.48672232
300.0,1000.0,3268.571428571429,22.221894243021172,9125970.274333242
621.4285714285714,481.42857142857144,1445.7142857142858,22.22198577566385,12038337.83964825
728.5714285714286,198.57142857142858,1280.0,22.222100282208473,10890291.999013083
442.8571428571429,387.14285714285717,2440.0,22.22267912328525,7436881.696684592
335.7142857142857,575.7142857142858,3434.2857142857147,22.22297210948569,7119548.358513206
621.4285714285714,198.57142857142858,1611.4285714285716,22.223525885525316,8572615.621515632
371.42857142857144,1000.0,2440.0,22.22380756320031,10547582.466209585
407.14285714285717,811.4285714285714,2274.285714285714,22.223955342014623,10082024.145569887
585.7142857142858,198.57142857142858,1777.1428571428573,22.224091534253677,7862804.271338182
585.7142857142858,104.28571428571429,2108.5714285714284,22.224123307862122,6145090.09865726
514.2857142857142,198.57142857142858,2274.285714285714,22.224209995112812,6535557.290519561
550.0,670.0,1611.4285714285716,22.224409751146208,12122526.939128533
800.0,292.8571428571429,1114.2857142857142,22.224888977652412,14122838.671711233
692.8571428571429,434.28571428571433,1280.0,22.225336434593,13242736.682352798
335.7142857142857,1000.0,2771.4285714285716,22.226297753648865,9821656.787201263
478.57142857142856,245.71428571428572,2440.0,22.22664635189882,6543006.323129516
442.8571428571429,670.0,2108.5714285714284,22.226677405587207,9805617.83731517
514.2857142857142,575.7142857142858,1777.1428571428573,22.22688672549361,10537825.462114964
335.7142857142857,717.1428571428572,3102.857142857143,22.226993149729807,8084070.261334145
585.7142857142858,340.0,1611.4285714285716,22.227177632080288,9726072.03688323
371.42857142857144,764.2857142857143,2605.714285714286,22.227251707686587,9059341.222881205
550.0,57.142857142857146,3600.0,22.22747688319901,4201753.661443063
442.8571428571429,481.42857142857144,2274.285714285714,22.227491548503952,8293437.835944836
407.14285714285717,481.42857142857144,2605.714285714286,22.22754122690889,7638233.605795121
300.0,858.5714285714287,3434.2857142857147,22.227826415651226,8316577.8276513545
371.42857142857144,622.8571428571429,2771.4285714285716,22.22875510765821,8084773.572718676
621.4285714285714,434.28571428571433,1445.7142857142858,22.22913617893205,11557163.301339326
371.42857142857144,528.5714285714286,2937.1428571428573,22.22948206423486,7385614.803548045
335.7142857142857,622.8571428571429,3268.571428571429,22.229688441808804,7452494.723815102
550.0,622.8571428571429,1611.4285714285716,22.23005576914423,11730479.130351271
300.0,764.2857142857143,3600.0,22.230163302396335,7751552.845391612
728.5714285714286,10.0,2274.285714285714,22.2302269652949,4942403.653745889
371.42857142857144,952.8571428571429,2440.0,22.230474201966633,10262969.628358493
300.0,952.8571428571429,3268.571428571429,22.23068372221893,8862094.53793369
514.2857142857142,245.71428571428572,2108.5714285714284,22.230815596448515,7182813.989005588
478.57142857142856,575.7142857142858,1942.857142857143,22.230880005672127,9793699.687956464
585.7142857142858,1000.0,1445.7142857142858,22.230910848691945,15572115.643385554
692.8571428571429,387.14285714285717,1280.0,22.230952056601296,12705944.617041418
800.0,245.71428571428572,1114.2857142857142,22.231046680059187,13413348.461534379
514.2857142857142,340.0,1942.857142857143,22.231536797373014,8291773.26753671
335.7142857142857,811.4285714285714,2937.1428571428573,22.231670570186658,8687833.128306258
407.14285714285717,764.2857142857143,2274.285714285714,22.23208304464806,9764667.894110467
442.8571428571429,1000.0,1942.857142857143,22.232678587786754,12101080.169740152
371.42857142857144,340.0,3600.0,22.232840997895217,5797077.805798327
585.7142857142858,952.8571428571429,1445.7142857142858,22.2328526798638,15225488.126351273
478.57142857142856,387.14285714285717,2108.5714285714284,22.233058240552058,8100749.244471997
407.14285714285717,575.7142857142858,2440.0,22.233810121397383,8395257.339316817
478.57142857142856,1000.0,1777.1428571428573,22.233856010614367,12924059.999738397
335.7142857142857,952.8571428571429,2771.4285714285716,22.234015977586175,9547377.490202142
478.57142857142856,292.8571428571429,2274.285714285714,22.234020738055282,7107990.60914428
550.0,104.28571428571429,2440.0,22.23477308865208,5516665.989492114
407.14285714285717,340.0,2937.1428571428573,22.23487529744186,6373909.781327488
585.7142857142858,905.7142857142858,1445.7142857142858,22.23503058416194,14872535.224992339
514.2857142857142,528.5714285714286,1777.1428571428573,22.23599673125032,10134523.119250383
692.8571428571429,10.0,3102.857142857143,22.236137704193112,4113235.288191845
442.8571428571429,622.8571428571429,2108.5714285714284,22.23637637654229,9452016.823070427
550.0,575.7142857142858,1611.4285714285716,22.236593312904724,11326618.776915124
407.14285714285717,387.14285714285717,2771.4285714285716,22.236967194956232,6821693.019068142
478.57142857142856,198.57142857142858,2605.714285714286,22.237424968389323,5930538.184845209
585.7142857142858,858.5714285714287,1445.7142857142858,22.237481177616377,14512738.702584937
442.8571428571429,952.8571428571429,1942.857142857143,22.237495684651513,11795899.217583936
371.42857142857144,717.1428571428572,2605.714285714286,22.237689020881398,8746919.788874468
371.42857142857144,905.7142857142858,2440.0,22.237719687823883,9973726.285316374
478.57142857142856,952.8571428571429,1777.1428571428573,22.237851148368392,12608560.229857283
621.4285714285714,387.14285714285717,1445.7142857142858,22.23797009085791,11053192.963360285
692.8571428571429,340.0,1280.0,22.238193535028035,12139719.251890354
550.0,151.42857142857144,2108.5714285714284,22.238592180605217,6442884.475118254
300.0,811.4285714285714,3434.2857142857147,22.239006629542235,8039468.094400408
657.1428571428571,104.28571428571429,1611.4285714285716,22.239287425971,7539334.643568718
657.1428571428571,1000.0,1280.0,22.23956523072426,17507322.977014784
300.0,905.7142857142858,3268.571428571429,22.240183646260398,8594199.562892362
335.7142857142857,670.0,3102.857142857143,22.240236863785963,7776794.740688453
585.7142857142858,811.4285714285714,1445.7142857142858,22.240248794501216,14145504.45393901
800.0,198.57142857142858,1114.2857142857142,22.240262470557667,12636937.638445491
657.1428571428571,952.8571428571429,1280.0,22.240523887732795,17139782.752565064
657.1428571428571,198.57142857142858,1445.7142857142858,22.241058452631556,9340153.662970524
550.0,198.57142857142858,1942.857142857143,22.241109269496203,7201584.728393927
407.14285714285717,717.1428571428572,2274.285714285714,22.24112011692165,9440315.809302144
442.8571428571429,292.8571428571429,2605.714285714286,22.241528239694205,6490609.458508967
657.1428571428571,905.7142857142858,1280.0,22.241641874593988,16765331.253541162
478.57142857142856,528.5714285714286,1942.857142857143,22.241702026521946,9404272.961172462
407.14285714285717,245.71428571428572,3434.2857142857147,22.241723269826988,5377186.14200733
550.0,292.8571428571429,1777.1428571428573,22.241947516301696,8457397.652012108
335.7142857142857,528.5714285714286,3434.2857142857147,22.242074558364315,6786027.331596793
478.57142857142856,905.7142857142858,1777.1428571428573,22.242235078040594,12287580.207644448
335.7142857142857,905.7142857142858,2771.4285714285716,22.24237998953213,9268766.050388847
335.7142857142857,481.42857142857144,3600.0,22.242466015437095,6431951.979549998
335.7142857142857,764.2857142857143,2937.1428571428573,22.2424999138192,8393688.777037546
407.14285714285717,1000.0,2108.5714285714284,22.24276138164266,11315290.662784537
442.8571428571429,905.7142857142858,1942.857142857143,22.24276146506568,11485517.481761143
657.1428571428571,858.5714285714287,1280.0,22.242945437672894,16383409.095973736
407.14285714285717,292.8571428571429,3102.857142857143,22.243228156590046,5900564.294934289
514.2857142857142,151.42857142857144,2440.0,22.243352765327025,5817865.334269055
585.7142857142858,764.2857142857143,1445.7142857142858,22.243387618483705,13770146.188878274
371.42857142857144,575.7142857142858,2771.4285714285716,22.243490641489498,7747585.155522
371.42857142857144,434.28571428571433,3102.857142857143,22.243581284853907,6637996.36645933
300.0,717.1428571428572,3600.0,22.24362123271694,7463409.572217762
764.2857142857143,858.5714285714287,1114.2857142857142,22.24382661132954,19407411.955483798
764.2857142857143,905.7142857142858,1114.2857142857142,22.243854429062317,19822345.712664302
764.2857142857143,811.4285714285714,1114.2857142857142,22.243902922696325,18983311.45922406
728.5714285714286,151.42857142857144,1280.0,22.243911594919386,10069867.638599899
764.2857142857143,952.8571428571429,1114.2857142857142,22.243968547047132,20228825.667985734
514.2857142857142,104.28571428571429,2937.1428571428573,22.24405078408648,4913924.279995307
764.2857142857143,764.2857142857143,1114.2857142857142,22.24410551747607,18549222.3548933
585.7142857142858,292.8571428571429,1611.4285714285716,22.244132892507366,9179407.23805423
764.2857142857143,1000.0,1114.2857142857142,22.244154491938854,20627474.91442729
550.0,528.5714285714286,1611.4285714285716,22.244229067142427,10909361.043700498
764.2857142857143,717.1428571428572,1114.2857142857142,22.2444621951305,18104189.23241889
657.1428571428571,811.4285714285714,1280.0,22.244466494449465,15993375.513610682
478.57142857142856,151.42857142857144,2937.1428571428573,22.24480810430985,5219485.087063811
442.8571428571429,434.28571428571433,2274.285714285714,22.24484698754755,7888785.26974778
764.2857142857143,670.0,1114.2857142857142,22.245008225240703,17647090.93119761
371.42857142857144,387.14285714285717,3268.571428571429,22.24502269134031,6233821.101911583
550.0,57.142857142857146,3434.2857142857147,22.245585903197693,4232729.458393393
371.42857142857144,858.5714285714287,2440.0,22.245624670626306,9679462.437201537
764.2857142857143,622.8571428571429,1114.2857142857142,22.245788917844923,17176597.662767198
442.8571428571429,198.57142857142858,3102.857142857143,22.246185433876903,5351423.596444515
300.0,1000.0,3102.857142857143,22.246214218518823,9130954.444795782
657.1428571428571,764.2857142857143,1280.0,22.24624421911449,15594490.943705957
335.7142857142857,575.7142857142858,3268.571428571429,22.246425155919237,7128865.068630696
514.2857142857142,481.42857142857144,1777.1428571428573,22.246699115659514,9716499.426526476
764.2857142857143,575.7142857142858,1114.2857142857142,22.246863319359235,16691112.823556842
585.7142857142858,717.1428571428572,1445.7142857142858,22.246964562228566,13385864.345013872
478.57142857142856,858.5714285714287,1777.1428571428573,22.247064356093112,11960663.214982392
514.2857142857142,1000.0,1611.4285714285716,22.247254696577116,13790475.287736354
442.8571428571429,575.7142857142858,2108.5714285714284,22.24744002857178,9088145.979810674
407.14285714285717,434.28571428571433,2605.714285714286,22.247573614252826,7248910.573463808
692.8571428571429,292.8571428571429,1280.0,22.247710578773727,11537269.319860794
442.8571428571429,340.0,2440.0,22.248181261670027,6991323.84220003
764.2857142857143,528.5714285714286,1114.2857142857142,22.248309654227366,16188692.271831432
657.1428571428571,717.1428571428572,1280.0,22.248327189184568,15185894.543415612
407.14285714285717,528.5714285714286,2440.0,22.248510307423544,8033593.51882145
442.8571428571429,245.71428571428572,2771.4285714285716,22.248512018963336,5955781.76919044
407.14285714285717,952.8571428571429,2108.5714285714284,22.248525192879352,11020414.240460502
442.8571428571429,858.5714285714287,1942.857142857143,22.248540180843644,11169499.506889284
692.8571428571429,104.28571428571429,1445.7142857142858,22.248544647750375,8287451.110710553
371.42857142857144,481.42857142857144,2937.1428571428573,22.248975221499737,7025866.1786926
585.7142857142858,57.142857142857146,2605.714285714286,22.248981113812583,4882470.149909003
621.4285714285714,340.0,1445.7142857142858,22.24906849428508,10521799.48020631
371.42857142857144,670.0,2605.714285714286,22.24933089914564,8427193.683037827
692.8571428571429,57.142857142857146,1611.4285714285716,22.249648777546884,6955413.816308826
621.4285714285714,104.28571428571429,1777.1428571428573,22.249939075932822,6851956.9787216
764.2857142857143,10.0,1777.1428571428573,22.250158072335147,5822558.048923159
764.2857142857143,481.42857142857144,1114.2857142857142,22.250233558527338,15666929.448882824
300.0,858.5714285714287,3268.571428571429,22.250490202811502,8321946.927091138
514.2857142857142,952.8571428571429,1611.4285714285716,22.250568452685744,13464579.144283216
657.1428571428571,670.0,1280.0,22.250776339729132,14766574.71803653
728.5714285714286,57.142857142857146,1445.7142857142858,22.25082900644873,7702906.886568995
585.7142857142858,670.0,1445.7142857142858,22.251063222758724,12991718.41714048
407.14285714285717,670.0,2274.285714285714,22.25122887832562,9108212.842604727
300.0,764.2857142857143,3434.2857142857147,22.251254158372575,7757160.1997748185
335.7142857142857,858.5714285714287,2771.4285714285716,22.25147838777591,8985457.362257004
478.57142857142856,811.4285714285714,1777.1428571428573,22.2524071128314,11627285.109163333
764.2857142857143,434.28571428571433,1114.2857142857142,22.252780941126083,15122786.937984556
550.0,481.42857142857144,1611.4285714285716,22.253238411666896,10476736.313654618
657.1428571428571,622.8571428571429,1280.0,22.253669104637055,14335329.824329639
692.8571428571429,10.0,2937.1428571428573,22.25421193578402,4172229.6627917313
514.2857142857142,905.7142857142858,1611.4285714285716,22.254217290247617,13132921.764915291
371.42857142857144,811.4285714285714,2440.0,22.254285984989334,9379730.250096282
478.57142857142856,481.42857142857144,1942.857142857143,22.25435263734988,9000775.935736228
335.7142857142857,717.1428571428572,2937.1428571428573,22.254463444405268,8093374.867680803
800.0,151.42857142857144,1114.2857142857142,22.25466161891344,11766265.551058544
371.42857142857144,340.0,3434.2857142857147,22.254684165831836,5809962.209596318
407.14285714285717,905.7142857142858,2108.5714285714284,22.254801855366935,10720618.864736088
442.8571428571429,811.4285714285714,1942.857142857143,22.254909134360027,10847345.420487542
478.57142857142856,340.0,2108.5714285714284,22.2550233798666,7638048.933786618
300.0,952.8571428571429,3102.857142857143,22.255068969582943,8867184.729736317
335.7142857142857,622.8571428571429,3102.857142857143,22.255073684041978,7461884.894712187
514.2857142857142,292.8571428571429,1942.857142857143,22.255236091522658,7781750.015691262
585.7142857142858,622.8571428571429,1445.7142857142858,22.255789415475686,12586590.020407517
764.2857142857143,387.14285714285717,1114.2857142857142,22.2561588447183,14552340.57298502
657.1428571428571,575.7142857142858,1280.0,22.25710534406675,13890714.74898633
621.4285714285714,57.142857142857146,2108.5714285714284,22.257818339532385,5562006.363701741
514.2857142857142,858.5714285714287,1611.4285714285716,22.25825052362052,12795025.65623081
478.57142857142856,764.2857142857143,1777.1428571428573,22.25834619629263,11286839.721990932
335.7142857142857,1000.0,2605.714285714286,22.2583532638681,9830553.49165206
300.0,670.0,3600.0,22.258542544713407,7168920.863664224
514.2857142857142,434.28571428571433,1777.1428571428573,22.259425855232713,9281350.165163344
264.2857142857143,1000.0,3600.0,22.260091119047225,8469597.04781786
442.8571428571429,528.5714285714286,2108.5714285714284,22.260173742548535,8712608.152895933
371.42857142857144,528.5714285714286,2771.4285714285716,22.26034834888703,7399963.51053053
692.8571428571429,245.71428571428572,1280.0,22.26054579763889,10888771.78586875
764.2857142857143,340.0,1114.2857142857142,22.260670852870287,13950373.676090416
442.8571428571429,151.42857142857144,3600.0,22.260782723016124,4665455.6150969975
657.1428571428571,528.5714285714286,1280.0,22.261216032428706,13430966.656533217
585.7142857142858,575.7142857142858,1445.7142857142858,22.261279079791162,12169132.615911908
621.4285714285714,151.42857142857144,1611.4285714285716,22.26140812265183,7825578.552035306
335.7142857142857,811.4285714285714,2771.4285714285716,22.26141744635054,8697032.12165782
407.14285714285717,858.5714285714287,2108.5714285714284,22.261663468317227,10415491.186229132
300.0,811.4285714285714,3268.571428571429,22.261718720358893,8044947.874134993
442.8571428571429,764.2857142857143,1942.857142857143,22.261962208739778,10518476.957820615
371.42857142857144,622.8571428571429,2605.714285714286,22.262404761120273,8099313.321255912
407.14285714285717,622.8571428571429,2274.285714285714,22.26261352226885,8767459.334267095
514.2857142857142,811.4285714285714,1611.4285714285716,22.262727609796276,12450343.003577845
371.42857142857144,1000.0,2274.285714285714,22.263265495754545,10562429.690075938
621.4285714285714,292.8571428571429,1445.7142857142858,22.26331231996898,9956580.496738138
371.42857142857144,764.2857142857143,2440.0,22.263821002328395,9074011.469847118
550.0,434.28571428571433,1611.4285714285716,22.263996789139764,10026247.677667568
335.7142857142857,481.42857142857144,3434.2857142857147,22.26411702458642,6441273.016601381
300.0,905.7142857142858,3102.857142857143,22.264631795265817,8599397.310251573
300.0,717.1428571428572,3434.2857142857147,22.26474166117419,7469128.36206371
478.57142857142856,717.1428571428572,1777.1428571428573,22.26498340833781,10938619.964283396
407.14285714285717,245.71428571428572,3268.571428571429,22.265308322869135,5394446.193316762
550.0,57.142857142857146,3268.571428571429,22.265448607594863,4265833.775041881
335.7142857142857,528.5714285714286,3268.571428571429,22.26551454446885,6795464.253357901
407.14285714285717,481.42857142857144,2440.0,22.265566095196274,7659214.34639203
442.8571428571429,387.14285714285717,2274.285714285714,22.265657969911516,7465658.454053395
335.7142857142857,952.8571428571429,2605.714285714286,22.26617600794483,9556376.219767261
657.1428571428571,481.42857142857144,1280.0,22.266176345792374,12953899.101961223
407.14285714285717,340.0,2771.4285714285716,22.266246644215343,6393534.168337445
585.7142857142858,245.71428571428572,1611.4285714285716,22.26643659273635,8591111.834936181
764.2857142857143,292.8571428571429,1114.2857142857142,22.26678063121186,13309698.703700885
728.5714285714286,10.0,2108.5714285714284,22.26727937937862,5047594.543535161
585.7142857142858,528.5714285714286,1445.7142857142858,22.267709843875192,11737701.541727796
514.2857142857142,764.2857142857143,1611.4285714285716,22.267720910492873,12098240.473377824
335.7142857142857,670.0,2937.1428571428573,22.26775885459812,7786223.384165535
550.0,245.71428571428572,1777.1428571428573,22.268289539921994,7888935.118982089
335.7142857142857,434.28571428571433,3600.0,22.268296540944057,6073998.076365892
585.7142857142858,151.42857142857144,1777.1428571428573,22.268951699365974,7140025.333780619
407.14285714285717,811.4285714285714,2108.5714285714284,22.269196642344667,10104556.606609542
478.57142857142856,434.28571428571433,1942.857142857143,22.269322627676974,8580900.194791602
478.57142857142856,104.28571428571429,3600.0,22.26950530279693,4357968.350452591
442.8571428571429,717.1428571428572,1942.857142857143,22.269814620831365,10182219.369581483
657.1428571428571,57.142857142857146,1777.1428571428573,22.269903081819358,6272294.0755559085
478.57142857142856,245.71428571428572,2274.285714285714,22.27004707314344,6579241.372639318
264.2857142857143,952.8571428571429,3600.0,22.270051355575728,8216512.380071951
371.42857142857144,952.8571428571429,2274.285714285714,22.27008015510111,10277896.193505034
371.42857142857144,387.14285714285717,3102.857142857143,22.27088091934942,6247604.889862096
407.14285714285717,387.14285714285717,2605.714285714286,22.271511736912778,6842052.489568871
407.14285714285717,292.8571428571429,2937.1428571428573,22.271661824830073,5919435.3196327295
335.7142857142857,575.7142857142858,3102.857142857143,22.27182449972263,7138379.695311433
371.42857142857144,434.28571428571433,2937.1428571428573,22.271828296180978,6652143.341710272
657.1428571428571,434.28571428571433,1280.0,22.27222601534605,12456746.424956786
335.7142857142857,764.2857142857143,2771.4285714285716,22.27232585806365,8403005.00346396
478.57142857142856,670.0,1777.1428571428573,22.27244530649497,10581792.995728672
300.0,1000.0,2937.1428571428573,22.2725745787801,9135832.649769664
657.1428571428571,151.42857142857144,1445.7142857142858,22.272766287298,8568746.721223539
514.2857142857142,198.57142857142858,2108.5714285714284,22.273088547049543,6582521.635189214
514.2857142857142,717.1428571428572,1611.4285714285716,22.273319415424478,11737979.553016014
728.5714285714286,1000.0,1114.2857142857142,22.273528388546392,19637222.42082732
514.2857142857142,104.28571428571429,2771.4285714285716,22.273591025234726,4949660.390666791
728.5714285714286,952.8571428571429,1114.2857142857142,22.27387427882132,19248441.00408908
550.0,1000.0,1445.7142857142858,22.273989987389644,14709763.877459427
300.0,764.2857142857143,3268.571428571429,22.274008810527622,7762752.289914935
442.8571428571429,198.57142857142858,2937.1428571428573,22.274277358399015,5375056.36132456
728.5714285714286,905.7142857142858,1114.2857142857142,22.27432533266249,18852126.53410484
371.42857142857144,717.1428571428572,2440.0,22.274373484133864,8761701.116957188
692.8571428571429,10.0,2771.4285714285716,22.27464053317346,4236499.232694934
335.7142857142857,905.7142857142858,2605.714285714286,22.27464303079628,9277867.717454957
514.2857142857142,387.14285714285717,1777.1428571428573,22.274781572260103,8825951.846223122
371.42857142857144,292.8571428571429,3600.0,22.27478826383282,5361740.790075029
728.5714285714286,858.5714285714287,1114.2857142857142,22.274899969893422,18447676.93496683
442.8571428571429,481.42857142857144,2108.5714285714284,22.274982680261772,8323664.294984132
300.0,858.5714285714287,3102.857142857143,22.27499796483554,8327253.88169096
300.0,622.8571428571429,3600.0,22.27519872411027,6867347.072767562
764.2857142857143,245.71428571428572,1114.2857142857142,22.275234274902093,12619944.48744086
585.7142857142858,481.42857142857144,1445.7142857142858,22.27531841048205,11290254.09334001
478.57142857142856,151.42857142857144,2771.4285714285716,22.27536389935552,5249765.696445541
407.14285714285717,575.7142857142858,2274.285714285714,22.27553475401924,8416969.715422388
728.5714285714286,811.4285714285714,1114.2857142857142,22.275620677022648,18034403.085437797
764.2857142857143,57.142857142857146,1280.0,22.275787965078344,8529059.463092113
478.57142857142856,198.57142857142858,2440.0,22.27593560227613,5964731.923671295
621.4285714285714,1000.0,1280.0,22.276314652583423,16593065.678605761
728.5714285714286,764.2857142857143,1114.2857142857142,22.276515154679362,17611510.286071964
550.0,104.28571428571429,2274.285714285714,22.276624876265927,5568502.640474257
550.0,952.8571428571429,1445.7142857142858,22.27677604529518,14373296.97482863
550.0,387.14285714285717,1611.4285714285716,22.2770302350946,9554653.404966805
371.42857142857144,575.7142857142858,2605.714285714286,22.277200739498333,7762253.309355544
371.42857142857144,905.7142857142858,2274.285714285714,22.277473556900443,9988732.117113102
407.14285714285717,764.2857142857143,2108.5714285714284,22.277506404342002,9787265.967174387
728.5714285714286,717.1428571428572,1114.2857142857142,22.27761787284079,17178074.354779117
621.4285714285714,952.8571428571429,1280.0,22.2779760090479,16235605.56264362
371.42857142857144,340.0,3268.571428571429,22.27833066390739,5823344.870405371
692.8571428571429,198.57142857142858,1280.0,22.278492731899053,10179102.52920027
585.7142857142858,104.28571428571429,1942.857142857143,22.27859756106532,6215866.223021625
442.8571428571429,670.0,1942.857142857143,22.278609425726774,9837777.638101185
800.0,104.28571428571429,1114.2857142857142,22.27897078549023,10748884.202941732
728.5714285714286,670.0,1114.2857142857142,22.278972213523506,16733010.325553084
514.2857142857142,670.0,1611.4285714285716,22.27963384412395,11368690.726580737
300.0,670.0,3434.2857142857147,22.27968302349386,7174752.368026908
657.1428571428571,387.14285714285717,1280.0,22.279702196712073,11935926.77675587
728.5714285714286,104.28571428571429,1280.0,22.27978375346209,9110111.717980694
371.42857142857144,481.42857142857144,2771.4285714285716,22.279835481807382,7040346.134204399
621.4285714285714,905.7142857142858,1280.0,22.279841115590763,15871518.450155834
550.0,905.7142857142858,1445.7142857142858,22.279851113261117,14030781.874577595
442.8571428571429,292.8571428571429,2440.0,22.280119562612484,6518150.63658038
264.2857142857143,1000.0,3434.2857142857147,22.280420040957694,8471886.365813637
728.5714285714286,622.8571428571429,1114.2857142857142,22.28063347754055,16275030.759487832
264.2857142857143,905.7142857142858,3600.0,22.280773789459346,7959744.710559419
478.57142857142856,622.8571428571429,1777.1428571428573,22.2808912971884,10215367.029429398
300.0,952.8571428571429,2937.1428571428573,22.281502702110206,8872166.21533141
442.8571428571429,151.42857142857144,3434.2857142857147,22.281549749879407,4685415.146453649
621.4285714285714,858.5714285714287,1280.0,22.281941445654834,15500265.22106829
621.4285714285714,245.71428571428572,1445.7142857142858,22.282108993549624,9348253.142414117
478.57142857142856,292.8571428571429,2108.5714285714284,22.282612743086666,7146404.68584269
335.7142857142857,622.8571428571429,2937.1428571428573,22.28263437603129,7471437.9246387845
728.5714285714286,575.7142857142858,1114.2857142857142,22.282673192324616,15802589.139934689
442.8571428571429,245.71428571428572,2605.714285714286,22.28312050410695,5982018.6801783135
550.0,858.5714285714287,1445.7142857142858,22.283257949018818,13681720.430293754
585.7142857142858,57.142857142857146,2440.0,22.28357699768345,4937633.6154638585
335.7142857142857,858.5714285714287,2605.714285714286,22.283841953945878,8994662.947986834
621.4285714285714,811.4285714285714,1280.0,22.284315080498196,15121228.077727133
335.7142857142857,717.1428571428572,2771.4285714285716,22.284361111612178,8102809.338160345
585.7142857142858,434.28571428571433,1445.7142857142858,22.284427538313732,10824202.465350166
728.5714285714286,528.5714285714286,1114.2857142857142,22.28518543185621,15313801.299192432
371.42857142857144,858.5714285714287,2274.285714285714,22.285525409414607,9694547.461406095
407.14285714285717,434.28571428571433,2440.0,22.285598728603997,7270020.017164887
407.14285714285717,198.57142857142858,3600.0,22.2857707341058,4828057.210086667
514.2857142857142,245.71428571428572,1942.857142857143,22.286062267715995,7233114.031592384
514.2857142857142,151.42857142857144,2274.285714285714,22.286073243647948,5861766.349667964
371.42857142857144,670.0,2440.0,22.286121582889855,8442086.037505712
300.0,811.4285714285714,3102.857142857143,22.286281630706892,8050365.7958847275
407.14285714285717,717.1428571428572,2108.5714285714284,22.286721449852653,9462978.30940157
514.2857142857142,622.8571428571429,1611.4285714285716,22.286803766255204,10989338.965305492
621.4285714285714,764.2857142857143,1280.0,22.287008527211864,14733693.666315097
550.0,811.4285714285714,1445.7142857142858,22.287048115976216,13325541.33592497
478.57142857142856,387.14285714285717,1942.857142857143,22.287297817872208,8141644.903043295
550.0,57.142857142857146,3102.857142857143,22.28730866006811,4301264.183627467
764.2857142857143,198.57142857142858,1114.2857142857142,22.287318627462962,11865188.114946125
335.7142857142857,481.42857142857144,3268.571428571429,22.287515183061544,6450826.787908171
300.0,717.1428571428572,3268.571428571429,22.287531284500034,7474834.402943138
800.0,10.0,1445.7142857142858,22.288239430064223,6749744.665368623
728.5714285714286,481.42857142857144,1114.2857142857142,22.288296345351725,14806333.528500441
442.8571428571429,622.8571428571429,1942.857142857143,22.28852658229412,9484204.66815419
442.8571428571429,1000.0,1777.1428571428573,22.28854546097873,12136927.114678057
657.1428571428571,340.0,1280.0,22.289095011170712,11386665.341004955
478.57142857142856,104.28571428571429,3434.2857142857147,22.289299820627637,4381432.463812376
335.7142857142857,434.28571428571433,3434.2857142857147,22.289866338175027,6083425.037886454
621.4285714285714,717.1428571428572,1280.0,22.290079173339326,14336831.273740876
407.14285714285717,528.5714285714286,2274.285714285714,22.29033110567848,8055414.899855116
264.2857142857143,952.8571428571429,3434.2857142857147,22.290425647104897,8218899.976618585
478.57142857142856,575.7142857142858,1777.1428571428573,22.290525161078666,9838146.077349149
335.7142857142857,528.5714285714286,3102.857142857143,22.290905548528322,6805101.861066278
407.14285714285717,245.71428571428572,3102.857142857143,22.290960850319102,5412516.957540713
442.8571428571429,340.0,2274.285714285714,22.29106113397991,7020217.770498568
300.0,905.7142857142858,2937.1428571428573,22.2911365134458,8604483.699551808
550.0,764.2857142857143,1445.7142857142858,22.291284381287678,12961584.34995616
407.14285714285717,1000.0,1942.857142857143,22.291975667352393,11339637.121838968
728.5714285714286,434.28571428571433,1114.2857142857142,22.292178989074053,14277238.406190895
264.2857142857143,858.5714285714287,3600.0,22.292359295518633,7698984.434922181
442.8571428571429,434.28571428571433,2108.5714285714284,22.292416793151617,7919106.091634455
550.0,340.0,1611.4285714285716,22.29310051475463,9057620.225376043
335.7142857142857,1000.0,2440.0,22.293421280287266,9839614.913915241
621.4285714285714,670.0,1280.0,22.2935986558377,13929664.232358152
550.0,151.42857142857144,1942.857142857143,22.293614229974484,6503158.39790135
442.8571428571429,952.8571428571429,1777.1428571428573,22.293620192794574,11831671.925899593
514.2857142857142,340.0,1777.1428571428573,22.293640842691993,8346126.186574345
335.7142857142857,811.4285714285714,2605.714285714286,22.293877783167886,8706342.654775012
300.0,575.7142857142858,3600.0,22.29393586422564,6557794.636825856
371.42857142857144,528.5714285714286,2605.714285714286,22.294095277695348,7414757.890992599
371.42857142857144,811.4285714285714,2274.285714285714,22.29433130160105,9394894.357090395
514.2857142857142,575.7142857142858,1611.4285714285716,22.295007747122643,10598676.702800222
585.7142857142858,387.14285714285717,1445.7142857142858,22.295489516637303,10336189.429012759
550.0,717.1428571428572,1445.7142857142858,22.296043948251704,12589079.89623612
300.0,622.8571428571429,3434.2857142857147,22.29634672563709,6873292.365765693
371.42857142857144,292.8571428571429,3434.2857142857147,22.29635061917301,5374676.117607432
585.7142857142858,198.57142857142858,1611.4285714285716,22.296912712508455,7947268.157352967
407.14285714285717,670.0,2108.5714285714284,22.29700132365655,9130938.203609262
728.5714285714286,387.14285714285717,1114.2857142857142,22.297077299422458,13722705.203080863
478.57142857142856,1000.0,1611.4285714285716,22.297434719761338,12975812.1073224
621.4285714285714,622.8571428571429,1280.0,22.29765757087162,13511031.769760327
335.7142857142857,670.0,2771.4285714285716,22.297718205201946,7795776.943779576
692.8571428571429,10.0,2605.714285714286,22.29784233132705,4306707.432051538
407.14285714285717,952.8571428571429,1942.857142857143,22.29794899126441,11044754.834778478
300.0,764.2857142857143,3102.857142857143,22.29862088803408,7768283.028779667
335.7142857142857,387.14285714285717,3600.0,22.298952204070762,5700538.834448975
371.42857142857144,387.14285714285717,2937.1428571428573,22.299015352892443,6261866.784250031
442.8571428571429,905.7142857142858,1777.1428571428573,22.299147918256832,11521211.755079709
371.42857142857144,622.8571428571429,2440.0,22.299288978375092,8114316.196688753
335.7142857142857,575.7142857142858,2937.1428571428573,22.29940635531781,7148056.894132165
442.8571428571429,575.7142857142858,1942.857142857143,22.2997958508251,9120357.904576827
407.14285714285717,340.0,2605.714285714286,22.30063085213827,6414006.879065416
657.1428571428571,292.8571428571429,1280.0,22.30114676236467,10802362.55301116
264.2857142857143,905.7142857142858,3434.2857142857147,22.301190625106123,7962232.792585355
300.0,1000.0,2771.4285714285716,22.301226143110192,9140555.136477415
335.7142857142857,952.8571428571429,2440.0,22.301362559739733,9565520.330059443
550.0,670.0,1445.7142857142858,22.30142288531427,12207122.281223994
300.0,858.5714285714287,2937.1428571428573,22.301570305789237,8332446.947956607
478.57142857142856,528.5714285714286,1777.1428571428573,22.301611856518843,9448666.861051852
478.57142857142856,952.8571428571429,1611.4285714285716,22.301744709100007,12660111.838691879
264.2857142857143,1000.0,3268.571428571429,22.30233129616705,8473944.436039858
621.4285714285714,575.7142857142858,1280.0,22.302372196510824,13079537.113360506
300.0,670.0,3268.571428571429,22.302497606239097,7180573.948497076
371.42857142857144,434.28571428571433,2771.4285714285716,22.302639187974712,6666747.737532675
407.14285714285717,292.8571428571429,2771.4285714285716,22.30274897980497,5939145.8307683095
728.5714285714286,340.0,1114.2857142857142,22.303346638587545,13137663.774171654
371.42857142857144,340.0,3102.857142857143,22.303997993647943,5837222.204022076
371.42857142857144,764.2857142857143,2274.285714285714,22.3040069522712,9089254.462725297
550.0,198.57142857142858,1777.1428571428573,22.304103448053667,7266849.7438796805
442.8571428571429,151.42857142857144,3268.571428571429,22.304139502649836,4706469.216788805
407.14285714285717,905.7142857142858,1942.857142857143,22.304437283836815,10744951.231321016
514.2857142857142,528.5714285714286,1611.4285714285716,22.304478148867616,10195178.308716778
692.8571428571429,1000.0,1114.2857142857142,22.304634874182497,18665509.76464251
335.7142857142857,764.2857142857143,2605.714285714286,22.304877555615704,8412421.526733931
264.2857142857143,811.4285714285714,3600.0,22.30492871850334,7433875.606522666
692.8571428571429,151.42857142857144,1280.0,22.30495235082282,9382815.772490697
442.8571428571429,198.57142857142858,2771.4285714285716,22.305075196536073,5399954.29584881
442.8571428571429,858.5714285714287,1777.1428571428573,22.305192228586947,11205110.947132839
764.2857142857143,151.42857142857144,1114.2857142857142,22.30548049422896,11018730.426928436
692.8571428571429,952.8571428571429,1114.2857142857142,22.305559029143303,18286643.664485194
514.2857142857142,104.28571428571429,2605.714285714286,22.306283201879825,4987804.697189634
478.57142857142856,905.7142857142858,1611.4285714285716,22.30645048113798,12338923.939637799
692.8571428571429,905.7142857142858,1114.2857142857142,22.306624730949355,17900537.152966093
371.42857142857144,1000.0,2108.5714285714284,22.30673189675577,10578209.643085236
407.14285714285717,198.57142857142858,3434.2857142857147,22.306892822858504,4844452.895838584
407.14285714285717,481.42857142857144,2274.285714285714,22.307450813621845,7681139.823091577
550.0,622.8571428571429,1445.7142857142858,22.307542307195796,11814633.920959976
692.8571428571429,858.5714285714287,1114.2857142857142,22.30785469443649,17506608.78166097
621.4285714285714,198.57142857142858,1445.7142857142858,22.307868233332513,8682485.037718406
621.4285714285714,528.5714285714286,1280.0,22.30789431895332,12633475.310884448
407.14285714285717,622.8571428571429,2108.5714285714284,22.30854641646361,8790245.415652728
478.57142857142856,151.42857142857144,2605.714285714286,22.309060266258964,5281882.470369731
585.7142857142858,340.0,1445.7142857142858,22.309159444338043,9821731.037368063
478.57142857142856,340.0,1942.857142857143,22.309268451367227,7678993.243073408
692.8571428571429,811.4285714285714,1114.2857142857142,22.30927647266421,17104192.797909785
621.4285714285714,57.142857142857146,1942.857142857143,22.3094421313629,5643553.164894298
407.14285714285717,387.14285714285717,2440.0,22.309473829127413,6863278.689813196
335.7142857142857,905.7142857142858,2440.0,22.30994676601463,9287095.144117692
300.0,952.8571428571429,2771.4285714285716,22.310236898451503,8876985.392033711
728.5714285714286,10.0,1942.857142857143,22.31029146100626,5164049.409502492
478.57142857142856,104.28571428571429,3268.571428571429,22.31089125200073,4406315.759514671
692.8571428571429,764.2857142857143,1114.2857142857142,22.310923796253462,16692521.153672641
550.0,57.142857142857146,2937.1428571428573,22.311452338718816,4339237.564196303
407.14285714285717,858.5714285714287,1942.857142857143,22.311511800327033,10439812.846930036
728.5714285714286,292.8571428571429,1114.2857142857142,22.31152629735221,12515121.729475554
478.57142857142856,858.5714285714287,1611.4285714285716,22.311608164636496,12011791.356895598
442.8571428571429,811.4285714285714,1777.1428571428573,22.311829477496964,10882869.363474343
764.2857142857143,10.0,1611.4285714285716,22.31209724204154,5984845.499378775
300.0,717.1428571428572,3102.857142857143,22.312184576482036,7480479.8671942195
264.2857142857143,952.8571428571429,3268.571428571429,22.31238757689242,8221057.33382457
335.7142857142857,622.8571428571429,2771.4285714285716,22.312641768997292,7481111.120293185
442.8571428571429,528.5714285714286,1942.857142857143,22.312715577130742,8744838.828002125
264.2857142857143,858.5714285714287,3434.2857142857147,22.312814951514916,7701575.425968719
692.8571428571429,717.1428571428572,1114.2857142857142,22.312838383100285,16270700.289147891
335.7142857142857,481.42857142857144,3102.857142857143,22.312867315216614,6460584.44209965
300.0,811.4285714285714,2937.1428571428573,22.312916978654414,8055667.459333559
335.7142857142857,434.28571428571433,3268.571428571429,22.313183180192844,6093089.978647767
442.8571428571429,387.14285714285717,2108.5714285714284,22.31324299552969,7496061.270788693
550.0,292.8571428571429,1611.4285714285716,22.3133566766179,8529140.427911937
371.42857142857144,481.42857142857144,2605.714285714286,22.313586383838267,7055262.846941456
371.42857142857144,952.8571428571429,2108.5714285714284,22.31371552455749,10293706.802066226
371.42857142857144,575.7142857142858,2440.0,22.314160696919053,7777365.501657536
621.4285714285714,481.42857142857144,1280.0,22.314425992691856,12170730.223771248
478.57142857142856,481.42857142857144,1777.1428571428573,22.314502689180316,9045108.556471732
550.0,575.7142857142858,1445.7142857142858,22.314557182199483,11410316.619658215
371.42857142857144,717.1428571428572,2274.285714285714,22.314693919622883,8777022.636355164
692.8571428571429,670.0,1114.2857142857142,22.315072424022595,15837680.71743879
300.0,575.7142857142858,3434.2857142857147,22.315074829825132,6563854.4283686085
300.0,528.5714285714286,3600.0,22.315202687273004,6239168.0633759685
585.7142857142858,1000.0,1280.0,22.315332018091475,15696979.867648035
514.2857142857142,481.42857142857144,1611.4285714285716,22.31552331765841,9776946.392297853
335.7142857142857,717.1428571428572,2605.714285714286,22.31699658350652,8112332.85673796
657.1428571428571,245.71428571428572,1280.0,22.317042040809543,10173460.860535003
478.57142857142856,811.4285714285714,1611.4285714285716,22.317285204524087,11678189.529855588
514.2857142857142,292.8571428571429,1777.1428571428573,22.3173211414177,7836075.718341004
692.8571428571429,622.8571428571429,1114.2857142857142,22.317692060117558,15392216.493998727
585.7142857142858,952.8571428571429,1280.0,22.317755462439923,15349598.987871494
478.57142857142856,245.71428571428572,2108.5714285714284,22.318267087443665,6617718.868569237
335.7142857142857,528.5714285714286,2937.1428571428573,22.31848480100032,6814902.126006878
264.2857142857143,764.2857142857143,3600.0,22.318628243830993,7164005.692404505
478.57142857142856,198.57142857142858,2274.285714285714,22.31863049148515,6000989.0648256065
407.14285714285717,245.71428571428572,2937.1428571428573,22.318943048022344,5431418.789349125
442.8571428571429,764.2857142857143,1777.1428571428573,22.319152205449427,10553908.384082226
300.0,622.8571428571429,3268.571428571429,22.319173046207844,6879230.927402694
407.14285714285717,811.4285714285714,1942.857142857143,22.319257996690023,10128864.915171033
335.7142857142857,858.5714285714287,2440.0,22.31926048446852,9003974.405085348
371.42857142857144,292.8571428571429,3268.571428571429,22.319704330520675,5388116.761062015
514.2857142857142,1000.0,1445.7142857142858,22.319765757785664,13865112.223018397
300.0,905.7142857142858,2771.4285714285716,22.3199509465897,8609401.230342565
335.7142857142857,387.14285714285717,3434.2857142857147,22.320389079006368,5710061.976249708
585.7142857142858,905.7142857142858,1280.0,22.320430627655444,14995870.47947452
692.8571428571429,575.7142857142858,1114.2857142857142,22.32078234965173,14932810.153172648
442.8571428571429,245.71428571428572,2440.0,22.321270395507945,6009620.595486117
371.42857142857144,905.7142857142858,2108.5714285714284,22.32127821425244,10004572.294960259
407.14285714285717,575.7142857142858,2108.5714285714284,22.321612169978028,8439813.521034516
621.4285714285714,104.28571428571429,1611.4285714285716,22.321954981736425,6950192.345068744
621.4285714285714,434.28571428571433,1280.0,22.322242428846426,11688623.035790753
585.7142857142858,57.142857142857146,2274.285714285714,22.322448137502054,4997266.962041706
728.5714285714286,245.71428571428572,1114.2857142857142,22.32247858482901,11844978.202158589
550.0,528.5714285714286,1445.7142857142858,22.32266918173034,10992583.716018613
442.8571428571429,292.8571428571429,2274.285714285714,22.32276388858252,6547130.730124205
264.2857142857143,905.7142857142858,3268.571428571429,22.32320030343566,7964491.853362895
585.7142857142858,858.5714285714287,1280.0,22.323394580510385,14635275.185078893
514.2857142857142,952.8571428571429,1445.7142857142858,22.323462097347132,13538786.1113852
550.0,104.28571428571429,2108.5714285714284,22.32352632688869,5624241.165454467
478.57142857142856,764.2857142857143,1611.4285714285716,22.323563405145574,11337511.764066681
657.1428571428571,104.28571428571429,1445.7142857142858,22.323659593408888,7665264.791246344
692.8571428571429,10.0,2440.0,22.324326015929724,4383618.424280596
692.8571428571429,528.5714285714286,1114.2857142857142,22.324454532724197,14457636.227139924
300.0,764.2857142857143,2937.1428571428573,22.325313008413854,7773695.345826213
264.2857142857143,811.4285714285714,3434.2857142857147,22.32541832883933,7436572.157843458
264.2857142857143,1000.0,3102.857142857143,22.326007200023852,8475708.234347112
585.7142857142858,292.8571428571429,1445.7142857142858,22.326425760760998,9274616.37566072
371.42857142857144,670.0,2274.285714285714,22.326567398138202,8457485.452544076
585.7142857142858,811.4285714285714,1280.0,22.326691989215984,14267217.939179596
800.0,57.142857142857146,1114.2857142857142,22.326919174720697,9456120.089513313
300.0,670.0,3102.857142857143,22.3271815720102,7186336.052262895
442.8571428571429,717.1428571428572,1777.1428571428573,22.32727374290718,10217552.783376623
407.14285714285717,434.28571428571433,2274.285714285714,22.327500990707115,7292041.794016802
514.2857142857142,905.7142857142858,1445.7142857142858,22.32750376821434,13206685.477641543
442.8571428571429,481.42857142857144,1942.857142857143,22.327680794364948,8355906.36223857
514.2857142857142,198.57142857142858,1942.857142857143,22.327717216488157,6632835.229219854
407.14285714285717,764.2857142857143,1942.857142857143,22.327779324929498,9811558.036556719
371.42857142857144,245.71428571428572,3600.0,22.328530685678306,4894795.767063547
514.2857142857142,434.28571428571433,1611.4285714285716,22.32856190866624,9341573.714523776
442.8571428571429,151.42857142857144,3102.857142857143,22.328783748394734,4728680.1946152905
692.8571428571429,481.42857142857144,1114.2857142857142,22.328856950932476,13964432.262103299
335.7142857142857,811.4285714285714,2440.0,22.329407370536963,8715738.92615078
335.7142857142857,575.7142857142858,2771.4285714285716,22.329443274475995,7157849.776208511
371.42857142857144,858.5714285714287,2108.5714285714284,22.32949868557633,9710416.095177677
478.57142857142856,434.28571428571433,1777.1428571428573,22.32967421551143,8625159.712667553
371.42857142857144,387.14285714285717,2771.4285714285716,22.329715469053447,6276584.619255373
407.14285714285717,198.57142857142858,3268.571428571429,22.329821142994717,4861640.182835225
585.7142857142858,764.2857142857143,1280.0,22.33037718597221,13891011.21897705
335.7142857142857,670.0,2605.714285714286,22.330426979128653,7805408.34661988
300.0,858.5714285714287,2771.4285714285716,22.33046154017263,8337464.682728549
478.57142857142856,717.1428571428572,1611.4285714285716,22.330543023032938,10989050.300489021
371.42857142857144,528.5714285714286,2440.0,22.331106107903718,7429977.127631227
621.4285714285714,387.14285714285717,1280.0,22.331728847043188,11183681.349259695
335.7142857142857,1000.0,2274.285714285714,22.331905965279926,9848880.998135319
371.42857142857144,340.0,2937.1428571428573,22.331936983420572,5851580.829868655
514.2857142857142,858.5714285714287,1445.7142857142858,22.331939950486838,12868332.207192961
550.0,481.42857142857144,1445.7142857142858,22.33214594414983,10559463.114217507
692.8571428571429,57.142857142857146,1445.7142857142858,22.332359962845757,7099042.104889414
300.0,1000.0,2605.714285714286,22.332458794736223,9145068.659328617
800.0,1000.0,948.5714285714287,22.333277064092584,22034028.82808798
800.0,952.8571428571429,948.5714285714287,22.333354891143696,21623338.383745227
657.1428571428571,10.0,3600.0,22.333423082967936,3562439.9738754965
800.0,905.7142857142858,948.5714285714287,22.333505241668313,21204433.323809877
264.2857142857143,717.1428571428572,3600.0,22.33363662388895,6888892.261570128
800.0,858.5714285714287,948.5714285714287,22.333741206102165,20776665.72796085
514.2857142857142,151.42857142857144,2108.5714285714284,22.333746084500508,5908671.80111141
800.0,811.4285714285714,948.5714285714287,22.334078784986747,20339294.589449957
692.8571428571429,434.28571428571433,1114.2857142857142,22.33419199204901,13450338.793501627
478.57142857142856,104.28571428571429,3102.857142857143,22.334515107031258,4432721.550267283
585.7142857142858,717.1428571428572,1280.0,22.334516945003816,13505854.014114778
800.0,764.2857142857143,948.5714285714287,22.33453770996607,19891466.093390454
264.2857142857143,858.5714285714287,3268.571428571429,22.334868496332554,7703938.863590411
764.2857142857143,104.28571428571429,1114.2857142857142,22.335120080745256,10029258.847208377
800.0,717.1428571428572,948.5714285714287,22.335142555936848,19432188.203395978
800.0,670.0,948.5714285714287,22.335924272290466,18960297.41879747
335.7142857142857,340.0,3600.0,22.33598603843956,5308335.045867274
264.2857142857143,952.8571428571429,3102.857142857143,22.336120179446844,8222919.696236905
300.0,528.5714285714286,3434.2857142857147,22.336310566566592,6245342.455397006
442.8571428571429,670.0,1777.1428571428573,22.33633450000803,9873006.901386317
371.42857142857144,434.28571428571433,2605.714285714286,22.336347939112787,6681780.268410399
407.14285714285717,528.5714285714286,2108.5714285714284,22.336529736723072,8078312.1627001725
478.57142857142856,292.8571428571429,1942.857142857143,22.336723155563195,7187367.950715424
514.2857142857142,811.4285714285714,1445.7142857142858,22.336829749473022,12523177.74846479
407.14285714285717,292.8571428571429,2605.714285714286,22.336842806266656,5959700.2842154475
800.0,622.8571428571429,948.5714285714287,22.33692233002026,18474414.548951335
407.14285714285717,717.1428571428572,1942.857142857143,22.337202331532843,9487250.911277609
657.1428571428571,1000.0,1114.2857142857142,22.33762274612078,17712378.81009905
728.5714285714286,198.57142857142858,1114.2857142857142,22.337681362304345,11111704.826465469
300.0,575.7142857142858,3268.571428571429,22.33789535500654,6569911.117347429
800.0,575.7142857142858,948.5714285714287,22.33818779526514,17972884.735984877
550.0,57.142857142857146,2771.4285714285716,22.338216955964338,4379991.051214439
478.57142857142856,670.0,1611.4285714285716,22.33834836165521,10631971.436052648
407.14285714285717,340.0,2440.0,22.338437075274374,6435330.650984433
335.7142857142857,434.28571428571433,3102.857142857143,22.338454390686696,6102962.507581389
371.42857142857144,811.4285714285714,2108.5714285714284,22.33847121146534,9410790.270943167
442.8571428571429,340.0,2108.5714285714284,22.338566089795645,7050682.897540846
657.1428571428571,198.57142857142858,1280.0,22.33880690331726,9485223.701103838
300.0,717.1428571428572,2937.1428571428573,22.338925126275946,7486005.00790455
442.8571428571429,198.57142857142858,2605.714285714286,22.338948700945917,5426167.874862607
264.2857142857143,764.2857142857143,3434.2857142857147,22.339145478918475,7166810.690235417
657.1428571428571,952.8571428571429,1114.2857142857142,22.339175419273378,17343461.168812525
585.7142857142858,670.0,1280.0,22.339194286062604,13110804.098416517
657.1428571428571,57.142857142857146,1611.4285714285716,22.339589790214383,6385289.519989575
300.0,481.42857142857144,3600.0,22.339592340836337,5910101.147538395
550.0,245.71428571428572,1611.4285714285716,22.339624145747855,7960483.40703018
800.0,528.5714285714286,948.5714285714287,22.339787834084866,17453694.30825261
371.42857142857144,622.8571428571429,2274.285714285714,22.33984706011863,8129792.445881513
335.7142857142857,952.8571428571429,2274.285714285714,22.339981861300974,9574837.123668244
585.7142857142858,104.28571428571429,1777.1428571428573,22.34016372541162,6292756.736316395
335.7142857142857,481.42857142857144,2937.1428571428573,22.34041150149528,6470505.299757609
335.7142857142857,764.2857142857143,2440.0,22.340512692776663,8421903.43933274
692.8571428571429,387.14285714285717,1114.2857142857142,22.340743392828408,12911655.8614978
585.7142857142858,151.42857142857144,1611.4285714285716,22.340880495831748,7224353.396199981
657.1428571428571,905.7142857142858,1114.2857142857142,22.34090923672778,16967590.595227078
300.0,952.8571428571429,2605.714285714286,22.34156276666116,8881583.315537501
800.0,481.42857142857144,948.5714285714287,22.34181249708287,16914352.54512808
300.0,811.4285714285714,2771.4285714285716,22.341880240536327,8060787.437711726
514.2857142857142,764.2857142857143,1445.7142857142858,22.342244864686304,12170587.884352675
514.2857142857142,104.28571428571429,2440.0,22.342595107204414,5028542.044300852
657.1428571428571,858.5714285714287,1114.2857142857142,22.342851566107854,16584205.884800548
550.0,434.28571428571433,1445.7142857142858,22.34335088372458,10108454.458228052
621.4285714285714,340.0,1280.0,22.343442549871547,10651271.7171036
335.7142857142857,387.14285714285717,3268.571428571429,22.34356948364625,5719828.837582637
300.0,622.8571428571429,3102.857142857143,22.343873709164537,6885111.506468595
514.2857142857142,387.14285714285717,1611.4285714285716,22.344178001295738,8885932.247247458
800.0,434.28571428571433,948.5714285714287,22.34438526739992,16351718.462935647
585.7142857142858,622.8571428571429,1280.0,22.34451377845931,12704741.014396135
228.57142857142858,1000.0,3600.0,22.344641636973577,7842966.200805075
657.1428571428571,811.4285714285714,1114.2857142857142,22.34503544508694,16192664.215199495
371.42857142857144,292.8571428571429,3102.857142857143,22.345066448887327,5402058.01811142
621.4285714285714,151.42857142857144,1445.7142857142858,22.345134694853975,7935083.899141461
442.8571428571429,434.28571428571433,1942.857142857143,22.345226595788297,7951349.143462124
335.7142857142857,622.8571428571429,2605.714285714286,22.345409505872993,7490851.061112844
657.1428571428571,10.0,3434.2857142857147,22.345640918306195,3603315.6083410545
478.57142857142856,151.42857142857144,2440.0,22.34634812798382,5315943.613233218
442.8571428571429,622.8571428571429,1777.1428571428573,22.34651071844176,9519322.769707436
407.14285714285717,1000.0,1777.1428571428573,22.346569969966964,11366916.651285715
264.2857142857143,905.7142857142858,3102.857142857143,22.346986572631998,7966455.408804197
478.57142857142856,622.8571428571429,1611.4285714285716,22.34713556035128,10265282.258065335
692.8571428571429,104.28571428571429,1280.0,22.347406074656664,8450804.646931132
657.1428571428571,764.2857142857143,1114.2857142857142,22.347501126649416,15792223.685124038
264.2857142857143,811.4285714285714,3268.571428571429,22.347510640706375,7439042.920163081
800.0,387.14285714285717,948.5714285714287,22.347680087583132,15761737.92021835
407.14285714285717,670.0,1942.857142857143,22.347683618322208,9155187.628093326
478.57142857142856,387.14285714285717,1777.1428571428573,22.347790638504474,8185814.861116693
514.2857142857142,245.71428571428572,1777.1428571428573,22.34791203619992,7287368.13570577
514.2857142857142,717.1428571428572,1445.7142857142858,22.34827317913289,11809823.030550824
371.42857142857144,764.2857142857143,2108.5714285714284,22.348309755317974,9105176.36774865
335.7142857142857,528.5714285714286,2771.4285714285716,22.348526031099727,6824813.948125335
335.7142857142857,905.7142857142858,2274.285714285714,22.3486995196706,9296462.740113886
585.7142857142858,245.71428571428572,1445.7142857142858,22.348859498570768,8685828.68678994
692.8571428571429,340.0,1114.2857142857142,22.348922268988193,12343456.25978081
728.5714285714286,57.142857142857146,1280.0,22.34894939737797,7887200.4179665735
407.14285714285717,245.71428571428572,2771.4285714285716,22.349558694716446,5451162.73070249
371.42857142857144,245.71428571428572,3434.2857142857147,22.349660265286875,4907733.7413637815
264.2857142857143,670.0,3600.0,22.35017505731132,6607965.420634897
657.1428571428571,717.1428571428572,1114.2857142857142,22.35029816156934,15382020.770782169
585.7142857142858,575.7142857142858,1280.0,22.35060909271033,12286315.68933993
371.42857142857144,481.42857142857144,2440.0,22.350613249411794,7070585.226486881
442.8571428571429,1000.0,1611.4285714285716,22.3507376632928,12178481.822089462
407.14285714285717,387.14285714285717,2274.285714285714,22.351326282685214,6885384.51047877
300.0,905.7142857142858,2605.714285714286,22.351367634417134,8614085.178701354
264.2857142857143,1000.0,2937.1428571428573,22.35165721608486,8477103.199361114
800.0,340.0,948.5714285714287,22.35195011667039,15139027.185358826
335.7142857142857,717.1428571428572,2440.0,22.35272943155898,8121901.237956643
407.14285714285717,952.8571428571429,1777.1428571428573,22.352783532645976,11071908.39892978
657.1428571428571,670.0,1114.2857142857142,22.35348825117557,14961040.776579818
407.14285714285717,481.42857142857144,2108.5714285714284,22.353736839241982,7704084.381276503
300.0,670.0,2937.1428571428573,22.353959435595904,7191976.259473792
264.2857142857143,717.1428571428572,3434.2857142857147,22.35417326221481,6891808.827553767
300.0,764.2857142857143,2771.4285714285716,22.354341791495376,7778919.795315138
692.8571428571429,10.0,2274.285714285714,22.35471039847084,4468114.539842252
371.42857142857144,1000.0,1942.857142857143,22.354769748488103,10595284.951470464
407.14285714285717,198.57142857142858,3102.857142857143,22.354780046434392,4879645.505717106
371.42857142857144,575.7142857142858,2274.285714285714,22.35481244039761,7792916.858741017
514.2857142857142,670.0,1445.7142857142858,22.355023665681397,11440012.35443248
550.0,151.42857142857144,1777.1428571428573,22.355510151375494,6568325.878121697
442.8571428571429,151.42857142857144,2937.1428571428573,22.3557514111469,4752108.172102701
228.57142857142858,952.8571428571429,3600.0,22.35576222905595,7601251.563921396
442.8571428571429,952.8571428571429,1611.4285714285716,22.35610863705595,11872963.90599697
550.0,387.14285714285717,1445.7142857142858,22.3567910723264,9636311.088069364
550.0,1000.0,1280.0,22.35680004857627,14819015.320732305
478.57142857142856,575.7142857142858,1611.4285714285716,22.35710366381626,9887785.287915668
657.1428571428571,622.8571428571429,1114.2857142857142,22.3571492277472,14528078.436479125
335.7142857142857,340.0,3434.2857142857147,22.357216415574673,5317938.949044273
800.0,292.8571428571429,948.5714285714287,22.35757907616457,14476177.555243485
514.2857142857142,57.142857142857146,3600.0,22.35762923604333,3791428.5638411203
585.7142857142858,528.5714285714286,1280.0,22.357654009565504,11853880.310347734
442.8571428571429,575.7142857142858,1777.1428571428573,22.358026902053012,9155356.634015337
335.7142857142857,858.5714285714287,2274.285714285714,22.358144422791273,9013392.990324212
621.4285714285714,292.8571428571429,1280.0,22.358223436887915,10084982.858983614
264.2857142857143,858.5714285714287,3102.857142857143,22.35870438021897,7706006.5433249995
300.0,528.5714285714286,3268.571428571429,22.35910188091605,6251517.892745196
371.42857142857144,717.1428571428572,2108.5714285714284,22.35915352393482,8792969.058193348
657.1428571428571,10.0,3268.571428571429,22.359248041332954,3647474.21049434
764.2857142857143,1000.0,948.5714285714287,22.3593162438999,20997162.24759677
692.8571428571429,292.8571428571429,1114.2857142857142,22.359349153243073,11738937.736944495
407.14285714285717,622.8571428571429,1942.857142857143,22.359419519939916,8814467.273305288
407.14285714285717,905.7142857142858,1777.1428571428573,22.359515002467003,10771973.64297666
764.2857142857143,952.8571428571429,948.5714285714287,22.359865763426047,20596099.419150203
728.5714285714286,151.42857142857144,1114.2857142857142,22.35992632979854,10289222.786614228
550.0,952.8571428571429,1280.0,22.360047780646205,14481704.652709316
478.57142857142856,104.28571428571429,2937.1428571428573,22.360445760433038,4460756.932946696
728.5714285714286,10.0,1777.1428571428573,22.360448683535843,5293455.740807606
764.2857142857143,905.7142857142858,948.5714285714287,22.360517062324746,20187123.67776909
300.0,481.42857142857144,3434.2857142857147,22.36063946399445,5916389.256513252
264.2857142857143,764.2857142857143,3268.571428571429,22.361269896479534,7169392.015214897
764.2857142857143,858.5714285714287,948.5714285714287,22.361286670970447,19769608.146395467
657.1428571428571,575.7142857142858,1114.2857142857142,22.361380724770637,14081684.35598553
264.2857142857143,952.8571428571429,2937.1428571428573,22.361833738693022,8224409.926061867
442.8571428571429,905.7142857142858,1611.4285714285716,22.36193813939841,11562232.148692671
371.42857142857144,952.8571428571429,1942.857142857143,22.361946346248338,10310734.879116865
300.0,858.5714285714287,2605.714285714286,22.361965538679975,8342236.503658799
764.2857142857143,811.4285714285714,948.5714285714287,22.362194645070403,19342835.650305647
335.7142857142857,575.7142857142858,2605.714285714286,22.362250389038454,7167698.492866233
371.42857142857144,340.0,2771.4285714285716,22.362437552808295,5866394.500495499
300.0,575.7142857142858,3102.857142857143,22.362594116198032,6575911.795753872
514.2857142857142,622.8571428571429,1445.7142857142858,22.3626332176766,11060119.186305981
514.2857142857142,340.0,1611.4285714285716,22.36321363120058,8405836.693395281
764.2857142857143,764.2857142857143,948.5714285714287,22.363265539124896,18905979.546823945
371.42857142857144,387.14285714285717,2605.714285714286,22.36331641565058,6291722.39964646
442.8571428571429,245.71428571428572,2274.285714285714,22.363463999660606,6038634.727564683
550.0,905.7142857142858,1280.0,22.363598665083906,14138321.347328901
228.57142857142858,1000.0,3434.2857142857147,22.364399976018202,7842669.9763452485
764.2857142857143,717.1428571428572,948.5714285714287,22.364529720623803,18458079.012565304
800.0,245.71428571428572,948.5714285714287,22.36517959982411,13762513.788694791
585.7142857142858,481.42857142857144,1280.0,22.365878912225128,11405388.17669694
335.7142857142857,434.28571428571433,2937.1428571428573,22.365918645012346,6112999.359028046
764.2857142857143,670.0,948.5714285714287,22.366025173387364,17998006.703127135
442.8571428571429,387.14285714285717,1942.857142857143,22.36609757681662,7528290.237994279
478.57142857142856,198.57142857142858,2108.5714285714284,22.366125697124595,6039443.505650404
335.7142857142857,670.0,2440.0,22.36624659887909,7815063.957699624
585.7142857142858,57.142857142857146,2108.5714285714284,22.36629919469824,5061833.074356772
657.1428571428571,528.5714285714286,1114.2857142857142,22.36631244800583,13620090.57365651
300.0,1000.0,2440.0,22.366608235193237,9149322.113265337
407.14285714285717,858.5714285714287,1777.1428571428573,22.366834766465693,10466698.654939773
550.0,858.5714285714287,1280.0,22.367495686827013,13788366.015139107
228.57142857142858,905.7142857142858,3600.0,22.367672219882913,7356225.325157234
764.2857142857143,622.8571428571429,948.5714285714287,22.36780001779524,17524425.70804239
300.0,434.28571428571433,3600.0,22.3679066246253,5568855.468422626
550.0,57.142857142857146,2605.714285714286,22.36800084195129,4423782.643412459
300.0,717.1428571428572,2771.4285714285716,22.368010663265196,7491336.332559125
621.4285714285714,57.142857142857146,1777.1428571428573,22.368218860132153,5732636.385294734
442.8571428571429,858.5714285714287,1611.4285714285716,22.368289114227704,11245850.41470349
335.7142857142857,811.4285714285714,2274.285714285714,22.36841878327659,8725208.770790087
478.57142857142856,1000.0,1445.7142857142858,22.368426379482305,13038121.745514875
478.57142857142856,528.5714285714286,1611.4285714285716,22.368510727184596,9498015.240932034
264.2857142857143,622.8571428571429,3600.0,22.36852093667852,6320544.238186113
335.7142857142857,387.14285714285717,3102.857142857143,22.36870090028415,5729807.597562528
371.42857142857144,905.7142857142858,1942.857142857143,22.369702809722217,10021550.370291958
478.57142857142856,340.0,1777.1428571428573,22.369808409693526,7723049.9328225795
764.2857142857143,575.7142857142858,948.5714285714287,22.369916106548857,17035731.145409953
442.8571428571429,292.8571428571429,2108.5714285714284,22.37004250970969,6577626.475155561
657.1428571428571,151.42857142857144,1280.0,22.370259462496463,8712815.27378388
335.7142857142857,481.42857142857144,2771.4285714285716,22.370422456210278,6480534.05799211
300.0,622.8571428571429,2937.1428571428573,22.370674083837,6890869.0263250945
264.2857142857143,670.0,3434.2857142857147,22.37072040669741,6610996.90059014
442.8571428571429,528.5714285714286,1777.1428571428573,22.371173889487004,8779708.307316786
371.42857142857144,670.0,2108.5714285714284,22.371174541807445,8473454.627412558
514.2857142857142,575.7142857142858,1445.7142857142858,22.371276356986037,10668893.882138692
264.2857142857143,811.4285714285714,3102.857142857143,22.371390786726977,7441217.983796846
550.0,811.4285714285714,1280.0,22.371790470809756,13431265.915497176
371.42857142857144,528.5714285714286,2274.285714285714,22.37182527730895,7445600.852573587
478.57142857142856,245.71428571428572,1942.857142857143,22.372016988642272,6658651.306345588
657.1428571428571,481.42857142857144,1114.2857142857142,22.372116573834568,13141104.413240362
764.2857142857143,528.5714285714286,948.5714285714287,22.37245427758829,16529969.150518944
371.42857142857144,245.71428571428572,3268.571428571429,22.37255832367373,4921184.0673256945
621.4285714285714,1000.0,1114.2857142857142,22.372652352336,16777834.51904606
407.14285714285717,575.7142857142858,1942.857142857143,22.372659835834533,8464002.45958573
371.42857142857144,292.8571428571429,2937.1428571428573,22.372687356064155,5416484.306119041
264.2857142857143,905.7142857142858,2937.1428571428573,22.37276052961416,7968043.737918226
692.8571428571429,245.71428571428572,1114.2857142857142,22.373010829995913,11088262.42026387
478.57142857142856,952.8571428571429,1445.7142857142858,22.373098709938343,12721918.602001892
550.0,340.0,1445.7142857142858,22.373197675261082,9138692.44774478
371.42857142857144,434.28571428571433,2440.0,22.373341655531647,6697199.393230536
300.0,811.4285714285714,2605.714285714286,22.373466607163152,8065649.2147770785
407.14285714285717,434.28571428571433,2108.5714285714284,22.373825309945033,7315024.631926207
335.7142857142857,1000.0,2108.5714285714284,22.37427626364405,9858453.6456103
407.14285714285717,292.8571428571429,2440.0,22.374353402369785,5981090.635956339
657.1428571428571,10.0,3102.857142857143,22.374465663120308,3695294.0612835577
407.14285714285717,811.4285714285714,1777.1428571428573,22.37482707856593,10155608.33713375
621.4285714285714,952.8571428571429,1114.2857142857142,22.37488749762818,16418885.16122671
550.0,198.57142857142858,1611.4285714285716,22.37500811761431,7338134.989302828
514.2857142857142,57.142857142857146,3434.2857142857147,22.37509278817947,3817843.045766266
442.8571428571429,811.4285714285714,1611.4285714285716,22.37523696196589,10923317.986425843
764.2857142857143,481.42857142857144,948.5714285714287,22.375522239715867,16004721.60892466
228.57142857142858,952.8571428571429,3434.2857142857147,22.37555825614469,7601054.068671466
585.7142857142858,434.28571428571433,1280.0,22.375596288442622,10938246.297900476
800.0,198.57142857142858,948.5714285714287,22.37579976530764,12981673.369875843
300.0,952.8571428571429,2440.0,22.375817508100027,8885900.445507817
550.0,104.28571428571429,1942.857142857143,22.376273959702544,5684267.391996132
264.2857142857143,717.1428571428572,3268.571428571429,22.37632110255404,6894504.253802864
442.8571428571429,198.57142857142858,2440.0,22.37632843252868,5453738.474792869
550.0,764.2857142857143,1280.0,22.3765455972231,13066359.13676277
621.4285714285714,905.7142857142858,1114.2857142857142,22.37734671232798,16053265.19223152
621.4285714285714,245.71428571428572,1280.0,22.37740497490527,9475518.128304645
371.42857142857144,858.5714285714287,1942.857142857143,22.378116815940473,9727341.305348914
800.0,10.0,1280.0,22.378136739918563,6981914.381770811
478.57142857142856,905.7142857142858,1445.7142857142858,22.378175498770144,12400212.688073928
407.14285714285717,151.42857142857144,3600.0,22.378898908520682,4231905.147634131
657.1428571428571,434.28571428571433,1114.2857142857142,22.379026934573318,12641952.504107906
585.7142857142858,198.57142857142858,1445.7142857142858,22.379135403564632,8041426.3538928265
764.2857142857143,434.28571428571433,948.5714285714287,22.3792667924487,15456937.182172453
264.2857142857143,1000.0,2771.4285714285716,22.37952266716867,8478042.382212427
335.7142857142857,764.2857142857143,2274.285714285714,22.37964597361558,8431424.877457703
621.4285714285714,858.5714285714287,1114.2857142857142,22.38006237236709,15680433.298236195
407.14285714285717,340.0,2274.285714285714,22.380140259442282,6457501.214294646
335.7142857142857,340.0,3268.571428571429,22.380181746650198,5327792.867676794
228.57142857142858,858.5714285714287,3600.0,22.380472808306706,7107609.348089087
514.2857142857142,528.5714285714286,1445.7142857142858,22.381179360025527,10264808.133724011
335.7142857142857,622.8571428571429,2440.0,22.381300793754765,7500594.4943042165
335.7142857142857,528.5714285714286,2605.714285714286,22.381345713639277,6834770.986644669
478.57142857142856,481.42857142857144,1611.4285714285716,22.38169788740452,9094148.541676592
335.7142857142857,292.8571428571429,3600.0,22.381716532605402,4892886.887129889
550.0,717.1428571428572,1280.0,22.381837712884373,12692874.139531216
407.14285714285717,198.57142857142858,2937.1428571428573,22.382029064393198,4898487.8939964315
335.7142857142857,952.8571428571429,2108.5714285714284,22.38250516210545,9584409.459495375
442.8571428571429,764.2857142857143,1611.4285714285716,22.38287284910204,10594055.53859807
621.4285714285714,811.4285714285714,1114.2857142857142,22.383073412954772,15299769.187618572
514.2857142857142,104.28571428571429,2274.285714285714,22.383075503050836,5072065.550411706
300.0,670.0,2771.4285714285716,22.383089980671556,7197417.013319346
407.14285714285717,245.71428571428572,2605.714285714286,22.383160325002383,5471746.960485467
300.0,481.42857142857144,3268.571428571429,22.3833699794798,5922683.178543712
407.14285714285717,764.2857142857143,1777.1428571428573,22.383593735670075,9838152.870379128
478.57142857142856,858.5714285714287,1445.7142857142858,22.383712504438677,12072546.110015148
300.0,528.5714285714286,3102.857142857143,22.38377382596435,6257639.872059982
764.2857142857143,387.14285714285717,948.5714285714287,22.383893487383425,14882674.66682849
264.2857142857143,858.5714285714287,2937.1428571428573,22.384534498501274,7707696.1603873335
371.42857142857144,622.8571428571429,2108.5714285714284,22.384588170538258,8145782.170115721
764.2857142857143,10.0,1445.7142857142858,22.384875245708024,6167544.521048008
264.2857142857143,764.2857142857143,3102.857142857143,22.385187281133593,7171678.076133256
442.8571428571429,151.42857142857144,2771.4285714285716,22.38535523025384,4776808.157506136
228.57142857142858,1000.0,3268.571428571429,22.385686843821556,7841950.178563798
300.0,905.7142857142858,2440.0,22.38572528183085,8618467.437211225
300.0,764.2857142857143,2605.714285714286,22.38600372361148,7783873.856673259
442.8571428571429,481.42857142857144,1777.1428571428573,22.38633584326777,8390634.358571269
621.4285714285714,764.2857142857143,1114.2857142857142,22.38642709252037,14910556.65048208
728.5714285714286,1000.0,948.5714285714287,22.38690500373909,19979108.775818996
514.2857142857142,292.8571428571429,1611.4285714285716,22.3869328460229,7895478.355931603
514.2857142857142,151.42857142857144,1942.857142857143,22.387125948448322,5958850.890840229
585.7142857142858,387.14285714285717,1280.0,22.387241668522133,10449090.53490452
371.42857142857144,811.4285714285714,1942.857142857143,22.387281240716312,9427659.621003566
657.1428571428571,387.14285714285717,1114.2857142857142,22.387369842233394,12119043.254937986
228.57142857142858,905.7142857142858,3434.2857142857147,22.38750253710705,7356130.280036946
407.14285714285717,528.5714285714286,1942.857142857143,22.387727772699524,8102461.455187935
478.57142857142856,151.42857142857144,2274.285714285714,22.387754000249956,5352055.276824846
550.0,670.0,1280.0,22.387761781271983,12309902.89729247
728.5714285714286,952.8571428571429,948.5714285714287,22.387967295390947,19587753.623029754
300.0,434.28571428571433,3434.2857142857147,22.388852519661814,5575254.830920835
514.2857142857142,198.57142857142858,1777.1428571428573,22.388960203509164,6686939.396011073
478.57142857142856,104.28571428571429,2771.4285714285716,22.38900363119551,4490530.852090478
264.2857142857143,575.7142857142858,3600.0,22.389027362230376,6025804.483250337
264.2857142857143,622.8571428571429,3434.2857142857147,22.38906104037626,6323694.171502132
728.5714285714286,905.7142857142858,948.5714285714287,22.38916333432307,19188782.409175284
300.0,575.7142857142858,2937.1428571428573,22.389397231201563,6581788.763385353
764.2857142857143,340.0,948.5714285714287,22.38969972570698,14276696.15145006
692.8571428571429,10.0,2108.5714285714284,22.38974792107155,4561218.842851457
264.2857142857143,952.8571428571429,2771.4285714285716,22.38977050795933,8225437.273528266
478.57142857142856,811.4285714285714,1445.7142857142858,22.389776532455954,11738393.321045004
621.4285714285714,717.1428571428572,1114.2857142857142,22.390181364391886,14511961.676219389
728.5714285714286,858.5714285714287,948.5714285714287,22.390513401941487,18781588.914370082
442.8571428571429,717.1428571428572,1611.4285714285716,22.391308148863533,10257386.976818942
371.42857142857144,481.42857142857144,2274.285714285714,22.391362822816838,7086277.036922092
442.8571428571429,340.0,1942.857142857143,22.39136399513682,7082875.413701776
335.7142857142857,905.7142857142858,2108.5714285714284,22.391374870910415,9306033.928974211
800.0,151.42857142857144,948.5714285714287,22.391415411544006,12106275.195747016
657.1428571428571,10.0,2937.1428571428573,22.391559133637287,3747207.172749739
692.8571428571429,198.57142857142858,1114.2857142857142,22.391588949137592,10376285.24515425
764.2857142857143,57.142857142857146,1114.2857142857142,22.391788007080276,8770580.106510807
335.7142857142857,717.1428571428572,2274.285714285714,22.391976466745746,8131474.634878917
728.5714285714286,811.4285714285714,948.5714285714287,22.392041974257353,18365479.351621967
514.2857142857142,481.42857142857144,1445.7142857142858,22.392641375819434,9845961.028434467
264.2857142857143,670.0,3268.571428571429,22.392880343807963,6613810.268655138
407.14285714285717,717.1428571428572,1777.1428571428573,22.393259008125245,9513690.417588295
550.0,292.8571428571429,1445.7142857142858,22.39366869487914,8609579.617247665
442.8571428571429,104.28571428571429,3600.0,22.393722707695566,3938743.512725101
728.5714285714286,764.2857142857143,948.5714285714287,22.39377886077802,17939653.73474797
514.2857142857142,57.142857142857146,3268.571428571429,22.394222593086997,3846010.963503979
228.57142857142858,811.4285714285714,3600.0,22.39428512196429,6855083.197380206
621.4285714285714,670.0,1114.2857142857142,22.394408118111723,14103003.75511137
550.0,622.8571428571429,1280.0,22.394436995164096,11916365.019792665
728.5714285714286,104.28571428571429,1114.2857142857142,22.39533168503719,9327314.108267346
728.5714285714286,717.1428571428572,948.5714285714287,22.3957607377906,17503181.848944627
371.42857142857144,340.0,2605.714285714286,22.395835383113546,5881620.5543821
335.7142857142857,434.28571428571433,2771.4285714285716,22.395851347205642,6123141.071522732
335.7142857142857,387.14285714285717,2937.1428571428573,22.396022208518804,5739952.514696848
300.0,858.5714285714287,2440.0,22.396422504129095,8346685.604870745
478.57142857142856,764.2857142857143,1445.7142857142858,22.396448370526123,11397146.458459815
228.57142857142858,952.8571428571429,3268.571428571429,22.3968871270455,7600434.142245661
478.57142857142856,434.28571428571433,1611.4285714285716,22.397126485675685,8673869.883302195
764.2857142857143,292.8571428571429,948.5714285714287,22.397133656863677,13631787.060388746
478.57142857142856,292.8571428571429,1777.1428571428573,22.397161324683797,7231275.934115206
264.2857142857143,811.4285714285714,2937.1428571428573,22.397271436566633,7443012.467287103
371.42857142857144,764.2857142857143,1942.857142857143,22.39730817366637,9121986.678302437
371.42857142857144,245.71428571428572,3102.857142857143,22.397440310508227,4935141.212747752
657.1428571428571,340.0,1114.2857142857142,22.397615897804645,11567589.225727322
407.14285714285717,387.14285714285717,2108.5714285714284,22.397617033085748,6908392.24529506
728.5714285714286,670.0,948.5714285714287,22.398033246534613,17054971.790028878
335.7142857142857,575.7142857142858,2440.0,22.39819257842119,7177530.013125177
407.14285714285717,151.42857142857144,3434.2857142857147,22.399009314560995,4248063.075851479
621.4285714285714,622.8571428571429,1114.2857142857142,22.39919769119048,13682517.591935538
371.42857142857144,575.7142857142858,2108.5714285714284,22.399668017975664,7808924.268925197
300.0,717.1428571428572,2605.714285714286,22.3997389261002,7496385.253161784
300.0,622.8571428571429,2771.4285714285716,22.39983392355293,6896421.8623987585
371.42857142857144,198.57142857142858,3600.0,22.39998120560928,4385545.536913678
371.42857142857144,387.14285714285717,2440.0,22.400206623809957,6307227.998602012
264.2857142857143,717.1428571428572,3102.857142857143,22.400266536908905,6896905.30195472
228.57142857142858,858.5714285714287,3434.2857142857147,22.40033303292294,7107620.908832694
728.5714285714286,622.8571428571429,948.5714285714287,22.400653917394944,16593728.069075894
442.8571428571429,670.0,1611.4285714285716,22.400680496987977,9912515.557335751
264.2857142857143,905.7142857142858,2771.4285714285716,22.40076534769971,7969162.267895914
514.2857142857142,1000.0,1280.0,22.4009052633218,13959114.724897785
335.7142857142857,858.5714285714287,2108.5714285714284,22.40096969270367,9022962.282084841
300.0,387.14285714285717,3600.0,22.40125816414971,5213165.259723496
550.0,57.142857142857146,2440.0,22.401274957793774,4470891.501167653
585.7142857142858,340.0,1280.0,22.40144236236221,9933427.432423353
550.0,575.7142857142858,1280.0,22.402015174095467,11510958.888740193
335.7142857142857,292.8571428571429,3434.2857142857147,22.4026327075889,4902546.977849764
371.42857142857144,292.8571428571429,2771.4285714285716,22.402856513630937,5431365.490731489
335.7142857142857,481.42857142857144,2605.714285714286,22.403217770302646,6490597.8458464835
621.4285714285714,198.57142857142858,1280.0,22.403255341139168,8808522.366636083
728.5714285714286,575.7142857142858,948.5714285714287,22.403696330526795,16117894.73629489
478.57142857142856,717.1428571428572,1445.7142857142858,22.403826726792975,11048096.364599712
621.4285714285714,104.28571428571429,1445.7142857142858,22.403835024885176,7059184.290161005
407.14285714285717,670.0,1777.1428571428573,22.403976360335985,9181464.371886197
442.8571428571429,434.28571428571433,1777.1428571428573,22.40403182751188,7985920.036280586
300.0,1000.0,2274.285714285714,22.404063712045314,9153278.357766237
621.4285714285714,575.7142857142858,1114.2857142857142,22.404665280687496,13249101.027472997
514.2857142857142,952.8571428571429,1280.0,22.405040961039667,13631861.238221059
407.14285714285717,481.42857142857144,1942.857142857143,22.405049686579186,7728185.315672289
335.7142857142857,340.0,3102.857142857143,22.405089146990832,5337863.717805022
335.7142857142857,670.0,2274.285714285714,22.40559593182362,7824689.657069791
514.2857142857142,434.28571428571433,1445.7142857142858,22.40606700580128,9409940.586881135
764.2857142857143,245.71428571428572,948.5714285714287,22.40690660795298,12937540.953666035
728.5714285714286,528.5714285714286,948.5714285714287,22.40725617715479,15625576.444769321
407.14285714285717,1000.0,1611.4285714285716,22.40731209939705,11398593.938795367
300.0,481.42857142857144,3102.857142857143,22.407981406997262,5928926.903374491
300.0,811.4285714285714,2440.0,22.408017761125496,8070167.15657193
371.42857142857144,1000.0,1777.1428571428573,22.408028498778982,10614302.426656587
371.42857142857144,717.1428571428572,1942.857142857143,22.408334299821128,8809716.891989218
228.57142857142858,1000.0,3102.857142857143,22.408677353788196,7840719.757826052
228.57142857142858,905.7142857142858,3268.571428571429,22.408869840068654,7355614.29702877
228.57142857142858,764.2857142857143,3600.0,22.409255594591844,6598274.6106115375
514.2857142857142,905.7142857142858,1280.0,22.409534400518073,13298806.752256827
264.2857142857143,575.7142857142858,3434.2857142857147,22.409543890942793,6029076.5403770385
264.2857142857143,1000.0,2605.714285714286,22.409882268853124,8478426.658146925
585.7142857142858,1000.0,1114.2857142857142,22.409894320887986,15861849.700463433
585.7142857142858,104.28571428571429,1611.4285714285716,22.409929847061342,6376736.348862926
442.8571428571429,245.71428571428572,2108.5714285714284,22.410284254290204,6069108.84901035
657.1428571428571,292.8571428571429,1114.2857142857142,22.4104720346994,10980973.986688323
300.0,528.5714285714286,2937.1428571428573,22.410553112524898,6263638.126025914
550.0,528.5714285714286,1280.0,22.41069297508253,11092093.602736112
