sigma0,K,tau,wrmse,scale
50.0,10.0,120.0,23.771385840010378,67653.80210480634
50.0,10.0,285.7142857142857,23.77129217638986,631184.5535672746
50.0,10.0,451.42857142857144,23.771159365690515,401845.80541565194
50.0,10.0,617.1428571428571,23.7710106333933,284504.1938676743
50.0,10.0,782.8571428571429,23.77086761269428,221862.2867474749
50.0,10.0,948.5714285714287,23.770744138788963,182811.55611775877
50.0,10.0,1114.2857142857142,23.77064297396315,156200.10794836868
50.0,10.0,1280.0,23.770561732510778,137040.60185709724
50.0,10.0,1445.7142857142858,23.770496693975364,122701.64604019668
50.0,10.0,1611.4285714285716,23.770444351526482,111644.290317299
50.0,10.0,1777.1428571428573,23.77040184000861,102906.93239815539
50.0,10.0,1942.857142857143,23.770366943400727,95860.02760938772
50.0,10.0,2108.5714285714284,23.770337982424472,90076.3407922396
50.0,10.0,2274.285714285714,23.770313690373452,85257.2644362621
50.0,10.0,2440.0,23.770293108654737,81188.7927961376
50.0,10.0,2605.714285714286,23.770275506628746,77714.166341626
50.0,10.0,2771.4285714285716,23.770260322336572,74716.32272516511
50.0,10.0,2937.1428571428573,23.77024711928249,72106.3285473928
50.0,10.0,3102.857142857143,23.770235555009982,69815.570163952
50.0,10.0,3268.571428571429,23.770225358181676,67790.36934188583
50.0,10.0,3434.2857142857147,23.770216311756627,65988.19946535704
50.0,10.0,3600.0,23.770208240544342,64374.98020101622
50.0,57.142857142857146,120.0,23.7713495180487,347954.21483823383
50.0,57.142857142857146,285.7142857142857,23.77054703793946,367536.3308677009
50.0,57.142857142857146,451.42857142857144,23.76779661324678,411184.5338195336
50.0,57.142857142857146,617.1428571428571,23.762771704066672,451989.316895524
50.0,57.142857142857146,782.8571428571429,23.755953198723756,483130.0089974262
50.0,57.142857142857146,948.5714285714287,23.748101313084753,504981.27305082226
50.0,57.142857142857146,1114.2857142857142,23.739876515664264,519584.0635456683
50.0,57.142857142857146,1280.0,23.731730327857875,528943.9155556766
50.0,57.142857142857146,1445.7142857142858,23.723928535889712,534632.0663282335
50.0,57.142857142857146,1611.4285714285716,23.716606038283828,537786.5727984982
50.0,57.142857142857146,1777.1428571428573,23.709815313234014,539206.17802964
50.0,57.142857142857146,1942.857142857143,23.70356068647739,539444.8237011427
50.0,57.142857142857146,2108.5714285714284,23.697820311738734,538885.5550804475
50.0,57.142857142857146,2274.285714285714,23.692559519019262,537793.5676969612
50.0,57.142857142857146,2440.0,23.687738605682174,536352.9841553792
50.0,57.142857142857146,2605.714285714286,23.683317207826136,534692.0143126461
50.0,57.142857142857146,2771.4285714285716,23.67925662481214,532900.1177022593
50.0,57.142857142857146,2937.1428571428573,23.67552094482508,531039.7389207336
50.0,57.142857142857146,3102.857142857143,23.672077483872066,529154.3741947869
50.0,57.142857142857146,3268.571428571429,23.668896843577215,527274.1529840428
50.0,57.142857142857146,3434.2857142857147,23.66595276764477,525419.7280459584
50.0,57.142857142857146,3600.0,23.663221901560753,523605.00638814125
50.0,104.28571428571429,120.0,23.771175399160477,537509.5063333021
50.0,104.28571428571429,285.7142857142857,23.76745727592271,635633.7414036292
50.0,104.28571428571429,451.42857142857144,23.75759566065111,720021.6078504071
50.0,104.28571428571429,617.1428571428571,23.74230469997123,790011.8476303915
50.0,104.28571428571429,782.8571428571429,23.723425426584456,844490.4206856886
50.0,104.28571428571429,948.5714285714287,23.70281840992946,885313.8913102715
50.0,104.28571428571429,1114.2857142857142,23.681881931164735,915291.0065213499
50.0,104.28571428571429,1280.0,23.661503874170094,937059.0697577493
50.0,104.28571428571429,1445.7142857142858,23.642177368400567,952745.5948997056
50.0,104.28571428571429,1611.4285714285716,23.624132691176232,963962.3982767295
50.0,104.28571428571429,1777.1428571428573,23.60743955843865,971897.9786644367
50.0,104.28571428571429,1942.857142857143,23.592076044802287,977419.6968160925
50.0,104.28571428571429,2108.5714285714284,23.577971849172407,981159.3995262196
50.0,104.28571428571429,2274.285714285714,23.565034274913483,983578.5811209972
50.0,104.28571428571429,2440.0,23.553163267208156,985015.9745690686
50.0,104.28571428571429,2605.714285714286,23.542259759904475,985721.7016623734
50.0,104.28571428571429,2771.4285714285716,23.532230026392273,985881.630937429
50.0,104.28571428571429,2937.1428571428573,23.522987692298038,985634.7546544151
50.0,104.28571428571429,3102.857142857143,23.514454412466094,985085.6311349332
50.0,104.28571428571429,3268.571428571429,23.506559811106793,984313.343879789
50.0,104.28571428571429,3434.2857142857147,23.499241038858383,983377.9956480131
50.0,104.28571428571429,3600.0,23.492442152804646,982325.4495370956
50.0,151.42857142857144,120.0,23.77072893698624,757583.7651723674
50.0,151.42857142857144,285.7142857142857,23.76216176613971,903865.1666259427
50.0,151.42857142857144,451.42857142857144,23.743514366461493,1010166.8863510139
50.0,151.42857142857144,617.1428571428571,23.717625959108304,1096392.384152554
50.0,151.42857142857144,782.8571428571429,23.687635370723306,1164285.1045044868
50.0,151.42857142857144,948.5714285714287,23.65612028527652,1216386.8352198987
50.0,151.42857142857144,1114.2857142857142,23.62484184750688,1255819.6362217898
50.0,151.42857142857144,1280.0,23.594845551456675,1285480.9209140749
50.0,151.42857142857144,1445.7142857142858,23.566668598348514,1307742.5529145931
50.0,151.42857142857144,1611.4285714285716,23.54052548880226,1324437.7386000375
50.0,151.42857142857144,1777.1428571428573,23.516440834844236,1336946.8242736503
50.0,151.42857142857144,1942.857142857143,23.494335265010648,1346298.36417661
50.0,151.42857142857144,2108.5714285714284,23.474077910188676,1353257.117320554
50.0,151.42857142857144,2274.285714285714,23.455517192071845,1358393.0252246645
50.0,151.42857142857144,2440.0,23.438498184173227,1362132.861006472
50.0,151.42857142857144,2605.714285714286,23.422871902043134,1364798.1135163235
50.0,151.42857142857144,2771.4285714285716,23.408499848975914,1366632.550664387
50.0,151.42857142857144,2937.1428571428573,23.395255835156092,1367822.247090563
50.0,151.42857142857144,3102.857142857143,23.383026276467003,1368510.1729878027
50.0,151.42857142857144,3268.571428571429,23.371709685386413,1368806.871323243
50.0,151.42857142857144,3434.2857142857147,23.361215769258248,1368798.3189830794
50.0,151.42857142857144,3600.0,23.351464373672552,1368551.7530564207
50.0,198.57142857142858,120.0,23.76997982424344,968654.2415031921
50.0,198.57142857142858,285.7142857142857,23.75556198018959,1149727.6170988558
50.0,198.57142857142858,451.42857142857144,23.728266489939013,1271009.7612574145
50.0,198.57142857142858,617.1428571428571,23.69312282854346,1368229.794895003
50.0,198.57142857142858,782.8571428571429,23.654150025956568,1445317.2518804162
50.0,198.57142857142858,948.5714285714287,23.61426605159811,1505309.931430239
50.0,198.57142857142858,1114.2857142857142,23.575334872857386,1551513.6551189523
50.0,198.57142857142858,1280.0,23.53839969361159,1586962.4123579657
50.0,198.57142857142858,1445.7142857142858,23.503951508473897,1614159.2146048585
50.0,198.57142857142858,1611.4285714285716,23.47214311088544,1635061.7292505978
50.0,198.57142857142858,1777.1428571428573,23.442934926989206,1651162.860666767
50.0,198.57142857142858,1942.857142857143,23.41618665373683,1663589.2267189773
50.0,198.57142857142858,2108.5714285714284,23.391712003725765,1673188.982085406
50.0,198.57142857142858,2274.285714285714,23.369310101480277,1680601.9648171484
50.0,198.57142857142858,2440.0,23.34878268745855,1686313.0572828334
50.0,198.57142857142858,2605.714285714286,23.32994292302046,1690691.8725434567
50.0,198.57142857142858,2771.4285714285716,23.312619338034278,1694021.9923534626
50.0,198.57142857142858,2937.1428571428573,23.29665704340744,1696522.457360058
50.0,198.57142857142858,3102.857142857143,23.281917462591565,1698363.590090319
50.0,198.57142857142858,3268.571428571429,23.268277313499222,1699678.693216324
50.0,198.57142857142858,3434.2857142857147,23.255627260649916,1700572.7458679937
50.0,198.57142857142858,3600.0,23.243870472820685,1701128.9088323158
50.0,245.71428571428572,120.0,23.76894470385045,1170477.74199678
50.0,245.71428571428572,285.7142857142857,23.748313747048257,1375285.58687442
50.0,245.71428571428572,451.42857142857144,23.713142185007005,1507116.7939748056
50.0,245.71428571428572,617.1428571428571,23.67029016516289,1612248.4665385215
50.0,245.71428571428572,782.8571428571429,23.62426541317587,1696127.67864876
50.0,245.71428571428572,948.5714285714287,23.57807518136193,1762100.0605435546
50.0,245.71428571428572,1114.2857142857142,23.533542544075047,1813557.4793725968
50.0,245.71428571428572,1280.0,23.491632541068324,1853595.4700025483
50.0,245.71428571428572,1445.7142857142858,23.452754201329725,1884785.1759275368
50.0,245.71428571428572,1611.4285714285716,23.41698566265931,1909156.3576451188
50.0,245.71428571428572,1777.1428571428573,23.384222717934957,1928271.9490924373
50.0,245.71428571428572,1942.857142857143,23.35427018377282,1943322.6930754883
50.0,245.71428571428572,2108.5714285714284,23.32689546631833,1955213.344521895
50.0,245.71428571428572,2274.285714285714,23.30185863218653,1964632.5982328274
50.0,245.71428571428572,2440.0,23.278928398658877,1972106.9565273954
50.0,245.71428571428572,2605.714285714286,23.25788990356897,1978041.2271396706
50.0,245.71428571428572,2771.4285714285716,23.238547795524212,1982748.6465624569
50.0,245.71428571428572,2937.1428571428573,23.220726744433595,1986473.2150060856
50.0,245.71428571428572,3102.857142857143,23.204270600235713,1989406.2747172236
50.0,245.71428571428572,3268.571428571429,23.1890409072445,1991698.8598488302
50.0,245.71428571428572,3434.2857142857147,23.174915173648852,1993470.9432776337
50.0,245.71428571428572,3600.0,23.16178511491504,1994818.4011951652
50.0,292.8571428571429,120.0,23.7676470210118,1367840.6929288772
50.0,292.8571428571429,285.7142857142857,23.740773624265774,1586021.3481280662
50.0,292.8571428571429,451.42857142857144,23.69861746863694,1724770.9139389112
50.0,292.8571428571429,617.1428571428571,23.649407139186092,1835557.0787060743
50.0,292.8571428571429,782.8571428571429,23.59784397231094,1924566.0116763923
50.0,292.8571428571429,948.5714285714287,23.54687196729801,1995226.125634671
50.0,292.8571428571429,1114.2857142857142,23.49819918021815,2050916.6297793218
50.0,292.8571428571429,1280.0,23.4526799613482,2094733.9133913598
50.0,292.8571428571429,1445.7142857142858,23.410630534618736,2129272.814387812
50.0,292.8571428571429,1611.4285714285716,23.372054572698875,2156600.6545842635
50.0,292.8571428571429,1777.1428571428573,23.33678876212326,2178323.1844267077
50.0,292.8571428571429,1942.857142857143,23.30459086662759,2195673.8058940787
50.0,292.8571428571429,2108.5714285714284,23.27519051161245,2209596.9633029858
50.0,292.8571428571429,2274.285714285714,23.248317106781332,2220816.8916426767
50.0,292.8571428571429,2440.0,23.223714224758226,2229891.2172492836
50.0,292.8571428571429,2605.714285714286,23.201146169191134,2237251.6520850477
50.0,292.8571428571429,2771.4285714285716,23.180400164486347,2243234.519084562
50.0,292.8571428571429,2937.1428571428573,23.161286185015463,2248103.5551558025
50.0,292.8571428571429,3102.857142857143,23.143635592275263,2252066.9525472056
50.0,292.8571428571429,3268.571428571429,23.127299245080295,2255290.133946883
50.0,292.8571428571429,3434.2857142857147,23.112145452178666,2257905.374424441
50.0,292.8571428571429,3600.0,23.09805796443485,2260019.089303679
50.0,340.0,120.0,23.76610705440369,1564654.791815398
50.0,340.0,285.7142857142857,23.733117334526035,1786768.5609439036
50.0,340.0,451.42857142857144,23.68480578622869,1929271.021780664
50.0,340.0,617.1428571428571,23.630326715816533,2043886.9774556768
50.0,340.0,782.8571428571429,23.574366759273783,2136743.3967910903
50.0,340.0,948.5714285714287,23.519717365210514,2211114.794489534
50.0,340.0,1114.2857142857142,23.467935801304638,2270270.185991941
50.0,340.0,1280.0,23.419754504702766,2317253.6933707437
50.0,340.0,1445.7142857142858,23.37539687908031,2354648.8232850255
50.0,340.0,1611.4285714285716,23.334797021431694,2384534.9449754287
50.0,340.0,1777.1428571428573,23.29773928274168,2408541.194477284
50.0,340.0,1942.857142857143,23.263941575503463,2427928.5467316867
50.0,340.0,2108.5714285714284,23.233102698237502,2443669.3142422372
50.0,340.0,2274.285714285714,23.204927816153063,2456513.9576491574
50.0,340.0,2440.0,23.179141127241813,2467043.8550134017
50.0,340.0,2605.714285714286,23.15549122266555,2475711.762372678
50.0,340.0,2771.4285714285716,23.13375241463336,2482872.4103926695
50.0,340.0,2937.1428571428573,23.11372394131699,2488805.5202135607
50.0,340.0,3102.857142857143,23.095228144437108,2493733.1104922416
50.0,340.0,3268.571428571429,23.0781082355939,2497832.5447359844
50.0,340.0,3434.2857142857147,23.062225987528112,2501246.4094519382
50.0,340.0,3600.0,23.047459524705335,2504090.032572428
50.0,387.14285714285717,120.0,23.764341185952922,1763494.8694908554
50.0,387.14285714285717,285.7142857142857,23.725427756181567,1981102.3385050113
50.0,387.14285714285717,451.42857142857144,23.671679554736194,2124575.671720821
50.0,387.14285714285717,617.1428571428571,23.61279085137438,2241487.783629114
50.0,387.14285714285717,782.8571428571429,23.553290136097,2337147.4752935655
50.0,387.14285714285717,948.5714285714287,23.4957658266656,2414446.4221790032
50.0,387.14285714285717,1114.2857142857142,23.441609479243024,2476451.440580421
50.0,387.14285714285717,1280.0,23.391430727776783,2526107.3644249337
50.0,387.14285714285717,1445.7142857142858,23.345364617196825,2565957.41566728
50.0,387.14285714285717,1611.4285714285716,23.30328186603582,2598072.954078838
50.0,387.14285714285717,1777.1428571428573,23.264920912468682,2624091.6790900226
50.0,387.14285714285717,1942.857142857143,23.22996585826437,2645290.8069525342
50.0,387.14285714285717,2108.5714285714284,23.198090119455564,2662661.693344839
50.0,387.14285714285717,2274.285714285714,23.16897942322909,2676974.073736976
50.0,387.14285714285717,2440.0,23.1423427925907,2688827.55943223
50.0,387.14285714285717,2605.714285714286,23.11791675784231,2698691.540770591
50.0,387.14285714285717,2771.4285714285716,23.095465888505977,2706935.6118641337
50.0,387.14285714285717,2937.1428571428573,23.074781437791724,2713852.613828929
50.0,387.14285714285717,3102.857142857143,23.055679118662372,2719676.064803817
50.0,387.14285714285717,3268.571428571429,23.037996577404833,2724593.369006587
50.0,387.14285714285717,3434.2857142857147,23.021590867725983,2728755.8650432904
50.0,387.14285714285717,3600.0,23.00633607756839,2732286.507554449
50.0,434.28571428571433,120.0,23.762362319476633,1966009.9900316068
50.0,434.28571428571433,285.7142857142857,23.71774210032842,2171532.9389324165
50.0,434.28571428571433,451.42857142857144,23.659165335012453,2313524.770588192
50.0,434.28571428571433,617.1428571428571,23.596542924235802,2431419.649199769
50.0,434.28571428571433,782.8571428571429,23.53414778781428,2529007.3547305
50.0,434.28571428571433,948.5714285714287,23.47433850479188,2608583.568944128
50.0,434.28571428571433,1114.2857142857142,23.41833731715362,2672928.32093222
50.0,434.28571428571433,1280.0,23.36663506793209,2724845.4689474637
50.0,434.28571428571433,1445.7142857142858,23.31928453100365,2766813.408692343
50.0,434.28571428571433,1611.4285714285716,23.276099233530186,2800879.1163436556
50.0,434.28571428571433,1777.1428571428573,23.236777334470634,2828677.05194407
50.0,434.28571428571433,1942.857142857143,23.20097404600754,2851491.774905556
50.0,434.28571428571433,2108.5714285714284,23.168341629614552,2870326.7974395845
50.0,434.28571428571433,2274.285714285714,23.138549985397027,2885965.7123465976
50.0,434.28571428571433,2440.0,23.11129604256509,2899022.0545069487
50.0,434.28571428571433,2605.714285714286,23.08630690376486,2909978.390878178
50.0,434.28571428571433,2771.4285714285716,23.063339652383668,2919216.385120618
50.0,434.28571428571433,2937.1428571428573,23.042179496921182,2927039.7264932715
50.0,434.28571428571433,3102.857142857143,23.0226371959001,2933691.5744914305
50.0,434.28571428571433,3268.571428571429,23.004546280482767,2939367.8458961197
50.0,434.28571428571433,3434.2857142857147,22.987760346053268,2944227.368020443
50.0,434.28571428571433,3600.0,22.972150544012365,2948399.672427969
50.0,481.42857142857144,120.0,23.760180238939675,2173289.8081197776
50.0,481.42857142857144,285.7142857142857,23.710074980235905,2359805.4815162187
50.0,481.42857142857144,451.42857142857144,23.647181448272814,2498136.9189449428
50.0,481.42857142857144,617.1428571428571,23.58136083701893,2615873.515035485
50.0,481.42857142857144,782.8571428571429,23.516565298436532,2714641.098893488
50.0,481.42857142857144,948.5714285714287,23.454911264230297,2795943.211012906
50.0,481.42857142857144,1114.2857142857142,23.397454170531145,2862195.9121560645
50.0,481.42857142857144,1280.0,23.344572263828173,2916024.914207808
50.0,481.42857142857144,1445.7142857142858,23.296242483356252,2959822.5743029234
50.0,481.42857142857144,1611.4285714285716,23.252226869361003,2995597.7328571347
50.0,481.42857142857144,1777.1428571428573,23.212188107722906,3024971.902646707
50.0,481.42857142857144,1942.857142857143,23.175756507387682,3049229.760539858
50.0,481.42857142857144,2108.5714285714284,23.14256647533606,3069381.419282231
50.0,481.42857142857144,2274.285714285714,23.11227482675426,3086219.9676084463
50.0,481.42857142857144,2440.0,23.084568689163802,3100369.3918122
50.0,481.42857142857144,2605.714285714286,23.059167666077474,3112322.642327297
50.0,481.42857142857144,2771.4285714285716,23.03582298796915,3122471.186656275
50.0,481.42857142857144,2937.1428571428573,23.01431521036963,3131127.711209808
50.0,481.42857142857144,3102.857142857143,22.99445133021972,3138543.495004225
50.0,481.42857142857144,3268.571428571429,22.97606179146959,3144921.708822833
50.0,481.42857142857144,3434.2857142857147,22.958997621389564,3150427.6221257644
50.0,481.42857142857144,3600.0,22.943127809379444,3155196.468596145
50.0,528.5714285714286,120.0,23.757802038343705,2386083.160519123
50.0,528.5714285714286,285.7142857142857,23.702429645020445,2547140.7696558754
50.0,528.5714285714286,451.42857142857144,23.635651546079558,2679853.0390430586
50.0,528.5714285714286,617.1428571428571,23.56706164878288,2796426.017237423
50.0,528.5714285714286,782.8571428571429,23.500248735180396,2895723.442512708
50.0,528.5714285714286,948.5714285714287,23.437083709046792,2978275.9204601124
50.0,528.5714285714286,1114.2857142857142,23.378460932455244,3046064.913056779
50.0,528.5714285714286,1280.0,23.32465305686525,3101504.5076631634
50.0,528.5714285714286,1445.7142857142858,23.27556741367261,3146882.3458679793
50.0,528.5714285714286,1611.4285714285716,23.230919649035187,3184157.2959211576
50.0,528.5714285714286,1777.1428571428573,23.190341042984567,3214929.7169142677
50.0,528.5714285714286,1942.857142857143,23.153440243756915,3240478.3683261834
50.0,528.5714285714286,2108.5714285714284,23.119836407365412,3261815.3552715867
50.0,528.5714285714286,2274.285714285714,23.0891753762982,3279739.6564468304
50.0,528.5714285714286,2440.0,23.061136209065612,3294882.840264603
50.0,528.5714285714286,2605.714285714286,23.03543244656107,3307745.929525979
50.0,528.5714285714286,2771.4285714285716,23.011810668992908,3318728.316253531
50.0,528.5714285714286,2937.1428571428573,22.990047794655087,3328150.1436681864
50.0,528.5714285714286,3102.857142857143,22.96994792352556,3336269.5390754025
50.0,528.5714285714286,3268.571428571429,22.951339153500744,3343295.8715905943
50.0,528.5714285714286,3434.2857142857147,22.93407058306358,3349399.9711315557
50.0,528.5714285714286,3600.0,22.918009594226497,3354722.0331717767
50.0,575.7142857142858,120.0,23.755232691751676,2604913.9771316964
50.0,575.7142857142858,285.7142857142857,23.694803703542306,2734401.397578864
50.0,575.7142857142858,451.42857142857144,23.62450869036903,2859711.014305221
50.0,575.7142857142858,617.1428571428571,23.55349735708555,2974222.407938614
50.0,575.7142857142858,782.8571428571429,23.48496846680323,3073476.481510456
50.0,575.7142857142858,948.5714285714287,23.42054952088328,3156863.1064333105
50.0,575.7142857142858,1114.2857142857142,23.360981141587615,3225864.025600007
50.0,575.7142857142858,1280.0,23.306437500984504,3282651.1926335385
50.0,575.7142857142858,1445.7142857142858,23.256762115367692,3329390.8009033254
50.0,575.7142857142858,1611.4285714285716,23.211628724973508,3367981.335434769
50.0,575.7142857142858,1777.1428571428573,23.170640648077505,3399994.8963673455
50.0,575.7142857142858,1942.857142857143,23.133387531954558,3426699.1605565897
50.0,575.7142857142858,2108.5714285714284,23.09947536226677,3449104.3104466624
50.0,575.7142857142858,2274.285714285714,23.06854066093593,3468012.1636821427
50.0,575.7142857142858,2440.0,23.040255749105498,3484059.4472127454
50.0,575.7142857142858,2605.714285714286,23.014329193443753,3497753.3041132595
50.0,575.7142857142858,2771.4285714285716,22.990503824717234,3509499.4616915574
50.0,575.7142857142858,2937.1428571428573,22.968553677902115,3519624.214831448
50.0,575.7142857142858,3102.857142857143,22.948280593185412,3528391.4592816127
50.0,575.7142857142858,3268.571428571429,22.92951086555766,3536015.8631528267
50.0,575.7142857142858,3434.2857142857147,22.912092131227563,3542673.063331574
50.0,575.7142857142858,3600.0,22.895890568203157,3548507.5822962476
50.0,622.8571428571429,120.0,23.752475696923835,2830141.667633273
50.0,622.8571428571429,285.7142857142857,23.687192235811438,2922200.872268954
50.0,622.8571428571429,451.42857142857144,23.613695882532344,3038465.085830171
50.0,622.8571428571429,617.1428571428571,23.54054886807285,3150102.813535689
50.0,622.8571428571429,782.8571428571429,23.47054465216352,3248801.438585496
50.0,622.8571428571429,948.5714285714287,23.405072835775865,3332653.1533647263
50.0,622.8571428571429,1114.2857142857142,23.344728321123757,3402579.44737419
50.0,622.8571428571429,1280.0,23.28959369012274,3460482.026374823
50.0,622.8571428571429,1445.7142857142858,23.239453933884178,3508390.4160895455
50.0,622.8571428571429,1611.4285714285716,23.193944826326046,3548133.3894930515
50.0,622.8571428571429,1777.1428571428573,23.15264465407918,3581248.508405918
50.0,622.8571428571429,1942.857142857143,23.115126267349392,3608987.8516932027
50.0,622.8571428571429,2108.5714285714284,23.080984166702113,3632356.2828035727
50.0,622.8571428571429,2274.285714285714,23.04984686574743,3652155.824401375
50.0,622.8571428571429,2440.0,23.02138098848341,3669026.27532633
50.0,622.8571428571429,2605.714285714286,22.9952909657524,3683479.2200519317
50.0,622.8571428571429,2771.4285714285716,22.971316564811392,3695925.3542904686
50.0,622.8571428571429,2937.1428571428573,22.94922950599924,3706696.001069759
50.0,622.8571428571429,3102.857142857143,22.928829846692935,3716059.8936667372
50.0,622.8571428571429,3268.571428571429,22.90994248312451,3724236.2224519025
50.0,622.8571428571429,3434.2857142857147,22.892413934712668,3731404.779121848
50.0,622.8571428571429,3600.0,22.876109473101113,3737713.862461079
50.0,670.0,120.0,23.749533698109467,3061994.752187182
50.0,670.0,285.7142857142857,23.679589575423773,3110974.900463007
50.0,670.0,451.42857142857144,23.603165362338412,3216666.5653395182
50.0,670.0,617.1428571428571,23.52812039642683,3324688.5286573325
50.0,670.0,782.8571428571429,23.45683572067993,3422369.071793238
50.0,670.0,948.5714285714287,23.39047057229914,3506354.976415242
50.0,670.0,1114.2857142857142,23.329482320468895,3576950.8143525897
50.0,670.0,1280.0,23.273868463883726,3635761.9000553023
50.0,670.0,1445.7142857142858,23.223360258170505,3684667.079511231
50.0,670.0,1611.4285714285716,23.177558970972253,3725416.928523998
50.0,670.0,1777.1428571428573,23.13602036647025,3759508.827024513
50.0,670.0,1942.857142857143,23.098302343437084,3788175.2384712994
50.0,670.0,2108.5714285714284,23.063989300596422,3812412.7085525827
50.0,670.0,2274.285714285714,23.032702801149103,3833021.151682505
50.0,670.0,2440.0,23.004104597334564,3850641.612199033
50.0,670.0,2605.714285714286,22.977895640315193,3865788.649317979
50.0,670.0,2771.4285714285716,22.95381316439847,3878876.734035607
50.0,670.0,2937.1428571428573,22.931627010851653,3890241.236841544
50.0,670.0,3102.857142857143,22.9111358166252,3900154.9155096877
50.0,670.0,3268.571428571429,22.892163384227935,3908840.8036156883
50.0,670.0,3434.2857142857147,22.874555375677424,3916482.276776106
50.0,670.0,3600.0,22.858176378794518,3923230.9272700036
50.0,717.1428571428572,120.0,23.746409021327544,3300592.4841595385
50.0,717.1428571428572,285.7142857142857,23.67199034797295,3301028.78456032
50.0,717.1428571428572,451.42857142857144,23.592877551019598,3394718.8014807934
50.0,717.1428571428572,617.1428571428571,23.516134822628644,3498441.32225317
50.0,717.1428571428572,782.8571428571429,23.44372960068172,3594682.061496647
50.0,717.1428571428572,948.5714285714287,23.37659947516613,3678502.7260705195
50.0,717.1428571428572,1114.2857142857142,23.315072347397855,3749537.663402327
50.0,717.1428571428572,1280.0,23.25906669854615,3809071.3251088494
50.0,717.1428571428572,1445.7142857142858,23.208264371559743,3858818.8609612933
50.0,717.1428571428572,1611.4285714285716,23.1622351755607,3900444.843993254
50.0,717.1428571428572,1777.1428571428573,23.12051451676299,3935401.333295165
50.0,717.1428571428572,1942.857142857143,23.08264690441923,3964897.551950649
50.0,717.1428571428572,2108.5714285714284,23.048207785321065,3989919.041848015
50.0,717.1428571428572,2274.285714285714,23.016812637252386,4011261.5484137675
50.0,717.1428571428572,2440.0,22.98811900542885,4029565.740671836
50.0,717.1428571428572,2605.714285714286,22.96182488264885,4045347.854241522
50.0,717.1428571428572,2771.4285714285716,22.937665386820363,4059025.080743605
50.0,717.1428571428572,2937.1428571428573,22.915408818625796,4070935.9718403104
50.0,717.1428571428572,3102.857142857143,22.89485267378102,4081356.591674627
50.0,717.1428571428572,3268.571428571429,22.875819894400422,4090513.2170323073
50.0,717.1428571428572,3434.2857142857147,22.85815548235323,4098592.302690802
50.0,717.1428571428572,3600.0,22.84172351007305,4105748.307154309
50.0,764.2857142857143,120.0,23.743104092147,3545961.264334447
50.0,764.2857142857143,285.7142857142857,23.664390055624274,3492569.9067079783
50.0,764.2857142857143,451.42857142857144,23.58279995520421,3572915.275009339
50.0,764.2857142857143,617.1428571428571,23.504529983694777,3671704.770864774
50.0,764.2857142857143,782.8571428571429,23.431137111379684,3766118.618199247
50.0,764.2857142857143,948.5714285714287,23.36334662853021,3849501.1030624066
50.0,764.2857142857143,1114.2857142857142,23.301364755857318,3920766.0509331226
50.0,764.2857142857143,1280.0,23.245036572857096,3980854.047995466
50.0,764.2857142857143,1445.7142857142858,23.193998410130913,4031304.3832409238
50.0,764.2857142857143,1611.4285714285716,23.14779131395838,4073688.3888002513
50.0,764.2857142857143,1777.1428571428573,23.10593221370549,4109408.0781865283
50.0,764.2857142857143,1942.857142857143,23.067953564282195,4139646.1280637556
50.0,764.2857142857143,2108.5714285714284,23.03342282801688,4165374.6434231633
50.0,764.2857142857143,2274.285714285714,23.00195011401355,4187383.343970573
50.0,764.2857142857143,2440.0,22.973189303392186,4206311.068833697
50.0,764.2857142857143,2605.714285714286,22.94683585074891,4222674.568106693
50.0,764.2857142857143,2771.4285714285716,22.922623089305755,4236892.811936764
50.0,764.2857142857143,2937.1428571428573,22.900318045861972,4249306.76020017
50.0,764.2857142857143,3102.857142857143,22.87971729286831,4260195.143013953
50.0,764.2857142857143,3268.571428571429,22.860643092791644,4269786.945400307
50.0,764.2857142857143,3434.2857142857147,22.842939939161496,4278271.251156491
50.0,764.2857142857143,3600.0,22.826471517963597,4285805.003811476
50.0,811.4285714285714,120.0,23.73962173324811,3798048.678324108
50.0,811.4285714285714,285.7142857142857,23.656785370122474,3685730.803448716
50.0,811.4285714285714,451.42857142857144,23.572906139961717,3751466.6023687744
50.0,811.4285714285714,617.1428571428571,23.493255735937264,3844733.598222009
50.0,811.4285714285714,782.8571428571429,23.418986970447794,3936963.4732619026
50.0,811.4285714285714,948.5714285714287,23.350622457684338,4019657.597093447
50.0,811.4285714285714,1114.2857142857142,23.288254168714033,4090961.7556675454
50.0,811.4285714285714,1280.0,23.23165896391874,4151451.0011868887
50.0,811.4285714285714,1445.7142857142858,23.180431185535884,4202477.352888946
50.0,811.4285714285714,1611.4285714285716,23.134085512430836,4245512.155156312
50.0,811.4285714285714,1777.1428571428573,23.09212204397204,4281903.002983382
50.0,811.4285714285714,1942.857142857143,23.054062332958566,4312802.987976235
50.0,811.4285714285714,2108.5714285714284,23.019466680398054,4339168.555618803
50.0,811.4285714285714,2274.285714285714,22.98794042804501,4361781.712285049
50.0,811.4285714285714,2440.0,22.9591342422658,4381278.150256007
50.0,811.4285714285714,2605.714285714286,22.9327413827093,4398174.085156204
50.0,811.4285714285714,2771.4285714285716,22.908493665659325,4412889.416926085
50.0,811.4285714285714,2937.1428571428573,22.886157056960492,4425766.818276411
50.0,811.4285714285714,3102.857142857143,22.865527378137262,4437087.109684273
50.0,811.4285714285714,3268.571428571429,22.846426353715476,4447081.503778718
50.0,811.4285714285714,3434.2857142857147,22.828698087049503,4455941.309025706
50.0,811.4285714285714,3600.0,22.812205977437024,4463825.611525609
50.0,858.5714285714287,120.0,23.735965354440065,4056736.1802017456
50.0,858.5714285714287,285.7142857142857,23.649174235740656,3880586.146098064
50.0,858.5714285714287,451.42857142857144,23.56317480345545,3930520.139685285
50.0,858.5714285714287,617.1428571428571,23.482271623946943,4017714.918450482
50.0,858.5714285714287,782.8571428571429,23.407221989613564,4107430.302207831
50.0,858.5714285714287,948.5714285714287,23.338355508289226,4189205.8147067325
50.0,858.5714285714287,1114.2857142857142,23.27565694283586,4260374.3155928245
50.0,858.5714285714287,1280.0,23.21883971186089,4321124.899540442
50.0,858.5714285714287,1445.7142857142858,23.167459360455442,4372611.598127328
50.0,858.5714285714287,1611.4285714285716,23.121006338995485,4416199.46043415
50.0,858.5714285714287,1777.1428571428573,23.078965368699077,4453177.598370226
50.0,858.5714285714287,1942.857142857143,23.04084810342214,4484666.710801147
50.0,858.5714285714287,2108.5714285714284,23.006208390500262,4511605.541096416
50.0,858.5714285714287,2274.285714285714,22.974647314715522,4534766.838440125
50.0,858.5714285714287,2440.0,22.945812704201554,4554781.947913788
50.0,858.5714285714287,2605.714285714286,22.9193959076981,4572165.597306587
50.0,858.5714285714287,2771.4285714285716,22.895127443464318,4587337.846588749
50.0,858.5714285714287,2937.1428571428573,22.872772388544494,4600642.451591217
50.0,858.5714285714287,3102.857142857143,22.852125951460707,4612361.802442427
50.0,858.5714285714287,3268.571428571429,22.83300943118168,4622728.904888568
50.0,858.5714285714287,3434.2857142857147,22.81526663386122,4631936.926669414
50.0,858.5714285714287,3600.0,22.798760750073,4640146.78704142
50.0,905.7142857142858,120.0,23.732139054234388,4321850.70079
50.0,905.7142857142858,285.7142857142857,23.641555850462968,4077165.6293503284
50.0,905.7142857142858,451.42857142857144,23.553588958731293,4110174.542653789
50.0,905.7142857142858,617.1428571428571,23.47154501967743,4190783.9190179273
50.0,905.7142857142858,782.8571428571429,23.395796145348175,4277678.240095741
50.0,905.7142857142858,948.5714285714287,23.32648850392157,4358322.645512041
50.0,905.7142857142858,1114.2857142857142,23.263506294744616,4429194.7133703055
50.0,905.7142857142858,1280.0,23.20650389902928,4490078.342359755
50.0,905.7142857142858,1445.7142857142858,23.155000962503326,4541919.505625191
50.0,905.7142857142858,1611.4285714285716,23.10846562605596,4585971.052617856
50.0,905.7142857142858,1777.1428571428573,23.066368521080754,4623459.825275289
50.0,905.7142857142858,1942.857142857143,23.028212283010745,4655471.526788026
50.0,905.7142857142858,2108.5714285714284,22.993544919698543,4682925.313569613
50.0,905.7142857142858,2274.285714285714,22.961963696790832,4706583.258772115
50.0,905.7142857142858,2440.0,22.933113923352177,4727071.260817344
50.0,905.7142857142858,2605.714285714286,22.906685275100113,4744901.688751402
50.0,905.7142857142858,2771.4285714285716,22.882407153455635,4760494.06083424
50.0,905.7142857142858,2937.1428571428573,22.86004388754148,4774192.64283592
50.0,905.7142857142858,3102.857142857143,22.839390184554347,4786280.921106773
50.0,905.7142857142858,3268.571428571429,22.82026700802735,4796993.299780296
50.0,905.7142857142858,3434.2857142857147,22.80251794083035,4806524.474081551
50.0,905.7142857142858,3600.0,22.786006026330448,4815036.915547747
50.0,952.8571428571429,120.0,23.72814765306011,4593175.201011659
50.0,952.8571428571429,285.7142857142857,23.633930572800704,4275463.998275048
50.0,952.8571428571429,451.42857142857144,23.544135218637212,4290490.800152167
50.0,952.8571428571429,617.1428571428571,23.46104962734038,4364035.647000163
50.0,952.8571428571429,782.8571428571429,23.38467230041276,4447824.248736123
50.0,952.8571428571429,948.5714285714287,23.31497533392823,4527141.095316477
50.0,952.8571428571429,1114.2857142857142,23.251748619016283,4597568.588658509
50.0,952.8571428571429,1280.0,23.194591563493923,4658467.335501493
50.0,952.8571428571429,1445.7142857142858,23.142990552712817,4710565.79572812
50.0,952.8571428571429,1611.4285714285716,23.096393147627545,4754999.092214242
50.0,952.8571428571429,1777.1428571428573,23.05425703995853,4792928.265418878
50.0,952.8571428571429,1942.857142857143,23.016076625350312,4825401.605371112
50.0,952.8571428571429,2108.5714285714284,22.981394609909064,4853316.937875612
50.0,952.8571428571429,2274.285714285714,22.94980481945991,4877424.35210786
50.0,952.8571428571429,2440.0,22.920950317452423,4898343.289316704
50.0,952.8571428571429,2605.714285714286,22.894519308079037,4916582.961290462
50.0,952.8571428571429,2771.4285714285716,22.87024022762968,4932561.702400707
50.0,952.8571428571429,2937.1428571428573,22.847876773929155,4946623.764599993
50.0,952.8571428571429,3102.857142857143,22.82722324429538,4959053.298334574
50.0,952.8571428571429,3268.571428571429,22.80810033987241,4970085.746125008
50.0,952.8571428571429,3434.2857142857147,22.79035147960214,4979917.028256559
50.0,952.8571428571429,3600.0,22.77383960863472,4988710.912624203
50.0,1000.0,120.0,23.723996676421997,4870458.136363494
50.0,1000.0,285.7142857142857,23.626299787203777,4475448.991201419
50.0,1000.0,451.42857142857144,23.534803176451696,4471500.737040011
50.0,1000.0,617.1428571428571,23.450764275640427,4537534.005532243
50.0,1000.0,782.8571428571429,23.373820415677212,4617952.515320762
50.0,1000.0,948.5714285714287,23.303778727770254,4695760.017481063
50.0,1000.0,1114.2857142857142,23.240340675880002,4765606.246458725
50.0,1000.0,1280.0,23.18305444902883,4826411.530273798
50.0,1000.0,1445.7142857142858,23.13137558248834,4878677.952916773
50.0,1000.0,1611.4285714285716,23.084732622751144,4923417.741625753
50.0,1000.0,1777.1428571428573,23.04257135435473,4961722.842398192
50.0,1000.0,1942.857142857143,23.004378626353624,4994601.885382288
50.0,1000.0,2108.5714285714284,22.969692317644956,5022929.750604935
50.0,1000.0,2274.285714285714,22.938103145804202,5047443.335316821
50.0,1000.0,2440.0,22.90925216527731,5068754.692738247
50.0,1000.0,2605.714285714286,22.882826281210573,5087369.143399555
50.0,1000.0,2771.4285714285716,22.858553093180127,5103703.24850354
50.0,1000.0,2937.1428571428573,22.83619576532534,5118100.766221521
50.0,1000.0,3102.857142857143,22.815548260779458,5130846.115513438
50.0,1000.0,3268.571428571429,22.79643107812009,5142175.447988705
50.0,1000.0,3434.2857142857147,22.778687520488912,5152285.632516987
50.0,1000.0,3600.0,22.762180474180756,5161341.499479774
85.71428571428572,10.0,120.0,23.77138177379707,213588.47545898013
85.71428571428572,10.0,285.7142857142857,23.771304664386065,269489.87969635497
85.71428571428572,10.0,451.42857142857144,23.771163139641853,201228.7786178121
85.71428571428572,10.0,617.1428571428571,23.770967968372194,171440.02737705808
85.71428571428572,10.0,782.8571428571429,23.77074779066917,153345.37205994673
85.71428571428572,10.0,948.5714285714287,23.77052967037308,139998.45510704324
85.71428571428572,10.0,1114.2857142857142,23.770329113752293,129349.92604582319
85.71428571428572,10.0,1280.0,23.77015188986172,120596.3875028179
85.71428571428572,10.0,1445.7142857142858,23.76999828463956,113298.96584776058
85.71428571428572,10.0,1611.4285714285716,23.76986617264446,107157.54301005062
85.71428571428572,10.0,1777.1428571428573,23.769752677898516,101945.98103914084
85.71428571428572,10.0,1942.857142857143,23.769654936596122,97488.23324333254
85.71428571428572,10.0,2108.5714285714284,23.769570391903525,93645.7828994416
85.71428571428572,10.0,2274.285714285714,23.769496870782277,90309.08953165365
85.71428571428572,10.0,2440.0,23.76943256932727,87391.13110624543
85.71428571428572,10.0,2605.714285714286,23.769376005854166,84822.40886662816
85.71428571428572,10.0,2771.4285714285716,23.769325967652733,82547.08227851283
85.71428571428572,10.0,2937.1428571428573,23.769281461687168,80519.9891068476
85.71428571428572,10.0,3102.857142857143,23.76924167251367,78704.35261849921
85.71428571428572,10.0,3268.571428571429,23.76920592772787,77070.01682076154
85.71428571428572,10.0,3434.2857142857147,23.769173670142983,75592.08480734845
85.71428571428572,10.0,3600.0,23.769144435596033,74249.86396159294
85.71428571428572,57.142857142857146,120.0,23.77132246349528,312080.627184168
85.71428571428572,57.142857142857146,285.7142857142857,23.770051038606308,377731.9469722679
85.71428571428572,57.142857142857146,451.42857142857144,23.766043631572153,442298.25786038855
85.71428571428572,57.142857142857146,617.1428571428571,23.75908225154927,495784.40779278934
85.71428571428572,57.142857142857146,782.8571428571429,23.749877520278527,536494.9301145311
85.71428571428572,57.142857142857146,948.5714285714287,23.739413318535867,565960.8383094484
85.71428571428572,57.142857142857146,1114.2857142857142,23.72852126730562,586662.3359931009
85.71428571428572,57.142857142857146,1280.0,23.717765793175356,600900.1599313514
85.71428571428572,57.142857142857146,1445.7142857142858,23.707478546784415,610488.2833755116
85.71428571428572,57.142857142857146,1611.4285714285716,23.697827469725414,616766.1915310954
85.71428571428572,57.142857142857146,1777.1428571428573,23.688877120448648,620695.7312360154
85.71428571428572,57.142857142857146,1942.857142857143,23.680631400292764,622960.2436272812
85.71428571428572,57.142857142857146,2108.5714285714284,23.67306109664228,624044.1935817379
85.71428571428572,57.142857142857146,2274.285714285714,23.666120707851565,624291.8241018999
85.71428571428572,57.142857142857146,2440.0,23.659758322855964,623948.8015904701
85.71428571428572,57.142857142857146,2605.714285714286,23.65392119794459,623191.3402964845
85.71428571428572,57.142857142857146,2771.4285714285716,23.648558741089417,622146.4816391123
85.71428571428572,57.142857142857146,2937.1428571428573,23.643623967996046,620906.2342599863
85.71428571428572,57.142857142857146,3102.857142857143,23.639074077451806,619537.4782122789
85.71428571428572,57.142857142857146,3268.571428571429,23.634870534408723,618088.9456043446
85.71428571428572,57.142857142857146,3434.2857142857147,23.63097889104407,616596.1756594123
85.71428571428572,57.142857142857146,3600.0,23.627368480483764,615085.058133947
85.71428571428572,104.28571428571429,120.0,23.77102153895028,533548.2347810379
85.71428571428572,104.28571428571429,285.7142857142857,23.765666391839382,682052.5998043588
85.71428571428572,104.28571428571429,451.42857142857144,23.752786653850887,786152.259538171
85.71428571428572,104.28571428571429,617.1428571428571,23.73375144038598,868380.1621209134
85.71428571428572,104.28571428571429,782.8571428571429,23.710832426817824,932003.5171670893
85.71428571428572,104.28571428571429,948.5714285714287,23.686164357525058,980033.2895203102
85.71428571428572,104.28571428571429,1114.2857142857142,23.661309742985225,1015760.8832409801
85.71428571428572,104.28571428571429,1280.0,23.637244526021238,1042131.9460809531
85.71428571428572,104.28571428571429,1445.7142857142858,23.614500448421023,1061510.7474192246
85.71428571428572,104.28571428571429,1611.4285714285716,23.593316409434127,1075697.9802725401
85.71428571428572,104.28571428571429,1777.1428571428573,23.573753803658782,1086032.369233141
85.71428571428572,104.28571428571429,1942.857142857143,23.55577367402645,1093499.7438086597
85.71428571428572,104.28571428571429,2108.5714285714284,23.53928493134796,1098824.8337581262
85.71428571428572,104.28571428571429,2274.285714285714,23.524173185022516,1102541.794419667
85.71428571428572,104.28571428571429,2440.0,23.510317334162753,1105046.237476044
85.71428571428572,104.28571428571429,2605.714285714286,23.49759869246805,1106632.928207727
85.71428571428572,104.28571428571429,2771.4285714285716,23.485905665983015,1107522.9156915564
85.71428571428572,104.28571428571429,2937.1428571428573,23.475135838951516,1107883.0495426375
85.71428571428572,104.28571428571429,3102.857142857143,23.465196588097466,1107840.0636158155
85.71428571428572,104.28571428571429,3268.571428571429,23.456004893334594,1107490.7916366844
85.71428571428572,104.28571428571429,3434.2857142857147,23.447486738326628,1106909.6238823466
85.71428571428572,104.28571428571429,3600.0,23.439576329021396,1106153.987574686
85.71428571428572,151.42857142857144,120.0,23.77033819554148,773488.1652056576
85.71428571428572,151.42857142857144,285.7142857142857,23.758940788659828,969776.4487679272
85.71428571428572,151.42857142857144,451.42857142857144,23.736114645901583,1096097.8557643574
85.71428571428572,151.42857142857144,617.1428571428571,23.705629033366687,1194601.877489456
85.71428571428572,151.42857142857144,782.8571428571429,23.67102600665854,1271496.3924921472
85.71428571428572,151.42857142857144,948.5714285714287,23.63508658720421,1330600.1991509877
85.71428571428572,151.42857142857144,1114.2857142857142,23.599672510185293,1375582.6168361711
85.71428571428572,151.42857142857144,1280.0,23.565869518987444,1409674.0703720558
85.71428571428572,151.42857142857144,1445.7142857142858,23.534219931664655,1435488.4073585607
85.71428571428572,151.42857142857144,1611.4285714285716,23.50492416695537,1455045.064003944
85.71428571428572,151.42857142857144,1777.1428571428573,23.47798337378739,1469869.531804263
85.71428571428572,151.42857142857144,1942.857142857143,23.453291128075733,1481103.6021470658
85.71428571428572,151.42857142857144,2108.5714285714284,23.430689164943736,1489600.3530093613
85.71428571428572,151.42857142857144,2274.285714285714,23.409999865643194,1495998.680252149
85.71428571428572,151.42857142857144,2440.0,23.391044407755988,1500779.3318720467
85.71428571428572,151.42857142857144,2605.714285714286,23.37365232912543,1504306.2085696156
85.71428571428572,151.42857142857144,2771.4285714285716,23.357666067917783,1506856.5611425757
85.71428571428572,151.42857142857144,2937.1428571428573,23.342942635037726,1508643.0366584589
85.71428571428572,151.42857142857144,3102.857142857143,23.32935370416619,1509829.810274386
85.71428571428572,151.42857142857144,3268.571428571429,23.316784875673402,1510544.4422478594
85.71428571428572,151.42857142857144,3434.2857142857147,23.305134552905184,1510886.64308609
85.71428571428572,151.42857142857144,3600.0,23.29431267990659,1510934.7948903977
85.71428571428572,198.57142857142858,120.0,23.769250953611333,1014338.6182296567
85.71428571428572,198.57142857142858,285.7142857142857,23.75095666137136,1236123.2620977643
85.71428571428572,198.57142857142858,451.42857142857144,23.71877974836171,1375423.1217531478
85.71428571428572,198.57142857142858,617.1428571428571,23.6786839747551,1483947.215663588
85.71428571428572,198.57142857142858,782.8571428571429,23.634975723213746,1569373.9914882141
85.71428571428572,198.57142857142858,948.5714285714287,23.5906874399862,1635868.0426617148
85.71428571428572,198.57142857142858,1114.2857142857142,23.547724357440746,1687232.7884622768
85.71428571428572,198.57142857142858,1280.0,23.507131988511627,1726808.2465529945
85.71428571428572,198.57142857142858,1445.7142857142858,23.46938281839671,1757320.0442363499
85.71428571428572,198.57142857142858,1611.4285714285716,23.434601188939038,1780897.0993867298
85.71428571428572,198.57142857142858,1777.1428571428573,23.402715557391332,1799165.8260412512
85.71428571428572,198.57142857142858,1942.857142857143,23.373553725205333,1813357.120409671
85.71428571428572,198.57142857142858,2108.5714285714284,23.346899428481525,1824400.608932246
85.71428571428572,198.57142857142858,2274.285714285714,23.322524551038253,1832999.8691282393
85.71428571428572,198.57142857142858,2440.0,23.300206566225356,1839689.787138815
85.71428571428572,198.57142857142858,2605.714285714286,23.279737272288333,1844879.3568039217
85.71428571428572,198.57142857142858,2771.4285714285716,23.260926521485786,1848883.3198384463
85.71428571428572,198.57142857142858,2937.1428571428573,23.243603154742814,1851945.4999026966
85.71428571428572,198.57142857142858,3102.857142857143,23.227614444388177,1854256.0379870182
85.71428571428572,198.57142857142858,3268.571428571429,23.2128248011146,1855964.1730352584
85.71428571428572,198.57142857142858,3434.2857142857147,23.199114176192072,1857187.7695329147
85.71428571428572,198.57142857142858,3600.0,23.186376397998128,1858020.4633367637
85.71428571428572,245.71428571428572,120.0,23.767778683756188,1256461.5674425
85.71428571428572,245.71428571428572,285.7142857142857,23.74233621500133,1486836.7576458938
85.71428571428572,245.71428571428572,451.42857142857144,23.701811831512575,1632697.357238245
85.71428571428572,245.71428571428572,617.1428571428571,23.65384562823457,1747238.526121576
85.71428571428572,245.71428571428572,782.8571428571429,23.603097723622096,1838295.2413503753
85.71428571428572,245.71428571428572,948.5714285714287,23.552611360110696,1909962.149264434
85.71428571428572,245.71428571428572,1114.2857142857142,23.50420504308442,1965983.6122322546
85.71428571428572,245.71428571428572,1280.0,23.45881910376792,2009690.4039943218
85.71428571428572,245.71428571428572,1445.7142857142858,23.416828233197094,2043835.4133003957
85.71428571428572,245.71428571428572,1611.4285714285716,23.378273039013393,2070593.4329949284
85.71428571428572,245.71428571428572,1777.1428571428573,23.34301234800347,2091643.0040216313
85.71428571428572,245.71428571428572,1942.857142857143,23.310816540519866,2108266.4488105
85.71428571428572,245.71428571428572,2108.5714285714284,23.281421968738503,2121440.7565741935
85.71428571428572,245.71428571428572,2274.285714285714,23.25456123730383,2131911.5160850496
85.71428571428572,245.71428571428572,2440.0,23.22997906093948,2140250.083887853
85.71428571428572,245.71428571428572,2605.714285714286,23.20743973968571,2146896.7241785494
85.71428571428572,245.71428571428572,2771.4285714285716,23.186729894951895,2152192.8076285715
85.71428571428572,245.71428571428572,2937.1428571428573,23.167658621472636,2156404.7591439406
85.71428571428572,245.71428571428572,3102.857142857143,23.15005631039448,2159741.8826722503
85.71428571428572,245.71428571428572,3268.571428571429,23.13377286254541,2162369.67277994
85.71428571428572,245.71428571428572,3434.2857142857147,23.11867569454614,2164419.804004907
85.71428571428572,245.71428571428572,3600.0,23.104647755281732,2165997.670124431
85.71428571428572,292.8571428571429,120.0,23.765948197190504,1501700.336704938
85.71428571428572,292.8571428571429,285.7142857142857,23.73339922985152,1727073.264935177
85.71428571428572,292.8571428571429,451.42857142857144,23.68552743662549,1874607.219163244
85.71428571428572,292.8571428571429,617.1428571428571,23.631102513705844,1992300.2054172917
85.71428571428572,292.8571428571429,782.8571428571429,23.574847832933113,2086986.2478949018
85.71428571428572,292.8571428571429,948.5714285714287,23.51967907015612,2162322.064308977
85.71428571428572,292.8571428571429,1114.2857142857142,23.467265390909052,2221832.5009597805
85.71428571428572,292.8571428571429,1280.0,23.418417213422686,2268749.571714179
85.71428571428572,292.8571428571429,1445.7142857142858,23.373405504575025,2305794.709212656
85.71428571428572,292.8571428571429,1611.4285714285716,23.33219028403979,2335146.5626917416
85.71428571428572,292.8571428571429,1777.1428571428573,23.29456797983424,2358504.4213363104
85.71428571428572,292.8571428571429,1942.857142857143,23.260260306418843,2377178.097291708
85.71428571428572,292.8571428571429,2108.5714285714284,23.228965212993316,2392173.4645825783
85.71428571428572,292.8571428571429,2274.285714285714,23.200384599702602,2404263.7445388394
85.71428571428572,292.8571428571429,2440.0,23.174238311353438,2414045.503080047
85.71428571428572,292.8571428571429,2605.714285714286,23.150270258132338,2421981.403852815
85.71428571428572,292.8571428571429,2771.4285714285716,23.12825015935429,2428432.4192072153
85.71428571428572,292.8571428571429,2937.1428571428573,23.107972959688528,2433681.9779084795
85.71428571428572,292.8571428571429,3102.857142857143,23.08925709926199,2437954.064362205
85.71428571428572,292.8571428571429,3268.571428571429,23.07194230546982,2441426.8201292558
85.71428571428572,292.8571428571429,3434.2857142857147,23.055887273504197,2444242.8097536145
85.71428571428572,292.8571428571429,3600.0,23.040967428097815,2446516.8103304063
85.71428571428572,340.0,120.0,23.763784898301942,1751529.8316771283
85.71428571428572,340.0,285.7142857142857,23.724309781209275,1960488.5409101208
85.71428571428572,340.0,451.42857142857144,23.669976439247858,2105793.792861226
85.71428571428572,340.0,617.1428571428571,23.6101981134674,2224454.471006917
85.71428571428572,340.0,782.8571428571429,23.549564510679023,2321288.476849591
85.71428571428572,340.0,948.5714285714287,23.490786754741837,2399193.5308163003
85.71428571428572,340.0,1114.2857142857142,23.43535735286727,2461340.1456710068
85.71428571428572,340.0,1280.0,23.383950828518085,2510790.8684737603
85.71428571428572,340.0,1445.7142857142858,23.33673749211603,2550191.9517832287
85.71428571428572,340.0,1611.4285714285716,23.293603387593194,2581695.890888353
85.71428571428572,340.0,1777.1428571428573,23.254290208440082,2607000.8564197305
85.71428571428572,340.0,1942.857142857143,23.218478604544753,2627427.672388389
85.71428571428572,340.0,2108.5714285714284,23.18583518890456,2643998.431467602
85.71428571428572,340.0,2274.285714285714,23.156037521537506,2657504.124376459
85.71428571428572,340.0,2440.0,23.128786213955262,2668558.772581476
85.71428571428572,340.0,2605.714285714286,23.10380973428215,2677641.296155292
85.71428571428572,340.0,2771.4285714285716,23.080865223487315,2685127.3689864334
85.71428571428572,340.0,2937.1428571428573,23.059737247749897,2691313.490385301
85.71428571428572,340.0,3102.857142857143,23.04023558560487,2696435.149245654
85.71428571428572,340.0,3268.571428571429,23.022192662554207,2700680.555176771
85.71428571428572,340.0,3434.2857142857147,23.00546096312146,2704201.0572393984
85.71428571428572,340.0,3600.0,22.989910587695285,2707119.0879710033
85.71428571428572,387.14285714285717,120.0,23.761310344513927,2006986.9198523934
85.71428571428572,387.14285714285717,285.7142857142857,23.715153181961426,2189578.605597928
85.71428571428572,387.14285714285717,451.42857142857144,23.65511495776197,2329430.250741144
85.71428571428572,387.14285714285717,617.1428571428571,23.59084632339148,2447319.8820690247
85.71428571428572,387.14285714285717,782.8571428571429,23.52667250866788,2545149.5152248074
85.71428571428572,387.14285714285717,948.5714285714287,23.465059452760702,2624777.0167014375
85.71428571428572,387.14285714285717,1114.2857142857142,23.407314190554573,2688903.7443295526
85.71428571428572,387.14285714285717,1280.0,23.353978057794183,2740365.024185625
85.71428571428572,387.14285714285717,1445.7142857142858,23.30512721324795,2781697.7338787788
85.71428571428572,387.14285714285717,1611.4285714285716,23.26058102718448,2815005.527068126
85.71428571428572,387.14285714285717,1777.1428571428573,23.220033427751083,2841969.280199111
85.71428571428572,387.14285714285717,1942.857142857143,23.18313026029137,2863908.7825360727
85.71428571428572,387.14285714285717,2108.5714285714284,23.14951227851036,2881853.1299496447
85.71428571428572,387.14285714285717,2274.285714285714,23.11883743834504,2896603.9084964823
85.71428571428572,387.14285714285717,2440.0,23.090791194372667,2908786.9406704274
85.71428571428572,387.14285714285717,2605.714285714286,23.065090077635276,2918892.903205383
85.71428571428572,387.14285714285717,2771.4285714285716,23.041481667309007,2927308.5619876306
85.71428571428572,387.14285714285717,2937.1428571428573,23.019742752596212,2934340.5710250256
85.71428571428572,387.14285714285717,3102.857142857143,22.999676700006116,2940233.553098416
85.71428571428572,387.14285714285717,3268.571428571429,22.98111058423416,2945183.8470266024
85.71428571428572,387.14285714285717,3434.2857142857147,22.9638923767325,2949349.9917334854
85.71428571428572,387.14285714285717,3600.0,22.9478883353952,2952860.756613798
85.71428571428572,434.28571428571433,120.0,23.75854216175182,2268774.2745642476
85.71428571428572,434.28571428571433,285.7142857142857,23.705973938646398,2416052.6353949225
85.71428571428572,434.28571428571433,451.42857142857144,23.64087131745,2547708.428217433
85.71428571428572,434.28571428571433,617.1428571428571,23.572792249425373,2663395.5010803067
85.71428571428572,434.28571428571433,782.8571428571429,23.505712274426035,2761290.3134763683
85.71428571428572,434.28571428571433,948.5714285714287,23.441833182886935,2841962.564317954
85.71428571428572,434.28571428571433,1114.2857142857142,23.38227745573765,2907545.043834101
85.71428571428572,434.28571428571433,1280.0,23.327459829453186,2960597.3287883853
85.71428571428572,434.28571428571433,1445.7142857142858,23.27736984505172,3003519.1164103285
85.71428571428572,434.28571428571433,1611.4285714285716,23.23176716954052,3038347.273994795
85.71428571428572,434.28571428571433,1777.1428571428573,23.1903039925358,3066732.8333994304
85.71428571428572,434.28571428571433,1942.857142857143,23.152596440934545,3089985.307912679
85.71428571428572,434.28571428571433,2108.5714285714284,23.11826367057217,3109133.765436546
85.71428571428572,434.28571428571433,2274.285714285714,23.086947604318524,3124984.921100133
85.71428571428572,434.28571428571433,2440.0,23.05832154240043,3138172.0841917507
85.71428571428572,434.28571428571433,2605.714285714286,23.032092615344098,3149194.244321705
85.71428571428572,434.28571428571433,2771.4285714285716,23.008000994514074,3158446.4852529466
85.71428571428572,434.28571428571433,2937.1428571428573,22.985817530790847,3166243.3636218184
85.71428571428572,434.28571428571433,3102.857142857143,22.965340756117858,3172836.7952249073
85.71428571428572,434.28571428571433,3268.571428571429,22.946393754325573,3178429.733875398
85.71428571428572,434.28571428571433,3434.2857142857147,22.928821161616504,3183186.6555673685
85.71428571428572,434.28571428571433,3600.0,22.912486417932765,3187241.6243691994
85.71428571428572,481.42857142857144,120.0,23.755494826957715,2537341.0143971206
85.71428571428572,481.42857142857144,285.7142857142857,23.696795002020355,2641093.065922464
85.71428571428572,481.42857142857144,451.42857142857144,23.627171110528163,2762166.6092040394
85.71428571428572,481.42857142857144,617.1428571428571,23.555824036162043,2874440.446006273
85.71428571428572,481.42857142857144,782.8571428571429,23.486325827955067,2971626.774306988
85.71428571428572,481.42857142857144,948.5714285714287,23.420608191234503,3052784.882978577
85.71428571428572,481.42857142857144,1114.2857142857142,23.359615025795655,3119391.5272011687
85.71428571428572,481.42857142857144,1280.0,23.303642594843687,3173688.772766908
85.71428571428572,481.42857142857144,1445.7142857142858,23.252601344574813,3217915.800458637
85.71428571428572,481.42857142857144,1611.4285714285716,23.206197545046752,3254027.9678516123
85.71428571428572,481.42857142857144,1777.1428571428573,23.164046771344424,3283636.3378319647
85.71428571428572,481.42857142857144,1942.857142857143,23.12573956853835,3308032.7736107446
85.71428571428572,481.42857142857144,2108.5714285714284,23.090876846508447,3328240.7377896346
85.71428571428572,481.42857142857144,2274.285714285714,23.059087232280085,3345067.748715798
85.71428571428572,481.42857142857144,2440.0,23.030034127308543,3359151.187880346
85.71428571428572,481.42857142857144,2605.714285714286,23.003417137254996,3370995.627271513
85.71428571428572,481.42857142857144,2771.4285714285716,22.978970598839833,3381002.2626777394
85.71428571428572,481.42857142857144,2937.1428571428573,22.956460754550665,3389491.7561918674
85.71428571428572,481.42857142857144,3102.857142857143,22.935682434174517,3396721.8416207912
85.71428571428572,481.42857142857144,3268.571428571429,22.91645570121137,3402900.869192216
85.71428571428572,481.42857142857144,3434.2857142857147,22.898622693358764,3408198.239158706
85.71428571428572,481.42857142857144,3600.0,22.88204475791724,3412752.463752872
85.71428571428572,528.5714285714286,120.0,23.752180663283617,2812936.250198827
85.71428571428572,528.5714285714286,285.7142857142857,23.687627967584298,2865523.279563057
85.71428571428572,528.5714285714286,451.42857142857144,23.613946317762224,2973900.4396576453
85.71428571428572,528.5714285714286,617.1428571428571,23.53977003493669,3081715.203878484
85.71428571428572,528.5714285714286,782.8571428571429,23.468235653317386,3177534.6734122983
85.71428571428572,528.5714285714286,948.5714285714287,23.40100672197174,3258706.701239836
85.71428571428572,528.5714285714286,1114.2857142857142,23.338857041466575,3325973.9965769793
85.71428571428572,528.5714285714286,1280.0,23.281972912769174,3381224.482176037
85.71428571428572,528.5714285714286,1445.7142857142858,23.230192770207985,3426516.7420574906
85.71428571428572,528.5714285714286,1611.4285714285716,23.1831750684382,3463712.185630569
85.71428571428572,528.5714285714286,1777.1428571428573,23.140503108937352,3494373.478816697
85.71428571428572,528.5714285714286,1942.857142857143,23.101745242736296,3519768.758805105
85.71428571428572,528.5714285714286,2108.5714285714284,23.06648680529853,3540911.3159426395
85.71428571428572,528.5714285714286,2274.285714285714,23.0343452617781,3558605.9406505623
85.71428571428572,528.5714285714286,2440.0,23.00497584203574,3573491.3018296855
85.71428571428572,528.5714285714286,2605.714285714286,22.97807204236848,3586075.3255296173
85.71428571428572,528.5714285714286,2771.4285714285716,22.953363538232743,3596763.5163444965
85.71428571428572,528.5714285714286,2937.1428571428573,22.930612946399,3605881.169143259
85.71428571428572,528.5714285714286,3102.857142857143,22.90961222498691,3613690.623563772
85.71428571428572,528.5714285714286,3268.571428571429,22.890179124733876,3620404.6215841146
85.71428571428572,528.5714285714286,3434.2857142857147,22.8721538920268,3626196.6498357086
85.71428571428572,528.5714285714286,3600.0,22.855396305948716,3631208.9659166345
85.71428571428572,575.7142857142858,120.0,23.748610745769444,3095647.7497018203
85.71428571428572,575.7142857142858,285.7142857142857,23.67847866638258,3089915.5890648724
85.71428571428572,575.7142857142858,451.42857142857144,23.601138070426554,3183698.914491102
85.71428571428572,575.7142857142858,617.1428571428571,23.52449243410728,3286136.4148323326
85.71428571428572,575.7142857142858,782.8571428571429,23.451225974856264,3380018.5847538505
85.71428571428572,575.7142857142858,948.5714285714287,23.382740740207645,3460798.571389938
85.71428571428572,575.7142857142858,1114.2857142857142,23.31965001712427,3528414.738633393
85.71428571428572,575.7142857142858,1280.0,23.262038480405646,3584368.2680624137
85.71428571428572,575.7142857142858,1445.7142857142858,23.209679044189222,3630519.5384020847
85.71428571428572,575.7142857142858,1611.4285714285716,23.162187246746914,3668625.2635517837
85.71428571428572,575.7142857142858,1777.1428571428573,23.119117802420135,3700192.521530347
85.71428571428572,575.7142857142858,1942.857142857143,23.080019668458668,3726460.587781334
85.71428571428572,575.7142857142858,2108.5714285714284,23.044464764337157,3748428.744053267
85.71428571428572,575.7142857142858,2274.285714285714,23.012061084417788,3766896.097269829
85.71428571428572,575.7142857142858,2440.0,22.982457033513455,3782500.276686976
85.71428571428572,575.7142857142858,2605.714285714286,22.9553410871434,3795750.7007945958
85.71428571428572,575.7142857142858,2771.4285714285716,22.930439151732127,3807055.67536041
85.71428571428572,575.7142857142858,2937.1428571428573,22.907510958650708,3816743.89495875
85.71428571428572,575.7142857142858,3102.857142857143,22.886346215313168,3825081.2881377004
85.71428571428572,575.7142857142858,3268.571428571429,22.866760885539865,3832284.1438814793
85.71428571428572,575.7142857142858,3434.2857142857147,22.848593773471112,3838529.3289346043
85.71428571428572,575.7142857142858,3600.0,22.831703476333985,3843962.2522885767
85.71428571428572,622.8571428571429,120.0,23.744795604360043,3385432.8939906545
85.71428571428572,622.8571428571429,285.7142857142857,23.669350271700136,3314662.5327309077
85.71428571428572,622.8571428571429,451.42857142857144,23.58869685345389,3392133.7851132834
85.71428571428572,622.8571428571429,617.1428571428571,23.509880832352593,3488378.2137144357
85.71428571428572,622.8571428571429,782.8571428571429,23.43512802662253,3579822.0370232807
85.71428571428572,622.8571428571429,948.5714285714287,23.365588421385507,3659855.754022214
85.71428571428572,622.8571428571429,1114.2857142857142,23.301724698602126,3727549.5783267138
85.71428571428572,622.8571428571429,1280.0,23.24352780886021,3783988.645692333
85.71428571428572,622.8571428571429,1445.7142857142858,23.190711020970877,3830819.4764233273
85.71428571428572,622.8571428571429,1611.4285714285716,23.142851248953033,3869684.646658487
85.71428571428572,622.8571428571429,1777.1428571428573,23.09947776689854,3902029.3952326667
85.71428571428572,622.8571428571429,1942.857142857143,23.060122475993033,3929059.70829517
85.71428571428572,622.8571428571429,2108.5714285714284,23.024345646717904,3951757.57114244
85.71428571428572,622.8571428571429,2274.285714285714,22.991747163415887,3970913.883738721
85.71428571428572,622.8571428571429,2440.0,22.961969673227568,3987163.253008798
85.71428571428572,622.8571428571429,2605.714285714286,22.934697482685532,4001015.005070246
85.71428571428572,622.8571428571429,2771.4285714285716,22.909653419680495,4012878.9632975515
85.71428571428572,622.8571428571429,2937.1428571428573,22.886594897838364,4023086.1713831937
85.71428571428572,622.8571428571429,3102.857142857143,22.865309846360198,4031905.279315136
85.71428571428572,622.8571428571429,3268.571428571429,22.845612839753006,4039555.401379341
85.71428571428572,622.8571428571429,3434.2857142857147,22.82734157772337,4046216.179970426
85.71428571428572,622.8571428571429,3600.0,22.81035376509239,4052035.666135958
85.71428571428572,670.0,120.0,23.740745709161633,3682144.9495691336
85.71428571428572,670.0,285.7142857142857,23.660245006648285,3540025.5251031476
85.71428571428572,670.0,451.42857142857144,23.576581716377103,3599619.870851561
85.71428571428572,670.0,617.1428571428571,23.495846704767608,3688940.234031656
85.71428571428572,670.0,782.8571428571429,23.419808894819152,3777501.1571756992
85.71428571428572,670.0,948.5714285714287,23.349377214453504,3856476.157883342
85.71428571428572,670.0,1114.2857142857142,23.28487354094599,3924009.130670052
85.71428571428572,670.0,1280.0,23.22620246369624,3980742.6452095266
85.71428571428572,670.0,1445.7142857142858,23.173022893509696,4028095.3180299914
85.71428571428572,670.0,1611.4285714285716,23.124876886060864,4067587.193175829
85.71428571428572,670.0,1777.1428571428573,23.081270978494015,4100596.1609937376
85.71428571428572,670.0,1942.857142857143,23.04172198682393,4128291.04435824
85.71428571428572,670.0,2108.5714285714284,23.005779997120495,4151633.6708148085
85.71428571428572,670.0,2274.285714285714,22.973037894268476,4171404.5453773118
85.71428571428572,670.0,2440.0,22.943133426799506,4188233.537440959
85.71428571428572,670.0,2605.714285714286,22.915747409395895,4202628.511366946
85.71428571428572,670.0,2771.4285714285716,22.89060013444323,4214999.6994502265
85.71428571428572,670.0,2937.1428571428573,22.86744714012441,4225679.586834086
85.71428571428572,670.0,3102.857142857143,22.846074942702213,4234938.794975998
85.71428571428572,670.0,3268.571428571429,22.826297032737354,4242998.638892812
85.71428571428572,670.0,3434.2857142857147,22.807950263544683,4250041.012878637
85.71428571428572,670.0,3600.0,22.79089166766048,4256216.16809618
85.71428571428572,717.1428571428572,120.0,23.736471766263932,3985555.7582101244
85.71428571428572,717.1428571428572,285.7142857142857,23.65116504281321,3766169.153879368
85.71428571428572,717.1428571428572,451.42857142857144,23.56475915868378,3806456.83307974
85.71428571428572,717.1428571428572,617.1428571428571,23.4823188921081,3888194.393739319
85.71428571428572,717.1428571428572,782.8571428571429,23.405163150113015,3973475.1334179617
85.71428571428572,717.1428571428572,948.5714285714287,23.333971601369612,4051113.6122329207
85.71428571428572,717.1428571428572,1114.2857142857142,23.268934777969605,4118274.2521798266
85.71428571428572,717.1428571428572,1280.0,23.209877706298187,4175132.9616135946
85.71428571428572,717.1428571428572,1445.7142857142858,23.156409689458147,4222867.775244721
85.71428571428572,717.1428571428572,1611.4285714285716,23.10804123924137,4262868.682533869
85.71428571428572,717.1428571428572,1777.1428571428573,23.06425849361743,4296441.322983034
85.71428571428572,717.1428571428572,1942.857142857143,23.024564860747137,4324713.929918315
85.71428571428572,717.1428571428572,2108.5714285714284,22.98850147020273,4348625.65449645
85.71428571428572,717.1428571428572,2274.285714285714,22.955655125568178,4368944.687371588
85.71428571428572,717.1428571428572,2440.0,22.925659377851492,4386294.659137859
85.71428571428572,717.1428571428572,2605.714285714286,22.898192096012316,4401180.775394522
85.71428571428572,717.1428571428572,2771.4285714285716,22.872971470293837,4414012.708821116
85.71428571428572,717.1428571428572,2937.1428571428573,22.849751513149183,4425123.593139552
85.71428571428572,717.1428571428572,3102.857142857143,22.828317614400387,4434785.3659416465
85.71428571428572,717.1428571428572,3268.571428571429,22.808482418535892,4443220.99687519
85.71428571428572,717.1428571428572,3434.2857142857147,22.790082132332735,4450614.173801702
85.71428571428572,717.1428571428572,3600.0,22.772973285712858,4457116.960871328
85.71428571428572,764.2857142857143,120.0,23.731984866036917,4295375.25886069
85.71428571428572,764.2857142857143,285.7142857142857,23.642112927567098,3993186.0479693115
85.71428571428572,764.2857142857143,451.42857142857144,23.553201976894034,4012858.8273623753
85.71428571428572,764.2857142857143,617.1428571428571,23.46924000170517,4086417.8438251247
85.71428571428572,764.2857142857143,782.8571428571429,23.39110656502732,4168061.599693836
85.71428571428572,764.2857142857143,948.5714285714287,23.319264172247216,4244115.124511162
85.71428571428572,764.2857142857143,1114.2857142857142,23.253781010675034,4310714.763559717
85.71428571428572,764.2857142857143,1280.0,23.194408790456745,4367547.830787211
85.71428571428572,764.2857142857143,1445.7142857142858,23.140711476300492,4415540.296352421
85.71428571428572,764.2857142857143,1611.4285714285716,23.0921709645428,4455945.320076855
85.71428571428572,764.2857142857143,1777.1428571428573,23.048255029005606,4489991.9001707025
85.71428571428572,764.2857142857143,1942.857142857143,23.008455110036845,4518764.627246264
85.71428571428572,764.2857142857143,2108.5714285714284,22.97230442105595,4543177.740743671
85.71428571428572,764.2857142857143,2274.285714285714,22.939384452424918,4563985.418558053
85.71428571428572,764.2857142857143,2440.0,22.90932513707552,4581803.726820714
85.71428571428572,764.2857142857143,2605.714285714286,22.881801844553447,4597134.156755097
85.71428571428572,764.2857142857143,2771.4285714285716,22.856531013468054,4610384.967886598
85.71428571428572,764.2857142857143,2937.1428571428573,22.833265410773997,4621889.243943547
85.71428571428572,764.2857142857143,3102.857142857143,22.811789527547955,4631919.661188014
85.71428571428572,764.2857142857143,3268.571428571429,22.791915349912067,4640700.362503558
85.71428571428572,764.2857142857143,3434.2857142857147,22.773478594848807,4648416.425056493
85.71428571428572,764.2857142857143,3600.0,22.756335422052,4655221.38427656
85.71428571428572,811.4285714285714,120.0,23.727296525100837,4611268.082227639
85.71428571428572,811.4285714285714,285.7142857142857,23.633091739709485,4221115.316146983
85.71428571428572,811.4285714285714,451.42857142857144,23.54188819372454,4218976.00462814
85.71428571428572,811.4285714285714,617.1428571428571,23.45656355878275,4283816.660453608
85.71428571428572,811.4285714285714,782.8571428571429,23.377571370709582,4361501.965923063
85.71428571428572,811.4285714285714,948.5714285714287,23.305169048196053,4435747.481879262
85.71428571428572,811.4285714285714,1114.2857142857142,23.239310922775065,4501617.055293696
85.71428571428572,811.4285714285714,1280.0,23.17968111562899,4558289.43399135
85.71428571428572,811.4285714285714,1445.7142857142858,23.125802095749606,4606428.1081067575
85.71428571428572,811.4285714285714,1611.4285714285716,23.07712974210383,4647143.2890467895
85.71428571428572,811.4285714285714,1777.1428571428573,23.03311524701649,4681583.3860423
85.71428571428572,811.4285714285714,1942.857142857143,22.99323932936702,4710786.612717656
85.71428571428572,811.4285714285714,2108.5714285714284,22.957028176292052,4735640.301548964
85.71428571428572,811.4285714285714,2274.285714285714,22.92405861435961,4756883.1054981565
85.71428571428572,811.4285714285714,2440.0,22.893957442875614,4775122.348029617
85.71428571428572,811.4285714285714,2605.714285714286,22.866397901111107,4790854.868884291
85.71428571428572,811.4285714285714,2771.4285714285716,22.841094963027743,4804486.757215927
85.71428571428572,811.4285714285714,2937.1428571428573,22.817800377402474,4816350.427187524
85.71428571428572,811.4285714285714,3102.857142857143,22.796297919727813,4826718.781556508
85.71428571428572,811.4285714285714,3268.571428571429,22.776399067635108,4835816.709364602
85.71428571428572,811.4285714285714,3434.2857142857147,22.75793917265825,4843830.318280795
85.71428571428572,811.4285714285714,3600.0,22.740774128705034,4850914.31156328
85.71428571428572,858.5714285714287,120.0,23.722418656827056,4932867.455124061
85.71428571428572,858.5714285714287,285.7142857142857,23.62410509361418,4449956.447201394
85.71428571428572,858.5714285714287,451.42857142857144,23.530800113694838,4424910.381022248
85.71428571428572,858.5714285714287,617.1428571428571,23.444251756929514,4480543.189775915
85.71428571428572,858.5714285714287,782.8571428571429,23.36450265080602,4553979.882012077
85.71428571428572,858.5714285714287,948.5714285714287,23.2916169816481,4626216.593358931
85.71428571428572,858.5714285714287,1114.2857142857142,23.22544318851173,4691204.130764349
85.71428571428572,858.5714285714287,1280.0,23.165603050670203,4747594.504882863
85.71428571428572,858.5714285714287,1445.7142857142858,23.111581007198602,4795779.27800842
85.71428571428572,858.5714285714287,1611.4285714285716,23.06280923426093,4836720.18113221
85.71428571428572,858.5714285714287,1777.1428571428573,23.018723913442916,4871481.477420734
85.71428571428572,858.5714285714287,1942.857142857143,22.978796128816075,4901052.547409623
85.71428571428572,858.5714285714287,2108.5714285714284,22.942545808980437,4926292.028987909
85.71428571428572,858.5714285714287,2274.285714285714,22.909545671136208,4947921.698067432
85.71428571428572,858.5714285714287,2440.0,22.879419790229825,4966539.083452771
85.71428571428572,858.5714285714287,2605.714285714286,22.851839583921556,4982635.537464221
85.71428571428572,858.5714285714287,2771.4285714285716,22.82651879914063,4996614.303777401
85.71428571428572,858.5714285714287,2937.1428571428573,22.80320835296448,5008806.574725602
85.71428571428572,858.5714285714287,3102.857142857143,22.781691454277713,5019485.023016429
85.71428571428572,858.5714285714287,3268.571428571429,22.76177919318856,5028874.903078823
85.71428571428572,858.5714285714287,3434.2857142857147,22.743306655461485,5037163.033073014
85.71428571428572,858.5714285714287,3600.0,22.726129552444977,5044505.013316304
85.71428571428572,905.7142857142858,120.0,23.717363497569632,5259786.681587898
85.71428571428572,905.7142857142858,285.7142857142857,23.61515706449969,4679679.910179832
85.71428571428572,905.7142857142858,451.42857142857144,23.519923514419506,4630727.719503053
85.71428571428572,905.7142857142858,617.1428571428571,23.432273681385063,4676708.938977642
85.71428571428572,905.7142857142858,782.8571428571429,23.351855580216462,4745634.907338327
85.71428571428572,905.7142857142858,948.5714285714287,23.278551668975798,4815681.777222575
85.71428571428572,905.7142857142858,1114.2857142857142,23.212111939097277,4879650.392327118
85.71428571428572,905.7142857142858,1280.0,23.152100635661064,4935649.5211400995
85.71428571428572,905.7142857142858,1445.7142857142858,23.097967300958373,4983790.236959011
85.71428571428572,905.7142857142858,1611.4285714285716,23.049122478566254,5024880.789910348
85.71428571428572,905.7142857142858,1777.1428571428573,23.00498873087688,5059898.089781955
85.71428571428572,905.7142857142858,1942.857142857143,22.96502846091413,5089780.474465338
85.71428571428572,905.7142857142858,2108.5714285714284,22.92875600627967,5115356.282133223
85.71428571428572,905.7142857142858,2274.285714285714,22.895740452253563,5137329.199332714
85.71428571428572,905.7142857142858,2440.0,22.865603498439157,5156286.017958306
85.71428571428572,905.7142857142858,2605.714285714286,22.8380150015504,5172711.854668346
85.71428571428572,905.7142857142858,2771.4285714285716,22.812687680234365,5187006.503590744
85.71428571428572,905.7142857142858,2937.1428571428573,22.789371774417518,5199499.441129233
85.71428571428572,905.7142857142858,3102.857142857143,22.767850048781487,5210462.701446441
85.71428571428572,905.7142857142858,3268.571428571429,22.74793330451539,5220121.563585028
85.71428571428572,905.7142857142858,3434.2857142857147,22.729456442283862,5228663.269703097
85.71428571428572,905.7142857142858,3600.0,22.712275057803062,5236244.074665672
85.71428571428572,952.8571428571429,120.0,23.712143508736386,5591628.487191729
85.71428571428572,952.8571428571429,285.7142857142857,23.60625207833556,4910235.297403174
85.71428571428572,952.8571428571429,451.42857142857144,23.509246966926494,4836466.524656517
85.71428571428572,952.8571428571429,617.1428571428571,23.42060390405741,4872394.276926334
85.71428571428572,952.8571428571429,782.8571428571429,23.33959329651087,4936572.764117934
85.71428571428572,952.8571428571429,948.5714285714287,23.265926949586344,5004266.458023474
85.71428571428572,952.8571428571429,1114.2857142857142,23.19926335261539,5067092.7001836
85.71428571428572,952.8571428571429,1280.0,23.139113624443183,5122602.060662114
85.71428571428572,952.8571428571429,1445.7142857142858,23.084895249740324,5170617.380662287
85.71428571428572,952.8571428571429,1611.4285714285716,23.0359989981081,5211788.914918769
85.71428571428572,952.8571428571429,1777.1428571428573,22.991835051610668,5247003.329151353
85.71428571428572,952.8571428571429,1942.857142857143,22.951857974368153,5277145.930204492
85.71428571428572,952.8571428571429,2108.5714285714284,22.915577097442895,5303013.3138439795
85.71428571428572,952.8571428571429,2274.285714285714,22.882558288566536,5325289.988618797
85.71428571428572,952.8571428571429,2440.0,22.852421172165812,5344551.163905711
85.71428571428572,952.8571428571429,2605.714285714286,22.824834266118142,5361275.049432177
85.71428571428572,952.8571428571429,2771.4285714285716,22.799509428575234,5375857.447915478
85.71428571428572,952.8571428571429,2937.1428571428573,22.776196351600802,5388625.676588214
85.71428571428572,952.8571428571429,3102.857142857143,22.754677457181344,5399850.764550456
85.71428571428572,952.8571428571429,3268.571428571429,22.734763338689664,5409757.709613994
85.71428571428572,952.8571428571429,3434.2857142857147,22.71628877754397,5418533.92071128
85.71428571428572,952.8571428571429,3600.0,22.6991093080929,5426336.08942654
85.71428571428572,1000.0,120.0,23.706771268932915,5927992.513818286
85.71428571428572,1000.0,285.7142857142857,23.597394791883197,5141557.603796696
85.71428571428572,1000.0,451.42857142857144,23.49876127175659,5042144.908900562
85.71428571428572,1000.0,617.1428571428571,23.40922137075356,5067655.80753923
85.71428571428572,1000.0,782.8571428571429,23.327685248979808,5126873.112726108
85.71428571428572,1000.0,948.5714285714287,23.253704660605127,5192066.267605084
85.71428571428572,1000.0,1114.2857142857142,23.18685306423843,5253638.741494181
85.71428571428572,1000.0,1280.0,23.12659249761874,5308569.393043598
85.71428571428572,1000.0,1445.7142857142858,23.072310966610896,5356385.846197448
85.71428571428572,1000.0,1611.4285714285716,23.02338114127814,5397576.292660714
85.71428571428572,1000.0,1777.1428571428573,22.97920193122558,5432934.552208687
85.71428571428572,1000.0,1942.857142857143,22.93922080926587,5463291.112364664
85.71428571428572,1000.0,2108.5714285714284,22.90294261483227,5489409.529770343
85.71428571428572,1000.0,2274.285714285714,22.869930360251516,5511954.156853119
85.71428571428572,1000.0,2440.0,22.839801854896663,5531487.860829561
85.71428571428572,1000.0,2605.714285714286,22.812224468601215,5548481.34146513
85.71428571428572,1000.0,2771.4285714285716,22.786909341860344,5563325.923216208
85.71428571428572,1000.0,2937.1428571428573,22.76360572795421,5576346.365802376
85.71428571428572,1000.0,3102.857142857143,22.742095791065328,5587812.363761194
85.71428571428572,1000.0,3268.571428571429,22.722189984008033,5597948.35861013
85.71428571428572,1000.0,3434.2857142857147,22.70372302313694,5606941.694618509
85.71428571428572,1000.0,3600.0,22.686550425759354,5614949.304005618
121.42857142857143,10.0,120.0,23.771377694452404,196191.06010957007
121.42857142857143,10.0,285.7142857142857,23.77130337362856,149092.58786955843
121.42857142857143,10.0,451.42857142857144,23.77112111031525,138052.47650699993
121.42857142857143,10.0,617.1428571428571,23.77083032762195,135537.5097658883
121.42857142857143,10.0,782.8571428571429,23.77046462955189,133880.43073167244
121.42857142857143,10.0,948.5714285714287,23.770068959093077,131550.1146262123
121.42857142857143,10.0,1114.2857142857142,23.769677776904278,128596.18836831968
121.42857142857143,10.0,1280.0,23.769310767107363,125330.65762080252
121.42857142857143,10.0,1445.7142857142858,23.768976471365953,122008.28313430096
121.42857142857143,10.0,1611.4285714285716,23.76867678699746,118786.47889213788
121.42857142857143,10.0,1777.1428571428573,23.76841020532798,115747.9613082659
121.42857142857143,10.0,1942.857142857143,23.76817374145663,112928.00684856634
121.42857142857143,10.0,2108.5714285714284,23.76796396909302,110334.4257114431
121.42857142857143,10.0,2274.285714285714,23.767777528629924,107960.24921249301
121.42857142857143,10.0,2440.0,23.76761134859703,105791.27431423061
121.42857142857143,10.0,2605.714285714286,23.767462719724943,103810.36594890695
121.42857142857143,10.0,2771.4285714285716,23.76732929763907,101999.81711355397
121.42857142857143,10.0,2937.1428571428573,23.767209074098666,100342.57812449425
121.42857142857143,10.0,3102.857142857143,23.76710033700561,98822.8410832235
121.42857142857143,10.0,3268.571428571429,23.76700162896528,97426.26468319098
121.42857142857143,10.0,3434.2857142857147,23.76691170876777,96140.00451519362
121.42857142857143,10.0,3600.0,23.766829517422355,94952.64353424193
121.42857142857143,57.142857142857146,120.0,23.77126045840392,313668.33120349137
121.42857142857143,57.142857142857146,285.7142857142857,23.769155304786374,418261.072958353
121.42857142857143,57.142857142857146,451.42857142857144,23.76324576088893,499331.05230239866
121.42857142857143,57.142857142857146,617.1428571428571,23.75358365339463,563808.5806719739
121.42857142857143,57.142857142857146,782.8571428571429,23.741207541143595,613063.9741342943
121.42857142857143,57.142857142857146,948.5714285714287,23.727378660000113,649374.559520721
121.42857142857143,57.142857142857146,1114.2857142857142,23.713124843259788,675549.0394233903
121.42857142857143,57.142857142857146,1280.0,23.69913182575678,694139.3623915298
121.42857142857143,57.142857142857146,1445.7142857142858,23.685796773968573,707177.8559744977
121.42857142857143,57.142857142857146,1611.4285714285716,23.673316206637285,716189.2003640311
121.42857142857143,57.142857142857146,1777.1428571428573,23.66176069952862,722286.6464227326
121.42857142857143,57.142857142857146,1942.857142857143,23.65112736210439,726274.1914738062
121.42857142857143,57.142857142857146,2108.5714285714284,23.641373560714673,728731.0414757543
121.42857142857143,57.142857142857146,2274.285714285714,23.632437479166406,730075.2958384404
121.42857142857143,57.142857142857146,2440.0,23.6242501622357,730610.0657837006
121.42857142857143,57.142857142857146,2605.714285714286,23.616742283762832,730556.2855192872
121.42857142857143,57.142857142857146,2771.4285714285716,23.60984773709386,730075.9106948165
121.42857142857143,57.142857142857146,2937.1428571428573,23.603505354068837,729288.3203405138
121.42857142857143,57.142857142857146,3102.857142857143,23.597659548095873,728281.9542136387
121.42857142857143,57.142857142857146,3268.571428571429,23.592260358724896,727122.6149873252
121.42857142857143,57.142857142857146,3434.2857142857147,23.58726318063461,725859.4300043567
121.42857142857143,57.142857142857146,3600.0,23.582628342313004,724529.1626912742
121.42857142857143,104.28571428571429,120.0,23.770716775392938,584940.2973286504
121.42857142857143,104.28571428571429,285.7142857142857,23.76293621421961,763649.0363969018
121.42857142857143,104.28571428571429,451.42857142857144,23.74610928265349,882471.7739071965
121.42857142857143,104.28571428571429,617.1428571428571,23.72245092001139,974799.6586791407
121.42857142857143,104.28571428571429,782.8571428571429,23.694709197234108,1046254.6791538488
121.42857142857143,104.28571428571429,948.5714285714287,23.66530223525391,1100517.106525049
121.42857142857143,104.28571428571429,1114.2857142857142,23.635951342663702,1141204.7189583725
121.42857142857143,104.28571428571429,1280.0,23.607709173028766,1171507.87990409
121.42857142857143,104.28571428571429,1445.7142857142858,23.581133275014903,1193995.8911682987
121.42857142857143,104.28571428571429,1611.4285714285716,23.556459018813417,1210639.6249251128
121.42857142857143,104.28571428571429,1777.1428571428573,23.533728802357135,1222915.5359990215
121.42857142857143,104.28571428571429,1942.857142857143,23.51287761699385,1231918.81930486
121.42857142857143,104.28571428571429,2108.5714285714284,23.493786117906165,1238460.0724696687
121.42857142857143,104.28571428571429,2274.285714285714,23.476312100547574,1243140.5076414493
121.42857142857143,104.28571428571429,2440.0,23.46030842321601,1246408.031509599
121.42857142857143,104.28571428571429,2605.714285714286,23.445632705315646,1248598.2432613613
121.42857142857143,104.28571428571429,2771.4285714285716,23.432152156742937,1249964.169669914
121.42857142857143,104.28571428571429,2937.1428571428573,23.419745592220373,1250697.801259761
121.42857142857143,104.28571428571429,3102.857142857143,23.408303865761585,1250945.727193532
121.42857142857143,104.28571428571429,3268.571428571429,23.397729458112384,1250820.5377927548
121.42857142857143,104.28571428571429,3434.2857142857147,23.38793564599428,1250409.1888991883
121.42857142857143,104.28571428571429,3600.0,23.378845499585115,1249779.177569999
121.42857142857143,151.42857142857144,120.0,23.769598489422723,875802.3378915943
121.42857142857143,151.42857142857144,285.7142857142857,23.75421342359458,1087247.091872947
121.42857142857143,151.42857142857144,451.42857142857144,23.72612253596726,1224418.6377965733
121.42857142857143,151.42857142857144,617.1428571428571,23.690115277198537,1331044.0354131956
121.42857142857143,151.42857142857144,782.8571428571429,23.650125086075974,1414436.4830464406
121.42857142857143,151.42857142857144,948.5714285714287,23.609118730669962,1478770.2146629058
121.42857142857143,151.42857142857144,1114.2857142857142,23.569039638378374,1527926.7670213631
121.42857142857143,151.42857142857144,1280.0,23.530995172686584,1565322.2812881356
121.42857142857143,151.42857142857144,1445.7142857142858,23.495515847290417,1593737.305362659
121.42857142857143,151.42857142857144,1611.4285714285716,23.462773481249826,1615333.9220739328
121.42857142857143,151.42857142857144,1777.1428571428573,23.43273373615665,1631754.8611023803
121.42857142857143,151.42857142857144,1942.857142857143,23.405253377699594,1644235.833341467
121.42857142857143,151.42857142857144,2108.5714285714284,23.380138912670223,1653704.0675594956
121.42857142857143,151.42857142857144,2274.285714285714,23.357180424661962,1660856.5776131363
121.42857142857143,151.42857142857144,2440.0,23.33617020123542,1666219.5434750367
121.42857142857143,151.42857142857144,2605.714285714286,23.316912310442792,1670192.3918400074
121.42857142857143,151.42857142857144,2771.4285714285716,23.299226924319242,1673080.212990154
121.42857142857143,151.42857142857144,2937.1428571428573,23.28295167738302,1675117.5412048264
121.42857142857143,151.42857142857144,3102.857142857143,23.267941416693887,1676485.8264157514
121.42857142857143,151.42857142857144,3268.571428571429,23.254067136267267,1677326.3209426322
121.42857142857143,151.42857142857144,3434.2857142857147,23.241214551358755,1677749.6348825514
121.42857142857143,151.42857142857144,3600.0,23.229282568003107,1677842.8644807332
121.42857142857143,198.57142857142858,120.0,23.767905919465466,1174547.6250828141
121.42857142857143,198.57142857142858,285.7142857142857,23.74422945592804,1391465.7001894938
121.42857142857143,198.57142857142858,451.42857142857144,23.705930646305326,1535847.928010198
121.42857142857143,198.57142857142858,617.1428571428571,23.659874783667227,1649618.2905843004
121.42857142857143,198.57142857142858,782.8571428571429,23.610602629258914,1739738.1396630316
121.42857142857143,198.57142857142858,948.5714285714287,23.561229514248755,1810188.3477104052
121.42857142857143,198.57142857142858,1114.2857142857142,23.51367732265776,1864769.8220129749
121.42857142857143,198.57142857142858,1280.0,23.468972341132112,1906902.1339616075
121.42857142857143,198.57142857142858,1445.7142857142858,23.427549831768346,1939416.3522879232
121.42857142857143,198.57142857142858,1611.4285714285716,23.38948991426386,1964544.940557536
121.42857142857143,198.57142857142858,1777.1428571428573,23.35467611929854,1984004.9612911309
121.42857142857143,198.57142857142858,1942.857142857143,23.322893879607573,1999102.3955251714
121.42857142857143,198.57142857142858,2108.5714285714284,23.293888567142353,2010827.297603737
121.42857142857143,198.57142857142858,2274.285714285714,23.267398135164658,2019931.1502675326
121.42857142857143,198.57142857142858,2440.0,23.2431704578738,2026986.539135789
121.42857142857143,198.57142857142858,2605.714285714286,23.220971713934084,2032432.042254888
121.42857142857143,198.57142857142858,2771.4285714285716,23.200589669879317,2036605.61452755
121.42857142857143,198.57142857142858,2937.1428571428573,23.181834157066767,2039769.321330719
121.42857142857143,198.57142857142858,3102.857142857143,23.164536084634033,2042127.6738710387
121.42857142857143,198.57142857142858,3268.571428571429,23.14854576138145,2043841.2650661627
121.42857142857143,198.57142857142858,3434.2857142857147,23.13373096213557,2045036.9588043361
121.42857142857143,198.57142857142858,3600.0,23.11997497604818,2045815.5469241655
121.42857142857143,245.71428571428572,120.0,23.765679380953678,1479942.1807212266
121.42857142857143,245.71428571428572,285.7142857142857,23.733621622032594,1682176.7564193695
121.42857142857143,245.71428571428572,451.42857142857144,23.68637750925261,1826253.7539720763
121.42857142857143,245.71428571428572,617.1428571428571,23.632212058673755,1942667.8975810215
121.42857142857143,245.71428571428572,782.8571428571429,23.575853981052912,2036363.8199861585
121.42857142857143,245.71428571428572,948.5714285714287,23.520342212220275,2110578.7118244017
121.42857142857143,245.71428571428572,1114.2857142857142,23.4674631293601,2168780.1805330766
121.42857142857143,245.71428571428572,1280.0,23.41810950248606,2214244.699173239
121.42857142857143,245.71428571428572,1445.7142857142858,23.372602149056167,2249756.0971760787
121.42857142857143,245.71428571428572,1611.4285714285716,23.330927730798567,2277547.1518622395
121.42857142857143,245.71428571428572,1777.1428571428573,23.29289459558438,2299357.25503447
121.42857142857143,245.71428571428572,1942.857142857143,23.25822772707101,2316523.3564101346
121.42857142857143,245.71428571428572,2108.5714285714284,23.22662360998658,2330068.309225131
121.42857142857143,245.71428571428572,2274.285714285714,23.197780328363077,2340774.9427427426
121.42857142857143,245.71428571428572,2440.0,23.171412945533188,2349244.323274859
121.42857142857143,245.71428571428572,2605.714285714286,23.147260396752177,2355940.198182873
121.42857142857143,245.71428571428572,2771.4285714285716,23.125087637938872,2361222.415404893
121.42857142857143,245.71428571428572,2937.1428571428573,23.104685253569198,2365371.912006976
121.42857142857143,245.71428571428572,3102.857142857143,23.085867797943695,2368609.387225638
121.42857142857143,245.71428571428572,3268.571428571429,23.06847159270516,2371109.289080149
121.42857142857143,245.71428571428572,3434.2857142857147,23.052352379714822,2373010.334109184
121.42857142857143,245.71428571428572,3600.0,23.037383040139794,2374423.460672008
121.42857142857143,292.8571428571429,120.0,23.762963969876623,1792222.1586661143
121.42857142857143,292.8571428571429,285.7142857142857,23.722712303201547,1963725.2393410525
121.42857142857143,292.8571428571429,451.42857142857144,23.667682490810815,2101976.3489206107
121.42857142857143,292.8571428571429,617.1428571428571,23.606915378965112,2217909.9838070767
121.42857142857143,292.8571428571429,782.8571428571429,23.545049155770183,2313065.8593962393
121.42857142857143,292.8571428571429,948.5714285714287,23.484925187206887,2389488.9669215614
121.42857142857143,292.8571428571429,1114.2857142857142,23.428144734010807,2450118.6850461946
121.42857142857143,292.8571428571429,1280.0,23.37545108086494,2497983.1554262238
121.42857142857143,292.8571428571429,1445.7142857142858,23.32705031514456,2535752.9468155876
121.42857142857143,292.8571428571429,1611.4285714285716,23.28284232909201,2565615.750022555
121.42857142857143,292.8571428571429,1777.1428571428573,23.242569694822908,2589300.3844500585
121.42857142857143,292.8571428571429,1942.857142857143,23.205907004969852,2608150.192159691
121.42857142857143,292.8571428571429,2108.5714285714284,23.17251158996467,2623202.122028535
121.42857142857143,292.8571428571429,2274.285714285714,23.142050646402907,2635255.933638681
121.42857142857143,292.8571428571429,2440.0,23.114214508689905,2644929.9538062206
121.42857142857143,292.8571428571429,2605.714285714286,23.088722039346617,2652704.2955403337
121.42857142857143,292.8571428571429,2771.4285714285716,23.06532169632451,2658953.7424759213
121.42857142857143,292.8571428571429,2937.1428571428573,23.043790351917785,2663972.5687355935
121.42857142857143,292.8571428571429,3102.857142857143,23.02393104981883,2667993.2313902765
121.42857142857143,292.8571428571429,3268.571428571429,23.00557036348354,2671200.4665637035
121.42857142857143,292.8571428571429,3434.2857142857147,22.988555714030458,2673741.955407563
121.42857142857143,292.8571428571429,3600.0,22.97275283025556,2675736.4320541034
121.42857142857143,340.0,120.0,23.759800737857592,2111721.395034441
121.42857142857143,340.0,285.7142857142857,23.711670199516906,2239050.637358435
121.42857142857143,340.0,451.42857142857144,23.649851117119603,2367186.4856638857
121.42857142857143,340.0,617.1428571428571,23.583642702604617,2480324.3052898506
121.42857142857143,340.0,782.8571428571429,23.517413726638413,2575414.1172394063
121.42857142857143,340.0,948.5714285714287,23.453745794534615,2652936.175650281
121.42857142857143,340.0,1114.2857142857142,23.394037372050878,2715146.094499323
121.42857142857143,340.0,1280.0,23.338882294690816,2764743.870189826
121.42857142857143,340.0,1445.7142857142858,23.288378676734656,2804239.0341827776
121.42857142857143,340.0,1611.4285714285716,23.24234847833342,2835742.445505684
121.42857142857143,340.0,1777.1428571428573,23.20047747308231,2860949.827367075
121.42857142857143,340.0,1942.857142857143,23.162398211883783,2881194.274646758
121.42857142857143,340.0,2108.5714285714284,23.12773633763662,2897514.221351088
121.42857142857143,340.0,2274.285714285714,23.096134711242218,2910716.63455133
121.42857142857143,340.0,2440.0,23.067264633924662,2921429.510601888
121.42857142857143,340.0,2605.714285714286,23.040829826708915,2930143.342736211
121.42857142857143,340.0,2771.4285714285716,23.016566513800143,2937243.091395821
121.42857142857143,340.0,2937.1428571428573,22.99424154465077,2943032.556198713
121.42857142857143,340.0,3102.857142857143,22.973649649288745,2947752.878796025
121.42857142857143,340.0,3268.571428571429,22.954610429339283,2951596.590077858
121.42857142857143,340.0,3434.2857142857147,22.936965402513728,2954718.301189145
121.42857142857143,340.0,3600.0,22.92057525589699,2957242.872626258
121.42857142857143,387.14285714285717,120.0,23.75622557046295,2438619.1460875655
121.42857142857143,387.14285714285717,285.7142857142857,23.70058697379292,2510132.1691869213
121.42857142857143,387.14285714285717,451.42857142857144,23.632819717721357,2624683.3686696514
121.42857142857143,387.14285714285717,617.1428571428571,23.562070545747712,2733226.3846836565
121.42857142857143,387.14285714285717,782.8571428571429,23.492326944136362,2827090.983990252
121.42857142857143,387.14285714285717,948.5714285714287,23.42588224449187,2904877.559220246
121.42857142857143,387.14285714285717,1114.2857142857142,23.363930451977406,2968030.455085739
121.42857142857143,387.14285714285717,1280.0,23.30692288858697,3018858.5008265963
121.42857142857143,387.14285714285717,1445.7142857142858,23.254858709624234,3059673.8083614614
121.42857142857143,387.14285714285717,1611.4285714285716,23.207490725411898,3092486.9030495374
121.42857142857143,387.14285714285717,1777.1428571428573,23.16445573769608,3118944.0415852196
121.42857142857143,387.14285714285717,1942.857142857143,23.12535099449169,3140356.1005934468
121.42857142857143,387.14285714285717,2108.5714285714284,23.08977617658698,3157753.9651085045
121.42857142857143,387.14285714285717,2274.285714285714,23.05735465440899,3171944.8460842255
121.42857142857143,387.14285714285717,2440.0,23.027742798271195,3183560.9600269333
121.42857142857143,387.14285714285717,2605.714285714286,23.00063267000387,3193098.866494756
121.42857142857143,387.14285714285717,2771.4285714285716,22.975751226802817,3200950.2555793314
121.42857142857143,387.14285714285717,2937.1428571428573,22.95285783306685,3207425.675696439
121.42857142857143,387.14285714285717,3102.857142857143,22.931741085181642,3212772.7004990694
121.42857142857143,387.14285714285717,3268.571428571429,22.912215493534017,3217189.816407875
121.42857142857143,387.14285714285717,3434.2857142857147,22.894118301427696,3220837.053813939
121.42857142857143,387.14285714285717,3600.0,22.877306570964677,3223844.151691029
121.42857142857143,434.28571428571433,120.0,23.75227011885722,2772911.3992500347
121.42857142857143,434.28571428571433,285.7142857142857,23.68951439859885,2778313.205403907
121.42857142857143,434.28571428571433,451.42857142857144,23.61650814042784,2876391.0876294016
121.42857142857143,434.28571428571433,617.1428571428571,23.541927060341138,2978891.666718048
121.42857142857143,434.28571428571433,782.8571428571429,23.46931027777147,3070615.769429109
121.42857142857143,434.28571428571433,948.5714285714287,23.40065377307205,3148013.306511751
121.42857142857143,434.28571428571433,1114.2857142857142,23.336953414727578,3211610.574208456
121.42857142857143,434.28571428571433,1280.0,23.27852766660398,3263273.9331638743
121.42857142857143,434.28571428571433,1445.7142857142858,23.225286037661057,3305089.280676581
121.42857142857143,434.28571428571433,1611.4285714285716,23.176920195910586,3338948.6303156656
121.42857142857143,434.28571428571433,1777.1428571428573,23.13302459638003,3366436.30890866
121.42857142857143,434.28571428571433,1942.857142857143,23.093166605006502,3388831.944424353
121.42857142857143,434.28571428571433,2108.5714285714284,23.05692437718724,3407152.086573628
121.42857142857143,434.28571428571433,2274.285714285714,23.02390544284378,3422198.9629284246
121.42857142857143,434.28571428571433,2440.0,22.993754265202245,3434604.9130491293
121.42857142857143,434.28571428571433,2605.714285714286,22.966153770813744,3444869.309447604
121.42857142857143,434.28571428571433,2771.4285714285716,22.940823772050692,3453387.9616729994
121.42857142857143,434.28571428571433,2937.1428571428573,22.917517945093074,3460476.0546644134
121.42857142857143,434.28571428571433,3102.857142857143,22.896020283905674,3466385.871902604
121.42857142857143,434.28571428571433,3268.571428571429,22.87614152032284,3471320.441783289
121.42857142857143,434.28571428571433,3434.2857142857147,22.857715754802086,3475444.0465733223
121.42857142857143,434.28571428571433,3600.0,22.840597404878718,3478890.3341712
121.42857142857143,481.42857142857144,120.0,23.74796301211978,3114434.4121920033
121.42857142857143,481.42857142857144,285.7142857142857,23.678483094794956,3044510.7303150045
121.42857142857143,481.42857142857144,451.42857142857144,23.6008388929379,3123660.2120973296
121.42857142857143,481.42857142857144,617.1428571428571,23.522992442673065,3218922.971775951
121.42857142857143,481.42857142857144,782.8571428571429,23.44799746190254,3307762.577670346
121.42857142857143,481.42857142857144,948.5714285714287,23.377554774236582,3384243.407112078
121.42857142857143,481.42857142857144,1114.2857142857142,23.312472265322,3447882.838669313
121.42857142857143,481.42857142857144,1280.0,23.252945959304533,3500062.0482095755
121.42857142857143,481.42857142857144,1445.7142857142858,23.198804548615442,3542617.2600599416
121.42857142857143,481.42857142857144,1611.4285714285716,23.149685623086675,3577307.438890863
121.42857142857143,481.42857142857144,1777.1428571428573,23.105146853917553,3605645.1465467378
121.42857142857143,481.42857142857144,1942.857142857143,23.064730110564554,3628871.69401904
121.42857142857143,481.42857142857144,2108.5714285714284,23.02799550930174,3647984.0050126566
121.42857142857143,481.42857142857144,2274.285714285714,22.994537541607222,3663775.2526600175
121.42857142857143,481.42857142857144,2440.0,22.963991042027036,3676874.7055402338
121.42857142857143,481.42857142857144,2605.714285714286,22.936031675265156,3687782.006974053
121.42857142857143,481.42857142857144,2771.4285714285716,22.910373665308043,3696895.0399389216
121.42857142857143,481.42857142857144,2937.1428571428573,22.886766305364805,3704531.9640263747
121.42857142857143,481.42857142857144,3102.857142857143,22.86499009083207,3710948.4121054905
121.42857142857143,481.42857142857144,3268.571428571429,22.84485291560375,3716350.8331458163
121.42857142857143,481.42857142857144,3434.2857142857147,22.8261865442665,3720906.831131932
121.42857142857143,481.42857142857144,3600.0,22.80884344637255,3724753.1869089054
121.42857142857143,528.5714285714286,120.0,23.743330838139265,3462899.057566043
121.42857142857143,528.5714285714286,285.7142857142857,23.66751230387875,3309350.0731152073
121.42857142857143,528.5714285714286,451.42857142857144,23.585743426630696,3367454.759301558
121.42857142857143,528.5714285714286,617.1428571428571,23.50509113405096,3454473.8938073814
121.42857142857143,528.5714285714286,782.8571428571429,23.428106991948347,3539811.0559301917
121.42857142857143,528.5714285714286,948.5714285714287,23.356205350344997,3614939.325168999
121.42857142857143,528.5714285714286,1114.2857142857142,23.290017892920165,3678288.9415248292
121.42857142857143,528.5714285714286,1280.0,23.22962847199196,3730719.744592152
121.42857142857143,528.5714285714286,1445.7142857142858,23.174793034269143,3773798.7668279167
121.42857142857143,528.5714285714286,1611.4285714285716,23.125101244382854,3809140.005725763
121.42857142857143,528.5714285714286,1777.1428571428573,23.080078664030133,3838176.282903783
121.42857142857143,528.5714285714286,1942.857142857143,23.039245246633666,3862104.900507599
121.42857142857143,528.5714285714286,2108.5714285714284,23.002145848625585,3881898.911164264
121.42857142857143,528.5714285714286,2274.285714285714,22.968364112979707,3898339.1707370486
121.42857142857143,528.5714285714286,2440.0,22.93752699706573,3912049.3153749444
121.42857142857143,528.5714285714286,2605.714285714286,22.909304324360342,3923527.2169959974
121.42857142857143,528.5714285714286,2771.4285714285716,22.883405897511633,3933171.1842633495
121.42857142857143,528.5714285714286,2937.1428571428573,22.8595775965182,3941301.00909343
121.42857142857143,528.5714285714286,3102.857142857143,22.837597232260677,3948174.5713059637
121.42857142857143,528.5714285714286,3268.571428571429,22.817270550219842,3954000.8285825644
121.42857142857143,528.5714285714286,3434.2857142857147,22.798427567850503,3958949.947586026
121.42857142857143,528.5714285714286,3600.0,22.78091931299811,3963161.206599065
121.42857142857143,575.7142857142858,120.0,23.738398807692953,3817924.1481772223
121.42857142857143,575.7142857142858,285.7142857142857,23.656615093410117,3573253.519866706
121.42857142857143,575.7142857142858,451.42857142857144,23.571163397396166,3608471.6612034854
121.42857142857143,575.7142857142858,617.1428571428571,23.488083116433376,3686389.4741142634
121.42857142857143,575.7142857142858,782.8571428571429,23.409420661381464,3767702.765389876
121.42857142857143,575.7142857142858,948.5714285714287,23.33631622034816,3841112.2982616182
121.42857142857143,575.7142857142858,1114.2857142857142,23.269237503900964,3903893.3208869593
121.42857142857143,575.7142857142858,1280.0,23.20816590063117,3956353.395227955
121.42857142857143,575.7142857142858,1445.7142857142858,23.152791865509787,3999773.876049178
121.42857142857143,575.7142857142858,1611.4285714285716,23.102662477364536,4035613.8442874844
121.42857142857143,575.7142857142858,1777.1428571428573,23.057275133870487,4065219.7823049636
121.42857142857143,575.7142857142858,1942.857142857143,23.016130825120037,4089740.3006993765
121.42857142857143,575.7142857142858,2108.5714285714284,22.978761394275665,4110121.099242324
121.42857142857143,575.7142857142858,2274.285714285714,22.944741375609087,4127128.0430998583
121.42857142857143,575.7142857142858,2440.0,22.91369122022801,4141377.0363841667
121.42857142857143,575.7142857142858,2605.714285714286,22.88527600829059,4153362.503324673
121.42857142857143,575.7142857142858,2771.4285714285716,22.859202013450304,4163481.8230649563
121.42857142857143,575.7142857142858,2937.1428571428573,22.835212437405502,4172055.313176439
121.42857142857143,575.7142857142858,3102.857142857143,22.813083018903765,4179342.1891158586
121.42857142857143,575.7142857142858,3268.571428571429,22.792617870603095,4185553.161377128
121.42857142857143,575.7142857142858,3434.2857142857147,22.773645700906485,4190860.3282573586
121.42857142857143,575.7142857142858,3600.0,22.756016471195558,4195404.935573651
121.42857142857143,622.8571428571429,120.0,23.733191149144364,4179065.256162609
121.42857142857143,622.8571428571429,285.7142857142857,23.64580115342504,3836500.1597560598
121.42857142857143,622.8571428571429,451.42857142857144,23.55705002211886,3847219.465911708
121.42857142857143,622.8571428571429,617.1428571428571,23.471856315700197,3915297.7606895696
121.42857142857143,622.8571428571429,782.8571428571429,23.391767598867606,3992142.1635628548
121.42857142857143,622.8571428571429,948.5714285714287,23.31766409981341,4063521.450611456
121.42857142857143,622.8571428571429,1114.2857142857142,23.24986160456583,4125496.740611115
121.42857142857143,622.8571428571429,1280.0,23.188248025135124,4177796.642207099
121.42857142857143,622.8571428571429,1445.7142857142858,23.132454795863886,4221402.766826479
121.42857142857143,622.8571428571429,1611.4285714285716,23.081991045840148,4257610.867307256
121.42857142857143,622.8571428571429,1777.1428571428573,23.036329359308116,4287675.5463684555
121.42857142857143,622.8571428571429,1942.857142857143,22.994954222569227,4312692.809287824
121.42857142857143,622.8571428571429,2108.5714285714284,22.957386304944436,4333578.099839368
121.42857142857143,622.8571428571429,2274.285714285714,22.923192434786277,4351080.065006599
121.42857142857143,622.8571428571429,2440.0,22.891987647351687,4365805.126753904
121.42857142857143,622.8571428571429,2605.714285714286,22.86343314240814,4378242.862692696
121.42857142857143,622.8571428571429,2771.4285714285716,22.83723235880114,4388788.589539106
121.42857142857143,622.8571428571429,2937.1428571428573,22.813126386658176,4397762.223495002
121.42857142857143,622.8571428571429,3102.857142857143,22.790889361369764,4405423.550563682
121.42857142857143,622.8571428571429,3268.571428571429,22.77032415504174,4411984.397939555
121.42857142857143,622.8571428571429,3434.2857142857147,22.75125849864818,4417618.263222575
121.42857142857143,622.8571428571429,3600.0,22.733541569998355,4422467.9116528835
121.42857142857143,670.0,120.0,23.72773130866472,4545838.32155894
121.42857142857143,670.0,285.7142857142857,23.63507829196529,4099267.291484121
121.42857142857143,670.0,451.42857142857144,23.543362810965302,4084071.634340309
121.42857142857143,670.0,617.1428571428571,23.45632046931641,4141671.1800140603
121.42857142857143,670.0,782.8571428571429,23.375012553286197,4213663.852283787
121.42857142857143,670.0,948.5714285714287,23.300074355403865,4282745.478131591
121.42857142857143,670.0,1114.2857142857142,23.231681279924004,4343711.384136731
121.42857142857143,670.0,1280.0,23.169635989630745,4395688.130751448
121.42857142857143,670.0,1445.7142857142858,23.113516655160893,4439345.50903774
121.42857142857143,670.0,1611.4285714285716,23.062798491984516,4475808.772370074
121.42857142857143,670.0,1777.1428571428573,23.01693213506858,4506235.945122112
121.42857142857143,670.0,1942.857142857143,22.97538763523022,4531667.11902669
121.42857142857143,670.0,2108.5714285714284,22.93767601172778,4552985.031847082
121.42857142857143,670.0,2274.285714285714,22.903357533137743,4570919.233166131
121.42857142857143,670.0,2440.0,22.872042698671663,4586065.185449029
121.42857142857143,670.0,2605.714285714286,22.84338951616683,4598906.437376332
121.42857142857143,670.0,2771.4285714285716,22.817099138013972,4609835.284236245
121.42857142857143,670.0,2937.1428571428573,22.792910986585884,4619170.454705154
121.42857142857143,670.0,3102.857142857143,22.770597958311356,4627171.6552229095
121.42857142857143,670.0,3268.571428571429,22.74996198776365,4634051.288058241
121.42857142857143,670.0,3434.2857142857147,22.73083008332065,4639983.7959029125
121.42857142857143,670.0,3600.0,22.713050855667113,4645113.080263649
121.42857142857143,717.1428571428572,120.0,23.72204202345374,4917738.35273944
121.42857142857143,717.1428571428572,285.7142857142857,23.624453219579536,4361659.646444411
121.42857142857143,717.1428571428572,451.42857142857144,23.53006820143867,4319303.500852339
121.42857142857143,717.1428571428572,617.1428571428571,23.441402324931246,4365868.736345707
121.42857142857143,717.1428571428572,782.8571428571429,23.359047296988535,4432678.568145221
121.42857142857143,717.1428571428572,948.5714285714287,23.28340866177724,4499231.498724968
121.42857142857143,717.1428571428572,1114.2857142857142,23.21453232208398,4559011.908140373
121.42857142857143,717.1428571428572,1280.0,23.152143179244323,4610524.278656552
121.42857142857143,717.1428571428572,1445.7142857142858,23.09577126068488,4654116.176539133
121.42857142857143,717.1428571428572,1611.4285714285716,23.044861394858835,4690736.2108313525
121.42857142857143,717.1428571428572,1777.1428571428573,22.998844731833046,4721441.816606961
121.42857142857143,717.1428571428572,1942.857142857143,22.95717864161182,4747214.354098793
121.42857142857143,717.1428571428572,2108.5714285714284,22.919365769068293,4768901.769761407
121.42857142857143,717.1428571428572,2274.285714285714,22.884960770612523,4787212.915953813
121.42857142857143,717.1428571428572,2440.0,22.853570328384095,4802731.0368091045
121.42857142857143,717.1428571428572,2605.714285714286,22.824849814901963,4815932.643300063
121.42857142857143,717.1428571428572,2771.4285714285716,22.798498535171223,4827206.189736049
121.42857142857143,717.1428571428572,2937.1428571428573,22.774254596138494,4836868.544248271
121.42857142857143,717.1428571428572,3102.857142857143,22.75188994239114,4845178.776137145
121.42857142857143,717.1428571428572,3268.571428571429,22.73120580819703,4852349.397340727
121.42857142857143,717.1428571428572,3434.2857142857147,22.71202867775427,4858555.404615693
121.42857142857143,717.1428571428572,3600.0,22.694206762384326,4863941.50526085
121.42857142857143,764.2857142857143,120.0,23.716145319418313,5294253.86287312
121.42857142857143,764.2857142857143,285.7142857142857,23.61393194496763,4623730.333860066
121.42857142857143,764.2857142857143,451.42857142857144,23.517138299549845,4553118.421338781
121.42857142857143,764.2857142857143,617.1428571428571,23.427041925949148,4588165.666507059
121.42857142857143,764.2857142857143,782.8571428571429,23.3437842834055,4649505.361992013
121.42857142857143,764.2857142857143,948.5714285714287,23.26755611299654,4713329.135379706
121.42857142857143,764.2857142857143,1114.2857142857142,23.198283972050696,4771770.996978558
121.42857142857143,764.2857142857143,1280.0,23.135621795607978,4822695.983002262
121.42857142857143,764.2857142857143,1445.7142857142858,23.0790560275725,4866120.462928241
121.42857142857143,764.2857142857143,1611.4285714285716,23.028004203144985,4902811.123934611
121.42857142857143,764.2857142857143,1777.1428571428573,22.98188012114596,4933721.375370828
121.42857142857143,764.2857142857143,1942.857142857143,22.94012997136134,4959771.43407475
121.42857142857143,764.2857142857143,2108.5714285714284,22.902249102402898,4981772.670199469
121.42857142857143,764.2857142857143,2274.285714285714,22.867787350291113,5000411.868282687
121.42857142857143,764.2857142857143,2440.0,22.83634817432565,5016258.974237488
121.42857142857143,764.2857142857143,2605.714285714286,22.807584767063563,5029782.594574761
121.42857142857143,764.2857142857143,2771.4285714285716,22.781194941946367,5041366.637235546
121.42857142857143,764.2857142857143,2937.1428571428573,22.756915773593185,5051325.52949502
121.42857142857143,764.2857142857143,3102.857142857143,22.734518483708175,5059917.221872955
121.42857142857143,764.2857142857143,3268.571428571429,22.71380379417451,5067353.93323025
121.42857142857143,764.2857142857143,3434.2857142857147,22.694597821292067,5073810.875407167
121.42857142857143,764.2857142857143,3600.0,22.676748508516773,5079433.274509685
121.42857142857143,811.4285714285714,120.0,23.710062469326036,5674877.755272388
121.42857142857143,811.4285714285714,285.7142857142857,23.603519960627093,4885496.0241691
121.42857142857143,811.4285714285714,451.42857142857144,23.504549794997903,4785666.578870805
121.42857142857143,811.4285714285714,617.1428571428571,23.413189748551513,4808774.667081966
121.42857142857143,811.4285714285714,782.8571428571429,23.329151932413808,4864394.559365488
121.42857142857143,811.4285714285714,948.5714285714287,23.252426743168762,4925314.782622819
121.42857142857143,811.4285714285714,1114.2857142857142,23.18283081559465,4982284.641776654
121.42857142857143,811.4285714285714,1280.0,23.11995327809603,5032514.69668874
121.42857142857143,811.4285714285714,1445.7142857142858,23.063241058951146,5075682.391703945
121.42857142857143,811.4285714285714,1611.4285714285716,23.01208712519137,5112367.959251262
121.42857142857143,811.4285714285714,1777.1428571428573,22.965889782473496,5143417.8349536825
121.42857142857143,811.4285714285714,1942.857142857143,22.92408533303494,5169689.022879009
121.42857142857143,811.4285714285714,2108.5714285714284,22.88616274813171,5191954.783780595
121.42857142857143,811.4285714285714,2274.285714285714,22.851667711207988,5210878.655340514
121.42857142857143,811.4285714285714,2440.0,22.820200954824312,5227016.3545832485
121.42857142857143,811.4285714285714,2605.714285714286,22.791413868024105,5240827.835114377
121.42857142857143,811.4285714285714,2771.4285714285716,22.76500306414319,5252691.848203336
121.42857142857143,811.4285714285714,2937.1428571428573,22.74070481539462,5262919.877212865
121.42857142857143,811.4285714285714,3102.857142857143,22.718289805121206,5271768.335576167
121.42857142857143,811.4285714285714,3268.571428571429,22.697558393235912,5279448.798658436
121.42857142857143,811.4285714285714,3434.2857142857147,22.678336452483823,5286136.397932439
121.42857142857143,811.4285714285714,3600.0,22.660471762542656,5291976.627762019
121.42857142857143,858.5714285714287,120.0,23.703813935147135,6059115.32674532
121.42857142857143,858.5714285714287,285.7142857142857,23.593222318526486,5146948.041501769
121.42857142857143,858.5714285714287,451.42857142857144,23.49228305824699,5017058.691397703
121.42857142857143,858.5714285714287,617.1428571428571,23.399804494187354,5027861.327215434
121.42857142857143,858.5714285714287,782.8571428571429,23.31509109662377,5077544.4189780615
121.42857142857143,858.5714285714287,948.5714285714287,23.237946747436027,5135409.187285908
121.42857142857143,858.5714285714287,1114.2857142857142,23.168086868939504,5190790.438213602
121.42857142857143,858.5714285714287,1280.0,23.105041365990036,5240231.293772384
121.42857142857143,858.5714285714287,1445.7142857142858,23.048221288432373,5283063.635581305
121.42857142857143,858.5714285714287,1611.4285714285716,22.99699744493665,5319677.355569002
121.42857142857143,858.5714285714287,1777.1428571428573,22.95075427478097,5350809.388535266
121.42857142857143,858.5714285714287,1942.857142857143,22.908919313526415,5377251.749536858
121.42857142857143,858.5714285714287,2108.5714285714284,22.870975944210986,5399738.271283214
121.42857142857143,858.5714285714287,2274.285714285714,22.83646626568518,5418908.228066998
121.42857142857143,858.5714285714287,2440.0,22.804988701665476,5435302.30364586
121.42857142857143,858.5714285714287,2605.714285714286,22.776193151808943,5449371.150281442
121.42857142857143,858.5714285714287,2771.4285714285716,22.749775270359194,5461487.832603842
121.42857142857143,858.5714285714287,2937.1428571428573,22.725470715637126,5471960.452284135
121.42857142857143,858.5714285714287,3102.857142857143,22.703049782731437,5481043.5209083
121.42857142857143,858.5714285714287,3268.571428571429,22.682312591080965,5488947.664205076
121.42857142857143,858.5714285714287,3434.2857142857147,22.663084869683434,5495847.674703228
121.42857142857143,858.5714285714287,3600.0,22.6452143175298,5501889.09537968
121.42857142857143,905.7142857142858,120.0,23.697419309306298,6446489.973172948
121.42857142857143,905.7142857142858,285.7142857142857,23.583043651622667,5408060.50471662
121.42857142857143,905.7142857142858,451.42857142857144,23.48032140384111,5247376.11202806
121.42857142857143,905.7142857142858,617.1428571428571,23.38685138337845,5245555.496500514
121.42857142857143,905.7142857142858,782.8571428571429,23.30155239068879,5289113.3927547345
121.42857142857143,905.7142857142858,948.5714285714287,23.224054917890953,5343790.378185247
121.42857142857143,905.7142857142858,1114.2857142857142,23.153981207611174,5397481.0377575215
121.42857142857143,905.7142857142858,1280.0,23.09080700427734,5446049.935366716
121.42857142857143,905.7142857142858,1445.7142857142858,23.033910739027537,5488477.716081524
121.42857142857143,905.7142857142858,1611.4285714285716,22.982643201148168,5524960.613103951
121.42857142857143,905.7142857142858,1777.1428571428573,22.936376394797183,5556123.8998347875
121.42857142857143,905.7142857142858,1942.857142857143,22.89453006650119,5582693.079799642
121.42857142857143,905.7142857142858,2108.5714285714284,22.856582693354667,5605361.423766035
121.42857142857143,905.7142857142858,2274.285714285714,22.822073276290112,5624743.065616003
121.42857142857143,905.7142857142858,2440.0,22.790598285004457,5641362.959639231
121.42857142857143,905.7142857142858,2605.714285714286,22.76180639406925,5655661.893858446
121.42857142857143,905.7142857142858,2771.4285714285716,22.735392499620588,5668006.78496904
121.42857142857143,905.7142857142858,2937.1428571428573,22.71109180195445,5678701.970963906
121.42857142857143,905.7142857142858,3102.857142857143,22.688674331026476,5687999.742598875
121.42857142857143,905.7142857142858,3268.571428571429,22.6679400647241,5696109.507702059
121.42857142857143,905.7142857142858,3434.2857142857147,22.648714669024326,5703205.492850746
121.42857142857143,905.7142857142858,3600.0,22.630845829044983,5709433.096474168
121.42857142857143,952.8571428571429,120.0,23.690897263324388,6836547.087903534
121.42857142857143,952.8571428571429,285.7142857142857,23.572988171948165,5668796.312053085
121.42857142857143,952.8571428571429,451.42857142857144,23.46865049665271,5476678.335251984
121.42857142857143,952.8571428571429,617.1428571428571,23.374300832469128,5461959.751173867
121.42857142857143,952.8571428571429,782.8571428571429,23.288494156532416,5499229.259809194
121.42857142857143,952.8571428571429,948.5714285714287,23.210699958042156,5550603.299364394
121.42857142857143,952.8571428571429,1114.2857142857142,23.140454698069515,5602514.170066809
121.42857142857143,952.8571428571429,1280.0,23.077184556228598,5650138.402538352
121.42857142857143,952.8571428571429,1445.7142857142858,23.020238273267605,5692100.587588813
121.42857142857143,952.8571428571429,1611.4285714285716,22.968948524307393,5728400.482532204
121.42857142857143,952.8571428571429,1777.1428571428573,22.92267614322644,5759549.860484976
121.42857142857143,952.8571428571429,1942.857142857143,22.88083394474389,5786206.412455514
121.42857142857143,952.8571428571429,2108.5714285714284,22.84289609344354,5809021.874008487
121.42857142857143,952.8571428571429,2274.285714285714,22.808398912108373,5828584.482522312
121.42857142857143,952.8571428571429,2440.0,22.776937219819597,5845402.860180829
121.42857142857143,952.8571428571429,2605.714285714286,22.74815869007827,5859907.441757386
121.42857142857143,952.8571428571429,2771.4285714285716,22.721757629770803,5872458.59398455
121.42857142857143,952.8571428571429,2937.1428571428573,22.6974689110006,5883356.557328265
121.42857142857143,952.8571428571429,3102.857142857143,22.675062400308395,5892851.122231634
121.42857142857143,952.8571428571429,3268.571428571429,22.65433801513265,5901150.24305257
121.42857142857143,952.8571428571429,3434.2857142857147,22.635121424151627,5908427.380675411
121.42857142857143,952.8571428571429,3600.0,22.617260352663994,5914827.618712114
121.42857142857143,1000.0,120.0,23.684265508163154,7228856.555375457
121.42857142857143,1000.0,285.7142857142857,23.563059661680054,5929111.534886849
121.42857142857143,1000.0,451.42857142857144,23.457257877081968,5705008.612380615
121.42857142857143,1000.0,617.1428571428571,23.362127423333384,5677155.757651904
121.42857142857143,1000.0,782.8571428571429,23.275880901106436,5707996.003251175
121.42857142857143,1000.0,948.5714285714287,23.19783843983446,5755967.06858857
121.42857142857143,1000.0,1114.2857142857142,23.127457527695444,5806020.198869487
121.42857142857143,1000.0,1280.0,23.06411895525965,5852635.890051722
121.42857142857143,1000.0,1445.7142857142858,23.007144409518023,5894078.624325087
121.42857142857143,1000.0,1611.4285714285716,22.95585015392354,5930149.310511225
121.42857142857143,1000.0,1777.1428571428573,22.90958697436076,5961244.666572113
121.42857142857143,1000.0,1942.857142857143,22.867761508950238,5987953.464742053
121.42857142857143,1000.0,2108.5714285714284,22.829844128692486,6010885.072811003
121.42857142857143,1000.0,2274.285714285714,22.795368842409005,6030601.181177986
121.42857142857143,1000.0,2440.0,22.763929079626934,6047593.558837234
121.42857142857143,1000.0,2605.714285714286,22.735171703883573,6062281.862618209
121.42857142857143,1000.0,2771.4285714285716,22.708790575618234,6075019.558813741
121.42857142857143,1000.0,2937.1428571428573,22.684520347593423,6086102.498369866
121.42857142857143,1000.0,3102.857142857143,22.66213080750032,6095777.7262789225
121.42857142857143,1000.0,3268.571428571429,22.64142187921685,6104251.5362928035
121.42857142857143,1000.0,3434.2857142857147,22.62221928792408,6111696.447584134
121.42857142857143,1000.0,3600.0,22.60437084305257,6118257.07860593
157.14285714285714,10.0,120.0,23.771375085552414,128751.84026391001
157.14285714285714,10.0,285.7142857142857,23.771269296753296,118714.39801184802
157.14285714285714,10.0,451.42857142857144,23.77097058338741,128597.2374990612
157.14285714285714,10.0,617.1428571428571,23.770457695317102,138251.30585022477
157.14285714285714,10.0,782.8571428571429,23.769779442514075,145075.691873839
157.14285714285714,10.0,948.5714285714287,23.769014971340667,148979.99426264653
157.14285714285714,10.0,1114.2857142857142,23.768232550552995,150653.41817500265
157.14285714285714,10.0,1280.0,23.767476556732163,150823.6214128311
157.14285714285714,10.0,1445.7142857142858,23.766770521678264,150052.9646089662
157.14285714285714,10.0,1611.4285714285716,23.76612399428395,148729.49298106908
157.14285714285714,10.0,1777.1428571428573,23.765538368571026,147106.8809653282
157.14285714285714,10.0,1942.857142857143,23.765010783869148,145345.85508178352
157.14285714285714,10.0,2108.5714285714284,23.76453645718414,143545.861051225
157.14285714285714,10.0,2274.285714285714,23.764109980423374,141766.87877615623
157.14285714285714,10.0,2440.0,23.763725995412585,140043.78939672088
157.14285714285714,10.0,2605.714285714286,23.76337951467695,138395.64601325296
157.14285714285714,10.0,2771.4285714285716,23.763066048651083,136831.60330227442
157.14285714285714,10.0,2937.1428571428573,23.762781631587167,135354.6976493635
157.14285714285714,10.0,3102.857142857143,23.762522797660278,133964.2543811337
157.14285714285714,10.0,3268.571428571429,23.762286535304355,132657.4192449199
157.14285714285714,10.0,3434.2857142857147,23.762070234588062,131430.1303544973
157.14285714285714,10.0,3600.0,23.761871635105063,130277.73165093873
157.14285714285714,57.142857142857146,120.0,23.77110265653298,373862.1134805831
157.14285714285714,57.142857142857146,285.7142857142857,23.767510926149722,499155.8742894225
157.14285714285714,57.142857142857146,451.42857142857144,23.75873676675789,591645.4070568039
157.14285714285714,57.142857142857146,617.1428571428571,23.745329316170153,664798.4144497578
157.14285714285714,57.142857142857146,782.8571428571429,23.72876419970844,721091.4479762821
157.14285714285714,57.142857142857146,948.5714285714287,23.710632593296975,763074.1338820157
157.14285714285714,57.142857142857146,1114.2857142857142,23.69217812700722,793738.6370147632
157.14285714285714,57.142857142857146,1280.0,23.674209364115487,815831.2145613225
157.14285714285714,57.142857142857146,1445.7142857142858,23.65718189574391,831573.5440998906
157.14285714285714,57.142857142857146,1611.4285714285716,23.641310444052472,842657.1155584882
157.14285714285714,57.142857142857146,1777.1428571428573,23.62666066422002,850333.1930716331
157.14285714285714,57.142857142857146,1942.857142857143,23.613212618743173,855515.929539076
157.14285714285714,57.142857142857146,2108.5714285714284,23.60090115804495,858870.7298893578
157.14285714285714,57.142857142857146,2274.285714285714,23.58964031653716,860882.469451175
157.14285714285714,57.142857142857146,2440.0,23.57933744943093,861905.772549222
157.14285714285714,57.142857142857146,2605.714285714286,23.569901055927833,862201.2889782217
157.14285714285714,57.142857142857146,2771.4285714285716,23.5612448245696,861961.643657797
157.14285714285714,57.142857142857146,2937.1428571428573,23.553289471740097,861329.9682732922
157.14285714285714,57.142857142857146,3102.857142857143,23.545963325635256,860413.1656732291
157.14285714285714,57.142857142857146,3268.571428571429,23.539202224197332,859291.4475000831
157.14285714285714,57.142857142857146,3434.2857142857147,23.53294906169078,858025.2322958948
157.14285714285714,57.142857142857146,3600.0,23.527153177715768,856660.1671673121
157.14285714285714,104.28571428571429,120.0,23.770058612581558,724443.8088362003
157.14285714285714,104.28571428571429,285.7142857142857,23.758571182548465,902691.9536501569
157.14285714285714,104.28571428571429,451.42857142857144,23.736468817250188,1027333.6209421552
157.14285714285714,104.28571428571429,617.1428571428571,23.706989599611845,1125453.9392980707
157.14285714285714,104.28571428571429,782.8571428571429,23.673386496479342,1202005.62296156
157.14285714285714,104.28571428571429,948.5714285714287,23.63836035372005,1260476.5172793623
157.14285714285714,104.28571428571429,1114.2857142857142,23.60377741576506,1304497.4412694713
157.14285714285714,104.28571428571429,1280.0,23.57074765601064,1337366.6275928214
157.14285714285714,104.28571428571429,1445.7142857142858,23.53983432282411,1361788.0441274731
157.14285714285714,104.28571428571429,1611.4285714285716,23.511250860520583,1379860.95207649
157.14285714285714,104.28571428571429,1777.1428571428573,23.48500487584004,1393171.673533259
157.14285714285714,104.28571428571429,1942.857142857143,23.46099220601478,1402904.5740674299
157.14285714285714,104.28571428571429,2108.5714285714284,23.439054580493448,1409940.6426253973
157.14285714285714,104.28571428571429,2274.285714285714,23.419013371980398,1414935.8525932373
157.14285714285714,104.28571428571429,2440.0,23.40068847810419,1418380.4062389503
157.14285714285714,104.28571428571429,2605.714285714286,23.38390826324035,1420642.4755735255
157.14285714285714,104.28571428571429,2771.4285714285716,23.36851426412018,1422000.163129854
157.14285714285714,104.28571428571429,2937.1428571428573,23.354362909726024,1422664.7845043428
157.14285714285714,104.28571428571429,3102.857142857143,23.34132559851035,1422797.8495156767
157.14285714285714,104.28571428571429,3268.571428571429,23.329287922561,1422523.493323413
157.14285714285714,104.28571428571429,3434.2857142857147,23.318148495463603,1421937.6236957547
157.14285714285714,104.28571428571429,3600.0,23.307817642259266,1421114.6922210637
157.14285714285714,151.42857142857144,120.0,23.768133769299496,1095632.2771989508
157.14285714285714,151.42857142857144,285.7142857142857,23.74702050738207,1279237.5767533514
157.14285714285714,151.42857142857144,451.42857142857144,23.71217919956124,1414404.6102356121
157.14285714285714,151.42857142857144,617.1428571428571,23.66942064397548,1522863.6528476342
157.14285714285714,151.42857142857144,782.8571428571429,23.6230251072108,1608838.759594666
157.14285714285714,151.42857142857144,948.5714285714287,23.57611425566368,1675590.3063320636
157.14285714285714,151.42857142857144,1114.2857142857142,23.53068577839316,1726722.8722010804
157.14285714285714,151.42857142857144,1280.0,23.487842859916178,1765616.1379086871
157.14285714285714,151.42857142857144,1445.7142857142858,23.448081026535153,1795101.7444027958
157.14285714285714,151.42857142857144,1611.4285714285716,23.411523656648146,1817416.7469952954
157.14285714285714,151.42857142857144,1777.1428571428573,23.3780845111997,1834277.40212918
157.14285714285714,151.42857142857144,1942.857142857143,23.34757024899918,1846982.8407274296
157.14285714285714,151.42857142857144,2108.5714285714284,23.31974150252434,1856511.906943418
157.14285714285714,151.42857142857144,2274.285714285714,23.29434758204089,1863602.3830160846
157.14285714285714,151.42857142857144,2440.0,23.27114514852498,1868812.1272972804
157.14285714285714,151.42857142857144,2605.714285714286,23.249907441010613,1872564.9573273081
157.14285714285714,151.42857142857144,2771.4285714285716,23.230428090888974,1875184.6457830754
157.14285714285714,151.42857142857144,2937.1428571428573,23.212521934560648,1876919.9928450128
157.14285714285714,151.42857142857144,3102.857142857143,23.19602424168862,1877963.3190181889
157.14285714285714,151.42857142857144,3268.571428571429,23.180789178316836,1878464.1442804707
157.14285714285714,151.42857142857144,3434.2857142857147,23.166687968754918,1878539.3524310468
157.14285714285714,151.42857142857144,3600.0,23.15360701092081,1878280.785257669
157.14285714285714,198.57142857142858,120.0,23.76539458005248,1477496.6333836813
157.14285714285714,198.57142857142858,285.7142857142857,23.73428577260352,1635104.8597698412
157.14285714285714,198.57142857142858,451.42857142857144,23.688320460745583,1768475.3884880368
157.14285714285714,198.57142857142858,617.1428571428571,23.63508372641916,1879638.4029503586
157.14285714285714,198.57142857142858,782.8571428571429,23.579256345731007,1969628.6683444015
157.14285714285714,198.57142857142858,948.5714285714287,23.523990214458802,2040635.1862771632
157.14285714285714,198.57142857142858,1114.2857142857142,23.471191499677257,2095822.0064724395
157.14285714285714,198.57142857142858,1280.0,23.42184020052615,2138395.3961960394
157.14285714285714,198.57142857142858,1445.7142857142858,23.376311220747105,2171138.7308317847
157.14285714285714,198.57142857142858,1611.4285714285716,23.33462108135819,2196299.001828783
157.14285714285714,198.57142857142858,1777.1428571428573,23.29659251306358,2215627.33232228
157.14285714285714,198.57142857142858,1942.857142857143,23.261955776972346,2230466.1039616773
157.14285714285714,198.57142857142858,2108.5714285714284,23.230407648675946,2241837.8124266122
157.14285714285714,198.57142857142858,2274.285714285714,23.201644008740015,2250520.7113253856
157.14285714285714,198.57142857142858,2440.0,23.175376659799067,2257108.60617716
157.14285714285714,198.57142857142858,2605.714285714286,23.151341009510134,2262056.496780579
157.14285714285714,198.57142857142858,2771.4285714285716,23.129298627550387,2265714.8441459844
157.14285714285714,198.57142857142858,2937.1428571428573,23.10903704283099,2268355.1205736212
157.14285714285714,198.57142857142858,3102.857142857143,23.09036815268426,2270188.8338536755
157.14285714285714,198.57142857142858,3268.571428571429,23.073126023940404,2271381.718567176
157.14285714285714,198.57142857142858,3434.2857142857147,23.05716451769156,2272064.3622838194
157.14285714285714,198.57142857142858,3600.0,23.042354966893292,2272340.201500318
157.14285714285714,245.71428571428572,120.0,23.7619335919493,1867820.3552629738
157.14285714285714,245.71428571428572,285.7142857142857,23.721035284179937,1976454.4581979662
157.14285714285714,245.71428571428572,451.42857142857144,23.66554214000749,2099929.151906133
157.14285714285714,245.71428571428572,617.1428571428571,23.604003294232303,2209116.8742518923
157.14285714285714,245.71428571428572,782.8571428571429,23.541090306709147,2299935.1154345493
157.14285714285714,245.71428571428572,948.5714285714287,23.479784366360416,2372865.3198885564
157.14285714285714,245.71428571428572,1114.2857142857142,23.421806449331747,2430342.8152337237
157.14285714285714,245.71428571428572,1280.0,23.36797559596452,2475238.432835943
157.14285714285714,245.71428571428572,1445.7142857142858,23.318536921296108,2510182.9123814795
157.14285714285714,245.71428571428572,1611.4285714285716,23.273405015894415,2537360.5588381127
157.14285714285714,245.71428571428572,1777.1428571428573,23.23232293087053,2558504.6415064186
157.14285714285714,245.71428571428572,1942.857142857143,23.194958292408263,2574961.5764382305
157.14285714285714,245.71428571428572,2108.5714285714284,23.16095813906773,2587767.885853849
157.14285714285714,245.71428571428572,2274.285714285714,23.12997839216857,2597719.6667551044
157.14285714285714,245.71428571428572,2440.0,23.10169837134902,2605429.2350307116
157.14285714285714,245.71428571428572,2605.714285714286,23.075826783936908,2611369.2331064055
157.14285714285714,245.71428571428572,2771.4285714285716,23.05210302791898,2615906.223573425
157.14285714285714,245.71428571428572,2937.1428571428573,23.03029605081216,2619326.0192335364
157.14285714285714,245.71428571428572,3102.857142857143,23.010202048045873,2621852.718168452
157.14285714285714,245.71428571428572,3268.571428571429,22.991641718704702,2623663.0157837593
157.14285714285714,245.71428571428572,3434.2857142857147,22.97445746668748,2624896.9964098497
157.14285714285714,245.71428571428572,3600.0,22.958510745386903,2625666.304981749
157.14285714285714,292.8571428571429,120.0,23.757837282698414,2265792.2038599257
157.14285714285714,292.8571428571429,285.7142857142857,23.707597300889706,2307449.745362749
157.14285714285714,292.8571428571429,451.42857142857144,23.643951448726696,2415243.2613350004
157.14285714285714,292.8571428571429,617.1428571428571,23.57574504939562,2519300.2701367796
157.14285714285714,292.8571428571429,782.8571428571429,23.507388387444667,2608865.0128599224
157.14285714285714,292.8571428571429,948.5714285714287,23.441593428507872,2682217.2029937226
157.14285714285714,292.8571428571429,1114.2857142857142,23.37986167386678,2740851.7668727688
157.14285714285714,292.8571428571429,1280.0,23.322845123242708,2787192.381794703
157.14285714285714,292.8571428571429,1445.7142857142858,23.270665083434302,2823648.896581976
157.14285714285714,292.8571428571429,1611.4285714285716,23.2231448325831,2852297.1126845973
157.14285714285714,292.8571428571429,1777.1428571428573,23.179959590095063,2874819.872069498
157.14285714285714,292.8571428571429,1942.857142857143,23.140725902547207,2892543.6399102164
157.14285714285714,292.8571428571429,2108.5714285714284,23.105051704872743,2906500.9024286107
157.14285714285714,292.8571428571429,2274.285714285714,23.07256246442858,2917491.7854699558
157.14285714285714,292.8571428571429,2440.0,23.042913385658455,2926136.4263426024
157.14285714285714,292.8571428571429,2605.714285714286,23.015793783032553,2932916.761581805
157.14285714285714,292.8571428571429,2771.4285714285716,22.99092723967098,2938208.882138806
157.14285714285714,292.8571428571429,2937.1428571428573,22.968069644017433,2942307.7285879115
157.14285714285714,292.8571428571429,3102.857142857143,22.947006287965756,2945445.828234829
157.14285714285714,292.8571428571429,3268.571428571429,22.92754867722507,2947807.4954124247
157.14285714285714,292.8571428571429,3434.2857142857147,22.909531396764212,2949539.611850508
157.14285714285714,292.8571428571429,3600.0,22.892809198620036,2950759.8388241427
157.14285714285714,340.0,120.0,23.753181413609138,2670850.513216008
157.14285714285714,340.0,285.7142857142857,23.694142806293293,2630833.28719994
157.14285714285714,340.0,451.42857142857144,23.623490356514857,2718583.712420545
157.14285714285714,340.0,617.1428571428571,23.549852273099418,2815242.1173238284
157.14285714285714,340.0,782.8571428571429,23.477228113701063,2902095.4305049838
157.14285714285714,340.0,948.5714285714287,23.408017089217196,2974828.4740090473
157.14285714285714,340.0,1114.2857142857142,23.343494674777418,3033834.4574564444
157.14285714285714,340.0,1280.0,23.284152527179327,3081008.684579268
157.14285714285714,340.0,1445.7142857142858,23.22999890743567,3118492.4909619656
157.14285714285714,340.0,1611.4285714285716,23.180777023681745,3148222.1277727713
157.14285714285714,340.0,1777.1428571428573,23.136104672516385,3171808.3181707524
157.14285714285714,340.0,1942.857142857143,23.09555650640473,3190541.7378266146
157.14285714285714,340.0,2108.5714285714284,23.058709294237083,3205438.9368614573
157.14285714285714,340.0,2274.285714285714,23.025164847805595,3217294.9539327496
157.14285714285714,340.0,2440.0,22.994560061848386,3226730.6656842697
157.14285714285714,340.0,2605.714285714286,22.966569816249795,3234231.7405613367
157.14285714285714,340.0,2771.4285714285716,22.940906121608187,3240179.3900074894
157.14285714285714,340.0,2937.1428571428573,22.917315446955843,3244874.1621031645
157.14285714285714,340.0,3102.857142857143,22.895575313273266,3248554.1824569684
157.14285714285714,340.0,3268.571428571429,22.875490738436167,3251409.0933305793
157.14285714285714,340.0,3434.2857142857147,22.85689083349467,3253590.708913175
157.14285714285714,340.0,3600.0,22.839625688928624,3255221.180371645
157.14285714285714,387.14285714285717,120.0,23.748032174697126,3082430.9876441713
157.14285714285714,387.14285714285717,285.7142857142857,23.680765697361316,2948434.360600674
157.14285714285714,387.14285714285717,451.42857142857144,23.604057299251128,3012730.6850214796
157.14285714285714,387.14285714285717,617.1428571428571,23.52593712505634,3100286.3022495126
157.14285714285714,387.14285714285717,782.8571428571429,23.44991006512215,3183354.9232277535
157.14285714285714,387.14285714285717,948.5714285714287,23.378048938400966,3254707.9477063045
157.14285714285714,387.14285714285717,1114.2857142857142,23.31140963789361,3313510.6253426685
157.14285714285714,387.14285714285717,1280.0,23.25033499819369,3361068.6028738595
157.14285714285714,387.14285714285717,1445.7142857142858,23.19473189392997,3399219.916161659
157.14285714285714,387.14285714285717,1611.4285714285716,23.144273780121722,3429739.11691066
157.14285714285714,387.14285714285717,1777.1428571428573,23.098529740337632,3454149.552628818
157.14285714285714,387.14285714285717,1942.857142857143,23.057039767267906,3473695.0429787855
157.14285714285714,387.14285714285717,2108.5714285714284,23.019355452456857,3489367.898928595
157.14285714285714,387.14285714285717,2274.285714285714,22.985059921405725,3501951.698865585
157.14285714285714,387.14285714285717,2440.0,22.953775902553513,3512063.087550153
157.14285714285714,387.14285714285717,2605.714285714286,22.925167316072265,3520187.5402640356
157.14285714285714,387.14285714285717,2771.4285714285716,22.898937531841092,3526708.2596415263
157.14285714285714,387.14285714285717,2937.1428571428573,22.874826087742218,3531928.8859433867
157.14285714285714,387.14285714285717,3102.857142857143,22.852604857631803,3536091.106756444
157.14285714285714,387.14285714285717,3268.571428571429,22.832074193966406,3539388.233076612
157.14285714285714,387.14285714285717,3434.2857142857147,22.813059305565826,3541975.6516236025
157.14285714285714,387.14285714285717,3600.0,22.795406983230908,3543978.8826684323
157.14285714285714,434.28571428571433,120.0,23.74244808560867,3499923.911035406
157.14285714285714,434.28571428571433,285.7142857142857,23.667520052230397,3261493.3124781363
157.14285714285714,434.28571428571433,451.42857142857144,23.58554785144561,3299601.0600144956
157.14285714285714,434.28571428571433,617.1428571428571,23.503688212004782,3376732.331494456
157.14285714285714,434.28571428571433,782.8571428571429,23.424909292189273,3455197.3052194286
157.14285714285714,434.28571428571433,948.5714285714287,23.350960231059158,3524592.5086705755
157.14285714285714,434.28571428571433,1114.2857142857142,23.282689651254618,3582754.5482636564
157.14285714285714,434.28571428571433,1280.0,23.22030444910377,3630351.9403699664
157.14285714285714,434.28571428571433,1445.7142857142858,23.163621223762302,3668893.1622169237
157.14285714285714,434.28571428571433,1611.4285714285716,23.11225269736476,3699974.6608452327
157.14285714285714,434.28571428571433,1777.1428571428573,23.065726431308622,3725021.2344099083
157.14285714285714,434.28571428571433,1942.857142857143,23.023553485445593,3745221.78132083
157.14285714285714,434.28571428571433,2108.5714285714284,22.985264864514846,3761538.324800035
157.14285714285714,434.28571428571433,2274.285714285714,22.950428722054657,3774738.329166855
157.14285714285714,434.28571428571433,2440.0,22.918656656297145,3785430.562255509
157.14285714285714,434.28571428571433,2605.714285714286,22.889604134240518,3794097.4135392546
157.14285714285714,434.28571428571433,2771.4285714285716,22.86296797375339,3801121.757657201
157.14285714285714,434.28571428571433,2937.1428571428573,22.83848253699822,3806808.4518757914
157.14285714285714,434.28571428571433,3102.857142857143,22.815915537493556,3811401.218527192
157.14285714285714,434.28571428571433,3268.571428571429,22.795063930383876,3815095.7854124424
157.14285714285714,434.28571428571433,3434.2857142857147,22.77575011074456,3818050.079458747
157.14285714285714,434.28571428571433,3600.0,22.757818509425995,3820392.134141947
157.14285714285714,481.42857142857144,120.0,23.736481563122208,3922683.908651835
157.14285714285714,481.42857142857144,285.7142857142857,23.654438418095946,3570863.092150711
157.14285714285714,481.42857142857144,451.42857142857144,23.56786758501046,3580553.3376112366
157.14285714285714,481.42857142857144,617.1428571428571,23.4828590756704,3646212.4612996853
157.14285714285714,481.42857142857144,782.8571428571429,23.401829122067724,3719432.4923172416
157.14285714285714,481.42857142857144,948.5714285714287,23.32621473269195,3786418.6140355906
157.14285714285714,481.42857142857144,1114.2857142857142,23.25667189091912,3843597.4488856914
157.14285714285714,481.42857142857144,1280.0,23.19328428877275,3890962.93534306
157.14285714285714,481.42857142857144,1445.7142857142858,23.135788328754664,3929673.707693807
157.14285714285714,481.42857142857144,1611.4285714285716,23.083743748116646,3961135.625891048
157.14285714285714,481.42857142857144,1777.1428571428573,23.03664251997016,3986666.509488795
157.14285714285714,481.42857142857144,1942.857142857143,22.99397135024152,4007394.270522236
157.14285714285714,481.42857142857144,2108.5714285714284,22.95524423429919,4024246.0931442124
157.14285714285714,481.42857142857144,2274.285714285714,22.92001718816569,4037969.815538773
157.14285714285714,481.42857142857144,2440.0,22.887892957232555,4049163.566067518
157.14285714285714,481.42857142857144,2605.714285714286,22.85852040927889,4058304.445150381
157.14285714285714,481.42857142857144,2771.4285714285716,22.83159133759202,4065773.223557887
157.14285714285714,481.42857142857144,2937.1428571428573,22.806836200604803,4071874.531843053
157.14285714285714,481.42857142857144,3102.857142857143,22.784019620943113,4076852.9448170825
157.14285714285714,481.42857142857144,3268.571428571429,22.762936063271358,4080905.6326883747
157.14285714285714,481.42857142857144,3434.2857142857147,22.743405883717383,4084192.2548302263
157.14285714285714,481.42857142857144,3600.0,22.725271819674884,4086842.684697732
157.14285714285714,528.5714285714286,120.0,23.730180038209802,4350050.197643956
157.14285714285714,528.5714285714286,285.7142857142857,23.641541194888994,3877136.607402331
157.14285714285714,528.5714285714286,451.42857142857144,23.550934996703415,3856572.945469376
157.14285714285714,528.5714285714286,617.1428571428571,23.46325449860631,3909916.417864068
157.14285714285714,528.5714285714286,782.8571428571429,23.38036605282594,3977379.9804572896
157.14285714285714,528.5714285714286,948.5714285714287,23.303410657849465,4041597.3210287266
157.14285714285714,528.5714285714286,1114.2857142857142,23.232866816856433,4097518.834020972
157.14285714285714,528.5714285714286,1280.0,23.168706966480762,4144433.994714065
157.14285714285714,528.5714285714286,1445.7142857142858,23.110596262051946,4183135.682659858
157.14285714285714,528.5714285714286,1611.4285714285716,23.058048076050433,4214829.494911357
157.14285714285714,528.5714285714286,1777.1428571428573,23.01052371277516,4240719.778136459
157.14285714285714,528.5714285714286,1942.857142857143,22.967489226577154,4261868.791586628
157.14285714285714,528.5714285714286,2108.5714285714284,22.928444435307107,4279165.372432832
157.14285714285714,528.5714285714286,2274.285714285714,22.892935421012123,4293335.016021335
157.14285714285714,528.5714285714286,2440.0,22.86055781981908,4304963.06451601
157.14285714285714,528.5714285714286,2605.714285714286,22.830955301586393,4314519.608574252
157.14285714285714,528.5714285714286,2771.4285714285716,22.80381577726534,4322381.920991743
157.14285714285714,528.5714285714286,2937.1428571428573,22.778866744469628,4328853.266412927
157.14285714285714,528.5714285714286,3102.857142857143,22.755870522049246,4334178.134522243
157.14285714285714,528.5714285714286,3268.571428571429,22.73461974777839,4338554.361377987
157.14285714285714,528.5714285714286,3434.2857142857147,22.714933303195576,4342142.6919685025
157.14285714285714,528.5714285714286,3600.0,22.696652715936224,4345074.298129294
157.14285714285714,575.7142857142858,120.0,23.723586719115847,4781365.479779349
157.14285714285714,575.7142857142858,285.7142857142857,23.62884162748907,4180729.235806964
157.14285714285714,575.7142857142858,451.42857142857144,23.534680949313415,4128389.185181183
157.14285714285714,575.7142857142858,617.1428571428571,23.44471875504674,4168731.197687845
157.14285714285714,575.7142857142858,782.8571428571429,23.360284536105528,4230025.038767955
157.14285714285714,575.7142857142858,948.5714285714287,23.282241508237846,4291182.6574883135
157.14285714285714,575.7142857142858,1114.2857142857142,23.2109054836538,4345624.05674553
157.14285714285714,575.7142857142858,1280.0,23.14614857848772,4391910.246694255
157.14285714285714,575.7142857142858,1445.7142857142858,23.087572575140697,4430455.7566651115
157.14285714285714,575.7142857142858,1611.4285714285716,23.03465013935059,4462258.3318586415
157.14285714285714,575.7142857142858,1777.1428571428573,22.986816012253207,4488403.771437844
157.14285714285714,575.7142857142858,1942.857142857143,22.943518623662083,4509885.033790779
157.14285714285714,575.7142857142858,2108.5714285714284,22.904245887757217,4527549.858176888
157.14285714285714,575.7142857142858,2274.285714285714,22.868535694026473,4542099.257073336
157.14285714285714,575.7142857142858,2440.0,22.835977928252817,4554104.086799567
157.14285714285714,575.7142857142858,2605.714285714286,22.806212141542538,4564026.058754726
157.14285714285714,575.7142857142858,2771.4285714285716,22.778923233276796,4572237.83246337
157.14285714285714,575.7142857142858,2937.1428571428573,22.75383645294932,4579040.390736682
157.14285714285714,575.7142857142858,3102.857142857143,22.730712406382874,4584677.3806738425
157.14285714285714,575.7142857142858,3268.571428571429,22.70934239962216,4589346.673956846
157.14285714285714,575.7142857142858,3434.2857142857147,22.689544258759298,4593209.573947454
157.14285714285714,575.7142857142858,3600.0,22.671158659561243,4596398.1075475365
157.14285714285714,622.8571428571429,120.0,23.716741114377847,5215990.606877642
157.14285714285714,622.8571428571429,285.7142857142857,23.616348543754974,4481933.573317162
157.14285714285714,622.8571428571429,451.42857142857144,23.51904704446542,4396551.496130028
157.14285714285714,622.8571428571429,617.1428571428571,23.42712639740202,4423331.275266758
157.14285714285714,622.8571428571429,782.8571428571429,23.34139908885482,4478118.762891617
157.14285714285714,622.8571428571429,948.5714285714287,23.26246944967109,4535978.934447776
157.14285714285714,622.8571428571429,1114.2857142857142,23.19050458913839,4588757.098110645
157.14285714285714,622.8571428571429,1280.0,23.12528618331932,4634266.489159263
157.14285714285714,622.8571428571429,1445.7142857142858,23.06635954745194,4672533.280335091
157.14285714285714,622.8571428571429,1611.4285714285716,23.01316149017182,4704341.377597709
157.14285714285714,622.8571428571429,1777.1428571428573,22.965103640750538,4730654.034562109
157.14285714285714,622.8571428571429,1942.857142857143,22.921619305336552,4752392.027376411
157.14285714285714,622.8571428571429,2108.5714285714284,22.882186343727078,4770359.814418386
157.14285714285714,622.8571428571429,2274.285714285714,22.846335849072418,4785232.21757332
157.14285714285714,622.8571428571429,2440.0,22.813653032518832,4797564.243140298
157.14285714285714,622.8571428571429,2605.714285714286,22.78377417108636,4807808.117857195
157.14285714285714,622.8571428571429,2771.4285714285716,22.756381827477824,4816330.982933257
157.14285714285714,622.8571428571429,2937.1428571428573,22.731199550828176,4823430.792359957
157.14285714285714,622.8571428571429,3102.857142857143,22.707986684762584,4829349.730007302
157.14285714285714,622.8571428571429,3268.571428571429,22.68653357925958,4834285.184524384
157.14285714285714,622.8571428571429,3434.2857142857147,22.666657321423255,4838398.581957427
157.14285714285714,622.8571428571429,3600.0,22.648198004308465,4841822.436518732
157.14285714285714,670.0,120.0,23.709679403840692,5653314.921940855
157.14285714285714,670.0,285.7142857142857,23.604067898498485,4780956.514778449
157.14285714285714,670.0,451.42857142857144,23.50398383603364,4661480.595678656
157.14285714285714,670.0,617.1428571428571,23.410375254103258,4674238.636698228
157.14285714285714,670.0,782.8571428571429,23.323561567292977,4722244.294902078
157.14285714285714,670.0,948.5714285714287,23.24390695525537,4776611.49675123
157.14285714285714,670.0,1114.2857142857142,23.171442827339522,4827574.727151483
157.14285714285714,670.0,1280.0,23.105869290217615,4872183.953188519
157.14285714285714,670.0,1445.7142857142858,23.046681247116396,4910069.05354169
157.14285714285714,670.0,1611.4285714285716,22.993283823048433,4941795.368701456
157.14285714285714,670.0,1777.1428571428573,22.94506845751678,4968200.447565514
157.14285714285714,670.0,1942.857142857143,22.901455419039483,4990130.596189161
157.14285714285714,670.0,2108.5714285714284,22.86191403424488,5008345.247311147
157.14285714285714,670.0,2274.285714285714,22.82596973368592,5023491.657725335
157.14285714285714,670.0,2440.0,22.79320391700662,5036107.878277568
157.14285714285714,670.0,2605.714285714286,22.763250257626144,5046635.749678558
157.14285714285714,670.0,2771.4285714285716,22.735789512187676,5055436.152609875
157.14285714285714,670.0,2937.1428571428573,22.710543956552993,5062803.396469174
157.14285714285714,670.0,3102.857142857143,22.687272021151887,5068977.687853923
157.14285714285714,670.0,3268.571428571429,22.665763388959306,5074155.500948722
157.14285714285714,670.0,3434.2857142857147,22.645834650378053,5078498.020623206
157.14285714285714,670.0,3600.0,22.627325520976818,5082137.940137861
157.14285714285714,717.1428571428572,120.0,23.70243471732458,6092762.962364486
157.14285714285714,717.1428571428572,285.7142857142857,23.592003669152625,5077944.794661635
157.14285714285714,717.1428571428572,451.42857142857144,23.48944920524377,4923503.590435479
157.14285714285714,717.1428571428572,617.1428571428571,23.394381159924894,4921863.792519268
157.14285714285714,717.1428571428572,782.8571428571429,23.30665203247434,4962861.881503778
157.14285714285714,717.1428571428572,948.5714285714287,23.226403944790988,5013574.725413525
157.14285714285714,717.1428571428572,1114.2857142857142,23.153544572094468,5062596.717020122
157.14285714285714,717.1428571428572,1280.0,23.08770039243281,5106202.214261175
157.14285714285714,717.1428571428572,1445.7142857142858,23.028321213678403,5143618.548254687
157.14285714285714,717.1428571428572,1611.4285714285716,22.974784084828364,5175188.781681743
157.14285714285714,717.1428571428572,1777.1428571428573,22.926462746560816,5201622.26782326
157.14285714285714,717.1428571428572,1942.857142857143,22.882766184918438,5223689.024858391
157.14285714285714,717.1428571428572,2108.5714285714284,22.843156457401868,5242102.06112808
157.14285714285714,717.1428571428572,2274.285714285714,22.80715426288428,5257479.956668511
157.14285714285714,717.1428571428572,2440.0,22.774337890323157,5270342.905609314
157.14285714285714,717.1428571428572,2605.714285714286,22.744338948312663,5281121.622492398
157.14285714285714,717.1428571428572,2771.4285714285716,22.71683680982799,5290170.114184382
157.14285714285714,717.1428571428572,2937.1428571428573,22.691552814602343,5297778.5338587435
157.14285714285714,717.1428571428572,3102.857142857143,22.6682447533736,5304184.681636851
157.14285714285714,717.1428571428572,3268.571428571429,22.646701867233208,5309583.755428463
157.14285714285714,717.1428571428572,3434.2857142857147,22.626740437584328,5314136.392570861
157.14285714285714,717.1428571428572,3600.0,22.6081999608085,5317975.204889111
157.14285714285714,764.2857142857143,120.0,23.69503735876262,6533798.33463477
157.14285714285714,764.2857142857143,285.7142857142857,23.580158392470242,5373002.816622935
157.14285714285714,764.2857142857143,451.42857142857144,23.475406986642042,5182878.568259175
157.14285714285714,764.2857142857143,617.1428571428571,23.37907399185787,5166534.429022228
157.14285714285714,764.2857142857143,782.8571428571429,23.29057212020892,5200340.267316048
157.14285714285714,764.2857142857143,948.5714285714287,23.209838629749054,5247265.414283815
157.14285714285714,764.2857142857143,1114.2857142857142,23.13666840733802,5294240.712049609
157.14285714285714,764.2857142857143,1280.0,23.070621403913012,5336755.203706984
157.14285714285714,764.2857142857143,1445.7142857142858,23.011107010508656,5373628.810008139
157.14285714285714,764.2857142857143,1611.4285714285716,22.957477332670514,5404979.432144263
157.14285714285714,764.2857142857143,1777.1428571428573,22.909090549153472,5431386.2788227415
157.14285714285714,764.2857142857143,1942.857142857143,22.865345851847284,5453541.64184388
157.14285714285714,764.2857142857143,2108.5714285714284,22.82569908891263,5472110.984800788
157.14285714285714,764.2857142857143,2274.285714285714,22.78966699944758,5487683.31059069
157.14285714285714,764.2857142857143,2440.0,22.756825336670026,5500760.219538185
157.14285714285714,764.2857142857143,2605.714285714286,22.726804081929014,5511760.689664272
157.14285714285714,764.2857142857143,2771.4285714285716,22.69928156440471,5521031.344699239
157.14285714285714,764.2857142857143,2937.1428571428573,22.673978456701565,5528857.7541200165
157.14285714285714,764.2857142857143,3102.857142857143,22.65065212646022,5535474.95108738
157.14285714285714,764.2857142857143,3268.571428571429,22.629091550010862,5541076.551959487
157.14285714285714,764.2857142857143,3434.2857142857147,22.609112846620803,5545822.387002615
157.14285714285714,764.2857142857143,3600.0,22.590555416767494,5549844.765125401
157.14285714285714,811.4285714285714,120.0,23.68751499867443,6975925.48421122
157.14285714285714,811.4285714285714,285.7142857142857,23.568533499195933,5666205.229059377
157.14285714285714,811.4285714285714,451.42857142857144,23.461825845098613,5439812.116795673
157.14285714285714,811.4285714285714,617.1428571428571,23.364394675199517,5408515.811522048
157.14285714285714,811.4285714285714,782.8571428571429,23.275240171529706,5434979.018027463
157.14285714285714,811.4285714285714,948.5714285714287,23.19411089570381,5478006.473415966
157.14285714285714,811.4285714285714,1114.2857142857142,23.120698924000838,5522846.967581265
157.14285714285714,811.4285714285714,1280.0,23.054504032437606,5564196.746532487
157.14285714285714,811.4285714285714,1445.7142857142858,22.994899322871845,5600464.619402511
157.14285714285714,811.4285714285714,1611.4285714285716,22.941214689425408,5631541.128365006
157.14285714285714,811.4285714285714,1777.1428571428573,22.89279459281787,5657873.834406881
157.14285714285714,811.4285714285714,1942.857142857143,22.8490297017065,5680076.1751072835
157.14285714285714,811.4285714285714,2108.5714285714284,22.809370550528268,5698765.176466467
157.14285714285714,811.4285714285714,2274.285714285714,22.773330564203707,5714499.536372493
157.14285714285714,811.4285714285714,2440.0,22.74048343619546,5727761.65833605
157.14285714285714,811.4285714285714,2605.714285714286,22.710457879317286,5738958.27960909
157.14285714285714,811.4285714285714,2771.4285714285716,22.682931454988875,5748428.216584252
157.14285714285714,811.4285714285714,2937.1428571428573,22.657624385292877,5756452.096597912
157.14285714285714,811.4285714285714,3102.857142857143,22.634293787836736,5763261.881845812
157.14285714285714,811.4285714285714,3268.571428571429,22.61272851475016,5769049.348423828
157.14285714285714,811.4285714285714,3434.2857142857147,22.592744639026073,5773973.298638858
157.14285714285714,811.4285714285714,3600.0,22.574181562009958,5778165.549275919
157.14285714285714,858.5714285714287,120.0,23.679892848192484,7418689.948527084
157.14285714285714,858.5714285714287,285.7142857142857,23.55712953333217,5957605.862054354
157.14285714285714,858.5714285714287,451.42857142857144,23.448678373388624,5694471.984895306
157.14285714285714,858.5714285714287,617.1428571428571,23.35029290850562,5648025.557301924
157.14285714285714,858.5714285714287,782.8571428571429,23.26058761395292,5667024.677796805
157.14285714285714,858.5714285714287,948.5714285714287,23.179137449694846,5706064.075538087
157.14285714285714,858.5714285714287,1114.2857142857142,23.105540759170093,5748696.238528428
157.14285714285714,858.5714285714287,1280.0,23.03924283035288,5788819.022765793
157.14285714285714,858.5714285714287,1445.7142857142858,22.97958412759619,5824427.403176478
157.14285714285714,858.5714285714287,1611.4285714285716,22.925874726248814,5855182.939362253
157.14285714285714,858.5714285714287,1777.1428571428573,22.87744696853457,5881400.412343693
157.14285714285714,858.5714285714287,1942.857142857143,22.83368409198341,5903613.535179373
157.14285714285714,858.5714285714287,2108.5714285714284,22.794032079530645,5922390.191679053
157.14285714285714,858.5714285714287,2274.285714285714,22.758001585997388,5938258.189506244
157.14285714285714,858.5714285714287,2440.0,22.725164642293688,5951680.243257192
157.14285714285714,858.5714285714287,2605.714285714286,22.69514898914482,5963050.433015736
157.14285714285714,858.5714285714287,2771.4285714285716,22.667631646209657,5972699.414206424
157.14285714285714,858.5714285714287,2937.1428571428573,22.64233256084185,5980902.570904225
157.14285714285714,858.5714285714287,3102.857142857143,22.619008739942124,5987888.537323069
157.14285714285714,858.5714285714287,3268.571428571429,22.597449023783785,5993847.0294004325
157.14285714285714,858.5714285714287,3434.2857142857147,22.5774695311028,5998935.632876354
157.14285714285714,858.5714285714287,3600.0,22.558909740551737,6003285.510215337
157.14285714285714,905.7142857142858,120.0,23.672193821869147,7861677.549593961
157.14285714285714,905.7142857142858,285.7142857142857,23.545946304417935,6247244.11025971
157.14285714285714,905.7142857142858,451.42857142857144,23.43594037292247,5946996.34798016
157.14285714285714,905.7142857142858,617.1428571428571,23.33672542237689,5885244.488176912
157.14285714285714,905.7142857142858,782.8571428571429,23.24655624151617,5896682.647076289
157.14285714285714,905.7142857142858,948.5714285714287,23.164848213786122,5931660.261651741
157.14285714285714,905.7142857142858,1114.2857142857142,23.09111420083081,5972022.930413849
157.14285714285714,905.7142857142858,1280.0,23.02475010024963,6010866.140389513
157.14285714285714,905.7142857142858,1445.7142857142858,22.965066978387537,6045769.139792093
157.14285714285714,905.7142857142858,1611.4285714285716,22.91135719545016,6076163.366032121
157.14285714285714,905.7142857142858,1777.1428571428573,22.86294236947457,6102229.999251932
157.14285714285714,905.7142857142858,1942.857142857143,22.819199250604967,6124422.373259642
157.14285714285714,905.7142857142858,2108.5714285714284,22.779569923037382,6143258.682418726
157.14285714285714,905.7142857142858,2274.285714285714,22.74356273310051,6159235.378145065
157.14285714285714,905.7142857142858,2440.0,22.710748382931282,6172795.086725661
157.14285714285714,905.7142857142858,2605.714285714286,22.680753887889555,6184318.888177221
157.14285714285714,905.7142857142858,2771.4285714285716,22.653255912194425,6194128.982445801
157.14285714285714,905.7142857142858,2937.1428571428573,22.627974272092082,6202495.257318504
157.14285714285714,905.7142857142858,3102.857142857143,22.604665976645585,6209642.801498718
157.14285714285714,905.7142857142858,3268.571428571429,22.58311994458265,6215759.083545695
157.14285714285714,905.7142857142858,3434.2857142857147,22.56315241384647,6221000.31124967
157.14285714285714,905.7142857142858,3600.0,22.54460300105995,6225496.85337881
157.14285714285714,952.8571428571429,120.0,23.664438692902948,8304512.871646491
157.14285714285714,952.8571428571429,285.7142857142857,23.534983000120487,6535149.5031754235
157.14285714285714,952.8571428571429,451.42857142857144,23.423590282299056,6197500.66151243
157.14285714285714,952.8571428571429,617.1428571428571,23.323654636617924,6120324.705566779
157.14285714285714,952.8571428571429,782.8571428571429,23.233096148039394,6124126.035272995
157.14285714285714,952.8571428571429,948.5714285714287,23.15118361112047,6154982.342081918
157.14285714285714,952.8571428571429,1114.2857142857142,23.07735190307457,6193024.910836635
157.14285714285714,952.8571428571429,1280.0,23.010952107377577,6230544.264817107
157.14285714285714,952.8571428571429,1445.7142857142858,22.951268773966607,6264702.740587003
157.14285714285714,952.8571428571429,1611.4285714285716,22.897578404157557,6294700.924227313
157.14285714285714,952.8571428571429,1777.1428571428573,22.849193112575623,6320585.837233942
157.14285714285714,952.8571428571429,1942.857142857143,22.805483981636915,6342729.961246773
157.14285714285714,952.8571428571429,2108.5714285714284,22.76588975893413,6361601.386503998
157.14285714285714,952.8571428571429,2274.285714285714,22.729916876264245,6377664.842577964
157.14285714285714,952.8571428571429,2440.0,22.697134989192058,6391342.546207991
157.14285714285714,952.8571428571429,2605.714285714286,22.66717059430933,6403002.296471955
157.14285714285714,952.8571428571429,2771.4285714285716,22.639700154916152,6412957.593282696
157.14285714285714,952.8571428571429,2937.1428571428573,22.614443474143307,6421472.61581111
157.14285714285714,952.8571428571429,3102.857142857143,22.591157655116078,6428768.723188502
157.14285714285714,952.8571428571429,3268.571428571429,22.569631767940454,6435030.977114699
157.14285714285714,952.8571428571429,3434.2857142857147,22.54968222864331,6440414.069195899
157.14285714285714,952.8571428571429,3600.0,22.53114884011408,6445047.454564678
157.14285714285714,1000.0,120.0,23.65664624235672,8746857.280750476
157.14285714285714,1000.0,285.7142857142857,23.52423827461733,6821344.977661564
157.14285714285714,1000.0,451.42857142857144,23.411608723402267,6446082.778106212
157.14285714285714,1000.0,617.1428571428571,23.31104761652514,6353395.667578122
157.14285714285714,1000.0,782.8571428571429,23.220164140417953,6349502.340223758
157.14285714285714,1000.0,948.5714285714287,23.138092499689034,6376189.998022302
157.14285714285714,1000.0,1114.2857142857142,23.064196400485855,6411870.926365933
157.14285714285714,1000.0,1280.0,22.99778622683137,6448029.280454962
157.14285714285714,1000.0,1445.7142857142858,22.93812258214522,6481409.9055921985
157.14285714285714,1000.0,1611.4285714285716,22.8844677523431,6510982.157129511
157.14285714285714,1000.0,1777.1428571428573,22.83612542176336,6536658.563736868
157.14285714285714,1000.0,1942.857142857143,22.792461720214174,6558730.436221173
157.14285714285714,1000.0,2108.5714285714284,22.752912545175107,6577615.458445812
157.14285714285714,1000.0,2274.285714285714,22.716982751898865,6593746.357734447
157.14285714285714,1000.0,2440.0,22.684241189247157,6607524.686392266
157.14285714285714,1000.0,2605.714285714286,22.654314008953985,6619304.7344049495
157.14285714285714,1000.0,2771.4285714285716,22.626877602190266,6629391.099612053
157.14285714285714,1000.0,2937.1428571428573,22.601651856348933,6638042.074925818
157.14285714285714,1000.0,3102.857142857143,22.57839404373855,6645475.134409964
157.14285714285714,1000.0,3268.571428571429,22.55689344491627,6651872.797136354
157.14285714285714,1000.0,3434.2857142857147,22.536966701291405,6657388.120112313
157.14285714285714,1000.0,3600.0,22.518453840531166,6662149.54156224
192.85714285714286,10.0,120.0,23.771364140054708,122097.71317940195
192.85714285714286,10.0,285.7142857142857,23.771144442231275,133869.37066371317
192.85714285714286,10.0,451.42857142857144,23.770539101328247,154444.03471693388
192.85714285714286,10.0,617.1428571428571,23.769514015324546,171816.33171808842
192.85714285714286,10.0,782.8571428571429,23.768164587662664,184548.83529230455
192.85714285714286,10.0,948.5714285714287,23.766640070055285,192945.78435929437
192.85714285714286,10.0,1114.2857142857142,23.765070737196393,197971.6770585647
192.85714285714286,10.0,1280.0,23.76354371783637,200601.3267119973
192.85714285714286,10.0,1445.7142857142858,23.762107356259268,201609.71891585423
192.85714285714286,10.0,1611.4285714285716,23.76078311290551,201556.23015240926
192.85714285714286,10.0,1777.1428571428573,23.75957617180564,200826.5794188525
192.85714285714286,10.0,1942.857142857143,23.758482812962466,199680.63747711602
192.85714285714286,10.0,2108.5714285714284,23.75749498346866,198291.26984424583
192.85714285714286,10.0,2274.285714285714,23.756602939518817,196772.49646276925
192.85714285714286,10.0,2440.0,23.75579668606352,195198.92108376205
192.85714285714286,10.0,2605.714285714286,23.75506670755421,193618.83901615933
192.85714285714286,10.0,2771.4285714285716,23.754404296649238,192062.9985567643
192.85714285714286,10.0,2937.1428571428573,23.753801663079102,190550.44357709007
192.85714285714286,10.0,3102.857142857143,23.75325192776645,189092.4147166798
192.85714285714286,10.0,3268.571428571429,23.752749061465387,187694.96222906376
192.85714285714286,10.0,3434.2857142857147,23.752287800556942,186360.7023258415
192.85714285714286,10.0,3600.0,23.751863557405066,185090.00184692015
192.85714285714286,57.142857142857146,120.0,23.77068413845427,515606.2725690837
192.85714285714286,57.142857142857146,285.7142857142857,23.764482777875486,635850.9168826239
192.85714285714286,57.142857142857146,451.42857142857144,23.751462820980286,732384.8857217595
192.85714285714286,57.142857142857146,617.1428571428571,23.732928965376146,810550.2178451314
192.85714285714286,57.142857142857146,782.8571428571429,23.71089442217205,871453.7710063185
192.85714285714286,57.142857142857146,948.5714285714287,23.68732215472496,917228.106666491
192.85714285714286,57.142857142857146,1114.2857142857142,23.66368013461294,950812.9760785743
192.85714285714286,57.142857142857146,1280.0,23.64089080167455,975052.0833771818
192.85714285714286,57.142857142857146,1445.7142857142858,23.619451903514076,992307.8998382814
192.85714285714286,57.142857142857146,1611.4285714285716,23.599578405684166,1004409.1183884976
192.85714285714286,57.142857142857146,1777.1428571428573,23.581314071306004,1012724.0200523314
192.85714285714286,57.142857142857146,1942.857142857143,23.56460697813676,1018260.5801894404
192.85714285714286,57.142857142857146,2108.5714285714284,23.549356785441024,1021757.0654545422
192.85714285714286,57.142857142857146,2274.285714285714,23.535442829715876,1023753.9755633522
192.85714285714286,57.142857142857146,2440.0,23.52274008421573,1024648.0159030063
192.85714285714286,57.142857142857146,2605.714285714286,23.511127740838493,1024731.5253978678
192.85714285714286,57.142857142857146,2771.4285714285716,23.50049343496071,1024220.9414999605
192.85714285714286,57.142857142857146,2937.1428571428573,23.490734965446194,1023277.273172903
192.85714285714286,57.142857142857146,3102.857142857143,23.481760621385117,1022020.8375247073
192.85714285714286,57.142857142857146,3268.571428571429,23.473488771780772,1020541.9040972311
192.85714285714286,57.142857142857146,3434.2857142857147,23.465847099331715,1018908.421719991
192.85714285714286,57.142857142857146,3600.0,23.45877169515485,1017171.6603880426
192.85714285714286,104.28571428571429,120.0,23.7686286963071,982636.0914242256
192.85714285714286,104.28571428571429,285.7142857142857,23.7515789840089,1117038.0949908136
192.85714285714286,104.28571428571429,451.42857142857144,23.722527239814873,1234997.3428671234
192.85714285714286,104.28571428571429,617.1428571428571,23.68580070855319,1332717.314743613
192.85714285714286,104.28571428571429,782.8571428571429,23.64513870203092,1410431.4862487172
192.85714285714286,104.28571428571429,948.5714285714287,23.603502484344062,1470224.7964372095
192.85714285714286,104.28571428571429,1114.2857142857142,23.562876492336308,1515281.5543116138
192.85714285714286,104.28571428571429,1280.0,23.524399574098144,1548801.9799663154
192.85714285714286,104.28571428571429,1445.7142857142858,23.488613789817414,1573518.074107159
192.85714285714286,104.28571428571429,1611.4285714285716,23.455687117791793,1591594.5413574355
192.85714285714286,104.28571428571429,1777.1428571428573,23.425572692420683,1604686.1201354826
192.85714285714286,104.28571428571429,1942.857142857143,23.398111177771266,1614036.6976096884
192.85714285714286,104.28571428571429,2108.5714285714284,23.373092532337008,1620575.1881615429
192.85714285714286,104.28571428571429,2274.285714285714,23.35029148253129,1624994.6357818248
192.85714285714286,104.28571428571429,2440.0,23.329486850748445,1627813.248015017
192.85714285714286,104.28571428571429,2605.714285714286,23.310471304054836,1629420.0243038558
192.85714285714286,104.28571428571429,2771.4285714285716,23.293055580276658,1630108.3694012589
192.85714285714286,104.28571428571429,2937.1428571428573,23.27706963062084,1630100.7152334468
192.85714285714286,104.28571428571429,3102.857142857143,23.262362117724972,1629566.5463195334
192.85714285714286,104.28571428571429,3268.571428571429,23.24879910355866,1628635.6282988403
192.85714285714286,104.28571428571429,3434.2857142857147,23.236262401392057,1627407.7571526452
192.85714285714286,104.28571428571429,3600.0,23.224647853615966,1625959.982012552
192.85714285714286,151.42857142857144,120.0,23.765277031504215,1465218.06144916
192.85714285714286,151.42857142857144,285.7142857142857,23.73620725057168,1561262.053335772
192.85714285714286,151.42857142857144,451.42857142857144,23.692939232268575,1677649.2698140366
192.85714285714286,151.42857142857144,617.1428571428571,23.642111237135435,1779759.2281121998
192.85714285714286,151.42857142857144,782.8571428571429,23.588250224707473,1863259.179215162
192.85714285714286,151.42857142857144,948.5714285714287,23.53458116507175,1928834.8704475958
192.85714285714286,151.42857142857144,1114.2857142857142,23.48311863257425,1979163.9934233697
192.85714285714286,151.42857142857144,1280.0,23.434930129243348,2017291.1193359606
192.85714285714286,151.42857142857144,1445.7142857142858,23.390449378405563,2045942.9399786852
192.85714285714286,151.42857142857144,1611.4285714285716,23.34972904151592,2067340.4307451455
192.85714285714286,151.42857142857144,1777.1428571428573,23.312612897913503,2083215.0501432328
192.85714285714286,151.42857142857144,1942.857142857143,23.27884305481815,2094889.0864189982
192.85714285714286,151.42857142857144,2108.5714285714284,23.248122836954643,2103363.5739001357
192.85714285714286,151.42857142857144,2274.285714285714,23.220151771001454,2109394.6350686424
192.85714285714286,151.42857142857144,2440.0,23.19464379811418,2113554.1802234654
192.85714285714286,151.42857142857144,2605.714285714286,23.171335737572722,2116276.2503378815
192.85714285714286,151.42857142857144,2771.4285714285716,23.149990261949487,2117891.7199523826
192.85714285714286,151.42857142857144,2937.1428571428573,23.130395905525205,2118654.0652140304
192.85714285714286,151.42857142857144,3102.857142857143,23.112365570136728,2118758.4527003304
192.85714285714286,151.42857142857144,3268.571428571429,23.095734361876858,2118355.8975045267
192.85714285714286,151.42857142857144,3434.2857142857147,23.080357220724064,2117563.799240718
192.85714285714286,151.42857142857144,3600.0,23.066106588972655,2116473.818603881
192.85714285714286,198.57142857142858,120.0,23.76084104743793,1955306.6663218406
192.85714285714286,198.57142857142858,285.7142857142857,23.71994233202247,1979418.1305565948
192.85714285714286,198.57142857142858,451.42857142857144,23.664748063001223,2081569.7090010257
192.85714285714286,198.57142857142858,617.1428571428571,23.603159005420864,2180434.694782895
192.85714285714286,198.57142857142858,782.8571428571429,23.539853292532197,2264425.0165095367
192.85714285714286,198.57142857142858,948.5714285714287,23.477958172172247,2331906.277890468
192.85714285714286,198.57142857142858,1114.2857142857142,23.419326127411416,2384603.347702186
192.85714285714286,198.57142857142858,1280.0,23.36486157329016,2425137.296589723
192.85714285714286,198.57142857142858,1445.7142857142858,23.31485511047491,2456049.104614896
192.85714285714286,198.57142857142858,1611.4285714285716,23.269240131002853,2479487.473312253
192.85714285714286,198.57142857142858,1777.1428571428573,23.227762847060966,2497166.387963233
192.85714285714286,198.57142857142858,1942.857142857143,23.190085839829887,2510416.437218345
192.85714285714286,198.57142857142858,2108.5714285714284,23.155847404882635,2520258.0711683785
192.85714285714286,198.57142857142858,2274.285714285714,23.124693566197372,2527470.5512703178
192.85714285714286,198.57142857142858,2440.0,23.096293927911553,2532649.014226554
192.85714285714286,198.57142857142858,2605.714285714286,23.070348297259088,2536249.13724648
192.85714285714286,198.57142857142858,2771.4285714285716,23.04658823018188,2538621.1794220326
192.85714285714286,198.57142857142858,2937.1428571428573,23.024775925962178,2540035.6044697035
192.85714285714286,198.57142857142858,3102.857142857143,23.00470185968604,2540702.274161767
192.85714285714286,198.57142857142858,3268.571428571429,22.98618192872167,2540784.8197490075
192.85714285714286,198.57142857142858,3434.2857142857147,22.96905453243975,2540411.4264846854
192.85714285714286,198.57142857142858,3600.0,22.953177799030556,2539682.9569720593
192.85714285714286,245.71428571428572,120.0,23.755511733829337,2450534.2342481636
192.85714285714286,245.71428571428572,285.7142857142857,23.703454137142003,2378933.0652252072
192.85714285714286,245.71428571428572,451.42857142857144,23.638320491059776,2458854.4996305397
192.85714285714286,245.71428571428572,617.1428571428571,23.568396823385424,2549982.957190774
192.85714285714286,245.71428571428572,782.8571428571429,23.498139385493364,2631464.7710396526
192.85714285714286,245.71428571428572,948.5714285714287,23.430411300166575,2698691.6817853698
192.85714285714286,245.71428571428572,1114.2857142857142,23.366833930890845,2752143.63724578
192.85714285714286,245.71428571428572,1280.0,23.308127322426117,2793856.8242968046
192.85714285714286,245.71428571428572,1445.7142857142858,23.254440545536895,2826084.361795487
192.85714285714286,245.71428571428572,1611.4285714285716,23.20559958520873,2850832.6329478836
192.85714285714286,245.71428571428572,1777.1428571428573,23.161268879012713,2869747.8655320513
192.85714285714286,245.71428571428572,1942.857142857143,23.121048075874015,2884131.855021285
192.85714285714286,245.71428571428572,2108.5714285714284,23.084526355228274,2894996.6233202545
192.85714285714286,245.71428571428572,2274.285714285714,23.051310832859524,2903123.4108204264
192.85714285714286,245.71428571428572,2440.0,23.02103984308055,2909114.3448306806
192.85714285714286,245.71428571428572,2605.714285714286,22.993387724336053,2913434.180313269
192.85714285714286,245.71428571428572,2771.4285714285716,22.968065037216984,2916442.7772421003
192.85714285714286,245.71428571428572,2937.1428571428573,22.94481648657115,2918419.915191484
192.85714285714286,245.71428571428572,3102.857142857143,22.92341783077549,2919584.099126353
192.85714285714286,245.71428571428572,3268.571428571429,22.903672482220422,2920106.7753035524
192.85714285714286,245.71428571428572,3434.2857142857147,22.885408168749226,2920123.0857425374
192.85714285714286,245.71428571428572,3600.0,22.868473835613386,2919740.026472258
192.85714285714286,292.8571428571429,120.0,23.749446193057757,2949687.8893462704
192.85714285714286,292.8571428571429,285.7142857142857,23.687052693988907,2764502.5939652273
192.85714285714286,292.8571428571429,451.42857142857144,23.61359715439874,2816736.1413238645
192.85714285714286,292.8571428571429,617.1428571428571,23.537101454549614,2897233.3229642077
192.85714285714286,292.8571428571429,782.8571428571429,23.461592361299868,2974330.2337057916
192.85714285714286,292.8571428571429,948.5714285714287,23.389598831083852,3039965.9425774226
192.85714285714286,292.8571428571429,1114.2857142857142,23.322494118626523,3093173.9568058057
192.85714285714286,292.8571428571429,1280.0,23.26081829290359,3135300.8187516807
192.85714285714286,292.8571428571429,1445.7142857142858,23.204591216223612,3168248.568773414
192.85714285714286,292.8571428571429,1611.4285714285716,23.153545909166432,3193839.218228554
192.85714285714286,292.8571428571429,1777.1428571428573,23.10727917127982,3213621.5217788396
192.85714285714286,292.8571428571429,1942.857142857143,23.065340623250012,3228846.689797207
192.85714285714286,292.8571428571429,2108.5714285714284,23.027281734052146,3240501.9520828878
192.85714285714286,292.8571428571429,2274.285714285714,22.992680635266666,3249358.0406104405
192.85714285714286,292.8571428571429,2440.0,22.961152961640902,3256014.430748557
192.85714285714286,292.8571428571429,2605.714285714286,22.932354961548807,3260937.439282477
192.85714285714286,292.8571428571429,2771.4285714285716,22.9059825499785,3264490.6223556306
192.85714285714286,292.8571428571429,2937.1428571428573,22.881768407241736,3266958.404229805
192.85714285714286,292.8571428571429,3102.857142857143,22.85947829616189,3268564.214496402
192.85714285714286,292.8571428571429,3268.571428571429,22.838907229285233,3269484.3370673163
192.85714285714286,292.8571428571429,3434.2857142857147,22.81987580777814,3269858.4740451463
192.85714285714286,292.8571428571429,3600.0,22.802226879307522,3269797.81595768
192.85714285714286,340.0,120.0,23.74277317937943,3451853.314705633
192.85714285714286,340.0,285.7142857142857,23.6708902557581,3139179.055034994
192.85714285714286,340.0,451.42857142857144,23.590417259274695,3159812.8144211466
192.85714285714286,340.0,617.1428571428571,23.508655132353514,3227700.492889139
192.85714285714286,340.0,782.8571428571429,23.42909293646833,3299158.6815811815
192.85714285714286,340.0,948.5714285714287,23.353903745442956,3362315.1955644973
192.85714285714286,340.0,1114.2857142857142,23.284218082591728,3414613.3493992575
192.85714285714286,340.0,1280.0,23.22040945648025,3456638.8281373773
192.85714285714286,340.0,1445.7142857142858,23.162383113538215,3489901.227972847
192.85714285714286,340.0,1611.4285714285716,23.10979253306645,3516011.3197837537
192.85714285714286,340.0,1777.1428571428573,23.06217850803877,3536401.6139209894
192.85714285714286,340.0,1942.857142857143,23.019050477458613,3552259.0063265995
192.85714285714286,340.0,2108.5714285714284,22.97993046854304,3564535.596974826
192.85714285714286,340.0,2274.285714285714,22.944374565000253,3573983.6746069547
192.85714285714286,340.0,2440.0,22.911981533696398,3581193.88928216
192.85714285714286,340.0,2605.714285714286,22.88239445442811,3586629.2672217526
192.85714285714286,340.0,2771.4285714285716,22.855298768423623,3590653.214904569
192.85714285714286,340.0,2937.1428571428573,22.830418684392033,3593551.7315246416
192.85714285714286,340.0,3102.857142857143,22.807513009640147,3595550.705541033
192.85714285714286,340.0,3268.571428571429,22.786370969997733,3596829.2665286693
192.85714285714286,340.0,3434.2857142857147,22.766808296099118,3597530.0588583527
192.85714285714286,340.0,3600.0,22.748663694269908,3597767.147106777
192.85714285714286,387.14285714285717,120.0,23.735599514216407,3956219.4760503075
192.85714285714286,387.14285714285717,285.7142857142857,23.655043915067715,3505019.4671646236
192.85714285714286,387.14285714285717,451.42857142857144,23.568610974352712,3491161.5549618877
192.85714285714286,387.14285714285717,617.1428571428571,23.482571067620107,3545034.5470636776
192.85714285714286,387.14285714285717,782.8571428571429,23.39982689041013,3609977.920782693
192.85714285714286,387.14285714285717,948.5714285714287,23.3221983930017,3670035.7632802753
192.85714285714286,387.14285714285717,1114.2857142857142,23.250588079985505,3720956.471850565
192.85714285714286,387.14285714285717,1280.0,23.185218801348803,3762515.0569763803
192.85714285714286,387.14285714285717,1445.7142857142858,23.125895212850473,3795800.631382265
192.85714285714286,387.14285714285717,1611.4285714285716,23.072202840609915,3822194.8489891673
192.85714285714286,387.14285714285717,1777.1428571428573,23.023635842562072,3843001.5759411533
192.85714285714286,387.14285714285717,1942.857142857143,22.979671029050557,3859334.318099945
192.85714285714286,387.14285714285717,2108.5714285714284,22.939807099791217,3872103.1756981146
192.85714285714286,387.14285714285717,2274.285714285714,22.903583078044598,3882036.6804802427
192.85714285714286,387.14285714285717,2440.0,22.870584966382285,3889712.486553689
192.85714285714286,387.14285714285717,2605.714285714286,22.840446081710475,3895587.021156914
192.85714285714286,387.14285714285717,2771.4285714285716,22.81284424123803,3900020.894731254
192.85714285714286,387.14285714285717,2937.1428571428573,22.787497584784944,3903299.5498507926
192.85714285714286,387.14285714285717,3102.857142857143,22.76416000410081,3905649.6064886316
192.85714285714286,387.14285714285717,3268.571428571429,22.742616681336514,3907251.632352337
192.85714285714286,387.14285714285717,3434.2857142857147,22.722679974644034,3908250.061300981
192.85714285714286,387.14285714285717,3600.0,22.704185743428496,3908760.8833065648
192.85714285714286,434.28571428571433,120.0,23.72801501238814,4462035.852512564
192.85714285714286,434.28571428571433,285.7142857142857,23.63955253917698,3863457.2156052087
192.85714285714286,434.28571428571433,451.42857142857144,23.548025088636827,3812929.132805143
192.85714285714286,434.28571428571433,617.1428571428571,23.45847155808119,3851764.0967143136
192.85714285714286,434.28571428571433,782.8571428571429,23.373195401414602,3909561.7273235745
192.85714285714286,434.28571428571433,948.5714285714287,23.29367842099712,3966073.6985607417
192.85714285714286,434.28571428571433,1114.2857142857142,23.220613188966592,4015276.326877172
192.85714285714286,434.28571428571433,1280.0,23.15408767353888,4056098.5498540597
192.85714285714286,434.28571428571433,1445.7142857142858,23.09381852902174,4089189.6066385196
192.85714285714286,434.28571428571433,1611.4285714285716,23.039333091763776,4115689.846623992
192.85714285714286,434.28571428571433,1777.1428571428573,22.990086425537637,4136766.0626096483
192.85714285714286,434.28571428571433,1942.857142857143,22.94552857672054,4153452.1737548066
192.85714285714286,434.28571428571433,2108.5714285714284,22.905139532101245,4166611.551142335
192.85714285714286,434.28571428571433,2274.285714285714,22.86844493368901,4176945.275191904
192.85714285714286,434.28571428571433,2440.0,22.83502099197128,4185015.0745631666
192.85714285714286,434.28571428571433,2605.714285714286,22.804493691782948,4191268.4300653487
192.85714285714286,434.28571428571433,2771.4285714285716,22.776535236737057,4196061.260114024
192.85714285714286,434.28571428571433,2937.1428571428573,22.75085937726279,4199676.9093782
192.85714285714286,434.28571428571433,3102.857142857143,22.72721650519848,4202341.469354999
192.85714285714286,434.28571428571433,3268.571428571429,22.705388961806655,4204235.910605708
192.85714285714286,434.28571428571433,3434.2857142857147,22.685186762000914,4205505.601807369
192.85714285714286,434.28571428571433,3600.0,22.666443804656858,4206267.749604763
192.85714285714286,481.42857142857144,120.0,23.720096021491454,4968607.122069554
192.85714285714286,481.42857142857144,285.7142857142857,23.62443451246812,4215521.388882485
192.85714285714286,481.42857142857144,451.42857142857144,23.52852802086169,4126665.85032364
192.85714285714286,481.42857142857144,617.1428571428571,23.436062321488496,4149706.623314898
192.85714285714286,481.42857142857144,782.8571428571429,23.348750162413406,4199895.254479857
192.85714285714286,481.42857142857144,948.5714285714287,23.267755901197567,4252530.878513529
192.85714285714286,481.42857142857144,1114.2857142857142,23.19358085686965,4299760.723080435
192.85714285714286,481.42857142857144,1280.0,23.126192767053883,4339642.398033915
192.85714285714286,481.42857142857144,1445.7142857142858,23.065231283713395,4372371.77176982
192.85714285714286,481.42857142857144,1611.4285714285716,23.010173724892574,4398839.4922263855
192.85714285714286,481.42857142857144,1777.1428571428573,22.960442162759207,4420069.460903364
192.85714285714286,481.42857142857144,1942.857142857143,22.91546449628285,4437011.695035946
192.85714285714286,481.42857142857144,2108.5714285714284,22.874705548644325,4450479.503688224
192.85714285714286,481.42857142857144,2274.285714285714,22.837680356086647,4461143.879665478
192.85714285714286,481.42857142857144,2440.0,22.803957543262477,4469548.510216371
192.85714285714286,481.42857142857144,2605.714285714286,22.77315754348247,4476130.214945516
192.85714285714286,481.42857142857144,2771.4285714285716,22.744948403509337,4481238.820818103
192.85714285714286,481.42857142857144,2937.1428571428573,22.71904069075922,4485154.4260993395
192.85714285714286,481.42857142857144,3102.857142857143,22.695182306955633,4488101.64664715
192.85714285714286,481.42857142857144,3268.571428571429,22.673153605736182,4490261.071273246
192.85714285714286,481.42857142857144,3434.2857142857147,22.652762985805374,4491778.3507988285
192.85714285714286,481.42857142857144,3600.0,22.633843009574203,4492771.363426772
192.85714285714286,528.5714285714286,120.0,23.711907969949365,5475295.449811691
192.85714285714286,528.5714285714286,285.7142857142857,23.609696765857958,4561971.032031788
192.85714285714286,528.5714285714286,451.42857142857144,23.510008486185516,4433524.436847264
192.85714285714286,528.5714285714286,617.1428571428571,23.41511154252144,4440209.0683012735
192.85714285714286,528.5714285714286,782.8571428571429,23.32614909392417,4482444.946773746
192.85714285714286,528.5714285714286,948.5714285714287,23.24399098309599,4530956.321830777
192.85714285714286,528.5714285714286,1114.2857142857142,23.168965266443692,4576019.479176455
192.85714285714286,528.5714285714286,1280.0,23.10093266039141,4614802.828130678
192.85714285714286,528.5714285714286,1445.7142857142858,23.039465322365096,4647039.541968371
192.85714285714286,528.5714285714286,1611.4285714285716,22.98399739543135,4673364.802858273
192.85714285714286,528.5714285714286,1777.1428571428573,22.933922939095037,4694655.595813413
192.85714285714286,528.5714285714286,1942.857142857143,22.88865138774933,4711775.005835004
192.85714285714286,528.5714285714286,2108.5714285714284,22.847635177478573,4725483.899907853
192.85714285714286,528.5714285714286,2274.285714285714,22.810380873297525,4736421.270041822
192.85714285714286,528.5714285714286,2440.0,22.776451186176867,4745111.204013736
192.85714285714286,528.5714285714286,2605.714285714286,22.74546233083234,4751978.581244427
192.85714285714286,528.5714285714286,2771.4285714285716,22.717079276527798,4757366.0815914
192.85714285714286,528.5714285714286,2937.1428571428573,22.69101029397811,4761549.681808954
192.85714285714286,528.5714285714286,3102.857142857143,22.66700153160769,4764751.793912416
192.85714285714286,528.5714285714286,3268.571428571429,22.644831974626047,4767152.01682718
192.85714285714286,528.5714285714286,3434.2857142857147,22.62430893084808,4768895.773873951
192.85714285714286,528.5714285714286,3600.0,22.605264075637294,4770101.186232107
192.85714285714286,575.7142857142858,120.0,23.70350724553482,5981522.540197147
192.85714285714286,575.7142857142858,285.7142857142857,23.595339596862566,4903380.158352577
192.85714285714286,575.7142857142858,451.42857142857144,23.49237253155298,4734383.940090308
192.85714285714286,575.7142857142858,617.1428571428571,23.395434180066836,4724295.946095226
192.85714285714286,575.7142857142858,782.8571428571429,23.30512630836677,4758323.332055845
192.85714285714286,575.7142857142858,948.5714285714287,23.222047502453048,4802523.023077257
192.85714285714286,575.7142857142858,1114.2857142857142,23.14636930457732,4845270.1582030365
192.85714285714286,575.7142857142858,1280.0,23.077857153442586,4882831.592247553
192.85714285714286,575.7142857142858,1445.7142857142858,23.01602390387349,4914471.526081781
192.85714285714286,575.7142857142858,1611.4285714285716,22.960266276568788,4940565.802099517
192.85714285714286,575.7142857142858,1777.1428571428573,22.909954416177907,4961841.738221744
192.85714285714286,575.7142857142858,1942.857142857143,22.864482266899973,4979073.366485916
192.85714285714286,575.7142857142858,2108.5714285714284,22.823292082251537,4992967.405927616
192.85714285714286,575.7142857142858,2274.285714285714,22.78588362513458,5004129.447280808
192.85714285714286,575.7142857142858,2440.0,22.751814982858733,5013062.817753137
192.85714285714286,575.7142857142858,2605.714285714286,22.720699167887012,5020179.489050565
192.85714285714286,575.7142857142858,2771.4285714285716,22.692198886801044,5025814.185147894
192.85714285714286,575.7142857142858,2937.1428571428573,22.666020777134246,5030238.083537248
192.85714285714286,575.7142857142858,3102.857142857143,22.641909781833522,5033670.823090225
192.85714285714286,575.7142857142858,3268.571428571429,22.61964397549629,5036290.533463066
192.85714285714286,575.7142857142858,3434.2857142857147,22.599029961736136,5038242.005754669
192.85714285714286,575.7142857142858,3600.0,22.57989885854142,5039643.261491748
192.85714285714286,622.8571428571429,120.0,23.69494262313145,6486769.815518112
192.85714285714286,622.8571428571429,285.7142857142857,23.581359350491027,5240193.1875078315
192.85714285714286,622.8571428571429,451.42857142857144,23.475540495079816,5029929.808169987
192.85714285714286,622.8571428571429,617.1428571428571,23.376880496016657,5002764.266520262
192.85714285714286,622.8571428571429,782.8571428571429,23.285471539584325,5028393.962497769
192.85714285714286,622.8571428571429,948.5714285714287,23.201663525655633,5068140.056882313
192.85714285714286,622.8571428571429,1114.2857142857142,23.125486795858194,5108455.448082098
192.85714285714286,622.8571428571429,1280.0,23.056621883942952,5144697.297124764
192.85714285714286,622.8571428571429,1445.7142857142858,22.994529402725565,5175656.83546829
192.85714285714286,622.8571428571429,1611.4285714285716,22.938573510753177,5201448.085890439
192.85714285714286,622.8571428571429,1777.1428571428573,22.888103839329435,5222646.88078854
192.85714285714286,622.8571428571429,1942.857142857143,22.842501271583945,5239936.741497313
192.85714285714286,622.8571428571429,2108.5714285714284,22.801199651812038,5253969.024718767
192.85714285714286,622.8571428571429,2274.285714285714,22.7636932648231,5265314.89406771
192.85714285714286,622.8571428571429,2440.0,22.729536584669745,5274456.04621015
192.85714285714286,622.8571428571429,2605.714285714286,22.698340208675955,5281790.8070140965
192.85714285714286,622.8571428571429,2771.4285714285716,22.66976520561184,5287645.318510059
192.85714285714286,622.8571428571429,2937.1428571428573,22.643517084426474,5292285.427956494
192.85714285714286,622.8571428571429,3102.857142857143,22.619339996290687,5295927.5505517125
192.85714285714286,622.8571428571429,3268.571428571429,22.59701144893968,5298747.964019803
192.85714285714286,622.8571428571429,3434.2857142857147,22.576337630789492,5300890.50172934
192.85714285714286,622.8571428571429,3600.0,22.557149347946968,5302472.808139437
192.85714285714286,670.0,120.0,23.686256383509225,6990576.816436333
192.85714285714286,670.0,285.7142857142857,23.56774996616943,5572762.014897775
192.85714285714286,670.0,451.42857142857144,23.45944435401666,5320707.2910180595
192.85714285714286,670.0,617.1428571428571,23.35932769470307,5276246.4490951
192.85714285714286,670.0,782.8571428571429,23.267015839375492,5293340.6316196015
192.85714285714286,670.0,948.5714285714287,23.182631365240855,5328526.261760233
192.85714285714286,670.0,1114.2857142857142,23.106077276516647,5366320.127276524
192.85714285714286,670.0,1280.0,23.036958341048667,5401164.829146602
192.85714285714286,670.0,1445.7142857142858,22.97468902815291,5431376.372254398
192.85714285714286,670.0,1611.4285714285716,22.918605063022504,5456805.530416977
192.85714285714286,670.0,1777.1428571428573,22.868038409879084,5477875.529573746
192.85714285714286,670.0,1942.857142857143,22.822358894488854,5495178.417506467
192.85714285714286,670.0,2108.5714285714284,22.780993394799715,5509309.341344235
192.85714285714286,670.0,2274.285714285714,22.743431780903663,5520804.292351806
192.85714285714286,670.0,2440.0,22.70922571533237,5530122.685567095
192.85714285714286,670.0,2605.714285714286,22.677983997985212,5537648.636132063
192.85714285714286,670.0,2771.4285714285716,22.649366545426076,5543699.216682691
192.85714285714286,670.0,2937.1428571428573,22.623078126831125,5548534.525147723
192.85714285714286,670.0,3102.857142857143,22.598862418069153,5552367.393476762
192.85714285714286,670.0,3268.571428571429,22.576496621397702,5555371.939211827
192.85714285714286,670.0,3434.2857142857147,22.55578672871743,5557690.7737076385
192.85714285714286,670.0,3600.0,22.536563419289454,5559440.937575763
192.85714285714286,717.1428571428572,120.0,23.67748521429479,7492538.314188534
192.85714285714286,717.1428571428572,285.7142857142857,23.554503901368008,5901371.332377028
192.85714285714286,717.1428571428572,451.42857142857144,23.444025545712226,5607158.006585581
192.85714285714286,717.1428571428572,617.1428571428571,23.34267379492215,5545253.229247109
192.85714285714286,717.1428571428572,782.8571428571429,23.2496214647431,5553714.406895576
192.85714285714286,717.1428571428572,948.5714285714287,23.164783728800195,5584260.173619407
192.85714285714286,717.1428571428572,1114.2857142857142,23.08794873606006,5619463.125539915
192.85714285714286,717.1428571428572,1280.0,23.018653537868733,5652849.0122447135
192.85714285714286,717.1428571428572,1445.7142857142858,22.956271743444187,5682257.702637482
192.85714285714286,717.1428571428572,1611.4285714285716,22.900114171331207,5707276.097276286
192.85714285714286,717.1428571428572,1777.1428571428573,22.849497518002618,5728174.226230584
192.85714285714286,717.1428571428572,1942.857142857143,22.803782219416828,5745452.077466234
192.85714285714286,717.1428571428572,2108.5714285714284,22.762389372963245,5759648.021075486
192.85714285714286,717.1428571428572,2274.285714285714,22.72480529728488,5771262.345238745
192.85714285714286,717.1428571428572,2440.0,22.690579486691334,5780731.700259324
192.85714285714286,717.1428571428572,2605.714285714286,22.659319433928502,5788425.559194578
192.85714285714286,717.1428571428572,2771.4285714285716,22.63068428497543,5794651.545161327
192.85714285714286,717.1428571428572,2937.1428571428573,22.604378372122675,5799663.674679282
192.85714285714286,717.1428571428572,3102.857142857143,22.58014514061312,5803670.907933837
192.85714285714286,717.1428571428572,3268.571428571429,22.557761688024883,5806844.952425962
192.85714285714286,717.1428571428572,3434.2857142857147,22.537033976855604,5809326.981460701
192.85714285714286,717.1428571428572,3600.0,22.51779270032445,5811233.245091202
192.85714285714286,764.2857142857143,120.0,23.668660952344947,7992300.621366387
192.85714285714286,764.2857142857143,285.7142857142857,23.54161270140033,6226256.242266201
192.85714285714286,764.2857142857143,451.42857142857144,23.42923322110627,5889645.557522128
192.85714285714286,764.2857142857143,617.1428571428571,23.3268330963346,5810203.645916032
192.85714285714286,764.2857142857143,782.8571428571429,23.23317460855249,5809966.414423726
192.85714285714286,764.2857142857143,948.5714285714287,23.147983926104423,5835814.76226108
192.85714285714286,764.2857142857143,1114.2857142857142,23.0709455498119,5868373.68961607
192.85714285714286,764.2857142857143,1280.0,23.001535910565494,5900251.849082897
192.85714285714286,764.2857142857143,1445.7142857142858,22.939092350284078,5928813.120337817
192.85714285714286,764.2857142857143,1611.4285714285716,22.882903809197984,5953380.531462526
192.85714285714286,764.2857142857143,1777.1428571428573,22.832273752320056,5974070.738158325
192.85714285714286,764.2857142857143,1942.857142857143,22.786554624635535,5991291.373325677
192.85714285714286,764.2857142857143,2108.5714285714284,22.745162726081144,6005523.679219526
192.85714285714286,764.2857142857143,2274.285714285714,22.707581531243346,6017231.876904232
192.85714285714286,764.2857142857143,2440.0,22.673358887359225,6026829.499946242
192.85714285714286,764.2857142857143,2605.714285714286,22.6421013728939,6034671.0526434705
192.85714285714286,764.2857142857143,2771.4285714285716,22.613467665971324,6041054.412987995
192.85714285714286,764.2857142857143,2937.1428571428573,22.58716190008455,6046227.252838895
192.85714285714286,764.2857142857143,3102.857142857143,22.562927480643975,6050394.428548247
192.85714285714286,764.2857142857143,3268.571428571429,22.54054155605504,6053725.034291149
192.85714285714286,764.2857142857143,3434.2857142857147,22.519810188092247,6056358.627924074
192.85714285714286,764.2857142857143,3600.0,22.50056419185125,6058410.514442277
192.85714285714286,811.4285714285714,120.0,23.659811206717627,8489557.486515071
192.85714285714286,811.4285714285714,285.7142857142857,23.529067362278536,6547614.705048786
192.85714285714286,811.4285714285714,451.42857142857144,23.415022858171127,6168473.838075467
192.85714285714286,811.4285714285714,617.1428571428571,23.311732788996178,6071446.452304105
192.85714285714286,811.4285714285714,782.8571428571429,23.21758009048005,6062471.204309909
192.85714285714286,811.4285714285714,948.5714285714287,23.132118817450866,6083582.151417916
192.85714285714286,811.4285714285714,1114.2857142857142,23.054939872636513,6113457.094117445
192.85714285714286,811.4285714285714,1280.0,22.985465331996192,6143788.979394752
192.85714285714286,811.4285714285714,1445.7142857142858,22.923000276651987,6171466.679149037
192.85714285714286,811.4285714285714,1611.4285714285716,22.86681438187323,6195549.839898294
192.85714285714286,811.4285714285714,1777.1428571428573,22.816199620032183,6216001.885682218
192.85714285714286,811.4285714285714,1942.857142857143,22.770501626867535,6233138.026712773
192.85714285714286,811.4285714285714,2108.5714285714284,22.729132726249055,6247382.1965785045
192.85714285714286,811.4285714285714,2274.285714285714,22.691574133097152,6259162.3165124655
192.85714285714286,811.4285714285714,2440.0,22.657372473269678,6268868.555089469
192.85714285714286,811.4285714285714,2605.714285714286,22.626133728344644,6276840.204398153
192.85714285714286,811.4285714285714,2771.4285714285716,22.59751635061669,6283365.169198682
192.85714285714286,811.4285714285714,2937.1428571428573,22.571224463303935,6288684.568643714
192.85714285714286,811.4285714285714,3102.857142857143,22.54700158176265,6292998.968645104
192.85714285714286,811.4285714285714,3268.571428571429,22.52462502639241,6296474.6844259715
192.85714285714286,811.4285714285714,3434.2857142857147,22.50390105787618,6299249.512353626
192.85714285714286,811.4285714285714,3600.0,22.48466069630989,6301437.684103225
192.85714285714286,858.5714285714287,120.0,23.65095988885587,8984045.849677496
192.85714285714286,858.5714285714287,285.7142857142857,23.516858569001325,6865616.458327417
192.85714285714286,858.5714285714287,451.42857142857144,23.401355163176667,6443900.349155832
192.85714285714286,858.5714285714287,617.1428571428571,23.2973103890533,6329275.69277308
192.85714285714286,858.5714285714287,782.8571428571429,23.202757421168712,6311543.730575921
192.85714285714286,858.5714285714287,948.5714285714287,23.11709364979949,6327891.56488335
192.85714285714286,858.5714285714287,1114.2857142857142,23.039825390010446,6355053.293796602
192.85714285714286,858.5714285714287,1280.0,22.970325905887684,6383808.866315571
192.85714285714286,858.5714285714287,1445.7142857142858,22.907871524984866,6410573.791495299
192.85714285714286,858.5714285714287,1611.4285714285716,22.85171492334057,6434145.212177601
192.85714285714286,858.5714285714287,1777.1428571428573,22.801138073783886,6454333.716576927
192.85714285714286,858.5714285714287,1942.857142857143,22.7554808074244,6471362.20429668
192.85714285714286,858.5714285714287,2108.5714285714284,22.714152163017538,6485597.254135583
192.85714285714286,858.5714285714287,2274.285714285714,22.676631582019613,6497430.359349163
192.85714285714286,858.5714285714287,2440.0,22.642464819101495,6507228.158295171
192.85714285714286,858.5714285714287,2605.714285714286,22.61125751712873,6515314.554334251
192.85714285714286,858.5714285714287,2771.4285714285716,22.58266809729633,6521967.305422784
192.85714285714286,858.5714285714287,2937.1428571428573,22.556400822679215,6527420.81475863
192.85714285714286,858.5714285714287,3102.857142857143,22.532199436745113,6531871.208247258
192.85714285714286,858.5714285714287,3268.571428571429,22.509841526692306,6535481.88733335
192.85714285714286,858.5714285714287,3434.2857142857147,22.489133629515468,6538388.766593218
192.85714285714286,858.5714285714287,3600.0,22.469907034509184,6540704.897728298
192.85714285714286,905.7142857142858,120.0,23.6421276686038,9475541.646611039
192.85714285714286,905.7142857142858,285.7142857142857,23.50497685667774,7180409.48619386
192.85714285714286,905.7142857142858,451.42857142857144,23.388195198043736,6716146.036059453
192.85714285714286,905.7142857142858,617.1428571428571,23.283511777374915,6583942.226486195
192.85714285714286,905.7142857142858,782.8571428571429,23.188637843248777,6557451.9058803
192.85714285714286,905.7142857142858,948.5714285714287,23.10282821646487,6569022.58718771
192.85714285714286,905.7142857142858,1114.2857142857142,23.025512706021154,6593450.699834854
192.85714285714286,905.7142857142858,1280.0,22.956020678560975,6620606.963637986
192.85714285714286,905.7142857142858,1445.7142857142858,22.893602788599075,6646435.698853618
192.85714285714286,905.7142857142858,1611.4285714285716,22.83749668576512,6669472.729363482
192.85714285714286,905.7142857142858,1777.1428571428573,22.786975631934283,6689376.403972609
192.85714285714286,905.7142857142858,1942.857142857143,22.741374512451944,6706277.566583269
192.85714285714286,905.7142857142858,2108.5714285714284,22.70009966568726,6720485.502672171
192.85714285714286,905.7142857142858,2274.285714285714,22.662629166638464,6732355.233357233
192.85714285714286,905.7142857142858,2440.0,22.628508188617893,6742229.768609941
192.85714285714286,905.7142857142858,2605.714285714286,22.59734224697758,6750417.500881824
192.85714285714286,905.7142857142858,2771.4285714285716,22.56878988928187,6757185.912241165
192.85714285714286,905.7142857142858,2937.1428571428573,22.542555638526967,6762762.5633877935
192.85714285714286,905.7142857142858,3102.857142857143,22.51838355982118,6767339.021127309
192.85714285714286,905.7142857142858,3268.571428571429,22.49605158150533,6771075.6637324365
192.85714285714286,905.7142857142858,3434.2857142857147,22.47536657709375,6774106.425014263
192.85714285714286,905.7142857142858,3600.0,22.456160154676265,6776543.088010338
192.85714285714286,952.8571428571429,120.0,23.633332369505606,9963855.782034023
192.85714285714286,952.8571428571429,285.7142857142857,23.49341272242889,7492124.763998494
192.85714285714286,952.8571428571429,451.42857142857144,23.37551168403407,6985402.660919841
192.85714285714286,952.8571428571429,617.1428571428571,23.270289682814223,6835662.381535653
192.85714285714286,952.8571428571429,782.8571428571429,23.175162077478156,6800426.029255088
192.85714285714286,952.8571428571429,948.5714285714287,23.0892539602327,6807215.118187715
192.85714285714286,952.8571428571429,1114.2857142857142,23.01192588829617,6828896.519057108
192.85714285714286,952.8571428571429,1280.0,22.942467697634083,6854436.347409465
192.85714285714286,952.8571428571429,1445.7142857142858,22.880107084183695,6879310.331070403
192.85714285714286,952.8571428571429,1611.4285714285716,22.824068395795727,6901794.403372394
192.85714285714286,952.8571428571429,1777.1428571428573,22.773617300587365,6921395.429543911
192.85714285714286,952.8571428571429,1942.857142857143,22.728084476096317,6938152.566715305
192.85714285714286,952.8571428571429,2108.5714285714284,22.686874057764026,6952317.95493035
192.85714285714286,952.8571428571429,2274.285714285714,22.649463096662686,6964210.166909843
192.85714285714286,952.8571428571429,2440.0,22.61539642584551,6974148.540619532
192.85714285714286,952.8571428571429,2605.714285714286,22.584279606718372,6982425.879874152
192.85714285714286,952.8571428571429,2771.4285714285716,22.555771441037606,6989299.298349691
192.85714285714286,952.8571428571429,2937.1428571428573,22.529576808003597,6994989.418023202
192.85714285714286,952.8571428571429,3102.857142857143,22.50544016850618,6999683.15278051
192.85714285714286,952.8571428571429,3268.571428571429,22.48313985033795,7003537.769501045
192.85714285714286,952.8571428571429,3434.2857142857147,22.462483110311457,7006685.140071572
192.85714285714286,952.8571428571429,3600.0,22.443301913535656,7009235.705227817
192.85714285714286,1000.0,120.0,23.624589313428345,10448830.34383501
192.85714285714286,1000.0,285.7142857142857,23.482156704928634,7800879.773848915
192.85714285714286,1000.0,451.42857142857144,23.36327644278139,7251838.399801006
192.85714285714286,1000.0,617.1428571428571,23.25760249682899,7084624.543280024
192.85714285714286,1000.0,782.8571428571429,23.16227858486871,7040665.965533016
192.85714285714286,1000.0,948.5714285714287,23.076311759268382,7042676.953095084
192.85714285714286,1000.0,1114.2857142857142,22.99899984393219,7061604.62632499
192.85714285714286,1000.0,1280.0,22.929597032899988,7085515.811116873
192.85714285714286,1000.0,1445.7142857142858,22.867310462724728,7109420.57578483
192.85714285714286,1000.0,1611.4285714285716,22.811352692688438,7131336.584904807
192.85714285714286,1000.0,1777.1428571428573,22.76098276978282,7150620.102734934
192.85714285714286,1000.0,1942.857142857143,22.715527800664056,7167219.059790904
192.85714285714286,1000.0,2108.5714285714284,22.674390143037634,7181328.66824613
192.85714285714286,1000.0,2274.285714285714,22.637046113651625,7193231.131325792
192.85714285714286,1000.0,2440.0,22.6030404067204,7203222.115996346
192.85714285714286,1000.0,2605.714285714286,22.571978772858376,7211578.796300079
192.85714285714286,1000.0,2771.4285714285716,22.54352037203956,7218547.855291013
192.85714285714286,1000.0,2937.1428571428573,22.517370516975856,7224342.905210358
192.85714285714286,1000.0,3102.857142857143,22.493274123088973,7229146.134309243
192.85714285714286,1000.0,3268.571428571429,22.47100996325913,7233111.627598931
192.85714285714286,1000.0,3434.2857142857147,22.45038571379912,7236369.128865942
192.85714285714286,1000.0,3600.0,22.43123372613,7239027.675604849
228.57142857142858,10.0,120.0,23.77131340296522,176647.90179964897
228.57142857142858,10.0,285.7142857142857,23.770741335257757,192208.54368076968
228.57142857142858,10.0,451.42857142857144,23.769383272314982,218323.87819646148
228.57142857142858,10.0,617.1428571428571,23.767245699987743,240995.65922139978
228.57142857142858,10.0,782.8571428571429,23.76453970732759,258101.689138055
228.57142857142858,10.0,948.5714285714287,23.76154680318158,269817.22547571297
228.57142857142858,10.0,1114.2857142857142,23.758501793981026,277213.66992225946
228.57142857142858,10.0,1280.0,23.75555829972388,281449.6798164653
228.57142857142858,10.0,1445.7142857142858,23.752799895122692,283483.3303883444
228.57142857142858,10.0,1611.4285714285716,23.750262267631037,284027.91888135707
228.57142857142858,10.0,1777.1428571428573,23.74795230772997,283588.93813066545
228.57142857142858,10.0,1942.857142857143,23.745861259205874,282515.8263099917
228.57142857142858,10.0,2108.5714285714284,23.74397285414333,281047.01454820036
228.57142857142858,10.0,2274.285714285714,23.742268011448825,279343.9708024927
228.57142857142858,10.0,2440.0,23.740727392847727,277515.4255503909
228.57142857142858,10.0,2605.714285714286,23.73933269336707,275634.1356377948
228.57142857142858,10.0,2771.4285714285716,23.738067212881596,273748.341062955
228.57142857142858,10.0,2937.1428571428573,23.73691603429452,271889.561290273
228.57142857142858,10.0,3102.857142857143,23.73586599675905,270077.9014375757
228.57142857142858,10.0,3268.571428571429,23.734905570470673,268325.67276760016
228.57142857142858,10.0,3434.2857142857147,23.73402469179511,266639.87196656864
228.57142857142858,10.0,3600.0,23.733214590071388,265023.88560554484
228.57142857142858,57.142857142857146,120.0,23.769610006301786,772959.9488332899
228.57142857142858,57.142857142857146,285.7142857142857,23.75906740587495,844830.5635083868
228.57142857142858,57.142857142857146,451.42857142857144,23.740017667640608,933821.6457219945
228.57142857142858,57.142857142857146,617.1428571428571,23.714711283243883,1011322.9152046992
228.57142857142858,57.142857142857146,782.8571428571429,23.685754332276343,1073191.3433659847
228.57142857142858,57.142857142857146,948.5714285714287,23.65549625530033,1120029.389731228
228.57142857142858,57.142857142857146,1114.2857142857142,23.625619343063445,1154319.82799293
228.57142857142858,57.142857142857146,1280.0,23.597137476373426,1178829.8476227208
228.57142857142858,57.142857142857146,1445.7142857142858,23.570564380752465,1195974.810455362
228.57142857142858,57.142857142857146,1611.4285714285716,23.546090061533675,1207668.6795807295
228.57142857142858,57.142857142857146,1777.1428571428573,23.52371417390728,1215361.76161814
228.57142857142858,57.142857142857146,1942.857142857143,23.503334110333615,1220129.9700967935
228.57142857142858,57.142857142857146,2108.5714285714284,23.484798985163952,1222764.1349163558
228.57142857142858,57.142857142857146,2274.285714285714,23.46794099562698,1223843.9099016597
228.57142857142858,57.142857142857146,2440.0,23.452592713310437,1223794.4510269638
228.57142857142858,57.142857142857146,2605.714285714286,23.43859596812474,1222928.37070846
228.57142857142858,57.142857142857146,2771.4285714285716,23.42580586159162,1221476.282850741
228.57142857142858,57.142857142857146,2937.1428571428573,23.414092047325767,1219608.8926087215
228.57142857142858,57.142857142857146,3102.857142857143,23.403338542918124,1217452.9525909421
228.57142857142858,57.142857142857146,3268.571428571429,23.393442807149835,1215102.8120079567
228.57142857142858,57.142857142857146,3434.2857142857147,23.384314500056167,1212628.8086526692
228.57142857142858,57.142857142857146,3600.0,23.375874156825578,1210083.3971033657
228.57142857142858,104.28571428571429,120.0,23.765660644392888,1397294.644786817
228.57142857142858,104.28571428571429,285.7142857142857,23.74070137148466,1421733.257675598
228.57142857142858,104.28571428571429,451.42857142857144,23.702872732875896,1515471.4084389037
228.57142857142858,104.28571428571429,617.1428571428571,23.65744201383541,1604325.6537884586
228.57142857142858,104.28571428571429,782.8571428571429,23.60854830526828,1677962.8792660718
228.57142857142858,104.28571428571429,948.5714285714287,23.559362842528476,1735336.9412630207
228.57142857142858,104.28571428571429,1114.2857142857142,23.511947509868424,1778520.4538175547
228.57142857142858,104.28571428571429,1280.0,23.46743394192665,1810313.1948160306
228.57142857142858,104.28571428571429,1445.7142857142858,23.426311793530665,1833317.8379761397
228.57142857142858,104.28571428571429,1611.4285714285716,23.388677580879612,1849672.4731350343
228.57142857142858,104.28571428571429,1777.1428571428573,23.354408934091687,1861040.8236337008
228.57142857142858,104.28571428571429,1942.857142857143,23.323274639055114,1868684.842332696
228.57142857142858,104.28571428571429,2108.5714285714284,23.294999753696548,1873550.748838084
228.57142857142858,104.28571428571429,2274.285714285714,23.26930209056693,1876345.0998246192
228.57142857142858,104.28571428571429,2440.0,23.245911378624772,1877595.454528798
228.57142857142858,104.28571428571429,2605.714285714286,23.224578319829465,1877696.562325776
228.57142857142858,104.28571428571429,2771.4285714285716,23.205077941249808,1876944.7566971825
228.57142857142858,104.28571428571429,2937.1428571428573,23.18720985372138,1875563.3124034116
228.57142857142858,104.28571428571429,3102.857142857143,23.170796934369417,1873721.0787553473
228.57142857142858,104.28571428571429,3268.571428571429,23.15568329680017,1871546.179829158
228.57142857142858,104.28571428571429,3434.2857142857147,23.14173202798672,1869136.1164560197
228.57142857142858,104.28571428571429,3600.0,23.128822947037428,1866565.2463608354
228.57142857142858,151.42857142857144,120.0,23.760000216835422,2020210.851857973
228.57142857142858,151.42857142857144,285.7142857142857,23.720519934023592,1944952.415528244
228.57142857142858,151.42857142857144,451.42857142857144,23.667224836974146,2020777.7929710723
228.57142857142858,151.42857142857144,617.1428571428571,23.607149412917206,2106214.914444931
228.57142857142858,151.42857142857144,782.8571428571429,23.544914981536344,2181007.0269783786
228.57142857142858,151.42857142857144,948.5714285714287,23.483781637439986,2241077.7444633176
228.57142857142858,151.42857142857144,1114.2857142857142,23.425737468346448,2287322.868840606
228.57142857142858,151.42857142857144,1280.0,23.371780959370092,2322057.465939779
228.57142857142858,151.42857142857144,1445.7142857142858,23.322257211089283,2347697.018803375
228.57142857142858,151.42857142857144,1611.4285714285716,23.277126680419794,2366326.7073503975
228.57142857142858,151.42857142857144,1777.1428571428573,23.236146172165522,2379617.3866913947
228.57142857142858,151.42857142857144,1942.857142857143,23.19897994618906,2388862.9897086746
228.57142857142858,151.42857142857144,2108.5714285714284,23.165263684575795,2395049.7469833973
228.57142857142858,151.42857142857144,2274.285714285714,23.134639121418132,2398924.4093753695
228.57142857142858,151.42857142857144,2440.0,23.106771274280156,2401051.5081838476
228.57142857142858,151.42857142857144,2605.714285714286,23.081355730902242,2401858.3285956034
228.57142857142858,151.42857142857144,2771.4285714285716,23.05812046370964,2401669.1418343214
228.57142857142858,151.42857142857144,2937.1428571428573,23.03682478667712,2400730.8739478933
228.57142857142858,151.42857142857144,3102.857142857143,23.01725694966409,2399232.232366735
228.57142857142858,151.42857142857144,3268.571428571429,22.99923120441813,2397317.937857265
228.57142857142858,151.42857142857144,3434.2857142857147,22.982584791850062,2395099.330361638
228.57142857142858,151.42857142857144,3600.0,22.96717507937626,2392662.298151225
228.57142857142858,198.57142857142858,120.0,23.753074011047232,2638814.832894199
228.57142857142858,198.57142857142858,285.7142857142857,23.70008817251626,2432298.905588454
228.57142857142858,198.57142857142858,451.42857142857144,23.634355754084268,2478466.6414512875
228.57142857142858,198.57142857142858,617.1428571428571,23.563498365287355,2553489.245643301
228.57142857142858,198.57142857142858,782.8571428571429,23.492023534994086,2624635.1223824034
228.57142857142858,198.57142857142858,948.5714285714287,23.422968991514754,2683925.3611245872
228.57142857142858,198.57142857142858,1114.2857142857142,23.35809667436465,2730657.248429262
228.57142857142858,198.57142857142858,1280.0,23.298208669801504,2766409.0808592085
228.57142857142858,198.57142857142858,1445.7142857142858,23.243490240452175,2793240.201883068
228.57142857142858,198.57142857142858,1611.4285714285716,23.193774933697473,2813063.0042296513
228.57142857142858,198.57142857142858,1777.1428571428573,23.148719260402746,2827467.937942781
228.57142857142858,198.57142857142858,1942.857142857143,23.107907816043372,2837715.9655053946
228.57142857142858,198.57142857142858,2108.5714285714284,23.070912408262007,2844784.635802094
228.57142857142858,198.57142857142858,2274.285714285714,23.03732300147482,2849424.102460432
228.57142857142858,198.57142857142858,2440.0,23.006762200342543,2852207.8838325357
228.57142857142858,198.57142857142858,2605.714285714286,22.978890492753404,2853574.3849149006
228.57142857142858,198.57142857142858,2771.4285714285716,22.953406534737827,2853859.332412531
228.57142857142858,198.57142857142858,2937.1428571428573,22.930044950412103,2853320.55041892
228.57142857142858,198.57142857142858,3102.857142857143,22.908573040577505,2852156.6867816527
228.57142857142858,198.57142857142858,3268.571428571429,22.888787162179415,2850521.310057622
228.57142857142858,198.57142857142858,3434.2857142857147,22.870509177096835,2848533.5186998975
228.57142857142858,198.57142857142858,3600.0,22.853583162458083,2846285.941307228
228.57142857142858,245.71428571428572,120.0,23.74520414966685,3252638.011070021
228.57142857142858,245.71428571428572,285.7142857142857,23.679985072625445,2893826.890493505
228.57142857142858,245.71428571428572,451.42857142857144,23.604197275132336,2903401.586917564
228.57142857142858,245.71428571428572,617.1428571428571,23.525203932505644,2964157.6471198336
228.57142857142858,245.71428571428572,782.8571428571429,23.447090182184773,3029103.278092289
228.57142857142858,245.71428571428572,948.5714285714287,23.372548340091893,3085785.4894789443
228.57142857142858,245.71428571428572,1114.2857142857142,23.303072520723294,3131650.0401100623
228.57142857142858,245.71428571428572,1280.0,23.239264099344098,3167399.082751505
228.57142857142858,245.71428571428572,1445.7142857142858,23.181160521302434,3194647.4760826565
228.57142857142858,245.71428571428572,1611.4285714285716,23.12848664424048,3215074.036491475
228.57142857142858,245.71428571428572,1777.1428571428573,23.080818320046454,3230145.0013137045
228.57142857142858,245.71428571428572,1942.857142857143,23.03767936619279,3241055.9393495265
228.57142857142858,245.71428571428572,2108.5714285714284,22.998594966883893,3248751.3207592787
228.57142857142858,245.71428571428572,2274.285714285714,22.96311866148028,3253966.1357553857
228.57142857142858,245.71428571428572,2440.0,22.930844097660803,3257268.6393040386
228.57142857142858,245.71428571428572,2605.714285714286,22.90140837448249,3259097.3406916205
228.57142857142858,245.71428571428572,2771.4285714285716,22.87449098708151,3259790.854320977
228.57142857142858,245.71428571428572,2937.1428571428573,22.84981066555829,3259611.2009777706
228.57142857142858,245.71428571428572,3102.857142857143,22.827121382181186,3258761.700374592
228.57142857142858,245.71428571428572,3268.571428571429,22.80620820984756,3257400.607018272
228.57142857142858,245.71428571428572,3434.2857142857147,22.786883377243072,3255651.475810163
228.57142857142858,245.71428571428572,3600.0,22.76898267698118,3253611.0452115443
228.57142857142858,292.8571428571429,120.0,23.73662743422308,3861501.800394385
228.57142857142858,292.8571428571429,285.7142857142857,23.660439925124138,3335628.7024693484
228.57142857142858,292.8571428571429,451.42857142857144,23.576438386548848,3304222.0363682113
228.57142857142858,292.8571428571429,617.1428571428571,23.491168060730104,3348410.2512224736
228.57142857142858,292.8571428571429,782.8571428571429,23.40814304347643,3405665.9816021156
228.57142857142858,292.8571428571429,948.5714285714287,23.32967191999453,3458678.363328235
228.57142857142858,292.8571428571429,1114.2857142857142,23.256981611986273,3502883.368472584
228.57142857142858,292.8571428571429,1280.0,23.190487140448557,3538025.2652417314
228.57142857142858,292.8571428571429,1445.7142857142858,23.13009609408176,3565224.8127644355
228.57142857142858,292.8571428571429,1611.4285714285716,23.075442239612645,3585893.8333489387
228.57142857142858,292.8571428571429,1777.1428571428573,23.026036626601456,3601350.4051841437
228.57142857142858,292.8571428571429,1942.857142857143,22.981356086806976,3612706.9156602146
228.57142857142858,292.8571428571429,2108.5714285714284,22.940890994877574,3620861.2569423765
228.57142857142858,292.8571428571429,2274.285714285714,22.904168523078425,3626522.8700760296
228.57142857142858,292.8571428571429,2440.0,22.870761913001484,3630246.679526513
228.57142857142858,292.8571428571429,2605.714285714286,22.840292151995904,3632464.986483294
228.57142857142858,292.8571428571429,2771.4285714285716,22.812425781936955,3633514.323344614
228.57142857142858,292.8571428571429,2937.1428571428573,22.786870950438164,3633656.9738121303
228.57142857142858,292.8571428571429,3102.857142857143,22.763372861633115,3633097.8003634247
228.57142857142858,292.8571428571429,3268.571428571429,22.741709234018597,3631997.2431121357
228.57142857142858,292.8571428571429,3434.2857142857147,22.72168606168294,3630481.3070262456
228.57142857142858,292.8571428571429,3600.0,22.7031338028292,3628649.2240854027
228.57142857142858,340.0,120.0,23.727522805075935,4465227.556792017
228.57142857142858,340.0,285.7142857142857,23.641540118622576,3761657.2364641693
228.57142857142858,340.0,451.42857142857144,23.550760377533102,3686389.3424497414
228.57142857142858,340.0,617.1428571428571,23.460558880385577,3712571.0785058606
228.57142857142858,340.0,782.8571428571429,23.37381835936468,3761219.414915426
228.57142857142858,340.0,948.5714285714287,23.292464313266414,3809905.1886502276
228.57142857142858,340.0,1114.2857142857142,23.21747315353451,3851954.027122151
228.57142857142858,340.0,1280.0,23.149092876878136,3886103.298469348
228.57142857142858,340.0,1445.7142857142858,23.087118903510838,3912950.9673214518
228.57142857142858,340.0,1611.4285714285716,23.031108905228518,3933622.784318211
228.57142857142858,340.0,1777.1428571428573,22.980521501523214,3949274.9577171006
228.57142857142858,340.0,1942.857142857143,22.934796672128577,3960926.392816662
228.57142857142858,340.0,2108.5714285714284,22.893398294498414,3969420.469513441
228.57142857142858,340.0,2274.285714285714,22.855834027819753,3975434.878169977
228.57142857142858,340.0,2440.0,22.821662396656723,3979506.3201576746
228.57142857142858,340.0,2605.714285714286,22.79049303161312,3982057.002859713
228.57142857142858,340.0,2771.4285714285716,22.761983522508995,3983418.2742257845
228.57142857142858,340.0,2937.1428571428573,22.73583482301649,3983850.1923919227
228.57142857142858,340.0,3102.857142857143,22.71178625603438,3983557.1581689683
228.57142857142858,340.0,3268.571428571429,22.689610658896644,3982700.176343048
228.57142857142858,340.0,3434.2857142857147,22.669109920941853,3981406.3862000187
228.57142857142858,340.0,3600.0,22.650111008976666,3979776.4413788854
228.57142857142858,387.14285714285717,120.0,23.718028716699894,5063616.514711166
228.57142857142858,387.14285714285717,285.7142857142857,23.623310303185264,4174622.688586243
228.57142857142858,387.14285714285717,451.42857142857144,23.526886599285472,4053577.123987494
228.57142857142858,387.14285714285717,617.1428571428571,23.432755019123107,4060834.9878300405
228.57142857142858,387.14285714285717,782.8571428571429,23.343155562632816,4100294.2088292534
228.57142857142858,387.14285714285717,948.5714285714287,23.259649002074504,4144231.3526498503
228.57142857142858,387.14285714285717,1114.2857142857142,23.18298322887803,4183798.3226695317
228.57142857142858,387.14285714285717,1280.0,23.113258649722418,4216696.507876533
228.57142857142858,387.14285714285717,1445.7142857142858,23.050174232419643,4242984.610188218
228.57142857142858,387.14285714285717,1611.4285714285716,22.993223891047943,4263491.399815352
228.57142857142858,387.14285714285717,1777.1428571428573,22.94182344973868,4279203.257315974
228.57142857142858,387.14285714285717,1942.857142857143,22.89538360541138,4291039.491376137
228.57142857142858,387.14285714285717,2108.5714285714284,22.85334774890756,4299784.146398066
228.57142857142858,387.14285714285717,2274.285714285714,22.815208857949735,4306079.306535403
228.57142857142858,387.14285714285717,2440.0,22.78051467138737,4310440.345795468
228.57142857142858,387.14285714285717,2605.714285714286,22.74886669827438,4313276.867042341
228.57142857142858,387.14285714285717,2771.4285714285716,22.719916266168003,4314912.996184675
228.57142857142858,387.14285714285717,2937.1428571428573,22.69335939174777,4315604.907161108
228.57142857142858,387.14285714285717,3102.857142857143,22.668931425983327,4315555.185008735
228.57142857142858,387.14285714285717,3268.571428571429,22.646401952088155,4314924.290447065
228.57142857142858,387.14285714285717,3434.2857142857147,22.625570150263822,4313839.5865586735
228.57142857142858,387.14285714285717,3600.0,22.60626070011393,4312402.3986816
228.57142857142858,434.28571428571433,120.0,23.70825426564835,5656468.355126248
228.57142857142858,434.28571428571433,285.7142857142857,23.605745998641044,4576468.14864272
228.57142857142858,434.28571428571433,451.42857142857144,23.5045870365094,4408377.864286052
228.57142857142858,434.28571428571433,617.1428571428571,23.40728753255755,4396128.852208777
228.57142857142858,434.28571428571433,782.8571428571429,23.3154603273056,4426027.374023773
228.57142857142858,434.28571428571433,948.5714285714287,23.230327268835442,4464939.463952965
228.57142857142858,434.28571428571433,1114.2857142857142,23.15243049155233,4501804.903504963
228.57142857142858,434.28571428571433,1280.0,23.08174067808409,4533272.803620276
228.57142857142858,434.28571428571433,1445.7142857142858,23.017873818492664,4558853.699973525
228.57142857142858,434.28571428571433,1611.4285714285716,22.960270135369086,4579073.4182385
228.57142857142858,434.28571428571433,1777.1428571428573,22.90831021992177,4594743.998548327
228.57142857142858,434.28571428571433,1942.857142857143,22.861381242827793,4606681.537213629
228.57142857142858,434.28571428571433,2108.5714285714284,22.81891056210496,4615607.779666247
228.57142857142858,434.28571428571433,2274.285714285714,22.780379978479324,4622126.756641665
228.57142857142858,434.28571428571433,2440.0,22.7453292473942,4626730.4902438335
228.57142857142858,434.28571428571433,2605.714285714286,22.713354030454905,4629814.3037686795
228.57142857142858,434.28571428571433,2771.4285714285716,22.68410126282867,4631693.715227769
228.57142857142858,434.28571428571433,2937.1428571428573,22.65726357960385,4632619.867335364
228.57142857142858,434.28571428571433,3102.857142857143,22.63257366683755,4632792.579144245
228.57142857142858,434.28571428571433,3268.571428571429,22.609798961741156,4632370.979057734
228.57142857142858,434.28571428571433,3434.2857142857147,22.588736882260566,4631481.998909457
228.57142857142858,434.28571428571433,3600.0,22.56921063553803,4630227.090272093
228.57142857142858,481.42857142857144,120.0,23.698286579374738,6243598.29770554
228.57142857142858,481.42857142857144,285.7142857142857,23.588829007159298,4968639.254675145
228.57142857142858,481.42857142857144,451.42857142857144,23.483672184950876,4752692.623497984
228.57142857142858,481.42857142857144,617.1428571428571,23.38379653357394,4720578.083417753
228.57142857142858,481.42857142857144,782.8571428571429,23.29021768449367,4740682.39229234
228.57142857142858,481.42857142857144,948.5714285714287,23.203846718804527,4774388.094762114
228.57142857142858,481.42857142857144,1114.2857142857142,23.125041660061992,4808401.781238346
228.57142857142858,481.42857142857144,1280.0,23.05365930946827,4838312.495195104
228.57142857142858,481.42857142857144,1445.7142857142858,22.989244088310972,4863078.584972404
228.57142857142858,481.42857142857144,1611.4285714285716,22.93119075370702,4882920.09942617
228.57142857142858,481.42857142857144,1777.1428571428573,22.878850664301698,4898472.3893043585
228.57142857142858,481.42857142857144,1942.857142857143,22.831591917782948,4910446.290261058
228.57142857142858,481.42857142857144,2108.5714285714284,22.78882921024032,4919499.455513524
228.57142857142858,481.42857142857144,2274.285714285714,22.750035768658613,4926196.306212586
228.57142857142858,481.42857142857144,2440.0,22.71474541423692,4931004.175772529
228.57142857142858,481.42857142857144,2605.714285714286,22.68254960255591,4934302.969064453
228.57142857142858,481.42857142857144,2771.4285714285716,22.65309221187049,4936398.631687922
228.57142857142858,481.42857142857144,2937.1428571428573,22.626063597239934,4937536.461373836
228.57142857142858,481.42857142857144,3102.857142857143,22.60119469937194,4937912.826084872
228.57142857142858,481.42857142857144,3268.571428571429,22.57825158515764,4937684.945608653
228.57142857142858,481.42857142857144,3434.2857142857147,22.557030570580263,4936978.835712072
228.57142857142858,481.42857142857144,3600.0,22.537353956886438,4935895.666026047
228.57142857142858,528.5714285714286,120.0,23.688195914457616,6824847.429384238
228.57142857142858,528.5714285714286,285.7142857142857,23.57253488186919,5352245.727258187
228.57142857142858,528.5714285714286,451.42857142857144,23.4639854511181,5087960.10230157
228.57142857142858,528.5714285714286,617.1428571428571,23.362000853877596,5035777.112198878
228.57142857142858,528.5714285714286,782.8571428571429,23.26703655108453,5045947.871578816
228.57142857142858,528.5714285714286,948.5714285714287,23.17972084314018,5074330.50145016
228.57142857142858,528.5714285714286,1114.2857142857142,23.100247457367345,5105389.645408011
228.57142857142858,528.5714285714286,1280.0,23.028373144516834,5133652.318556504
228.57142857142858,528.5714285714286,1445.7142857142858,22.963580388562683,5157523.912775186
228.57142857142858,528.5714285714286,1611.4285714285716,22.905225239546116,5176917.920004049
228.57142857142858,528.5714285714286,1777.1428571428573,22.852634638217843,5192292.061790715
228.57142857142858,528.5714285714286,1942.857142857143,22.80516110761587,5204250.886447666
228.57142857142858,528.5714285714286,2108.5714285714284,22.76220928004577,5213386.928064211
228.57142857142858,528.5714285714286,2274.285714285714,22.723245781672766,5220224.029524873
228.57142857142858,528.5714285714286,2440.0,22.687800029865528,5225203.955724715
228.57142857142858,528.5714285714286,2605.714285714286,22.65546048492571,5228690.413369012
228.57142857142858,528.5714285714286,2771.4285714285716,22.625868943152966,5230979.09558667
228.57142857142858,528.5714285714286,2937.1428571428573,22.598714277051855,5232308.868135304
228.57142857142858,528.5714285714286,3102.857142857143,22.573726343276263,5232872.144559369
228.57142857142858,528.5714285714286,3268.571428571429,22.550670393341232,5232823.806156988
228.57142857142858,528.5714285714286,3434.2857142857147,22.52934211180993,5232288.586283152
228.57142857142858,528.5714285714286,3600.0,22.50956329662218,5231367.060697327
228.57142857142858,575.7142857142858,120.0,23.67803930045106,7400087.453170164
228.57142857142858,575.7142857142858,285.7142857142857,23.556836685151094,5728162.606688922
228.57142857142858,575.7142857142858,451.42857142857144,23.445396444936243,5415298.3063632855
228.57142857142858,575.7142857142858,617.1428571428571,23.341677021047904,5342954.87128977
228.57142857142858,575.7142857142858,782.8571428571429,23.245613564607652,5343118.866324516
228.57142857142858,575.7142857142858,948.5714285714287,23.157578193384747,5366107.095412535
228.57142857142858,575.7142857142858,1114.2857142857142,23.077618137719966,5394142.407730456
228.57142857142858,575.7142857142858,1280.0,23.00540209641373,5420691.904388107
228.57142857142858,575.7142857142858,1445.7142857142858,22.940358758137524,5443609.467582549
228.57142857142858,575.7142857142858,1611.4285714285716,22.881811056114493,5462502.630895854
228.57142857142858,575.7142857142858,1777.1428571428573,22.82906541809424,5477651.489830802
228.57142857142858,575.7142857142858,1942.857142857143,22.781461578299787,5489553.964303464
228.57142857142858,575.7142857142858,2108.5714285714284,22.738396139303724,5498736.960082593
228.57142857142858,575.7142857142858,2274.285714285714,22.699330647130715,5505683.173283025
228.57142857142858,575.7142857142858,2440.0,22.663791278588633,5510808.23445048
228.57142857142858,575.7142857142858,2605.714285714286,22.631364407873725,5514459.121306768
228.57142857142858,575.7142857142858,2771.4285714285716,22.60169047393311,5516920.793291473
228.57142857142858,575.7142857142858,2937.1428571428573,22.574457454376063,5518425.25699928
228.57142857142858,575.7142857142858,3102.857142857143,22.54939460576997,5519160.597317895
228.57142857142858,575.7142857142858,3268.571428571429,22.526266768197445,5519279.031941962
228.57142857142858,575.7142857142858,3434.2857142857147,22.504869335897133,5518903.730841654
228.57142857142858,575.7142857142858,3600.0,22.485023894448656,5518134.433818955
228.57142857142858,622.8571428571429,120.0,23.66786322516867,7969221.737603509
228.57142857142858,622.8571428571429,285.7142857142857,23.54170692147995,6097096.130505579
228.57142857142858,622.8571428571429,451.42857142857144,23.427795581188427,5735595.883100567
228.57142857142858,622.8571428571429,617.1428571428571,23.322644572753497,5643080.568793058
228.57142857142858,622.8571428571429,782.8571428571429,23.225708927832965,5633212.049375234
228.57142857142858,622.8571428571429,948.5714285714287,23.13712925654741,5650767.1661267225
228.57142857142858,622.8571428571429,1114.2857142857142,23.056822128990056,5675733.653021782
228.57142857142858,622.8571428571429,1280.0,22.98437858275106,5700523.701160403
228.57142857142858,622.8571428571429,1445.7142857142858,22.91918041728579,5722442.663012364
228.57142857142858,622.8571428571429,1611.4285714285716,22.860522105856283,5740793.654527968
228.57142857142858,622.8571428571429,1777.1428571428573,22.807692761707823,5755679.791769017
228.57142857142858,622.8571428571429,1942.857142857143,22.760021575424354,5767492.495578646
228.57142857142858,622.8571428571429,2108.5714285714284,22.7168987337996,5776692.892514244
228.57142857142858,622.8571428571429,2274.285714285714,22.677781891708115,5783722.243121715
228.57142857142858,622.8571428571429,2440.0,22.642194882704853,5788969.699423031
228.57142857142858,622.8571428571429,2605.714285714286,22.609722687749674,5792765.156728928
228.57142857142858,622.8571428571429,2771.4285714285716,22.580004934876,5795382.502534787
228.57142857142858,622.8571428571429,2937.1428571428573,22.552729146057413,5797046.572935152
228.57142857142858,622.8571428571429,3102.857142857143,22.527624336912645,5797940.844241094
228.57142857142858,622.8571428571429,3268.571428571429,22.504455234121718,5798214.622536037
228.57142857142858,622.8571428571429,3434.2857142857147,22.483017192141876,5797989.296709384
228.57142857142858,622.8571428571429,3600.0,22.463131797194617,5797363.5806354815
228.57142857142858,670.0,120.0,23.65770566542711,8532184.1491458
228.57142857142858,670.0,285.7142857142857,23.5271185353932,6459627.985955204
228.57142857142858,670.0,451.42857142857144,23.411089868656184,6049573.093573709
228.57142857142858,670.0,617.1428571428571,23.304755652262042,5936933.8012216035
228.57142857142858,670.0,782.8571428571429,23.207129885464834,5917041.660830831
228.57142857142858,670.0,948.5714285714287,23.11814424654496,5929148.862323075
228.57142857142858,670.0,1114.2857142857142,23.037598670838502,5951019.524183257
228.57142857142858,670.0,1280.0,22.965015539055422,5974017.9966829745
228.57142857142858,670.0,1445.7142857142858,22.89973564410354,5994905.152065585
228.57142857142858,670.0,1611.4285714285716,22.841028905522112,6012681.879591786
228.57142857142858,670.0,1777.1428571428573,22.788169765581294,6027275.407092901
228.57142857142858,670.0,1942.857142857143,22.740478699822535,6038971.113422695
228.57142857142858,670.0,2108.5714285714284,22.69734077479659,6048164.447548768
228.57142857142858,670.0,2274.285714285714,22.658210695252,6055255.145119949
228.57142857142858,670.0,2440.0,22.6226106522307,6060605.695328044
228.57142857142858,670.0,2605.714285714286,22.59012476794643,6064528.686919998
228.57142857142858,670.0,2771.4285714285716,22.560392276484603,6067286.702364802
228.57142857142858,670.0,2937.1428571428573,22.533100576240816,6069097.181881413
228.57142857142858,670.0,3102.857142857143,22.507978711266823,6070138.783820353
228.57142857142858,670.0,3268.571428571429,22.484791516985645,6070557.712730704
228.57142857142858,670.0,3434.2857142857147,22.463334493911454,6070473.406717612
228.57142857142858,670.0,3600.0,22.443429386322627,6069983.403540365
228.57142857142858,717.1428571428572,120.0,23.647597656231,9088936.673455996
228.57142857142858,717.1428571428572,285.7142857142857,23.513045415931117,6816245.859706306
228.57142857142858,717.1428571428572,451.42857142857144,23.39519965523845,6357823.734890491
228.57142857142858,717.1428571428572,617.1428571428571,23.28788751881517,6225152.481877791
228.57142857142858,717.1428571428572,782.8571428571429,23.189719165899,6195271.20182853
228.57142857142858,717.1428571428572,948.5714285714287,23.100437830181896,6201933.467784983
228.57142857142858,717.1428571428572,1114.2857142857142,23.019739210566613,6220694.855199616
228.57142857142858,717.1428571428572,1280.0,22.94708484882125,6241880.4213182265
228.57142857142858,717.1428571428572,1445.7142857142858,22.88177956509666,6261711.354396763
228.57142857142858,717.1428571428572,1611.4285714285716,22.823072023358073,6278888.957680367
228.57142857142858,717.1428571428572,1777.1428571428573,22.770224197536365,6293165.970922607
228.57142857142858,717.1428571428572,1942.857142857143,22.722549351300348,6304722.4186334945
228.57142857142858,717.1428571428572,2108.5714285714284,22.67942848136352,6313888.354064055
228.57142857142858,717.1428571428572,2274.285714285714,22.640314094874018,6321022.043078504
228.57142857142858,717.1428571428572,2440.0,22.604727293268052,6326459.245005542
228.57142857142858,717.1428571428572,2605.714285714286,22.572251756452154,6330495.113798772
228.57142857142858,717.1428571428572,2771.4285714285716,22.542526645726944,6333380.772647626
228.57142857142858,717.1428571428572,2937.1428571428573,22.515239489109486,6335326.1055274345
228.57142857142858,717.1428571428572,3102.857142857143,22.49011956274601,6336504.797213973
228.57142857142858,717.1428571428572,3268.571428571429,22.46693197758339,6337059.805399046
228.57142857142858,717.1428571428572,3434.2857142857147,22.445472518950183,6337108.484797497
228.57142857142858,717.1428571428572,3600.0,22.425563206230137,6336747.07780915
228.57142857142858,764.2857142857143,120.0,23.63756452505161,9639466.467155179
228.57142857142858,764.2857142857143,285.7142857142857,23.499462634892428,7167365.037521553
228.57142857142858,764.2857142857143,451.42857142857144,23.38005611018654,6660844.7091192575
228.57142857142858,764.2857142857143,617.1428571428571,23.271937068947253,6508266.482360222
228.57142857142858,764.2857142857143,782.8571428571429,23.17334672803949,6468449.586874497
228.57142857142858,764.2857142857143,948.5714285714287,23.08385837945244,6469683.264122027
228.57142857142858,764.2857142857143,1114.2857142857142,23.003074442930288,6485332.263774423
228.57142857142858,764.2857142857143,1280.0,22.930402426712455,6504691.951093586
228.57142857142858,764.2857142857143,1445.7142857142858,22.865115505364695,6523449.1438722
228.57142857142858,764.2857142857143,1611.4285714285716,22.806443889054165,6540008.509026637
228.57142857142858,764.2857142857143,1777.1428571428573,22.753638932083724,6553949.912623314
228.57142857142858,764.2857142857143,1942.857142857143,22.706007932032925,6565348.87519898
228.57142857142858,764.2857142857143,2108.5714285714284,22.662928674858744,6574470.465829833
228.57142857142858,764.2857142857143,2274.285714285714,22.6238520772253,6581631.641446527
228.57142857142858,764.2857142857143,2440.0,22.588298590985488,6587141.451635579
228.57142857142858,764.2857142857143,2605.714285714286,22.555851780809647,6591277.559531599
228.57142857142858,764.2857142857143,2771.4285714285716,22.52615098437121,6594279.534777053
228.57142857142858,764.2857142857143,2937.1428571428573,22.49888405358344,6596349.594669367
228.57142857142858,764.2857142857143,3102.857142857143,22.47378065146899,6597656.336437131
228.57142857142858,764.2857142857143,3268.571428571429,22.450606290251045,6598339.360385001
228.57142857142858,764.2857142857143,3434.2857142857147,22.42915714403642,6598513.834362664
228.57142857142858,764.2857142857143,3600.0,22.409255594591844,6598274.6106115375
228.57142857142858,811.4285714285714,120.0,23.627626876964165,10183782.73331439
228.57142857142858,811.4285714285714,285.7142857142857,23.48634653973997,7513344.002744091
228.57142857142858,811.4285714285714,451.42857142857144,23.365599266062414,6959057.349130048
228.57142857142858,811.4285714285714,617.1428571428571,23.256816766199705,6786721.795984569
228.57142857142858,811.4285714285714,782.8571428571429,23.157903756266972,6737037.029825699
228.57142857142858,811.4285714285714,948.5714285714287,23.06828025190537,6732868.583631981
228.57142857142858,811.4285714285714,1114.2857142857142,22.987465084374836,6745410.04353661
228.57142857142858,811.4285714285714,1280.0,22.9148176695952,6762937.423747514
228.57142857142858,811.4285714285714,1445.7142857142858,22.849583272883866,6780608.83651508
228.57142857142858,811.4285714285714,1611.4285714285716,22.790976044182518,6796535.470555742
228.57142857142858,811.4285714285714,1777.1428571428573,22.738238280032984,6810126.079492874
228.57142857142858,811.4285714285714,1942.857142857143,22.69067235185806,6821352.644682999
228.57142857142858,811.4285714285714,2108.5714285714284,22.64765354277217,6830415.756085711
228.57142857142858,811.4285714285714,2274.285714285714,22.608631672440758,6837591.300481559
228.57142857142858,811.4285714285714,2440.0,22.573126895797536,6843161.703222782
228.57142857142858,811.4285714285714,2605.714285714286,22.54072292076975,6847387.135559394
228.57142857142858,811.4285714285714,2771.4285714285716,22.511059455699122,6850495.565525625
228.57142857142858,811.4285714285714,2937.1428571428573,22.48382482603723,6852681.4721548045
228.57142857142858,811.4285714285714,3102.857142857143,22.458749199616076,6854108.283829344
228.57142857142858,811.4285714285714,3268.571428571429,22.435598584872032,6854912.160439331
228.57142857142858,811.4285714285714,3434.2857142857147,22.414169622595587,6855206.002672999
228.57142857142858,811.4285714285714,3600.0,22.39428512196429,6855083.197380206
228.57142857142858,858.5714285714287,120.0,23.617801390420915,10721913.652165353
228.57142857142858,858.5714285714287,285.7142857142857,23.473674767014703,7854495.917312186
228.57142857142858,858.5714285714287,451.42857142857144,23.351776484378668,7252823.10563769
228.57142857142858,858.5714285714287,617.1428571428571,23.24245157250263,7060898.248849397
228.57142857142858,858.5714285714287,782.8571428571429,23.143298215570788,7001423.966297903
228.57142857142858,858.5714285714287,948.5714285714287,23.053598142360055,6991887.548413251
228.57142857142858,858.5714285714287,1114.2857142857142,22.972795177193856,7001332.491213566
228.57142857142858,858.5714285714287,1280.0,22.90020584607903,7017026.30490012
228.57142857142858,858.5714285714287,1445.7142857142858,22.83505074499518,7033604.290911369
228.57142857142858,858.5714285714287,1611.4285714285716,22.776530019140687,7048887.453394852
228.57142857142858,858.5714285714287,1777.1428571428573,22.72387823463436,7062115.292923367
228.57142857142858,858.5714285714287,1942.857142857143,22.67639371038182,7073157.295916139
228.57142857142858,858.5714285714287,2108.5714285714284,22.63344981382204,7082150.145494512
228.57142857142858,858.5714285714287,2274.285714285714,22.594495671284907,7089328.954659637
228.57142857142858,858.5714285714287,2440.0,22.559051425043364,7094949.659397907
228.57142857142858,858.5714285714287,2605.714285714286,22.526701131519715,7099254.980193586
228.57142857142858,858.5714285714287,2771.4285714285716,22.497085021718345,7102461.271347416
228.57142857142858,858.5714285714287,2937.1428571428573,22.469892010062104,7104755.232581069
228.57142857142858,858.5714285714287,3102.857142857143,22.44485285901844,7106295.068046428
228.57142857142858,858.5714285714287,3268.571428571429,22.421734144759327,7107213.436171194
228.57142857142858,858.5714285714287,3434.2857142857147,22.40033303292294,7107620.908832694
228.57142857142858,858.5714285714287,3600.0,22.380472808306706,7107609.348089087
228.57142857142858,905.7142857142858,120.0,23.608101466430064,11253903.495674891
228.57142857142858,905.7142857142858,285.7142857142857,23.461426212859543,8191097.219616826
228.57142857142858,905.7142857142858,451.42857142857144,23.33854124283092,7542455.2915478395
228.57142857142858,905.7142857142858,617.1428571428571,23.22877660270628,7331122.71757448
228.57142857142858,905.7142857142858,782.8571428571429,23.12945150953814,7261945.141804785
228.57142857142858,905.7142857142858,948.5714285714287,23.03972288038001,7247080.743060804
228.57142857142858,905.7142857142858,1114.2857142857142,22.958967144330906,7253445.000899638
228.57142857142858,905.7142857142858,1280.0,22.886462506726673,7267308.09852428
228.57142857142858,905.7142857142858,1445.7142857142858,22.821407714949657,7282788.561022189
228.57142857142858,905.7142857142858,1611.4285714285716,22.762990683031497,7297420.583587811
228.57142857142858,905.7142857142858,1777.1428571428573,22.71043938070219,7310276.33563131
228.57142857142858,905.7142857142858,1942.857142857143,22.663048812432233,7321123.906653821
228.57142857142858,905.7142857142858,2108.5714285714284,22.620190919757974,7330036.693025104
228.57142857142858,905.7142857142858,2274.285714285714,22.58131446760634,7337209.372806443
228.57142857142858,905.7142857142858,2440.0,22.545939815721134,7342871.56485728
228.57142857142858,905.7142857142858,2605.714285714286,22.513651532465747,7347248.612579196
228.57142857142858,905.7142857142858,2771.4285714285716,22.484090490543732,7350545.272569031
228.57142857142858,905.7142857142858,2937.1428571428573,22.456946282290698,7352940.44839615
228.57142857142858,905.7142857142858,3102.857142857143,22.431950332978772,7354587.08533448
228.57142857142858,905.7142857142858,3268.571428571429,22.408869840068654,7355614.29702877
228.57142857142858,905.7142857142858,3434.2857142857147,22.38750253710705,7356130.280036946
228.57142857142858,905.7142857142858,3600.0,22.367672219882913,7356225.325157234
228.57142857142858,952.8571428571429,120.0,23.598537762470144,11779809.990332728
228.57142857142858,952.8571428571429,285.7142857142857,23.44958098128104,8523394.166333621
228.57142857142858,952.8571428571429,451.42857142857144,23.325852168047923,7828228.015337659
228.57142857142858,952.8571428571429,617.1428571428571,23.21573530870558,7597679.154365843
228.57142857142858,952.8571428571429,782.8571428571429,23.116295931248587,7518890.274134939
228.57142857142858,952.8571428571429,948.5714285714287,23.02657825548136,7498742.303732701
228.57142857142858,952.8571428571429,1114.2857142857142,22.945898078978406,7502045.461488045
228.57142857142858,952.8571428571429,1280.0,22.87349931141457,7514083.976825311
228.57142857142858,952.8571428571429,1445.7142857142858,22.808561316648415,7528465.705404243
228.57142857142858,952.8571428571429,1611.4285714285716,22.750261314581675,7542441.451456972
228.57142857142858,952.8571428571429,1777.1428571428573,22.69782165208662,7554918.011257211
228.57142857142858,952.8571428571429,1942.857142857143,22.650534645869683,7565563.2101255
228.57142857142858,952.8571428571429,2108.5714285714284,22.607771222088086,7574387.811068445
228.57142857142858,952.8571428571429,2274.285714285714,22.568980058391137,7581546.427133379
228.57142857142858,952.8571428571429,2440.0,22.533681918897898,7587242.560568625
228.57142857142858,952.8571428571429,2605.714285714286,22.501462014257317,7591684.276593891
228.57142857142858,952.8571428571429,2771.4285714285716,22.471961951994384,7595064.77230711
228.57142857142858,952.8571428571429,2937.1428571428573,22.44487207059959,7597555.157597728
228.57142857142858,952.8571428571429,3102.857142857143,22.419924509485256,7599303.100927902
228.57142857142858,952.8571428571429,3268.571428571429,22.3968871270455,7600434.142245661
228.57142857142858,952.8571428571429,3434.2857142857147,22.37555825614469,7601054.068671466
228.57142857142858,952.8571428571429,3600.0,22.35576222905595,7601251.563921396
228.57142857142858,1000.0,120.0,23.58911863457257,12299701.95306408
228.57142857142858,1000.0,285.7142857142857,23.438120321868496,8851607.88366234
228.57142857142858,1000.0,451.42857142857144,23.31367225715987,8110383.075044187
228.57142857142858,1000.0,617.1428571428571,23.203278056681004,7860816.3023960125
228.57142857142858,1000.0,782.8571428571429,23.103772693173543,7772512.243129716
228.57142857142858,1000.0,948.5714285714287,23.01409858519165,7747128.42479806
228.57142857142858,1000.0,1114.2857142857142,22.93351692036448,7747392.992903577
228.57142857142858,1000.0,1280.0,22.861240868437196,7757615.690437492
228.57142857142858,1000.0,1445.7142857142858,22.79643257160567,7770899.832519821
228.57142857142858,1000.0,1611.4285714285716,22.738259893036787,7784216.26329717
228.57142857142858,1000.0,1777.1428571428573,22.685940396105273,7796308.380446377
228.57142857142858,1000.0,1942.857142857143,22.638764244176883,7806744.898293007
228.57142857142858,1000.0,2108.5714285714284,22.596101693557454,7815474.62222145
228.57142857142858,1000.0,2274.285714285714,22.55740156177583,7822612.492613268
228.57142857142858,1000.0,2440.0,22.522185169422393,7828336.116921101
228.57142857142858,1000.0,2605.714285714286,22.49003847334256,7832836.400623498
228.57142857142858,1000.0,2771.4285714285716,22.460603888465513,7836295.037048167
228.57142857142858,1000.0,2937.1428571428573,22.433572551379058,7838875.360360619
228.57142857142858,1000.0,3102.857142857143,22.408677353788196,7840719.757826052
228.57142857142858,1000.0,3268.571428571429,22.385686843821556,7841950.178563798
228.57142857142858,1000.0,3434.2857142857147,22.364399976018202,7842669.9763452485
228.57142857142858,1000.0,3600.0,22.344641636973577,7842966.200805075
264.2857142857143,10.0,120.0,23.771089496436034,318331.31962833105
264.2857142857143,10.0,285.7142857142857,23.76955996755822,307076.5281977625
264.2857142857143,10.0,451.42857142857144,23.76655291372798,331225.4527643823
264.2857142857143,10.0,617.1428571428571,23.76223493399039,355712.39705719217
264.2857142857143,10.0,782.8571428571429,23.757041513193595,375005.3103922715
264.2857142857143,10.0,948.5714285714287,23.751470144329552,388383.5132149318
264.2857142857143,10.0,1114.2857142857142,23.745910215302104,396767.1308079291
264.2857142857143,10.0,1280.0,23.74060467080995,401401.3919181155
264.2857142857143,10.0,1445.7142857142858,23.735677842079415,403385.2064805619
264.2857142857143,10.0,1611.4285714285716,23.731175756332235,403563.2883651693
264.2857142857143,10.0,1777.1428571428573,23.727098772939765,402545.97147961095
264.2857142857143,10.0,1942.857142857143,23.723423397888194,400760.64021989907
264.2857142857143,10.0,2108.5714285714284,23.720115483049486,398501.4809353321
264.2857142857143,10.0,2274.285714285714,23.7171376794421,395968.8627648897
264.2857142857143,10.0,2440.0,23.714453372477077,393298.1314578284
264.2857142857143,10.0,2605.714285714286,23.712028572825215,390579.90159044426
264.2857142857143,10.0,2771.4285714285716,23.70983266699618,387874.11027256685
264.2857142857143,10.0,2937.1428571428573,23.70783855916296,385219.6778326023
264.2857142857143,10.0,3102.857142857143,23.706022507750763,382641.13488357083
264.2857142857143,10.0,3268.571428571429,23.704363825707087,380153.17213928426
264.2857142857143,10.0,3434.2857142857147,23.70284453567201,377763.7711864665
264.2857142857143,10.0,3600.0,23.701449027174377,375476.3647859451
264.2857142857143,57.142857142857146,120.0,23.767097346323197,1188127.4396231738
264.2857142857143,57.142857142857146,285.7142857142857,23.749895411016535,1142374.7212121272
264.2857142857143,57.142857142857146,451.42857142857144,23.722785806341264,1206349.8289605258
264.2857142857143,57.142857142857146,617.1428571428571,23.68897339947474,1274872.4534068997
264.2857142857143,57.142857142857146,782.8571428571429,23.651639276791382,1332551.7763413852
264.2857142857143,57.142857142857146,948.5714285714287,23.613497127171684,1376741.327021731
264.2857142857143,57.142857142857146,1114.2857142857142,23.576412092007462,1408822.8639437242
264.2857142857143,57.142857142857146,1280.0,23.541453947582777,1431200.7333276833
264.2857142857143,57.142857142857146,1445.7142857142858,23.509118124105218,1446196.1192694013
264.2857142857143,57.142857142857146,1611.4285714285716,23.479539511661535,1455722.242657686
264.2857142857143,57.142857142857146,1777.1428571428573,23.4526484848788,1461255.3125646135
264.2857142857143,57.142857142857146,1942.857142857143,23.428271360386944,1463899.3741688754
264.2857142857143,57.142857142857146,2108.5714285714284,23.406190464241714,1464467.8875662468
264.2857142857143,57.142857142857146,2274.285714285714,23.38617802396249,1463556.2551385616
264.2857142857143,57.142857142857146,2440.0,23.368014108560075,1461599.301337737
264.2857142857143,57.142857142857146,2605.714285714286,23.35149523443015,1458914.5721034203
264.2857142857143,57.142857142857146,2771.4285714285716,23.336437697173718,1455734.1706411315
264.2857142857143,57.142857142857146,2937.1428571428573,23.322678041472113,1452227.9048687923
264.2857142857143,57.142857142857146,3102.857142857143,23.310072069082427,1448520.0497578355
264.2857142857143,57.142857142857146,3268.571428571429,23.29849317998289,1444701.4860960534
264.2857142857143,57.142857142857146,3434.2857142857147,23.287830486182283,1440838.5119402537
264.2857142857143,57.142857142857146,3600.0,23.277986931631087,1436979.2626993095
264.2857142857143,104.28571428571429,120.0,23.760004368114934,2005427.4735357107
264.2857142857143,104.28571428571429,285.7142857142857,23.72458968133541,1828388.0835908395
264.2857142857143,104.28571428571429,451.42857142857144,23.676271601320753,1874878.4472038222
264.2857142857143,104.28571428571429,617.1428571428571,23.620868099492245,1944055.7128535607
264.2857142857143,104.28571428571429,782.8571428571429,23.56277313902435,2007097.4121808095
264.2857142857143,104.28571428571429,948.5714285714287,23.505296799688374,2057518.454756724
264.2857142857143,104.28571428571429,1114.2857142857142,23.4505294565252,2095387.9571041642
264.2857142857143,104.28571428571429,1280.0,23.399556666251588,2122696.4364398406
264.2857142857143,104.28571428571429,1445.7142857142858,23.352784259455323,2141703.7487445376
264.2857142857143,104.28571428571429,1611.4285714285716,23.310212279064505,2154397.116240382
264.2857142857143,104.28571428571429,1777.1428571428573,23.271623283092687,2162370.128483918
264.2857142857143,104.28571428571429,1942.857142857143,23.23669905946379,2166848.6787009262
264.2857142857143,104.28571428571429,2108.5714285714284,23.205088168571624,2168757.1723547396
264.2857142857143,104.28571428571429,2274.285714285714,23.176442645139918,2168786.220165811
264.2857142857143,104.28571428571429,2440.0,23.150436354984098,2167449.863491795
264.2857142857143,104.28571428571429,2605.714285714286,23.12677285963408,2165130.4378770627
264.2857142857143,104.28571428571429,2771.4285714285716,23.105187510791367,2162112.5254181107
264.2857142857143,104.28571428571429,2937.1428571428573,23.085446533725314,2158608.2151027857
264.2857142857143,104.28571428571429,3102.857142857143,23.06734467428917,2154775.7546001915
264.2857142857143,104.28571428571429,3268.571428571429,23.050702285571802,2150733.2913663643
264.2857142857143,104.28571428571429,3434.2857142857147,23.035362324615907,2146569.0044360366
264.2857142857143,104.28571428571429,3600.0,23.0211874975796,2142348.594817999
264.2857142857143,151.42857142857144,120.0,23.751029726565346,2789102.2276761318
264.2857142857143,151.42857142857144,285.7142857142857,23.698872655770955,2436898.9111273894
264.2857142857143,151.42857142857144,451.42857142857144,23.63428899071247,2445915.31128358
264.2857142857143,151.42857142857144,617.1428571428571,23.564111122461245,2502556.5861439137
264.2857142857143,151.42857142857144,782.8571428571429,23.49288332110505,2561478.775550297
264.2857142857143,151.42857142857144,948.5714285714287,23.42383138871497,2611171.1404752964
264.2857142857143,151.42857142857144,1114.2857142857142,23.358876193978663,2649708.0735147237
264.2857142857143,151.42857142857144,1280.0,23.298917698121187,2678195.618820589
264.2857142857143,151.42857142857144,1445.7142857142858,23.24418959090466,2698487.4823931726
264.2857142857143,151.42857142857144,1611.4285714285716,23.19454242281928,2712388.2673003036
264.2857142857143,151.42857142857144,1777.1428571428573,23.149632386816148,2721417.342896854
264.2857142857143,151.42857142857144,1942.857142857143,23.109035481038667,2726779.2653363333
264.2857142857143,151.42857142857144,2108.5714285714284,23.0723118407938,2729402.2394475155
264.2857142857143,151.42857142857144,2274.285714285714,23.039039429885268,2729991.72516907
264.2857142857143,151.42857142857144,2440.0,23.008829828663103,2729080.527358617
264.2857142857143,151.42857142857144,2605.714285714286,22.981333986302715,2727070.130084829
264.2857142857143,151.42857142857144,2771.4285714285716,22.95624260247081,2724263.004898944
264.2857142857143,151.42857142857144,2937.1428571428573,22.933283827255437,2720887.2080126936
264.2857142857143,151.42857142857144,3102.857142857143,22.912219789713454,2717114.8690438154
264.2857142857143,151.42857142857144,3268.571428571429,22.892842777470094,2713076.0124891596
264.2857142857143,151.42857142857144,3434.2857142857147,22.874971494813337,2708868.8769153906
264.2857142857143,151.42857142857144,3600.0,22.85844760367459,2704567.6285526897
264.2857142857143,198.57142857142858,120.0,23.740861409909456,3547264.9982119254
264.2857142857143,198.57142857142858,285.7142857142857,23.67397853016382,2995751.645875725
264.2857142857143,198.57142857142858,451.42857142857144,23.596862760287816,2957917.999989548
264.2857142857143,198.57142857142858,617.1428571428571,23.516203593606896,2996346.684614777
264.2857142857143,198.57142857142858,782.8571428571429,23.436186757807004,3047228.259345682
264.2857142857143,198.57142857142858,948.5714285714287,23.359708694943098,3093353.95587159
264.2857142857143,198.57142857142858,1114.2857142857142,23.288413400053123,3130471.6127878753
264.2857142857143,198.57142857142858,1280.0,23.222981327755498,3158599.3117848025
264.2857142857143,198.57142857142858,1445.7142857142858,23.163477445524396,3179045.052056322
264.2857142857143,198.57142857142858,1611.4285714285716,23.10962373287926,3193330.0285864687
264.2857142857143,198.57142857142858,1777.1428571428573,23.060977902651217,3202824.844525001
264.2857142857143,198.57142857142858,1942.857142857143,23.017039589498,3208656.9159019236
264.2857142857143,198.57142857142858,2108.5714285714284,22.97730881437971,3211716.1718269186
264.2857142857143,198.57142857142858,2274.285714285714,22.941315482883503,3212691.02813315
264.2857142857143,198.57142857142858,2440.0,22.908632194969197,3212108.766892007
264.2857142857143,198.57142857142858,2605.714285714286,22.878877868050335,3210371.4481260176
264.2857142857143,198.57142857142858,2771.4285714285716,22.851716576499104,3207785.171986029
264.2857142857143,198.57142857142858,2937.1428571428573,22.826854116468855,3204582.9695660756
264.2857142857143,198.57142857142858,3102.857142857143,22.804033684619622,3200942.3491038783
264.2857142857143,198.57142857142858,3268.571428571429,22.783031410816598,3196998.612919699
264.2857142857143,198.57142857142858,3434.2857142857147,22.76365211607525,3192854.9232087582
264.2857142857143,198.57142857142858,3600.0,22.74572546134039,3188589.905128378
264.2857142857143,245.71428571428572,120.0,23.729924895300822,4284390.70560913
264.2857142857143,245.71428571428572,285.7142857142857,23.650235466704494,3519160.087873727
264.2857142857143,245.71428571428572,451.42857142857144,23.563301927541094,3429566.6461379426
264.2857142857143,245.71428571428572,617.1428571428571,23.474952685878964,3446996.4638163573
264.2857142857143,245.71428571428572,782.8571428571429,23.388789435658893,3487956.0065767765
264.2857142857143,245.71428571428572,948.5714285714287,23.307303130957816,3529154.2162953694
264.2857142857143,245.71428571428572,1114.2857142857142,23.231846201639193,3563842.051166717
264.2857142857143,245.71428571428572,1280.0,23.162890823917593,3590853.421784661
264.2857142857143,245.71428571428572,1445.7142857142858,23.100354115749372,3610887.352436363
264.2857142857143,245.71428571428572,1611.4285714285716,23.04385264743994,3625136.4868489476
264.2857142857143,245.71428571428572,1777.1428571428573,22.992867952797447,3634789.122179294
264.2857142857143,245.71428571428572,1942.857142857143,22.94684353903657,3640870.1131655816
264.2857142857143,245.71428571428572,2108.5714285714284,22.905237158705535,3644211.6418083054
264.2857142857143,245.71428571428572,2274.285714285714,22.867546172530993,3645470.0709258
264.2857142857143,245.71428571428572,2440.0,22.83331759051297,3645155.538047792
264.2857142857143,245.71428571428572,2605.714285714286,22.802149821527504,3643661.646100898
264.2857142857143,245.71428571428572,2771.4285714285716,22.773690224931638,3641291.078711289
264.2857142857143,245.71428571428572,2937.1428571428573,22.747630773300795,3638276.32937881
264.2857142857143,245.71428571428572,3102.857142857143,22.723703086467143,3634795.9585469468
264.2857142857143,245.71428571428572,3268.571428571429,22.70167349400168,3630987.1412072782
264.2857142857143,245.71428571428572,3434.2857142857147,22.681338443332063,3626955.276286239
264.2857142857143,245.71428571428572,3600.0,22.662520383342148,3622781.323046511
264.2857142857143,292.8571428571429,120.0,23.718501923562478,5003233.324817107
264.2857142857143,292.8571428571429,285.7142857142857,23.627697891897615,4015500.038267262
264.2857142857143,292.8571428571429,451.42857142857144,23.532949709965404,3871492.898328736
264.2857142857143,292.8571428571429,617.1428571428571,23.438808608980036,3866492.8455411647
264.2857142857143,292.8571428571429,782.8571428571429,23.34820780634925,3896568.6658746963
264.2857142857143,292.8571428571429,948.5714285714287,23.263225229546375,3932132.4121228186
264.2857142857143,292.8571428571429,1114.2857142857142,23.18493819149183,3963852.8099700967
264.2857142857143,292.8571428571429,1280.0,23.11363319842061,3989334.875442543
264.2857142857143,292.8571428571429,1445.7142857142858,23.049101696719216,4008639.947497433
264.2857142857143,292.8571428571429,1611.4285714285716,22.990874478535147,4022611.401393623
264.2857142857143,292.8571428571429,1777.1428571428573,22.938373607765694,4032239.420240839
264.2857142857143,292.8571428571429,1942.857142857143,22.891000482456764,4038433.944119202
264.2857142857143,292.8571428571429,2108.5714285714284,22.848182305307123,4041959.661418897
264.2857142857143,292.8571428571429,2274.285714285714,22.80939370119299,4043433.1626822427
264.2857142857143,292.8571428571429,2440.0,22.77416432962923,4043341.3161148066
264.2857142857143,292.8571428571429,2605.714285714286,22.742079042708557,4042064.401511201
264.2857142857143,292.8571428571429,2771.4285714285716,22.712774377881033,4039897.8147273306
264.2857142857143,292.8571428571429,2937.1428571428573,22.68593350365538,4037070.427056426
264.2857142857143,292.8571428571429,3102.857142857143,22.66128075841677,4033759.3890777538
264.2857142857143,292.8571428571429,3268.571428571429,22.638576363747443,4030101.779699456
264.2857142857143,292.8571428571429,3434.2857142857147,22.617611581155174,4026203.657421102
264.2857142857143,292.8571428571429,3600.0,22.598204410903406,4022147.0499649867
264.2857142857143,340.0,120.0,23.70678787986658,5705641.867439921
264.2857142857143,340.0,285.7142857142857,23.606327597319808,4490184.5959156845
264.2857142857143,340.0,451.42857142857144,23.505275510959198,4290378.233549601
264.2857142857143,340.0,617.1428571428571,23.406684479462058,4262231.644628162
264.2857142857143,340.0,782.8571428571429,23.312805701478876,4280931.519486039
264.2857142857143,340.0,948.5714285714287,23.225324565398214,4310483.251078755
264.2857142857143,340.0,1114.2857142857142,23.145069216858584,4338936.272711298
264.2857142857143,340.0,1280.0,23.07216419968968,4362649.248694653
264.2857142857143,340.0,1445.7142857142858,23.006294925366056,4381034.603381153
264.2857142857143,340.0,1611.4285714285716,22.946922123358682,4394577.784103944
264.2857142857143,340.0,1777.1428571428573,22.89342086647693,4404063.7165658455
264.2857142857143,340.0,1942.857142857143,22.84516039250856,4410281.447867511
264.2857142857143,340.0,2108.5714285714284,22.80154535816333,4413923.185448609
264.2857142857143,340.0,2274.285714285714,22.76203416021325,4415561.616362612
264.2857142857143,340.0,2440.0,22.726144455200924,4415656.939817474
264.2857142857143,340.0,2605.714285714286,22.693451976047506,4414573.328512589
264.2857142857143,340.0,2771.4285714285716,22.663586153780987,4412596.6181504885
264.2857142857143,340.0,2937.1428571428573,22.63622448861331,4409950.206454674
264.2857142857143,340.0,3102.857142857143,22.61108670292154,4406808.327015661
264.2857142857143,340.0,3268.571428571429,22.587929190499068,4403306.735840385
264.2857142857143,340.0,3434.2857142857147,22.566539988890327,4399551.151913712
264.2857142857143,340.0,3600.0,22.546734346783847,4395623.857174591
264.2857142857143,387.14285714285717,120.0,23.694922590360388,6392951.408612665
264.2857142857143,387.14285714285717,285.7142857142857,23.586055563510694,4946948.656900649
264.2857142857143,387.14285714285717,451.42857142857144,23.479862685485664,4690722.180125797
264.2857142857143,387.14285714285717,617.1428571428571,23.377800929426567,4639118.831907081
264.2857142857143,387.14285714285717,782.8571428571429,23.281461371512496,4646210.731267436
264.2857142857143,387.14285714285717,948.5714285714287,23.192167904565814,4669554.0504779965
264.2857142857143,387.14285714285717,1114.2857142857142,23.110526883343404,4694570.736431288
264.2857142857143,387.14285714285717,1280.0,23.036522574574374,4716370.999819127
264.2857142857143,387.14285714285717,1445.7142857142858,22.96975086149851,4733716.592619107
264.2857142857143,387.14285714285717,1611.4285714285716,22.909614851317816,4746732.78504975
264.2857142857143,387.14285714285717,1777.1428571428573,22.855452054420038,4755996.683152598
264.2857142857143,387.14285714285717,1942.857142857143,22.80660678986775,4762173.841141771
264.2857142857143,387.14285714285717,2108.5714285714284,22.76246682137344,4765881.536642687
264.2857142857143,387.14285714285717,2274.285714285714,22.72247880455305,4767646.352145092
264.2857142857143,387.14285714285717,2440.0,22.686152010542983,4767899.897890896
264.2857142857143,387.14285714285717,2605.714285714286,22.65305601105885,4766988.596993488
264.2857142857143,387.14285714285717,2771.4285714285716,22.622815579452194,4765187.337640068
264.2857142857143,387.14285714285717,2937.1428571428573,22.59510459678114,4762712.8817695305
264.2857142857143,387.14285714285717,3102.857142857143,22.569639900291325,4759735.577498763
264.2857142857143,387.14285714285717,3268.571428571429,22.54617553001311,4756389.053491693
264.2857142857143,387.14285714285717,3434.2857142857147,22.524497563845646,4752778.022262296
264.2857142857143,387.14285714285717,3600.0,22.504419590249285,4748984.467491656
264.2857142857143,434.28571428571433,120.0,23.683008272903653,7066186.757576175
264.2857142857143,434.28571428571433,285.7142857142857,23.566805173413776,5388499.200405049
264.2857142857143,434.28571428571433,451.42857142857144,23.456383304359544,5075714.885752597
264.2857142857143,434.28571428571433,617.1428571428571,23.351584064663978,5000588.117584004
264.2857142857143,434.28571428571433,782.8571428571429,23.25337726093127,4995992.65293049
264.2857142857143,434.28571428571433,948.5714285714287,23.162759086459776,5013037.140237126
264.2857142857143,434.28571428571433,1114.2857142857142,23.080139906793562,5034525.677133194
264.2857142857143,434.28571428571433,1280.0,23.005382627275175,5054326.900639521
264.2857142857143,434.28571428571433,1445.7142857142858,22.938007260835306,5070555.485165246
264.2857142857143,434.28571428571433,1611.4285714285716,22.877369169616856,5082977.845441188
264.2857142857143,434.28571428571433,1777.1428571428573,22.8227755335812,5091963.255847536
264.2857142857143,434.28571428571433,1942.857142857143,22.773551145974476,5098053.071553361
264.2857142857143,434.28571428571433,2108.5714285714284,22.729070982972168,5101788.629277115
264.2857142857143,434.28571428571433,2274.285714285714,22.688773149850924,5103649.311888748
264.2857142857143,434.28571428571433,2440.0,22.652161060964737,5104037.078697037
264.2857142857143,434.28571428571433,2605.714285714286,22.618800166056786,5103279.630304151
264.2857142857143,434.28571428571433,2771.4285714285716,22.588312250830413,5101640.044950083
264.2857142857143,434.28571428571433,2937.1428571428573,22.56036896318464,5099327.699698661
264.2857142857143,434.28571428571433,3102.857142857143,22.53468541876256,5096508.414930465
264.2857142857143,434.28571428571433,3268.571428571429,22.51101429028998,5093313.145887208
264.2857142857143,434.28571428571433,3434.2857142857147,22.48914053952134,5089845.136806376
264.2857142857143,434.28571428571433,3600.0,22.468876821323015,5086185.683897705
264.2857142857143,481.42857142857144,120.0,23.671120693543244,7726175.369755256
264.2857142857143,481.42857142857144,285.7142857142857,23.548501242128363,5816875.289311558
264.2857142857143,481.42857142857144,451.42857142857144,23.434576352287273,5447710.513502462
264.2857142857143,481.42857142857144,617.1428571428571,23.327600498458818,5349144.750909692
264.2857142857143,481.42857142857144,782.8571428571429,23.227968183709233,5332875.649117765
264.2857142857143,481.42857142857144,948.5714285714287,23.13638095450113,5343595.694104031
264.2857142857143,481.42857142857144,1114.2857142857142,23.053076426374087,5361511.996183786
264.2857142857143,481.42857142857144,1280.0,22.97781234409755,5379263.854447452
264.2857142857143,481.42857142857144,1445.7142857142858,22.910044121599775,5394325.54924824
264.2857142857143,481.42857142857144,1611.4285714285716,22.849087279333737,5406108.0013905605
264.2857142857143,481.42857142857144,1777.1428571428573,22.794224297731994,5414774.10613407
264.2857142857143,481.42857142857144,1942.857142857143,22.74476454129824,5420741.414869474
264.2857142857143,481.42857142857144,2108.5714285714284,22.700073250080433,5424475.1614274625
264.2857142857143,481.42857142857144,2274.285714285714,22.659582305747957,5426407.097397165
264.2857142857143,481.42857142857144,2440.0,22.622791080106182,5426908.991468162
264.2857142857143,481.42857142857144,2605.714285714286,22.589262344628622,5426289.26201023
264.2857142857143,481.42857142857144,2771.4285714285716,22.558616067116155,5424798.6429664865
264.2857142857143,481.42857142857144,2937.1428571428573,22.530522625065053,5422638.638701227
264.2857142857143,481.42857142857144,3102.857142857143,22.504696215682422,5419970.108198638
264.2857142857143,481.42857142857144,3268.571428571429,22.48088882222106,5416920.95415331
264.2857142857143,481.42857142857144,3434.2857142857147,22.45888486805188,5413592.624636488
264.2857142857143,481.42857142857144,3600.0,22.438496571136753,5410065.446802267
264.2857142857143,528.5714285714286,120.0,23.659316459894587,8373613.06002081
264.2857142857143,528.5714285714286,285.7142857142857,23.53107339940006,6233661.315132761
264.2857142857143,528.5714285714286,451.42857142857144,23.4142312411416,5808503.015096941
264.2857142857143,528.5714285714286,617.1428571428571,23.305515455912648,5686678.362695696
264.2857142857143,528.5714285714286,782.8571428571429,23.204793035741737,5658807.59599558
264.2857142857143,528.5714285714286,948.5714285714287,23.112501698251222,5663218.469311406
264.2857142857143,528.5714285714286,1114.2857142857142,23.028726815767175,5677549.073002794
264.2857142857143,528.5714285714286,1280.0,22.953134761106682,5693224.799094192
264.2857142857143,528.5714285714286,1445.7142857142858,22.88512567680336,5707087.998310795
264.2857142857143,528.5714285714286,1611.4285714285716,22.823981624056344,5718198.629290962
264.2857142857143,528.5714285714286,1777.1428571428573,22.768964829319703,5726515.512253983
264.2857142857143,528.5714285714286,1942.857142857143,22.719372394900756,5732333.444046857
264.2857142857143,528.5714285714286,2108.5714285714284,22.674562136947788,5736041.909024628
264.2857142857143,528.5714285714286,2274.285714285714,22.633961445355666,5738025.006863616
264.2857142857143,528.5714285714286,2440.0,22.59706697872995,5738624.105547824
264.2857142857143,528.5714285714286,2605.714285714286,22.563439874147832,5738128.046534707
264.2857142857143,528.5714285714286,2771.4285714285716,22.532699118129365,5736774.89862897
264.2857142857143,528.5714285714286,2937.1428571428573,22.504514500430346,5734757.977922878
264.2857142857143,528.5714285714286,3102.857142857143,22.478599865579003,5732232.887517342
264.2857142857143,528.5714285714286,3268.571428571429,22.454706982518132,5729324.2110540895
264.2857142857143,528.5714285714286,3434.2857142857147,22.43262013988276,5726131.36382323
264.2857142857143,528.5714285714286,3600.0,22.412151464981886,5722733.496430153
264.2857142857143,575.7142857142858,120.0,23.647637985454455,9009103.786332967
264.2857142857143,575.7142857142858,285.7142857142857,23.51445711898382,6640120.225782526
264.2857142857143,575.7142857142858,451.42857142857144,23.395175743909583,6159495.986509528
264.2857142857143,575.7142857142858,617.1428571428571,23.28506511624826,6014653.611389416
264.2857142857143,575.7142857142858,782.8571428571429,23.183511524544258,5975290.04191764
264.2857142857143,575.7142857142858,948.5714285714287,23.090716905189147,5973433.318194045
264.2857142857143,575.7142857142858,1114.2857142857142,23.00663231517785,5984184.931751303
264.2857142857143,575.7142857142858,1280.0,22.93084448197639,5997773.659823173
264.2857142857143,575.7142857142858,1445.7142857142858,22.86270603467498,6010419.38441615
264.2857142857143,575.7142857142858,1611.4285714285716,22.80147077754911,6020836.289837081
264.2857142857143,575.7142857142858,1777.1428571428573,22.746384236952494,6028781.915991985
264.2857142857143,575.7142857142858,1942.857142857143,22.696733736802344,6034429.744344455
264.2857142857143,575.7142857142858,2108.5714285714284,22.651871450099218,6038094.18053135
264.2857142857143,575.7142857142858,2274.285714285714,22.611221585981383,6040111.91185637
264.2857142857143,575.7142857142858,2440.0,22.574279080628155,6040793.9090265995
264.2857142857143,575.7142857142858,2605.714285714286,22.54060420422636,6040409.316973086
264.2857142857143,575.7142857142858,2771.4285714285716,22.509815570166044,6039183.36190357
264.2857142857143,575.7142857142858,2937.1428571428573,22.481582872152345,6037300.973417729
264.2857142857143,575.7142857142858,3102.857142857143,22.455620006625704,6034912.300276584
264.2857142857143,575.7142857142858,3268.571428571429,22.43167886623067,6032138.419169473
264.2857142857143,575.7142857142858,3434.2857142857147,22.409543890942793,6029076.5403770385
264.2857142857143,575.7142857142858,3600.0,22.389027362230376,6025804.483250337
264.2857142857143,622.8571428571429,120.0,23.636116980441916,9633184.557876837
264.2857142857143,622.8571428571429,285.7142857142857,23.498593757380018,7037280.442501938
264.2857142857143,622.8571428571429,451.42857142857144,23.37726719230916,6501812.103179673
264.2857142857143,622.8571428571429,617.1428571428571,23.26603788938397,6334231.884431232
264.2857142857143,622.8571428571429,782.8571428571429,23.163855818357582,6283507.716728479
264.2857142857143,622.8571428571429,948.5714285714287,23.070712332469835,6275442.052807666
264.2857142857143,622.8571428571429,1114.2857142857142,22.98643978843947,6282634.910641618
264.2857142857143,622.8571428571429,1280.0,22.91055526037724,6294136.760897578
264.2857142857143,622.8571428571429,1445.7142857142858,22.842370354312873,6305554.990398919
264.2857142857143,622.8571428571429,1611.4285714285716,22.78111489575791,6315263.539953645
264.2857142857143,622.8571428571429,1777.1428571428573,22.726020583837887,6322821.735166373
264.2857142857143,622.8571428571429,1942.857142857143,22.676366937336542,6328283.409966576
264.2857142857143,622.8571428571429,2108.5714285714284,22.631501876428167,6331888.757498729
264.2857142857143,622.8571428571429,2274.285714285714,22.59084743591322,6333927.458737364
264.2857142857143,622.8571428571429,2440.0,22.553897578185406,6334680.231314833
264.2857142857143,622.8571428571429,2605.714285714286,22.520212278297393,6334396.522199991
264.2857142857143,622.8571428571429,2771.4285714285716,22.489410224049113,6333288.636208202
264.2857142857143,622.8571428571429,2937.1428571428573,22.461161371304858,6331533.00027843
264.2857142857143,622.8571428571429,3102.857142857143,22.435179960843843,6329274.178445519
264.2857142857143,622.8571428571429,3268.571428571429,22.411218251868547,6326629.6089408295
264.2857142857143,622.8571428571429,3434.2857142857147,22.38906104037626,6323694.171502132
264.2857142857143,622.8571428571429,3600.0,22.36852093667852,6320544.238186113
264.2857142857143,670.0,120.0,23.624776972415233,10246341.5060223
264.2857142857143,670.0,285.7142857142857,23.483430192119975,7425994.6424173685
264.2857142857143,670.0,451.42857142857144,23.360386006930984,6836366.303056519
264.2857142857143,670.0,617.1428571428571,23.248261430775074,6646352.024365107
264.2857142857143,670.0,782.8571428571429,23.145611410234743,6584413.967966705
264.2857142857143,670.0,948.5714285714287,23.05223919644065,6570209.088839527
264.2857142857143,670.0,1114.2857142857142,22.967872036340708,6573872.5844080495
264.2857142857143,670.0,1280.0,22.89196589203021,6583295.396598355
264.2857142857143,670.0,1445.7142857142858,22.823796809340998,6593482.598849939
264.2857142857143,670.0,1611.4285714285716,22.76257418224942,6602473.567582962
264.2857142857143,670.0,1777.1428571428573,22.70751822808635,6609632.614873401
264.2857142857143,670.0,1942.857142857143,22.657902245515217,6614895.722566949
264.2857142857143,670.0,2108.5714285714284,22.613071000006894,6618429.855818492
264.2857142857143,670.0,2274.285714285714,22.572445133574554,6620478.20184601
264.2857142857143,670.0,2440.0,22.53551820674452,6621291.4631107785
264.2857142857143,670.0,2605.714285714286,22.501850329646015,6621099.468178216
264.2857142857143,670.0,2771.4285714285716,22.471060596747346,6620101.590833593
264.2857142857143,670.0,2937.1428571428573,22.442819489020444,6618465.697744434
264.2857142857143,670.0,3102.857142857143,22.416841804304283,6616330.687139298
264.2857142857143,670.0,3268.571428571429,22.392880343807963,6613810.268655138
264.2857142857143,670.0,3434.2857142857147,22.37072040669741,6610996.90059014
264.2857142857143,670.0,3600.0,22.35017505731132,6607965.420634897
264.2857142857143,717.1428571428572,120.0,23.613635166272896,10849020.552122386
264.2857142857143,717.1428571428572,285.7142857142857,23.468918321604882,7806980.746265653
264.2857142857143,717.1428571428572,451.42857142857144,23.344430886403448,7163916.288508238
264.2857142857143,717.1428571428572,617.1428571428571,23.231593432364157,6951785.631639754
264.2857142857143,717.1428571428572,782.8571428571429,23.128603857761718,6878789.009056852
264.2857142857143,717.1428571428572,948.5714285714287,23.03509729743173,6858521.688620863
264.2857142857143,717.1428571428572,1114.2857142857142,22.950707727648943,6858691.42623597
264.2857142857143,717.1428571428572,1280.0,22.87483732762022,6866048.525077396
264.2857142857143,717.1428571428572,1445.7142857142858,22.80673120828777,6875005.941565341
264.2857142857143,717.1428571428572,1611.4285714285716,22.745581295552405,6883274.192424796
264.2857142857143,717.1428571428572,1777.1428571428573,22.69059825664403,6890025.825392151
264.2857142857143,717.1428571428572,1942.857142857143,22.641050455474236,6895080.8286566185
264.2857142857143,717.1428571428572,2108.5714285714284,22.596280378681417,6898533.992163359
264.2857142857143,717.1428571428572,2274.285714285714,22.555707888183647,6900582.589112764
264.2857142857143,717.1428571428572,2440.0,22.518826583303053,6901447.607122724
264.2857142857143,717.1428571428572,2605.714285714286,22.485197035283033,6901339.391922808
264.2857142857143,717.1428571428572,2771.4285714285716,22.4544389932978,6900444.425759047
264.2857142857143,717.1428571428572,2937.1428571428573,22.4262236571807,6898921.999876114
264.2857142857143,717.1428571428572,3102.857142857143,22.400266536908905,6896905.30195472
264.2857142857143,717.1428571428572,3268.571428571429,22.37632110255404,6894504.253802864
264.2857142857143,717.1428571428572,3434.2857142857147,22.35417326221481,6891808.827553767
264.2857142857143,717.1428571428572,3600.0,22.33363662388895,6888892.261570128
264.2857142857143,764.2857142857143,120.0,23.602703841571532,11441634.690593833
264.2857142857143,764.2857142857143,285.7142857142857,23.455014542748863,8180851.260227426
264.2857142857143,764.2857142857143,451.42857142857144,23.329315183551856,7485098.327317958
264.2857142857143,764.2857142857143,617.1428571428571,23.215914957055016,7251176.010468014
264.2857142857143,764.2857142857143,782.8571428571429,23.112689377523004,7167280.763581678
264.2857142857143,764.2857142857143,948.5714285714287,23.01912320395615,7141032.085952556
264.2857142857143,764.2857142857143,1114.2857142857142,22.934767474060926,7137747.845998866
264.2857142857143,764.2857142857143,1280.0,22.85897689847527,7143056.475220854
264.2857142857143,764.2857142857143,1445.7142857142858,22.790969591579007,7150788.90029265
264.2857142857143,764.2857142857143,1611.4285714285716,22.72992250405767,7158332.430859284
264.2857142857143,764.2857142857143,1777.1428571428573,22.67503835641308,7164671.092849666
264.2857142857143,764.2857142857143,1942.857142857143,22.62558162885054,7169510.760346684
264.2857142857143,764.2857142857143,2108.5714285714284,22.580893233581957,7172875.136205879
264.2857142857143,764.2857142857143,2274.285714285714,22.540392736432143,7174916.20016658
264.2857142857143,764.2857142857143,2440.0,22.503574117214704,7175825.566516766
264.2857142857143,764.2857142857143,2605.714285714286,22.46999865648631,7175794.272546058
264.2857142857143,764.2857142857143,2771.4285714285716,22.43928694370048,7174995.983654986
264.2857142857143,764.2857142857143,2937.1428571428573,22.41111104028793,7173581.43166978
264.2857142857143,764.2857142857143,3102.857142857143,22.385187281133593,7171678.076133256
264.2857142857143,764.2857142857143,3268.571428571429,22.361269896479534,7169392.015214897
264.2857142857143,764.2857142857143,3434.2857142857147,22.339145478918475,7166810.690235417
264.2857142857143,764.2857142857143,3600.0,22.318628243830993,7164005.692404505
264.2857142857143,811.4285714285714,120.0,23.59199141795053,12024569.106552036
264.2857142857143,811.4285714285714,285.7142857142857,23.44167925601505,8548134.769012999
264.2857142857143,811.4285714285714,451.42857142857144,23.31496413966333,7800453.232118069
264.2857142857143,811.4285714285714,617.1428571428571,23.201125524087995,7545066.258855941
264.2857142857143,811.4285714285714,782.8571428571429,23.09774803377366,7450434.210599724
264.2857142857143,811.4285714285714,948.5714285714287,23.00418179483381,7418287.675986878
264.2857142857143,811.4285714285714,1114.2857142857142,22.919903944182206,7411591.985103583
264.2857142857143,811.4285714285714,1280.0,22.84422718593907,7414872.187770823
264.2857142857143,811.4285714285714,1445.7142857142858,22.77634600914296,7421387.080730396
264.2857142857143,811.4285714285714,1611.4285714285716,22.715424499427435,7428206.318220801
264.2857142857143,811.4285714285714,1777.1428571428573,22.660658770664153,7434128.605115456
264.2857142857143,811.4285714285714,1942.857142857143,22.611310285001956,7438747.574785125
264.2857142857143,811.4285714285714,2108.5714285714284,22.566718950685104,7442016.9445084995
264.2857142857143,811.4285714285714,2274.285714285714,22.526304422091954,7444044.044031254
264.2857142857143,811.4285714285714,2440.0,22.489561325617224,7444991.482333527
264.2857142857143,811.4285714285714,2605.714285714286,22.456051840404736,7445031.189446815
264.2857142857143,811.4285714285714,2771.4285714285716,22.425397534831912,7444324.113943273
264.2857142857143,811.4285714285714,2937.1428571428573,22.397271436566633,7443012.467287103
264.2857142857143,811.4285714285714,3102.857142857143,22.371390786726977,7441217.983796846
264.2857142857143,811.4285714285714,3268.571428571429,22.347510640706375,7439042.920163081
264.2857142857143,811.4285714285714,3434.2857142857147,22.32541832883933,7436572.157843458
264.2857142857143,811.4285714285714,3600.0,22.30492871850334,7433875.606522666
264.2857142857143,858.5714285714287,120.0,23.581503277592837,12598184.881562877
264.2857142857143,858.5714285714287,285.7142857142857,23.428876416522176,8909292.00221138
264.2857142857143,858.5714285714287,451.42857142857144,23.301312746635652,8110445.603248826
264.2857142857143,858.5714285714287,617.1428571428571,23.18713942402841,7833919.957130277
264.2857142857143,858.5714285714287,782.8571428571429,23.083678713292915,7728712.921377841
264.2857142857143,858.5714285714287,948.5714285714287,22.990160084920625,7690753.122002293
264.2857142857143,858.5714285714287,1114.2857142857142,22.905994700877724,7680690.2338837525
264.2857142857143,858.5714285714287,1280.0,22.8304580022629,7681964.038332815
264.2857142857143,858.5714285714287,1445.7142857142858,22.76272375287333,7687270.865932167
264.2857142857143,858.5714285714287,1611.4285714285716,22.701944969703266,7693368.136121368
264.2857142857143,858.5714285714287,1777.1428571428573,22.64731228696792,7698872.369539336
264.2857142857143,858.5714285714287,1942.857142857143,22.5980848661853,7703266.808328114
264.2857142857143,858.5714285714287,2108.5714285714284,22.553602076288524,7706436.284382221
264.2857142857143,858.5714285714287,2274.285714285714,22.513283967272972,7708444.131529918
264.2857142857143,858.5714285714287,2440.0,22.47662601978251,7709424.337688753
264.2857142857143,858.5714285714287,2605.714285714286,22.443191455709382,7709529.945024321
264.2857142857143,858.5714285714287,2771.4285714285716,22.412602925352,7708909.30349152
264.2857142857143,858.5714285714287,2937.1428571428573,22.384534498501274,7707696.1603873335
264.2857142857143,858.5714285714287,3102.857142857143,22.35870438021897,7706006.5433249995
264.2857142857143,858.5714285714287,3268.571428571429,22.334868496332554,7703938.863590411
264.2857142857143,858.5714285714287,3434.2857142857147,22.312814951514916,7701575.425968719
264.2857142857143,858.5714285714287,3600.0,22.292359295518633,7698984.434922181
264.2857142857143,905.7142857142858,120.0,23.57124240670845,13162821.762344392
264.2857142857143,905.7142857142858,285.7142857142857,23.41657313565025,9264728.062946245
264.2857142857143,905.7142857142858,451.42857142857144,23.288304074356027,8415478.343121054
264.2857142857143,905.7142857142858,617.1428571428571,23.17388291323585,8118136.68961447
264.2857142857143,905.7142857142858,782.8571428571429,23.070395355558638,8002515.16478233
264.2857142857143,905.7142857142858,948.5714285714287,22.97696263796424,7958826.853233644
264.2857142857143,905.7142857142858,1114.2857142857142,22.89293691671289,7945442.014108191
264.2857142857143,905.7142857142858,1280.0,22.81756050500225,7944732.833892985
264.2857142857143,905.7142857142858,1445.7142857142858,22.749988947710413,7948842.576011981
264.2857142857143,905.7142857142858,1611.4285714285716,22.6893657304392,7954221.696887256
264.2857142857143,905.7142857142858,1777.1428571428573,22.634876960706382,7959307.592226051
264.2857142857143,905.7142857142858,1942.857142857143,22.58578009720497,7963474.927088708
264.2857142857143,905.7142857142858,2108.5714285714284,22.541414349816684,7966540.736997719
264.2857142857143,905.7142857142858,2274.285714285714,22.501200410025366,7968525.016041866
264.2857142857143,905.7142857142858,2440.0,22.46463477479782,7969533.524260771
264.2857142857143,905.7142857142858,2605.714285714286,22.431281818061386,7969700.647370723
264.2857142857143,905.7142857142858,2771.4285714285716,22.40076534769971,7969162.267895914
264.2857142857143,905.7142857142858,2937.1428571428573,22.37276052961416,7968043.737918226
264.2857142857143,905.7142857142858,3102.857142857143,22.346986572631998,7966455.408804197
264.2857142857143,905.7142857142858,3268.571428571429,22.32320030343566,7964491.853362895
264.2857142857143,905.7142857142858,3434.2857142857147,22.301190625106123,7962232.792585355
264.2857142857143,905.7142857142858,3600.0,22.280773789459346,7959744.710559419
264.2857142857143,952.8571428571429,120.0,23.561209900192033,13718800.296614973
264.2857142857143,952.8571428571429,285.7142857142857,23.40473933124416,9614801.887566911
264.2857142857143,952.8571428571429,451.42857142857144,23.275887947096155,8715903.783006733
264.2857142857143,952.8571428571429,617.1428571428571,23.161292048011322,8398063.883340178
264.2857142857143,952.8571428571429,782.8571428571429,23.057824081638568,8272186.153891864
264.2857142857143,952.8571428571429,948.5714285714287,22.964508104257533,8222853.586254436
264.2857142857143,952.8571428571429,1114.2857142857142,22.880643410928815,8206192.501383112
264.2857142857143,952.8571428571429,1280.0,22.805442804756666,8203524.6880243365
264.2857142857143,952.8571428571429,1445.7142857142858,22.738045786973906,8206449.461285381
264.2857142857143,952.8571428571429,1611.4285714285716,22.677587633467986,8211115.428000942
264.2857142857143,952.8571428571429,1777.1428571428573,22.623250734822573,8215783.832861691
264.2857142857143,952.8571428571429,1942.857142857143,22.574291347359967,8219722.535494721
264.2857142857143,952.8571428571429,2108.5714285714284,22.53004883425585,8222681.846326402
264.2857142857143,952.8571428571429,2274.285714285714,22.489944725661665,8224639.072092304
264.2857142857143,952.8571428571429,2440.0,22.45347666104747,8225672.141882826
264.2857142857143,952.8571428571429,2605.714285714286,22.420210248476774,8225897.023898178
264.2857142857143,952.8571428571429,2771.4285714285716,22.38977050795933,8225437.273528266
264.2857142857143,952.8571428571429,2937.1428571428573,22.361833738693022,8224409.926061867
264.2857142857143,952.8571428571429,3102.857142857143,22.336120179446844,8222919.696236905
264.2857142857143,952.8571428571429,3268.571428571429,22.31238757689242,8221057.33382457
264.2857142857143,952.8571428571429,3434.2857142857147,22.290425647104897,8218899.976618585
264.2857142857143,952.8571428571429,3600.0,22.270051355575728,8216512.380071951
264.2857142857143,1000.0,120.0,23.55140536150151,14266423.533791423
264.2857142857143,1000.0,285.7142857142857,23.393347421977875,9959833.67117138
264.2857142857143,1000.0,451.42857142857144,23.26401988489457,9012032.338178797
264.2857142857143,1000.0,617.1428571428571,23.1493109912019,8674005.972198661
264.2857142857143,1000.0,782.8571428571429,23.045900977381233,8538027.49881547
264.2857142857143,1000.0,948.5714285714287,22.95272656959289,8483133.972948404
264.2857142857143,1000.0,1114.2857142857142,22.86903963334991,8463242.417340107
264.2857142857143,1000.0,1280.0,22.794026637706512,8458640.924045762
264.2857142857143,1000.0,1445.7142857142858,22.726812935679884,8460393.692172658
264.2857142857143,1000.0,1611.4285714285716,22.6665267346622,8464352.430035645
264.2857142857143,1000.0,1777.1428571428573,22.612347399390284,8468605.115812507
264.2857142857143,1000.0,1942.857142857143,22.56353040443726,8472314.528585996
264.2857142857143,1000.0,2108.5714285714284,22.51941552353744,8475165.302949682
264.2857142857143,1000.0,2274.285714285714,22.479425283639102,8477092.702813089
264.2857142857143,1000.0,2440.0,22.443058564425044,8478147.223270763
264.2857142857143,1000.0,2605.714285714286,22.409882268853124,8478426.658146925
264.2857142857143,1000.0,2771.4285714285716,22.37952266716867,8478042.382212427
264.2857142857143,1000.0,2937.1428571428573,22.35165721608486,8477103.199361114
264.2857142857143,1000.0,3102.857142857143,22.326007200023852,8475708.234347112
264.2857142857143,1000.0,3268.571428571429,22.30233129616705,8473944.436039858
264.2857142857143,1000.0,3434.2857142857147,22.280420040957694,8471886.365813637
264.2857142857143,1000.0,3600.0,22.260091119047225,8469597.04781786
300.0,10.0,120.0,23.770270566750117,591838.5956683685
300.0,10.0,285.7142857142857,23.76656009626838,497916.0293938872
300.0,10.0,451.42857142857144,23.760416025592065,506895.83524687233
300.0,10.0,617.1428571428571,23.75231599638196,527171.3301450526
300.0,10.0,782.8571428571429,23.743044531148954,544977.1942350316
300.0,10.0,948.5714285714287,23.73340244258986,557349.8720943404
300.0,10.0,1114.2857142857142,23.723978017988486,564579.9124606613
300.0,10.0,1280.0,23.71511627645065,567803.0246399931
300.0,10.0,1445.7142857142858,23.706976910967835,568166.5588742042
300.0,10.0,1611.4285714285716,23.69960240146549,566595.7587101804
300.0,10.0,1777.1428571428573,23.692969887255984,563773.1199142066
300.0,10.0,1942.857142857143,23.687024587439094,560180.2905389391
300.0,10.0,2108.5714285714284,23.6816993842835,556148.6646898376
300.0,10.0,2274.285714285714,23.676925482346938,551902.3425394829
300.0,10.0,2440.0,23.672637746548265,547590.59274533
300.0,10.0,2605.714285714286,23.668777029095605,543311.1423252408
300.0,10.0,2771.4285714285716,23.66529086969056,539126.4687455992
300.0,10.0,2937.1428571428573,23.662133365537247,535075.0572362937
300.0,10.0,3102.857142857143,23.659264655461993,531179.1364038514
300.0,10.0,3268.571428571429,23.656650258378882,527449.9836489727
300.0,10.0,3434.2857142857147,23.654260390753684,523891.5632053932
300.0,10.0,3600.0,23.652069323517722,520503.0217783971
300.0,57.142857142857146,120.0,23.761932049596776,1799675.049001059
300.0,57.142857142857146,285.7142857142857,23.73544010639416,1541231.4724718565
300.0,57.142857142857146,451.42857142857144,23.698272579255534,1556878.9782800635
300.0,57.142857142857146,617.1428571428571,23.654368984737257,1605550.5306098638
300.0,57.142857142857146,782.8571428571429,23.60739625415836,1652464.2954503505
300.0,57.142857142857146,948.5714285714287,23.560378250894136,1689397.6257871194
300.0,57.142857142857146,1114.2857142857142,23.51531545045926,1715746.4689941462
300.0,57.142857142857146,1280.0,23.473290053001833,1733151.6267698174
300.0,57.142857142857146,1445.7142857142858,23.434741468983244,1743631.942496546
300.0,57.142857142857146,1611.4285714285716,23.39971832195042,1748978.3856325662
300.0,57.142857142857146,1777.1428571428573,23.36805683456477,1750614.9553998045
300.0,57.142857142857146,1942.857142857143,23.33949279541104,1749619.6956835212
300.0,57.142857142857146,2108.5714285714284,23.313726704027516,1746789.044157417
300.0,57.142857142857146,2274.285714285714,23.290459258002,1742703.9310586355
300.0,57.142857142857146,2440.0,23.269409153146302,1737785.1565827837
300.0,57.142857142857146,2605.714285714286,23.250320781038095,1732336.2401238384
300.0,57.142857142857146,2771.4285714285716,23.23296638980519,1726575.3659243917
300.0,57.142857142857146,2937.1428571428573,23.217145369100916,1720658.771282453
300.0,57.142857142857146,3102.857142857143,23.20268217036704,1714697.7270690356
300.0,57.142857142857146,3268.571428571429,23.189423697372177,1708770.8298771442
300.0,57.142857142857146,3434.2857142857147,23.177236611654433,1702932.9016726927
300.0,57.142857142857146,3600.0,23.166004775736624,1697221.4456094857
300.0,104.28571428571429,120.0,23.750308848532114,2832651.5014005625
300.0,104.28571428571429,285.7142857142857,23.702140058129814,2342692.0663424428
300.0,104.28571428571429,451.42857142857144,23.642006093055002,2314707.8418866554
300.0,104.28571428571429,617.1428571428571,23.57573030102458,2351693.115131997
300.0,104.28571428571429,782.8571428571429,23.507795796260915,2396743.5194337615
300.0,104.28571428571429,948.5714285714287,23.44157757506149,2435169.938067538
300.0,104.28571428571429,1114.2857142857142,23.37914762245805,2463970.1655298662
300.0,104.28571428571429,1280.0,23.321510494060192,2483834.660061095
300.0,104.28571428571429,1445.7142857142858,23.2689612605387,2496423.9798782677
300.0,104.28571428571429,1611.4285714285716,23.221382837578357,2503425.7924918616
300.0,104.28571428571429,1777.1428571428573,23.17844707385171,2506269.7116175992
300.0,104.28571428571429,1942.857142857143,23.139737045841688,2506082.170987755
300.0,104.28571428571429,2108.5714285714284,23.104816106039216,2503720.5928717204
300.0,104.28571428571429,2274.285714285714,23.07326406376173,2499826.124653176
300.0,104.28571428571429,2440.0,23.044694162433178,2494873.633537691
300.0,104.28571428571429,2605.714285714286,23.01875931680684,2489212.9269240308
300.0,104.28571428571429,2771.4285714285716,22.99515262442141,2483100.767796159
300.0,104.28571428571429,2937.1428571428573,22.973605032586548,2476725.0299692294
300.0,104.28571428571429,3102.857142857143,22.95388177183524,2470222.662774649
300.0,104.28571428571429,3268.571428571429,22.93577842769997,2463692.963859995
300.0,104.28571428571429,3434.2857142857147,22.91911710031187,2457207.3639885862
300.0,104.28571428571429,3600.0,22.90374286424625,2450816.6430604085
300.0,151.42857142857144,120.0,23.737155805332925,3785302.9961565305
300.0,151.42857142857144,285.7142857142857,23.670665541722656,3037103.0711571313
300.0,151.42857142857144,451.42857142857144,23.594057675322635,2950559.6127262935
300.0,151.42857142857144,617.1428571428571,23.51334649133066,2965398.8604814005
300.0,151.42857142857144,782.8571428571429,23.432853472383105,3000899.640790142
300.0,151.42857142857144,948.5714285714287,23.35571719480465,3035156.2366280444
300.0,151.42857142857144,1114.2857142857142,23.28376200409427,3062277.1351877213
300.0,151.42857142857144,1280.0,23.217768696053433,3081633.053810597
300.0,151.42857142857144,1445.7142857142858,23.157843935436038,3094241.7549523353
300.0,151.42857142857144,1611.4285714285716,23.10371650681999,3101469.6021971186
300.0,151.42857142857144,1777.1428571428573,23.054933094874066,3104586.187199792
300.0,151.42857142857144,1942.857142857143,23.010974853023562,3104641.2538536033
300.0,151.42857142857144,2108.5714285714284,22.97132155560832,3102459.0697495793
300.0,151.42857142857144,2274.285714285714,22.935483910823205,3098670.226005326
300.0,151.42857142857144,2440.0,22.903017562460853,3093750.4286992457
300.0,151.42857142857144,2605.714285714286,22.873527047266464,3088055.688340227
300.0,151.42857142857144,2771.4285714285716,22.84666454914357,3081851.1068219184
300.0,151.42857142857144,2937.1428571428573,22.822126198253446,3075333.3402677774
300.0,151.42857142857144,3102.857142857143,22.799647428024713,3068647.716748689
300.0,151.42857142857144,3268.571428571429,22.77899819088211,3061901.12556788
300.0,151.42857142857144,3434.2857142857147,22.75997843049283,3055171.6688317345
300.0,151.42857142857144,3600.0,22.742413984948172,3048515.8751422213
300.0,198.57142857142858,120.0,23.723256078072023,4683483.114007888
300.0,198.57142857142858,285.7142857142857,23.641473884290868,3665366.8356078365
300.0,198.57142857142858,451.42857142857144,23.552689457900634,3514522.4529524124
300.0,198.57142857142858,617.1428571428571,23.462110712950782,3503413.9319145354
300.0,198.57142857142858,782.8571428571429,23.373505367892204,3526614.7216207366
300.0,198.57142857142858,948.5714285714287,23.289602937846077,3554668.98318956
300.0,198.57142857142858,1114.2857142857142,23.211917223756647,3578612.1500757765
300.0,198.57142857142858,1280.0,23.14099808319026,3596368.779828816
300.0,198.57142857142858,1445.7142857142858,23.076782908502185,3608218.933541427
300.0,198.57142857142858,1611.4285714285716,23.01887629958713,3615134.611753874
300.0,198.57142857142858,1777.1428571428573,22.96673269486197,3618168.918273729
300.0,198.57142857142858,1942.857142857143,22.919763430660666,3618251.339972731
300.0,198.57142857142858,2108.5714285714284,22.87739432095668,3616139.4530765065
300.0,198.57142857142858,2274.285714285714,22.83909350186296,3612427.517231704
300.0,198.57142857142858,2440.0,22.804382392270103,3607572.2792953104
300.0,198.57142857142858,2605.714285714286,22.772837557330256,3601920.74321809
300.0,198.57142857142858,2771.4285714285716,22.744087995191194,3595734.6573888436
300.0,198.57142857142858,2937.1428571428573,22.71781038601585,3589210.4638650133
300.0,198.57142857142858,3102.857142857143,22.69372368107382,3582494.941753821
300.0,198.57142857142858,3268.571428571429,22.67158374484401,3575697.2343852944
300.0,198.57142857142858,3434.2857142857147,22.651178390184377,3568898.0024943394
300.0,198.57142857142858,3600.0,22.63232294244337,3562156.356611801
300.0,245.71428571428572,120.0,23.70903267384684,5539769.495317362
300.0,245.71428571428572,285.7142857142857,23.614453496144964,4247173.527360255
300.0,245.71428571428572,451.42857142857144,23.51642247332155,4029872.1027513724
300.0,245.71428571428572,617.1428571428571,23.41881169828289,3991386.6282814904
300.0,245.71428571428572,782.8571428571429,23.324697030008785,4001219.0499950373
300.0,245.71428571428572,948.5714285714287,23.236367029558295,4022250.0518412846
300.0,245.71428571428572,1114.2857142857142,23.155033807126983,4042387.677067151
300.0,245.71428571428572,1280.0,23.081039971151856,4058072.92236491
300.0,245.71428571428572,1445.7142857142858,23.014180857563215,4068818.027888105
300.0,245.71428571428572,1611.4285714285716,22.95396302335898,4075175.543144126
300.0,245.71428571428572,1777.1428571428573,22.89977212449652,4077961.3103022617
300.0,245.71428571428572,1942.857142857143,22.850970124529915,4077967.5902163517
300.0,245.71428571428572,2108.5714285714284,22.80694645386366,4075871.577063399
300.0,245.71428571428572,2274.285714285714,22.767141703714675,4072220.256069113
300.0,245.71428571428572,2440.0,22.7310558947935,4067442.7249759836
300.0,245.71428571428572,2605.714285714286,22.69824857507502,4061870.110108848
300.0,245.71428571428572,2771.4285714285716,22.66833492883208,4055755.388227778
300.0,245.71428571428572,2937.1428571428573,22.640980224007215,4049290.5221011033
300.0,245.71428571428572,3102.857142857143,22.61589384321323,4042620.387828866
300.0,245.71428571428572,3268.571428571429,22.592823528082768,4035853.7473810874
300.0,245.71428571428572,3434.2857142857147,22.571550124245075,4029071.751136823
300.0,245.71428571428572,3600.0,22.551882928889476,4022334.4690573793
300.0,292.8571428571429,120.0,23.69473627869634,6361644.164057858
300.0,292.8571428571429,285.7142857142857,23.589387433102313,4793868.409255121
300.0,292.8571428571429,451.42857142857144,23.484184806964286,4509618.920397281
300.0,292.8571428571429,617.1428571428571,23.381412194239886,4443351.598222235
300.0,292.8571428571429,782.8571428571429,23.283428509524622,4439449.801071246
300.0,292.8571428571429,948.5714285714287,23.192099935158964,4453136.214079489
300.0,292.8571428571429,1114.2857142857142,23.108365738657625,4469198.357191501
300.0,292.8571428571429,1280.0,23.03238966184796,4482594.68832836
300.0,292.8571428571429,1445.7142857142858,22.963849573725128,4492066.1730627995
300.0,292.8571428571429,1611.4285714285716,22.902174332140934,4497740.187705281
300.0,292.8571428571429,1777.1428571428573,22.846697405999024,4500188.88955408
300.0,292.8571428571429,1942.857142857143,22.796744920810482,4500061.079701278
300.0,292.8571428571429,2108.5714285714284,22.751681023382627,4497947.951610013
300.0,292.8571428571429,2274.285714285714,22.710927932104617,4494344.363502678
300.0,292.8571428571429,2440.0,22.673971908096657,4489647.682133103
300.0,292.8571428571429,2605.714285714286,22.640361891147773,4484169.780274528
300.0,292.8571428571429,2771.4285714285716,22.609704665853926,4478152.101922707
300.0,292.8571428571429,2937.1428571428573,22.581658690278697,4471779.889060812
300.0,292.8571428571429,3102.857142857143,22.555927712821543,4465194.304428035
300.0,292.8571428571429,3268.571428571429,22.5322547332435,4458502.271815194
300.0,292.8571428571429,3434.2857142857147,22.51041654926445,4451784.262167538
300.0,292.8571428571429,3600.0,22.490218961873676,4445100.368904538
300.0,340.0,120.0,23.680523316695396,7154100.3387690885
300.0,340.0,285.7142857142857,23.566057608189947,5312714.470776548
300.0,340.0,451.42857142857144,23.455201497724328,4961873.514454578
300.0,340.0,617.1428571428571,23.348558830924556,4867909.0083758775
300.0,340.0,782.8571428571429,23.24779710952419,4850235.141003322
300.0,340.0,948.5714285714287,23.154395863877944,4856487.956010385
300.0,340.0,1114.2857142857142,23.06905391235409,4868371.866106748
300.0,340.0,1280.0,22.991782360898224,4879381.646544258
300.0,340.0,1445.7142857142858,22.92216192433929,4887495.500483321
300.0,340.0,1611.4285714285716,22.859559302033002,4892418.532815063
300.0,340.0,1777.1428571428573,22.803267723538315,4894479.2212170875
300.0,340.0,1942.857142857143,22.75258678114028,4894181.539888214
300.0,340.0,2108.5714285714284,22.706862699740146,4892028.774118345
300.0,340.0,2274.285714285714,22.665505242066832,4888461.643494878
300.0,340.0,2440.0,22.627991735378785,4883843.881912408
300.0,340.0,2605.714285714286,22.593864497591554,4878466.408557558
300.0,340.0,2771.4285714285716,22.56272524313808,4872557.663867278
300.0,340.0,2937.1428571428573,22.53422842766484,4866294.92232247
300.0,340.0,3102.857142857143,22.508074552069694,4859814.590615204
300.0,340.0,3268.571428571429,22.484003917735667,4853220.890260022
300.0,340.0,3434.2857142857147,22.461791035064667,4846592.901303896
300.0,340.0,3600.0,22.44123973414359,4839990.157650704
300.0,387.14285714285717,120.0,23.666494115925428,7920735.236581204
300.0,387.14285714285717,285.7142857142857,23.5442692192552,5808702.71086714
300.0,387.14285714285717,451.42857142857144,23.42890032928714,5392078.763469873
300.0,387.14285714285717,617.1428571428571,23.319312345573987,5270747.99494439
300.0,387.14285714285717,782.8571428571429,23.21652847284719,5239426.911480147
300.0,387.14285714285717,948.5714285714287,23.1216813398158,5238273.098513888
300.0,387.14285714285717,1114.2857142857142,23.035259869859548,5245960.6728907805
300.0,387.14285714285717,1280.0,22.957145105461564,5254547.970371774
300.0,387.14285714285717,1445.7142857142858,22.886837004507637,5261264.441570591
300.0,387.14285714285717,1611.4285714285716,22.823652034577123,5265399.81155897
300.0,387.14285714285717,1777.1428571428573,22.76685197604366,5267041.918073249
300.0,387.14285714285717,1942.857142857143,22.715716494044297,5266550.893460107
300.0,387.14285714285717,2108.5714285714284,22.669578965426286,5264342.043171649
300.0,387.14285714285717,2274.285714285714,22.62784067853269,5260801.372157364
300.0,387.14285714285717,2440.0,22.589973212571977,5256258.202644824
300.0,387.14285714285717,2605.714285714286,22.555514857161395,5250981.678688193
300.0,387.14285714285717,2771.4285714285716,22.52406439943329,5245186.453513735
300.0,387.14285714285717,2937.1428571428573,22.495274085411452,5239041.12487082
300.0,387.14285714285717,3102.857142857143,22.46884268438352,5232676.721151617
300.0,387.14285714285717,3268.571428571429,22.444509092692023,5226194.226322063
300.0,387.14285714285717,3434.2857142857147,22.422046645404468,5219670.875122886
300.0,387.14285714285717,3600.0,22.40125816414971,5213165.259723496
300.0,434.28571428571433,120.0,23.65271364573212,8664286.083259003
300.0,434.28571428571433,285.7142857142857,23.523854090290506,6285443.872484046
300.0,434.28571428571433,451.42857142857144,23.4048484673313,5804088.707555381
300.0,434.28571428571433,617.1428571428571,23.292996144004057,5655847.666825869
300.0,434.28571428571433,782.8571428571429,23.18873075959165,5611086.673483724
300.0,434.28571428571433,948.5714285714287,23.09287657146483,5602613.222033899
300.0,434.28571428571433,1114.2857142857142,23.00573975717904,5606131.360458088
300.0,434.28571428571433,1280.0,22.92709026115185,5612293.939859151
300.0,434.28571428571433,1445.7142857142858,22.85636048345682,5617598.0728604365
300.0,434.28571428571433,1611.4285714285716,22.79282591556093,5620926.80120732
300.0,434.28571428571433,1777.1428571428573,22.735723490356197,5622131.800214338
300.0,434.28571428571433,1942.857142857143,22.684317763297773,5621431.510172601
300.0,434.28571428571433,2108.5714285714284,22.637932868706418,5619154.129087375
300.0,434.28571428571433,2274.285714285714,22.595964388010557,5615631.133219754
300.0,434.28571428571433,2440.0,22.55788032721572,5611157.266362369
300.0,434.28571428571433,2605.714285714286,22.52321669306161,5605979.565532173
300.0,434.28571428571433,2771.4285714285716,22.491570771876685,5600298.503617599
300.0,434.28571428571433,2937.1428571428573,22.46259378406885,5594273.603189952
300.0,434.28571428571433,3102.857142857143,22.435983762925837,5588030.139010396
300.0,434.28571428571433,3268.571428571429,22.411479046144304,5581665.518152719
300.0,434.28571428571433,3434.2857142857147,22.388852519661814,5575254.830920835
300.0,434.28571428571433,3600.0,22.3679066246253,5568855.468422626
300.0,481.42857142857144,120.0,23.639223658467063,9386922.28160441
300.0,481.42857142857144,285.7142857142857,23.504668311097337,6745654.590886518
300.0,481.42857142857144,451.42857142857144,23.38271101648431,6200746.687150099
300.0,481.42857142857144,617.1428571428571,23.26910740266585,6026112.202985275
300.0,481.42857142857144,782.8571428571429,23.163757096740948,5968159.426636796
300.0,481.42857142857144,948.5714285714287,23.067211329890778,5952484.457767499
300.0,481.42857142857144,1114.2857142857142,22.97961708378371,5951884.536164362
300.0,481.42857142857144,1280.0,22.90064903022062,5955639.267758962
300.0,481.42857142857144,1445.7142857142858,22.829682683579,5959530.687604811
300.0,481.42857142857144,1611.4285714285716,22.765959832783444,5962044.564170413
300.0,481.42857142857144,1777.1428571428573,22.708697613300203,5962801.526011278
300.0,481.42857142857144,1942.857142857143,22.65714906319379,5961881.036160843
300.0,481.42857142857144,2108.5714285714284,22.61063170013948,5959525.546426894
300.0,481.42857142857144,2274.285714285714,22.568537372318023,5956012.604556377
300.0,481.42857142857144,2440.0,22.530332036069236,5951602.554511794
300.0,481.42857142857144,2605.714285714286,22.4955506202787,5946520.27896671
300.0,481.42857142857144,2771.4285714285716,22.46378988419591,5940951.909903132
300.0,481.42857142857144,2937.1428571428573,22.434700824031435,5935047.685174084
300.0,481.42857142857144,3102.857142857143,22.407981406997262,5928926.903374491
300.0,481.42857142857144,3268.571428571429,22.3833699794798,5922683.178543712
300.0,481.42857142857144,3434.2857142857147,22.36063946399445,5916389.256513252
300.0,481.42857142857144,3600.0,22.339592340836337,5910101.147538395
300.0,528.5714285714286,120.0,23.626050205210593,10090417.502407338
300.0,528.5714285714286,285.7142857142857,23.48658867482595,7191442.981488086
300.0,528.5714285714286,451.42857142857144,23.36222358238076,6584219.647587202
300.0,528.5714285714286,617.1428571428571,23.247262508590683,6383733.883800309
300.0,528.5714285714286,782.8571428571429,23.14112420584106,6312855.664313906
300.0,528.5714285714286,948.5714285714287,23.044118481622572,6290112.743575937
300.0,528.5714285714286,1114.2857142857142,22.95625335445864,6285459.380283353
300.0,528.5714285714286,1280.0,22.87712143163261,6286834.1669659205
300.0,528.5714285714286,1445.7142857142858,22.806050032160588,6289321.359189838
300.0,528.5714285714286,1611.4285714285716,22.742253028855373,6291019.011848888
300.0,528.5714285714286,1777.1428571428573,22.684931685439782,6291322.043525865
300.0,528.5714285714286,1942.857142857143,22.63333025162196,6290173.902578622
300.0,528.5714285714286,2108.5714285714284,22.586761579414716,6287732.900257018
300.0,528.5714285714286,2274.285714285714,22.54461522018125,6284223.480661549
300.0,528.5714285714286,2440.0,22.50635616934711,6279871.964544465
300.0,528.5714285714286,2605.714285714286,22.47151912594482,6274881.202787286
300.0,528.5714285714286,2771.4285714285716,22.43970099901659,6269422.969028209
300.0,528.5714285714286,2937.1428571428573,22.410553112524898,6263638.126025914
300.0,528.5714285714286,3102.857142857143,22.38377382596435,6257639.872059982
300.0,528.5714285714286,3268.571428571429,22.35910188091605,6251517.892745196
300.0,528.5714285714286,3434.2857142857147,22.336310566566592,6245342.455397006
300.0,528.5714285714286,3600.0,22.315202687273004,6239168.0633759685
300.0,575.7142857142858,120.0,23.613208491130372,10776257.353834145
300.0,575.7142857142858,285.7142857142857,23.469509253403768,7624486.379973604
300.0,575.7142857142858,451.42857142857144,23.343173702449857,6956203.179118709
300.0,575.7142857142858,617.1428571428571,23.22716221360055,6730413.498514347
300.0,575.7142857142858,782.8571428571429,23.120461958228827,6646881.745552093
300.0,575.7142857142858,948.5714285714287,23.023169224855213,6617211.059216257
300.0,575.7142857142858,1114.2857142857142,22.935170401534013,6608575.709536147
300.0,575.7142857142858,1280.0,22.855987091574494,6607604.809464521
300.0,575.7142857142858,1445.7142857142858,22.784905551203586,6608701.750162183
300.0,575.7142857142858,1611.4285714285716,22.72111639313636,6609586.287626936
300.0,575.7142857142858,1777.1428571428573,22.663808103943136,6609432.966395481
300.0,575.7142857142858,1942.857142857143,22.612218250877568,6608052.257825494
300.0,575.7142857142858,2108.5714285714284,22.565656493687417,6605520.046626302
300.0,575.7142857142858,2274.285714285714,22.523511149303893,6602008.615282613
300.0,575.7142857142858,2440.0,22.48524704215898,6597710.750916896
300.0,575.7142857142858,2605.714285714286,22.450399246482263,6592807.4977886155
300.0,575.7142857142858,2771.4285714285716,22.418565297473943,6587456.343770635
300.0,575.7142857142858,2937.1428571428573,22.389397231201563,6581788.763385353
300.0,575.7142857142858,3102.857142857143,22.362594116198032,6575911.795753872
300.0,575.7142857142858,3268.571428571429,22.33789535500654,6569911.117347429
300.0,575.7142857142858,3434.2857142857147,22.315074829825132,6563854.4283686085
300.0,575.7142857142858,3600.0,22.29393586422564,6557794.636825856
300.0,622.8571428571429,120.0,23.600706119098984,11445710.123921013
300.0,622.8571428571429,285.7142857142857,23.453338458694994,8046147.191640082
300.0,622.8571428571429,451.42857142857144,23.325387978737798,7318053.348194303
300.0,622.8571428571429,617.1428571428571,23.208568592078883,7067500.777245862
300.0,622.8571428571429,782.8571428571429,23.10148084211347,6971585.799476008
300.0,622.8571428571429,948.5714285714287,23.004031992802894,6935129.082128176
300.0,622.8571428571429,1114.2857142857142,22.916001656711135,6922586.277501614
300.0,622.8571428571429,1280.0,22.83684973906639,6919307.496141554
300.0,622.8571428571429,1445.7142857142858,22.765827333653707,6919031.584239598
300.0,622.8571428571429,1611.4285714285716,22.702105578468878,6919109.117145684
300.0,622.8571428571429,1777.1428571428573,22.64486265220155,6918499.482375273
300.0,622.8571428571429,1942.857142857143,22.593331086295986,6916883.191886041
300.0,622.8571428571429,2108.5714285714284,22.546818475921324,6914255.448901315
300.0,622.8571428571429,2274.285714285714,22.504712699286003,6910737.370717314
300.0,622.8571428571429,2440.0,22.46647898932389,6906488.762629905
300.0,622.8571428571429,2605.714285714286,22.431653231098817,6901669.14921568
300.0,622.8571428571429,2771.4285714285716,22.39983392355293,6896421.8623987585
300.0,622.8571428571429,2937.1428571428573,22.370674083837,6890869.0263250945
300.0,622.8571428571429,3102.857142857143,22.343873709164537,6885111.506468595
300.0,622.8571428571429,3268.571428571429,22.319173046207844,6879230.927402694
300.0,622.8571428571429,3434.2857142857147,22.29634672563709,6873292.365765693
300.0,622.8571428571429,3600.0,22.27519872411027,6867347.072767562
300.0,670.0,120.0,23.588545315098003,12099875.199422222
300.0,670.0,285.7142857142857,23.43799662035176,8457551.320075966
300.0,670.0,451.42857142857144,23.30872295749313,7670874.806238081
300.0,670.0,617.1428571428571,23.19128933593202,7396087.482862194
300.0,670.0,782.8571428571429,23.08395026212727,7288053.934394724
300.0,670.0,948.5714285714287,22.986445426269672,7244951.529167995
300.0,670.0,1114.2857142857142,22.898460424425608,7228576.627450377
300.0,670.0,1280.0,22.819401334389035,7223029.586390969
300.0,670.0,1445.7142857142858,22.748489005415486,7221400.33300107
300.0,670.0,1611.4285714285716,22.684878207147083,7220679.010890434
300.0,670.0,1777.1428571428573,22.627738801672812,7219614.8878714405
300.0,670.0,1942.857142857143,22.576299586640694,7217761.461971901
300.0,670.0,2108.5714285714284,22.52986696518277,7215034.986683329
300.0,670.0,2274.285714285714,22.487828978511562,7211506.427638263
300.0,670.0,2440.0,22.449651696340954,7207303.1913275905
300.0,670.0,2605.714285714286,22.414872129645175,7202563.605830318
300.0,670.0,2771.4285714285716,22.383089980671556,7197417.013319346
300.0,670.0,2937.1428571428573,22.353959435595904,7191976.259473792
300.0,670.0,3102.857142857143,22.3271815720102,7186336.052262895
300.0,670.0,3268.571428571429,22.302497606239097,7180573.948497076
300.0,670.0,3434.2857142857147,22.27968302349386,7174752.368026908
300.0,670.0,3600.0,22.258542544713407,7168920.863664224
300.0,717.1428571428572,120.0,23.57672448795306,12739717.380268529
300.0,717.1428571428572,285.7142857142857,23.423414018104562,8859642.977014592
300.0,717.1428571428572,451.42857142857144,23.29305852766511,8015581.618727288
300.0,717.1428571428572,617.1428571428571,23.17516676377313,7717071.202809687
300.0,717.1428571428572,782.8571428571429,23.06768363799856,7597175.854969717
300.0,717.1428571428572,948.5714285714287,22.97020004637395,7547565.023970912
300.0,717.1428571428572,1114.2857142857142,22.882318560414188,7527432.853022388
300.0,717.1428571428572,1280.0,22.803398122779296,7519657.902496933
300.0,717.1428571428572,1445.7142857142858,22.73263346626804,7516696.0784672415
300.0,717.1428571428572,1611.4285714285716,22.669165562759495,7515185.443233091
300.0,717.1428571428572,1777.1428571428573,22.612157578471844,7513669.973938096
300.0,717.1428571428572,1942.857142857143,22.560835616560514,7511579.000591053
300.0,717.1428571428572,2108.5714285714284,22.51450556919063,7508751.520204192
300.0,717.1428571428572,2274.285714285714,22.472556098765256,7505209.355045605
300.0,717.1428571428572,2440.0,22.43445442950458,7501048.107790379
300.0,717.1428571428572,2605.714285714286,22.3997389261002,7496385.253161784
300.0,717.1428571428572,2771.4285714285716,22.368010663265196,7491336.332559125
300.0,717.1428571428572,2937.1428571428573,22.338925126275946,7486005.00790455
300.0,717.1428571428572,3102.857142857143,22.312184576482036,7480479.8671942195
300.0,717.1428571428572,3268.571428571429,22.287531284500034,7474834.402943138
300.0,717.1428571428572,3434.2857142857147,22.26474166117419,7469128.36206371
300.0,717.1428571428572,3600.0,22.24362123271694,7463409.572217762
300.0,764.2857142857143,120.0,23.565239341358694,13366091.942120183
300.0,764.2857142857143,285.7142857142857,23.409529288359597,9253224.036959637
300.0,764.2857142857143,451.42857142857144,23.27829305057558,8352940.436912
300.0,764.2857142857143,617.1428571428571,23.16006994861619,8031200.314375322
300.0,764.2857142857143,782.8571428571429,23.052527910336533,7899690.917527485
300.0,764.2857142857143,948.5714285714287,22.955125492965827,7843704.902432466
300.0,764.2857142857143,1114.2857142857142,22.86739174565226,7819888.946391597
300.0,764.2857142857143,1280.0,22.788644196007837,7809926.474631954
300.0,764.2857142857143,1445.7142857142858,22.718054948177915,7805653.54496001
300.0,764.2857142857143,1611.4285714285716,22.654753319559294,7803364.085716937
300.0,764.2857142857143,1777.1428571428573,22.597897110346306,7801401.393911629
300.0,764.2857142857143,1942.857142857143,22.546710565468153,7799073.3647771
300.0,764.2857142857143,2108.5714285714284,22.500499601412262,7796143.379746704
300.0,764.2857142857143,2274.285714285714,22.458653852172347,7792585.1075158585
300.0,764.2857142857143,2440.0,22.420641932192698,7788462.941854177
300.0,764.2857142857143,2605.714285714286,22.38600372361148,7783873.856673259
300.0,764.2857142857143,2771.4285714285716,22.354341791495376,7778919.795315138
300.0,764.2857142857143,2937.1428571428573,22.325313008413854,7773695.345826213
300.0,764.2857142857143,3102.857142857143,22.29862088803408,7768283.028779667
300.0,764.2857142857143,3268.571428571429,22.274008810527622,7762752.289914935
300.0,764.2857142857143,3434.2857142857147,22.251254158372575,7757160.1997748185
300.0,764.2857142857143,3600.0,22.230163302396335,7751552.845391612
300.0,811.4285714285714,120.0,23.554083677561177,13979763.429631699
300.0,811.4285714285714,285.7142857142857,23.396288131196364,9638982.962279584
300.0,811.4285714285714,451.42857142857144,23.264339704091046,8683601.876578966
300.0,811.4285714285714,617.1428571428571,23.14588896234351,8339106.460356853
300.0,811.4285714285714,782.8571428571429,23.038355984487747,8196221.264428033
300.0,811.4285714285714,948.5714285714287,22.94108143009585,8133988.804681285
300.0,811.4285714285714,1114.2857142857142,22.8535290697682,8106560.727022239
300.0,811.4285714285714,1280.0,22.774979929626113,8094450.720550254
300.0,811.4285714285714,1445.7142857142858,22.70458644980423,8088888.463626396
300.0,811.4285714285714,1611.4285714285716,22.641468092334126,8085831.303910213
300.0,811.4285714285714,1777.1428571428573,22.58477839031589,8083426.2505512135
300.0,811.4285714285714,1942.857142857143,22.533740407883183,8080862.379876985
300.0,811.4285714285714,2108.5714285714284,22.487660508733505,8077829.0392797785
300.0,811.4285714285714,2274.285714285714,22.445929566882818,8074252.707454787
300.0,811.4285714285714,2440.0,22.408017761125496,8070167.15657193
300.0,811.4285714285714,2605.714285714286,22.373466607163152,8065649.2147770785
300.0,811.4285714285714,2771.4285714285716,22.341880240536327,8060787.437711726
300.0,811.4285714285714,2937.1428571428573,22.312916978654414,8055667.459333559
300.0,811.4285714285714,3102.857142857143,22.286281630706892,8050365.7958847275
300.0,811.4285714285714,3268.571428571429,22.261718720358893,8044947.874134993
300.0,811.4285714285714,3434.2857142857147,22.239006629542235,8039468.094400408
300.0,811.4285714285714,3600.0,22.217952597363663,8033970.796264799
300.0,858.5714285714287,120.0,23.543249984403584,14581420.078372285
300.0,858.5714285714287,285.7142857142857,23.383642256200943,10017516.500305338
300.0,858.5714285714287,451.42857142857144,23.251123695106063,9008123.804261923
300.0,858.5714285714287,617.1428571428571,23.132530590262927,8641328.507180722
300.0,858.5714285714287,782.8571428571429,23.025061182188608,8487296.181516238
300.0,858.5714285714287,948.5714285714287,22.927950930885427,8418941.314345226
300.0,858.5714285714287,1114.2857142857142,22.84060550620975,8387970.693282267
300.0,858.5714285714287,1280.0,22.76227367351406,8373752.459213344
300.0,858.5714285714287,1445.7142857142858,22.692090742870793,8366922.708099569
300.0,858.5714285714287,1611.4285714285716,22.629167840370254,8363109.382407334
300.0,858.5714285714287,1777.1428571428573,22.57265514578186,8360267.383543133
300.0,858.5714285714287,1942.857142857143,22.52177509427434,8357469.467644777
300.0,858.5714285714287,2108.5714285714284,22.475834832016556,8354332.467384467
300.0,858.5714285714287,2274.285714285714,22.434226678459584,8350736.6045812005
300.0,858.5714285714287,2440.0,22.396422504129095,8346685.604870745
300.0,858.5714285714287,2605.714285714286,22.361965538679975,8342236.503658799
300.0,858.5714285714287,2771.4285714285716,22.33046154017263,8337464.682728549
300.0,858.5714285714287,2937.1428571428573,22.301570305789237,8332446.947956607
300.0,858.5714285714287,3102.857142857143,22.27499796483554,8327253.88169096
300.0,858.5714285714287,3268.571428571429,22.250490202811502,8321946.927091138
300.0,858.5714285714287,3434.2857142857147,22.227826415651226,8316577.8276513545
300.0,858.5714285714287,3600.0,22.206814722970595,8311189.175406157
300.0,905.7142857142858,120.0,23.532729867574638,15171685.110284545
300.0,905.7142857142858,285.7142857142857,23.371548517911908,10389346.253194768
300.0,905.7142857142858,451.42857142857144,23.23858010368567,9326988.937121192
300.0,905.7142857142858,617.1428571428571,23.11991508772763,8938330.552487755
300.0,905.7142857142858,782.8571428571429,23.01255309574842,8773370.345989257
300.0,905.7142857142858,948.5714285714287,22.915635577580243,8699012.380276684
300.0,905.7142857142858,1114.2857142857142,22.82851637394558,8664566.579463348
300.0,905.7142857142858,1280.0,22.75041566572854,8648278.574161714
300.0,905.7142857142858,1445.7142857142858,22.68045380981096,8640203.040133053
300.0,905.7142857142858,1611.4285714285716,22.617734886595596,8635645.332216986
300.0,905.7142857142858,1777.1428571428573,22.561406486455798,8632372.221275292
300.0,905.7142857142858,1942.857142857143,22.51069086715276,8629342.52787408
300.0,905.7142857142858,2108.5714285714284,22.464896223610644,8626102.026742034
300.0,905.7142857142858,2274.285714285714,22.423416477220545,8622485.583465852
300.0,905.7142857142858,2440.0,22.38572528183085,8618467.437211225
300.0,905.7142857142858,2605.714285714286,22.351367634417134,8614085.178701354
300.0,905.7142857142858,2771.4285714285716,22.3199509465897,8609401.230342565
300.0,905.7142857142858,2937.1428571428573,22.2911365134458,8604483.699551808
300.0,905.7142857142858,3102.857142857143,22.264631795265817,8599397.310251573
300.0,905.7142857142858,3268.571428571429,22.240183646260398,8594199.562892362
300.0,905.7142857142858,3434.2857142857147,22.217572481181037,8588939.563087448
300.0,905.7142857142858,3600.0,22.196607304003578,8583658.160472175
300.0,952.8571428571429,120.0,23.52251437065758,15751125.74143878
300.0,952.8571428571429,285.7142857142857,23.359968202191844,10754931.535229838
300.0,952.8571428571429,451.42857142857144,23.226652194057795,9640618.362905502
300.0,952.8571428571429,617.1428571428571,23.107973689102884,9230515.68619617
300.0,952.8571428571429,782.8571428571429,23.000754441361142,9054837.728725433
300.0,952.8571428571429,948.5714285714287,22.90405177254771,8974591.325264998
300.0,952.8571428571429,1114.2857142857142,22.817173192661073,8936735.451092122
300.0,952.8571428571429,1280.0,22.7393134983918,8918415.179529592
300.0,952.8571428571429,1445.7142857142858,22.669579972306806,8909115.332044926
300.0,952.8571428571429,1611.4285714285716,22.607070750187553,8903825.156769425
300.0,952.8571428571429,1777.1428571428573,22.550931474715657,8900127.079063848
300.0,952.8571428571429,1942.857142857143,22.500384597062617,8896868.259074397
300.0,952.8571428571429,2108.5714285714284,22.454739572430057,8893524.809009163
300.0,952.8571428571429,2274.285714285714,22.413392042389077,8889887.105745321
300.0,952.8571428571429,2440.0,22.375817508100027,8885900.445507817
300.0,952.8571428571429,2605.714285714286,22.34156276666116,8881583.315537501
300.0,952.8571428571429,2771.4285714285716,22.310236898451503,8876985.392033711
300.0,952.8571428571429,2937.1428571428573,22.281502702110206,8872166.21533141
300.0,952.8571428571429,3102.857142857143,22.255068969582943,8867184.729736317
300.0,952.8571428571429,3268.571428571429,22.23068372221893,8862094.53793369
300.0,952.8571428571429,3434.2857142857147,22.208128391249407,8856942.13082723
300.0,952.8571428571429,3600.0,22.187212862709835,8851766.624930754
300.0,1000.0,120.0,23.51259421286401,16320260.480979592
300.0,1000.0,285.7142857142857,23.34886643329802,11114679.492266456
300.0,1000.0,451.42857142857144,23.215290075692305,9949382.077690164
300.0,1000.0,617.1428571428571,23.096646668987223,9518236.663246097
300.0,1000.0,782.8571428571429,22.989598636824894,9332042.346005129
300.0,1000.0,948.5714285714287,22.89312791998528,9246017.661393866
300.0,1000.0,1114.2857142857142,22.806500533913468,9204814.575585946
300.0,1000.0,1280.0,22.728888687836523,9184498.538116429
300.0,1000.0,1445.7142857142858,22.659388218663327,9173995.524064634
300.0,1000.0,1611.4285714285716,22.597092261362388,9167984.840538431
300.0,1000.0,1777.1428571428573,22.54114505217192,9163868.171608048
300.0,1000.0,1942.857142857143,22.490769540982033,9160383.188117104
300.0,1000.0,2108.5714285714284,22.445276610991208,9156937.675901726
300.0,1000.0,2274.285714285714,22.404063712045314,9153278.357766237
300.0,1000.0,2440.0,22.366608235193237,9149322.113265337
300.0,1000.0,2605.714285714286,22.332458794736223,9145068.659328617
300.0,1000.0,2771.4285714285716,22.301226143110192,9140555.136477415
300.0,1000.0,2937.1428571428573,22.2725745787801,9135832.649769664
300.0,1000.0,3102.857142857143,22.246214218518823,9130954.444795782
300.0,1000.0,3268.571428571429,22.221894243021172,9125970.274333242
300.0,1000.0,3434.2857142857147,22.199397092409995,9120924.040979551
300.0,1000.0,3600.0,22.17853352797019,9115853.140662387
335.7142857142857,10.0,120.0,23.767931517690077,1043681.7632422916
335.7142857142857,10.0,285.7142857142857,23.760100188042934,783340.9916728688
335.7142857142857,10.0,451.42857142857144,23.7487836533833,757522.6106895569
335.7142857142857,10.0,617.1428571428571,23.734875588971832,764666.3131968488
335.7142857142857,10.0,782.8571428571429,23.719615763284093,775620.7916765439
335.7142857142857,10.0,948.5714285714287,23.70417880356855,783184.7107541381
335.7142857142857,10.0,1114.2857142857142,23.689378502080764,786291.3214335233
335.7142857142857,10.0,1280.0,23.675658263438038,785654.878153898
335.7142857142857,10.0,1445.7142857142858,23.663193974512602,782317.3550137929
335.7142857142857,10.0,1611.4285714285716,23.651999855016037,777197.5222772864
335.7142857142857,10.0,1777.1428571428573,23.642004945403546,770994.3088290306
335.7142857142857,10.0,1942.857142857143,23.633100571062766,764204.2718237974
335.7142857142857,10.0,2108.5714285714284,23.6251671321968,757166.289143809
335.7142857142857,10.0,2274.285714285714,23.61808800199458,750104.7623855934
335.7142857142857,10.0,2440.0,23.61175596548603,743163.9212017992
335.7142857142857,10.0,2605.714285714286,23.606075574351767,736433.0014738326
335.7142857142857,10.0,2771.4285714285716,23.60096338857227,729964.0373758588
335.7142857142857,10.0,2937.1428571428573,23.596347209541605,723784.1878228316
335.7142857142857,10.0,3102.857142857143,23.592164902358267,717904.1848174522
335.7142857142857,10.0,3268.571428571429,23.58836311780499,712324.0877592212
335.7142857142857,10.0,3434.2857142857147,23.584896065729982,707037.1861232403
335.7142857142857,10.0,3600.0,23.58172440583151,702032.6358863291
335.7142857142857,57.142857142857146,120.0,23.752675942933585,2632716.632592283
335.7142857142857,57.142857142857146,285.7142857142857,23.714407192435864,2047630.8982520977
335.7142857142857,57.142857142857146,451.42857142857144,23.665523995702188,1987438.3827761791
335.7142857142857,57.142857142857146,617.1428571428571,23.610309965592098,2003615.442934601
335.7142857142857,57.142857142857146,782.8571428571429,23.552788742793624,2032246.2915174717
335.7142857142857,57.142857142857146,948.5714285714287,23.496225557720976,2056755.9861358206
335.7142857142857,57.142857142857146,1114.2857142857142,23.442703831764398,2073493.0378164817
335.7142857142857,57.142857142857146,1280.0,23.393274791455312,2082849.861566146
335.7142857142857,57.142857142857146,1445.7142857142858,23.348286555797895,2086289.787293073
335.7142857142857,57.142857142857146,1611.4285714285716,23.307673720314252,2085333.9670534043
335.7142857142857,57.142857142857146,1777.1428571428573,23.27115704441968,2081260.1118802202
335.7142857142857,57.142857142857146,1942.857142857143,23.23836569518795,2075055.920966991
335.7142857142857,57.142857142857146,2108.5714285714284,23.20890631156986,2067454.4056412429
335.7142857142857,57.142857142857146,2274.285714285714,23.182399110993217,2058987.2179177382
335.7142857142857,57.142857142857146,2440.0,23.15849477649329,2050034.257256683
335.7142857142857,57.142857142857146,2605.714285714286,23.136880653967484,2040863.8046639913
335.7142857142857,57.142857142857146,2771.4285714285716,23.117281297620398,2031663.0993396805
335.7142857142857,57.142857142857146,2937.1428571428573,23.099456240124034,2022560.9564661654
335.7142857142857,57.142857142857146,3102.857142857143,23.083196581433622,2013644.2483858562
335.7142857142857,57.142857142857146,3268.571428571429,23.068321248969987,2004969.8257745549
335.7142857142857,57.142857142857146,3434.2857142857147,23.05467336203221,1996573.1132125673
335.7142857142857,57.142857142857146,3600.0,23.04211690019617,1988474.3017045613
335.7142857142857,104.28571428571429,120.0,23.735383790743835,3887790.017870556
335.7142857142857,104.28571428571429,285.7142857142857,23.672824333684787,2963343.5315047847
335.7142857142857,104.28571428571429,451.42857142857144,23.60011381312371,2831757.3368715276
335.7142857142857,104.28571428571429,617.1428571428571,23.522527326187774,2823395.118333289
335.7142857142857,104.28571428571429,782.8571428571429,23.444495480322747,2842802.4232110046
335.7142857142857,104.28571428571429,948.5714285714287,23.369399923363968,2864095.55271076
335.7142857142857,104.28571428571429,1114.2857142857142,23.299258940872015,2880050.4339068527
335.7142857142857,104.28571428571429,1280.0,23.23497065067855,2889529.557953928
335.7142857142857,104.28571428571429,1445.7142857142858,23.17670036547505,2893318.985139303
335.7142857142857,104.28571428571429,1611.4285714285716,23.12419979903291,2892648.017511548
335.7142857142857,104.28571428571429,1777.1428571428573,23.077019836306704,2888682.7502069934
335.7142857142857,104.28571428571429,1942.857142857143,23.03463749099614,2882383.482402152
335.7142857142857,104.28571428571429,2108.5714285714284,22.996525713618933,2874493.597759432
335.7142857142857,104.28571428571429,2274.285714285714,22.96218846985952,2865570.1954410146
335.7142857142857,104.28571428571429,2440.0,22.931175899775564,2856022.736688646
335.7142857142857,104.28571428571429,2605.714285714286,22.903088604094712,2846148.109427622
335.7142857142857,104.28571428571429,2771.4285714285716,22.877576337415025,2836159.0941499504
335.7142857142857,104.28571428571429,2937.1428571428573,22.854334089215502,2826206.3336198977
335.7142857142857,104.28571428571429,3102.857142857143,22.833097182166448,2816394.8598293345
335.7142857142857,104.28571428571429,3268.571428571429,22.813636242121078,2806796.361049809
335.7142857142857,104.28571428571429,3434.2857142857147,22.79575245858166,2797458.225089835
335.7142857142857,104.28571428571429,3600.0,22.77927331503744,2788410.1851997557
335.7142857142857,151.42857142857144,120.0,23.717588242766656,5005346.792288242
335.7142857142857,151.42857142857144,285.7142857142857,23.635976543914914,3739307.613542564
335.7142857142857,151.42857142857144,451.42857142857144,23.547190509070763,3528361.009436826
335.7142857142857,151.42857142857144,617.1428571428571,23.45594226348118,3488580.0838710307
335.7142857142857,151.42857142857144,782.8571428571429,23.366244279308518,3493322.658875407
335.7142857142857,151.42857142857144,948.5714285714287,23.2811227605948,3507288.7316483953
335.7142857142857,151.42857142857144,1114.2857142857142,23.202292495251193,3519470.153652692
335.7142857142857,151.42857142857144,1280.0,23.130405692196017,3526976.110608879
335.7142857142857,151.42857142857144,1445.7142857142858,23.065434743410634,3529715.7586910753
335.7142857142857,151.42857142857144,1611.4285714285716,23.00698123910272,3528461.319921384
335.7142857142857,151.42857142857144,1777.1428571428573,22.954478458999994,3524136.019722698
335.7142857142857,151.42857142857144,1942.857142857143,22.907310036346185,3517570.908003363
335.7142857142857,151.42857142857144,2108.5714285714284,22.864873636352574,3509441.785737879
335.7142857142857,151.42857142857144,2274.285714285714,22.826611642133347,3500272.01128704
335.7142857142857,151.42857142857144,2440.0,22.792023174211916,3490455.878798501
335.7142857142857,151.42857142857144,2605.714285714286,22.76066610528609,3480285.1738325455
335.7142857142857,151.42857142857144,2771.4285714285716,22.732154078889018,3469972.8585460093
335.7142857142857,151.42857142857144,2937.1428571428573,22.706151330129085,3459672.353467112
335.7142857142857,151.42857142857144,3102.857142857143,22.682366816389052,3449492.5653968384
335.7142857142857,151.42857142857144,3268.571428571429,22.660548430983315,3439509.335504067
335.7142857142857,151.42857142857144,3434.2857142857147,22.640477663247303,3429774.053330823
335.7142857142857,151.42857142857144,3600.0,22.621964846058837,3420320.095720212
335.7142857142857,198.57142857142858,120.0,23.69987506531686,6034808.40923344
335.7142857142857,198.57142857142858,285.7142857142857,23.603097335430572,4431608.196879642
335.7142857142857,198.57142857142858,451.42857142857144,23.502885020714874,4140007.391266748
335.7142857142857,198.57142857142858,617.1428571428571,23.40263261423187,4067191.477884214
335.7142857142857,198.57142857142858,782.8571428571429,23.30566635087919,4055826.4848926463
335.7142857142857,198.57142857142858,948.5714285714287,23.214553222753153,4061298.5733908163
335.7142857142857,198.57142857142858,1114.2857142857142,23.130680650192993,4068818.912695958
335.7142857142857,198.57142857142858,1280.0,23.05446928376396,4073712.4473690963
335.7142857142857,198.57142857142858,1445.7142857142858,22.985729039882564,4074970.6028697146
335.7142857142857,198.57142857142858,1611.4285714285716,22.923946833299407,4072868.2247346626
335.7142857142857,198.57142857142858,1777.1428571428573,22.868473548372517,4068050.0178546943
335.7142857142857,198.57142857142858,1942.857142857143,22.818632120570864,4061187.9374133595
335.7142857142857,198.57142857142858,2108.5714285714284,22.77377424948194,4052865.9953157036
335.7142857142857,198.57142857142858,2274.285714285714,22.73330655600874,4043554.5539339595
335.7142857142857,198.57142857142858,2440.0,22.696699647777624,4033617.6126256087
335.7142857142857,198.57142857142858,2605.714285714286,22.66348818028879,4023330.0672351536
335.7142857142857,198.57142857142858,2771.4285714285716,22.633266556663564,4012895.9298900757
335.7142857142857,198.57142857142858,2937.1428571428573,22.60568283560769,4002464.355715827
335.7142857142857,198.57142857142858,3102.857142857143,22.58043221330068,3992142.7149178484
335.7142857142857,198.57142857142858,3268.571428571429,22.557250763338676,3982006.860151368
335.7142857142857,198.57142857142858,3434.2857142857147,22.535909742009125,3972109.0276140007
335.7142857142857,198.57142857142858,3600.0,22.516210563783147,3962483.847880807
335.7142857142857,245.71428571428572,120.0,23.6825109201264,6999331.1684859
335.7142857142857,245.71428571428572,285.7142857142857,23.573478263628193,5066201.759380409
335.7142857142857,245.71428571428572,451.42857142857144,23.464845647506046,4694906.731604498
335.7142857142857,245.71428571428572,617.1428571428571,23.3583652536339,4589094.466443672
335.7142857142857,245.71428571428572,782.8571428571429,23.25661771581413,4561399.997499971
335.7142857142857,245.71428571428572,948.5714285714287,23.161715863060714,4558100.113497232
335.7142857142857,245.71428571428572,1114.2857142857142,23.0747468225892,4560704.37099388
335.7142857142857,245.71428571428572,1280.0,22.995931950554805,4562782.520563388
335.7142857142857,245.71428571428572,1445.7142857142858,22.924949407110038,4562414.907922006
335.7142857142857,245.71428571428572,1611.4285714285716,22.861198480522738,4559375.720237134
335.7142857142857,245.71428571428572,1777.1428571428573,22.803970773956596,4554023.9541922165
335.7142857142857,245.71428571428572,1942.857142857143,22.75254807259315,4546864.296669287
335.7142857142857,245.71428571428572,2108.5714285714284,22.706252607665153,4538381.158713999
335.7142857142857,245.71428571428572,2274.285714285714,22.66446918159106,4528985.004870446
335.7142857142857,245.71428571428572,2440.0,22.626651709214265,4519003.698875105
335.7142857142857,245.71428571428572,2605.714285714286,22.59232168384249,4508690.431701242
335.7142857142857,245.71428571428572,2771.4285714285716,22.56106285318644,4498236.3631624915
335.7142857142857,245.71428571428572,2937.1428571428573,22.53251445669946,4487783.257912103
335.7142857142857,245.71428571428572,3102.857142857143,22.506364257519024,4477434.469071902
335.7142857142857,245.71428571428572,3268.571428571429,22.482341972390305,4467263.906192348
335.7142857142857,245.71428571428572,3434.2857142857147,22.460213357267087,4457323.122093161
335.7142857142857,245.71428571428572,3600.0,22.43977502268995,4447646.811416396
335.7142857142857,292.8571428571429,120.0,23.66562472173834,7912392.31086292
335.7142857142857,292.8571428571429,285.7142857142857,23.54656442053539,5657749.105835442
335.7142857142857,292.8571428571429,451.42857142857144,23.431565610491553,5208574.215233083
335.7142857142857,292.8571428571429,617.1428571428571,23.320637701752126,5070409.903697186
335.7142857142857,292.8571428571429,782.8571428571429,23.215638296951994,5026608.601032679
335.7142857142857,292.8571428571429,948.5714285714287,23.118264159401466,5014584.267184507
335.7142857142857,292.8571428571429,1114.2857142857142,23.029339368913533,5012250.846135287
335.7142857142857,292.8571428571429,1280.0,22.948917528834315,5011472.347470588
335.7142857142857,292.8571428571429,1445.7142857142858,22.876570263899172,5009440.918263117
335.7142857142857,292.8571428571429,1611.4285714285716,22.8116290542325,5005439.740855857
335.7142857142857,292.8571428571429,1777.1428571428573,22.753341831526395,4999545.127048224
335.7142857142857,292.8571428571429,1942.857142857143,22.700961662166822,4992094.299084267
335.7142857142857,292.8571428571429,2108.5714285714284,22.65379134654407,4983470.435326491
335.7142857142857,292.8571428571429,2274.285714285714,22.611202083457325,4974021.95873892
335.7142857142857,292.8571428571429,2440.0,22.57263789996059,4964038.40389759
335.7142857142857,292.8571428571429,2605.714285714286,22.53761282315741,4953749.2287332695
335.7142857142857,292.8571428571429,2771.4285714285716,22.505704755303245,4943330.962801621
335.7142857142857,292.8571428571429,2937.1428571428573,22.47654820896055,4932916.4707891
335.7142857142857,292.8571428571429,3102.857142857143,22.449827018646264,4922603.833811707
335.7142857142857,292.8571428571429,3268.571428571429,22.425267562245114,4912463.990457709
335.7142857142857,292.8571428571429,3434.2857142857147,22.4026327075889,4902546.977849764
335.7142857142857,292.8571428571429,3600.0,22.381716532605402,4892886.887129889
335.7142857142857,340.0,120.0,23.649277173099705,8782832.29297643
335.7142857142857,340.0,285.7142857142857,23.52192759670266,6215521.341932665
335.7142857142857,340.0,451.42857142857144,23.40202538197213,5690592.323068694
335.7142857142857,340.0,617.1428571428571,23.2878532405637,5520943.765725729
335.7142857142857,340.0,782.8571428571429,23.180599432920477,5461427.793234582
335.7142857142857,340.0,948.5714285714287,23.081590440796848,5440854.87830722
335.7142857142857,340.0,1114.2857142857142,22.991423292148454,5433656.752127071
335.7142857142857,340.0,1280.0,22.910010854402962,5430047.104696861
335.7142857142857,340.0,1445.7142857142858,22.83683807467033,5426358.019883297
335.7142857142857,340.0,1611.4285714285716,22.771183227851672,5421395.90368804
335.7142857142857,340.0,1777.1428571428573,22.712261465459765,5414961.276683576
335.7142857142857,340.0,1942.857142857143,22.65930542913049,5407226.890885737
335.7142857142857,340.0,2108.5714285714284,22.611604949348386,5398475.639355332
335.7142857142857,340.0,2274.285714285714,22.568522763989908,5388993.815010879
335.7142857142857,340.0,2440.0,22.529497184547616,5379032.050809951
335.7142857142857,340.0,2605.714285714286,22.494038212005304,5368795.312593098
335.7142857142857,340.0,2771.4285714285716,22.461720777934843,5358444.709727757
335.7142857142857,340.0,2937.1428571428573,22.43217709713506,5348103.463103323
335.7142857142857,340.0,3102.857142857143,22.405089146990832,5337863.717805022
335.7142857142857,340.0,3268.571428571429,22.380181746650198,5327792.867676794
335.7142857142857,340.0,3434.2857142857147,22.357216415574673,5317938.949044273
335.7142857142857,340.0,3600.0,22.33598603843956,5308335.045867274
335.7142857142857,387.14285714285717,120.0,23.633492388589737,9616913.257277828
335.7142857142857,387.14285714285717,285.7142857142857,23.499233697337704,6745834.022716292
335.7142857142857,387.14285714285717,451.42857142857144,23.375503371284758,6147353.399884514
335.7142857142857,387.14285714285717,617.1428571428571,23.258932724512746,5947154.896724242
335.7142857142857,387.14285714285717,782.8571428571429,23.15010386174308,5872374.949822881
335.7142857142857,387.14285714285717,948.5714285714287,23.05001755126423,5843478.445261778
335.7142857142857,387.14285714285717,1114.2857142857142,22.95907551408539,5831527.376871382
335.7142857142857,387.14285714285717,1280.0,22.877072182864637,5825140.733360099
335.7142857142857,387.14285714285717,1445.7142857142858,22.80342138378257,5819819.621946972
335.7142857142857,387.14285714285717,1611.4285714285716,22.73735911685128,5813909.191943677
335.7142857142857,387.14285714285717,1777.1428571428573,22.678075577818568,5806942.419884197
335.7142857142857,387.14285714285717,1942.857142857143,22.624788728602656,5798931.846902018
335.7142857142857,387.14285714285717,2108.5714285714284,22.576779767156943,5790062.13805379
335.7142857142857,387.14285714285717,2274.285714285714,22.53340633534137,5780558.305037284
335.7142857142857,387.14285714285717,2440.0,22.494103704740283,5770632.278900661
335.7142857142857,387.14285714285717,2605.714285714286,22.458380023584645,5760464.399931925
335.7142857142857,387.14285714285717,2771.4285714285716,22.425809049864228,5750200.06826468
335.7142857142857,387.14285714285717,2937.1428571428573,22.396022208518804,5739952.514696848
335.7142857142857,387.14285714285717,3102.857142857143,22.36870090028415,5729807.597562528
335.7142857142857,387.14285714285717,3268.571428571429,22.34356948364625,5719828.837582637
335.7142857142857,387.14285714285717,3434.2857142857147,22.320389079006368,5710061.976249708
335.7142857142857,387.14285714285717,3600.0,22.298952204070762,5700538.834448975
335.7142857142857,434.28571428571433,120.0,23.618273919570385,10419315.17953862
335.7142857142857,434.28571428571433,285.7142857142857,23.478217806456737,7253224.293215171
335.7142857142857,434.28571428571433,451.42857142857144,23.351469907304786,6583364.726900178
335.7142857142857,434.28571428571433,617.1428571428571,23.233113502749998,6353548.552292874
335.7142857142857,434.28571428571433,782.8571428571429,23.123187828083985,6263965.7431733245
335.7142857142857,434.28571428571433,948.5714285714287,23.022408341657936,6226985.231153269
335.7142857142857,434.28571428571433,1114.2857142857142,22.931008571978257,6210407.266117799
335.7142857142857,434.28571428571433,1280.0,22.848682755434687,6201309.59660817
335.7142857142857,434.28571428571433,1445.7142857142858,22.774785858979712,6194390.634385109
335.7142857142857,434.28571428571433,1611.4285714285716,22.708519930719767,6187549.715180677
335.7142857142857,434.28571428571433,1777.1428571428573,22.64905597346583,6180060.797410285
335.7142857142857,434.28571428571433,1942.857142857143,22.595601368951876,6171780.892981801
335.7142857142857,434.28571428571433,2108.5714285714284,22.547431689652498,6162798.949039893
335.7142857142857,434.28571428571433,2274.285714285714,22.503901756811512,6153279.972395887
335.7142857142857,434.28571428571433,2440.0,22.4644455749693,6143397.770319548
335.7142857142857,434.28571428571433,2605.714285714286,22.428570857280867,6133308.246626941
335.7142857142857,434.28571428571433,2771.4285714285716,22.395851347205642,6123141.071522732
335.7142857142857,434.28571428571433,2937.1428571428573,22.365918645012346,6112999.359028046
335.7142857142857,434.28571428571433,3102.857142857143,22.338454390686696,6102962.507581389
335.7142857142857,434.28571428571433,3268.571428571429,22.313183180192844,6093089.978647767
335.7142857142857,434.28571428571433,3434.2857142857147,22.289866338175027,6083425.037886454
335.7142857142857,434.28571428571433,3600.0,22.268296540944057,6073998.076365892
335.7142857142857,481.42857142857144,120.0,23.603613499295015,11193676.022191241
335.7142857142857,481.42857142857144,285.7142857142857,23.458666421934115,7741084.923223143
335.7142857142857,481.42857142857144,451.42857142857144,23.329524444976283,7001940.692447328
335.7142857142857,481.42857142857144,617.1428571428571,23.209837061368606,6743406.904220381
335.7142857142857,481.42857142857144,782.8571428571429,23.09916005535151,6639471.3725514505
335.7142857142857,481.42857142857144,948.5714285714287,22.9979591324828,6594645.360678036
335.7142857142857,481.42857142857144,1114.2857142857142,22.90632253186177,6573569.489990718
335.7142857142857,481.42857142857144,1280.0,22.823859222218868,6561830.680377229
335.7142857142857,481.42857142857144,1445.7142857142858,22.74987506883514,6553351.432281171
335.7142857142857,481.42857142857144,1611.4285714285716,22.68354460907703,6545600.06489612
335.7142857142857,481.42857142857144,1777.1428571428573,22.624023987321532,6537599.852081945
335.7142857142857,481.42857142857144,1942.857142857143,22.57051300123877,6529056.995251774
335.7142857142857,481.42857142857144,2108.5714285714284,22.52228373541684,6519967.375706814
335.7142857142857,481.42857142857144,2274.285714285714,22.47868976766175,6510437.451334508
335.7142857142857,481.42857142857144,2440.0,22.439165038143148,6500603.666293403
335.7142857142857,481.42857142857144,2605.714285714286,22.403217770302646,6490597.8458464835
335.7142857142857,481.42857142857144,2771.4285714285716,22.370422456210278,6480534.05799211
335.7142857142857,481.42857142857144,2937.1428571428573,22.34041150149528,6470505.299757609
335.7142857142857,481.42857142857144,3102.857142857143,22.312867315216614,6460584.44209965
335.7142857142857,481.42857142857144,3268.571428571429,22.287515183061544,6450826.787908171
335.7142857142857,481.42857142857144,3434.2857142857147,22.26411702458642,6441273.016601381
335.7142857142857,481.42857142857144,3600.0,22.242466015437095,6431951.979549998
335.7142857142857,528.5714285714286,120.0,23.58949607189196,11942909.836534362
335.7142857142857,528.5714285714286,285.7142857142857,23.440404885644636,8212033.710726275
335.7142857142857,528.5714285714286,451.42857142857144,23.30935652137584,7405600.230285861
335.7142857142857,528.5714285714286,617.1428571428571,23.18868233153449,7119204.181310454
335.7142857142857,528.5714285714286,782.8571428571429,23.07750873045676,7001345.876086646
335.7142857142857,528.5714285714286,948.5714285714287,22.976082560088336,6948904.709216135
335.7142857142857,528.5714285714286,1114.2857142857142,22.884366070144765,6923457.530796788
335.7142857142857,528.5714285714286,1280.0,22.801895240635602,6909147.554879227
335.7142857142857,528.5714285714286,1445.7142857142858,22.727934680735302,6899146.435597531
335.7142857142857,528.5714285714286,1611.4285714285716,22.66163647539429,6890505.410828561
335.7142857142857,528.5714285714286,1777.1428571428573,22.60214522907291,6882005.010891647
335.7142857142857,528.5714285714286,1942.857142857143,22.54865538800731,6873205.205465115
335.7142857142857,528.5714285714286,2108.5714285714284,22.500437098452323,6864011.453096526
335.7142857142857,528.5714285714286,2274.285714285714,22.456843808227593,6854473.172954857
335.7142857142857,528.5714285714286,2440.0,22.417310222334784,6844690.287062189
335.7142857142857,528.5714285714286,2605.714285714286,22.381345713639277,6834770.986644669
335.7142857142857,528.5714285714286,2771.4285714285716,22.348526031099727,6824813.948125335
335.7142857142857,528.5714285714286,2937.1428571428573,22.31848480100032,6814902.126006878
335.7142857142857,528.5714285714286,3102.857142857143,22.290905548528322,6805101.861066278
335.7142857142857,528.5714285714286,3268.571428571429,22.26551454446885,6795464.253357901
335.7142857142857,528.5714285714286,3434.2857142857147,22.242074558364315,6786027.331596793
335.7142857142857,528.5714285714286,3600.0,22.22037948801221,6776818.335434023
335.7142857142857,575.7142857142858,120.0,23.57590279474001,12669406.301634682
335.7142857142857,575.7142857142858,285.7142857142857,23.423288392415863,8668142.052148668
335.7142857142857,575.7142857142858,451.42857142857144,23.290720457422555,7796309.388846761
335.7142857142857,575.7142857142858,617.1428571428571,23.169324112627965,7482857.72414686
335.7142857142857,575.7142857142858,782.8571428571429,23.05784483880739,7351482.97296434
335.7142857142857,575.7142857142858,948.5714285714287,22.956337310533243,7291645.84224211
335.7142857142857,575.7142857142858,1114.2857142857142,22.864654078426252,7261949.109410987
335.7142857142857,575.7142857142858,1280.0,22.782268298178202,7245136.172518454
335.7142857142857,575.7142857142858,1445.7142857142858,22.708409695072067,7233651.1744414605
335.7142857142857,575.7142857142858,1611.4285714285716,22.642211926008176,7224141.291342967
335.7142857142857,575.7142857142858,1777.1428571428573,22.582810634697132,7215151.7851538565
335.7142857142857,575.7142857142858,1942.857142857143,22.529396606249176,7206100.755266126
335.7142857142857,575.7142857142858,2108.5714285714284,22.481239189083944,7196805.79872934
335.7142857142857,575.7142857142858,2274.285714285714,22.437692497428774,7187260.7959481245
335.7142857142857,575.7142857142858,2440.0,22.39819257842119,7177530.013125177
335.7142857142857,575.7142857142858,2605.714285714286,22.362250389038454,7167698.492866233
335.7142857142857,575.7142857142858,2771.4285714285716,22.329443274475995,7157849.776208511
335.7142857142857,575.7142857142858,2937.1428571428573,22.29940635531781,7148056.894132165
335.7142857142857,575.7142857142858,3102.857142857143,22.27182449972263,7138379.695311433
335.7142857142857,575.7142857142858,3268.571428571429,22.246425155919237,7128865.068630696
335.7142857142857,575.7142857142858,3434.2857142857147,22.22297210948569,7119548.358513206
335.7142857142857,575.7142857142858,3600.0,22.20126012573804,7110455.146939083
335.7142857142857,622.8571428571429,120.0,23.562812877973986,13375162.313028166
335.7142857142857,622.8571428571429,285.7142857142857,23.407195454911196,9111083.292040167
335.7142857142857,622.8571428571429,451.42857142857144,23.27341838192133,8175636.751262488
335.7142857142857,622.8571428571429,617.1428571428571,23.151506078157812,7835887.520135858
335.7142857142857,622.8571428571429,782.8571428571429,23.039866103067954,7691378.404410523
335.7142857142857,622.8571428571429,948.5714285714287,22.938384009044363,7624352.370025139
335.7142857142857,622.8571428571429,1114.2857142857142,22.84681644574763,7590521.98047828
335.7142857142857,622.8571428571429,1280.0,22.76458221638739,7571271.658312324
335.7142857142857,622.8571428571429,1445.7142857142858,22.690881387090673,7558339.722439428
335.7142857142857,622.8571428571429,1611.4285714285716,22.62483242549349,7547981.411661792
335.7142857142857,622.8571428571429,1777.1428571428573,22.565564044938146,7538513.716006291
335.7142857142857,622.8571428571429,1942.857142857143,22.512264665858755,7529216.980606169
335.7142857142857,622.8571428571429,2108.5714285714284,22.464203688037667,7519823.387251313
335.7142857142857,622.8571428571429,2274.285714285714,22.420736466480296,7510272.734444067
335.7142857142857,622.8571428571429,2440.0,22.381300793754765,7500594.4943042165
335.7142857142857,622.8571428571429,2605.714285714286,22.345409505872993,7490851.061112844
335.7142857142857,622.8571428571429,2771.4285714285716,22.312641768997292,7481111.120293185
335.7142857142857,622.8571428571429,2937.1428571428573,22.28263437603129,7471437.9246387845
335.7142857142857,622.8571428571429,3102.857142857143,22.255073684041978,7461884.894712187
335.7142857142857,622.8571428571429,3268.571428571429,22.229688441808804,7452494.723815102
335.7142857142857,622.8571428571429,3434.2857142857147,22.206243557186905,7443300.059753286
335.7142857142857,622.8571428571429,3600.0,22.184534756318016,7434324.799323538
335.7142857142857,670.0,120.0,23.550204729789645,14061872.368286878
335.7142857142857,670.0,285.7142857142857,23.39202307197896,9542232.832103895
335.7142857142857,670.0,451.42857142857144,23.257288493548952,8544857.051233916
335.7142857142857,670.0,617.1428571428571,23.13502264038327,8179521.772275156
335.7142857142857,670.0,782.8571428571429,23.023333180416316,8022236.851033922
335.7142857142857,670.0,948.5714285714287,22.921956455705672,7948216.860903082
335.7142857142857,670.0,1114.2857142857142,22.830564953049763,7910362.577630919
335.7142857142857,670.0,1280.0,22.748530232461377,7888737.471148497
335.7142857142857,670.0,1445.7142857142858,22.675027022266967,7874394.195199427
335.7142857142857,670.0,1611.4285714285716,22.609161234012884,7863207.333081658
335.7142857142857,670.0,1777.1428571428573,22.550056266635735,7853272.136446353
335.7142857142857,670.0,1942.857142857143,22.496899180837882,7843735.063217061
335.7142857142857,670.0,2108.5714285714284,22.44896006538116,7834245.198587855
335.7142857142857,670.0,2274.285714285714,22.40559593182362,7824689.657069791
335.7142857142857,670.0,2440.0,22.36624659887909,7815063.957699624
335.7142857142857,670.0,2605.714285714286,22.330426979128653,7805408.34661988
335.7142857142857,670.0,2771.4285714285716,22.297718205201946,7795776.943779576
335.7142857142857,670.0,2937.1428571428573,22.26775885459812,7786223.384165535
335.7142857142857,670.0,3102.857142857143,22.240236863785963,7776794.740688453
335.7142857142857,670.0,3268.571428571429,22.21488235782956,7767529.542792009
335.7142857142857,670.0,3434.2857142857147,22.191461432194025,7758457.744259907
335.7142857142857,670.0,3600.0,22.16977083152223,7749601.542515335
335.7142857142857,717.1428571428572,120.0,23.538056674255827,14730992.787156828
335.7142857142857,717.1428571428572,285.7142857142857,23.377683096937577,9962737.913839176
335.7142857142857,717.1428571428572,451.42857142857144,23.242196731723183,8905022.578630289
335.7142857142857,717.1428571428572,617.1428571428571,23.119706405953284,8514769.158277724
335.7142857142857,717.1428571428572,782.8571428571429,23.008053456165765,8345044.805776013
335.7142857142857,717.1428571428572,948.5714285714287,22.906842254005042,8264214.195086148
335.7142857142857,717.1428571428572,1114.2857142857142,22.815671155629484,8222439.738192436
335.7142857142857,717.1428571428572,1280.0,22.733870482766235,8198499.399054894
335.7142857142857,717.1428571428572,1445.7142857142858,22.660593228654797,8182778.926066318
335.7142857142857,717.1428571428572,1611.4285714285716,22.594934908889194,8170782.75118751
335.7142857142857,717.1428571428572,1777.1428571428573,22.53601490625125,8160390.486600813
335.7142857142857,717.1428571428572,1942.857142857143,22.48301970735711,8150618.32957339
335.7142857142857,717.1428571428572,2108.5714285714284,22.4352205712882,8141034.4580297675
335.7142857142857,717.1428571428572,2274.285714285714,22.391976466745746,8131474.634878917
335.7142857142857,717.1428571428572,2440.0,22.35272943155898,8121901.237956643
335.7142857142857,717.1428571428572,2605.714285714286,22.31699658350652,8112332.85673796
335.7142857142857,717.1428571428572,2771.4285714285716,22.284361111612178,8102809.338160345
335.7142857142857,717.1428571428572,2937.1428571428573,22.254463444405268,8093374.867680803
335.7142857142857,717.1428571428572,3102.857142857143,22.226993149729807,8084070.261334145
335.7142857142857,717.1428571428572,3268.571428571429,22.201681771811813,8074929.927381862
335.7142857142857,717.1428571428572,3434.2857142857147,22.17829663069409,8065981.138796861
335.7142857142857,717.1428571428572,3600.0,22.156635522470783,8057244.389228139
335.7142857142857,764.2857142857143,120.0,23.526347399415787,15383788.661661152
335.7142857142857,764.2857142857143,285.7142857142857,23.36409946527094,10373567.61606744
335.7142857142857,764.2857142857143,451.42857142857144,23.22803073148927,9257013.789606867
335.7142857142857,764.2857142857143,617.1428571428571,23.105419277604955,8842469.72822808
335.7142857142857,764.2857142857143,782.8571428571429,22.99386971091645,8660621.708717555
335.7142857142857,764.2857142857143,948.5714285714287,22.89286939882041,8573152.913647372
335.7142857142857,764.2857142857143,1114.2857142857142,22.801951181430308,8527556.23384575
335.7142857142857,764.2857142857143,1280.0,22.720409245558727,8501357.230528466
335.7142857142857,764.2857142857143,1445.7142857142858,22.647377874767507,8484292.234658957
335.7142857142857,764.2857142857143,1611.4285714285716,22.58194397495666,8471505.320288777
335.7142857142857,764.2857142857143,1777.1428571428573,22.52322396417147,8460666.157362392
335.7142857142857,764.2857142857143,1942.857142857143,22.4704043732596,8450664.082574131
335.7142857142857,764.2857142857143,2108.5714285714284,22.422757995870388,8440988.430367015
335.7142857142857,764.2857142857143,2274.285714285714,22.37964597361558,8431424.877457703
335.7142857142857,764.2857142857143,2440.0,22.340512692776663,8421903.43933274
335.7142857142857,764.2857142857143,2605.714285714286,22.304877555615704,8412421.526733931
335.7142857142857,764.2857142857143,2771.4285714285716,22.27232585806365,8403005.00346396
335.7142857142857,764.2857142857143,2937.1428571428573,22.2424999138192,8393688.777037546
335.7142857142857,764.2857142857143,3102.857142857143,22.21509094704751,8384507.503620174
335.7142857142857,764.2857142857143,3268.571428571429,22.18983194100426,8375491.520385691
335.7142857142857,764.2857142857143,3434.2857142857147,22.166491457419017,8366665.440330045
335.7142857142857,764.2857142857143,3600.0,22.144868359460705,8358048.05621841
335.7142857142857,811.4285714285714,120.0,23.51505623205035,16021369.027222715
335.7142857142857,811.4285714285714,285.7142857142857,23.35120604800143,10775549.531321792
335.7142857142857,811.4285714285714,451.42857142857144,23.214695348243435,9601576.054076493
335.7142857142857,811.4285714285714,617.1428571428571,23.092046001951033,9163331.649932245
335.7142857142857,811.4285714285714,782.8571428571429,22.98065200943641,8969656.736413544
335.7142857142857,811.4285714285714,948.5714285714287,22.87989676439573,8875712.08266788
335.7142857142857,811.4285714285714,1114.2857142857142,22.78925502218377,8826385.71555641
335.7142857142857,811.4285714285714,1280.0,22.707989196861323,8797981.769762257
335.7142857142857,811.4285714285714,1445.7142857142858,22.635217419715385,8779603.493815307
335.7142857142857,811.4285714285714,1611.4285714285716,22.570019474536327,8766043.75093286
335.7142857142857,811.4285714285714,1777.1428571428573,22.511509672013847,8754767.597906092
335.7142857142857,811.4285714285714,1942.857142857143,22.458875076286848,8744540.700626936
335.7142857142857,811.4285714285714,2108.5714285714284,22.41139029100777,8734775.49482719
335.7142857142857,811.4285714285714,2274.285714285714,22.36841878327659,8725208.770790087
335.7142857142857,811.4285714285714,2440.0,22.329407370536963,8715738.92615078
335.7142857142857,811.4285714285714,2605.714285714286,22.293877783167886,8706342.654775012
335.7142857142857,811.4285714285714,2771.4285714285716,22.26141744635054,8697032.12165782
335.7142857142857,811.4285714285714,2937.1428571428573,22.231670570186658,8687833.128306258
335.7142857142857,811.4285714285714,3102.857142857143,22.204330041029124,8678774.271501226
335.7142857142857,811.4285714285714,3268.571428571429,22.179130284824087,8669881.872392055
335.7142857142857,811.4285714285714,3434.2857142857147,22.155841108113226,8661177.91033152
335.7142857142857,811.4285714285714,3600.0,22.13426244454904,8652679.485577388
335.7142857142857,858.5714285714287,120.0,23.504163299545038,16644713.769765425
335.7142857142857,858.5714285714287,285.7142857142857,23.33894496771048,11169397.226590017
335.7142857142857,858.5714285714287,451.42857142857144,23.20210928596515,9939346.90356199
335.7142857142857,858.5714285714287,617.1428571428571,23.079489399551697,9477958.311341593
335.7142857142857,858.5714285714287,782.8571428571429,22.968291775713386,9272735.851499982
335.7142857142857,858.5714285714287,948.5714285714287,22.86780721435539,9172468.345337
335.7142857142857,858.5714285714287,1114.2857142857142,22.7774588248769,9119499.79236851
335.7142857142857,858.5714285714287,1280.0,22.6964809971571,9088941.947111487
335.7142857142857,858.5714285714287,1445.7142857142858,22.62397788499906,9069280.266431436
335.7142857142857,858.5714285714287,1611.4285714285716,22.55902339676155,9054964.963192722
335.7142857142857,858.5714285714287,1777.1428571428573,22.500730439019154,9043261.474122185
335.7142857142857,858.5714285714287,1942.857142857143,22.448286997327642,9032814.79026794
335.7142857142857,858.5714285714287,2108.5714285714284,22.40096969270367,9022962.282084841
335.7142857142857,858.5714285714287,2274.285714285714,22.358144422791273,9013392.990324212
335.7142857142857,858.5714285714287,2440.0,22.31926048446852,9003974.405085348
335.7142857142857,858.5714285714287,2605.714285714286,22.283841953945878,8994662.947986834
335.7142857142857,858.5714285714287,2771.4285714285716,22.25147838777591,8985457.362257004
335.7142857142857,858.5714285714287,2937.1428571428573,22.22181588740226,8976374.51376341
335.7142857142857,858.5714285714287,3102.857142857143,22.19454899373521,8967437.041992566
335.7142857142857,858.5714285714287,3268.571428571429,22.169413567637505,8958667.310376696
335.7142857142857,858.5714285714287,3434.2857142857147,22.146180653725093,8950084.694928396
335.7142857142857,858.5714285714287,3600.0,22.124651250914944,8941704.615933668
335.7142857142857,905.7142857142858,120.0,23.493649617609233,17254694.590534355
335.7142857142857,905.7142857142858,285.7142857142857,23.32726526165815,11555731.176219465
335.7142857142857,905.7142857142858,451.42857142857144,23.190202516809535,10270876.610819759
335.7142857142857,905.7142857142858,617.1428571428571,23.067666777597115,9786868.689922875
335.7142857142857,905.7142857142858,782.8571428571429,22.95669738601261,9570362.073809372
335.7142857142857,905.7142857142858,948.5714285714287,22.85650251689675,9463916.159255283
335.7142857142857,905.7142857142858,1114.2857142857142,22.766459235959047,9407388.266722059
335.7142857142857,905.7142857142858,1280.0,22.685777146181394,9374725.064802699
335.7142857142857,905.7142857142858,1445.7142857142858,22.613548283432127,9353808.563257257
335.7142857142857,905.7142857142858,1611.4285714285716,22.548841731300577,9338754.352901231
335.7142857142857,905.7142857142858,1777.1428571428573,22.490769571888915,9326632.937381482
335.7142857142857,905.7142857142858,1942.857142857143,22.438521020727105,9315971.450984603
335.7142857142857,905.7142857142858,2108.5714285714284,22.391374870910415,9306033.928974211
335.7142857142857,905.7142857142858,2274.285714285714,22.3486995196706,9296462.740113886
335.7142857142857,905.7142857142858,2440.0,22.30994676601463,9287095.144117692
335.7142857142857,905.7142857142858,2605.714285714286,22.27464303079628,9277867.717454957
335.7142857142857,905.7142857142858,2771.4285714285716,22.24237998953213,9268766.050388847
335.7142857142857,905.7142857142858,2937.1428571428573,22.212805618367675,9259798.240726365
335.7142857142857,905.7142857142858,3102.857142857143,22.1856160956155,9250981.073074264
335.7142857142857,905.7142857142858,3268.571428571429,22.160548701237836,9242333.013472049
335.7142857142857,905.7142857142858,3434.2857142857147,22.137375704251372,9233870.867744861
335.7142857142857,905.7142857142858,3600.0,22.11589915754025,9225608.39191166
335.7142857142857,952.8571428571429,120.0,23.483497129139938,17852091.60484973
335.7142857142857,952.8571428571429,285.7142857142857,23.316121808838044,11935094.973840995
335.7142857142857,952.8571428571429,451.42857142857144,23.178914278437627,10596643.988615809
335.7142857142857,952.8571428571429,617.1428571428571,23.0565071903024,10090512.918485697
335.7142857142857,952.8571428571429,782.8571428571429,22.945790837743406,9862970.930006407
335.7142857142857,952.8571428571429,948.5714285714287,22.845899529210477,9750483.19549566
335.7142857142857,952.8571428571429,1114.2857142857142,22.75616918044691,9690474.516852103
335.7142857142857,952.8571428571429,1280.0,22.67578741613992,9655752.178135566
335.7142857142857,952.8571428571429,1445.7142857142858,22.603835752166866,9633608.228114324
335.7142857142857,952.8571428571429,1611.4285714285716,22.53937933724898,9617831.180716123
335.7142857142857,952.8571428571429,1777.1428571428573,22.481529908717125,9605301.014706396
335.7142857142857,952.8571428571429,1942.857142857143,22.429478157381606,9594429.662752107
335.7142857142857,952.8571428571429,2108.5714285714284,22.38250516210545,9584409.459495375
335.7142857142857,952.8571428571429,2274.285714285714,22.339981861300974,9574837.123668244
335.7142857142857,952.8571428571429,2440.0,22.301362559739733,9565520.330059443
335.7142857142857,952.8571428571429,2605.714285714286,22.26617600794483,9556376.219767261
335.7142857142857,952.8571428571429,2771.4285714285716,22.234015977586175,9547377.490202142
335.7142857142857,952.8571428571429,2937.1428571428573,22.20453229469345,9538523.635138066
335.7142857142857,952.8571428571429,3102.857142857143,22.17742275115871,9529825.686164683
335.7142857142857,952.8571428571429,3268.571428571429,22.152426024619416,9521298.273389129
335.7142857142857,952.8571428571429,3434.2857142857147,22.129315589986287,9512955.66762341
335.7142857142857,952.8571428571429,3600.0,22.107894538567308,9504809.978744574
335.7142857142857,1000.0,120.0,23.47368871098387,18437606.671071317
335.7142857142857,1000.0,285.7142857142857,23.30547446023821,12307968.06660618
335.7142857142857,1000.0,451.42857142857144,23.16819149995906,10917068.6958726
335.7142857142857,1000.0,617.1428571428571,23.0459493176534,10389284.35797673
335.7142857142857,1000.0,782.8571428571429,22.935505194801948,10150942.406839114
335.7142857142857,1000.0,948.5714285714287,22.835927291230604,10032542.235126726
335.7142857142857,1000.0,1114.2857142857142,22.746514663451723,9969127.369759195
335.7142857142857,1000.0,1280.0,22.666435404938923,9932389.961153885
335.7142857142857,1000.0,1445.7142857142858,22.59476189098318,9909044.803070715
335.7142857142857,1000.0,1611.4285714285716,22.530556092535825,9892560.438505022
335.7142857142857,1000.0,1777.1428571428573,22.472929800432638,9879630.475481564
335.7142857142857,1000.0,1942.857142857143,22.42107537541947,9868554.151011765
335.7142857142857,1000.0,2108.5714285714284,22.37427626364405,9858453.6456103
335.7142857142857,1000.0,2274.285714285714,22.331905965279926,9848880.998135319
335.7142857142857,1000.0,2440.0,22.293421280287266,9839614.913915241
335.7142857142857,1000.0,2605.714285714286,22.2583532638681,9830553.49165206
335.7142857142857,1000.0,2771.4285714285716,22.226297753648865,9821656.787201263
335.7142857142857,1000.0,2937.1428571428573,22.196906395023756,9812915.850327596
335.7142857142857,1000.0,3102.857142857143,22.169878565046922,9804336.060318295
335.7142857142857,1000.0,3268.571428571429,22.14495431376494,9795928.273308698
335.7142857142857,1000.0,3434.2857142857147,22.121908300165725,9787704.261675004
335.7142857142857,1000.0,3600.0,22.100544635519825,9779674.509125704
371.42857142857144,10.0,120.0,23.762643172458517,1709496.4830732597
371.42857142857144,10.0,285.7142857142857,23.74823035972316,1176257.708015057
371.42857142857144,10.0,451.42857142857144,23.729416830436655,1090690.5663360476
371.42857142857144,10.0,617.1428571428571,23.70751788429066,1073374.2744514823
371.42857142857144,10.0,782.8571428571429,23.684295574499977,1070711.0425267452
371.42857142857144,10.0,948.5714285714287,23.66134106964227,1068733.3260089285
371.42857142857144,10.0,1114.2857142857142,23.639698370197124,1064081.285598
371.42857142857144,10.0,1280.0,23.619889116672493,1056636.8977456735
371.42857142857144,10.0,1445.7142857142858,23.602074548313528,1047129.1449155916
371.42857142857144,10.0,1611.4285714285716,23.58620800942948,1036351.0370885676
371.42857142857144,10.0,1777.1428571428573,23.5721404143886,1024941.3882877502
371.42857142857144,10.0,1942.857142857143,23.559683355357475,1013358.1550264414
371.42857142857144,10.0,2108.5714285714284,23.54864329630917,1001907.9657957813
371.42857142857144,10.0,2274.285714285714,23.538838302865113,990784.8031235915
371.42857142857144,10.0,2440.0,23.530104979189836,980103.4603844412
371.42857142857144,10.0,2605.714285714286,23.522300241338073,969924.9501461998
371.42857142857144,10.0,2771.4285714285716,23.515300559350386,960274.6943316334
371.42857142857144,10.0,2937.1428571428573,23.50900010155451,951155.1436945067
371.42857142857144,10.0,3102.857142857143,23.503308529401668,942554.368606395
371.42857142857144,10.0,3268.571428571429,23.4981488121969,934451.8304869118
371.42857142857144,10.0,3434.2857142857147,23.493455227204453,926822.2152674554
371.42857142857144,10.0,3600.0,23.48917160432654,919637.948499295
371.42857142857144,57.142857142857146,120.0,23.73806650906485,3694845.575033037
371.42857142857144,57.142857142857146,285.7142857142857,23.68611804116135,2660451.494836448
371.42857142857144,57.142857142857146,451.42857142857144,23.62442363303881,2495118.2603228344
371.42857142857144,57.142857142857146,617.1428571428571,23.557173043847584,2465510.9906246876
371.42857142857144,57.142857142857146,782.8571428571429,23.488619859156856,2468064.6909417575
371.42857142857144,57.142857142857146,948.5714285714287,23.422206803522087,2474867.7280940576
371.42857142857144,57.142857142857146,1114.2857142857142,23.360054343351774,2478079.33359202
371.42857142857144,57.142857142857146,1280.0,23.303146680652105,2476321.0380307077
371.42857142857144,57.142857142857146,1445.7142857142858,23.251712666860346,2470227.727143876
371.42857142857144,57.142857142857146,1611.4285714285716,23.20555176547607,2460892.119256004
371.42857142857144,57.142857142857146,1777.1428571428573,23.164253733746488,2449345.1503624874
371.42857142857144,57.142857142857146,1942.857142857143,23.127329879339467,2436416.0471369424
371.42857142857144,57.142857142857146,2108.5714285714284,23.09428496050147,2422725.7480931855
371.42857142857144,57.142857142857146,2274.285714285714,23.06465305181068,2408720.5079736556
371.42857142857144,57.142857142857146,2440.0,23.038012865504296,2394711.705789768
371.42857142857144,57.142857142857146,2605.714285714286,23.01399196656124,2380910.781459019
371.42857142857144,57.142857142857146,2771.4285714285716,22.992265352757926,2367456.830583351
371.42857142857144,57.142857142857146,2937.1428571428573,22.97255145804347,2354437.3567967955
371.42857142857144,57.142857142857146,3102.857142857143,22.954607229400374,2341903.483070183
371.42857142857144,57.142857142857146,3268.571428571429,22.93822312762533,2329880.943806544
371.42857142857144,57.142857142857146,3434.2857142857147,22.92321845850329,2318377.9625316956
371.42857142857144,57.142857142857146,3600.0,22.90943720048276,2307390.868397114
371.42857142857144,104.28571428571429,120.0,23.714553185013934,5163058.253755591
371.42857142857144,104.28571428571429,285.7142857142857,23.636849709891205,3683005.7589055994
371.42857142857144,104.28571428571429,451.42857142857144,23.551405088737862,3419204.732577373
371.42857142857144,104.28571428571429,617.1428571428571,23.46251895395276,3352772.248530463
371.42857142857144,104.28571428571429,782.8571428571429,23.37448314097997,3339233.570752253
371.42857142857144,104.28571428571429,948.5714285714287,23.290654297489226,3338544.31561677
371.42857142857144,104.28571428571429,1114.2857142857142,23.212978149798957,3338124.1661505494
371.42857142857144,104.28571428571429,1280.0,23.142232830802158,3334489.686098137
371.42857142857144,104.28571428571429,1445.7142857142858,23.07844402159624,3327283.7865626286
371.42857142857144,104.28571428571429,1611.4285714285716,23.021225275159154,3317123.2576461183
371.42857142857144,104.28571428571429,1777.1428571428573,22.97000182084097,3304814.6634326843
371.42857142857144,104.28571428571429,1942.857142857143,22.92414160603572,3291088.2765505915
371.42857142857144,104.28571428571429,2108.5714285714284,22.883025386167294,3276528.6383671113
371.42857142857144,104.28571428571429,2274.285714285714,22.846080331313907,3261576.067405645
371.42857142857144,104.28571428571429,2440.0,22.81279309491345,3246549.9283928606
371.42857142857144,104.28571428571429,2605.714285714286,22.782711954333447,3231675.091334044
371.42857142857144,104.28571428571429,2771.4285714285716,22.755443549574196,3217105.2824107045
371.42857142857144,104.28571428571429,2937.1428571428573,22.730647284631107,3202941.8241080423
371.42857142857144,104.28571428571429,3102.857142857143,22.708029027215108,3189248.002589498
371.42857142857144,104.28571428571429,3268.571428571429,22.687334934640724,3176059.814620034
371.42857142857144,104.28571428571429,3434.2857142857147,22.668345787447926,3163393.8933943463
371.42857142857144,104.28571428571429,3600.0,22.650871972533107,3151253.303797404
371.42857142857144,151.42857142857144,120.0,23.692178034883923,6431681.708776113
371.42857142857144,151.42857142857144,285.7142857142857,23.595546816385653,4532853.599567848
371.42857142857144,151.42857142857144,451.42857142857144,23.494939684462526,4170651.7806788464
371.42857142857144,151.42857142857144,617.1428571428571,23.393501912767377,4064500.4136496866
371.42857142857144,151.42857142857144,782.8571428571429,23.294921390501916,4031838.45920111
371.42857142857144,151.42857142857144,948.5714285714287,23.20211615355641,4021155.113774039
371.42857142857144,151.42857142857144,1114.2857142857142,23.116694449660955,4015253.9169845884
371.42857142857144,151.42857142857144,1280.0,23.039181038392762,4008496.1479045744
371.42857142857144,151.42857142857144,1445.7142857142858,22.96941439169419,3999432.1519086426
371.42857142857144,151.42857142857144,1611.4285714285716,22.90686915703436,3988097.927864394
371.42857142857144,151.42857142857144,1777.1428571428573,22.85086562460344,3974982.854084001
371.42857142857144,151.42857142857144,1942.857142857143,22.80069053181184,3960641.7365182335
371.42857142857144,151.42857142857144,2108.5714285714284,22.755660226353573,3945561.9699874427
371.42857142857144,151.42857142857144,2274.285714285714,22.715149662187876,3930130.754405919
371.42857142857144,151.42857142857144,2440.0,22.67860237932655,3914639.3024957143
371.42857142857144,151.42857142857144,2605.714285714286,22.64553053204,3899298.49935596
371.42857142857144,151.42857142857144,2771.4285714285716,22.61551014174513,3884256.055680874
371.42857142857144,151.42857142857144,2937.1428571428573,22.588174420464803,3869611.6648627617
371.42857142857144,151.42857142857144,3102.857142857143,22.5632066647123,3855429.2952323533
371.42857142857144,151.42857142857144,3268.571428571429,22.540333462453003,3841746.7408752763
371.42857142857144,151.42857142857144,3434.2857142857147,22.519318540318217,3828582.8673424
371.42857142857144,151.42857142857144,3600.0,22.499957357210715,3815943.0305535914
371.42857142857144,198.57142857142858,120.0,23.670988781691868,7577405.237132297
371.42857142857144,198.57142857142858,285.7142857142857,23.55990785347471,5282052.693019013
371.42857142857144,198.57142857142858,451.42857142857144,23.44890840493959,4824874.937300919
371.42857142857144,198.57142857142858,617.1428571428571,23.339489784189286,4679619.371032733
371.42857142857144,198.57142857142858,782.8571428571429,23.234580917020804,4627679.639442947
371.42857142857144,198.57142857142858,948.5714285714287,23.136616068815922,4606659.515393415
371.42857142857144,198.57142857142858,1114.2857142857142,23.04687302181913,4594952.49280709
371.42857142857144,198.57142857142858,1280.0,22.96565274935866,4584835.690786727
371.42857142857144,198.57142857142858,1445.7142857142858,22.892643510677644,4573782.968890832
371.42857142857144,198.57142857142858,1611.4285714285716,22.827218448364594,4561243.080157349
371.42857142857144,198.57142857142858,1777.1428571428573,22.76862779109699,4547373.617437988
371.42857142857144,198.57142857142858,1942.857142857143,22.716108390979077,4532537.635265134
371.42857142857144,198.57142857142858,2108.5714285714284,22.66893978186417,4517110.174401995
371.42857142857144,198.57142857142858,2274.285714285714,22.62646875590318,4501412.194278726
371.42857142857144,198.57142857142858,2440.0,22.58811659093688,4485695.913076302
371.42857142857144,198.57142857142858,2605.714285714286,22.553377343455175,4470149.508178779
371.42857142857144,198.57142857142858,2771.4285714285716,22.521811984616612,4454907.783491474
371.42857142857144,198.57142857142858,2937.1428571428573,22.493040985044907,4440063.4323516525
371.42857142857144,198.57142857142858,3102.857142857143,22.46673670446903,4425676.966472279
371.42857142857144,198.57142857142858,3268.571428571429,22.4426162425714,4411784.82207223
371.42857142857144,198.57142857142858,3434.2857142857147,22.42043502599447,4398405.719185256
371.42857142857144,198.57142857142858,3600.0,22.39998120560928,4385545.536913678
371.42857142857144,245.71428571428572,120.0,23.650947960161627,8635296.11255789
371.42857142857144,245.71428571428572,285.7142857142857,23.52854931742235,5962985.465982625
371.42857142857144,245.71428571428572,451.42857142857144,23.41010885961787,5414907.032212223
371.42857142857144,245.71428571428572,617.1428571428571,23.29533917015368,5231999.742423378
371.42857142857144,245.71428571428572,782.8571428571429,23.186413449561407,5161348.682184585
371.42857142857144,245.71428571428572,948.5714285714287,23.085315015093705,5130202.938157256
371.42857142857144,245.71428571428572,1114.2857142857142,22.993030767167184,5112760.068933858
371.42857142857144,245.71428571428572,1280.0,22.909674932206812,5099308.527812619
371.42857142857144,245.71428571428572,1445.7142857142858,22.83481717227955,5086288.61286831
371.42857142857144,245.71428571428572,1611.4285714285716,22.767755266800904,5072579.712703416
371.42857142857144,245.71428571428572,1777.1428571428573,22.707690874613558,5058013.381950286
371.42857142857144,245.71428571428572,1942.857142857143,22.65382871466805,5042760.94381349
371.42857142857144,245.71428571428572,2108.5714285714284,22.605426286672774,5027082.621183412
371.42857142857144,245.71428571428572,2274.285714285714,22.56181462539517,5011229.815811954
371.42857142857144,245.71428571428572,2440.0,22.52240323235411,4995412.3728738995
371.42857142857144,245.71428571428572,2605.714285714286,22.48667698494508,4979792.67784632
371.42857142857144,245.71428571428572,2771.4285714285716,22.454189429957356,4964489.969389855
371.42857142857144,245.71428571428572,2937.1428571428573,22.42455484731802,4949587.728417528
371.42857142857144,245.71428571428572,3102.857142857143,22.397440310508227,4935141.212747752
371.42857142857144,245.71428571428572,3268.571428571429,22.37255832367373,4921184.0673256945
371.42857142857144,245.71428571428572,3434.2857142857147,22.349660265286875,4907733.7413637815
371.42857142857144,245.71428571428572,3600.0,22.328530685678306,4894795.767063547
371.42857142857144,292.8571428571429,120.0,23.631988259515946,9625377.06538729
371.42857142857144,292.8571428571429,285.7142857142857,23.50055948874745,6593624.337462152
371.42857142857144,292.8571428571429,451.42857142857144,23.37663397935152,5958660.5489473445
371.42857142857144,292.8571428571429,617.1428571428571,23.25815776886174,5739712.698563956
371.42857142857144,292.8571428571429,782.8571428571429,23.146604565006122,5651098.017145463
371.42857142857144,292.8571428571429,948.5714285714287,23.04355772717032,5610192.630002662
371.42857142857144,292.8571428571429,1114.2857142857142,22.949755246072996,5587199.605762538
371.42857142857144,292.8571428571429,1280.0,22.865157049357745,5570514.320930731
371.42857142857144,292.8571428571429,1445.7142857142858,22.789238593570325,5555591.186766126
371.42857142857144,292.8571428571429,1611.4285714285716,22.721240613090814,5540764.14700379
371.42857142857144,292.8571428571429,1777.1428571428573,22.660330159670416,5525550.350701279
371.42857142857144,292.8571428571429,1942.857142857143,22.60569069399158,5509934.581197411
371.42857142857144,292.8571428571429,2108.5714285714284,22.55656634348024,5494064.08604286
371.42857142857144,292.8571428571429,2274.285714285714,22.512279425545163,5478120.865750183
371.42857142857144,292.8571428571429,2440.0,22.472233484864674,5462271.758900786
371.42857142857144,292.8571428571429,2605.714285714286,22.43590909636671,5446652.413042852
371.42857142857144,292.8571428571429,2771.4285714285716,22.402856513630937,5431365.490731489
371.42857142857144,292.8571428571429,2937.1428571428573,22.372687356064155,5416484.306119041
371.42857142857144,292.8571428571429,3102.857142857143,22.345066448887327,5402058.01811142
371.42857142857144,292.8571428571429,3268.571428571429,22.319704330520675,5388116.761062015
371.42857142857144,292.8571428571429,3434.2857142857147,22.29635061917301,5374676.117607432
371.42857142857144,292.8571428571429,3600.0,22.27478826383282,5361740.790075029
371.42857142857144,340.0,120.0,23.614034498259386,10560557.437440127
371.42857142857144,340.0,285.7142857142857,23.47530007354073,7185195.43874655
371.42857142857144,340.0,451.42857142857144,23.34724992928561,6467098.9346419405
371.42857142857144,340.0,617.1428571428571,23.226156392242448,6213674.667895062
371.42857142857144,340.0,782.8571428571429,23.11286471627251,6107859.063080665
371.42857142857144,340.0,948.5714285714287,23.008609590467792,6057590.729579843
371.42857142857144,340.0,1114.2857142857142,22.913917366041066,6029261.985548424
371.42857142857144,340.0,1280.0,22.82862012501903,6009464.09284229
371.42857142857144,340.0,1445.7142857142858,22.752117680190334,5992711.526930933
371.42857142857144,340.0,1611.4285714285716,22.683606841387064,5976817.16184232
371.42857142857144,340.0,1777.1428571428573,22.62222952774033,5960996.701063532
371.42857142857144,340.0,1942.857142857143,22.56715498350084,5945055.144730688
371.42857142857144,340.0,2108.5714285714284,22.517619361068075,5929030.116479428
371.42857142857144,340.0,2274.285714285714,22.472940518354733,5913035.7035831185
371.42857142857144,340.0,2440.0,22.432519487118885,5897196.223923176
371.42857142857144,340.0,2605.714285714286,22.395835383113546,5881620.5543821
371.42857142857144,340.0,2771.4285714285716,22.362437552808295,5866394.500495499
371.42857142857144,340.0,2937.1428571428573,22.331936983420572,5851580.829868655
371.42857142857144,340.0,3102.857142857143,22.303997993647943,5837222.204022076
371.42857142857144,340.0,3268.571428571429,22.27833066390739,5823344.870405371
371.42857142857144,340.0,3434.2857142857147,22.254684165831836,5809962.209596318
371.42857142857144,340.0,3600.0,22.232840997895217,5797077.805798327
371.42857142857144,387.14285714285717,120.0,23.597012342801584,11449831.57770461
371.42857142857144,387.14285714285717,285.7142857142857,23.452304056746407,7745273.190970863
371.42857142857144,387.14285714285717,451.42857142857144,23.321110080713336,6947489.024506102
371.42857142857144,387.14285714285717,617.1428571428571,23.19815153911934,6661043.422421361
371.42857142857144,387.14285714285717,782.8571428571429,23.08371649104269,6538750.277386967
371.42857142857144,387.14285714285717,948.5714285714287,22.978737267906187,6479504.251775865
371.42857142857144,387.14285714285717,1114.2857142857142,22.88356004482282,6446052.886898359
371.42857142857144,387.14285714285717,1280.0,22.797910271786805,6423264.1916303225
371.42857142857144,387.14285714285717,1445.7142857142858,22.721126341296046,6404755.082726402
371.42857142857144,387.14285714285717,1611.4285714285716,22.65237076114647,6387840.395673555
371.42857142857144,387.14285714285717,1777.1428571428573,22.590766974782486,6371447.094791436
371.42857142857144,387.14285714285717,1942.857142857143,22.53547476169976,6355207.40278969
371.42857142857144,387.14285714285717,2108.5714285714284,22.485725812959107,6339053.119100689
371.42857142857144,387.14285714285717,2274.285714285714,22.440836218077894,6323032.400449116
371.42857142857144,387.14285714285717,2440.0,22.400206623809957,6307227.998602012
371.42857142857144,387.14285714285717,2605.714285714286,22.36331641565058,6291722.39964646
371.42857142857144,387.14285714285717,2771.4285714285716,22.329715469053447,6276584.619255373
371.42857142857144,387.14285714285717,2937.1428571428573,22.299015352892443,6261866.784250031
371.42857142857144,387.14285714285717,3102.857142857143,22.27088091934942,6247604.889862096
371.42857142857144,387.14285714285717,3268.571428571429,22.24502269134031,6233821.101911583
371.42857142857144,387.14285714285717,3434.2857142857147,22.221190180086058,6220526.404978421
371.42857142857144,387.14285714285717,3600.0,22.199166124401298,6207723.08560415
371.42857142857144,434.28571428571433,120.0,23.580851719316538,12299813.44138274
371.42857142857144,434.28571428571433,285.7142857142857,23.431217980851944,8279255.865494268
371.42857142857144,434.28571428571433,451.42857142857144,23.297607210124163,7404929.64029091
371.42857142857144,434.28571428571433,617.1428571428571,23.173320176822028,7086795.822438032
371.42857142857144,434.28571428571433,782.8571428571429,23.058153790368586,6948693.418852322
371.42857142857144,434.28571428571433,948.5714285714287,22.952778249729487,6880829.651542367
371.42857142857144,434.28571428571433,1114.2857142857142,22.85738570705485,6842456.988358825
371.42857142857144,434.28571428571433,1280.0,22.77161199865948,6816793.166850447
371.42857142857144,434.28571428571433,1445.7142857142858,22.69474513162136,6796596.034312493
371.42857142857144,434.28571428571433,1611.4285714285716,22.625920523082407,6778703.566256268
371.42857142857144,434.28571428571433,1777.1428571428573,22.564247951237952,6761765.899965155
371.42857142857144,434.28571428571433,1942.857142857143,22.50888103966754,6745249.2365323845
371.42857142857144,434.28571428571433,2108.5714285714284,22.459049380047077,6728983.369554591
371.42857142857144,434.28571428571433,2274.285714285714,22.41406904724727,6712952.647470527
371.42857142857144,434.28571428571433,2440.0,22.373341655531647,6697199.393230536
371.42857142857144,434.28571428571433,2605.714285714286,22.336347939112787,6681780.268410399
371.42857142857144,434.28571428571433,2771.4285714285716,22.302639187974712,6666747.737532675
371.42857142857144,434.28571428571433,2937.1428571428573,22.271828296180978,6652143.341710272
371.42857142857144,434.28571428571433,3102.857142857143,22.243581284853907,6637996.36645933
371.42857142857144,434.28571428571433,3268.571428571429,22.217609669913895,6624324.804120046
371.42857142857144,434.28571428571433,3434.2857142857147,22.193663784035888,6611137.132064221
371.42857142857144,434.28571428571433,3600.0,22.171527031513534,6598434.225041151
371.42857142857144,481.42857142857144,120.0,23.56548798084541,13115563.356423935
371.42857142857144,481.42857142857144,285.7142857142857,23.4117670449926,8791152.130075341
371.42857142857144,481.42857142857144,451.42857142857144,23.276290448990533,7843155.227355758
371.42857142857144,481.42857142857144,617.1428571428571,23.151067206793407,7494548.882125329
371.42857142857144,481.42857142857144,782.8571428571429,23.03546222162574,7341248.737284002
371.42857142857144,481.42857142857144,948.5714285714287,22.929917977675977,7265098.592508793
371.42857142857144,481.42857142857144,1114.2857142857142,22.834494285859677,7221991.13693941
371.42857142857144,481.42857142857144,1280.0,22.748751107304354,7193559.676724258
371.42857142857144,481.42857142857144,1445.7142857142858,22.671934739514242,7171737.799561535
371.42857142857144,481.42857142857144,1611.4285714285716,22.603159016800717,7152905.90657456
371.42857142857144,481.42857142857144,1777.1428571428573,22.541523608554787,7135448.280059437
371.42857142857144,481.42857142857144,1942.857142857143,22.486178343513576,7118671.427156851
371.42857142857144,481.42857142857144,2108.5714285714284,22.436352339378548,7102306.797600308
371.42857142857144,481.42857142857144,2274.285714285714,22.391362822816838,7086277.036922092
371.42857142857144,481.42857142857144,2440.0,22.350613249411794,7070585.226486881
371.42857142857144,481.42857142857144,2605.714285714286,22.313586383838267,7055262.846941456
371.42857142857144,481.42857142857144,2771.4285714285716,22.279835481807382,7040346.134204399
371.42857142857144,481.42857142857144,2937.1428571428573,22.248975221499737,7025866.1786926
371.42857142857144,481.42857142857144,3102.857142857143,22.220673183995743,7011845.5841256995
371.42857142857144,481.42857142857144,3268.571428571429,22.194642217265134,6998298.138674542
371.42857142857144,481.42857142857144,3434.2857142857147,22.170633773279032,6985229.752283689
371.42857142857144,481.42857142857144,3600.0,22.148432185994128,6972639.815391461
371.42857142857144,528.5714285714286,120.0,23.550862094730203,13901072.295849439
371.42857142857144,528.5714285714286,285.7142857142857,23.393732868436118,9284035.627049599
371.42857142857144,528.5714285714286,451.42857142857144,23.256815544508203,8264994.310882855
371.42857142857144,528.5714285714286,617.1428571428571,23.130948669251712,7887023.970482505
371.42857142857144,528.5714285714286,782.8571428571429,23.01511724916552,7719084.306470127
371.42857142857144,528.5714285714286,948.5714285714287,22.909565358349575,7634951.3167467145
371.42857142857144,528.5714285714286,1114.2857142857142,22.814238488928133,7587280.60677492
371.42857142857144,528.5714285714286,1280.0,22.728631909325696,7556180.590235953
371.42857142857144,528.5714285714286,1445.7142857142858,22.65195711627164,7532792.092255552
371.42857142857144,528.5714285714286,1611.4285714285716,22.583310637594984,7513055.45885111
371.42857142857144,528.5714285714286,1777.1428571428573,22.52178471304764,7495099.1576677
371.42857142857144,528.5714285714286,1942.857142857143,22.46652709372183,7478075.856009837
371.42857142857144,528.5714285714286,2108.5714285714284,22.41676756068339,7461622.099997332
371.42857142857144,528.5714285714286,2274.285714285714,22.37182527730895,7445600.852573587
371.42857142857144,528.5714285714286,2440.0,22.331106107903718,7429977.127631227
371.42857142857144,528.5714285714286,2605.714285714286,22.294095277695348,7414757.890992599
371.42857142857144,528.5714285714286,2771.4285714285716,22.26034834888703,7399963.51053053
371.42857142857144,528.5714285714286,2937.1428571428573,22.22948206423486,7385614.803548045
371.42857142857144,528.5714285714286,3102.857142857143,22.201165802744992,7371727.761333949
371.42857142857144,528.5714285714286,3268.571428571429,22.175113951074632,7358311.974809846
371.42857142857144,528.5714285714286,3434.2857142857147,22.151079262977273,7345370.758981393
371.42857142857144,528.5714285714286,3600.0,22.12884716517568,7332901.975086044
371.42857142857144,575.7142857142858,120.0,23.53692040586089,14659564.13549681
371.42857142857144,575.7142857142858,285.7142857142857,23.376938715787556,9760324.418105647
371.42857142857144,575.7142857142858,451.42857142857144,23.23891352906538,8672647.919655357
371.42857142857144,575.7142857142858,617.1428571428571,23.11262473773467,8266326.4773986535
371.42857142857144,575.7142857142858,782.8571428571429,22.996723014757517,8084257.300840352
371.42857142857144,575.7142857142858,948.5714285714287,22.891278971187454,7992419.368958301
371.42857142857144,575.7142857142858,1114.2857142857142,22.796138834463925,7940342.920395955
371.42857142857144,575.7142857142858,1280.0,22.710742361595763,7906665.5113199195
371.42857142857144,575.7142857142858,1445.7142857142858,22.634271815274854,7881763.777598119
371.42857142857144,575.7142857142858,1611.4285714285716,22.565809784571034,7861153.93996871
371.42857142857144,575.7142857142858,1777.1428571428573,22.50444312948493,7842717.826159066
371.42857142857144,575.7142857142858,1942.857142857143,22.44931879097733,7825459.654262573
371.42857142857144,575.7142857142858,2108.5714285714284,22.399668017975664,7808924.268925197
371.42857142857144,575.7142857142858,2274.285714285714,22.35481244039761,7792916.858741017
371.42857142857144,575.7142857142858,2440.0,22.314160696919053,7777365.501657536
371.42857142857144,575.7142857142858,2605.714285714286,22.277200739498333,7762253.309355544
371.42857142857144,575.7142857142858,2771.4285714285716,22.243490641489498,7747585.155522
371.42857142857144,575.7142857142858,2937.1428571428573,22.212649375699808,7733371.783537503
371.42857142857144,575.7142857142858,3102.857142857143,22.18434825857641,7719622.665782672
371.42857142857144,575.7142857142858,3268.571428571429,22.158303336916664,7706343.226492331
371.42857142857144,575.7142857142858,3434.2857142857147,22.13426877442877,7693534.179839839
371.42857142857144,575.7142857142858,3600.0,22.112031188449127,7681191.83193792
371.42857142857144,622.8571428571429,120.0,23.523614230094914,15393693.978715725
371.42857142857144,622.8571428571429,285.7142857142857,23.361239335313208,10221961.365687786
371.42857142857144,622.8571428571429,451.42857142857144,23.222370158236764,9067867.281645885
371.42857142857144,622.8571428571429,617.1428571428571,23.095829640074577,8634123.029518994
371.42857142857144,622.8571428571429,782.8571428571429,22.979973834561928,8438391.414879998
371.42857142857144,622.8571428571429,948.5714285714287,22.874721172788053,8339103.402151734
371.42857142857144,622.8571428571429,1114.2857142857142,22.779831264786573,8282766.008538946
371.42857142857144,622.8571428571429,1280.0,22.694695958444804,8246595.171673326
371.42857142857144,622.8571428571429,1445.7142857142858,22.61847281585105,8220229.35043931
371.42857142857144,622.8571428571429,1611.4285714285716,22.550233172353938,8198775.161628252
371.42857142857144,622.8571428571429,1777.1428571428573,22.489060096999438,8179876.185846366
371.42857142857144,622.8571428571429,1942.857142857143,22.434100666757118,8162393.151124967
371.42857142857144,622.8571428571429,2108.5714285714284,22.384588170538258,8145782.170115721
371.42857142857144,622.8571428571429,2274.285714285714,22.33984706011863,8129792.445881513
371.42857142857144,622.8571428571429,2440.0,22.299288978375092,8114316.196688753
371.42857142857144,622.8571428571429,2605.714285714286,22.262404761120273,8099313.321255912
371.42857142857144,622.8571428571429,2771.4285714285716,22.22875510765821,8084773.572718676
371.42857142857144,622.8571428571429,2937.1428571428573,22.197961310735426,8070697.829244909
371.42857142857144,622.8571428571429,3102.857142857143,22.16969669914254,8057089.151633075
371.42857142857144,622.8571428571429,3268.571428571429,22.143679045350115,8043948.843023653
371.42857142857144,622.8571428571429,3434.2857142857147,22.119663982333147,8031275.025473474
371.42857142857144,622.8571428571429,3600.0,22.097439372879027,8019062.437412193
371.42857142857144,670.0,120.0,23.510899396769315,16105683.65398228
371.42857142857144,670.0,285.7142857142857,23.34651376479106,10670535.284599937
371.42857142857144,670.0,451.42857142857144,23.207011947447956,9452071.915438576
371.42857142857144,670.0,617.1428571428571,23.08035168822704,8991758.507074878
371.42857142857144,670.0,782.8571428571429,22.964629014408093,8782793.54051941
371.42857142857144,670.0,948.5714285714287,22.859628394114154,8676289.80831766
371.42857142857144,670.0,1114.2857142857142,22.76503350901009,8615824.883894147
371.42857142857144,670.0,1280.0,22.680194643254218,8577238.141450308
371.42857142857144,670.0,1445.7142857142858,22.604248385873934,8549453.635368451
371.42857142857144,670.0,1611.4285714285716,22.536256982311293,8527181.659043862
371.42857142857144,670.0,1777.1428571428573,22.475300955368787,8507835.241232915
371.42857142857144,670.0,1942.857142857143,22.42052822999618,8490136.186632115
371.42857142857144,670.0,2108.5714285714284,22.371174541807445,8473454.627412558
371.42857142857144,670.0,2274.285714285714,22.326567398138202,8457485.452544076
371.42857142857144,670.0,2440.0,22.286121582889855,8442086.037505712
371.42857142857144,670.0,2605.714285714286,22.24933089914564,8427193.683037827
371.42857142857144,670.0,2771.4285714285716,22.21575872675196,8412783.387760617
371.42857142857144,670.0,2937.1428571428573,22.185028717885825,8398846.375766743
371.42857142857144,670.0,3102.857142857143,22.156816245584523,8385379.411038348
371.42857142857144,670.0,3268.571428571429,22.130840836297043,8372379.730766362
371.42857142857144,670.0,3434.2857142857147,22.106859618986718,8359842.883634245
371.42857142857144,670.0,3600.0,22.08466172795673,8347762.037446581
371.42857142857144,717.1428571428572,120.0,23.498735795587663,16797417.42993664
371.42857142857144,717.1428571428572,285.7142857142857,23.332660111151824,11107365.03943786
371.42857142857144,717.1428571428572,451.42857142857144,23.192696411850964,9826430.797261849
371.42857142857144,717.1428571428572,617.1428571428571,23.0660196008517,9340336.00517433
371.42857142857144,717.1428571428572,782.8571428571429,22.950495832171022,9118533.209784612
371.42857142857144,717.1428571428572,948.5714285714287,22.84579126303782,9005029.949927527
371.42857142857144,717.1428571428572,1114.2857142857142,22.751522734195184,8940560.790372381
371.42857142857144,717.1428571428572,1280.0,22.667004301916283,8899629.936368337
371.42857142857144,717.1428571428572,1445.7142857142858,22.591354673652045,8870468.848782182
371.42857142857144,717.1428571428572,1611.4285714285716,22.52362876510449,8847403.686444199
371.42857142857144,717.1428571428572,1777.1428571428573,22.46290553667948,8827624.002473565
371.42857142857144,717.1428571428572,1942.857142857143,22.408334299821128,8809716.891989218
371.42857142857144,717.1428571428572,2108.5714285714284,22.35915352393482,8792969.058193348
371.42857142857144,717.1428571428572,2274.285714285714,22.314693919622883,8777022.636355164
371.42857142857144,717.1428571428572,2440.0,22.274373484133864,8761701.116957188
371.42857142857144,717.1428571428572,2605.714285714286,22.237689020881398,8746919.788874468
371.42857142857144,717.1428571428572,2771.4285714285716,22.2042066041303,8732639.250757227
371.42857142857144,717.1428571428572,2937.1428571428573,22.173552251093145,8718841.282012656
371.42857142857144,717.1428571428572,3102.857142857143,22.145403382107574,8705516.46802888
371.42857142857144,717.1428571428572,3268.571428571429,22.1194812809159,8692658.041173926
371.42857142857144,717.1428571428572,3434.2857142857147,22.095544577261904,8680259.002449613
371.42857142857144,717.1428571428572,3600.0,22.07338368359989,8668310.953126125
371.42857142857144,764.2857142857143,120.0,23.487086952362755,17470511.549175873
371.42857142857144,764.2857142857143,285.7142857142857,23.319591680948538,11533559.568895973
371.42857142857144,764.2857142857143,451.42857142857144,23.179305073019613,10191919.760680959
371.42857142857144,764.2857142857143,617.1428571428571,23.05269288300963,9680773.08203262
371.42857142857144,764.2857142857143,782.8571428571429,22.937417714541798,9446498.298346339
371.42857142857144,764.2857142857143,948.5714285714287,22.833040916040478,9326195.604394298
371.42857142857144,764.2857142857143,1114.2857142857142,22.739120257029672,9257836.521759689
371.42857142857144,764.2857142857143,1280.0,22.654938083743932,9214628.266249536
371.42857142857144,764.2857142857143,1445.7142857142858,22.579597806014892,9184129.793529926
371.42857142857144,764.2857142857143,1611.4285714285716,22.51214845339775,9160294.354939168
371.42857142857144,764.2857142857143,1777.1428571428573,22.451668207231577,9140094.555412928
371.42857142857144,764.2857142857143,1942.857142857143,22.39730817366637,9121986.678302437
371.42857142857144,764.2857142857143,2108.5714285714284,22.348309755317974,9105176.36774865
371.42857142857144,764.2857142857143,2274.285714285714,22.3040069522712,9089254.462725297
371.42857142857144,764.2857142857143,2440.0,22.263821002328395,9074011.469847118
371.42857142857144,764.2857142857143,2605.714285714286,22.227251707686587,9059341.222881205
371.42857142857144,764.2857142857143,2771.4285714285716,22.193867823265037,9045190.261679592
371.42857142857144,764.2857142857143,2937.1428571428573,22.163297714075213,9031531.126173815
371.42857142857144,764.2857142857143,3102.857142857143,22.135220831412973,9018348.342316557
371.42857142857144,764.2857142857143,3268.571428571429,22.109360202815413,9005631.202388905
371.42857142857144,764.2857142857143,3434.2857142857147,22.085475948800124,8993370.190234715
371.42857142857144,764.2857142857143,3600.0,22.063359753437425,8981555.349889074
371.42857142857144,811.4285714285714,120.0,23.47591964296578,18126365.961158343
371.42857142857144,811.4285714285714,285.7142857142857,23.307234058416928,11950061.761755925
371.42857142857144,811.4285714285714,451.42857142857144,23.16673833917513,10549363.092315452
371.42857142857144,811.4285714285714,617.1428571428571,23.040254901594626,10013842.323425548
371.42857142857144,811.4285714285714,782.8571428571429,22.925265822538528,9767435.080753613
371.42857142857144,811.4285714285714,948.5714285714287,22.821239335705997,9640518.761996694
371.42857142857144,811.4285714285714,1114.2857142857142,22.7276808181444,9568376.086126745
371.42857142857144,811.4285714285714,1280.0,22.643844755569607,9522952.62372157
371.42857142857144,811.4285714285714,1445.7142857142858,22.568821435120576,9491153.39520914
371.42857142857144,811.4285714285714,1611.4285714285716,22.501655192696848,9466569.122093502
371.42857142857144,811.4285714285714,1777.1428571428573,22.4414240578956,9445961.50169195
371.42857142857144,811.4285714285714,1942.857142857143,22.387281240716312,9427659.621003566
371.42857142857144,811.4285714285714,2108.5714285714284,22.33847121146534,9410790.270943167
371.42857142857144,811.4285714285714,2274.285714285714,22.29433130160105,9394894.357090395
371.42857142857144,811.4285714285714,2440.0,22.254285984989334,9379730.250096282
371.42857142857144,811.4285714285714,2605.714285714286,22.21783803726496,9365170.856719676
371.42857142857144,811.4285714285714,2771.4285714285716,22.184558861520394,9351148.985098358
371.42857142857144,811.4285714285714,2937.1428571428573,22.154079137999776,9337628.135349454
371.42857142857144,811.4285714285714,3102.857142857143,22.126080319641414,9324586.892486107
371.42857142857144,811.4285714285714,3268.571428571429,22.100287153020915,9312010.675448636
371.42857142857144,811.4285714285714,3434.2857142857147,22.076461229474525,9299887.484795727
371.42857142857144,811.4285714285714,3600.0,22.054395489248115,9288205.820520949
371.42857142857144,858.5714285714287,120.0,23.46520354742579,18766203.609558832
371.42857142857144,858.5714285714287,285.7142857142857,23.295522862763594,12357681.198518014
371.42857142857144,858.5714285714287,451.42857142857144,23.154911685661926,10899464.320685346
371.42857142857144,858.5714285714287,617.1428571428571,23.02860779942676,10340201.235134402
371.42857142857144,858.5714285714287,782.8571428571429,22.913932935547102,10081977.670186194
371.42857142857144,858.5714285714287,948.5714285714287,22.810272380747243,9948620.829800997
371.42857142857144,858.5714285714287,1114.2857142857142,22.71708488954056,9872793.783610383
371.42857142857144,858.5714285714287,1280.0,22.633600386317212,9825213.290090188
371.42857142857144,858.5714285714287,1445.7142857142858,22.558897877781913,9792147.660899082
371.42857142857144,858.5714285714287,1611.4285714285716,22.492017997472082,9766834.712769633
371.42857142857144,858.5714285714287,1777.1428571428573,22.4320391278938,9745830.843071613
371.42857142857144,858.5714285714287,1942.857142857143,22.378116815940473,9727341.305348914
371.42857142857144,858.5714285714287,2108.5714285714284,22.32949868557633,9710416.095177677
371.42857142857144,858.5714285714287,2274.285714285714,22.285525409414607,9694547.461406095
371.42857142857144,858.5714285714287,2440.0,22.245624670626306,9679462.437201537
371.42857142857144,858.5714285714287,2605.714285714286,22.209302176663435,9665013.503065974
371.42857142857144,858.5714285714287,2771.4285714285716,22.17613193376613,9651120.048385015
371.42857142857144,858.5714285714287,2937.1428571428573,22.14574689469462,9637736.726862641
371.42857142857144,858.5714285714287,3102.857142857143,22.117830476161917,9624836.29939878
371.42857142857144,858.5714285714287,3268.571428571429,22.092109111593896,9612400.379260711
371.42857142857144,858.5714285714287,3434.2857142857147,22.0683458365863,9600414.519889032
371.42857142857144,858.5714285714287,3600.0,22.04633482616144,9588865.693359803
371.42857142857144,905.7142857142858,120.0,23.45491094260947,19391100.805398494
371.42857142857144,905.7142857142858,285.7142857142857,23.284402001681354,12757119.030124487
371.42857142857144,905.7142857142858,451.42857142857144,23.143752757536685,11242829.433162669
371.42857142857144,905.7142857142858,617.1428571428571,23.017668692562467,10660414.691922009
371.42857142857144,905.7142857142858,782.8571428571429,22.903328922628514,10390670.07468692
371.42857142857144,905.7142857142858,948.5714285714287,22.800044661328425,10251034.479696723
371.42857142857144,905.7142857142858,1114.2857142857142,22.707233048977972,10171615.941239657
371.42857142857144,905.7142857142858,1280.0,22.62410229135146,10121933.005542416
371.42857142857144,905.7142857142858,1445.7142857142858,22.549721684151102,10087633.308442956
371.42857142857144,905.7142857142858,1611.4285714285716,22.483128987158587,10061610.717815885
371.42857142857144,905.7142857142858,1777.1428571428573,22.423403343062144,10040221.552821726
371.42857142857144,905.7142857142858,1942.857142857143,22.369702809722217,10021550.370291958
371.42857142857144,905.7142857142858,2108.5714285714284,22.32127821425244,10004572.294960259
371.42857142857144,905.7142857142858,2274.285714285714,22.277473556900443,9988732.117113102
371.42857142857144,905.7142857142858,2440.0,22.237719687823883,9973726.285316374
371.42857142857144,905.7142857142858,2605.714285714286,22.20152519369525,9959387.328813242
371.42857142857144,905.7142857142858,2771.4285714285716,22.168466630650272,9945621.517432956
371.42857142857144,905.7142857142858,2937.1428571428573,22.138179174706814,9932374.845305447
371.42857142857144,905.7142857142858,3102.857142857143,22.110348163009075,9919614.36375316
371.42857142857144,905.7142857142858,3268.571428571429,22.084701678875483,9907317.948214838
371.42857142857144,905.7142857142858,3434.2857142857147,22.06100417132899,9895468.742714439
371.42857142857144,905.7142857142858,3600.0,22.039051024869053,9884052.209747808
371.42857142857144,952.8571428571429,120.0,23.445016430381276,20002011.07892469
371.42857142857144,952.8571428571429,285.7142857142857,23.273822293586782,13148987.186309388
371.42857142857144,952.8571428571429,451.42857142857144,23.13319913875531,11579984.672954755
371.42857142857144,952.8571428571429,617.1428571428571,23.007366781559433,10974972.080883527
371.42857142857144,952.8571428571429,782.8571428571429,22.89337733325951,10693983.003846958
371.42857142857144,952.8571428571429,948.5714285714287,22.790475706612558,10548220.27470057
371.42857142857144,952.8571428571429,1114.2857142857142,22.69804179414639,10465297.4401887
371.42857142857144,952.8571428571429,1280.0,22.615264544501937,10413563.43987837
371.42857142857144,952.8571428571429,1445.7142857142858,22.541204886346165,10378060.202258065
371.42857142857144,952.8571428571429,1611.4285714285716,22.47489840167647,10351346.005154304
371.42857142857144,952.8571428571429,1777.1428571428573,22.41542532269017,10329581.966147797
371.42857142857144,952.8571428571429,1942.857142857143,22.361946346248338,10310734.879116865
371.42857142857144,952.8571428571429,2108.5714285714284,22.31371552455749,10293706.802066226
371.42857142857144,952.8571428571429,2274.285714285714,22.27008015510111,10277896.193505034
371.42857142857144,952.8571428571429,2440.0,22.230474201966633,10262969.628358493
371.42857142857144,952.8571428571429,2605.714285714286,22.19440907123978,10248740.135550922
371.42857142857144,952.8571428571429,2771.4285714285716,22.161463810518374,10235101.151354846
371.42857142857144,952.8571428571429,2937.1428571428573,22.13127576581148,10221990.190555286
371.42857142857144,952.8571428571429,3102.857142857143,22.10353214803165,10209368.706776265
371.42857142857144,952.8571428571429,3268.571428571429,22.077962650529706,10197210.905139571
371.42857142857144,952.8571428571429,3434.2857142857147,22.05433310228781,10185497.558935571
371.42857142857144,952.8571428571429,3600.0,22.03244006953314,10174212.641090067
371.42857142857144,1000.0,120.0,23.435496697624856,20599784.171131168
371.42857142857144,1000.0,285.7142857142857,23.2637403680225,13533823.418097457
371.42857142857144,1000.0,451.42857142857144,23.123196611559674,11911390.382264918
371.42857142857144,1000.0,617.1428571428571,22.997641125599742,11284300.589529166
371.42857142857144,1000.0,782.8571428571429,22.884012792524175,10992326.869858082
371.42857142857144,1000.0,948.5714285714287,22.781497054786456,10840579.515176188
371.42857142857144,1000.0,1114.2857142857142,22.68944037952238,10754234.476449957
371.42857142857144,1000.0,1280.0,22.607014599321193,10700497.904422792
371.42857142857144,1000.0,1445.7142857142858,22.53327343214727,10663820.035677286
371.42857142857144,1000.0,1611.4285714285716,22.467250869241262,10636431.382071607
371.42857142857144,1000.0,1777.1428571428573,22.408028498778982,10614302.426656587
371.42857142857144,1000.0,1942.857142857143,22.354769748488103,10595284.951470464
371.42857142857144,1000.0,2108.5714285714284,22.30673189675577,10578209.643085236
371.42857142857144,1000.0,2274.285714285714,22.263265495754545,10562429.690075938
371.42857142857144,1000.0,2440.0,22.22380756320031,10547582.466209585
371.42857142857144,1000.0,2605.714285714286,22.187872260268783,10533461.928663436
371.42857142857144,1000.0,2771.4285714285716,22.155041064564717,10519948.953635264
371.42857142857144,1000.0,2937.1428571428573,22.124953436602,10506972.750293473
371.42857142857144,1000.0,3102.857142857143,22.097298412598164,10494489.283589154
371.42857142857144,1000.0,3268.571428571429,22.071807254489407,10482469.15515934
371.42857142857144,1000.0,3434.2857142857147,22.048247136269683,10470890.806820432
371.42857142857144,1000.0,3600.0,22.02641577672127,10459736.743199524
407.14285714285717,10.0,120.0,23.75280622532045,2607693.5793886296
407.14285714285717,10.0,285.7142857142857,23.729248273933717,1681645.2108410345
407.14285714285717,10.0,451.42857142857144,23.700687513897286,1508159.4440719062
407.14285714285717,10.0,617.1428571428571,23.66877472118308,1453607.8452369156
407.14285714285717,10.0,782.8571428571429,23.635823513003555,1429733.743922715
407.14285714285717,10.0,948.5714285714287,23.60385802556868,1412951.2027213015
407.14285714285717,10.0,1114.2857142857142,23.574139272021792,1396542.8661860062
407.14285714285717,10.0,1280.0,23.54723602570209,1379084.6943864606
407.14285714285717,10.0,1445.7142857142858,23.523258118415544,1360749.8932891688
407.14285714285717,10.0,1611.4285714285716,23.502062773259176,1342064.9604290642
407.14285714285717,10.0,1777.1428571428573,23.48339210444236,1323518.1509038515
407.14285714285717,10.0,1942.857142857143,23.466952596253257,1305465.940134655
407.14285714285717,10.0,2108.5714285714284,23.452456353424143,1288136.4651566837
407.14285714285717,10.0,2274.285714285714,23.439639930525512,1271657.9443739587
407.14285714285717,10.0,2440.0,23.428270979414762,1256087.991557163
407.14285714285717,10.0,2605.714285714286,23.418148732392588,1241437.205607863
407.14285714285717,10.0,2771.4285714285716,23.40910165485438,1227686.397386576
407.14285714285717,10.0,2937.1428571428573,23.400984028986844,1214798.5495420857
407.14285714285717,10.0,3102.857142857143,23.393672351744243,1202726.8569961302
407.14285714285717,10.0,3268.571428571429,23.387061956251447,1191419.9974199126
407.14285714285717,10.0,3434.2857142857147,23.38106401816956,1180825.4999335168
407.14285714285717,10.0,3600.0,23.37560298456037,1170891.8321311811
407.14285714285717,57.142857142857146,120.0,23.717393180776043,4977103.135524522
407.14285714285717,57.142857142857146,285.7142857142857,23.650699343287357,3372392.979702682
407.14285714285717,57.142857142857146,451.42857142857144,23.575732633787588,3073234.630706582
407.14285714285717,57.142857142857146,617.1428571428571,23.49622425709658,2984993.9005450807
407.14285714285717,57.142857142857146,782.8571428571429,23.4165663620778,2954022.632126521
407.14285714285717,57.142857142857146,948.5714285714287,23.34033392551225,2938124.8836402865
407.14285714285717,57.142857142857146,1114.2857142857142,23.26965220789558,2924146.0607363703
407.14285714285717,57.142857142857146,1280.0,23.20541376819633,2908423.4259963534
407.14285714285717,57.142857142857146,1445.7142857142858,23.14770987083331,2890496.0987012754
407.14285714285717,57.142857142857146,1611.4285714285716,23.09619173003444,2870873.713538839
407.14285714285717,57.142857142857146,1777.1428571428573,23.050309036782103,2850243.0244564954
407.14285714285717,57.142857142857146,1942.857142857143,23.00944918073113,2829209.175259569
407.14285714285717,57.142857142857146,2108.5714285714284,22.97301113194563,2808234.495182165
407.14285714285717,57.142857142857146,2274.285714285714,22.940440415822444,2787645.511640686
407.14285714285717,57.142857142857146,2440.0,22.911242394834407,2767658.9885171093
407.14285714285717,57.142857142857146,2605.714285714286,22.884984165264715,2748409.2257548277
407.14285714285717,57.142857142857146,2771.4285714285716,22.861290937469196,2729971.093848874
407.14285714285717,57.142857142857146,2937.1428571428573,22.839840110978397,2712377.8544236883
407.14285714285717,57.142857142857146,3102.857142857143,22.820354729167963,2695634.35531081
407.14285714285717,57.142857142857146,3268.571428571429,22.802597146010214,2679726.5558870435
407.14285714285717,57.142857142857146,3434.2857142857147,22.78636327393969,2664628.290318081
407.14285714285717,57.142857142857146,3600.0,22.77147753759113,2650306.0098414696
407.14285714285717,104.28571428571429,120.0,23.68782913298461,6637863.93978319
407.14285714285717,104.28571428571429,285.7142857142857,23.595096575301422,4490457.833774821
407.14285714285717,104.28571428571429,451.42857142857144,23.49727617149423,4068259.167303819
407.14285714285717,104.28571428571429,617.1428571428571,23.397462375553435,3932273.4552879394
407.14285714285717,104.28571428571429,782.8571428571429,23.299786293551026,3879269.739807569
407.14285714285717,104.28571428571429,948.5714285714287,23.207575736114244,3852305.070077422
407.14285714285717,104.28571428571429,1114.2857142857142,23.122701136967326,3832403.2578957835
407.14285714285717,104.28571428571429,1280.0,23.04581821991497,3813263.6240275837
407.14285714285717,104.28571428571429,1445.7142857142858,22.9768113907202,3793143.2336519226
407.14285714285717,104.28571428571429,1611.4285714285716,22.91515531009142,3771908.07320044
407.14285714285717,104.28571428571429,1777.1428571428573,22.860149602094268,3749919.569960011
407.14285714285717,104.28571428571429,1942.857142857143,22.811053764331064,3727621.2966395314
407.14285714285717,104.28571428571429,2108.5714285714284,22.767157334082025,3705399.373120219
407.14285714285717,104.28571428571429,2274.285714285714,22.727811860590176,3683548.512676068
407.14285714285717,104.28571428571429,2440.0,22.692441767233493,3662276.2925144457
407.14285714285717,104.28571428571429,2605.714285714286,22.660544269361832,3641718.816803193
407.14285714285717,104.28571428571429,2771.4285714285716,22.63168411071472,3621957.5589147643
407.14285714285717,104.28571428571429,2937.1428571428573,22.6054862578402,3603033.945981612
407.14285714285717,104.28571428571429,3102.857142857143,22.581628187658467,3584960.9284159923
407.14285714285717,104.28571428571429,3268.571428571429,22.55983256452133,3567731.7530016266
407.14285714285717,104.28571428571429,3434.2857142857147,22.5398606477258,3551326.440398525
407.14285714285717,104.28571428571429,3600.0,22.521506531367248,3535716.483194849
407.14285714285717,151.42857142857144,120.0,23.661425853705556,8037689.812297579
407.14285714285717,151.42857142857144,285.7142857142857,23.550598221110548,5405033.077579457
407.14285714285717,151.42857142857144,451.42857142857144,23.438892268546333,4868077.264003863
407.14285714285717,151.42857142857144,617.1428571428571,23.327850105107636,4685402.774455584
407.14285714285717,151.42857142857144,782.8571428571429,23.220880491766387,4609647.251017092
407.14285714285717,151.42857142857144,948.5714285714287,23.120820754977473,4570604.916600342
407.14285714285717,151.42857142857144,1114.2857142857142,23.029187852293845,4543953.681909759
407.14285714285717,151.42857142857144,1280.0,22.946388151086392,4520885.356096346
407.14285714285717,151.42857142857144,1445.7142857142858,22.872132199984666,4498376.570775776
407.14285714285717,151.42857142857144,1611.4285714285716,22.805772129449057,4475606.056759785
407.14285714285717,151.42857142857144,1777.1428571428573,22.746518785901607,4452555.294348297
407.14285714285717,151.42857142857144,1942.857142857143,22.693564997832848,4429454.343519999
407.14285714285717,151.42857142857144,2108.5714285714284,22.646148377979753,4406568.614998367
407.14285714285717,151.42857142857144,2274.285714285714,22.603578710525305,4384124.853541056
407.14285714285717,151.42857142857144,2440.0,22.565245940520636,4362292.984716453
407.14285714285717,151.42857142857144,2605.714285714286,22.530618250921346,4341188.9700817475
407.14285714285717,151.42857142857144,2771.4285714285716,22.49923557847908,4320884.227957143
407.14285714285717,151.42857142857144,2937.1428571428573,22.470701464946302,4301415.876549623
407.14285714285717,151.42857142857144,3102.857142857143,22.444674736464584,4282795.751396246
407.14285714285717,151.42857142857144,3268.571428571429,22.42086172381361,4265017.678494848
407.14285714285717,151.42857142857144,3434.2857142857147,22.399009314560995,4248063.075851479
407.14285714285717,151.42857142857144,3600.0,22.378898908520682,4231905.147634131
407.14285714285717,198.57142857142858,120.0,23.637417969825584,9281624.1992974
407.14285714285717,198.57142857142858,285.7142857142857,23.513270585159653,6203611.222267258
407.14285714285717,198.57142857142858,451.42857142857144,23.392365210883572,5559834.99252961
407.14285714285717,198.57142857142858,617.1428571428571,23.274436752569954,5333148.63318527
407.14285714285717,198.57142857142858,782.8571428571429,23.16210883058551,5235638.283841713
407.14285714285717,198.57142857142858,948.5714285714287,23.057728916147184,5184886.579845073
407.14285714285717,198.57142857142858,1114.2857142857142,22.962489798216875,5151629.030177364
407.14285714285717,198.57142857142858,1280.0,22.876587299927404,5124719.562052211
407.14285714285717,198.57142857142858,1445.7142857142858,22.799597402363517,5099924.715540617
407.14285714285717,198.57142857142858,1611.4285714285716,22.730786037818294,5075761.254628289
407.14285714285717,198.57142857142858,1777.1428571428573,22.66930767637828,5051835.454319724
407.14285714285717,198.57142857142858,1942.857142857143,22.61431691967268,5028159.735299861
407.14285714285717,198.57142857142858,2108.5714285714284,22.56502423642488,5004871.440140541
407.14285714285717,198.57142857142858,2274.285714285714,22.520719154452884,4982121.414307104
407.14285714285717,198.57142857142858,2440.0,22.480775774499648,4960034.603049804
407.14285714285717,198.57142857142858,2605.714285714286,22.44464937965084,4938700.53517107
407.14285714285717,198.57142857142858,2771.4285714285716,22.411869068765352,4918175.404334189
407.14285714285717,198.57142857142858,2937.1428571428573,22.382029064393198,4898487.8939964315
407.14285714285717,198.57142857142858,3102.857142857143,22.354780046434392,4879645.505717106
407.14285714285717,198.57142857142858,3268.571428571429,22.329821142994717,4861640.182835225
407.14285714285717,198.57142857142858,3434.2857142857147,22.306892822858504,4844452.895838584
407.14285714285717,198.57142857142858,3600.0,22.2857707341058,4828057.210086667
407.14285714285717,245.71428571428572,120.0,23.615366693569335,10416754.748997694
407.14285714285717,245.71428571428572,285.7142857142857,23.48106943030751,6924618.400327358
407.14285714285717,245.71428571428572,451.42857142857144,23.353759652106845,6180937.090000055
407.14285714285717,245.71428571428572,617.1428571428571,23.231367368338812,5912937.7931478005
407.14285714285717,245.71428571428572,782.8571428571429,23.11577914296306,5794911.006442813
407.14285714285717,245.71428571428572,948.5714285714287,23.00890448470711,5733062.842898964
407.14285714285717,245.71428571428572,1114.2857142857142,22.91165911815667,5693525.322424949
407.14285714285717,245.71428571428572,1280.0,22.82406701133539,5662970.898760837
407.14285714285717,245.71428571428572,1445.7142857142858,22.74560004698873,5636031.839061135
407.14285714285717,245.71428571428572,1611.4285714285716,22.675461832459792,5610599.722174319
407.14285714285717,245.71428571428572,1777.1428571428573,22.612769414226783,5585922.686472012
407.14285714285717,245.71428571428572,1942.857142857143,22.556654502988195,5561802.529337243
407.14285714285717,245.71428571428572,2108.5714285714284,22.506313063095657,5538250.49672511
407.14285714285717,245.71428571428572,2274.285714285714,22.4610249428029,5515341.09447532
407.14285714285717,245.71428571428572,2440.0,22.42015735309479,5493152.815300378
407.14285714285717,245.71428571428572,2605.714285714286,22.383160325002383,5471746.960485467
407.14285714285717,245.71428571428572,2771.4285714285716,22.349558694716446,5451162.73070249
407.14285714285717,245.71428571428572,2937.1428571428573,22.318943048022344,5431418.789349125
407.14285714285717,245.71428571428572,3102.857142857143,22.290960850319102,5412516.957540713
407.14285714285717,245.71428571428572,3268.571428571429,22.265308322869135,5394446.193316762
407.14285714285717,245.71428571428572,3434.2857142857147,22.241723269826988,5377186.14200733
407.14285714285717,245.71428571428572,3600.0,22.219978878263817,5360710.049281019
407.14285714285717,292.8571428571429,120.0,23.594969347259212,11469519.231916308
407.14285714285717,292.8571428571429,285.7142857142857,23.452754159726968,7589067.982641936
407.14285714285717,292.8571428571429,451.42857142857144,23.320844584467004,6751430.834180754
407.14285714285717,292.8571428571429,617.1428571428571,23.195469261212374,6444551.959759728
407.14285714285717,292.8571428571429,782.8571428571429,23.07785487594249,6307187.995077496
407.14285714285717,292.8571428571429,948.5714285714287,22.969531406106736,6234861.08574507
407.14285714285717,292.8571428571429,1114.2857142857142,22.871181374813506,6189386.063427063
407.14285714285717,292.8571428571429,1280.0,22.782688596092957,6155390.234402329
407.14285714285717,292.8571428571429,1445.7142857142858,22.70344339399528,6126440.950063496
407.14285714285717,292.8571428571429,1611.4285714285716,22.632603217597488,6099840.820950588
407.14285714285717,292.8571428571429,1777.1428571428573,22.56925958513865,6074498.756505815
407.14285714285717,292.8571428571429,1942.857142857143,22.512530361804988,6050015.560799935
407.14285714285717,292.8571428571429,2108.5714285714284,22.461604116714053,6026281.001091062
407.14285714285717,292.8571428571429,2274.285714285714,22.415756769457026,6003295.172584741
407.14285714285717,292.8571428571429,2440.0,22.374353402369785,5981090.635956339
407.14285714285717,292.8571428571429,2605.714285714286,22.336842806266656,5959700.2842154475
407.14285714285717,292.8571428571429,2771.4285714285716,22.30274897980497,5939145.8307683095
407.14285714285717,292.8571428571429,2937.1428571428573,22.271661824830073,5919435.3196327295
407.14285714285717,292.8571428571429,3102.857142857143,22.243228156590046,5900564.294934289
407.14285714285717,292.8571428571429,3268.571428571429,22.217143529143144,5882518.187302537
407.14285714285717,292.8571428571429,3434.2857142857147,22.193145046981726,5865274.850030026
407.14285714285717,292.8571428571429,3600.0,22.171005166721947,5848806.8217620505
407.14285714285717,340.0,120.0,23.575999287682055,12456705.669145543
407.14285714285717,340.0,285.7142857142857,23.427502271358815,8209943.633680609
407.14285714285717,340.0,451.42857142857144,23.292222518150314,7283490.9676501
407.14285714285717,340.0,617.1428571428571,23.16482656385808,6939871.944443854
407.14285714285717,340.0,782.8571428571429,23.045960927099273,6784229.21224999
407.14285714285717,340.0,948.5714285714287,22.936829496387915,6701989.385417343
407.14285714285717,340.0,1114.2857142857142,22.837918526825092,6650894.522137835
407.14285714285717,340.0,1280.0,22.748996681502586,6613644.512648732
407.14285714285717,340.0,1445.7142857142858,22.669389468079615,6582802.893994314
407.14285714285717,340.0,1611.4285714285716,22.59821949573565,6555116.194134667
407.14285714285717,340.0,1777.1428571428573,22.53456061443116,6529172.041725384
407.14285714285717,340.0,1942.857142857143,22.477522511393076,6504380.017750602
407.14285714285717,340.0,2108.5714285714284,22.426290619730807,6480513.6259903675
407.14285714285717,340.0,2274.285714285714,22.380140259442282,6457501.214294646
407.14285714285717,340.0,2440.0,22.338437075274374,6435330.650984433
407.14285714285717,340.0,2605.714285714286,22.30063085213827,6414006.879065416
407.14285714285717,340.0,2771.4285714285716,22.266246644215343,6393534.168337445
407.14285714285717,340.0,2937.1428571428573,22.23487529744186,6373909.781327488
407.14285714285717,340.0,3102.857142857143,22.206164392343688,6355122.734840527
407.14285714285717,340.0,3268.571428571429,22.179810056239944,6337154.658165948
407.14285714285717,340.0,3434.2857142857147,22.155549787621833,6319981.349011051
407.14285714285717,340.0,3600.0,22.133156281357955,6303574.402212875
407.14285714285717,387.14285714285717,120.0,23.55827878784041,13389846.73843377
407.14285714285717,387.14285714285717,285.7142857142857,23.40473526336882,8795930.46502639
407.14285714285717,387.14285714285717,451.42857142857144,23.266956684904237,7785141.536498686
407.14285714285717,387.14285714285717,617.1428571428571,23.138193754947526,7406657.573415394
407.14285714285717,387.14285714285717,782.8571428571429,23.018586356635655,7233671.816677661
407.14285714285717,387.14285714285717,948.5714285714287,22.909058316291755,7142023.817001626
407.14285714285717,387.14285714285717,1114.2857142857142,22.8099298958418,7085593.875393363
407.14285714285717,387.14285714285717,1280.0,22.72087426226507,7045256.484703555
407.14285714285717,387.14285714285717,1445.7142857142858,22.641164731917872,7012624.7978547085
407.14285714285717,387.14285714285717,1611.4285714285716,22.56989723444815,6983918.455668298
407.14285714285717,387.14285714285717,1777.1428571428573,22.506133350869945,6957420.099522051
407.14285714285717,387.14285714285717,1942.857142857143,22.448978297308717,6932357.243406894
407.14285714285717,387.14285714285717,2108.5714285714284,22.397617033085748,6908392.24529506
407.14285714285717,387.14285714285717,2274.285714285714,22.351326282685214,6885384.51047877
407.14285714285717,387.14285714285717,2440.0,22.309473829127413,6863278.689813196
407.14285714285717,387.14285714285717,2605.714285714286,22.271511736912778,6842052.489568871
407.14285714285717,387.14285714285717,2771.4285714285716,22.236967194956232,6821693.019068142
407.14285714285717,387.14285714285717,2937.1428571428573,22.20543291887868,6802186.806401951
407.14285714285717,387.14285714285717,3102.857142857143,22.176558060622142,6783516.265451312
407.14285714285717,387.14285714285717,3268.571428571429,22.150040030554052,6765659.091623913
407.14285714285717,387.14285714285717,3434.2857142857147,22.125617350960976,6748588.87496075
407.14285714285717,387.14285714285717,3600.0,22.1030635168984,6732276.115449034
407.14285714285717,434.28571428571433,120.0,23.541664227855506,14277311.30097651
407.14285714285717,434.28571428571433,285.7142857142857,23.384028408437416,9353174.105105165
407.14285714285717,434.28571428571433,451.42857142857144,23.244387196249804,8261987.967380963
407.14285714285717,434.28571428571433,617.1428571428571,23.1147161125528,7850289.199668149
407.14285714285717,434.28571428571433,782.8571428571429,22.994713396098042,7660786.734047733
407.14285714285717,434.28571428571433,948.5714285714287,22.885061654214404,7560178.199661977
407.14285714285717,434.28571428571433,1114.2857142857142,22.785939853608557,7498666.273714135
407.14285714285717,434.28571428571433,1280.0,22.69694122415536,7455389.089418149
407.14285714285717,434.28571428571433,1445.7142857142858,22.617296572831954,7421056.242473145
407.14285714285717,434.28571428571433,1611.4285714285716,22.546081181477863,7391386.289200116
407.14285714285717,434.28571428571433,1777.1428571428573,22.482348184573546,7364371.47143548
407.14285714285717,434.28571428571433,1942.857142857143,22.425200828501872,7339065.585709282
407.14285714285717,434.28571428571433,2108.5714285714284,22.373825309945033,7315024.631926207
407.14285714285717,434.28571428571433,2274.285714285714,22.327500990707115,7292041.794016802
407.14285714285717,434.28571428571433,2440.0,22.285598728603997,7270020.017164887
407.14285714285717,434.28571428571433,2605.714285714286,22.247573614252826,7248910.573463808
407.14285714285717,434.28571428571433,2771.4285714285716,22.212955590441748,7228683.80049889
407.14285714285717,434.28571428571433,2937.1428571428573,22.181339771667744,7209315.642652042
407.14285714285717,434.28571428571433,3102.857142857143,22.152377343461215,7190781.928543186
407.14285714285717,434.28571428571433,3268.571428571429,22.12576740890946,7173056.366841023
407.14285714285717,434.28571428571433,3434.2857142857147,22.101249880863328,7156110.253524776
407.14285714285717,434.28571428571433,3600.0,22.078599385107267,7139912.895308607
407.14285714285717,481.42857142857144,120.0,23.526037027701832,15125422.999776842
407.14285714285717,481.42857142857144,285.7142857142857,23.365059464820398,9886210.097237403
407.14285714285717,481.42857142857144,451.42857142857144,23.224031130038348,8718121.11162587
407.14285714285717,481.42857142857144,617.1428571428571,23.093782197897774,8274668.725421533
407.14285714285717,481.42857142857144,782.8571428571429,22.973625678352416,8069382.026044212
407.14285714285717,481.42857142857144,948.5714285714287,22.864035556412425,7960210.615333076
407.14285714285717,481.42857142857144,1114.2857142857142,22.76506971642201,7893841.788235339
407.14285714285717,481.42857142857144,1280.0,22.676253892841398,7847755.655195968
407.14285714285717,481.42857142857144,1445.7142857142858,22.596783928042733,7811799.523893727
407.14285714285717,481.42857142857144,1611.4285714285716,22.525719008687826,7781213.718532905
407.14285714285717,481.42857142857144,1777.1428571428573,22.462106593777172,7753713.107831627
407.14285714285717,481.42857142857144,1942.857142857143,22.405049686579186,7728185.315672289
407.14285714285717,481.42857142857144,2108.5714285714284,22.353736839241982,7704084.381276503
407.14285714285717,481.42857142857144,2274.285714285714,22.307450813621845,7681139.823091577
407.14285714285717,481.42857142857144,2440.0,22.265566095196274,7659214.34639203
407.14285714285717,481.42857142857144,2605.714285714286,22.22754122690889,7638233.605795121
407.14285714285717,481.42857142857144,2771.4285714285716,22.192909252505956,7618151.597435777
407.14285714285717,481.42857142857144,2937.1428571428573,22.161267980546704,7598933.883839332
407.14285714285717,481.42857142857144,3102.857142857143,22.132270889154103,7580549.777390863
407.14285714285717,481.42857142857144,3268.571428571429,22.10561900617071,7562968.994204653
407.14285714285717,481.42857142857144,3434.2857142857147,22.081053845624947,7546160.490620964
407.14285714285717,481.42857142857144,3600.0,22.05835135670526,7530092.315786824
407.14285714285717,528.5714285714286,120.0,23.511297664202658,15939110.943273835
407.14285714285717,528.5714285714286,285.7142857142857,23.347577487049378,10398497.166735537
407.14285714285717,528.5714285714286,451.42857142857144,23.205524181973935,9156630.123814678
407.14285714285717,528.5714285714286,617.1428571428571,23.074939906118622,8682726.84243175
407.14285714285717,528.5714285714286,782.8571428571429,22.9548010550914,8462308.850081168
407.14285714285717,528.5714285714286,948.5714285714287,22.845400362013375,8344929.4352345625
407.14285714285717,528.5714285714286,1114.2857142857142,22.74669127448751,8273904.713133464
407.14285714285717,528.5714285714286,1280.0,22.658142087391447,8225126.242225522
407.14285714285717,528.5714285714286,1445.7142857142858,22.57891964396753,8187615.65425204
407.14285714285717,528.5714285714286,1611.4285714285716,22.50807053315795,8156155.375299631
407.14285714285717,528.5714285714286,1777.1428571428573,22.44463858568569,8128194.556343003
407.14285714285717,528.5714285714286,1942.857142857143,22.387727772699524,8102461.455187935
407.14285714285717,528.5714285714286,2108.5714285714284,22.336529736723072,8078312.1627001725
407.14285714285717,528.5714285714286,2274.285714285714,22.29033110567848,8055414.899855116
407.14285714285717,528.5714285714286,2440.0,22.248510307423544,8033593.51882145
407.14285714285717,528.5714285714286,2605.714285714286,22.210529566685338,8012748.85311827
407.14285714285717,528.5714285714286,2771.4285714285716,22.17592520906171,7992818.997419562
407.14285714285717,528.5714285714286,2937.1428571428573,22.144297889666333,7973759.357827564
407.14285714285717,528.5714285714286,3102.857142857143,22.115303514230355,7955532.8280300135
407.14285714285717,528.5714285714286,3268.571428571429,22.08864515870984,7938105.154424397
407.14285714285717,528.5714285714286,3434.2857142857147,22.064066053051228,7921442.934530357
407.14285714285717,528.5714285714286,3600.0,22.041343577528238,7905512.918727913
407.14285714285717,575.7142857142858,120.0,23.497361510920616,16722313.092398163
407.14285714285717,575.7142857142858,285.7142857142857,23.33138284994197,10892743.046308989
407.14285714285717,575.7142857142858,451.42857142857144,23.1885846360449,9579912.566982443
407.14285714285717,575.7142857142858,617.1428571428571,23.057845805187668,9076727.6482419
407.14285714285717,575.7142857142858,782.8571428571429,22.937847940834846,8841763.966047477
407.14285714285717,575.7142857142858,948.5714285714287,22.82872558344802,8716495.008005768
407.14285714285717,575.7142857142858,1114.2857142857142,22.73034155178984,8640994.880661795
407.14285714285717,575.7142857142858,1280.0,22.64211491313543,8589628.658938158
407.14285714285717,575.7142857142858,1445.7142857142858,22.5631882899755,8550624.99775478
407.14285714285717,575.7142857142858,1611.4285714285716,22.4925984009368,8518326.61890053
407.14285714285717,575.7142857142858,1777.1428571428573,22.429386983886033,8489927.425210208
407.14285714285717,575.7142857142858,1942.857142857143,22.372659835834533,8464002.45958573
407.14285714285717,575.7142857142858,2108.5714285714284,22.321612169978028,8439813.521034516
407.14285714285717,575.7142857142858,2274.285714285714,22.27553475401924,8416969.715422388
407.14285714285717,575.7142857142858,2440.0,22.233810121397383,8395257.339316817
407.14285714285717,575.7142857142858,2605.714285714286,22.195904284379473,8374553.16601858
407.14285714285717,575.7142857142858,2771.4285714285716,22.16135692747393,8354779.822415759
407.14285714285717,575.7142857142858,2937.1428571428573,22.12977161586106,8335882.792277663
407.14285714285717,575.7142857142858,3102.857142857143,22.10080674049669,8317818.663630131
407.14285714285717,575.7142857142858,3268.571428571429,22.074167480761275,8300549.253769408
407.14285714285717,575.7142857142858,3434.2857142857147,22.04959883697577,8284038.799802451
407.14285714285717,575.7142857142858,3600.0,22.026879674476827,8268252.728295366
407.14285714285717,622.8571428571429,120.0,23.48415583142765,17478239.172242075
407.14285714285717,622.8571428571429,285.7142857142857,23.3163139142817,11371113.690664558
407.14285714285717,622.8571428571429,451.42857142857144,23.17299009863082,9989871.618245946
407.14285714285717,622.8571428571429,617.1428571428571,23.042233088755605,9458461.19361561
407.14285714285717,622.8571428571429,782.8571428571429,22.922465618451554,9209480.2162746
407.14285714285717,622.8571428571429,948.5714285714287,22.813683551580862,9076609.161851514
407.14285714285717,622.8571428571429,1114.2857142857142,22.715670617478622,8996796.643583484
407.14285714285717,622.8571428571429,1280.0,22.62780342713489,8942937.089119153
407.14285714285717,622.8571428571429,1445.7142857142858,22.54920425417965,8902495.56958187
407.14285714285717,622.8571428571429,1611.4285714285716,22.478902101184428,8869391.47469082
407.14285714285717,622.8571428571429,1777.1428571428573,22.415937778590873,8840572.907613065
407.14285714285717,622.8571428571429,1942.857142857143,22.359419519939916,8814467.273305288
407.14285714285717,622.8571428571429,2108.5714285714284,22.30854641646361,8790245.415652728
407.14285714285717,622.8571428571429,2274.285714285714,22.26261352226885,8767459.334267095
407.14285714285717,622.8571428571429,2440.0,22.221007541529897,8745858.97829266
407.14285714285717,622.8571428571429,2605.714285714286,22.183198300875823,8725297.780477699
407.14285714285717,622.8571428571429,2771.4285714285716,22.14872885501834,8705683.319394777
407.14285714285717,622.8571428571429,2937.1428571428573,22.11720568648493,8686951.391005227
407.14285714285717,622.8571428571429,3102.857142857143,22.088289680089126,8669052.39855966
407.14285714285717,622.8571428571429,3268.571428571429,22.061688130716806,8651944.28196567
407.14285714285717,622.8571428571429,3434.2857142857147,22.037147825022256,8635588.928312566
407.14285714285717,622.8571428571429,3600.0,22.014449132884106,8619950.426904656
407.14285714285717,670.0,120.0,23.471617540334737,18209549.095236383
407.14285714285717,670.0,285.7142857142857,23.302237819214636,11835373.141379215
407.14285714285717,670.0,451.42857142857144,23.158561911511633,10388046.733764404
407.14285714285717,670.0,617.1428571428571,23.027890502571594,9829370.373612259
407.14285714285717,670.0,782.8571428571429,22.90841847331188,9566851.631413084
407.14285714285717,670.0,948.5714285714287,22.80001961165507,9426639.405947758
407.14285714285717,670.0,1114.2857142857142,22.7024082709722,9342662.576270126
407.14285714285717,670.0,1280.0,22.61492423920594,9286395.467954602
407.14285714285717,670.0,1445.7142857142858,22.536672610789427,9244566.149345793
407.14285714285717,670.0,1611.4285714285716,22.46667639254321,9210685.493330862
407.14285714285717,670.0,1777.1428571428573,22.403976360335985,9181464.371886197
407.14285714285717,670.0,1942.857142857143,22.347683618322208,9155187.628093326
407.14285714285717,670.0,2108.5714285714284,22.29700132365655,9130938.203609262
407.14285714285717,670.0,2274.285714285714,22.25122887832562,9108212.842604727
407.14285714285717,670.0,2440.0,22.209757158323843,9086726.270194374
407.14285714285717,670.0,2605.714285714286,22.172059780763192,9066309.256007003
407.14285714285717,670.0,2771.4285714285716,22.13768313999855,9046854.731976386
407.14285714285717,670.0,2937.1428571428573,22.106236607497777,9028289.036693742
407.14285714285717,670.0,3102.857142857143,22.077383539416356,9010556.512783127
407.14285714285717,670.0,3268.571428571429,22.05083333059965,8993611.281344252
407.14285714285717,670.0,3434.2857142857147,22.02633454522706,8977412.898145368
407.14285714285717,670.0,3600.0,22.00366905483822,8961924.110287707
407.14285714285717,717.1428571428572,120.0,23.459691495825396,18918478.152323097
407.14285714285717,717.1428571428572,285.7142857142857,23.28904394148591,12286980.209139531
407.14285714285717,717.1428571428572,451.42857142857144,23.14515438202546,10775703.228753755
407.14285714285717,717.1428571428572,617.1428571428571,23.014648028903142,10190637.49901535
407.14285714285717,717.1428571428572,782.8571428571429,22.895518696166604,9915018.529962633
407.14285714285717,717.1428571428572,948.5714285714287,22.787532289019573,9767703.259367663
407.14285714285717,717.1428571428572,1114.2857142857142,22.690342017402198,9679697.37050746
407.14285714285717,717.1428571428572,1280.0,22.60325557087203,9621101.104138287
407.14285714285717,717.1428571428572,1445.7142857142858,22.52536348321969,9577929.698458005
407.14285714285717,717.1428571428572,1611.4285714285716,22.45568415228214,9543298.986771304
407.14285714285717,717.1428571428572,1777.1428571428573,22.393259008125245,9513690.417588295
407.14285714285717,717.1428571428572,1942.857142857143,22.337202331532843,9487250.911277609
407.14285714285717,717.1428571428572,2108.5714285714284,22.286721449852653,9462978.30940157
407.14285714285717,717.1428571428572,2274.285714285714,22.24112011692165,9440315.809302144
407.14285714285717,717.1428571428572,2440.0,22.199793339679843,9418943.957026405
407.14285714285717,717.1428571428572,2605.714285714286,22.16221846936275,9398671.49556677
407.14285714285717,717.1428571428572,2771.4285714285716,22.127945182922673,9379377.092826216
407.14285714285717,717.1428571428572,2937.1428571428573,22.096585689857204,9360977.853957118
407.14285714285717,717.1428571428572,3102.857142857143,22.067805775451202,9343412.185582003
407.14285714285717,717.1428571428572,3268.571428571429,22.041316901374817,9326630.452701857
407.14285714285717,717.1428571428572,3434.2857142857147,22.016869384615262,9310589.904270109
407.14285714285717,717.1428571428572,3600.0,21.994246580988392,9295251.946589543
407.14285714285717,764.2857142857143,120.0,23.448329171811782,19606927.346636903
407.14285714285717,764.2857142857143,285.7142857142857,23.276639135790635,12727157.21795003
407.14285714285717,764.2857142857143,451.42857142857144,23.132647143344585,11153895.486322735
407.14285714285717,764.2857142857143,617.1428571428571,23.002366888546312,10543245.115045972
407.14285714285717,764.2857142857143,782.8571428571429,22.88361433350565,10254927.144769719
407.14285714285717,764.2857142857143,948.5714285714287,22.7760596965387,10100727.242106682
407.14285714285717,764.2857142857143,1114.2857142857142,22.679302066313518,10008816.466751078
407.14285714285717,764.2857142857143,1280.0,22.592621026098364,9947963.08797324
407.14285714285717,764.2857142857143,1445.7142857142858,22.515094729976212,9903491.609673802
407.14285714285717,764.2857142857143,1611.4285714285716,22.44573809380096,9868135.146381924
407.14285714285717,764.2857142857143,1777.1428571428573,22.383593735670075,9838152.870379128
407.14285714285717,764.2857142857143,1942.857142857143,22.327779324929498,9811558.036556719
407.14285714285717,764.2857142857143,2108.5714285714284,22.277506404342002,9787265.967174387
407.14285714285717,764.2857142857143,2274.285714285714,22.23208304464806,9764667.894110467
407.14285714285717,764.2857142857143,2440.0,22.190908315560687,9743411.157702139
407.14285714285717,764.2857142857143,2605.714285714286,22.153463225575187,9723283.072186798
407.14285714285717,764.2857142857143,2771.4285714285716,22.119300660762068,9704148.404946977
407.14285714285717,764.2857142857143,2937.1428571428573,22.088035603845128,9685915.243919766
407.14285714285717,764.2857142857143,3102.857142857143,22.0593362148147,9668516.183135958
407.14285714285717,764.2857142857143,3268.571428571429,22.032915978018586,9651897.896528894
407.14285714285717,764.2857142857143,3434.2857142857147,22.008526928446827,9636015.354829444
407.14285714285717,764.2857142857143,3600.0,21.985953879484654,9620828.629746344
407.14285714285717,811.4285714285714,120.0,23.437487608243195,20276530.146684177
407.14285714285717,811.4285714285714,285.7142857142857,23.26494419853574,13156940.078736512
407.14285714285717,811.4285714285714,451.42857142857144,23.120939610712362,11523512.673248814
407.14285714285717,811.4285714285714,617.1428571428571,22.990932389231247,10888019.813898023
407.14285714285717,811.4285714285714,782.8571428571429,22.872580825382553,10587372.475080097
407.14285714285717,811.4285714285714,948.5714285714287,22.7654699805654,10426489.209769724
407.14285714285717,811.4285714285714,1114.2857142857142,22.66915084764167,10330788.094951173
407.14285714285717,811.4285714285714,1280.0,22.582878299574634,10267744.152442116
407.14285714285717,811.4285714285714,1445.7142857142858,22.50571994046644,10222011.44517204
407.14285714285717,811.4285714285714,1611.4285714285716,22.436688126491365,10185951.684362018
407.14285714285717,811.4285714285714,1777.1428571428573,22.37482707856593,10155608.33713375
407.14285714285717,811.4285714285714,1942.857142857143,22.319257996690023,10128864.915171033
407.14285714285717,811.4285714285714,2108.5714285714284,22.269196642344667,10104556.606609542
407.14285714285717,811.4285714285714,2274.285714285714,22.223955342014623,10082024.145569887
407.14285714285717,811.4285714285714,2440.0,22.182937142585896,10060882.575098278
407.14285714285717,811.4285714285714,2605.714285714286,22.14562662042699,10040898.342723982
407.14285714285717,811.4285714285714,2771.4285714285716,22.11157978747776,10021922.66035047
407.14285714285717,811.4285714285714,2937.1428571428573,22.08041432669044,10003854.806728305
407.14285714285717,811.4285714285714,3102.857142857143,22.05180071108444,9986621.684477601
407.14285714285717,811.4285714285714,3268.571428571429,22.02545439689348,9970166.342611393
407.14285714285717,811.4285714285714,3434.2857142857147,22.001129096098573,9954441.50510139
407.14285714285717,811.4285714285714,3600.0,21.97861104709421,9939405.918937461
407.14285714285717,858.5714285714287,120.0,23.42712856960757,20928702.83733619
407.14285714285717,858.5714285714287,285.7142857142857,23.253891192546412,13577215.533582568
407.14285714285717,858.5714285714287,451.42857142857144,23.109946878127186,11885312.519058252
407.14285714285717,858.5714285714287,617.1428571428571,22.98024870218808,11225664.490476325
407.14285714285717,858.5714285714287,782.8571428571429,22.862314882125915,10913029.768037507
407.14285714285717,858.5714285714287,948.5714285714287,22.75565445554766,10745649.415360061
407.14285714285717,858.5714285714287,1114.2857142857142,22.65977551833453,10646264.097658118
407.14285714285717,858.5714285714287,1280.0,22.57391113991,10581091.351921657
407.14285714285717,858.5714285714287,1445.7142857142858,22.49711991953924,10534133.519332038
407.14285714285717,858.5714285714287,1611.4285714285716,22.428412413026997,10497391.344353363
407.14285714285717,858.5714285714287,1777.1428571428573,22.366834766465693,10466698.654939773
407.14285714285717,858.5714285714287,1942.857142857143,22.311511800327033,10439812.846930036
407.14285714285717,858.5714285714287,2108.5714285714284,22.261663468317227,10415491.186229132
407.14285714285717,858.5714285714287,2274.285714285714,22.216606274094385,10393025.275357794
407.14285714285717,858.5714285714287,2440.0,22.175747145411364,10371998.709771305
407.14285714285717,858.5714285714287,2605.714285714286,22.138574129973268,10352157.599352352
407.14285714285717,858.5714285714287,2771.4285714285716,22.104646277028447,10333339.928054325
407.14285714285717,858.5714285714287,2937.1428571428573,22.0735838923706,10315436.365206748
407.14285714285717,858.5714285714287,3102.857142857143,22.04505969643398,10298368.240385408
407.14285714285717,858.5714285714287,3268.571428571429,22.018791062831273,10282075.044135952
407.14285714285717,858.5714285714287,3434.2857142857147,21.99453333592938,10266507.287136044
407.14285714285717,858.5714285714287,3600.0,21.97207414306658,10251622.40436377
407.14285714285717,905.7142857142858,120.0,23.417217862108714,21564683.183497876
407.14285714285717,905.7142857142858,285.7142857142857,23.243421390595312,13988749.368739972
407.14285714285717,905.7142857142858,451.42857142857144,23.099596627738833,12239946.747155258
407.14285714285717,905.7142857142858,617.1428571428571,22.970234976248587,11556782.546369098
407.14285714285717,905.7142857142858,782.8571428571429,22.852729968447274,11232478.096294736
407.14285714285717,905.7142857142858,948.5714285714287,22.746522573737995,11058773.74602412
407.14285714285717,905.7142857142858,1114.2857142857142,22.651082499579715,10955802.972906373
407.14285714285717,905.7142857142858,1280.0,22.56562351395913,10888558.988864245
407.14285714285717,905.7142857142858,1445.7142857142858,22.489196523827808,10840409.750020163
407.14285714285717,905.7142857142858,1611.4285714285716,22.42081091292806,10803004.69809755
407.14285714285717,905.7142857142858,1777.1428571428573,22.359515002467003,10771973.64297666
407.14285714285717,905.7142857142858,1942.857142857143,22.304437283836815,10744951.231321016
407.14285714285717,905.7142857142858,2108.5714285714284,22.254801855366935,10720618.864736088
407.14285714285717,905.7142857142858,2274.285714285714,22.209929308065536,10698220.289441973
407.14285714285717,905.7142857142858,2440.0,22.169230348153693,10677308.449951971
407.14285714285717,905.7142857142858,2605.714285714286,22.13219639462436,10657609.617337964
407.14285714285717,905.7142857142858,2771.4285714285716,22.09838944315773,10638948.858717686
407.14285714285717,905.7142857142858,2937.1428571428573,22.06743234316427,10621208.42567603
407.14285714285717,905.7142857142858,3102.857142857143,22.038999995167433,10604304.189982414
407.14285714285717,905.7142857142858,3268.571428571429,22.012811633911564,10588172.149928013
407.14285714285717,905.7142857142858,3434.2857142857147,21.988624189722938,10572760.637732878
407.14285714285717,905.7142857142858,3600.0,21.966226640913515,10558025.79126983
407.14285714285717,952.8571428571429,120.0,23.407724773681245,22185560.588769432
407.14285714285717,952.8571428571429,285.7142857142857,23.233483672097776,14392208.133934574
407.14285714285717,952.8571428571429,451.42857142857144,23.089826765667816,12587980.540427966
407.14285714285717,952.8571428571429,617.1428571428571,22.960822399428814,11881896.359968258
407.14285714285717,952.8571428571429,782.8571428571429,22.843752916313456,11546218.318796404
407.14285714285717,952.8571428571429,948.5714285714287,22.737998175287707,11366351.406011976
407.14285714285717,952.8571428571429,1114.2857142857142,22.64299342386652,11259887.399259316
407.14285714285717,952.8571428571429,1280.0,22.557935293544194,11190626.044924026
407.14285714285717,952.8571428571429,1445.7142857142858,22.481868119816106,11141317.029974325
407.14285714285717,952.8571428571429,1611.4285714285716,22.41380063649187,11103267.474917924
407.14285714285717,952.8571428571429,1777.1428571428573,22.352783532645976,11071908.39892978
407.14285714285717,952.8571428571429,1942.857142857143,22.29794899126441,11044754.834778478
407.14285714285717,952.8571428571429,2108.5714285714284,22.248525192879352,11020414.240460502
407.14285714285717,952.8571428571429,2274.285714285714,22.203836719117575,10998083.699727282
407.14285714285717,952.8571428571429,2440.0,22.16329794935762,10977286.254846236
407.14285714285717,952.8571428571429,2605.714285714286,22.126403572786664,10957728.809276348
407.14285714285717,952.8571428571429,2771.4285714285716,22.092718440337503,10939223.809133839
407.14285714285717,952.8571428571429,2937.1428571428573,22.061867865684885,10921645.272156354
407.14285714285717,952.8571428571429,3102.857142857143,22.03352886189914,10904903.724277642
407.14285714285717,952.8571428571429,3268.571428571429,22.007422468201458,10888931.737141807
407.14285714285717,952.8571428571429,3434.2857142857147,21.98330715383282,10873675.50025748
407.14285714285717,952.8571428571429,3600.0,21.960973209299308,10859089.871015118
407.14285714285717,1000.0,120.0,23.39862161040381,22792299.948942725
407.14285714285717,1000.0,285.7142857142857,23.224033257208795,14788176.104161229
407.14285714285717,1000.0,451.42857142857144,23.08058358827593,12929907.661609976
407.14285714285717,1000.0,617.1428571428571,22.951951944317237,12201461.593521217
407.14285714285717,1000.0,782.8571428571429,22.83532134582514,11854686.97121396
407.14285714285717,1000.0,948.5714285714287,22.73001664933397,11668808.579573747
407.14285714285717,1000.0,1114.2857142857142,22.635442080485902,11558937.769493174
407.14285714285717,1000.0,1280.0,22.55077901642003,11487709.63831207
407.14285714285717,1000.0,1445.7142857142858,22.475066182957768,11437270.636418056
407.14285714285717,1000.0,1611.4285714285716,22.40731209939705,11398593.938795367
407.14285714285717,1000.0,1777.1428571428573,22.346569969966964,11366916.651285715
407.14285714285717,1000.0,1942.857142857143,22.291975667352393,11339637.121838968
407.14285714285717,1000.0,2108.5714285714284,22.24276138164266,11315290.662784537
407.14285714285717,1000.0,2274.285714285714,22.19825558452222,11293028.816007705
407.14285714285717,1000.0,2440.0,22.157876222497745,11272345.426827237
407.14285714285717,1000.0,2605.714285714286,22.121121154479084,11252928.477032395
407.14285714285717,1000.0,2771.4285714285716,22.087557996514263,11234578.07340426
407.14285714285717,1000.0,2937.1428571428573,22.056814448199916,11217160.176332554
407.14285714285717,1000.0,3102.857142857143,22.028569568391674,11200580.074591793
407.14285714285717,1000.0,3268.571428571429,22.002546144620197,11184766.977939652
407.14285714285717,1000.0,3434.2857142857147,21.978504138193337,11169664.969488667
407.14285714285717,1000.0,3600.0,21.9562351129708,11155227.644113205
442.8571428571429,10.0,120.0,23.73714374577591,3738537.6196902962
442.8571428571429,10.0,285.7142857142857,23.702212562111384,2296702.765753716
442.8571428571429,10.0,451.42857142857144,23.66204749876742,2006293.3686740736
442.8571428571429,10.0,617.1428571428571,23.618507667239136,1901384.0251197568
442.8571428571429,10.0,782.8571428571429,23.574464921081553,1848537.257783381
442.8571428571429,10.0,948.5714285714287,23.532375382272345,1811608.3365406613
442.8571428571429,10.0,1114.2857142857142,23.49369419636157,1779420.0403754069
442.8571428571429,10.0,1280.0,23.45900285948863,1748747.968389863
442.8571428571429,10.0,1445.7142857142858,23.428323717607707,1718954.2864023978
442.8571428571429,10.0,1611.4285714285716,23.401385361166604,1690150.331200637
442.8571428571429,10.0,1777.1428571428573,23.377793980600433,1662578.2825794206
442.8571428571429,10.0,1942.857142857143,23.357129252493326,1636426.9907033346
442.8571428571429,10.0,2108.5714285714284,23.338991954951535,1611797.7727723985
442.8571428571429,10.0,2274.285714285714,23.32302402112385,1588716.423396979
442.8571428571429,10.0,2440.0,23.30891407308802,1567154.8257923191
442.8571428571429,10.0,2605.714285714286,23.29639592174345,1547050.5001608855
442.8571428571429,10.0,2771.4285714285716,23.285244078217122,1528321.3907869777
442.8571428571429,10.0,2937.1428571428573,23.27526835012326,1510876.1373447974
442.8571428571429,10.0,3102.857142857143,23.266308517498132,1494620.8217146872
442.8571428571429,10.0,3268.571428571429,23.258229514950326,1479463.1857542593
442.8571428571429,10.0,3434.2857142857147,23.250917258776816,1465315.1172853755
442.8571428571429,10.0,3600.0,23.244275120016095,1452093.9874074163
442.8571428571429,57.142857142857146,120.0,23.690670784270274,6458077.185118211
442.8571428571429,57.142857142857146,285.7142857142857,23.60902311629135,4172219.619217046
442.8571428571429,57.142857142857146,451.42857142857144,23.520892852608213,3713038.9108034098
442.8571428571429,57.142857142857146,617.1428571428571,23.42933168454142,3554563.3277142765
442.8571428571429,57.142857142857146,782.8571428571429,23.338828097077066,3483409.506376161
442.8571428571429,57.142857142857146,948.5714285714287,23.253067272689197,3440382.3142660386
442.8571428571429,57.142857142857146,1114.2857142857142,23.174162455137086,3405982.612158619
442.8571428571429,57.142857142857146,1280.0,23.10290189715407,3373795.3573330715
442.8571428571429,57.142857142857146,1445.7142857142858,23.039230483732076,3342021.6207679138
442.8571428571429,57.142857142857146,1611.4285714285716,22.98264559911933,3310448.6316283313
442.8571428571429,57.142857142857146,1777.1428571428573,22.93245369694342,3279331.706772177
442.8571428571429,57.142857142857146,1942.857142857143,22.887916760430546,3248993.428977152
442.8571428571429,57.142857142857146,2108.5714285714284,22.848327594069662,3219696.215745316
442.8571428571429,57.142857142857146,2274.285714285714,22.813043492694128,3191616.5045031337
442.8571428571429,57.142857142857146,2440.0,22.781497197235247,3164853.4310205844
442.8571428571429,57.142857142857146,2605.714285714286,22.753196282530162,3139446.2958913376
442.8571428571429,57.142857142857146,2771.4285714285716,22.727717214821517,3115391.6235839254
442.8571428571429,57.142857142857146,2937.1428571428573,22.70469742171034,3092657.098690484
442.8571428571429,57.142857142857146,3102.857142857143,22.683827078441357,3071192.080186056
442.8571428571429,57.142857142857146,3268.571428571429,22.664841414465663,3050935.182563065
442.8571428571429,57.142857142857146,3434.2857142857147,22.647513864685976,3031819.573332673
442.8571428571429,57.142857142857146,3600.0,22.631650144015964,3013776.5774771846
442.8571428571429,104.28571428571429,120.0,23.655864060303447,8284085.962476931
442.8571428571429,104.28571428571429,285.7142857142857,23.54889925090265,5372949.791825767
442.8571428571429,104.28571428571429,451.42857142857144,23.439423403779937,4769748.555238335
442.8571428571429,104.28571428571429,617.1428571428571,23.329294157464528,4554406.281296356
442.8571428571429,104.28571428571429,782.8571428571429,23.22251436912979,4456419.5124897035
442.8571428571429,104.28571428571429,948.5714285714287,23.122401074363683,4399564.030926218
442.8571428571429,104.28571428571429,1114.2857142857142,23.030759027087285,4357569.8347407915
442.8571428571429,104.28571428571429,1280.0,22.948127529115467,4320915.551682094
442.8571428571429,104.28571428571429,1445.7142857142858,22.874254220511183,4286266.568334028
442.8571428571429,104.28571428571429,1611.4285714285716,22.80847873112359,4252621.745840059
442.8571428571429,104.28571428571429,1777.1428571428573,22.749978572077392,4219825.819036935
442.8571428571429,104.28571428571429,1942.857142857143,22.697907988812105,4187988.4758734764
442.8571428571429,104.28571428571429,2108.5714285714284,22.65146821472691,4157264.523205023
442.8571428571429,104.28571428571429,2274.285714285714,22.609937810015236,4127779.12085297
442.8571428571429,104.28571428571429,2440.0,22.57268132362817,4099610.0220789565
442.8571428571429,104.28571428571429,2605.714285714286,22.53914700234414,4072790.618526291
442.8571428571429,104.28571428571429,2771.4285714285716,22.50885954449085,4047319.1200856124
442.8571428571429,104.28571428571429,2937.1428571428573,22.48141110997346,4023168.2195942607
442.8571428571429,104.28571428571429,3102.857142857143,22.456452219033885,4000293.3384396867
442.8571428571429,104.28571428571429,3268.571428571429,22.433683303173545,3978639.051946699
442.8571428571429,104.28571428571429,3434.2857142857147,22.412847207732234,3958143.845687608
442.8571428571429,104.28571428571429,3600.0,22.393722707695566,3938743.512725101
442.8571428571429,151.42857142857144,120.0,23.62632004116553,9792954.68414307
442.8571428571429,151.42857142857144,285.7142857142857,23.50258165793323,6343134.456274346
442.8571428571429,151.42857142857144,451.42857142857144,23.38070269444074,5611861.324475302
442.8571428571429,151.42857142857144,617.1428571428571,23.260765791034757,5344287.573574296
442.8571428571429,151.42857142857144,782.8571428571429,23.145986219304113,5220775.000435334
442.8571428571429,151.42857142857144,948.5714285714287,23.039161887913146,5150339.546716601
442.8571428571429,151.42857142857144,1114.2857142857142,22.9417408211372,5100753.61820862
442.8571428571429,151.42857142857144,1280.0,22.854024729091194,5059692.451447825
442.8571428571429,151.42857142857144,1445.7142857142858,22.775605627730194,5022383.97950499
442.8571428571429,151.42857142857144,1611.4285714285716,22.705720086198724,4987052.0607376145
442.8571428571429,151.42857142857144,1777.1428571428573,22.643474947014777,4953110.974168817
442.8571428571429,151.42857142857144,1942.857142857143,22.587973533184215,4920427.322377025
442.8571428571429,151.42857142857144,2108.5714285714284,22.53837836303912,4889017.737568076
442.8571428571429,151.42857142857144,2274.285714285714,22.493937100280558,4858929.078219421
442.8571428571429,151.42857142857144,2440.0,22.453988670609693,4830195.36779148
442.8571428571429,151.42857142857144,2605.714285714286,22.417959473993513,4802826.3349867035
442.8571428571429,151.42857142857144,2771.4285714285716,22.38535523025384,4776808.157506136
442.8571428571429,151.42857142857144,2937.1428571428573,22.3557514111469,4752108.172102701
442.8571428571429,151.42857142857144,3102.857142857143,22.328783748394734,4728680.1946152905
442.8571428571429,151.42857142857144,3268.571428571429,22.304139502649836,4706469.216788805
442.8571428571429,151.42857142857144,3434.2857142857147,22.281549749879407,4685415.146453649
442.8571428571429,151.42857142857144,3600.0,22.260782723016124,4665455.6150969975
442.8571428571429,198.57142857142858,120.0,23.600321450907114,11116765.558933683
442.8571428571429,198.57142857142858,285.7142857142857,23.464619834719127,7184168.476845572
442.8571428571429,198.57142857142858,451.42857142857144,23.334785061018124,6336741.921403647
442.8571428571429,198.57142857142858,617.1428571428571,23.20905672352475,6021376.7126926165
442.8571428571429,198.57142857142858,782.8571428571429,23.089869006007042,5874285.257971317
442.8571428571429,198.57142857142858,948.5714285714287,22.979534941407543,5791200.411510887
442.8571428571429,198.57142857142858,1114.2857142857142,22.879189947508785,5734518.331336922
442.8571428571429,198.57142857142858,1280.0,22.788941265026782,5689368.795127104
442.8571428571429,198.57142857142858,1445.7142857142858,22.708263562125108,5649660.790192625
442.8571428571429,198.57142857142858,1611.4285714285716,22.636323369909746,5612896.183213506
442.8571428571429,198.57142857142858,1777.1428571428573,22.572185264106967,5578080.047120796
442.8571428571429,198.57142857142858,1942.857142857143,22.51492616759924,5544841.848180606
442.8571428571429,198.57142857142858,2108.5714285714284,22.46369114260375,5513058.960495183
442.8571428571429,198.57142857142858,2274.285714285714,22.4177154350479,5482695.991162395
442.8571428571429,198.57142857142858,2440.0,22.37632843252868,5453738.474792869
442.8571428571429,198.57142857142858,2605.714285714286,22.338948700945917,5426167.874862607
442.8571428571429,198.57142857142858,2771.4285714285716,22.305075196536073,5399954.29584881
442.8571428571429,198.57142857142858,2937.1428571428573,22.274277358399015,5375056.36132456
442.8571428571429,198.57142857142858,3102.857142857143,22.246185433876903,5351423.596444515
442.8571428571429,198.57142857142858,3268.571428571429,22.220481647087286,5328999.326182771
442.8571428571429,198.57142857142858,3434.2857142857147,22.196892427007466,5307723.310297342
442.8571428571429,198.57142857142858,3600.0,22.17518171181106,5287533.871997858
442.8571428571429,245.71428571428572,120.0,23.576999006163273,12313738.834321698
442.8571428571429,245.71428571428572,285.7142857142857,23.43239929700506,7939790.731604762
442.8571428571429,245.71428571428572,451.42857142857144,23.2971812075114,6985536.54829469
442.8571428571429,245.71428571428572,617.1428571428571,23.167842249244583,6626103.10926384
442.8571428571429,245.71428571428572,782.8571428571429,23.046112987982234,6457202.8193576615
442.8571428571429,245.71428571428572,948.5714285714287,22.93388559033371,6362384.697870022
442.8571428571429,245.71428571428572,1114.2857142857142,22.83203372956696,6299115.462369609
442.8571428571429,245.71428571428572,1280.0,22.74050827632451,6250188.281017371
442.8571428571429,245.71428571428572,1445.7142857142858,22.658694483261524,6208297.079113319
442.8571428571429,245.71428571428572,1611.4285714285716,22.585709569967875,6170274.384181009
442.8571428571429,245.71428571428572,1777.1428571428573,22.520591701859402,6134742.416537279
442.8571428571429,245.71428571428572,1942.857142857143,22.462403968562985,6101106.0805561915
442.8571428571429,245.71428571428572,2108.5714285714284,22.410284254290204,6069108.84901035
442.8571428571429,245.71428571428572,2274.285714285714,22.363463999660606,6038634.727564683
442.8571428571429,245.71428571428572,2440.0,22.321270395507945,6009620.595486117
442.8571428571429,245.71428571428572,2605.714285714286,22.28312050410695,5982018.6801783135
442.8571428571429,245.71428571428572,2771.4285714285716,22.248512018963336,5955781.76919044
442.8571428571429,245.71428571428572,2937.1428571428573,22.217013151552077,5930858.524509406
442.8571428571429,245.71428571428572,3102.857142857143,22.188252877811923,5907193.052315378
442.8571428571429,245.71428571428572,3268.571428571429,22.16191208991092,5884726.050739434
442.8571428571429,245.71428571428572,3434.2857142857147,22.137715835317618,5863396.347980383
442.8571428571429,245.71428571428572,3600.0,22.115426642206486,5843142.341105663
442.8571428571429,292.8571428571429,120.0,23.555813660975264,13416099.935432073
442.8571428571429,292.8571428571429,285.7142857142857,23.404411657585413,8633636.499276884
442.8571428571429,292.8571428571429,451.42857142857144,23.265434310212164,7580097.257371086
442.8571428571429,292.8571428571429,617.1428571428571,23.133790185149703,7179684.70346257
442.8571428571429,292.8571428571429,782.8571428571429,23.01059466559378,6990485.503788083
442.8571428571429,292.8571428571429,948.5714285714287,22.89738107121087,6884734.822876948
442.8571428571429,292.8571428571429,1114.2857142857142,22.79480518985041,6815327.426060624
442.8571428571429,292.8571428571429,1280.0,22.702691432918304,6762890.266989775
442.8571428571429,292.8571428571429,1445.7142857142858,22.62035572080227,6718989.552804465
442.8571428571429,292.8571428571429,1611.4285714285716,22.546879621147877,6679834.73137133
442.8571428571429,292.8571428571429,1777.1428571428573,22.481284509162137,6643689.87630615
442.8571428571429,292.8571428571429,1942.857142857143,22.422626738945688,6609748.379510423
442.8571428571429,292.8571428571429,2108.5714285714284,22.37004250970969,6577626.475155561
442.8571428571429,292.8571428571429,2274.285714285714,22.32276388858252,6547130.730124205
442.8571428571429,292.8571428571429,2440.0,22.280119562612484,6518150.63658038
442.8571428571429,292.8571428571429,2605.714285714286,22.241528239694205,6490609.458508967
442.8571428571429,292.8571428571429,2771.4285714285716,22.206489078722367,6464442.44598403
442.8571428571429,292.8571428571429,2937.1428571428573,22.174571451648866,6439587.863585468
442.8571428571429,292.8571428571429,3102.857142857143,22.14540516799928,6415983.89774449
442.8571428571429,292.8571428571429,3268.571428571429,22.11867165218916,6393568.131887727
442.8571428571429,292.8571428571429,3434.2857142857147,22.094096226679714,6372278.024749703
442.8571428571429,292.8571428571429,3600.0,22.071441485370563,6352051.673728654
442.8571428571429,340.0,120.0,23.53639457775999,14444055.12822517
442.8571428571429,340.0,285.7142857142857,23.379691979590067,9280180.944874218
442.8571428571429,340.0,451.42857142857144,23.238042112572572,8133613.73833181
442.8571428571429,340.0,617.1428571428571,23.104926047340467,7694809.63617497
442.8571428571429,340.0,782.8571428571429,22.980926442671116,7486590.734848149
442.8571428571429,340.0,948.5714285714287,22.867271269637047,7370592.466479667
442.8571428571429,340.0,1114.2857142857142,22.7644340875162,7295431.809071652
442.8571428571429,340.0,1280.0,22.672135924661006,7239710.774635021
442.8571428571429,340.0,1445.7142857142858,22.589638038185957,7193941.260101743
442.8571428571429,340.0,1611.4285714285716,22.51599572555971,7153749.326216972
442.8571428571429,340.0,1777.1428571428573,22.450219750082663,7117062.738531309
442.8571428571429,340.0,1942.857142857143,22.39136399513682,7082875.413701776
442.8571428571429,340.0,2108.5714285714284,22.338566089795645,7050682.897540846
442.8571428571429,340.0,2274.285714285714,22.29106113397991,7020217.770498568
442.8571428571429,340.0,2440.0,22.248181261670027,6991323.84220003
442.8571428571429,340.0,2605.714285714286,22.209348467280865,6963896.142183388
442.8571428571429,340.0,2771.4285714285716,22.17406479169514,6937852.580595682
442.8571428571429,340.0,2937.1428571428573,22.141902011514205,6913120.946138006
442.8571428571429,340.0,3102.857142857143,22.112491874638785,6889633.296801223
442.8571428571429,340.0,3268.571428571429,22.085517325519422,6867323.844245611
442.8571428571429,340.0,3434.2857142857147,22.06070484861168,6846128.416818734
442.8571428571429,340.0,3600.0,22.03781790226777,6825984.570268566
442.8571428571429,387.14285714285717,120.0,23.518469951412396,15411327.829198405
442.8571428571429,387.14285714285717,285.7142857142857,23.357579683769057,9889039.495350918
442.8571428571429,387.14285714285717,451.42857142857144,23.214015482874892,8654740.351326404
442.8571428571429,387.14285714285717,617.1428571428571,23.07998391161671,8179741.045492759
442.8571428571429,387.14285714285717,782.8571428571429,22.955607165771834,7953593.413031104
442.8571428571429,387.14285714285717,948.5714285714287,22.84185250833472,7827934.235826556
442.8571428571429,387.14285714285717,1114.2857142857142,22.739039919184123,7747350.002108969
442.8571428571429,387.14285714285717,1280.0,22.646804943704208,7688536.825805102
442.8571428571429,387.14285714285717,1445.7142857142858,22.564365113625907,7641014.559206127
442.8571428571429,387.14285714285717,1611.4285714285716,22.49075611915138,7599859.923629873
442.8571428571429,387.14285714285717,1777.1428571428573,22.42498224616402,7562683.421535101
442.8571428571429,387.14285714285717,1942.857142857143,22.36609757681662,7528290.237994279
442.8571428571429,387.14285714285717,2108.5714285714284,22.31324299552969,7496061.270788693
442.8571428571429,387.14285714285717,2274.285714285714,22.265657969911516,7465658.454053395
442.8571428571429,387.14285714285717,2440.0,22.22267912328525,7436881.696684592
442.8571428571429,387.14285714285717,2605.714285714286,22.183732596750055,7409598.678425243
442.8571428571429,387.14285714285717,2771.4285714285716,22.148324052447553,7383710.343505231
442.8571428571429,387.14285714285717,2937.1428571428573,22.116028324483445,7359134.095132088
442.8571428571429,387.14285714285717,3102.857142857143,22.08647968540718,7335795.802888941
442.8571428571429,387.14285714285717,3268.571428571429,22.059363131310306,7313626.174068295
442.8571428571429,387.14285714285717,3434.2857142857147,22.034406793229493,7292559.246034369
442.8571428571429,387.14285714285717,3600.0,22.01137543688619,7272531.869212086
442.8571428571429,434.28571428571433,120.0,23.50183183766913,16327773.631743263
442.8571428571429,434.28571428571433,285.7142857142857,23.337600066826983,10466977.051510496
442.8571428571429,434.28571428571433,451.42857142857144,23.19266734756756,9149502.228868684
442.8571428571429,434.28571428571433,617.1428571428571,23.05810440119659,8640196.50606603
442.8571428571429,434.28571428571433,782.8571428571429,22.933634856062355,8397059.966478521
442.8571428571429,434.28571428571433,948.5714285714287,22.820002203580017,8262246.259302123
442.8571428571429,434.28571428571433,1114.2857142857142,22.717395920614443,8176522.867310079
442.8571428571429,434.28571428571433,1280.0,22.62538011614022,8114781.7988135815
442.8571428571429,434.28571428571433,1445.7142857142858,22.54313691640494,8065604.271766185
442.8571428571429,434.28571428571433,1611.4285714285716,22.46968726645536,8023547.06652393
442.8571428571429,434.28571428571433,1777.1428571428573,22.40403182751188,7985920.036280586
442.8571428571429,434.28571428571433,1942.857142857143,22.345226595788297,7951349.143462124
442.8571428571429,434.28571428571433,2108.5714285714284,22.292416793151617,7919106.091634455
442.8571428571429,434.28571428571433,2274.285714285714,22.24484698754755,7888785.26974778
442.8571428571429,434.28571428571433,2440.0,22.201858831243268,7860144.409929133
442.8571428571429,434.28571428571433,2605.714285714286,22.162883043281525,7833024.758069108
442.8571428571429,434.28571428571433,2771.4285714285716,22.127429275073766,7807310.736589331
442.8571428571429,434.28571428571433,2937.1428571428573,22.095075746560152,7782909.535589444
442.8571428571429,434.28571428571433,3102.857142857143,22.065459555666937,7759740.856422131
442.8571428571429,434.28571428571433,3268.571428571429,22.038268029338354,7737731.84125824
442.8571428571429,434.28571428571433,3434.2857142857147,22.01323120594549,7716814.63698776
442.8571428571429,434.28571428571433,3600.0,21.99011540247636,7696925.275069426
442.8571428571429,481.42857142857144,120.0,23.486316128841498,17200768.971777003
442.8571428571429,481.42857142857144,285.7142857142857,23.31939924436582,11018961.894824669
442.8571428571429,481.42857142857144,451.42857142857144,23.17350059884374,9622284.523419192
442.8571428571429,481.42857142857144,617.1428571428571,23.038678126323713,9080316.146275882
442.8571428571429,481.42857142857144,782.8571428571429,22.91430948415662,8821008.811346551
442.8571428571429,481.42857142857144,948.5714285714287,22.800944977656872,8677481.755532417
442.8571428571429,481.42857142857144,1114.2857142857142,22.698662305130423,8586866.876297701
442.8571428571429,481.42857142857144,1280.0,22.60696530388808,8522340.243973603
442.8571428571429,481.42857142857144,1445.7142857142858,22.52500713759651,8471590.764935592
442.8571428571429,481.42857142857144,1611.4285714285716,22.45179763380424,8428680.879470555
442.8571428571429,481.42857142857144,1777.1428571428573,22.38633584326777,8390634.358571269
442.8571428571429,481.42857142857144,1942.857142857143,22.327680794364948,8355906.36223857
442.8571428571429,481.42857142857144,2108.5714285714284,22.274982680261772,8323664.294984132
442.8571428571429,481.42857142857144,2274.285714285714,22.227491548503952,8293437.835944836
442.8571428571429,481.42857142857144,2440.0,22.184554329854315,8264944.158351302
442.8571428571429,481.42857142857144,2605.714285714286,22.145606507253984,8237998.968555534
442.8571428571429,481.42857142857144,2771.4285714285716,22.110161877565908,8212470.631747931
442.8571428571429,481.42857142857144,2937.1428571428573,22.07780218941538,8188256.33627001
442.8571428571429,481.42857142857144,3102.857142857143,22.04816750294651,8165269.680026575
442.8571428571429,481.42857142857144,3268.571428571429,22.020947609497114,8143434.222849547
442.8571428571429,481.42857142857144,3434.2857142857147,21.995874585529844,8122680.160907903
442.8571428571429,481.42857142857144,3600.0,21.972716426861847,8102942.6267242255
442.8571428571429,528.5714285714286,120.0,23.471790212405676,18036013.461139996
442.8571428571429,528.5714285714286,285.7142857142857,23.30270567283956,11548766.775220739
442.8571428571429,528.5714285714286,451.42857142857144,23.156143804656992,10076391.156384835
442.8571428571429,528.5714285714286,617.1428571428571,23.021257805748206,9503205.903950658
442.8571428571429,528.5714285714286,782.8571428571429,22.89712399272372,9228447.000501316
442.8571428571429,528.5714285714286,948.5714285714287,22.78412492465198,9076594.595411535
442.8571428571429,528.5714285714286,1114.2857142857142,22.682241849263548,8981305.97204806
442.8571428571429,528.5714285714286,1280.0,22.5909273174534,8914118.49074485
442.8571428571429,528.5714285714286,1445.7142857142858,22.50931059898769,8861869.333815223
442.8571428571429,528.5714285714286,1611.4285714285716,22.43639316064326,8818149.09037954
442.8571428571429,528.5714285714286,1777.1428571428573,22.371173889487004,8779708.307316786
442.8571428571429,528.5714285714286,1942.857142857143,22.312715577130742,8744838.828002125
442.8571428571429,528.5714285714286,2108.5714285714284,22.260173742548535,8712608.152895933
442.8571428571429,528.5714285714286,2274.285714285714,22.212804078543087,8682483.831061812
442.8571428571429,528.5714285714286,2440.0,22.169958872065127,8654143.975998988
442.8571428571429,528.5714285714286,2605.714285714286,22.131078412033858,8627379.605484558
442.8571428571429,528.5714285714286,2771.4285714285716,22.095680673039116,8602043.488751646
442.8571428571429,528.5714285714286,2937.1428571428573,22.063350966497172,8578023.040308893
442.8571428571429,528.5714285714286,3102.857142857143,22.033732355012386,8555225.844470242
442.8571428571429,528.5714285714286,3268.571428571429,22.006517141398938,8533571.888818579
442.8571428571429,528.5714285714286,3434.2857142857147,21.981439493223384,8512989.384796485
442.8571428571429,528.5714285714286,3600.0,21.958269142578427,8493412.509606093
442.8571428571429,575.7142857142858,120.0,23.458144905026685,18838024.063160587
442.8571428571429,575.7142857142858,285.7142857142857,23.287306063107867,12059334.302132152
442.8571428571429,575.7142857142858,451.42857142857144,23.14031208608272,10514381.469085995
442.8571428571429,575.7142857142858,617.1428571428571,23.00550581689818,9911262.975667654
442.8571428571429,575.7142857142858,782.8571428571429,22.88170016359602,9621690.534047702
442.8571428571429,575.7142857142858,948.5714285714287,22.769131224453147,9461857.03167859
442.8571428571429,575.7142857142858,1114.2857142857142,22.667696457864363,9362087.84004142
442.8571428571429,575.7142857142858,1280.0,22.576804443476785,9292349.921946043
442.8571428571429,575.7142857142858,1445.7142857142858,22.49556460021621,9238664.627347663
442.8571428571429,575.7142857142858,1611.4285714285716,22.42297216123429,9194170.613971286
442.8571428571429,575.7142857142858,1777.1428571428573,22.358026902053012,9155356.634015337
442.8571428571429,575.7142857142858,1942.857142857143,22.2997958508251,9120357.904576827
442.8571428571429,575.7142857142858,2108.5714285714284,22.24744002857178,9088145.979810674
442.8571428571429,575.7142857142858,2274.285714285714,22.20022080747228,9058128.625469295
442.8571428571429,575.7142857142858,2440.0,22.15749580509149,9029946.277941862
442.8571428571429,575.7142857142858,2605.714285714286,22.118710073056906,9003366.066562023
442.8571428571429,575.7142857142858,2771.4285714285716,22.08338572269748,8978225.611305567
442.8571428571429,575.7142857142858,2937.1428571428573,22.05111159781934,8954402.785353532
442.8571428571429,575.7142857142858,3102.857142857143,22.02153374602128,8931799.263149815
442.8571428571429,575.7142857142858,3268.571428571429,21.994346976560358,8910331.487653539
442.8571428571429,575.7142857142858,3434.2857142857147,21.969287553799834,8889925.669680247
442.8571428571429,575.7142857142858,3600.0,21.946126960463292,8870514.991773222
442.8571428571429,622.8571428571429,120.0,23.445288937304277,19610455.155308314
442.8571428571429,622.8571428571429,285.7142857142857,23.27302960958786,12553010.524568837
442.8571428571429,622.8571428571429,451.42857142857144,23.125782159060645,10938283.69136241
442.8571428571429,622.8571428571429,617.1428571428571,22.991161318478298,10306381.143988289
442.8571428571429,622.8571428571429,782.8571428571429,22.867748926000083,10002565.802802196
442.8571428571429,622.8571428571429,948.5714285714287,22.755652542243887,9835059.124216082
442.8571428571429,622.8571428571429,1114.2857142857142,22.65469638583686,9730982.1832246
442.8571428571429,622.8571428571429,1280.0,22.5642510836785,9658792.494405702
442.8571428571429,622.8571428571429,1445.7142857142858,22.4834094681495,9603727.578220341
442.8571428571429,622.8571428571429,1611.4285714285716,22.41116220127357,9558491.941132408
442.8571428571429,622.8571428571429,1777.1428571428573,22.34651071844176,9519322.769707436
442.8571428571429,622.8571428571429,1942.857142857143,22.28852658229412,9484204.66815419
442.8571428571429,622.8571428571429,2108.5714285714284,22.23637637654229,9452016.823070427
442.8571428571429,622.8571428571429,2274.285714285714,22.189327105208477,9422109.35614171
442.8571428571429,622.8571428571429,2440.0,22.146741628810794,9394086.30072596
442.8571428571429,622.8571428571429,2605.714285714286,22.10806966798058,9367691.646138506
442.8571428571429,622.8571428571429,2771.4285714285716,22.072837386692026,9342748.290239591
442.8571428571429,622.8571428571429,2937.1428571428573,22.04063709260549,9319124.795471184
442.8571428571429,622.8571428571429,3102.857142857143,22.01111776639243,9296717.037348812
442.8571428571429,622.8571428571429,3268.571428571429,21.983976687217048,9275437.953252329
442.8571428571429,622.8571428571429,3434.2857142857147,21.958952192956875,9255211.75027126
442.8571428571429,622.8571428571429,3600.0,21.93581750460083,9235970.58958519
442.8571428571429,670.0,120.0,23.43314504496583,20356314.413882323
442.8571428571429,670.0,285.7142857142857,23.2597372790584,13031700.47338518
442.8571428571429,670.0,451.42857142857144,23.112375785193592,11349736.039969863
442.8571428571429,670.0,617.1428571428571,22.978018796993286,10690085.888327546
442.8571428571429,670.0,782.8571428571429,22.855044755734124,10372541.77665788
442.8571428571429,670.0,948.5714285714287,22.743447872325202,10197639.381541206
442.8571428571429,670.0,1114.2857142857142,22.642987987489157,10089410.479434885
442.8571428571429,670.0,1280.0,22.55300277445898,10014857.93239699
442.8571428571429,670.0,1445.7142857142858,22.472571142861955,9958464.179242427
442.8571428571429,670.0,1611.4285714285716,22.400680496987977,9912515.557335751
442.8571428571429,670.0,1777.1428571428573,22.33633450000803,9873006.901386317
442.8571428571429,670.0,1942.857142857143,22.278609425726774,9837777.638101185
442.8571428571429,670.0,2108.5714285714284,22.226677405587207,9805617.83731517
442.8571428571429,670.0,2274.285714285714,22.179810977426357,9775821.932820221
442.8571428571429,670.0,2440.0,22.137378120337463,9747958.730359912
442.8571428571429,670.0,2605.714285714286,22.098833101177156,9721749.778086292
442.8571428571429,670.0,2771.4285714285716,22.06370602777856,9697003.657577738
442.8571428571429,670.0,2937.1428571428573,22.031592581111315,9673579.845731564
442.8571428571429,670.0,3102.857142857143,22.002144602808386,9651368.533274336
442.8571428571429,670.0,3268.571428571429,21.975061786608844,9630279.19852163
442.8571428571429,670.0,3434.2857142857147,21.950084503011396,9610234.050966784
442.8571428571429,670.0,3600.0,21.926987682378538,9591164.213279149
442.8571428571429,717.1428571428572,120.0,23.421647116612093,21078113.392492954
442.8571428571429,717.1428571428572,285.7142857142857,23.247314310812378,13496975.30354775
442.8571428571429,717.1428571428572,451.42857142857144,23.09994843856595,11750083.25195721
442.8571428571429,717.1428571428572,617.1428571428571,22.9659135895761,11063626.453340668
442.8571428571429,717.1428571428572,782.8571428571429,22.84340858265565,10732819.862619342
442.8571428571429,717.1428571428572,948.5714285714287,22.73232722800679,10550773.436356038
442.8571428571429,717.1428571428572,1114.2857142857142,22.632372488893676,10438533.98109239
442.8571428571429,717.1428571428572,1280.0,22.542853273134916,10361699.30480819
442.8571428571429,717.1428571428572,1445.7142857142858,22.462836761937,10304022.761239914
442.8571428571429,717.1428571428572,1611.4285714285716,22.391308148863533,10257386.976818942
442.8571428571429,717.1428571428572,1777.1428571428573,22.32727374290718,10217552.783376623
442.8571428571429,717.1428571428572,1942.857142857143,22.269814620831365,10182219.369581483
442.8571428571429,717.1428571428572,2108.5714285714284,22.21810839736755,10150090.655031778
442.8571428571429,717.1428571428572,2274.285714285714,22.171433015520837,10120407.180805782
442.8571428571429,717.1428571428572,2440.0,22.12916142779774,10092703.611795755
442.8571428571429,717.1428571428572,2605.714285714286,22.090752308735155,10066679.70767492
442.8571428571429,717.1428571428572,2771.4285714285716,22.055739587992708,10042130.118186144
442.8571428571429,717.1428571428572,2937.1428571428573,22.02372221733662,10018905.452708082
442.8571428571429,717.1428571428572,3102.857142857143,21.994354815981946,9996890.332047876
442.8571428571429,717.1428571428572,3268.571428571429,21.967339426101958,9975990.82682931
442.8571428571429,717.1428571428572,3434.2857142857147,21.942418399500397,9956127.161833825
442.8571428571429,717.1428571428572,3600.0,21.91936833698231,9937229.411430376
442.8571428571429,764.2857142857143,120.0,23.410738061441275,21777975.54786612
442.8571428571429,764.2857142857143,285.7142857142857,23.23566482814858,13950148.233823149
442.8571428571429,764.2857142857143,451.42857142857144,23.088381329039063,12140444.578220244
442.8571428571429,764.2857142857143,617.1428571428571,22.95471183174925,11428040.465568388
442.8571428571429,764.2857142857143,782.8571428571429,22.832696038866708,11084396.834760152
442.8571428571429,764.2857142857143,948.5714285714287,22.72213846394611,10895436.067387644
442.8571428571429,764.2857142857143,1114.2857142857142,22.622691585185905,10779315.218618445
442.8571428571429,764.2857142857143,1280.0,22.533639081377103,10700272.209577497
442.8571428571429,764.2857142857143,1445.7142857142858,22.454038228081483,10641354.959128344
442.8571428571429,764.2857142857143,1611.4285714285716,22.38287284910204,10594055.53859807
442.8571428571429,764.2857142857143,1777.1428571428573,22.319152205449427,10553908.384082226
442.8571428571429,764.2857142857143,1942.857142857143,22.261962208739778,10518476.957820615
442.8571428571429,764.2857142857143,2108.5714285714284,22.210485860443175,10486381.748470413
442.8571428571429,764.2857142857143,2274.285714285714,22.16400636234667,10456811.057975123
442.8571428571429,764.2857142857143,2440.0,22.121901484562702,10429266.417878207
442.8571428571429,764.2857142857143,2605.714285714286,22.083634163383365,10403426.409691496
442.8571428571429,764.2857142857143,2771.4285714285716,22.048742022211435,10379072.115147477
442.8571428571429,764.2857142857143,2937.1428571428573,22.016827175455738,10356045.486166291
442.8571428571429,764.2857142857143,3102.857142857143,21.987546930915137,10334225.687718013
442.8571428571429,764.2857142857143,3268.571428571429,21.96060560734009,10313515.437200911
442.8571428571429,764.2857142857143,3434.2857142857147,21.935747480714618,10293832.99257004
442.8571428571429,764.2857142857143,3600.0,21.912750777510478,10275107.3758473
442.8571428571429,811.4285714285714,120.0,23.400368182318594,22457715.619066782
442.8571428571429,811.4285714285714,285.7142857142857,23.22470788012829,14392329.700994147
442.8571428571429,811.4285714285714,451.42857142857144,23.077575654026546,12521762.882668894
442.8571428571429,811.4285714285714,617.1428571428571,22.944303304012927,11784200.443658013
442.8571428571429,811.4285714285714,782.8571428571429,22.822789171998576,11428110.043983174
442.8571428571429,811.4285714285714,948.5714285714287,22.712758048538877,11232445.706290392
442.8571428571429,811.4285714285714,1114.2857142857142,22.613817409680696,11112562.106824085
442.8571428571429,811.4285714285714,1280.0,22.5252287123334,11031378.636839615
442.8571428571429,811.4285714285714,1445.7142857142858,22.446040851851738,10971259.413151877
442.8571428571429,811.4285714285714,1611.4285714285716,22.37523696196589,10923317.986425843
442.8571428571429,811.4285714285714,1777.1428571428573,22.311829477496964,10882869.363474343
442.8571428571429,811.4285714285714,1942.857142857143,22.254909134360027,10847345.420487542
442.8571428571429,811.4285714285714,2108.5714285714284,22.203664203837775,10815285.71856271
442.8571428571429,811.4285714285714,2274.285714285714,22.157382990808138,10785827.849301392
442.8571428571429,811.4285714285714,2440.0,22.115447923031773,10758441.147646612
442.8571428571429,811.4285714285714,2605.714285714286,22.077326050560576,10732783.588688506
442.8571428571429,811.4285714285714,2771.4285714285716,22.04255856094742,10708623.030519834
442.8571428571429,811.4285714285714,2937.1428571428573,22.010750621453354,10685792.969463198
442.8571428571429,811.4285714285714,3102.857142857143,21.98156213744372,10664167.227022815
442.8571428571429,811.4285714285714,3268.571428571429,21.95469962994426,10643645.223722856
442.8571428571429,811.4285714285714,3434.2857142857147,21.929909239176634,10624143.27231197
442.8571428571429,811.4285714285714,3600.0,21.906970769400683,10605589.342957525
442.8571428571429,858.5714285714287,120.0,23.390493912534012,23118899.175611395
442.8571428571429,858.5714285714287,285.7142857142857,23.21437447747742,14824468.273227721
442.8571428571429,858.5714285714287,451.42857142857144,23.067448370289778,12894840.870640855
442.8571428571429,858.5714285714287,617.1428571428571,22.934596231210502,12132848.016371109
442.8571428571429,858.5714285714287,782.8571428571429,22.813590471814102,11764670.622601606
442.8571428571429,858.5714285714287,948.5714285714287,22.704084455565738,11562497.093281385
442.8571428571429,858.5714285714287,1114.2857142857142,22.60564538686602,11438960.2883998
442.8571428571429,858.5714285714287,1280.0,22.517515074319068,11355699.124916853
442.8571428571429,858.5714285714287,1445.7142857142858,22.438735318183518,11294413.802993365
442.8571428571429,858.5714285714287,1611.4285714285716,22.368289114227704,11245850.41470349
442.8571428571429,858.5714285714287,1777.1428571428573,22.305192228586947,11205110.947132839
442.8571428571429,858.5714285714287,1942.857142857143,22.248540180843644,11169499.506889284
442.8571428571429,858.5714285714287,2108.5714285714284,22.197526382797633,11137477.041480634
442.8571428571429,858.5714285714287,2274.285714285714,22.151444082975164,11108131.850674553
442.8571428571429,858.5714285714287,2440.0,22.109680206838316,11080901.946373036
442.8571428571429,858.5714285714287,2605.714285714286,22.071705771482968,11055425.233986212
442.8571428571429,858.5714285714287,2771.4285714285716,22.03706540036301,11031456.67420912
442.8571428571429,858.5714285714287,2937.1428571428573,22.005367204691993,11008821.501519242
442.8571428571429,858.5714285714287,3102.857142857143,21.97627359665653,10987388.30406782
442.8571428571429,858.5714285714287,3268.571428571429,21.94949322491545,10967053.262903852
442.8571428571429,858.5714285714287,3434.2857142857147,21.924774033113067,10947730.769993568
442.8571428571429,858.5714285714287,3600.0,21.90189735411892,10929347.747767178
442.8571428571429,905.7142857142858,120.0,23.381076819981768,23762888.10118387
442.8571428571429,905.7142857142858,285.7142857142857,23.204605335149644,15247381.565543313
442.8571428571429,905.7142857142858,451.42857142857144,23.057929027208008,13260368.329805601
442.8571428571429,905.7142857142858,617.1428571428571,22.92551342979183,12474619.583639307
442.8571428571429,905.7142857142858,782.8571428571429,22.80501848017462,12094688.347334713
442.8571428571429,905.7142857142858,948.5714285714287,22.6960333372291,11886185.707336
442.8571428571429,905.7142857142858,1114.2857142857142,22.59808903715033,11759097.318560818
442.8571428571429,905.7142857142858,1280.0,22.51040995567609,11673816.798859583
442.8571428571429,905.7142857142858,1445.7142857142858,22.432031887075443,11611398.79326124
442.8571428571429,905.7142857142858,1611.4285714285716,22.36193813939841,11562232.148692671
442.8571428571429,905.7142857142858,1777.1428571428573,22.299147918256832,11521211.755079709
442.8571428571429,905.7142857142858,1942.857142857143,22.24276146506568,11485517.481761143
442.8571428571429,905.7142857142858,2108.5714285714284,22.191977195982297,11453533.809708044
442.8571428571429,905.7142857142858,2274.285714285714,22.146093143642723,11424301.06756644
442.8571428571429,905.7142857142858,2440.0,22.104500573917345,11397226.76123496
442.8571428571429,905.7142857142858,2605.714285714286,22.066674327593276,11371929.231477173
442.8571428571429,905.7142857142858,2771.4285714285716,22.032162338885655,11348150.85105788
442.8571428571429,905.7142857142858,2937.1428571428573,22.00057555652378,11325708.778525364
442.8571428571429,905.7142857142858,3102.857142857143,21.971578810485514,11304466.476227602
442.8571428571429,905.7142857142858,3268.571428571429,21.94488280342524,11284316.943599947
442.8571428571429,905.7142857142858,3434.2857142857147,21.920237221984355,11265172.678361207
442.8571428571429,905.7142857142858,3600.0,21.89742487834969,11246959.562242264
442.8571428571429,952.8571428571429,120.0,23.372082811675007,24390875.889653124
442.8571428571429,952.8571428571429,285.7142857142857,23.195349127188454,15661779.98440054
442.8571428571429,952.8571428571429,451.42857142857144,23.04895735682832,13618942.957223218
442.8571428571429,952.8571428571429,617.1428571428571,22.916989405629366,12810065.888364254
442.8571428571429,952.8571428571429,782.8571428571429,22.797004508817924,12418690.576307576
442.8571428571429,952.8571428571429,948.5714285714287,22.6885339360961,12204026.358755892
442.8571428571429,952.8571428571429,1114.2857142857142,22.591076132700856,12073481.062642654
442.8571428571429,952.8571428571429,1280.0,22.50383995886158,11986235.652988736
442.8571428571429,952.8571428571429,1445.7142857142858,22.42585613079506,11922716.244053163
442.8571428571429,952.8571428571429,1611.4285714285716,22.35610863705595,11872963.90599697
442.8571428571429,952.8571428571429,1777.1428571428573,22.293620192794574,11831671.925899593
442.8571428571429,952.8571428571429,1942.857142857143,22.237495684651513,11795899.217583936
442.8571428571429,952.8571428571429,2108.5714285714284,22.1869383939177,11763955.794781776
442.8571428571429,952.8571428571429,2274.285714285714,22.141250980092384,11734835.248699542
442.8571428571429,952.8571428571429,2440.0,22.09982889645822,11707915.345599476
442.8571428571429,952.8571428571429,2605.714285714286,22.0621506687603,11682795.337901749
442.8571428571429,952.8571428571429,2771.4285714285716,22.027767421000313,11659205.304447183
442.8571428571429,952.8571428571429,2937.1428571428573,21.99629283639861,11636954.506302463
442.8571428571429,952.8571428571429,3102.857142857143,21.967394076296515,11615901.38485087
442.8571428571429,952.8571428571429,3268.571428571429,21.94078382555545,11595935.815828416
442.8571428571429,952.8571428571429,3434.2857142857147,21.916213454586448,11576968.430830097
442.8571428571429,952.8571428571429,3600.0,21.8934672062615,11558924.080296354
442.8571428571429,1000.0,120.0,23.363481490809143,25003915.422640778
442.8571428571429,1000.0,285.7142857142857,23.18656111952409,16068285.230834661
442.8571428571429,1000.0,451.42857142857144,23.040481413481718,13971086.520315373
442.8571428571429,1000.0,617.1428571428571,22.90896813506787,13139667.169823742
442.8571428571429,1000.0,782.8571428571429,22.789490147494167,12737136.89270278
442.8571428571429,1000.0,948.5714285714287,22.681526375928897,12516467.556228843
442.8571428571429,1000.0,1114.2857142857142,22.58454580752848,12382553.906938495
442.8571428571429,1000.0,1280.0,22.49774345453863,12293394.670219041
442.8571428571429,1000.0,1445.7142857142858,22.42014574954434,12228803.273925416
442.8571428571429,1000.0,1611.4285714285716,22.3507376632928,12178481.822089462
442.8571428571429,1000.0,1777.1428571428573,22.28854546097873,12136927.114678057
442.8571428571429,1000.0,1942.857142857143,22.232678587786754,12101080.169740152
442.8571428571429,1000.0,2108.5714285714284,22.182345050474993,12069178.401705932
442.8571428571429,1000.0,2274.285714285714,22.13685198198391,12040169.820294729
442.8571428571429,1000.0,2440.0,22.095598875289756,12013403.1729571
442.8571428571429,1000.0,2605.714285714286,22.05806780769422,11988459.07401581
442.8571428571429,1000.0,2771.4285714285716,22.023812976766298,11965055.588170635
442.8571428571429,1000.0,2937.1428571428573,21.992450701144072,11942994.250399008
442.8571428571429,1000.0,3102.857142857143,21.963650390226423,11922128.583200611
442.8571428571429,1000.0,3268.571428571429,21.93712664165398,11902345.396292362
442.8571428571429,1000.0,3434.2857142857147,21.91263245208352,11883553.484459829
442.8571428571429,1000.0,3600.0,21.889953447597563,11865676.678199625
478.57142857142856,10.0,120.0,23.71507247000837,5086953.994936814
478.57142857142856,10.0,285.7142857142857,23.6671700191603,3012593.2501127347
478.57142857142856,10.0,451.42857142857144,23.61411811657854,2577552.238334499
478.57142857142856,10.0,617.1428571428571,23.557871811747596,2409792.8159817923
478.57142857142856,10.0,782.8571428571429,23.501861689129807,2320621.1217651544
478.57142857142856,10.0,948.5714285714287,23.44896726944,2258516.252640058
478.57142857142856,10.0,1114.2857142857142,23.40081325574628,2206782.8547594287
478.57142857142856,10.0,1280.0,23.357962700218202,2159920.0558751794
478.57142857142856,10.0,1445.7142857142858,23.320320158666092,2116232.4064527936
478.57142857142856,10.0,1611.4285714285716,23.28745959307836,2075272.3285788465
478.57142857142856,10.0,1777.1428571428573,23.258830414751877,2036943.6716446325
478.57142857142856,10.0,1942.857142857143,23.23386937796491,2001203.9856814807
478.57142857142856,10.0,2108.5714285714284,23.21205374384583,1967981.45586117
478.57142857142856,10.0,2274.285714285714,23.192921708835932,1937164.5016123105
478.57142857142856,10.0,2440.0,23.176076089293115,1908612.1951254543
478.57142857142856,10.0,2605.714285714286,23.16118025026676,1882167.5862239075
478.57142857142856,10.0,2771.4285714285716,23.147951025068622,1857668.6019169702
478.57142857142856,10.0,2937.1428571428573,23.136150986321134,1834955.6232635155
478.57142857142856,10.0,3102.857142857143,23.12558114956569,1813876.2147799907
478.57142857142856,10.0,3268.571428571429,23.116074531683925,1794287.7548882011
478.57142857142856,10.0,3434.2857142857147,23.107490662988933,1776058.636224916
478.57142857142856,10.0,3600.0,23.09971100443906,1759068.544653934
478.57142857142856,57.142857142857146,120.0,23.658578285516505,8109219.2046184195
478.57142857142856,57.142857142857146,285.7142857142857,23.56247073746295,5047143.9900217615
478.57142857142856,57.142857142857146,451.42857142857144,23.461711659846994,4405339.452526247
478.57142857142856,57.142857142857146,617.1428571428571,23.35860701196611,4166714.5919752363
478.57142857142856,57.142857142857146,782.8571428571429,23.25774477533741,4049733.671405902
478.57142857142856,57.142857142857146,948.5714285714287,23.162918641486623,3975841.176338185
478.57142857142856,57.142857142857146,1114.2857142857142,23.07622623955404,3918302.2629749198
478.57142857142856,57.142857142857146,1280.0,22.998348855383103,3867548.0322445636
478.57142857142856,57.142857142857146,1445.7142857142858,22.9290839897261,3820235.3563911547
478.57142857142856,57.142857142857146,1611.4285714285716,22.867775634228067,3775311.3928124607
478.57142857142856,57.142857142857146,1777.1428571428573,22.81358843154848,3732526.7438195804
478.57142857142856,57.142857142857146,1942.857142857143,22.765660953802662,3691872.497161466
478.57142857142856,57.142857142857146,2108.5714285714284,22.72318209147141,3653376.6596478065
478.57142857142856,57.142857142857146,2274.285714285714,22.68542320952743,3617040.2301638927
478.57142857142856,57.142857142857146,2440.0,22.65174665190305,3582825.497063298
478.57142857142856,57.142857142857146,2605.714285714286,22.6216025519264,3550661.8338446165
478.57142857142856,57.142857142857146,2771.4285714285716,22.594520535518296,3520455.6032724013
478.57142857142856,57.142857142857146,2937.1428571428573,22.570099777137987,3492099.4172957926
478.57142857142856,57.142857142857146,3102.857142857143,22.547999121987278,3465479.4185529267
478.57142857142856,57.142857142857146,3268.571428571429,22.527928043744517,3440480.5208621607
478.57142857142856,57.142857142857146,3434.2857142857147,22.50963871382607,3416989.9491521385
478.57142857142856,57.142857142857146,3600.0,22.492919212422525,3394899.486902861
478.57142857142856,104.28571428571429,120.0,23.619752443434308,10071133.820180755
478.57142857142856,104.28571428571429,285.7142857142857,23.499778757515706,6318103.068811309
478.57142857142856,104.28571428571429,451.42857142857144,23.37956799085969,5515269.316404874
478.57142857142856,104.28571428571429,617.1428571428571,23.259860528166982,5212551.291062023
478.57142857142856,104.28571428571429,782.8571428571429,23.144598690771055,5065092.58898915
478.57142857142856,104.28571428571429,948.5714285714287,23.037119938352216,4975409.162157597
478.57142857142856,104.28571428571429,1114.2857142857142,22.939180367473316,4909196.989100733
478.57142857142856,104.28571428571429,1280.0,22.851214006547483,4853384.964734524
478.57142857142856,104.28571428571429,1445.7142857142858,22.772840064782827,4802880.86029275
478.57142857142856,104.28571428571429,1611.4285714285716,22.703269858636613,4755723.561497342
478.57142857142856,104.28571428571429,1777.1428571428573,22.641564399053813,4711184.363968386
478.57142857142856,104.28571428571429,1942.857142857143,22.586777440933833,4669001.748045816
478.57142857142856,104.28571428571429,2108.5714285714284,22.53802597613737,4629073.169368827
478.57142857142856,104.28571428571429,2274.285714285714,22.49451904779493,4591335.214380885
478.57142857142856,104.28571428571429,2440.0,22.455564299729858,4555721.420370965
478.57142857142856,104.28571428571429,2605.714285714286,22.42056355106531,4522151.27805935
478.57142857142856,104.28571428571429,2771.4285714285716,22.38900363119551,4490530.852090478
478.57142857142856,104.28571428571429,2937.1428571428573,22.360445760433038,4460756.932946696
478.57142857142856,104.28571428571429,3102.857142857143,22.334515107031258,4432721.550267283
478.57142857142856,104.28571428571429,3268.571428571429,22.31089125200073,4406315.759514671
478.57142857142856,104.28571428571429,3434.2857142857147,22.289299820627637,4381432.463812376
478.57142857142856,104.28571428571429,3600.0,22.26950530279693,4357968.350452591
478.57142857142856,151.42857142857144,120.0,23.588103457583877,11667501.482676791
478.57142857142856,151.42857142857144,285.7142857142857,23.452946958927605,7335809.361580647
478.57142857142856,151.42857142857144,451.42857142857144,23.32188769553128,6394547.065360834
478.57142857142856,151.42857142857144,617.1428571428571,23.193800417810188,6035390.457245554
478.57142857142856,151.42857142857144,782.8571428571429,23.071810409718466,5860409.546663995
478.57142857142856,151.42857142857144,948.5714285714287,22.958722266800063,5756161.154030704
478.57142857142856,151.42857142857144,1114.2857142857142,22.85593989481618,5681887.258507844
478.57142857142856,151.42857142857144,1280.0,22.763675909199115,5621471.715560223
478.57142857142856,151.42857142857144,1445.7142857142858,22.681414643911612,5568257.114985516
478.57142857142856,151.42857142857144,1611.4285714285716,22.608285207052532,5519437.129845432
478.57142857142856,151.42857142857144,1777.1428571428573,22.54329674865906,5473813.421885696
478.57142857142856,151.42857142857144,1942.857142857143,22.485468137542338,5430859.55252456
478.57142857142856,151.42857142857144,2108.5714285714284,22.433890910777578,5390322.841817564
478.57142857142856,151.42857142857144,2274.285714285714,22.387754000249956,5352055.276824846
478.57142857142856,151.42857142857144,2440.0,22.34634812798382,5315943.613233218
478.57142857142856,151.42857142857144,2605.714285714286,22.309060266258964,5281882.470369731
478.57142857142856,151.42857142857144,2771.4285714285716,22.27536389935552,5249765.696445541
478.57142857142856,151.42857142857144,2937.1428571428573,22.24480810430985,5219485.087063811
478.57142857142856,151.42857142857144,3102.857142857143,22.217006941521536,5190931.694418543
478.57142857142856,151.42857142857144,3268.571428571429,22.191629815759455,5163997.725261254
478.57142857142856,151.42857142857144,3434.2857142857147,22.168393031839845,5138578.256685387
478.57142857142856,151.42857142857144,3600.0,22.147052551003657,5114572.534610216
478.57142857142856,198.57142857142858,120.0,23.560970254987417,13054412.011079246
478.57142857142856,198.57142857142858,285.7142857142857,23.415277770049947,8213496.208890438
478.57142857142856,198.57142857142858,451.42857142857144,23.277478726361373,7149022.330324481
478.57142857142856,198.57142857142858,617.1428571428571,23.144647218738434,6739282.436416389
478.57142857142856,198.57142857142858,782.8571428571429,23.019147221235773,6539457.434135297
478.57142857142856,198.57142857142858,948.5714285714287,22.903308488649557,6421983.493870725
478.57142857142856,198.57142857142858,1114.2857142857142,22.798235952735197,6340381.304585204
478.57142857142856,198.57142857142858,1280.0,22.70396468447335,6275822.702763524
478.57142857142856,198.57142857142858,1445.7142857142858,22.619879134401636,6220244.22893574
478.57142857142856,198.57142857142858,1611.4285714285716,22.545054460802,6170070.329505935
478.57142857142856,198.57142857142858,1777.1428571428573,22.478471425137712,6123667.587886986
478.57142857142856,198.57142857142858,1942.857142857143,22.41913402136678,6080258.406312698
478.57142857142856,198.57142857142858,2108.5714285714284,22.366125697124595,6039443.505650404
478.57142857142856,198.57142857142858,2274.285714285714,22.31863049148515,6000989.0648256065
478.57142857142856,198.57142857142858,2440.0,22.27593560227613,5964731.923671295
478.57142857142856,198.57142857142858,2605.714285714286,22.237424968389323,5930538.184845209
478.57142857142856,198.57142857142858,2771.4285714285716,22.20256914827982,5898285.995294876
478.57142857142856,198.57142857142858,2937.1428571428573,22.170914263937334,5867859.114227557
478.57142857142856,198.57142857142858,3102.857142857143,22.14207136979577,5839145.102925256
478.57142857142856,198.57142857142858,3268.571428571429,22.115706839687196,5812035.322644504
478.57142857142856,198.57142857142858,3434.2857142857147,22.09153396293911,5786425.490893698
478.57142857142856,198.57142857142858,3600.0,22.069305740431425,5762216.274283591
478.57142857142856,245.71428571428572,120.0,23.53708448121811,14299712.137023428
478.57142857142856,245.71428571428572,285.7142857142857,23.383722082573968,8999341.525096616
478.57142857142856,245.71428571428572,451.42857142857144,23.241498961062586,7822915.915692736
478.57142857142856,245.71428571428572,617.1428571428571,23.10584980533837,7367110.9204625115
478.57142857142856,245.71428571428572,782.8571428571429,22.978472583854305,7144605.496426619
478.57142857142856,245.71428571428572,948.5714285714287,22.861293446911574,7015031.771716052
478.57142857142856,245.71428571428572,1114.2857142857142,22.75517045785476,6926724.87465606
478.57142857142856,245.71428571428572,1280.0,22.659997244134605,6858396.68820657
478.57142857142856,245.71428571428572,1445.7142857142858,22.575082956917836,6800704.539930356
478.57142857142856,245.71428571428572,1611.4285714285716,22.499465918821944,6749369.050931818
478.57142857142856,245.71428571428572,1777.1428571428573,22.432111002796177,6702355.318265544
478.57142857142856,245.71428571428572,1942.857142857143,22.372016988642272,6658651.306345588
478.57142857142856,245.71428571428572,2108.5714285714284,22.318267087443665,6617718.868569237
478.57142857142856,245.71428571428572,2274.285714285714,22.27004707314344,6579241.372639318
478.57142857142856,245.71428571428572,2440.0,22.22664635189882,6543006.323129516
478.57142857142856,245.71428571428572,2605.714285714286,22.187450860333854,6508850.732006716
478.57142857142856,245.71428571428572,2771.4285714285716,22.15193268250616,6476635.994646251
478.57142857142856,245.71428571428572,2937.1428571428573,22.119638940773918,6446236.662264574
478.57142857142856,245.71428571428572,3102.857142857143,22.090181206084676,6417535.6886354145
478.57142857142856,245.71428571428572,3268.571428571429,22.063225962076498,6390422.606464539
478.57142857142856,245.71428571428572,3434.2857142857147,22.038486285222035,6364792.950400069
478.57142857142856,245.71428571428572,3600.0,22.01571471875086,6340548.143623674
478.57142857142856,292.8571428571429,120.0,23.51569926779117,15440521.930137575
478.57142857142856,292.8571428571429,285.7142857142857,23.356580575040923,9719142.205772674
478.57142857142856,292.8571428571429,451.42857142857144,23.211366883503775,8439555.966781206
478.57142857142856,292.8571428571429,617.1428571428571,23.074030629620953,7941271.3537880955
478.57142857142856,292.8571428571429,782.8571428571429,22.94569705715036,7697832.9865209395
478.57142857142856,292.8571428571429,948.5714285714287,22.82795194461869,7557081.482440486
478.57142857142856,292.8571428571429,1114.2857142857142,22.721449252727318,7462581.256284625
478.57142857142856,292.8571428571429,1280.0,22.625968740728105,7390782.11043912
478.57142857142856,292.8571428571429,1445.7142857142858,22.540761613141484,7331163.909247175
478.57142857142856,292.8571428571429,1611.4285714285716,22.46484038085276,7278797.60595292
478.57142857142856,292.8571428571429,1777.1428571428573,22.397161324683797,7231275.934115206
478.57142857142856,292.8571428571429,1942.857142857143,22.336723155563195,7187367.950715424
478.57142857142856,292.8571428571429,2108.5714285714284,22.282612743086666,7146404.68584269
478.57142857142856,292.8571428571429,2274.285714285714,22.234020738055282,7107990.60914428
478.57142857142856,292.8571428571429,2440.0,22.190241413379155,7071865.54577528
478.57142857142856,292.8571428571429,2605.714285714286,22.15066502422142,7037837.86956694
478.57142857142856,292.8571428571429,2771.4285714285716,22.11476724409553,7005752.066534813
478.57142857142856,292.8571428571429,2937.1428571428573,22.082098049486238,6975473.042679122
478.57142857142856,292.8571428571429,3102.857142857143,22.052271201116152,6946878.6088522365
478.57142857142856,292.8571428571429,3268.571428571429,22.02495480601382,6919855.931385282
478.57142857142856,292.8571428571429,3434.2857142857147,21.999863097980633,6894299.869069264
478.57142857142856,292.8571428571429,3600.0,21.976749403161563,6870112.173530356
478.57142857142856,340.0,120.0,23.496322541100398,16499884.113810744
478.57142857142856,340.0,285.7142857142857,23.33279324286191,10388591.158789465
478.57142857142856,340.0,451.42857142857144,23.185532632940316,9012960.913925806
478.57142857142856,340.0,617.1428571428571,23.047217872008705,8475117.057259979
478.57142857142856,340.0,782.8571428571429,22.918483232175724,8212179.806077775
478.57142857142856,340.0,948.5714285714287,22.80062658311089,8061011.607974126
478.57142857142856,340.0,1114.2857142857142,22.694131735356663,7960739.766203418
478.57142857142856,340.0,1280.0,22.59868555475948,7885711.9758885205
478.57142857142856,340.0,1445.7142857142858,22.513493835245193,7824313.760027796
478.57142857142856,340.0,1611.4285714285716,22.437550717375615,7771011.371036989
478.57142857142856,340.0,1777.1428571428573,22.369808409693526,7723049.9328225795
478.57142857142856,340.0,1942.857142857143,22.309268451367227,7678993.243073408
478.57142857142856,340.0,2108.5714285714284,22.2550233798666,7638048.933786618
478.57142857142856,340.0,2274.285714285714,22.2062702448336,7599746.485060839
478.57142857142856,340.0,2440.0,22.16230943235748,7563779.965176739
478.57142857142856,340.0,2605.714285714286,22.12253659636958,7529929.922746297
478.57142857142856,340.0,2771.4285714285716,22.086431969179618,7498024.1422758065
478.57142857142856,340.0,2937.1428571428573,22.053549267472,7467917.777777214
478.57142857142856,340.0,3102.857142857143,22.023505258471904,7439483.241799543
478.57142857142856,340.0,3268.571428571429,21.99597042743358,7412605.023652402
478.57142857142856,340.0,3434.2857142857147,21.970660863036276,7387176.991230813
478.57142857142856,340.0,3600.0,21.947331318095795,7363100.931325133
478.57142857142856,387.14285714285717,120.0,23.478606462085054,17493310.610183395
478.57142857142856,387.14285714285717,285.7142857142857,23.311648437721203,11018058.042687478
478.57142857142856,387.14285714285717,451.42857142857144,23.162989720111952,9552299.95986367
478.57142857142856,387.14285714285717,617.1428571428571,23.024161256094036,8977328.26002498
478.57142857142856,387.14285714285717,782.8571428571429,22.895375590726225,8696089.881729795
478.57142857142856,387.14285714285717,948.5714285714287,22.77768551586217,8535142.347664328
478.57142857142856,387.14285714285717,1114.2857142857142,22.671431604810742,8429451.57273373
478.57142857142856,387.14285714285717,1280.0,22.576223965540315,8351395.569362312
478.57142857142856,387.14285714285717,1445.7142857142858,22.49123226034927,8288334.689408038
478.57142857142856,387.14285714285717,1611.4285714285716,22.41543746737033,8234168.25422807
478.57142857142856,387.14285714285717,1777.1428571428573,22.347790638504474,8185814.861116693
478.57142857142856,387.14285714285717,1942.857142857143,22.287297817872208,8141644.903043295
478.57142857142856,387.14285714285717,2108.5714285714284,22.233058240552058,8100749.244471997
478.57142857142856,387.14285714285717,2274.285714285714,22.184276057311948,8062586.011836171
478.57142857142856,387.14285714285717,2440.0,22.140258308458822,8026805.428181723
478.57142857142856,387.14285714285717,2605.714285714286,22.1004065093804,7993161.139312955
478.57142857142856,387.14285714285717,2771.4285714285716,22.064205874558095,7961464.590578709
478.57142857142856,387.14285714285717,2937.1428571428573,22.03121426168758,7931561.237899606
478.57142857142856,387.14285714285717,3102.857142857143,22.001051828702956,7903317.988282647
478.57142857142856,387.14285714285717,3268.571428571429,21.97339180782049,7876616.47122995
478.57142857142856,387.14285714285717,3434.2857142857147,21.94795249516486,7851349.354295074
478.57142857142856,387.14285714285717,3600.0,21.924490405507164,7827418.250382472
478.57142857142856,434.28571428571433,120.0,23.462292943676132,18431853.92813523
478.57142857142856,434.28571428571433,285.7142857142857,23.292642719468464,11614807.355174143
478.57142857142856,434.28571428571433,451.42857142857144,23.14304661118232,10063941.634590862
478.57142857142856,434.28571428571433,617.1428571428571,23.004019403167103,9453903.698675286
478.57142857142856,434.28571428571433,782.8571428571429,22.875409958155895,9155380.92830933
478.57142857142856,434.28571428571433,948.5714285714287,22.758060947935157,8985195.760055486
478.57142857142856,434.28571428571433,1114.2857142857142,22.652191205573473,8874385.461487276
478.57142857142856,434.28571428571433,1280.0,22.557346677898604,8793470.109434398
478.57142857142856,434.28571428571433,1445.7142857142858,22.47266791610386,8728843.406899
478.57142857142856,434.28571428571433,1611.4285714285716,22.397126485675685,8673869.883302195
478.57142857142856,434.28571428571433,1777.1428571428573,22.32967421551143,8625159.712667553
478.57142857142856,434.28571428571433,1942.857142857143,22.269322627676974,8580900.194791602
478.57142857142856,434.28571428571433,2108.5714285714284,22.21517814540454,8540071.298572069
478.57142857142856,434.28571428571433,2274.285714285714,22.166452284966443,8502063.0996686
478.57142857142856,434.28571428571433,2440.0,22.122458910633682,8466483.780564483
478.57142857142856,434.28571428571433,2605.714285714286,22.08260553816545,8433061.014541378
478.57142857142856,434.28571428571433,2771.4285714285716,22.04638250051545,8401590.331344945
478.57142857142856,434.28571428571433,2937.1428571428573,22.013351940328413,8371907.623794648
478.57142857142856,434.28571428571433,3102.857142857143,21.983137559527236,8343874.269532656
478.57142857142856,434.28571428571433,3268.571428571429,21.9554154979666,8317368.932557905
478.57142857142856,434.28571428571433,3434.2857142857147,21.929906424144246,8292282.937699032
478.57142857142856,434.28571428571433,3600.0,21.906368780774546,8268517.570928621
478.57142857142856,481.42857142857144,120.0,23.447183571790156,19323727.993308548
478.57142857142856,481.42857142857144,285.7142857142857,23.27540562952964,12184155.374409843
478.57142857142856,481.42857142857144,451.42857142857144,23.125207434458858,10552512.528922766
478.57142857142856,481.42857142857144,617.1428571428571,22.986199933197625,9909183.358717572
478.57142857142856,481.42857142857144,782.8571428571429,22.85791690440304,9594251.674461713
478.57142857142856,481.42857142857144,948.5714285714287,22.74101958465172,9415295.598368444
478.57142857142856,481.42857142857144,1114.2857142857142,22.635622416058332,9299623.547841182
478.57142857142856,481.42857142857144,1280.0,22.54121716395431,9215993.47339109
478.57142857142856,481.42857142857144,1445.7142857142858,22.456920682826897,9149882.66257811
478.57142857142856,481.42857142857144,1611.4285714285716,22.38169788740452,9094148.541676592
478.57142857142856,481.42857142857144,1777.1428571428573,22.314502689180316,9045108.556471732
478.57142857142856,481.42857142857144,1942.857142857143,22.25435263734988,9000775.935736228
478.57142857142856,481.42857142857144,2108.5714285714284,22.200361525566215,8960024.956176013
478.57142857142856,481.42857142857144,2274.285714285714,22.15174825844576,8922180.6215445
478.57142857142856,481.42857142857144,2440.0,22.107833492931718,8886810.74352484
478.57142857142856,481.42857142857144,2605.714285714286,22.068030709587724,8853617.919347413
478.57142857142856,481.42857142857144,2771.4285714285716,22.031835340790927,8822382.204207303
478.57142857142856,481.42857142857144,2937.1428571428573,21.998813817811353,8792930.10371327
478.57142857142856,481.42857142857144,3102.857142857143,21.96859341233297,8765117.491277155
478.57142857142856,481.42857142857144,3268.571428571429,21.940853216284705,8738820.008581756
478.57142857142856,481.42857142857144,3434.2857142857147,21.91531632941662,8713927.54013884
478.57142857142856,481.42857142857144,3600.0,21.891743191643133,8690340.93094166
478.57142857142856,528.5714285714286,120.0,23.43312160067084,20175239.13792479
478.57142857142856,528.5714285714286,285.7142857142857,23.259656021657374,12730126.934937166
478.57142857142856,528.5714285714286,451.42857142857144,23.109104467373584,11021493.35573139
478.57142857142856,528.5714285714286,617.1428571428571,22.97027066037502,10346421.109361354
478.57142857142856,528.5714285714286,782.8571428571429,22.842414093823443,10015843.791533321
478.57142857142856,528.5714285714286,948.5714285714287,22.72603827972002,9828523.861239955
478.57142857142856,528.5714285714286,1114.2857142857142,22.621167422159747,9708214.792445863
478.57142857142856,528.5714285714286,1280.0,22.527247119972536,9621995.658169158
478.57142857142856,528.5714285714286,1445.7142857142858,22.443374776358997,9554470.991696825
478.57142857142856,528.5714285714286,1611.4285714285716,22.368510727184596,9498015.240932034
478.57142857142856,528.5714285714286,1777.1428571428573,22.301611856518843,9448666.861051852
478.57142857142856,528.5714285714286,1942.857142857143,22.241702026521946,9404272.961172462
478.57142857142856,528.5714285714286,2108.5714285714284,22.187902403313014,9363606.755622182
478.57142857142856,528.5714285714286,2274.285714285714,22.139439167867227,9325930.861738723
478.57142857142856,528.5714285714286,2440.0,22.095639629074768,9290774.253874183
478.57142857142856,528.5714285714286,2605.714285714286,22.055923102350334,9257815.300001832
478.57142857142856,528.5714285714286,2771.4285714285716,22.01979001587744,9226819.018307092
478.57142857142856,528.5714285714286,2937.1428571428573,21.986811015881575,9197602.722596701
478.57142857142856,528.5714285714286,3102.857142857143,21.956616898169614,9170016.83665514
478.57142857142856,528.5714285714286,3268.571428571429,21.92888968504146,9143933.95523013
478.57142857142856,528.5714285714286,3434.2857142857147,21.903354905121525,9119242.456022162
478.57142857142856,528.5714285714286,3600.0,21.87977500812367,9095842.65713926
478.57142857142856,575.7142857142858,120.0,23.419980502143577,20991356.34825469
478.57142857142856,575.7142857142858,285.7142857142857,23.24517515247256,13255853.088238284
478.57142857142856,575.7142857142858,451.42857142857144,23.09445750068114,11473577.157128368
478.57142857142856,575.7142857142858,617.1428571428571,22.95590704661881,10768127.188536415
478.57142857142856,575.7142857142858,782.8571428571429,22.828543397570655,10422576.951822788
478.57142857142856,575.7142857142858,948.5714285714287,22.7127320939754,10227252.018280307
478.57142857142856,575.7142857142858,1114.2857142857142,22.608418766940055,10102504.05747157
478.57142857142856,575.7142857142858,1280.0,22.51500936606542,10013806.427317895
478.57142857142856,575.7142857142858,1445.7142857142858,22.431585220154396,9944929.270227717
478.57142857142856,575.7142857142858,1611.4285714285716,22.35710366381626,9887785.287915668
478.57142857142856,575.7142857142858,1777.1428571428573,22.290525161078666,9838146.077349149
478.57142857142856,575.7142857142858,1942.857142857143,22.230880005672127,9793699.687956464
478.57142857142856,575.7142857142858,2108.5714285714284,22.17729663210772,9753122.413449435
478.57142857142856,575.7142857142858,2274.285714285714,22.129008311302986,9715616.911922393
478.57142857142856,575.7142857142858,2440.0,22.085348805204333,9680674.726275755
478.57142857142856,575.7142857142858,2605.714285714286,22.045743084425684,9647950.788038937
478.57142857142856,575.7142857142858,2771.4285714285716,22.00969642434135,9617195.502420783
478.57142857142856,575.7142857142858,2937.1428571428573,21.97678357045987,9588217.194580598
478.57142857142856,575.7142857142858,3102.857142857143,21.946638757374185,9560860.911204502
478.57142857142856,575.7142857142858,3268.571428571429,21.918946878428745,9534996.19731003
478.57142857142856,575.7142857142858,3434.2857142857147,21.893435853156433,9510509.879552323
478.57142857142856,575.7142857142858,3600.0,21.86987012013207,9487301.684138706
478.57142857142856,622.8571428571429,120.0,23.407656331128308,21776078.659367267
478.57142857142856,622.8571428571429,285.7142857142857,23.231789298160642,13763824.439691583
478.57142857142856,622.8571428571429,451.42857142857144,23.081048153045664,11910895.965866517
478.57142857142856,622.8571428571429,617.1428571428571,22.94285950044459,11176284.008973738
478.57142857142856,622.8571428571429,782.8571428571429,22.816032210440518,10816359.40235719
478.57142857142856,622.8571428571429,948.5714285714287,22.700810435236733,10613348.842486575
478.57142857142856,622.8571428571429,1114.2857142857142,22.597070940044524,10484338.388023151
478.57142857142856,622.8571428571429,1280.0,22.504185383892366,10393260.613309316
478.57142857142856,622.8571428571429,1445.7142857142858,22.42122174092078,10323085.299920114
478.57142857142856,622.8571428571429,1611.4285714285716,22.34713556035128,10265282.258065335
478.57142857142856,622.8571428571429,1777.1428571428573,22.2808912971884,10215367.029429398
478.57142857142856,622.8571428571429,1942.857142857143,22.221525687730423,10170874.917270605
478.57142857142856,622.8571428571429,2108.5714285714284,22.16817426897385,10130389.021237904
478.57142857142856,622.8571428571429,2274.285714285714,22.12007717612605,10093054.242319392
478.57142857142856,622.8571428571429,2440.0,22.076574396623762,10058325.98221623
478.57142857142856,622.8571428571429,2605.714285714286,22.03709635254539,10025836.475743562
478.57142857142856,622.8571428571429,2771.4285714285716,22.001152995582576,9995321.921224868
478.57142857142856,622.8571428571429,2937.1428571428573,21.96832303328568,9966581.85946766
478.57142857142856,622.8571428571429,3102.857142857143,21.938244032471086,9939456.043431822
478.57142857142856,622.8571428571429,3268.571428571429,21.910603677324342,9913810.980732009
478.57142857142856,622.8571428571429,3434.2857142857147,21.885132219928416,9889531.919075873
478.57142857142856,622.8571428571429,3600.0,21.861596047033434,9866517.943624042
478.57142857142856,670.0,120.0,23.396062439361526,22532681.728867963
478.57142857142856,670.0,285.7142857142857,23.21935808580375,14256059.339297667
478.57142857142856,670.0,451.42857142857144,23.068702973949986,12335170.363699945
478.57142857142856,670.0,617.1428571428571,22.93093216947176,11572488.028449234
478.57142857142856,670.0,782.8571428571429,22.804668630720034,11198726.08153773
478.57142857142856,670.0,948.5714285714287,22.690049146357868,10988316.54253997
478.57142857142856,670.0,1114.2857142857142,22.58688976491987,10855202.023803664
478.57142857142856,670.0,1280.0,22.4945323050041,10761832.437015919
478.57142857142856,670.0,1445.7142857142858,22.412033600548664,10690407.642290484
478.57142857142856,670.0,1611.4285714285716,22.33834836165521,10631971.436052648
478.57142857142856,670.0,1777.1428571428573,22.27244530649497,10581792.995728672
478.57142857142856,670.0,1942.857142857143,22.21336755534873,10537260.562345885
478.57142857142856,670.0,2108.5714285714284,22.160257547068927,10496867.413626019
478.57142857142856,670.0,2274.285714285714,22.112362037177757,10459702.700109182
478.57142857142856,670.0,2440.0,22.069026999610408,10425186.869282838
478.57142857142856,670.0,2605.714285714286,22.029688095012123,10392930.14903134
478.57142857142856,670.0,2771.4285714285716,21.99385977155217,10362654.917381644
478.57142857142856,670.0,2937.1428571428573,21.96112455204727,10334152.132511325
478.57142857142856,670.0,3102.857142857143,21.9311232187317,10307256.343403343
478.57142857142856,670.0,3268.571428571429,21.903546155606143,10281831.043248365
478.57142857142856,670.0,3434.2857142857147,21.87812587776412,10257759.885131203
478.57142857142856,670.0,3600.0,21.854630668133545,10234941.27630811
478.57142857142856,717.1428571428572,120.0,23.385125699813234,23263889.00259475
478.57142857142856,717.1428571428572,285.7142857142857,23.207766407104724,14734219.426863808
478.57142857142856,717.1428571428572,451.42857142857144,23.05728195177144,12747811.653007517
478.57142857142856,717.1428571428572,617.1428571428571,22.919968705511597,11958046.352026738
478.57142857142856,717.1428571428572,782.8571428571429,22.794284964007662,11570932.479374552
478.57142857142856,717.1428571428572,948.5714285714287,22.680272094783877,11353383.16555438
478.57142857142856,717.1428571428572,1114.2857142857142,22.57769232630406,11216307.980814444
478.57142857142856,717.1428571428572,1280.0,22.485861365598147,11120726.591038328
478.57142857142856,717.1428571428572,1445.7142857142858,22.403826726792975,11048096.364599712
478.57142857142856,717.1428571428572,1611.4285714285716,22.330543023032938,10989050.300489021
478.57142857142856,717.1428571428572,1777.1428571428573,22.26498340833781,10938619.964283396
478.57142857142856,717.1428571428572,1942.857142857143,22.206197283600282,10894051.683711924
478.57142857142856,717.1428571428572,2108.5714285714284,22.15333377104903,10853751.982680244
478.57142857142856,717.1428571428572,2274.285714285714,22.105645996776392,10816756.097975826
478.57142857142856,717.1428571428572,2440.0,22.062485680944196,10782450.618192753
478.57142857142856,717.1428571428572,2605.714285714286,22.02329350943388,10750424.408087797
478.57142857142856,717.1428571428572,2771.4285714285716,21.987588245901005,10720386.392408283
478.57142857142856,717.1428571428572,2937.1428571428573,21.954956079266573,10692119.143800087
478.57142857142856,717.1428571428572,3102.857142857143,21.92504088673727,10665452.10052241
478.57142857142856,717.1428571428572,3268.571428571429,21.897535656401157,10640245.771910395
478.57142857142856,717.1428571428572,3434.2857142857147,21.872175091315736,10616382.210058598
478.57142857142856,717.1428571428572,3600.0,21.84872931253015,10593759.117131693
478.57142857142856,764.2857142857143,120.0,23.37478373934852,23971993.952164885
478.57142857142856,764.2857142857143,285.7142857142857,23.19691866173242,15199691.33104255
478.57142857142856,764.2857142857143,451.42857142857144,23.046670474405474,13149993.731724584
478.57142857142856,764.2857142857143,617.1428571428571,22.90984242694103,12334044.490779072
478.57142857142856,764.2857142857143,782.8571428571429,22.78474642678094,11934020.35847942
478.57142857142856,764.2857142857143,948.5714285714287,22.671338654417816,11709567.23135962
478.57142857142856,764.2857142857143,1114.2857142857142,22.569333397745602,11568662.075147634
478.57142857142856,764.2857142857143,1280.0,22.47802340196449,11470941.898257643
478.57142857142856,764.2857142857143,1445.7142857142858,22.396448370526123,11397146.458459815
478.57142857142856,764.2857142857143,1611.4285714285716,22.323563405145574,11337511.764066681
478.57142857142856,764.2857142857143,1777.1428571428573,22.25834619629263,11286839.721990932
478.57142857142856,764.2857142857143,1942.857142857143,22.19985229377226,11242239.437588245
478.57142857142856,764.2857142857143,2108.5714285714284,22.147237277462125,11202033.486806447
478.57142857142856,764.2857142857143,2274.285714285714,22.099760396040676,11165204.881177492
478.57142857142856,764.2857142857143,2440.0,22.056778880266602,11131107.364497377
478.57142857142856,764.2857142857143,2605.714285714286,22.017738232552865,11099309.040336028
478.57142857142856,764.2857142857143,2771.4285714285716,21.982161354458768,11069505.728295013
478.57142857142856,764.2857142857143,2937.1428571428573,21.94963795369201,11041471.806892753
478.57142857142856,764.2857142857143,3102.857142857143,21.919814882320434,11015031.698547054
478.57142857142856,764.2857142857143,3268.571428571429,21.892387635834908,10990042.964752298
478.57142857142856,764.2857142857143,3434.2857142857147,21.86709302822817,10966386.057431113
478.57142857142856,764.2857142857143,3600.0,21.843702957862636,10943957.954185525
478.57142857142856,811.4285714285714,120.0,23.364982865355593,24658949.50754477
478.57142857142856,811.4285714285714,285.7142857142857,23.18673456343979,15653645.877734078
478.57142857142856,811.4285714285714,451.42857142857144,23.036773567240964,13542704.93920262
478.57142857142856,811.4285714285714,617.1428571428571,22.900449347320055,12701395.110718774
478.57142857142856,811.4285714285714,782.8571428571429,22.775943209295214,12288864.964360088
478.57142857142856,811.4285714285714,948.5714285714287,22.66313496843804,12057724.120668147
478.57142857142856,811.4285714285714,1114.2857142857142,22.561696018135827,11913108.850606013
478.57142857142856,811.4285714285714,1280.0,22.470898821718762,11813316.967294797
478.57142857142856,811.4285714285714,1445.7142857142858,22.389776532455954,11738393.321045004
478.57142857142856,811.4285714285714,1611.4285714285716,22.317285204524087,11678189.529855588
478.57142857142856,811.4285714285714,1777.1428571428573,22.2524071128314,11627285.109163333
478.57142857142856,811.4285714285714,1942.857142857143,22.194203807133906,11582656.238009803
478.57142857142856,811.4285714285714,2108.5714285714284,22.14183709865911,11542544.122723235
478.57142857142856,811.4285714285714,2274.285714285714,22.094572116901237,11505881.108367259
478.57142857142856,811.4285714285714,2440.0,22.051771375591667,11471989.036016082
478.57142857142856,811.4285714285714,2605.714285714286,22.012884992438696,11440415.81208602
478.57142857142856,811.4285714285714,2771.4285714285716,21.977439835322908,11410844.481334537
478.57142857142856,811.4285714285714,2937.1428571428573,21.945028987722193,11383041.413376397
478.57142857142856,811.4285714285714,3102.857142857143,21.9153021591525,11356826.110066907
478.57142857142856,811.4285714285714,3268.571428571429,21.88795725714563,11332053.224992787
478.57142857142856,811.4285714285714,3434.2857142857147,21.86273312980821,11308601.61633627
478.57142857142856,811.4285714285714,3600.0,21.839403391347936,11286367.523896478
478.57142857142856,858.5714285714287,120.0,23.355676482724057,25326434.868662808
478.57142857142856,858.5714285714287,285.7142857142857,23.177146022908858,16097081.923969576
478.57142857142856,858.5714285714287,451.42857142857144,23.027511675479595,13926786.27512297
478.57142857142856,858.5714285714287,617.1428571428571,22.891703126215365,13060873.884261593
478.57142857142856,858.5714285714287,782.8571428571429,22.76778477272032,12636209.697995355
478.57142857142856,858.5714285714287,948.5714285714287,22.655567710737486,12398580.117098195
478.57142857142856,858.5714285714287,1114.2857142857142,22.554684796493543,12250365.268486384
478.57142857142856,858.5714285714287,1280.0,22.464390506752867,12148563.676347276
478.57142857142856,858.5714285714287,1445.7142857142858,22.383712504438677,12072546.110015148
478.57142857142856,858.5714285714287,1611.4285714285716,22.311608164636496,12011791.356895598
478.57142857142856,858.5714285714287,1777.1428571428573,22.247064356093112,11960663.214982392
478.57142857142856,858.5714285714287,1942.857142857143,22.18914846980619,11916008.890366785
478.57142857142856,858.5714285714287,2108.5714285714284,22.137028325654207,11875990.599591542
478.57142857142856,858.5714285714287,2274.285714285714,22.08997470093067,11839491.466033274
478.57142857142856,858.5714285714287,2440.0,22.04735517451605,11805802.306140909
478.57142857142856,858.5714285714287,2605.714285714286,22.00862428713502,11774451.35895984
478.57142857142856,858.5714285714287,2771.4285714285716,21.973312708791738,11745109.208069386
478.57142857142856,858.5714285714287,2937.1428571428573,21.94101676138116,11717534.393087106
478.57142857142856,858.5714285714287,3102.857142857143,21.91138889851545,11691541.59016946
478.57142857142856,858.5714285714287,3268.571428571429,21.88412934708857,11666982.587741222
478.57142857142856,858.5714285714287,3434.2857142857147,21.858978914052823,11643734.661104219
478.57142857142856,858.5714285714287,3600.0,21.835712868649523,11621693.304098647
478.57142857142856,905.7142857142858,120.0,23.346823865225797,25975906.334678
478.57142857142856,905.7142857142858,285.7142857142857,23.168094789871137,16530859.420117615
478.57142857142856,905.7142857142858,451.42857142857144,23.018817519286358,14302960.113077417
478.57142857142856,905.7142857142858,617.1428571428571,22.883531341499804,13413146.367963053
478.57142857142856,905.7142857142858,782.8571428571429,22.760195670321792,12976692.078159086
478.57142857142856,905.7142857142858,948.5714285714287,22.648559541503065,12732757.87966517
478.57142857142856,905.7142857142858,1114.2857142857142,22.548221057881616,12581045.907181816
478.57142857142856,905.7142857142858,1280.0,22.458418687306434,12477292.21472729
478.57142857142856,905.7142857142858,1445.7142857142858,22.378175498770144,12400212.688073928
478.57142857142856,905.7142857142858,1611.4285714285716,22.30645048113798,12338923.939637799
478.57142857142856,905.7142857142858,1777.1428571428573,22.242235078040594,12287580.207644448
478.57142857142856,905.7142857142858,1942.857142857143,22.1846023583881,12242903.379330272
478.57142857142856,905.7142857142858,2108.5714285714284,22.132725934165848,12202978.887154883
478.57142857142856,905.7142857142858,2274.285714285714,22.0858820075443,12166641.976950843
478.57142857142856,905.7142857142858,2440.0,22.04344301535743,12133153.261649948
478.57142857142856,905.7142857142858,2605.714285714286,22.004867738682023,12102021.811773108
478.57142857142856,905.7142857142858,2771.4285714285716,21.969690493473955,12072906.047976106
478.57142857142856,905.7142857142858,2937.1428571428573,21.937510709037653,12045556.852539321
478.57142857142856,905.7142857142858,3102.857142857143,21.907983474525103,12019784.169837939
478.57142857142856,905.7142857142858,3268.571428571429,21.880811246974538,11995436.967882546
478.57142857142856,905.7142857142858,3434.2857142857147,21.855736719273793,11972390.953477733
478.57142857142856,905.7142857142858,3600.0,21.83253675635842,11950540.870535608
478.57142857142856,952.8571428571429,120.0,23.338389188138805,26608636.598542668
478.57142857142856,952.8571428571429,285.7142857142857,23.15953064167413,16955724.760774788
478.57142857142856,952.8571428571429,451.42857142857144,23.01063371019538,14671852.13719209
478.57142857142856,952.8571428571429,617.1428571428571,22.87587269018643,13758788.497080602
478.57142857142856,952.8571428571429,782.8571428571429,22.75311243166131,13310863.516414436
478.57142857142856,952.8571428571429,948.5714285714287,22.642045737729816,13060795.832734456
478.57142857142856,952.8571428571429,1114.2857142857142,22.542239260483846,12905682.138181098
478.57142857142856,952.8571428571429,1280.0,22.452917172129588,12800030.135960259
478.57142857142856,952.8571428571429,1445.7142857142858,22.373098709938343,12721918.602001892
478.57142857142856,952.8571428571429,1611.4285714285716,22.301744709100007,12660111.838691879
478.57142857142856,952.8571428571429,1777.1428571428573,22.237851148368392,12608560.229857283
478.57142857142856,952.8571428571429,1942.857142857143,22.180496610121622,12563863.735117918
478.57142857142856,952.8571428571429,2108.5714285714284,22.1288602895615,12524033.05500971
478.57142857142856,952.8571428571429,2274.285714285714,22.08222360149257,12487856.8127427
478.57142857142856,952.8571428571429,2440.0,22.039963644366377,12454566.187925724
478.57142857142856,952.8571428571429,2605.714285714286,22.001543266710634,12423651.553436534
478.57142857142856,952.8571428571429,2771.4285714285716,21.966500282470246,12394759.451040162
478.57142857142856,952.8571428571429,2937.1428571428573,21.934437103955922,12367633.272285353
478.57142857142856,952.8571428571429,3102.857142857143,21.90501135243683,12342078.32239639
478.57142857142856,952.8571428571429,3268.571428571429,21.877927629743954,12317940.795119125
478.57142857142856,952.8571428571429,3434.2857142857147,21.852930444604468,12295094.845966712
478.57142857142856,952.8571428571429,3600.0,21.82979820026985,12273434.46843011
478.57142857142856,1000.0,120.0,23.33034075680779,27225745.559081707
478.57142857142856,1000.0,285.7142857142857,23.151409972286874,17372330.508983422
478.57142857142856,1000.0,451.42857142857144,23.002910917941296,15034008.352655916
478.57142857142856,1000.0,617.1428571428571,22.868674854456255,14098302.45007243
478.57142857142856,1000.0,782.8571428571429,22.74648120305735,13639204.609622888
478.57142857142856,1000.0,948.5714285714287,22.635971655098018,13383163.152540486
478.57142857142856,1000.0,1114.2857142857142,22.53668430828882,13224736.94297816
478.57142857142856,1000.0,1280.0,22.447830530846765,13117237.077987267
478.57142857142856,1000.0,1445.7142857142858,22.368426379482305,13038121.745514875
478.57142857142856,1000.0,1611.4285714285716,22.297434719761338,12975812.1073224
478.57142857142856,1000.0,1777.1428571428573,22.233856010614367,12924059.999738397
478.57142857142856,1000.0,1942.857142857143,22.176774184713075,12879346.613886764
478.57142857142856,1000.0,2108.5714285714284,22.125373820045517,12839609.834489388
478.57142857142856,1000.0,2274.285714285714,22.078941342598867,12803592.837623453
478.57142857142856,1000.0,2440.0,22.03685832683456,12770498.09413734
478.57142857142856,1000.0,2605.714285714286,21.998591525434,12739797.724830065
478.57142857142856,1000.0,2771.4285714285716,21.963682110482196,12711126.663510248
478.57142857142856,1000.0,2937.1428571428573,21.931735359494578,12684220.97180496
478.57142857142856,1000.0,3102.857142857143,21.90241132765768,12658881.40691915
478.57142857142856,1000.0,3268.571428571429,21.875416680277855,12634951.4354367
478.57142857142856,1000.0,3434.2857142857147,21.850497674868514,12612303.681059673
478.57142857142856,1000.0,3600.0,21.827434197853897,12590831.389271878
514.2857142857142,10.0,120.0,23.686805381490785,6627404.146373936
514.2857142857142,10.0,285.7142857142857,23.625060316283506,3816907.7952637924
514.2857142857142,10.0,451.42857142857144,23.558446139225545,3212364.592129854
514.2857142857142,10.0,617.1428571428571,23.488950730413332,2970583.335656769
514.2857142857142,10.0,782.8571428571429,23.420567818983407,2838542.831723475
514.2857142857142,10.0,948.5714285714287,23.356590858381523,2746806.19806246
514.2857142857142,10.0,1114.2857142857142,23.29879307464979,2672205.896156706
514.2857142857142,10.0,1280.0,23.24769499263825,2606535.4491800694
514.2857142857142,10.0,1445.7142857142858,23.203061456274984,2546819.699139947
514.2857142857142,10.0,1611.4285714285716,23.164293969691812,2491922.8546569105
514.2857142857142,10.0,1777.1428571428573,23.130671547640226,2441327.6325158807
514.2857142857142,10.0,1942.857142857143,23.101478006479283,2394703.282106328
514.2857142857142,10.0,2108.5714285714284,23.076059899122303,2351763.5170252095
514.2857142857142,10.0,2274.285714285714,23.05384660801875,2312228.2723542717
514.2857142857142,10.0,2440.0,23.034351607215203,2275819.772062364
514.2857142857142,10.0,2605.714285714286,23.017165384769722,2242267.6567416526
514.2857142857142,10.0,2771.4285714285716,23.00194545072371,2211314.6880204133
514.2857142857142,10.0,2937.1428571428573,22.9884060522764,2182720.7242991226
514.2857142857142,10.0,3102.857142857143,22.976308740344717,2156264.781943602
514.2857142857142,10.0,3268.571428571429,22.965454187239146,2131745.598863843
514.2857142857142,10.0,3434.2857142857147,22.955675300805034,2108981.188594533
514.2857142857142,10.0,3600.0,22.946831527084754,2087807.7855654762
514.2857142857142,57.142857142857146,120.0,23.622245679222946,9899830.021600943
514.2857142857142,57.142857142857146,285.7142857142857,23.512642471301305,5984738.699110979
514.2857142857142,57.142857142857146,451.42857142857144,23.400053177269374,5141677.827062803
514.2857142857142,57.142857142857146,617.1428571428571,23.286095338505262,4814781.660862979
514.2857142857142,57.142857142857146,782.8571428571429,23.175491369581128,4647373.543062125
514.2857142857142,57.142857142857146,948.5714285714287,23.072155607871927,4539575.817707536
514.2857142857142,57.142857142857146,1114.2857142857142,22.978175633448217,4456682.12293498
514.2857142857142,57.142857142857146,1280.0,22.894130134581275,4385641.428325261
514.2857142857142,57.142857142857146,1445.7142857142858,22.81967368721188,4321399.694530036
514.2857142857142,57.142857142857146,1611.4285714285716,22.754001502638943,4261969.710046233
514.2857142857142,57.142857142857146,1777.1428571428573,22.696140973709376,4206538.968446752
514.2857142857142,57.142857142857146,1942.857142857143,22.64511158205567,4154728.142599881
514.2857142857142,57.142857142857146,2108.5714285714284,22.600002267919628,4106303.3601293447
514.2857142857142,57.142857142857146,2274.285714285714,22.560002022859504,4061069.936489591
514.2857142857142,57.142857142857146,2440.0,22.5244059375831,4018837.8990861396
514.2857142857142,57.142857142857146,2605.714285714286,22.492609456183438,3979414.6676531853
514.2857142857142,57.142857142857146,2771.4285714285716,22.46409775952071,3942606.880039328
514.2857142857142,57.142857142857146,2937.1428571428573,22.43843384660482,3908224.356366102
514.2857142857142,57.142857142857146,3102.857142857143,22.415247032258314,3876083.7155060754
514.2857142857142,57.142857142857146,3268.571428571429,22.394222593086997,3846010.963503979
514.2857142857142,57.142857142857146,3434.2857142857147,22.37509278817947,3817843.045766266
514.2857142857142,57.142857142857146,3600.0,22.35762923604333,3791428.5638411203
514.2857142857142,104.28571428571429,120.0,23.58078786532546,11969766.301052675
514.2857142857142,104.28571428571429,285.7142857142857,23.44921473758452,7315100.762972756
514.2857142857142,104.28571428571429,451.42857142857144,23.31925680619507,6297811.125307149
514.2857142857142,104.28571428571429,617.1428571428571,23.190743994730493,5901350.80693181
514.2857142857142,104.28571428571429,782.8571428571429,23.067641221518958,5700862.077262213
514.2857142857142,104.28571428571429,948.5714285714287,22.953342495179914,5576015.0709393015
514.2857142857142,104.28571428571429,1114.2857142857142,22.84957526356192,5483882.247343368
514.2857142857142,104.28571428571429,1280.0,22.756681757518553,5407584.015673843
514.2857142857142,104.28571428571429,1445.7142857142858,22.6741629295512,5340141.92481615
514.2857142857142,104.28571428571429,1611.4285714285716,22.601109905593773,5278563.795209793
514.2857142857142,104.28571428571429,1777.1428571428573,22.5364738481947,5221504.334880419
514.2857142857142,104.28571428571429,1942.857142857143,22.479213531598845,5168302.459718411
514.2857142857142,104.28571428571429,2108.5714285714284,22.42836629580901,5118578.403647406
514.2857142857142,104.28571428571429,2274.285714285714,22.383075503050836,5072065.550411706
514.2857142857142,104.28571428571429,2440.0,22.342595107204414,5028542.044300852
514.2857142857142,104.28571428571429,2605.714285714286,22.306283201879825,4987804.697189634
514.2857142857142,104.28571428571429,2771.4285714285716,22.273591025234726,4949660.390666791
514.2857142857142,104.28571428571429,2937.1428571428573,22.24405078408648,4913924.279995307
514.2857142857142,104.28571428571429,3102.857142857143,22.21726392906666,4880420.27434755
514.2857142857142,104.28571428571429,3268.571428571429,22.192890582502592,4848981.9688941445
514.2857142857142,104.28571428571429,3434.2857142857147,22.170640339254504,4819453.372542586
514.2857142857142,104.28571428571429,3600.0,22.150264424730796,4791689.262807668
514.2857142857142,151.42857142857144,120.0,23.548057011616187,13634491.959712662
514.2857142857142,151.42857142857144,285.7142857142857,23.402982986322996,8373738.421614236
514.2857142857142,151.42857142857144,451.42857142857144,23.263707959698685,7210270.18397779
514.2857142857142,151.42857142857144,617.1428571428571,23.128189563150205,6754304.145642381
514.2857142857142,151.42857142857144,782.8571428571429,22.999566668714166,6524946.119761789
514.2857142857142,151.42857142857144,948.5714285714287,22.880694818657165,6384973.909135053
514.2857142857142,151.42857142857144,1114.2857142857142,22.772957741961623,6284610.854991697
514.2857142857142,151.42857142857144,1280.0,22.67649432272901,6203737.712865638
514.2857142857142,151.42857142857144,1445.7142857142858,22.59069215148323,6133708.25789958
514.2857142857142,151.42857142857144,1611.4285714285716,22.514581140874032,6070629.800821463
514.2857142857142,151.42857142857144,1777.1428571428573,22.44707921351553,6012657.796571695
514.2857142857142,151.42857142857144,1942.857142857143,22.387125948448322,5958850.890840229
514.2857142857142,151.42857142857144,2108.5714285714284,22.333746084500508,5908671.80111141
514.2857142857142,151.42857142857144,2274.285714285714,22.286073243647948,5861766.349667964
514.2857142857142,151.42857142857144,2440.0,22.243352765327025,5817865.334269055
514.2857142857142,151.42857142857144,2605.714285714286,22.204934535131265,5776741.375292476
514.2857142857142,151.42857142857144,2771.4285714285716,22.17026175573539,5738190.409418708
514.2857142857142,151.42857142857144,2937.1428571428573,22.138858749099732,5702024.095084489
514.2857142857142,151.42857142857144,3102.857142857143,22.11031928719315,5668066.889976541
514.2857142857142,151.42857142857144,3268.571428571429,22.08429609090314,5636154.991698473
514.2857142857142,151.42857142857144,3434.2857142857147,22.06049169179947,5606135.911489546
514.2857142857142,151.42857142857144,3600.0,22.03865063291792,5577868.173833532
514.2857142857142,198.57142857142858,120.0,23.520570559768785,15070198.933603315
514.2857142857142,198.57142857142858,285.7142857142857,23.366349346607393,9283552.296864903
514.2857142857142,198.57142857142858,451.42857142857144,23.22147504832228,7991721.771318391
514.2857142857142,198.57142857142858,617.1428571428571,23.08218479025781,7483184.002288913
514.2857142857142,198.57142857142858,782.8571428571429,22.95088107885771,7228162.562529777
514.2857142857142,198.57142857142858,948.5714285714287,22.829955626423693,7074675.022391148
514.2857142857142,198.57142857142858,1114.2857142857142,22.720506787265485,6966952.159989742
514.2857142857142,198.57142857142858,1280.0,22.6225123903089,6882029.760212652
514.2857142857142,198.57142857142858,1445.7142857142858,22.53527700020203,6809786.088315343
514.2857142857142,198.57142857142858,1611.4285714285716,22.457792012788452,6745522.29402259
514.2857142857142,198.57142857142858,1777.1428571428573,22.388960203509164,6686939.396011073
514.2857142857142,198.57142857142858,1942.857142857143,22.327717216488157,6632835.229219854
514.2857142857142,198.57142857142858,2108.5714285714284,22.273088547049543,6582521.635189214
514.2857142857142,198.57142857142858,2274.285714285714,22.224209995112812,6535557.290519561
514.2857142857142,198.57142857142858,2440.0,22.18032899834638,6491623.297674346
514.2857142857142,198.57142857142858,2605.714285714286,22.14079687453917,6450464.756220214
514.2857142857142,198.57142857142858,2771.4285714285716,22.10505745248197,6411863.232957123
514.2857142857142,198.57142857142858,2937.1428571428573,22.072634933217884,6375623.774633555
514.2857142857142,198.57142857142858,3102.857142857143,22.04312235369009,6341568.737621631
514.2857142857142,198.57142857142858,3268.571428571429,22.016171232412283,6309534.765224936
514.2857142857142,198.57142857142858,3434.2857142857147,21.99148256558598,6279371.175425254
514.2857142857142,198.57142857142858,3600.0,21.968799140502483,6250938.948720136
514.2857142857142,245.71428571428572,120.0,23.496732575195747,16352615.735024123
514.2857142857142,245.71428571428572,285.7142857142857,23.335979814585453,10096303.230219617
514.2857142857142,245.71428571428572,451.42857142857144,23.187555075630296,8688855.593145477
514.2857142857142,245.71428571428572,617.1428571428571,23.046168050453225,8132852.730088768
514.2857142857142,245.71428571428572,782.8571428571429,22.913590354417188,7854604.67259236
514.2857142857142,245.71428571428572,948.5714285714287,22.791825244977225,7688857.4585704245
514.2857142857142,245.71428571428572,1114.2857142857142,22.68173755754971,7574456.060095622
514.2857142857142,245.71428571428572,1280.0,22.583177411614685,7485878.033763454
514.2857142857142,245.71428571428572,1445.7142857142858,22.495387211142663,7411671.267988467
514.2857142857142,245.71428571428572,1611.4285714285716,22.417333177074926,7346406.101092608
514.2857142857142,245.71428571428572,1777.1428571428573,22.34791203619992,7287368.13570577
514.2857142857142,245.71428571428572,1942.857142857143,22.286062267715995,7233114.031592384
514.2857142857142,245.71428571428572,2108.5714285714284,22.230815596448515,7182813.989005588
514.2857142857142,245.71428571428572,2274.285714285714,22.18131470113909,7135943.248105325
514.2857142857142,245.71428571428572,2440.0,22.136813302585473,7092134.071560372
514.2857142857142,245.71428571428572,2605.714285714286,22.096667941996476,7051103.503306412
514.2857142857142,245.71428571428572,2771.4285714285716,22.060326531538863,7012617.6084236605
514.2857142857142,245.71428571428572,2937.1428571428573,22.027316307256456,6976473.513095201
514.2857142857142,245.71428571428572,3102.857142857143,21.997232447835813,6942490.198841643
514.2857142857142,245.71428571428572,3268.571428571429,21.96972788598565,6910503.614425864
514.2857142857142,245.71428571428572,3434.2857142857147,21.944504457282672,6880363.913701416
514.2857142857142,245.71428571428572,3600.0,21.921305344658528,6851933.735445719
514.2857142857142,292.8571428571429,120.0,23.47563369525349,17522799.529819153
514.2857142857142,292.8571428571429,285.7142857142857,23.31006199373007,10839522.004063088
514.2857142857142,292.8571428571429,451.42857142857144,23.159332872305775,9326190.035298102
514.2857142857142,292.8571428571429,617.1428571428571,23.016812759903058,8726667.4055734
514.2857142857142,292.8571428571429,782.8571428571429,22.88373680817712,8427100.023955919
514.2857142857142,292.8571428571429,948.5714285714287,22.761783011066047,8250085.901948794
514.2857142857142,292.8571428571429,1114.2857142857142,22.651623851305676,8129544.161658384
514.2857142857142,292.8571428571429,1280.0,22.553006784467634,8037613.737587353
514.2857142857142,292.8571428571429,1445.7142857142858,22.465126629637552,7961625.216502406
514.2857142857142,292.8571428571429,1611.4285714285716,22.3869328460229,7895478.355931603
514.2857142857142,292.8571428571429,1777.1428571428573,22.3173211414177,7836075.718341004
514.2857142857142,292.8571428571429,1942.857142857143,22.255236091522658,7781750.015691262
514.2857142857142,292.8571428571429,2108.5714285714284,22.199718017443555,7731538.682787635
514.2857142857142,292.8571428571429,2274.285714285714,22.149918394514184,7684837.789669078
514.2857142857142,292.8571428571429,2440.0,22.105098909923452,7641232.508610003
514.2857142857142,292.8571428571429,2605.714285714286,22.06462287323572,7600412.238647259
514.2857142857142,292.8571428571429,2771.4285714285716,22.02794372550066,7562127.278278799
514.2857142857142,292.8571428571429,2937.1428571428573,21.994593096993356,7526166.262646889
514.2857142857142,292.8571428571429,3102.857142857143,21.964169584066585,7492344.124802368
514.2857142857142,292.8571428571429,3268.571428571429,21.936328726254356,7460495.448966055
514.2857142857142,292.8571428571429,3434.2857142857147,21.910774307952696,7430470.6108821165
514.2857142857142,292.8571428571429,3600.0,21.887250935224404,7402133.371606074
514.2857142857142,340.0,120.0,23.4566910954782,18606042.0199962
514.2857142857142,340.0,285.7142857142857,23.287486017628034,11529875.484450126
514.2857142857142,340.0,451.42857142857144,23.13526023709302,9918416.014406485
514.2857142857142,340.0,617.1428571428571,22.992199492489508,9278531.728595171
514.2857142857142,340.0,782.8571428571429,22.859081888517167,8959180.753137197
514.2857142857142,340.0,948.5714285714287,22.737311179023195,8771702.786387378
514.2857142857142,340.0,1114.2857142857142,22.6273996503863,8645455.415378148
514.2857142857142,340.0,1280.0,22.52901098693059,8550413.590315208
514.2857142857142,340.0,1445.7142857142858,22.441302888660665,8472781.29445852
514.2857142857142,340.0,1611.4285714285716,22.36321363120058,8405836.693395281
514.2857142857142,340.0,1777.1428571428573,22.293640842691993,8346126.186574345
514.2857142857142,340.0,1942.857142857143,22.231536797373014,8291773.26753671
514.2857142857142,340.0,2108.5714285714284,22.175951381346103,8241690.536378365
514.2857142857142,340.0,2274.285714285714,22.126045560783385,8195198.991695922
514.2857142857142,340.0,2440.0,22.08108958006269,8151838.659649805
514.2857142857142,340.0,2605.714285714286,22.04045407820848,8111272.043589008
514.2857142857142,340.0,2771.4285714285716,22.003598582570927,8073233.780685449
514.2857142857142,340.0,2937.1428571428573,21.970059675643796,8037503.792451362
514.2857142857142,340.0,3102.857142857143,21.939439925615492,8003892.592735889
514.2857142857142,340.0,3268.571428571429,21.911398022430394,7972232.982544525
514.2857142857142,340.0,3434.2857142857147,21.885640225909924,7942375.146772383
514.2857142857142,340.0,3600.0,21.86191306986195,7914183.5889728125
514.2857142857142,387.14285714285717,120.0,23.439502309934063,19619256.693788316
514.2857142857142,387.14285714285717,285.7142857142857,23.267517439481672,12178336.234831579
514.2857142857142,387.14285714285717,451.42857142857144,23.114342435756278,10475123.602521257
514.2857142857142,387.14285714285717,617.1428571428571,22.97112190805689,9797475.342816664
514.2857142857142,387.14285714285717,782.8571428571429,22.83824260243538,9459607.35489804
514.2857142857142,387.14285714285717,948.5714285714287,22.71687505082814,9262329.430254616
514.2857142857142,387.14285714285717,1114.2857142857142,22.60739660343614,9130735.36160141
514.2857142857142,387.14285714285717,1280.0,22.509401642733096,9032778.988280872
514.2857142857142,387.14285714285717,1445.7142857142858,22.42201846498287,8953612.226472246
514.2857142857142,387.14285714285717,1611.4285714285716,22.344178001295738,8885932.247247458
514.2857142857142,387.14285714285717,1777.1428571428573,22.274781572260103,8825951.846223122
514.2857142857142,387.14285714285717,1942.857142857143,22.21278989909451,8771597.889883563
514.2857142857142,387.14285714285717,2108.5714285714284,22.157262721481008,8721665.10428539
514.2857142857142,387.14285714285717,2274.285714285714,22.10737061200575,8675403.16136315
514.2857142857142,387.14285714285717,2440.0,22.062392450361916,8632308.84495544
514.2857142857142,387.14285714285717,2605.714285714286,22.02170630244076,8592018.61940527
514.2857142857142,387.14285714285717,2771.4285714285716,21.984777916341297,8554251.732170215
514.2857142857142,387.14285714285717,2937.1428571428573,21.951148998176397,8518779.347264715
514.2857142857142,387.14285714285717,3102.857142857143,21.920426289152328,8485407.356771206
514.2857142857142,387.14285714285717,3268.571428571429,21.89227185156458,8453966.507419292
514.2857142857142,387.14285714285717,3434.2857142857147,21.866394654824155,8424306.504478158
514.2857142857142,387.14285714285717,3600.0,21.842543399712888,8396292.31496376
514.2857142857142,434.28571428571433,120.0,23.423774643912797,20574425.177383162
514.2857142857142,434.28571428571433,285.7142857142857,23.249642739561555,12792568.58608556
514.2857142857142,434.28571428571433,451.42857142857144,23.095901803425953,11002964.273152824
514.2857142857142,434.28571428571433,617.1428571428571,22.95277387506877,10289735.250699015
514.2857142857142,434.28571428571433,782.8571428571429,22.82030857297316,9934415.912843568
514.2857142857142,434.28571428571433,948.5714285714287,22.699476367860036,9727897.36609532
514.2857142857142,434.28571428571433,1114.2857142857142,22.59053974439787,9591258.783884758
514.2857142857142,434.28571428571433,1280.0,22.49303505273385,9490552.409354188
514.2857142857142,434.28571428571433,1445.7142857142858,22.40606700580128,9409940.586881135
514.2857142857142,434.28571428571433,1611.4285714285716,22.32856190866624,9341573.714523776
514.2857142857142,434.28571428571433,1777.1428571428573,22.259425855232713,9281350.165163344
514.2857142857142,434.28571428571433,1942.857142857143,22.197628298809896,9227011.019043783
514.2857142857142,434.28571428571433,2108.5714285714284,22.142238776330814,9177239.22859368
514.2857142857142,434.28571428571433,2274.285714285714,22.092437299649873,9131216.50758431
514.2857142857142,434.28571428571433,2440.0,22.047511213957446,9088398.182643825
514.2857142857142,434.28571428571433,2605.714285714286,22.006845883622262,9048395.548366332
514.2857142857142,434.28571428571433,2771.4285714285716,21.969913202851753,9010912.807892796
514.2857142857142,434.28571428571433,2937.1428571428573,21.936259978215915,8975712.420692915
514.2857142857142,434.28571428571433,3102.857142857143,21.905497144226796,8942595.554243047
514.2857142857142,434.28571428571433,3268.571428571429,21.877290189808512,8911390.722599901
514.2857142857142,434.28571428571433,3434.2857142857147,21.851350873296752,8881946.943914061
514.2857142857142,434.28571428571433,3600.0,21.827430159191824,8854129.438280439
514.2857142857142,481.42857142857144,120.0,23.409286947221702,21480406.612202637
514.2857142857142,481.42857142857144,285.7142857142857,23.233487712453133,13378168.02498055
514.2857142857142,481.42857142857144,451.42857142857144,23.07945580960415,11506765.168728193
514.2857142857142,481.42857142857144,617.1428571428571,22.936591103620167,10759822.605572604
514.2857142857142,481.42857142857144,782.8571428571429,22.804651020432416,10387963.611574624
514.2857142857142,481.42857142857144,948.5714285714287,22.68443301386391,10172683.4057964
514.2857142857142,481.42857142857144,1114.2857142857142,22.576100851447976,10031259.015065288
514.2857142857142,481.42857142857144,1280.0,22.479141769366056,9927942.87120605
514.2857142857142,481.42857142857144,1445.7142857142858,22.392641375819434,9845961.028434467
514.2857142857142,481.42857142857144,1611.4285714285716,22.31552331765841,9776946.392297853
514.2857142857142,481.42857142857144,1777.1428571428573,22.246699115659514,9716499.426526476
514.2857142857142,481.42857142857144,1942.857142857143,22.185146980641374,9662184.844165068
514.2857142857142,481.42857142857144,2108.5714285714284,22.12994601382392,9612579.193411576
514.2857142857142,481.42857142857144,2274.285714285714,22.080285362210958,9566799.250194745
514.2857142857142,481.42857142857144,2440.0,22.03546054837264,9524260.530407641
514.2857142857142,481.42857142857144,2605.714285714286,21.994863997749846,9484550.000985812
514.2857142857142,481.42857142857144,2771.4285714285716,21.957973572594273,9447357.195043568
514.2857142857142,481.42857142857144,2937.1428571428573,21.924341057861245,9412435.974405186
514.2857142857142,481.42857142857144,3102.857142857143,21.893581507245486,9379582.741109671
514.2857142857142,481.42857142857144,3268.571428571429,21.86536380097531,9348623.659258213
514.2857142857142,481.42857142857144,3434.2857142857147,21.839402481166246,9319406.908233128
514.2857142857142,481.42857142857144,3600.0,21.815450793620393,9291797.799588196
514.2857142857142,528.5714285714286,120.0,23.395867141367912,22343972.02386525
514.2857142857142,528.5714285714286,285.7142857142857,23.21877071704886,13939362.363404747
514.2857142857142,528.5714285714286,451.42857142857144,23.064648739650337,11990155.05199199
514.2857142857142,528.5714285714286,617.1428571428571,22.922163914745315,11211119.212186273
514.2857142857142,528.5714285714286,782.8571428571429,22.79081892129401,10823511.587989122
514.2857142857142,528.5714285714286,948.5714285714287,22.67126046244221,10599885.603464067
514.2857142857142,528.5714285714286,1114.2857142857142,22.563566739853204,10453900.094304759
514.2857142857142,528.5714285714286,1280.0,22.467183036233944,10348095.659743585
514.2857142857142,528.5714285714286,1445.7142857142858,22.381179360025527,10264808.133724011
514.2857142857142,528.5714285714286,1611.4285714285716,22.304478148867616,10195178.308716778
514.2857142857142,528.5714285714286,1777.1428571428573,22.23599673125032,10134523.119250383
514.2857142857142,528.5714285714286,1942.857142857143,22.174721953451346,10080239.171049178
514.2857142857142,528.5714285714286,2108.5714285714284,22.119742160218323,10030801.36378927
514.2857142857142,528.5714285714286,2274.285714285714,22.070255267865093,9985264.2485896
514.2857142857142,528.5714285714286,2440.0,22.025564636435103,9943005.040712222
514.2857142857142,528.5714285714286,2605.714285714286,21.985069466121345,9903587.178642448
514.2857142857142,528.5714285714286,2771.4285714285716,21.948253360552478,9866685.906037841
514.2857142857142,528.5714285714286,2937.1428571428573,21.914672912214705,9832046.624167394
514.2857142857142,528.5714285714286,3102.857142857143,21.883947171251762,9799460.968712742
514.2857142857142,528.5714285714286,3268.571428571429,21.855748326034078,9768752.678403236
514.2857142857142,528.5714285714286,3434.2857142857147,21.82979365083253,9739768.981980512
514.2857142857142,528.5714285714286,3600.0,21.80583864568139,9712375.156617166
514.2857142857142,575.7142857142858,120.0,23.383378164767652,23170435.10335609
514.2857142857142,575.7142857142858,285.7142857142857,23.205274193090286,14479435.052560294
514.2857142857142,575.7142857142858,451.42857142857144,23.05121091540823,12455939.833120082
514.2857142857142,575.7142857142858,617.1428571428571,22.909185973999282,11646233.951659694
514.2857142857142,575.7142857142858,782.8571428571429,22.778478704429155,11243572.318274755
514.2857142857142,575.7142857142858,948.5714285714287,22.659603562419772,11011966.00891123
514.2857142857142,575.7142857142858,1114.2857142857142,22.55256401532677,10861616.962712495
514.2857142857142,575.7142857142858,1280.0,22.4567692162142,10753430.944288906
514.2857142857142,575.7142857142858,1445.7142857142858,22.371276356986037,10668893.882138692
514.2857142857142,575.7142857142858,1611.4285714285716,22.295007747122643,10598676.702800222
514.2857142857142,575.7142857142858,1777.1428571428573,22.22688672549361,10537825.462114964
514.2857142857142,575.7142857142858,1942.857142857143,22.165908568709288,10483575.96572046
514.2857142857142,575.7142857142858,2108.5714285714284,22.111170505001198,10434305.705643171
514.2857142857142,575.7142857142858,2274.285714285714,22.061878832414838,10389009.454741754
514.2857142857142,575.7142857142858,2440.0,22.017344391832374,10347027.511719802
514.2857142857142,575.7142857142858,2605.714285714286,21.97697285478944,10307900.538132425
514.2857142857142,575.7142857142858,2771.4285714285716,21.940253320358835,10271289.863501139
514.2857142857142,575.7142857142858,2937.1428571428573,21.906746996092185,10236932.58209943
514.2857142857142,575.7142857142858,3102.857142857143,21.876076782389916,10204615.588668194
514.2857142857142,575.7142857142858,3268.571428571429,21.847918067985056,10174160.150700437
514.2857142857142,575.7142857142858,3434.2857142857147,21.82199078256771,10145412.463588107
514.2857142857142,575.7142857142858,3600.0,21.798052628285937,10118237.671232142
514.2857142857142,622.8571428571429,120.0,23.371708746628457,23964056.93227447
514.2857142857142,622.8571428571429,285.7142857142857,23.19282644036806,15000994.19631216
514.2857142857142,622.8571428571429,451.42857142857144,23.038933100540923,12906339.86769698
514.2857142857142,622.8571428571429,617.1428571428571,22.897422568651734,12067227.223308181
514.2857142857142,622.8571428571429,782.8571428571429,22.767377342093603,11650127.895022307
514.2857142857142,622.8571428571429,948.5714285714287,22.649195140304165,11410865.754152656
514.2857142857142,622.8571428571429,1114.2857142857142,22.542813709300834,11256328.792274233
514.2857142857142,622.8571428571429,1280.0,22.447610863941932,11145856.046895485
514.2857142857142,622.8571428571429,1445.7142857142858,22.3626332176766,11060119.186305981
514.2857142857142,622.8571428571429,1611.4285714285716,22.286803766255204,10989338.965305492
514.2857142857142,622.8571428571429,1777.1428571428573,22.21905194325641,10928301.791899951
514.2857142857142,622.8571428571429,1942.857142857143,22.158381205474054,10874089.188639158
514.2857142857142,622.8571428571429,2108.5714285714284,22.10389729229299,10824985.04711921
514.2857142857142,622.8571428571429,2274.285714285714,22.05481449564146,10779926.578630334
514.2857142857142,622.8571428571429,2440.0,22.010450782510564,10738218.435991086
514.2857142857142,622.8571428571429,2605.714285714286,21.970217992305674,10699379.207859378
514.2857142857142,622.8571428571429,2771.4285714285716,21.933610470273347,10663056.673928436
514.2857142857142,622.8571428571429,2937.1428571428573,21.900193839961663,10628979.783340339
514.2857142857142,622.8571428571429,3102.857142857143,21.869594696505636,10596930.732989438
514.2857142857142,622.8571428571429,3268.571428571429,21.84149150985202,10566728.294634478
514.2857142857142,622.8571428571429,3434.2857142857147,21.815606775624136,10538217.569500769
514.2857142857142,622.8571428571429,3600.0,21.791700332397525,10511263.490068424
514.2857142857142,670.0,120.0,23.360767109927092,24728316.5649858
514.2857142857142,670.0,285.7142857142857,23.181289492369416,15506150.766147614
514.2857142857142,670.0,451.42857142857144,23.02764976548161,13343146.36145061
514.2857142857142,670.0,617.1428571428571,22.886690135350047,12475758.423641508
514.2857142857142,670.0,782.8571428571429,22.75731876968486,12044773.187869595
514.2857142857142,670.0,948.5714285714287,22.639829760022145,11798145.965789644
514.2857142857142,670.0,1114.2857142857142,22.53410270074728,11639578.663123691
514.2857142857142,670.0,1280.0,22.439488051130215,11526904.389509318
514.2857142857142,670.0,1445.7142857142858,22.355023665681397,11440012.35443248
514.2857142857142,670.0,1611.4285714285716,22.27963384412395,11368690.726580737
514.2857142857142,670.0,1777.1428571428573,22.21225411968348,11307476.317899259
514.2857142857142,670.0,1942.857142857143,22.15189585711192,11253302.2231331
514.2857142857142,670.0,2108.5714285714284,22.097672937411648,11204362.173203632
514.2857142857142,670.0,2274.285714285714,22.048807269674302,11159537.836223146
514.2857142857142,670.0,2440.0,22.004623603921726,11118099.388957007
514.2857142857142,670.0,2605.714285714286,21.96453965289353,11079544.006142752
514.2857142857142,670.0,2771.4285714285716,21.9280547640104,11043506.268268697
514.2857142857142,670.0,2937.1428571428573,21.894738779457764,11009707.144557701
514.2857142857142,670.0,3102.857142857143,21.864221832263787,10977924.18913581
514.2857142857142,670.0,3268.571428571429,21.83618535073755,10947973.66928271
514.2857142857142,670.0,3434.2857142857147,21.81035430148112,10919699.547999354
514.2857142857142,670.0,3600.0,21.786490587109135,10892966.484451156
514.2857142857142,717.1428571428572,120.0,23.350476533539368,25466098.181153625
514.2857142857142,717.1428571428572,285.7142857142857,23.170550776469085,15996640.802185915
514.2857142857142,717.1428571428572,451.42857142857144,23.017227766292873,13767828.122847581
514.2857142857142,717.1428571428572,617.1428571428571,22.87684257738987,12873186.33542064
514.2857142857142,717.1428571428572,782.8571428571429,22.748148272527448,12428813.135195732
514.2857142857142,717.1428571428572,948.5714285714287,22.631346475660838,12175083.438133234
514.2857142857142,717.1428571428572,1114.2857142857142,22.52626504075749,12012628.350073265
514.2857142857142,717.1428571428572,1280.0,22.43223041224163,11897829.76490979
514.2857142857142,717.1428571428572,1445.7142857142858,22.34827317913289,11809823.030550824
514.2857142857142,717.1428571428572,1611.4285714285716,22.273319415424478,11737979.553016014
514.2857142857142,717.1428571428572,1777.1428571428573,22.206310705463295,11676595.610215064
514.2857142857142,717.1428571428572,1942.857142857143,22.146266041654066,11622461.165233621
514.2857142857142,717.1428571428572,2108.5714285714284,22.092307088167345,11573682.914608845
514.2857142857142,717.1428571428572,2274.285714285714,22.04366301145435,11529088.830101477
514.2857142857142,717.1428571428572,2440.0,21.999665017964258,11487915.692984883
514.2857142857142,717.1428571428572,2605.714285714286,21.95973641271248,11449639.88131364
514.2857142857142,717.1428571428572,2771.4285714285716,21.923381311071083,11413883.112325791
514.2857142857142,717.1428571428572,2937.1428571428573,21.89017358273771,11380358.540846262
514.2857142857142,717.1428571428572,3102.857142857143,21.859746744984726,11348839.141458206
514.2857142857142,717.1428571428572,3268.571428571429,21.8317850623738,11319138.680019058
514.2857142857142,717.1428571428572,3434.2857142857147,21.806015876384798,11291099.950291757
514.2857142857142,717.1428571428572,3600.0,21.78220307873664,11264587.289171243
514.2857142857142,764.2857142857143,120.0,23.3407721394787,26179824.285253707
514.2857142857142,764.2857142857143,285.7142857142857,23.160517217010682,16473911.674070062
514.2857142857142,764.2857142857143,451.42857142857144,23.007558462118848,14181606.604566352
514.2857142857142,764.2857142857143,617.1428571428571,22.867761844472334,13260639.527192757
514.2857142857142,764.2857142857143,782.8571428571429,22.739741829801368,12803330.874986691
514.2857142857142,764.2857142857143,948.5714285714287,22.623617140989946,12542737.575810794
514.2857142857142,764.2857142857143,1114.2857142857142,22.519169363101195,12376524.616253907
514.2857142857142,764.2857142857143,1280.0,22.42570375110545,12259672.258162748
514.2857142857142,764.2857142857143,1445.7142857142858,22.342244864686304,12170587.884352675
514.2857142857142,764.2857142857143,1611.4285714285716,22.267720910492873,12098240.473377824
514.2857142857142,764.2857142857143,1777.1428571428573,22.201079439588387,12036693.992245166
514.2857142857142,764.2857142857143,1942.857142857143,22.141346792199965,11982600.09203544
514.2857142857142,764.2857142857143,2108.5714285714284,22.08765207264875,11933981.291969057
514.2857142857142,764.2857142857143,2274.285714285714,22.039231364465426,11889613.565238852
514.2857142857142,764.2857142857143,2440.0,21.995422022455966,11848701.29922015
514.2857142857142,764.2857142857143,2605.714285714286,21.95565267835288,11810700.654329756
514.2857142857142,764.2857142857143,2771.4285714285716,21.91943199320132,11775220.80577995
514.2857142857142,764.2857142857143,2937.1428571428573,21.886337681656833,11741967.25796543
514.2857142857142,764.2857142857143,3102.857142857143,21.85600649724646,11710708.474661352
514.2857142857142,764.2857142857143,3268.571428571429,21.82812542195531,11681255.732317636
514.2857142857142,764.2857142857143,3434.2857142857147,21.802424077447657,11653450.634742683
514.2857142857142,764.2857142857143,3600.0,21.778668269586795,11627157.15804143
514.2857142857142,811.4285714285714,120.0,23.331598513307206,26871552.846402396
514.2857142857142,811.4285714285714,285.7142857142857,23.151110965491725,16939184.502114683
514.2857142857142,811.4285714285714,451.42857142857144,22.99855208941876,14585509.999642361
514.2857142857142,811.4285714285714,617.1428571428571,22.859351279712392,13639066.995024549
514.2857142857142,811.4285714285714,782.8571428571429,22.7319986498821,13169236.69361735
514.2857142857142,811.4285714285714,948.5714285714287,22.616538273152596,12901998.45461544
514.2857142857142,811.4285714285714,1114.2857142857142,22.512710167604066,12732146.79041761
514.2857142857142,811.4285714285714,1280.0,22.41980080599689,12613305.549925797
514.2857142857142,811.4285714285714,1445.7142857142858,22.336829749473022,12523177.74846479
514.2857142857142,811.4285714285714,1611.4285714285716,22.262727609796276,12450343.003577845
514.2857142857142,811.4285714285714,1777.1428571428573,22.196447796565973,12388640.477214808
514.2857142857142,811.4285714285714,1942.857142857143,22.137023723655094,12334587.918833844
514.2857142857142,811.4285714285714,2108.5714285714284,22.083591609974214,12286126.294647295
514.2857142857142,811.4285714285714,2274.285714285714,22.035394136178635,12241981.146981332
514.2857142857142,811.4285714285714,2440.0,21.99177451639556,12201325.400966218
514.2857142857142,811.4285714285714,2605.714285714286,21.952166459613196,12163595.543697156
514.2857142857142,811.4285714285714,2771.4285714285716,21.91608296304031,12128388.51529002
514.2857142857142,811.4285714285714,2937.1428571428573,21.883105413367034,12095402.330998017
514.2857142857142,811.4285714285714,3102.857142857143,21.852873659299647,12064401.016189693
514.2857142857142,811.4285714285714,3268.571428571429,21.82507728609129,12035193.376794808
514.2857142857142,811.4285714285714,3434.2857142857147,21.79944810378219,12007619.814179352
514.2857142857142,811.4285714285714,3600.0,21.77575375891065,11981543.913655596
514.2857142857142,858.5714285714287,120.0,23.322907906638374,27543049.647773344
514.2857142857142,858.5714285714287,285.7142857142857,23.142266244583865,17393500.307632763
514.2857142857142,858.5714285714287,451.42857142857144,22.990133659728187,14980413.0981205
514.2857142857142,858.5714285714287,617.1428571428571,22.851530815825164,14009275.402891323
514.2857142857142,858.5714285714287,782.8571428571429,22.72483582159791,13527303.98171978
514.2857142857142,858.5714285714287,948.5714285714287,22.610025258297476,13253622.103158578
514.2857142857142,858.5714285714287,1114.2857142857142,22.506801643083932,13080241.68244332
514.2857142857142,858.5714285714287,1280.0,22.41443473121494,12959471.62666182
514.2857142857142,858.5714285714287,1445.7142857142858,22.331939950486838,12868332.207192961
514.2857142857142,858.5714285714287,1611.4285714285716,22.25825052362052,12795025.65623081
514.2857142857142,858.5714285714287,1777.1428571428573,22.192325595225658,12733173.218306368
514.2857142857142,858.5714285714287,1942.857142857143,22.133205387351023,12679162.797536243
514.2857142857142,858.5714285714287,2108.5714285714284,22.080032926047966,12630856.228928603
514.2857142857142,858.5714285714287,2274.285714285714,22.032057189251127,12586930.077559946
514.2857142857142,858.5714285714287,2440.0,21.988626980046387,12546526.675875872
514.2857142857142,858.5714285714287,2605.714285714286,21.949180851112207,12509063.350474382
514.2857142857142,858.5714285714287,2771.4285714285716,21.913235939136765,12474125.099698197
514.2857142857142,858.5714285714287,2937.1428571428573,21.8803771398662,12441402.607612686
514.2857142857142,858.5714285714287,3102.857142857143,21.850247263555712,12410655.535943469
514.2857142857142,858.5714285714287,3268.571428571429,21.822538389941716,12381690.244305987
514.2857142857142,858.5714285714287,3434.2857142857147,21.79698442933012,12354345.925781813
514.2857142857142,858.5714285714287,3600.0,21.773354797842135,12328485.751910105
514.2857142857142,905.7142857142858,120.0,23.314658855888762,28195843.171182282
514.2857142857142,905.7142857142858,285.7142857142857,23.133926972991976,17837754.78002608
514.2857142857142,905.7142857142858,451.42857142857144,22.982239911502745,15367067.217548119
514.2857142857142,905.7142857142858,617.1428571428571,22.844233438480202,14371957.000567868
514.2857142857142,905.7142857142858,782.8571428571429,22.71818440473492,13878196.162807293
514.2857142857142,905.7142857142858,948.5714285714287,22.604008140922016,13598256.91208927
514.2857142857142,905.7142857142858,1114.2857142857142,22.50137319971191,13421449.711223409
514.2857142857142,905.7142857142858,1280.0,22.409534400518073,13298806.752256827
514.2857142857142,905.7142857142858,1445.7142857142858,22.32750376821434,13206685.477641543
514.2857142857142,905.7142857142858,1611.4285714285716,22.254217290247617,13132921.764915291
514.2857142857142,905.7142857142858,1777.1428571428573,22.1886397132886,13070925.292145913
514.2857142857142,905.7142857142858,1942.857142857143,22.129817812497635,13016957.865963317
514.2857142857142,905.7142857142858,2108.5714285714284,22.076901131586755,12968804.434743479
514.2857142857142,905.7142857142858,2274.285714285714,22.02914466526213,12925093.93939509
514.2857142857142,905.7142857142858,2440.0,21.985902553054956,12884938.9339522
514.2857142857142,905.7142857142858,2605.714285714286,21.946617973029316,12847738.06880543
514.2857142857142,905.7142857142858,2771.4285714285716,21.91081201711999,12813064.681045897
514.2857142857142,905.7142857142858,2937.1428571428573,21.878072936977286,12780602.277815418
514.2857142857142,905.7142857142858,3102.857142857143,21.848046378320383,12750106.233390607
514.2857142857142,905.7142857142858,3268.571428571429,21.820426812227435,12721380.489422353
514.2857142857142,905.7142857142858,3434.2857142857147,21.794950165258225,12694263.030283561
514.2857142857142,905.7142857142858,3600.0,21.77138755489171,12668616.596602699
514.2857142857142,952.8571428571429,120.0,23.306815104794076,28831266.91159033
514.2857142857142,952.8571428571429,285.7142857142857,23.126044949260468,18272724.905416604
514.2857142857142,952.8571428571429,451.42857142857144,22.974817007156958,15746123.060429849
514.2857142857142,952.8571428571429,617.1428571428571,22.83740253741817,14727710.911156233
514.2857142857142,952.8571428571429,782.8571428571429,22.71198652182037,14222487.208623545
514.2857142857142,952.8571428571429,948.5714285714287,22.59842850889704,13936463.744014032
514.2857142857142,952.8571428571429,1114.2857142857142,22.49636617881308,13756324.795527827
514.2857142857142,952.8571428571429,1280.0,22.405040961039667,13631861.238221059
514.2857142857142,952.8571428571429,1445.7142857142858,22.323462097347132,13538786.1113852
514.2857142857142,952.8571428571429,1611.4285714285716,22.250568452685744,13464579.144283216
514.2857142857142,952.8571428571429,1777.1428571428573,22.185330237598752,13402444.330481935
514.2857142857142,952.8571428571429,1942.857142857143,22.126800536533246,13348520.85667521
514.2857142857142,952.8571428571429,2108.5714285714284,22.07413513875043,13300518.873201335
514.2857142857142,952.8571428571429,2274.285714285714,22.026594793501477,13257020.960873628
514.2857142857142,952.8571428571429,2440.0,21.98353874104813,13217110.660201121
514.2857142857142,952.8571428571429,2605.714285714286,21.94441458094195,13180168.403789725
514.2857142857142,952.8571428571429,2771.4285714285716,21.90874718797964,13145756.136038706
514.2857142857142,952.8571428571429,2937.1428571428573,21.87612802602973,13113550.337582419
514.2857142857142,952.8571428571429,3102.857142857143,21.846205457583608,13083302.172201967
514.2857142857142,952.8571428571429,3268.571428571429,21.81867624757805,13054813.195178606
514.2857142857142,952.8571428571429,3434.2857142857147,21.793278259056834,13027920.186205301
514.2857142857142,952.8571428571429,3600.0,21.769784245736073,13002485.442763668
514.2857142857142,1000.0,120.0,23.299344752604135,29450492.47194275
514.2857142857142,1000.0,285.7142857142857,23.11857844315441,18699089.664037466
514.2857142857142,1000.0,451.42857142857144,22.967818767098542,16118148.432855235
514.2857142857142,1000.0,617.1428571428571,22.83098989184261,15077059.609680863
514.2857142857142,1000.0,782.8571428571429,22.706193160546672,14560677.507641897
514.2857142857142,1000.0,948.5714285714287,22.59323715203109,14268731.481730297
514.2857142857142,1000.0,1114.2857142857142,22.491731390412433,14085349.729597336
514.2857142857142,1000.0,1280.0,22.4009052633218,13959114.724897785
514.2857142857142,1000.0,1445.7142857142858,22.319765757785664,13865112.223018397
514.2857142857142,1000.0,1611.4285714285716,22.247254696577116,13790475.287736354
514.2857142857142,1000.0,1777.1428571428573,22.182347613648748,13728207.697756486
514.2857142857142,1000.0,1942.857142857143,22.12410367042933,13674329.259142864
514.2857142857142,1000.0,2108.5714285714284,22.07168464614001,13626477.274804547
514.2857142857142,1000.0,2274.285714285714,22.02435679945218,13583189.150374178
514.2857142857142,1000.0,2440.0,21.981484251302508,13543520.13345943
514.2857142857142,1000.0,2605.714285714286,21.94251883229131,13506832.873826541
514.2857142857142,1000.0,2771.4285714285716,21.90698903882755,13472678.18061158
514.2857142857142,1000.0,2937.1428571428573,21.874489412289112,13440725.654476665
514.2857142857142,1000.0,3102.857142857143,21.844670920345596,13410722.325935952
514.2857142857142,1000.0,3268.571428571429,21.817232529829766,13382467.398046121
514.2857142857142,1000.0,3434.2857142857147,21.791913964726405,13355796.453535654
514.2857142857142,1000.0,3600.0,21.768489553050365,13330571.338645011
550.0,10.0,120.0,23.653213783436044,8329255.279060806
550.0,10.0,285.7142857142857,23.577417404885022,4696077.168499816
550.0,10.0,451.42857142857144,23.49709851145049,3900823.7256164006
550.0,10.0,617.1428571428571,23.414271221749463,3575520.8429410285
550.0,10.0,782.8571428571429,23.33350323839473,3395068.3834911967
550.0,10.0,948.5714285714287,23.25849443012141,3269936.2623786777
550.0,10.0,1114.2857142857142,23.19115114978523,3169667.9261849825
550.0,10.0,1280.0,23.13193551872073,3082985.0648416406
550.0,10.0,1445.7142857142858,23.080459483906658,3005444.0154747143
550.0,10.0,1611.4285714285716,23.035942293454468,2935111.248510746
550.0,10.0,1777.1428571428573,22.997485786062818,2870978.3911133436
550.0,10.0,1942.857142857143,22.964216407491925,2812378.3110965393
550.0,10.0,2108.5714285714284,22.93534726671347,2758775.409291402
550.0,10.0,2274.285714285714,22.91019736953543,2709694.9272711137
550.0,10.0,2440.0,22.88819007014076,2664701.992148937
550.0,10.0,2605.714285714286,22.868842712959115,2623396.8815294355
550.0,10.0,2771.4285714285716,22.85175354077539,2585414.4307280704
550.0,10.0,2937.1428571428573,22.836588727277785,2550423.643751111
550.0,10.0,3102.857142857143,22.823070722544855,2518126.538287387
550.0,10.0,3268.571428571429,22.810968275091934,2488256.2386335433
550.0,10.0,3434.2857142857147,22.800088112816407,2460574.5799160777
550.0,10.0,3600.0,22.790268108980975,2434869.487624044
550.0,57.142857142857146,120.0,23.583000764020696,11800772.210670182
550.0,57.142857142857146,285.7142857142857,23.461108456635632,6974136.086317868
550.0,57.142857142857146,451.42857142857144,23.337611408708238,5914976.014225011
550.0,57.142857142857146,617.1428571428571,23.21357102688393,5493348.538541026
550.0,57.142857142857146,782.8571428571429,23.093895173214968,5271860.240862066
550.0,57.142857142857146,948.5714285714287,22.982637902005216,5127736.422657263
550.0,57.142857142857146,1114.2857142857142,22.881887373624668,5017712.00132655
550.0,57.142857142857146,1280.0,22.792128183021457,4924995.056568192
550.0,57.142857142857146,1445.7142857142858,22.712879724124885,4842691.056487966
550.0,57.142857142857146,1611.4285714285716,22.643195543005863,4767805.942893778
550.0,57.142857142857146,1777.1428571428573,22.581972192636353,4698919.470802455
550.0,57.142857142857146,1942.857142857143,22.528115720442962,4635252.143624944
550.0,57.142857142857146,2108.5714285714284,22.48062002968889,4576287.1063927235
550.0,57.142857142857146,2274.285714285714,22.43859596117809,4521618.317031251
550.0,57.142857142857146,2440.0,22.401274957793774,4470891.501167653
550.0,57.142857142857146,2605.714285714286,22.36800084195129,4423782.643412459
550.0,57.142857142857146,2771.4285714285716,22.338216955964338,4379991.051214439
550.0,57.142857142857146,2937.1428571428573,22.311452338718816,4339237.564196303
550.0,57.142857142857146,3102.857142857143,22.28730866006811,4301264.183627467
550.0,57.142857142857146,3268.571428571429,22.265448607594863,4265833.775041881
550.0,57.142857142857146,3434.2857142857147,22.245585903197693,4232729.458393393
550.0,57.142857142857146,3600.0,22.22747688319901,4201753.661443063
550.0,104.28571428571429,120.0,23.540255286251515,13954347.041284079
550.0,104.28571428571429,285.7142857142857,23.398496367426286,8355208.73434713
550.0,104.28571428571429,451.42857142857144,23.259755168800424,7111946.895484523
550.0,104.28571428571429,617.1428571428571,23.123186647702227,6616772.650627936
550.0,104.28571428571429,782.8571428571429,22.99286146281021,6360465.629498765
550.0,104.28571428571429,948.5714285714287,22.872265234749094,6198608.580960845
550.0,104.28571428571429,1114.2857142857142,22.763116589956436,6079191.2699529445
550.0,104.28571428571429,1280.0,22.665679737405917,5981327.067728066
550.0,104.28571428571429,1445.7142857142858,22.579347967149126,5896054.418963679
550.0,104.28571428571429,1611.4285714285716,22.503100711692994,5819297.342653723
550.0,104.28571428571429,1777.1428571428573,22.435786214453337,5749062.189148261
550.0,104.28571428571429,1942.857142857143,22.376273959702544,5684267.391996132
550.0,104.28571428571429,2108.5714285714284,22.32352632688869,5624241.165454467
550.0,104.28571428571429,2274.285714285714,22.276624876265927,5568502.640474257
550.0,104.28571428571429,2440.0,22.23477308865208,5516665.989492114
550.0,104.28571428571429,2605.714285714286,22.197288008778877,5468398.499318305
550.0,104.28571428571429,2771.4285714285716,22.163587518754895,5423402.296599197
550.0,104.28571428571429,2937.1428571428573,22.133176685707383,5381406.300895258
550.0,104.28571428571429,3102.857142857143,22.105634819899173,5342162.46062745
550.0,104.28571428571429,3268.571428571429,22.08060391816724,5305443.67692287
550.0,104.28571428571429,3434.2857142857147,22.057778676614692,5271042.321724053
550.0,104.28571428571429,3600.0,22.036898020841953,5238768.921983576
550.0,151.42857142857144,120.0,23.507346179125765,15671447.901134348
550.0,151.42857142857144,285.7142857142857,23.353735706877234,9449759.48026376
550.0,151.42857142857144,451.42857142857144,23.207126635502576,8054712.401688437
550.0,151.42857142857144,617.1428571428571,23.06483810789489,7497875.133093631
550.0,151.42857142857144,782.8571428571429,22.930114940675583,7211860.168246055
550.0,151.42857142857144,948.5714285714287,22.805902133655913,7034645.671618401
550.0,151.42857142857144,1114.2857142857142,22.693584386425393,6907059.788755308
550.0,151.42857142857144,1280.0,22.59324082775895,6804819.485918672
550.0,151.42857142857144,1445.7142857142858,22.50417251122208,6717212.884192287
550.0,151.42857142857144,1611.4285714285716,22.425317992956376,6639220.009352183
550.0,151.42857142857144,1777.1428571428573,22.355510151375494,6568325.878121697
550.0,151.42857142857144,1942.857142857143,22.293614229974484,6503158.39790135
550.0,151.42857142857144,2108.5714285714284,22.238592180605217,6442884.475118254
550.0,151.42857142857144,2274.285714285714,22.18952558894225,6386935.323576404
550.0,151.42857142857144,2440.0,22.145617101179322,6334879.140597896
550.0,151.42857142857144,2605.714285714286,22.10618173872457,6286361.166037141
550.0,151.42857142857144,2771.4285714285716,22.0706342695395,6241074.977435178
550.0,151.42857142857144,2937.1428571428573,22.038475803401415,6198748.369436283
550.0,151.42857142857144,3102.857142857143,22.009281119366126,6159136.051607695
550.0,151.42857142857144,3268.571428571429,21.982687347626666,6122015.523529494
550.0,151.42857142857144,3434.2857142857147,21.95838417338549,6087184.42405003
550.0,151.42857142857144,3600.0,21.93610551099468,6054458.567511294
550.0,198.57142857142858,120.0,23.480156598889767,17144320.937102523
550.0,198.57142857142858,285.7142857142857,23.31868439599254,10388373.208901364
550.0,198.57142857142858,451.42857142857144,23.167517359936284,8861327.812006997
550.0,198.57142857142858,617.1428571428571,23.022342860362766,8250548.9496382335
550.0,198.57142857142858,782.8571428571429,22.885692953783433,7938388.464119485
550.0,198.57142857142858,948.5714285714287,22.760058457056218,7747582.911483352
550.0,198.57142857142858,1114.2857142857142,22.64655108414893,7612754.352572698
550.0,198.57142857142858,1280.0,22.54510424799356,7506667.746245439
550.0,198.57142857142858,1445.7142857142858,22.45495175850932,7417079.708959455
550.0,198.57142857142858,1611.4285714285716,22.37500811761431,7338134.989302828
550.0,198.57142857142858,1777.1428571428573,22.304103448053667,7266849.7438796805
550.0,198.57142857142858,1942.857142857143,22.241109269496203,7201584.728393927
550.0,198.57142857142858,2108.5714285714284,22.184996519621325,7141354.0187304
550.0,198.57142857142858,2274.285714285714,22.13485551537031,7085502.027888574
550.0,198.57142857142858,2440.0,22.0898961912237,7033548.727234558
550.0,198.57142857142858,2605.714285714286,22.04943910561783,6985113.776095853
550.0,198.57142857142858,2771.4285714285716,22.012902903465406,6939878.438605711
550.0,198.57142857142858,2937.1428571428573,21.97979115600763,6897565.886166491
550.0,198.57142857142858,3102.857142857143,21.949679967187098,6857930.559697379
550.0,198.57142857142858,3268.571428571429,21.922206915926708,6820752.047254566
550.0,198.57142857142858,3434.2857142857147,21.897061482414422,6785831.242158924
550.0,198.57142857142858,3600.0,21.873976902994546,6752987.677103486
550.0,245.71428571428572,120.0,23.456852329654716,18454879.76530058
550.0,245.71428571428572,285.7142857142857,23.289864443937706,11225651.197062757
550.0,245.71428571428572,451.42857142857144,23.135927286550704,9580456.4254401
550.0,245.71428571428572,617.1428571428571,22.98930258791338,8921261.295312334
550.0,245.71428571428572,782.8571428571429,22.851920715145404,8585568.424756002
550.0,245.71428571428572,948.5714285714287,22.725896058623967,8382494.452427462
550.0,245.71428571428572,1114.2857142857142,22.612118185216904,8241117.968930872
550.0,245.71428571428572,1280.0,22.510405077935843,8131566.207361952
550.0,245.71428571428572,1445.7142857142858,22.419940377919037,8040223.861361708
550.0,245.71428571428572,1611.4285714285716,22.339624145747855,7960483.40703018
550.0,245.71428571428572,1777.1428571428573,22.268289539921994,7888935.118982089
550.0,245.71428571428572,1942.857142857143,22.204818347566448,7823694.157089937
550.0,245.71428571428572,2108.5714285714284,22.14819369772373,7763631.806131824
550.0,245.71428571428572,2274.285714285714,22.097517517428923,7708009.595267986
550.0,245.71428571428572,2440.0,22.052009760590664,7656300.027479067
550.0,245.71428571428572,2605.714285714286,22.010999156301512,7608096.405542922
550.0,245.71428571428572,2771.4285714285716,21.973910760774636,7563066.252775391
550.0,245.71428571428572,2937.1428571428573,21.940253024411245,7520926.505686347
550.0,245.71428571428572,3102.857142857143,21.909605659618553,7481429.7766509615
550.0,245.71428571428572,3268.571428571429,21.881608831413995,7444356.342521691
550.0,245.71428571428572,3434.2857142857147,21.855953800350832,7409509.151069899
550.0,245.71428571428572,3600.0,21.83237495788328,7376710.456377045
550.0,292.8571428571429,120.0,23.436412033301895,19647231.691804104
550.0,292.8571428571429,285.7142857142857,23.26541965200532,11990501.438891968
550.0,292.8571428571429,451.42857142857144,23.10978179412314,10237581.274295768
550.0,292.8571428571429,617.1428571428571,22.962515814420907,9534166.96904618
550.0,292.8571428571429,782.8571428571429,22.825044171803018,9176948.515639806
550.0,292.8571428571429,948.5714285714287,22.699167462806365,8962631.050547814
550.0,292.8571428571429,1114.2857142857142,22.58559253940443,8815244.83080046
550.0,292.8571428571429,1280.0,22.484044495314272,8702516.1090293
550.0,292.8571428571429,1445.7142857142858,22.39366869487914,8609579.617247665
550.0,292.8571428571429,1611.4285714285716,22.3133566766179,8529140.427911937
550.0,292.8571428571429,1777.1428571428573,22.241947516301696,8457397.652012108
550.0,292.8571428571429,1942.857142857143,22.1783347562083,8392239.167244403
550.0,292.8571428571429,2108.5714285714284,22.121514652960087,8332402.748280804
550.0,292.8571428571429,2274.285714285714,22.070601521794476,8277071.352932523
550.0,292.8571428571429,2440.0,22.024826116278458,8225671.632647315
550.0,292.8571428571429,2605.714285714286,21.98352616627998,8177770.732931879
550.0,292.8571428571429,2771.4285714285716,21.946134017964333,8133021.935135361
550.0,292.8571428571429,2937.1428571428573,21.91216390897751,8091135.137436493
550.0,292.8571428571429,3102.857142857143,21.881200075351977,8051860.234008912
550.0,292.8571428571429,3268.571428571429,21.852886170772976,8014977.326940499
550.0,292.8571428571429,3434.2857142857147,21.826916111033086,7980290.634626014
550.0,292.8571428571429,3600.0,21.80302627934761,7947624.449427314
550.0,340.0,120.0,23.418193594920535,20748394.17825487
550.0,340.0,285.7142857142857,23.244228857495987,12700367.90861848
550.0,340.0,451.42857142857144,23.08757304970757,10847946.056317894
550.0,340.0,617.1428571428571,22.940152365011254,10103635.409369798
550.0,340.0,782.8571428571429,22.80295796214482,9726488.668956116
550.0,340.0,948.5714285714287,22.677526229904885,9501747.350474453
550.0,340.0,1114.2857142857142,22.56441176487381,9348781.577459466
550.0,340.0,1280.0,22.463263709136452,9233102.807053277
550.0,340.0,1445.7142857142858,22.373197675261082,9138692.44774478
550.0,340.0,1611.4285714285716,22.29310051475463,9057620.225376043
550.0,340.0,1777.1428571428573,22.22181868565829,8985722.48672232
550.0,340.0,1942.857142857143,22.158257883530215,8920675.236653028
550.0,340.0,2108.5714285714284,22.101427497647403,8861090.89653789
550.0,340.0,2274.285714285714,22.0504541623897,8806077.940887053
550.0,340.0,2440.0,22.00457941980673,8755018.987868046
550.0,340.0,2605.714285714286,21.96315008712904,8707455.600424511
550.0,340.0,2771.4285714285716,21.92560598306915,8663026.736233542
550.0,340.0,2937.1428571428573,21.891467393332185,8621434.851651648
550.0,340.0,3102.857142857143,21.86032339501488,8582426.585786194
550.0,340.0,3268.571428571429,21.831821484457155,8545781.29923408
550.0,340.0,3434.2857142857147,21.805658606573886,8511303.938733408
550.0,340.0,3600.0,21.78157351720713,8478820.343105242
550.0,387.14285714285717,120.0,23.401760789382614,21776348.746760987
550.0,387.14285714285717,285.7142857142857,23.22555812657811,13366707.189524002
550.0,387.14285714285717,451.42857142857144,23.068340240861517,11421491.56423484
550.0,387.14285714285717,617.1428571428571,22.9210700970999,10638997.067079894
550.0,387.14285714285717,782.8571428571429,22.784369842346067,10243229.504404925
550.0,387.14285714285717,948.5714285714287,22.6595510787265,10008737.1786399
550.0,387.14285714285717,1114.2857142857142,22.547039934045074,9850544.96773772
550.0,387.14285714285717,1280.0,22.446422552216607,9732100.656351613
550.0,387.14285714285717,1445.7142857142858,22.3567910723264,9636311.088069364
550.0,387.14285714285717,1611.4285714285716,22.2770302350946,9554653.404966805
550.0,387.14285714285717,1777.1428571428573,22.205994597380766,9482624.809415134
550.0,387.14285714285717,1942.857142857143,22.14260190077285,9417702.484875593
550.0,387.14285714285717,2108.5714285714284,22.085874274267614,9358380.597666869
550.0,387.14285714285717,2274.285714285714,22.034950249180795,9303696.854341848
550.0,387.14285714285717,2440.0,21.989081811417677,9252991.633889839
550.0,387.14285714285717,2605.714285714286,21.9476246307175,9205781.631225878
550.0,387.14285714285717,2771.4285714285716,21.910025871088948,9161691.602995541
550.0,387.14285714285717,2937.1428571428573,21.875811830815255,9120416.377149908
550.0,387.14285714285717,3102.857142857143,21.844576464932132,9081699.004748994
550.0,387.14285714285717,3268.571428571429,21.81597120319467,9045317.717898503
550.0,387.14285714285717,3434.2857142857147,21.789696148486744,9011077.80156428
550.0,387.14285714285717,3600.0,21.765492583466255,8978806.274355587
550.0,434.28571428571433,120.0,23.386800794945778,22743781.64412009
550.0,434.28571428571433,285.7142857142857,23.208898806103253,13997506.93137737
550.0,434.28571428571433,451.42857142857144,23.05143313812733,11965108.12554106
550.0,434.28571428571433,617.1428571428571,22.904510087135396,11146697.128555832
550.0,434.28571428571433,782.8571428571429,22.76843365141967,10733403.179734182
550.0,434.28571428571433,948.5714285714287,22.644322303375727,10489724.206428649
550.0,434.28571428571433,1114.2857142857142,22.532492543153143,10326601.876830794
550.0,434.28571428571433,1280.0,22.432477603817283,10205545.986897461
550.0,434.28571428571433,1445.7142857142858,22.34335088372458,10108454.458228052
550.0,434.28571428571433,1611.4285714285716,22.263996789139764,10026247.677667568
550.0,434.28571428571433,1777.1428571428573,22.19327827523037,9954103.664625635
550.0,434.28571428571433,1942.857142857143,22.13012478426976,9889311.953363612
550.0,434.28571428571433,2108.5714285714284,22.073570628129055,9830254.646296516
550.0,434.28571428571433,2274.285714285714,22.02276567393558,9775902.017076172
550.0,434.28571428571433,2440.0,21.976971872588585,9725553.898037823
550.0,434.28571428571433,2605.714285714286,21.935553375553592,9678702.86941753
550.0,434.28571428571433,2771.4285714285716,21.89796442697649,9634959.712190617
550.0,434.28571428571433,2937.1428571428573,21.86373716427712,9594011.564448332
550.0,434.28571428571433,3102.857142857143,21.83247032164631,9555597.68205136
550.0,434.28571428571433,3268.571428571429,21.803819221709478,9519494.897556137
550.0,434.28571428571433,3434.2857142857147,21.777487128736635,9485508.545667723
550.0,434.28571428571433,3600.0,21.753217887827148,9453466.54431702
550.0,481.42857142857144,120.0,23.373080122602907,23660039.888712935
550.0,481.42857142857144,285.7142857142857,23.193882961706883,14598590.194740107
550.0,481.42857142857144,451.42857142857144,23.03639127885776,12483794.243214259
550.0,481.42857142857144,617.1428571428571,22.889943579785022,11631398.237763604
550.0,481.42857142857144,782.8571428571429,22.75456754883295,11201510.88222633
550.0,481.42857142857144,948.5714285714287,22.631214241525377,10949127.150430456
550.0,481.42857142857144,1114.2857142857142,22.520105667250846,10781327.9691892
550.0,481.42857142857144,1280.0,22.420730135836475,10657791.717331959
550.0,481.42857142857144,1445.7142857142858,22.33214594414983,10559463.114217507
550.0,481.42857142857144,1611.4285714285716,22.253238411666896,10476736.313654618
550.0,481.42857142857144,1777.1428571428573,22.182878951125296,10404487.265590236
550.0,481.42857142857144,1942.857142857143,22.120008252799614,10339827.525534442
550.0,481.42857142857144,2108.5714285714284,22.06367219964552,10281032.56604167
550.0,481.42857142857144,2274.285714285714,22.013031392743105,10227008.216579156
550.0,481.42857142857144,2440.0,21.967357226633233,10177015.33203667
550.0,481.42857142857144,2605.714285714286,21.926021914419163,10130523.125027357
550.0,481.42857142857144,2771.4285714285716,21.88848645894446,10087128.677298158
550.0,481.42857142857144,2937.1428571428573,21.854288601785672,10046511.450919459
550.0,481.42857142857144,3102.857142857143,21.823031692868536,10008406.780918619
550.0,481.42857142857144,3268.571428571429,21.794374841398795,9972589.907669589
550.0,481.42857142857144,3434.2857142857147,21.768024411199832,9938865.998054449
550.0,481.42857142857144,3600.0,21.74372678187312,9907063.650616461
550.0,528.5714285714286,120.0,23.360419029486177,24532245.422800563
550.0,528.5714285714286,285.7142857142857,23.180235409050738,15174351.621481778
550.0,528.5714285714286,451.42857142857144,23.022876790378795,12981306.611859571
550.0,528.5714285714286,617.1428571428571,22.87698822778645,12096596.704843063
550.0,528.5714285714286,782.8571428571429,22.742355777436455,11650923.41999845
550.0,528.5714285714286,948.5714285714287,22.619784197010777,11390252.607580885
550.0,528.5714285714286,1114.2857142857142,22.509413327343534,11217996.411931144
550.0,528.5714285714286,1280.0,22.41069297508253,11092093.602736112
550.0,528.5714285714286,1445.7142857142858,22.32266918173034,10992583.716018613
550.0,528.5714285714286,1611.4285714285716,22.244229067142427,10909361.043700498
550.0,528.5714285714286,1777.1428571428573,22.174252420220938,10837014.324408263
550.0,528.5714285714286,1942.857142857143,22.1116906859256,10772485.59396913
550.0,528.5714285714286,2108.5714285714284,22.055600703664748,10713948.500343103
550.0,528.5714285714286,2274.285714285714,22.005153211843744,10660247.114231188
550.0,528.5714285714286,2440.0,21.959628528088203,10610604.75895123
550.0,528.5714285714286,2605.714285714286,21.918406499442764,10564468.000257602
550.0,528.5714285714286,2771.4285714285716,21.880954549935293,10521420.520614965
550.0,528.5714285714286,2937.1428571428573,21.846815767256704,10481134.166491397
550.0,528.5714285714286,3102.857142857143,21.81559792547503,10443340.281248782
550.0,528.5714285714286,3268.571428571429,21.78696378258021,10407812.375480963
550.0,528.5714285714286,3434.2857142857147,21.76062270676388,10374355.281917071
550.0,528.5714285714286,3600.0,21.73632355015304,10342798.106643662
550.0,575.7142857142858,120.0,23.348675700314594,25365972.285315376
550.0,575.7142857142858,285.7142857142857,23.167744730925374,15728201.00727613
550.0,575.7142857142858,451.42857142857144,23.010634546901873,13460549.697117694
550.0,575.7142857142858,617.1428571428571,22.865359127656387,12544990.575507835
550.0,575.7142857142858,782.8571428571429,22.731491888072526,12084239.201415483
550.0,575.7142857142858,948.5714285714287,22.609708815384824,11815647.964190943
550.0,575.7142857142858,1114.2857142857142,22.5000777333096,11639128.092686934
550.0,575.7142857142858,1280.0,22.402015174095467,11510958.888740193
550.0,575.7142857142858,1445.7142857142858,22.314557182199483,11410316.619658215
550.0,575.7142857142858,1611.4285714285716,22.236593312904724,11326618.776915124
550.0,575.7142857142858,1777.1428571428573,22.167011567556976,11254179.931190837
550.0,575.7142857142858,1942.857142857143,22.104773646593802,11189780.069548354
550.0,575.7142857142858,2108.5714285714284,22.048946753129027,11131495.296811154
550.0,575.7142857142858,2274.285714285714,21.99871119260941,11078110.34841716
550.0,575.7142857142858,2440.0,21.95335570614005,11028812.346843658
550.0,575.7142857142858,2605.714285714286,21.912267359457676,10983025.897327527
550.0,575.7142857142858,2771.4285714285716,21.87491966420728,10940321.591300443
550.0,575.7142857142858,2937.1428571428573,21.840860792854542,10900363.74931336
550.0,575.7142857142858,3102.857142857143,21.80970274307871,10862879.690148365
550.0,575.7142857142858,3268.571428571429,21.78111177081573,10827641.096794607
550.0,575.7142857142858,3434.2857142857147,21.7548001376099,10794452.339543922
550.0,575.7142857142858,3600.0,21.730519088574102,10763142.893549861
550.0,622.8571428571429,120.0,23.33773597364037,26165679.77066588
550.0,622.8571428571429,285.7142857142857,23.156244871012746,16262844.722233692
550.0,622.8571428571429,451.42857142857144,22.99946729801934,13923821.730002146
550.0,622.8571428571429,617.1428571428571,22.85483865844937,12978711.363433445
550.0,622.8571428571429,782.8571428571429,22.721744132165593,12503509.207835635
550.0,622.8571428571429,948.5714285714287,22.600745621797103,12227322.946266627
550.0,622.8571428571429,1114.2857142857142,22.49184738730093,12046711.357170122
550.0,622.8571428571429,1280.0,22.394436995164096,11916365.019792665
550.0,622.8571428571429,1445.7142857142858,22.307542307195796,11814633.920959976
550.0,622.8571428571429,1611.4285714285716,22.23005576914423,11730479.130351271
550.0,622.8571428571429,1777.1428571428573,22.160873384003306,11657952.612626387
550.0,622.8571428571429,1942.857142857143,22.098966620633433,11593678.961780025
550.0,622.8571428571429,2108.5714285714284,22.043412486020177,11535640.58186279
550.0,622.8571428571429,2274.285714285714,21.993400317558628,11482565.071173236
550.0,622.8571428571429,2440.0,21.948226809875027,11433604.577728987
550.0,622.8571428571429,2605.714285714286,21.90728585379645,11388162.395801712
550.0,622.8571428571429,2771.4285714285716,21.870056728713617,11345796.333831843
550.0,622.8571428571429,2937.1428571428573,21.83609243733933,11306163.294590918
550.0,622.8571428571429,3102.857142857143,21.80500900171952,11268986.566203762
550.0,622.8571428571429,3268.571428571429,21.776476021974577,11234035.93567029
550.0,622.8571428571429,3434.2857142857147,21.750208535993004,11201115.211465104
550.0,622.8571428571429,3600.0,21.725960094202993,11170054.126108402
550.0,670.0,120.0,23.327506398654034,26935001.19886872
550.0,670.0,285.7142857142857,23.145602962062025,16780471.881794706
550.0,670.0,451.42857142857144,22.989219482879086,14372976.751558846
550.0,670.0,617.1428571428571,22.845257093291284,13399476.310689906
550.0,670.0,782.8571428571429,22.712933430429725,12910384.583388338
550.0,670.0,948.5714285714287,22.592708724276985,12626894.832864672
550.0,670.0,1114.2857142857142,22.48453077850298,12442345.966882132
550.0,670.0,1280.0,22.387761781271983,12309902.89729247
550.0,670.0,1445.7142857142858,22.30142288531427,12207122.281223994
550.0,670.0,1611.4285714285716,22.224409751146208,12122526.939128533
550.0,670.0,1777.1428571428573,22.155626147287116,12049916.56651541
550.0,670.0,1942.857142857143,22.094052845154664,11985766.34017129
550.0,670.0,2108.5714285714284,22.038776132710836,11927968.4349308
550.0,670.0,2274.285714285714,21.988993882085563,11875195.31589834
550.0,670.0,2440.0,21.94401030402009,11826565.289695967
550.0,670.0,2605.714285714286,21.903225746103974,11781460.952834526
550.0,670.0,2771.4285714285716,21.86612495367277,11739427.633843256
550.0,670.0,2937.1428571428573,21.832265516934925,11700114.9373609
550.0,670.0,3102.857142857143,21.80126728969257,11663242.134113792
550.0,670.0,3268.571428571429,21.772803065102618,11628577.068956913
550.0,670.0,3434.2857142857147,21.74659053996419,11595922.911550976
550.0,670.0,3600.0,21.72238547969765,11565109.56117893
550.0,717.1428571428572,120.0,23.317909386470497,27676943.122267153
550.0,717.1428571428572,285.7142857142857,23.13571100216347,17282881.847305756
550.0,717.1428571428572,451.42857142857144,22.979766325777323,14809535.167035133
550.0,717.1428571428572,617.1428571428571,22.836479685544166,13808692.034038248
550.0,717.1428571428572,782.8571428571429,22.704918831034842,13306216.967113586
550.0,717.1428571428572,948.5714285714287,22.585452892397594,13015687.096484547
550.0,717.1428571428572,1114.2857142857142,22.477979244840306,12827340.847902816
550.0,717.1428571428572,1280.0,22.381837712884373,12692874.139531216
550.0,717.1428571428572,1445.7142857142858,22.296043948251704,12589079.89623612
550.0,717.1428571428572,1611.4285714285716,22.21949705423943,12504059.02472165
550.0,717.1428571428572,1777.1428571428573,22.151108317053037,12431368.263424544
550.0,717.1428571428572,1942.857142857143,22.089867370070174,12367338.775158156
550.0,717.1428571428572,2108.5714285714284,22.0348692967061,12309775.661565555
550.0,717.1428571428572,2274.285714285714,21.985320044101417,12257298.090621516
550.0,717.1428571428572,2440.0,21.940530934241806,12208991.57762592
550.0,717.1428571428572,2605.714285714286,21.89990842917014,12164218.599948158
550.0,717.1428571428572,2771.4285714285716,21.862942457959033,12122512.301740173
550.0,717.1428571428572,2937.1428571428573,21.829194969506066,12083515.116109015
550.0,717.1428571428572,3102.857142857143,21.79828946603562,12046942.323768351
550.0,717.1428571428572,3268.571428571429,21.769901788159263,12012559.798339272
550.0,717.1428571428572,3434.2857142857147,21.74375217685233,11980170.011289276
550.0,717.1428571428572,3600.0,21.719598522739656,11949602.954936665
550.0,764.2857142857143,120.0,23.308879729623285,28394026.75686051
550.0,764.2857142857143,285.7142857142857,23.126479999064642,17771574.132205743
550.0,764.2857142857143,451.42857142857144,22.971006271612133,15234761.43393631
550.0,764.2857142857143,617.1428571428571,22.82839780507581,14207527.214715464
550.0,764.2857142857143,782.8571428571429,22.69758761265929,13692128.77625294
550.0,764.2857142857143,948.5714285714287,22.578862795190172,13394798.455277005
550.0,764.2857142857143,1114.2857142857142,22.472075451622562,13202782.495931525
550.0,764.2857142857143,1280.0,22.3765455972231,13066359.13676277
550.0,764.2857142857143,1445.7142857142858,22.291284381287678,12961584.34995616
550.0,764.2857142857143,1611.4285714285716,22.21519450616428,12876151.917031297
550.0,764.2857142857143,1777.1428571428573,22.14719452476285,12803384.065270139
550.0,764.2857142857143,1942.857142857143,22.08628251841893,12739472.859979933
550.0,764.2857142857143,2108.5714285714284,22.03156191648265,12682139.215134751
550.0,764.2857142857143,2274.285714285714,21.98224631699769,12629950.691842532
550.0,764.2857142857143,2440.0,21.937653779411715,12581960.990453836
550.0,764.2857142857143,2605.714285714286,21.897196563209164,12537513.015553975
550.0,764.2857142857143,2771.4285714285716,21.860369518598905,12496128.013598295
550.0,764.2857142857143,2937.1428571428573,21.826738738945284,12457441.37668244
550.0,764.2857142857143,3102.857142857143,21.795931201959863,12421164.433323834
550.0,764.2857142857143,3268.571428571429,21.767625657160785,12387061.070111224
550.0,764.2857142857143,3434.2857142857147,21.741544779359973,12354933.015001258
550.0,764.2857142857143,3600.0,21.717448496964007,12324610.293300098
550.0,811.4285714285714,120.0,23.300362044451127,29088390.88974419
550.0,811.4285714285714,285.7142857142857,23.117835749654237,18247813.4003634
550.0,811.4285714285714,451.42857142857144,22.96285560483941,15649720.051938167
550.0,811.4285714285714,617.1428571428571,22.820922695488466,14596964.894172681
550.0,811.4285714285714,782.8571428571429,22.69084836927311,14069063.718933647
550.0,811.4285714285714,948.5714285714287,22.572845529846923,13765152.472283348
550.0,811.4285714285714,1114.2857142857142,22.46672543485336,13569584.09652001
550.0,811.4285714285714,1280.0,22.371790470809756,13431265.915497176
550.0,811.4285714285714,1445.7142857142858,22.287048115976216,13325541.33592497
550.0,811.4285714285714,1611.4285714285716,22.211404774069536,13239710.487192947
550.0,811.4285714285714,1777.1428571428573,22.143786015970587,13166868.792447142
550.0,811.4285714285714,1942.857142857143,22.083197983374784,13103073.718687993
550.0,811.4285714285714,2108.5714285714284,22.028752035842274,13045964.64419857
550.0,811.4285714285714,2274.285714285714,21.97966903131313,12994059.08623016
550.0,811.4285714285714,2440.0,21.935273421913237,12946379.841056773
550.0,811.4285714285714,2605.714285714286,21.894982971426085,12902250.757064398
550.0,811.4285714285714,2771.4285714285716,21.858297207439442,12861181.460293068
550.0,811.4285714285714,2937.1428571428573,21.824786167956745,12822800.434221262
550.0,811.4285714285714,3102.857142857143,21.794080143906758,12786815.100745616
550.0,811.4285714285714,3268.571428571429,21.765860662807057,12752987.354100386
550.0,811.4285714285714,3434.2857142857147,21.739852728210135,12721118.144774886
550.0,811.4285714285714,3600.0,21.71581822225627,12691037.482233366
550.0,858.5714285714287,120.0,23.29230885329765,29761868.360545453
550.0,858.5714285714287,285.7142857142857,23.109715733432488,18712677.482238814
550.0,858.5714285714287,451.42857142857144,22.955244537365164,16055316.80697821
550.0,858.5714285714287,617.1428571428571,22.81398097773934,14977840.936669823
550.0,858.5714285714287,782.8571428571429,22.684626066659842,14437823.911893358
550.0,858.5714285714287,948.5714285714287,22.56732531336545,14127533.983574068
550.0,858.5714285714287,1114.2857142857142,22.461852976212178,13928521.592443176
550.0,858.5714285714287,1280.0,22.367495686827013,13788366.015139107
550.0,858.5714285714287,1445.7142857142858,22.283257949018818,13681720.430293754
550.0,858.5714285714287,1611.4285714285716,22.208049929320833,13595503.65958474
550.0,858.5714285714287,1777.1428571428573,22.140803973444793,13522591.393421238
550.0,858.5714285714287,1942.857142857143,22.080533921246506,13458910.639254574
550.0,858.5714285714287,2108.5714285714284,22.026358678025165,13402021.688674184
550.0,858.5714285714287,2274.285714285714,21.977506000996,13350393.466462372
550.0,858.5714285714287,2440.0,21.933306416865513,13303018.717362171
550.0,858.5714285714287,2605.714285714286,21.893182922718452,13259202.72282803
550.0,858.5714285714287,2771.4285714285716,21.856639497471548,13218443.756273586
550.0,858.5714285714287,2937.1428571428573,21.823249937710845,13180363.52544187
550.0,858.5714285714287,3102.857142857143,21.79264769576812,13144665.59698216
550.0,858.5714285714287,3268.571428571429,21.76451695400332,13111109.875796888
550.0,858.5714285714287,3434.2857142857147,21.73858494520089,13079496.510229459
550.0,858.5714285714287,3600.0,21.714615425071297,13049655.454365594
550.0,905.7142857142858,120.0,23.28467912091763,30416043.964588404
550.0,905.7142857142858,285.7142857142857,23.102066783507137,19167093.52112214
550.0,905.7142857142858,451.42857142857144,22.948114309553606,16452329.73927884
550.0,905.7142857142858,617.1428571428571,22.80751134738209,15350872.868404888
550.0,905.7142857142858,782.8571428571429,22.678858436926078,14799097.689056
550.0,905.7142857142858,948.5714285714287,22.56223963347713,14482616.378123038
550.0,905.7142857142858,1114.2857142857142,22.457395543904788,14280260.68758545
550.0,905.7142857142858,1280.0,22.363598665083906,14138321.347328901
550.0,905.7142857142858,1445.7142857142858,22.279851113261117,14030781.874577595
550.0,905.7142857142858,1611.4285714285716,22.205066848105623,13944191.151694838
550.0,905.7142857142858,1777.1428571428573,22.138184754628043,13871211.656832077
550.0,905.7142857142858,1942.857142857143,22.078226032630056,13807643.763107663
550.0,905.7142857142858,2108.5714285714284,22.024316777340186,13750970.946901457
550.0,905.7142857142858,2274.285714285714,21.975691312327395,13699614.893518379
550.0,905.7142857142858,2440.0,21.931685945151646,13652539.09663866
550.0,905.7142857142858,2605.714285714286,21.891728655546917,13609030.735060161
550.0,905.7142857142858,2771.4285714285716,21.855327664132222,13568576.988041373
550.0,905.7142857142858,2937.1428571428573,21.82206035295806,13530792.920018325
550.0,905.7142857142858,3102.857142857143,21.791563193937378,13495378.298105568
550.0,905.7142857142858,3268.571428571429,21.763522908690888,13462091.047603697
550.0,905.7142857142858,3434.2857142857147,21.7376688653576,13430730.497680295
550.0,905.7142857142858,3600.0,21.713766617143097,13401126.515275033
550.0,952.8571428571429,120.0,23.27743712007858,31052299.01097231
550.0,952.8571428571429,285.7142857142857,23.09484331192828,19611865.6399876
550.0,952.8571428571429,451.42857142857144,22.94141500541533,16841432.790731277
550.0,952.8571428571429,617.1428571428571,22.801462106059958,15716681.871583346
550.0,952.8571428571429,782.8571428571429,22.67349330180875,15153480.794644687
550.0,952.8571428571429,948.5714285714287,22.557536407008236,14830982.379894642
550.0,952.8571428571429,1114.2857142857142,22.45330130973972,14625377.41491129
550.0,952.8571428571429,1280.0,22.360047780646205,14481704.652709316
550.0,952.8571428571429,1445.7142857142858,22.27677604529518,14373296.97482863
550.0,952.8571428571429,1611.4285714285716,22.202403863019,14286343.842606599
550.0,952.8571428571429,1777.1428571428573,22.13587643134566,14213300.561625037
550.0,952.8571428571429,1942.857142857143,22.076221994206236,14149844.42138809
550.0,952.8571428571429,2108.5714285714284,22.022573507107758,14093384.19841208
550.0,952.8571428571429,2274.285714285714,21.974171552209647,14042295.604365496
550.0,952.8571428571429,2440.0,21.930357946360633,13995513.63569815
550.0,952.8571428571429,2605.714285714286,21.890565419881046,13952307.809983581
550.0,952.8571428571429,2771.4285714285716,21.85430624058034,13912154.46180683
550.0,952.8571428571429,2937.1428571428573,21.821161214879737,13874662.143637354
550.0,952.8571428571429,3102.857142857143,21.790769701855645,13839526.882009216
550.0,952.8571428571429,3268.571428571429,21.762820854053462,13806504.637784718
550.0,952.8571428571429,3434.2857142857147,21.73704608658921,13775393.910284506
550.0,952.8571428571429,3600.0,21.713212678194456,13746024.45408288
550.0,1000.0,120.0,23.27055154015326,31671846.110834368
550.0,1000.0,285.7142857142857,23.088005937739663,20047696.43325374
550.0,1000.0,451.42857142857144,22.93510388108795,17223214.134559516
550.0,1000.0,617.1428571428571,22.795789287742224,16075809.813251916
550.0,1000.0,782.8571428571429,22.668486553847707,15501492.7815256
550.0,1000.0,948.5714285714287,22.553171848052884,15173140.122610167
550.0,1000.0,1114.2857142857142,22.449526921251866,14964374.042992948
550.0,1000.0,1280.0,22.35680004857627,14819015.320732305
550.0,1000.0,1445.7142857142858,22.273989987389644,14709763.877459427
550.0,1000.0,1611.4285714285716,22.20001828500006,14622459.526504667
550.0,1000.0,1777.1428571428573,22.133836233989705,14549356.018350253
550.0,1000.0,1942.857142857143,22.074478827375906,14486010.867872478
550.0,1000.0,2108.5714285714284,22.021085575109723,14429760.128997138
550.0,1000.0,2274.285714285714,21.972903032988512,14378934.728056177
550.0,1000.0,2440.0,21.92927827569863,14332441.876207521
550.0,1000.0,2605.714285714286,21.88964856901728,14289533.850353666
550.0,1000.0,2771.4285714285716,21.85353004728089,14249676.38130897
550.0,1000.0,2937.1428571428573,21.82050679128943,14212471.639406504
550.0,1000.0,3102.857142857143,21.79022092363234,14177611.97196178
550.0,1000.0,3268.571428571429,21.762363926280983,14144851.394994006
550.0,1000.0,3434.2857142857147,21.736669178220787,14113987.572632238
550.0,1000.0,3600.0,21.712905615751957,14084850.127425985
585.7142857142858,10.0,120.0,23.615567306970043,10161383.053131765
585.7142857142858,10.0,285.7142857142857,23.5260224337266,5637222.9796045
585.7142857142858,10.0,451.42857142857144,23.43226467140794,4633893.308463945
585.7142857142858,10.0,617.1428571428571,23.33637165569412,4217294.85788611
585.7142857142858,10.0,782.8571428571429,23.243499737005163,3983904.155218204
585.7142857142858,10.0,948.5714285714287,23.15774965803098,3822304.296210128
585.7142857142858,10.0,1114.2857142857142,23.081150978589438,3694078.1820189063
585.7142857142858,10.0,1280.0,23.014099009858537,3584576.4342048657
585.7142857142858,10.0,1445.7142857142858,22.956047257132074,3487733.7276194035
585.7142857142858,10.0,1611.4285714285716,22.906029735029286,3400730.4394677025
585.7142857142858,10.0,1777.1428571428573,22.86296999507097,3322010.825735099
585.7142857142858,10.0,1942.857142857143,22.825837209479374,3250532.6920556137
585.7142857142858,10.0,2108.5714285714284,22.793711851315557,3185483.0468003163
585.7142857142858,10.0,2274.285714285714,22.765803729971182,3126171.2572323247
585.7142857142858,10.0,2440.0,22.741447416076465,3071988.9395092167
585.7142857142858,10.0,2605.714285714286,22.720088472308422,3022394.036313269
585.7142857142858,10.0,2771.4285714285716,22.70126718742246,2976903.051257483
585.7142857142858,10.0,2937.1428571428573,22.684602887545164,2935085.6876139254
585.7142857142858,10.0,3102.857142857143,22.66978004370129,2896560.0400463645
585.7142857142858,10.0,3268.571428571429,22.656536494160356,2860987.8938069083
585.7142857142858,10.0,3434.2857142857147,22.64465369532181,2828070.135336016
585.7142857142858,10.0,3600.0,22.633948757910265,2797542.379182494
585.7142857142858,57.142857142857146,120.0,23.542156458614844,13786627.661494883
585.7142857142858,57.142857142857146,285.7142857142857,23.40924486383312,8006557.989442216
585.7142857142858,57.142857142857146,451.42857142857144,23.27578496781885,6719743.037117405
585.7142857142858,57.142857142857146,617.1428571428571,23.142442634617414,6198328.773920242
585.7142857142858,57.142857142857146,782.8571428571429,23.01436531021022,5919892.521594627
585.7142857142858,57.142857142857146,948.5714285714287,22.895767326595337,5737526.603346703
585.7142857142858,57.142857142857146,1114.2857142857142,22.788749897084784,5598948.72855816
585.7142857142858,57.142857142857146,1280.0,22.693713890000947,5483427.0887727095
585.7142857142858,57.142857142857146,1445.7142857142858,22.6100528445959,5382128.792840586
585.7142857142858,57.142857142857146,1611.4285714285716,22.536686974362688,5290998.963654937
585.7142857142858,57.142857142857146,1777.1428571428573,22.47238927864904,5207976.569129255
585.7142857142858,57.142857142857146,1942.857142857143,22.415958627655638,5131859.832959283
585.7142857142858,57.142857142857146,2108.5714285714284,22.36629919469824,5061833.074356772
585.7142857142858,57.142857142857146,2274.285714285714,22.322448137502054,4997266.962041706
585.7142857142858,57.142857142857146,2440.0,22.28357699768345,4937633.6154638585
585.7142857142858,57.142857142857146,2605.714285714286,22.248981113812583,4882470.149909003
585.7142857142858,57.142857142857146,2771.4285714285716,22.218064619085077,4831362.4985468425
585.7142857142858,57.142857142857146,2937.1428571428573,22.19032479961197,4783937.543234718
585.7142857142858,57.142857142857146,3102.857142857143,22.16533753820258,4739858.527449923
585.7142857142858,57.142857142857146,3268.571428571429,22.14274450225344,4698821.704025339
585.7142857142858,57.142857142857146,3434.2857142857147,22.122242205935883,4660553.435140114
585.7142857142858,57.142857142857146,3600.0,22.103572834265375,4624807.483148249
585.7142857142858,104.28571428571429,120.0,23.499293707989953,16003722.21295298
585.7142857142858,104.28571428571429,285.7142857142857,23.348652665286078,9431811.365659274
585.7142857142858,104.28571428571429,451.42857142857144,23.20201610794871,7953740.269750483
585.7142857142858,104.28571428571429,617.1428571428571,23.05808565486406,7355978.955169342
585.7142857142858,104.28571428571429,782.8571428571429,22.921111269249927,7041659.864194163
585.7142857142858,104.28571428571429,948.5714285714287,22.794700686255624,6841317.882154357
585.7142857142858,104.28571428571429,1114.2857142857142,22.680581499143265,6693505.788631989
585.7142857142858,104.28571428571429,1280.0,22.578952749802376,6573179.387414185
585.7142857142858,104.28571428571429,1445.7142857142858,22.489110208509352,6469322.267753537
585.7142857142858,104.28571428571429,1611.4285714285716,22.409929847061342,6376736.348862926
585.7142857142858,104.28571428571429,1777.1428571428573,22.34016372541162,6292756.736316395
585.7142857142858,104.28571428571429,1942.857142857143,22.27859756106532,6215866.223021625
585.7142857142858,104.28571428571429,2108.5714285714284,22.224123307862122,6145090.09865726
585.7142857142858,104.28571428571429,2274.285714285714,22.17576445419998,6079724.913587068
585.7142857142858,104.28571428571429,2440.0,22.132677083654,6019214.247974299
585.7142857142858,104.28571428571429,2605.714285714286,22.09413973644189,5963090.460682871
585.7142857142858,104.28571428571429,2771.4285714285716,22.059539051154033,5910946.437644333
585.7142857142858,104.28571428571429,2937.1428571428573,22.02835471635364,5862421.094533542
585.7142857142858,104.28571428571429,3102.857142857143,22.000145376426605,5817191.226832272
585.7142857142858,104.28571428571429,3268.571428571429,21.974536142697573,5774966.3197592115
585.7142857142858,104.28571428571429,3434.2857142857147,21.95120785994376,5735484.7750164075
585.7142857142858,104.28571428571429,3600.0,21.929888042690205,5698510.859521585
585.7142857142858,151.42857142857144,120.0,23.46693853435646,17760386.282317236
585.7142857142858,151.42857142857144,285.7142857142857,23.305988374397774,10558668.260666445
585.7142857142858,151.42857142857144,451.42857142857144,23.15282054882347,8924883.837886408
585.7142857142858,151.42857142857144,617.1428571428571,23.004350917977046,8263992.620106791
585.7142857142858,151.42857142857144,782.8571428571429,22.864005939599,7919505.667883163
585.7142857142858,151.42857142857144,948.5714285714287,22.73485119868578,7703815.264571613
585.7142857142858,151.42857142857144,1114.2857142857142,22.61828991569069,7548063.886884326
585.7142857142858,151.42857142857144,1280.0,22.51435351922328,7423682.990962735
585.7142857142858,151.42857142857144,1445.7142857142858,22.422265607134793,7317838.393935724
585.7142857142858,151.42857142857144,1611.4285714285716,22.340880495831748,7224353.396199981
585.7142857142858,151.42857142857144,1777.1428571428573,22.268951699365974,7140025.333780619
585.7142857142858,151.42857142857144,1942.857142857143,22.205274704568946,7063040.033703888
585.7142857142858,151.42857142857144,2108.5714285714284,22.148752393296057,6992260.376322073
585.7142857142858,151.42857142857144,2274.285714285714,22.09841734952845,6926896.59239894
585.7142857142858,151.42857142857144,2440.0,22.053432016787344,6866349.108178529
585.7142857142858,151.42857142857144,2605.714285714286,22.013078606800825,6810131.474584631
585.7142857142858,151.42857142857144,2771.4285714285716,21.97674515615243,6757831.26189526
585.7142857142858,151.42857142857144,2937.1428571428573,21.943910981684894,6709089.281328423
585.7142857142858,151.42857142857144,3102.857142857143,21.914133057930222,6663587.809381818
585.7142857142858,151.42857142857144,3268.571428571429,21.88703392431437,6621043.326068852
585.7142857142858,151.42857142857144,3434.2857142857147,21.86229126504052,6581201.58312985
585.7142857142858,151.42857142857144,3600.0,21.839629083804077,6543833.93072447
585.7142857142858,198.57142857142858,120.0,23.44054650375481,19261222.13292649
585.7142857142858,198.57142857142858,285.7142857142857,23.272885763060103,11523756.732402515
585.7142857142858,198.57142857142858,451.42857142857144,23.116094971004134,9755497.844358776
585.7142857142858,198.57142857142858,617.1428571428571,22.96553723622043,9039752.611493217
585.7142857142858,198.57142857142858,782.8571428571429,22.82394521179077,8668882.754255766
585.7142857142858,198.57142857142858,948.5714285714287,22.693937517300693,8439679.232929394
585.7142857142858,198.57142857142858,1114.2857142857142,22.5766550470877,8276908.230960283
585.7142857142858,198.57142857142858,1280.0,22.471997389623574,8148961.234006022
585.7142857142858,198.57142857142858,1445.7142857142858,22.379135403564632,8041426.3538928265
585.7142857142858,198.57142857142858,1611.4285714285716,22.296912712508455,7947268.157352967
585.7142857142858,198.57142857142858,1777.1428571428573,22.224091534253677,7862804.271338182
585.7142857142858,198.57142857142858,1942.857142857143,22.15948306473912,7785949.438190829
585.7142857142858,198.57142857142858,2108.5714285714284,22.102006757035426,7715413.450093647
585.7142857142858,198.57142857142858,2274.285714285714,22.05070994936009,7650321.316462496
585.7142857142858,198.57142857142858,2440.0,22.00476712753805,7590027.625949118
585.7142857142858,198.57142857142858,2605.714285714286,21.963469786523227,7534022.985249462
585.7142857142858,198.57142857142858,2771.4285714285716,21.926212795157394,7481885.24203092
585.7142857142858,198.57142857142858,2937.1428571428573,21.892480269894882,7433252.987529575
585.7142857142858,198.57142857142858,3102.857142857143,21.86183236750056,7387810.387401013
585.7142857142858,198.57142857142858,3268.571428571429,21.833893558549118,7345277.909932865
585.7142857142858,198.57142857142858,3434.2857142857147,21.808342511509757,7305406.213806285
585.7142857142858,198.57142857142858,3600.0,21.78490351130267,7267971.794110166
585.7142857142858,245.71428571428572,120.0,23.418134814585194,20592846.780918423
585.7142857142858,245.71428571428572,285.7142857142857,23.245841968415668,12383929.151499039
585.7142857142858,245.71428571428572,451.42857142857144,23.08697015888351,10495846.772591643
585.7142857142858,245.71428571428572,617.1428571428571,22.935537878623514,9731061.137407962
585.7142857142858,245.71428571428572,782.8571428571429,22.793698202576127,9336524.944606453
585.7142857142858,245.71428571428572,948.5714285714287,22.663702037225402,9095151.253536189
585.7142857142858,245.71428571428572,1114.2857142857142,22.546477468686714,8926036.50320562
585.7142857142858,245.71428571428572,1280.0,22.441819450388948,8794868.488997787
585.7142857142858,245.71428571428572,1445.7142857142858,22.348859498570768,8685828.68678994
585.7142857142858,245.71428571428572,1611.4285714285716,22.26643659273635,8591111.834936181
585.7142857142858,245.71428571428572,1777.1428571428573,22.193324314237636,8506601.66690388
585.7142857142858,245.71428571428572,1942.857142857143,22.128350946712327,8429964.561653348
585.7142857142858,245.71428571428572,2108.5714285714284,22.070453600820176,8359767.539055634
585.7142857142858,245.71428571428572,2274.285714285714,22.018695554234874,8295054.131560519
585.7142857142858,245.71428571428572,2440.0,21.97226472180835,8235133.470236348
585.7142857142858,245.71428571428572,2605.714285714286,21.930463449960712,8179471.99120019
585.7142857142858,245.71428571428572,2771.4285714285716,21.892695128645336,8127635.9379053945
585.7142857142858,245.71428571428572,2937.1428571428573,21.858450418305992,8079259.6453862535
585.7142857142858,245.71428571428572,3102.857142857143,21.827294402774218,8034027.227661953
585.7142857142858,245.71428571428572,3268.571428571429,21.798855187697527,7991661.408066966
585.7142857142858,245.71428571428572,3434.2857142857147,21.77281406039935,7951916.264428945
585.7142857142858,245.71428571428572,3600.0,21.748897134494747,7914572.1938131
585.7142857142858,292.8571428571429,120.0,23.398617805195013,21801669.644506603
585.7142857142858,292.8571428571429,285.7142857142857,23.223013095112563,13169196.616801586
585.7142857142858,292.8571428571429,451.42857142857144,23.062967606039056,11172214.14498401
585.7142857142858,292.8571428571429,617.1428571428571,22.911328673717986,10362756.520592881
585.7142857142858,292.8571428571429,782.8571428571429,22.769762315493306,9946616.221219199
585.7142857142858,292.8571428571429,948.5714285714287,22.6402137096,9694101.612482749
585.7142857142858,292.8571428571429,1114.2857142857142,22.523435906994617,9519162.179820126
585.7142857142858,292.8571428571429,1280.0,22.419139407372935,9385032.475200022
585.7142857142858,292.8571428571429,1445.7142857142858,22.326425760760998,9274616.37566072
585.7142857142858,292.8571428571429,1611.4285714285716,22.244132892507366,9179407.23805423
585.7142857142858,292.8571428571429,1777.1428571428573,22.17104662994815,9094891.291491045
585.7142857142858,292.8571428571429,1942.857142857143,22.106012187801756,9018505.50115862
585.7142857142858,292.8571428571429,2108.5714285714284,22.047983949672318,8948683.486433676
585.7142857142858,292.8571428571429,2274.285714285714,21.996040862879145,8884391.435518708
585.7142857142858,292.8571428571429,2440.0,21.9493842246829,8824894.34019509
585.7142857142858,292.8571428571429,2605.714285714286,21.907327411346625,8769634.329735035
585.7142857142858,292.8571428571429,2771.4285714285716,21.86928269793628,8718165.211867023
585.7142857142858,292.8571428571429,2937.1428571428573,21.83474778909474,8670115.956840716
585.7142857142858,292.8571428571429,3102.857142857143,21.803293286078244,8625169.46537219
585.7142857142858,292.8571428571429,3268.571428571429,21.7745515721081,8583049.614909017
585.7142857142858,292.8571428571429,3434.2857142857147,21.748207218765124,8543512.914156254
585.7142857142858,292.8571428571429,3600.0,21.723988835267683,8506342.80440332
585.7142857142858,340.0,120.0,23.38132238943996,22916005.093883257
585.7142857142858,340.0,285.7142857142857,23.20329687486725,13897632.971661147
585.7142857142858,340.0,451.42857142857144,23.04264781920047,11800311.758180818
585.7142857142858,340.0,617.1428571428571,22.891193539027707,10949616.784123719
585.7142857142858,340.0,782.8571428571429,22.750186959943985,10513502.667708805
585.7142857142858,340.0,948.5714285714287,22.621315885934397,10250665.476810576
585.7142857142858,340.0,1114.2857142857142,22.505187285120922,10070314.805312287
585.7142857142858,340.0,1280.0,22.40144236236221,9933427.432423353
585.7142857142858,340.0,1445.7142857142858,22.309159444338043,9821731.037368063
585.7142857142858,340.0,1611.4285714285716,22.227177632080288,9726072.03688323
585.7142857142858,340.0,1777.1428571428573,22.154295106362778,9641568.64616492
585.7142857142858,340.0,1942.857142857143,22.089373304488344,9565444.217383387
585.7142857142858,340.0,2108.5714285714284,22.031383004662473,9496007.150873499
585.7142857142858,340.0,2274.285714285714,21.9794180572979,9432150.223091457
585.7142857142858,340.0,2440.0,21.93269258280764,9373095.872130414
585.7142857142858,340.0,2605.714285714286,21.890530643518222,9318262.240804872
585.7142857142858,340.0,2771.4285714285716,21.852353243622957,9267190.371865246
585.7142857142858,340.0,2937.1428571428573,21.817665125446542,9219503.239855379
585.7142857142858,340.0,3102.857142857143,21.78604251304206,9174881.793094248
585.7142857142858,340.0,3268.571428571429,21.75712225206306,9133050.32010482
585.7142857142858,340.0,3434.2857142857147,21.73059243657261,9093767.066344457
585.7142857142858,340.0,3600.0,21.70618444280191,9056817.895725176
585.7142857142858,387.14285714285717,120.0,23.365796683283946,23954635.8224423
585.7142857142858,387.14285714285717,285.7142857142857,23.185977614708126,14581091.980039904
585.7142857142858,387.14285714285717,451.42857142857144,23.02509940925656,12390382.7476297
585.7142857142858,387.14285714285717,617.1428571428571,22.874067610721568,11501241.298059987
585.7142857142858,387.14285714285717,782.8571428571429,22.733781429791115,11046482.263838697
585.7142857142858,387.14285714285717,948.5714285714287,22.605709421867918,10773992.197022328
585.7142857142858,387.14285714285717,1114.2857142857142,22.490334996892653,10588569.344979564
585.7142857142858,387.14285714285717,1280.0,22.387241668522133,10449090.53490452
585.7142857142858,387.14285714285717,1445.7142857142858,22.295489516637303,10336189.429012759
585.7142857142858,387.14285714285717,1611.4285714285716,22.21392024206215,10240109.970175643
585.7142857142858,387.14285714285717,1777.1428571428573,22.14134413029587,10155626.74947565
585.7142857142858,387.14285714285717,1942.857142857143,22.07663795162222,10079762.823029315
585.7142857142858,387.14285714285717,2108.5714285714284,22.018787863842793,10010708.471946346
585.7142857142858,387.14285714285717,2274.285714285714,21.96690170865245,9947286.648726488
585.7142857142858,387.14285714285717,2440.0,21.920205701335693,9888678.849788679
585.7142857142858,387.14285714285717,2605.714285714286,21.878034054983967,9834279.749534337
585.7142857142858,387.14285714285717,2771.4285714285716,21.839816139947803,9783617.558058137
585.7142857142858,387.14285714285717,2937.1428571428573,21.8050635151735,9736308.893084507
585.7142857142858,387.14285714285717,3102.857142857143,21.773357917623507,9692032.262419883
585.7142857142858,387.14285714285717,3268.571428571429,21.744340629483236,9650511.843352946
585.7142857142858,387.14285714285717,3434.2857142857147,21.71770330290088,9611507.111342372
585.7142857142858,387.14285714285717,3600.0,21.693180160358622,9574805.886449851
585.7142857142858,434.28571428571433,120.0,23.351719918725916,24930776.78298154
585.7142857142858,434.28571428571433,285.7142857142857,23.17056260425794,15227829.9045047
585.7142857142858,434.28571428571433,451.42857142857144,23.009708775551008,12949526.59914539
585.7142857142858,434.28571428571433,617.1428571428571,22.859246561610107,12024264.232299842
585.7142857142858,434.28571428571433,782.8571428571429,22.719769553018292,11551969.76516445
585.7142857142858,434.28571428571433,948.5714285714287,22.592557527184375,11270387.699475566
585.7142857142858,434.28571428571433,1114.2857142857142,22.47798814806645,11080177.333921444
585.7142857142858,434.28571428571433,1280.0,22.375596288442622,10938246.297900476
585.7142857142858,434.28571428571433,1445.7142857142858,22.284427538313732,10824202.465350166
585.7142857142858,434.28571428571433,1611.4285714285716,22.203327120649995,10727724.417822523
585.7142857142858,434.28571428571433,1777.1428571428573,22.131117013909307,10643263.661057485
585.7142857142858,434.28571428571433,1942.857142857143,22.066688401561745,10567654.322615033
585.7142857142858,434.28571428571433,2108.5714285714284,22.009041808507643,10498974.750784166
585.7142857142858,434.28571428571433,2274.285714285714,21.95729814867743,10435981.30658171
585.7142857142858,434.28571428571433,2440.0,21.910694973406255,10377816.093474066
585.7142857142858,434.28571428571433,2605.714285714286,21.86857605693406,10323850.916309852
585.7142857142858,434.28571428571433,2771.4285714285716,21.8303786992619,10273601.228403978
585.7142857142858,434.28571428571433,2937.1428571428573,21.795620967912644,10226677.092079192
585.7142857142858,434.28571428571433,3102.857142857143,21.76388990778504,10182754.245474685
585.7142857142858,434.28571428571433,3268.571428571429,21.73483111287029,10141556.377041027
585.7142857142858,434.28571428571433,3434.2857142857147,21.708139729735358,10102843.81177677
585.7142857142858,434.28571428571433,3600.0,21.683552808991916,10066405.966607763
585.7142857142858,481.42857142857144,120.0,23.3388547879245,25854141.82543634
585.7142857142858,481.42857142857144,285.7142857142857,23.15669742928611,15843861.184351832
585.7142857142858,481.42857142857144,451.42857142857144,22.99604325535449,13482893.952306747
585.7142857142858,481.42857142857144,617.1428571428571,22.84624155878169,12523487.492239323
585.7142857142858,481.42857142857144,782.8571428571429,22.707619659378743,12034601.904273797
585.7142857142858,481.42857142857144,948.5714285714287,22.581293238556388,11744406.49841837
585.7142857142858,481.42857142857144,1114.2857142857142,22.467548518785378,11549652.258115299
585.7142857142858,481.42857142857144,1280.0,22.365878912225128,11405388.17669694
585.7142857142858,481.42857142857144,1445.7142857142858,22.27531841048205,11290254.09334001
585.7142857142858,481.42857142857144,1611.4285714285716,22.194716356575235,11193394.760457473
585.7142857142858,481.42857142857144,1777.1428571428573,22.122905941907238,11108956.166181028
585.7142857142858,481.42857142857144,1942.857142857143,22.05879187575927,11033593.333414227
585.7142857142858,481.42857142857144,2108.5714285714284,22.001388093999154,10965278.10729404
585.7142857142858,481.42857142857144,2274.285714285714,21.949827710742667,10902703.164242934
585.7142857142858,481.42857142857144,2440.0,21.90335888091486,10844972.669336662
585.7142857142858,481.42857142857144,2605.714285714286,21.861334354999173,10791436.18161097
585.7142857142858,481.42857142857144,2771.4285714285716,21.8231989123372,10741596.554525537
585.7142857142858,481.42857142857144,2937.1428571428573,21.788476792979733,10695057.199008243
585.7142857142858,481.42857142857144,3102.857142857143,21.756760106760588,10651490.860001398
585.7142857142858,481.42857142857144,3268.571428571429,21.72769859023749,10610620.458836006
585.7142857142858,481.42857142857144,3434.2857142857147,21.70099077252455,10572206.878422039
585.7142857142858,481.42857142857144,3600.0,21.676376464444353,10536040.850255297
585.7142857142858,528.5714285714286,120.0,23.327020025167045,26732117.70415924
585.7142857142858,528.5714285714286,285.7142857142857,23.144118280266593,16433722.420360649
585.7142857142858,528.5714285714286,451.42857142857144,22.983786530364004,13994356.47025147
585.7142857142858,528.5714285714286,617.1428571428571,22.83470028870281,13002513.763631353
585.7142857142858,528.5714285714286,782.8571428571429,22.696953115722582,12497853.6135053
585.7142857142858,528.5714285714286,948.5714285714287,22.571516840733626,12199459.787478933
585.7142857142858,528.5714285714286,1114.2857142857142,22.458597893699512,12000373.550902624
585.7142857142858,528.5714285714286,1280.0,22.357654009565504,11853880.310347734
585.7142857142858,528.5714285714286,1445.7142857142858,22.267709843875192,11737701.541727796
585.7142857142858,528.5714285714286,1611.4285714285716,22.187619241640437,11640475.361743947
585.7142857142858,528.5714285714286,1777.1428571428573,22.116226107228535,11556057.47057064
585.7142857142858,528.5714285714286,1942.857142857143,22.05244784529935,11480932.372678574
585.7142857142858,528.5714285714286,2108.5714285714284,21.995310921140568,11412970.213841453
585.7142857142858,528.5714285714286,2274.285714285714,21.943959843079067,11350802.606339486
585.7142857142858,528.5714285714286,2440.0,21.897652685591112,11293497.130546844
585.7142857142858,528.5714285714286,2605.714285714286,21.855750620164255,11240381.720751014
585.7142857142858,528.5714285714286,2771.4285714285716,21.817705468334147,11190946.833522823
585.7142857142858,528.5714285714286,2937.1428571428573,21.783047306591424,11144789.199436577
585.7142857142858,528.5714285714286,3102.857142857143,21.751373056749713,11101578.41954497
585.7142857142858,528.5714285714286,3268.571428571429,21.722336411684154,11061036.440437093
585.7142857142858,528.5714285714286,3434.2857142857147,21.695639149434413,11022924.475924956
585.7142857142858,528.5714285714286,3600.0,21.67102374842089,10987034.346812742
585.7142857142858,575.7142857142858,120.0,23.316073596763744,27570475.911088534
585.7142857142858,575.7142857142858,285.7142857142857,23.13262331625292,17000932.14262093
585.7142857142858,575.7142857142858,451.42857142857144,22.972700503044162,14486908.14740226
585.7142857142858,575.7142857142858,617.1428571428571,22.824360985701187,13464124.6689243
585.7142857142858,575.7142857142858,782.8571428571429,22.687491673530662,12944405.469573079
585.7142857142858,575.7142857142858,948.5714285714287,22.562937336155837,12638177.65182834
585.7142857142858,575.7142857142858,1114.2857142857142,22.450834216377924,12434946.17023553
585.7142857142858,575.7142857142858,1280.0,22.35060909271033,12286315.68933993
585.7142857142858,575.7142857142858,1445.7142857142858,22.261279079791162,12169132.615911908
585.7142857142858,575.7142857142858,1611.4285714285716,22.181702759583313,12071552.180993568
585.7142857142858,575.7142857142858,1777.1428571428573,22.110734254378215,11987153.153705759
585.7142857142858,575.7142857142858,1942.857142857143,22.047302898158424,11912257.100840116
585.7142857142858,575.7142857142858,2108.5714285714284,21.99044688157628,11844636.752447324
585.7142857142858,575.7142857142858,2274.285714285714,21.939321371143176,11782865.028825259
585.7142857142858,575.7142857142858,2440.0,21.89319373186361,11725974.181726426
585.7142857142858,575.7142857142858,2605.714285714286,21.851433040044185,11673271.125558399
585.7142857142858,575.7142857142858,2771.4285714285716,21.813497747043094,11624234.148582716
585.7142857142858,575.7142857142858,2937.1428571428573,21.778923442771788,11578453.317004545
585.7142857142858,575.7142857142858,3102.857142857143,21.74731161205094,11535594.989022221
585.7142857142858,575.7142857142858,3268.571428571429,21.718319715037346,11495379.980595877
585.7142857142858,575.7142857142858,3434.2857142857147,21.69165263743045,11457569.657728754
585.7142857142858,575.7142857142858,3600.0,21.667055421645088,11421956.74859541
585.7142857142858,622.8571428571429,120.0,23.305901866768647,28373827.007592395
585.7142857142858,622.8571428571429,285.7142857142857,23.122054577419856,17548282.212865774
585.7142857142858,622.8571428571429,451.42857142857144,22.962601598003296,14962918.64120586
585.7142857142858,622.8571428571429,617.1428571428571,22.815024216611846,13910518.89283463
585.7142857142858,622.8571428571429,782.8571428571429,22.679025483765585,13376374.720442235
585.7142857142858,622.8571428571429,948.5714285714287,22.55533718087842,13062636.602784121
585.7142857142858,622.8571428571429,1114.2857142857142,22.444033372099458,12855426.376375468
585.7142857142858,622.8571428571429,1280.0,22.34451377845931,12704741.014396135
585.7142857142858,622.8571428571429,1445.7142857142858,22.255789415475686,12586590.020407517
585.7142857142858,622.8571428571429,1611.4285714285716,22.176723735268595,12488666.708736187
585.7142857142858,622.8571428571429,1777.1428571428573,22.106180600597906,12404284.750804698
585.7142857142858,622.8571428571429,1942.857142857143,22.043100572795414,12329609.52936279
585.7142857142858,622.8571428571429,2108.5714285714284,21.986532837753842,12262320.206954425
585.7142857142858,622.8571428571429,2274.285714285714,21.93564255144637,12200933.169700354
585.7142857142858,622.8571428571429,2440.0,21.88970579507985,12144446.506323617
585.7142857142858,622.8571428571429,2605.714285714286,21.848099074779533,12092146.693732455
585.7142857142858,622.8571428571429,2771.4285714285716,21.810287088319555,12043500.093790716
585.7142857142858,622.8571428571429,2937.1428571428573,21.77581063480149,11998090.15501841
585.7142857142858,622.8571428571429,3102.857142857143,21.74427552380326,11955579.931417815
585.7142857142858,622.8571428571429,3268.571428571429,21.715342798277643,11915688.991218457
585.7142857142858,622.8571428571429,3434.2857142857147,21.688720310276388,11878178.710823104
585.7142857142858,622.8571428571429,3600.0,21.664155559240424,11842842.577444464
585.7142857142858,670.0,120.0,23.296412326662384,29145922.903287284
585.7142857142858,670.0,285.7142857142857,23.11228608119905,18078030.437756788
585.7142857142858,670.0,451.42857142857144,22.953345395552823,15424300.123869155
585.7142857142858,670.0,617.1428571428571,22.806534800223872,14343468.68120353
585.7142857142858,670.0,782.8571428571429,22.67139279571548,13795466.920172574
585.7142857142858,670.0,948.5714285714287,22.54855007450071,13474508.807932531
585.7142857142858,670.0,1114.2857142857142,22.438025265484917,13263469.753929157
585.7142857142858,670.0,1280.0,22.339194286062604,13110804.098416517
585.7142857142858,670.0,1445.7142857142858,22.251063222758724,12991718.41714048
585.7142857142858,670.0,1611.4285714285716,22.172500459739805,12893462.79621663
585.7142857142858,670.0,1777.1428571428573,22.102379146389357,12809096.386152158
585.7142857142858,670.0,1942.857142857143,22.03965042983523,12734634.45097252
585.7142857142858,670.0,2108.5714285714284,21.983373828971626,12667666.066501781
585.7142857142858,670.0,2274.285714285714,21.932723882592732,12606653.057274444
585.7142857142858,670.0,2440.0,21.886984865193572,12550560.432354322
585.7142857142858,670.0,2605.714285714286,21.84554027768347,12498654.788569886
585.7142857142858,670.0,2771.4285714285716,21.80786071038394,12450390.80909735
585.7142857142858,670.0,2937.1428571428573,21.773491888113522,12405345.392692141
585.7142857142858,670.0,3102.857142857143,21.74204372065628,12363178.255723646
585.7142857142858,670.0,3268.571428571429,21.713180657473256,12323607.63124605
585.7142857142858,670.0,3434.2857142857147,21.68661337967343,12286394.793028217
585.7142857142858,670.0,3600.0,21.662091737648073,12251333.865522819
585.7142857142858,717.1428571428572,120.0,23.287528551381783,29889864.99856344
585.7142857142858,717.1428571428572,285.7142857142857,23.10321571644,18592032.38936724
585.7142857142858,717.1428571428572,451.42857142857144,22.94481631249647,15872621.107468419
585.7142857142858,717.1428571428572,617.1428571428571,22.798769798033998,14764426.402366936
585.7142857142858,717.1428571428572,782.8571428571429,22.66446659283911,14203079.061729318
585.7142857142858,717.1428571428572,948.5714285714287,22.54244644544742,13875163.522953238
585.7142857142858,717.1428571428572,1114.2857142857142,22.43267827801722,13660431.790483482
585.7142857142858,717.1428571428572,1280.0,22.334516945003816,13505854.014114778
585.7142857142858,717.1428571428572,1445.7142857142858,22.246964562228566,13385864.345013872
585.7142857142858,717.1428571428572,1611.4285714285716,22.168894457398018,13287286.434917573
585.7142857142858,717.1428571428572,1777.1428571428573,22.099188638678026,13202934.441186067
585.7142857142858,717.1428571428572,1942.857142857143,22.03680825291023,13128678.995545778
585.7142857142858,717.1428571428572,2108.5714285714284,21.9808225509297,13062022.255337894
585.7142857142858,717.1428571428572,2274.285714285714,21.930414903805417,13001373.295553721
585.7142857142858,717.1428571428572,2440.0,21.884877303429334,12945665.05495658
585.7142857142858,717.1428571428572,2605.714285714286,21.84359984775541,12894144.782315273
585.7142857142858,717.1428571428572,2771.4285714285716,21.806058694169977,12846255.730953468
585.7142857142858,717.1428571428572,2937.1428571428573,21.7718042305584,12801568.332576117
585.7142857142858,717.1428571428572,3102.857142857143,21.740450257038916,12759738.95351819
585.7142857142858,717.1428571428572,3268.571428571429,21.711664463122723,12720484.42727335
585.7142857142858,717.1428571428572,3434.2857142857147,21.685160227761585,12683565.834708367
585.7142857142858,717.1428571428572,3600.0,21.660689649452625,12648777.836989138
585.7142857142858,764.2857142857143,120.0,23.27918660062157,30608251.710247472
585.7142857142858,764.2857142857143,285.7142857142857,23.094759562802704,19091834.302707985
585.7142857142858,764.2857142857143,451.42857142857144,22.936920463977234,16309186.429279096
585.7142857142858,764.2857142857143,617.1428571428571,22.79163029187021,15174599.304118114
585.7142857142858,764.2857142857143,782.8571428571429,22.658145519240975,14600371.857659636
585.7142857142858,764.2857142857143,948.5714285714287,22.53692366397317,14265738.14065322
585.7142857142858,764.2857142857143,1114.2857142857142,22.42788884650764,14047438.308875775
585.7142857142858,764.2857142857143,1280.0,22.33037718597221,13891011.21897705
585.7142857142858,764.2857142857143,1445.7142857142858,22.243387618483705,13770146.188878274
585.7142857142858,764.2857142857143,1611.4285714285716,22.165798391026044,13671255.6373187
585.7142857142858,764.2857142857143,1777.1428571428573,22.09649996910267,13586917.371066304
585.7142857142858,764.2857142857143,1942.857142857143,22.03446296341935,13512862.384424811
585.7142857142858,764.2857142857143,2108.5714285714284,21.978765810320393,13446508.81656451
585.7142857142858,764.2857142857143,2274.285714285714,21.92860021276999,13386214.665211754
585.7142857142858,764.2857142857143,2440.0,21.88326544657871,13330881.741829222
585.7142857142858,764.2857142857143,2605.714285714286,21.842157843112798,13279738.454380402
585.7142857142858,764.2857142857143,2771.4285714285716,21.804758827811774,13232216.87339279
585.7142857142858,764.2857142857143,2937.1428571428573,21.770623208925976,13187881.056551896
585.7142857142858,764.2857142857143,3102.857142857143,21.739368481643073,13146384.023829248
585.7142857142858,764.2857142857143,3268.571428571429,21.710665419416426,13107441.162961941
585.7142857142858,764.2857142857143,3434.2857142857147,21.684229974846836,13070813.28992005
585.7142857142858,764.2857142857143,3600.0,21.659816396147217,13036295.519335365
585.7142857142858,811.4285714285714,120.0,23.271332389295527,31303285.645909004
585.7142857142858,811.4285714285714,285.7142857142857,23.086847810585013,19578740.203078877
585.7142857142858,811.4285714285714,451.42857142857144,22.929580598780582,16735094.899016926
585.7142857142858,811.4285714285714,617.1428571428571,22.78503560582324,15575003.313748717
585.7142857142858,811.4285714285714,782.8571428571429,22.652347553767,14988321.71339478
585.7142857142858,811.4285714285714,948.5714285714287,22.53189926339735,14647189.25402347
585.7142857142858,811.4285714285714,1114.2857142857142,22.42357428345094,14425436.075165395
585.7142857142858,811.4285714285714,1280.0,22.326691989215984,14267217.939179596
585.7142857142858,811.4285714285714,1445.7142857142858,22.240248794501216,14145504.45393901
585.7142857142858,811.4285714285714,1611.4285714285716,22.163127815948055,14046310.654386992
585.7142857142858,811.4285714285714,1777.1428571428573,22.09422760065899,13961985.885058926
585.7142857142858,811.4285714285714,1942.857142857143,22.032527732526596,13888126.07668564
585.7142857142858,811.4285714285714,2108.5714285714284,21.97711533555342,13822068.019232074
585.7142857142858,811.4285714285714,2274.285714285714,21.92718998887155,13762120.18318689
585.7142857142858,811.4285714285714,2440.0,21.882057856719367,13707154.136270666
585.7142857142858,811.4285714285714,2605.714285714286,21.841121171102188,13656379.929304916
585.7142857142858,811.4285714285714,2771.4285714285716,21.803866350787686,13609218.693512987
585.7142857142858,811.4285714285714,2937.1428571428573,21.769852400334518,13565228.212746419
585.7142857142858,811.4285714285714,3102.857142857143,21.73870032873143,13524058.176703982
585.7142857142858,811.4285714285714,3268.571428571429,21.710083847528946,13485422.49569698
585.7142857142858,811.4285714285714,3434.2857142857147,21.683721366099903,13449081.663651519
585.7142857142858,811.4285714285714,3600.0,21.65936918900443,13414831.179618219
585.7142857142858,858.5714285714287,120.0,23.263919726182074,31976853.141546194
585.7142857142858,858.5714285714287,285.7142857142857,23.07942176694696,20053861.473857094
585.7142857142858,858.5714285714287,451.42857142857144,22.922732425782183,17151281.766443405
585.7142857142858,858.5714285714287,617.1428571428571,22.77891915308591,15966502.619853558
585.7142857142858,858.5714285714287,782.8571428571429,22.64700549700707,15367758.936243659
585.7142857142858,858.5714285714287,948.5714285714287,22.527306134149914,15020330.180250132
585.7142857142858,858.5714285714287,1114.2857142857142,22.419667713061852,14795229.980709951
585.7142857142858,858.5714285714287,1280.0,22.323394580510385,14635275.185078893
585.7142857142858,858.5714285714287,1445.7142857142858,22.237481177616377,14512738.702584937
585.7142857142858,858.5714285714287,1611.4285714285716,22.160815423180598,14413250.874925531
585.7142857142858,858.5714285714287,1777.1428571428573,22.092303594620912,14328939.824638871
585.7142857142858,858.5714285714287,1942.857142857143,22.030933798831963,14255270.629254745
585.7142857142858,858.5714285714287,2108.5714285714284,21.975801392772293,14189501.197377717
585.7142857142858,858.5714285714287,2274.285714285714,21.926113415693216,14129891.914833046
585.7142857142858,858.5714285714287,2440.0,21.881182558687982,14075284.935872715
585.7142857142858,858.5714285714287,2605.714285714286,21.84041664939497,14024872.415667938
585.7142857142858,858.5714285714287,2771.4285714285716,21.803306847268942,13978064.784997694
585.7142857142858,858.5714285714287,2937.1428571428573,21.769416146306963,13934413.658954669
585.7142857142858,858.5714285714287,3102.857142857143,21.73836890116124,13893565.422742799
585.7142857142858,858.5714285714287,3268.571428571429,21.709841625487684,13855232.489306854
585.7142857142858,858.5714285714287,3434.2857142857147,21.683555075802325,13819174.985575054
585.7142857142858,858.5714285714287,3600.0,21.65926752484578,13785188.737759601
585.7142857142858,905.7142857142858,120.0,23.25690882445401,32630584.3981103
585.7142857142858,905.7142857142858,285.7142857142857,23.072431617907192,20518154.157192215
585.7142857142858,905.7142857142858,451.42857142857144,22.916321897513644,17558550.610873
585.7142857142858,905.7142857142858,617.1428571428571,22.77322539103844,16349839.360290397
585.7142857142858,905.7142857142858,782.8571428571429,22.642063686004565,15739396.374600109
585.7142857142858,905.7142857142858,948.5714285714287,22.52308904606293,15385859.076110022
585.7142857142858,905.7142857142858,1114.2857142857142,22.41611442506317,15157510.89645898
585.7142857142858,905.7142857142858,1280.0,22.320430627655444,14995870.47947452
585.7142857142858,905.7142857142858,1445.7142857142858,22.23503058416194,14872535.224992339
585.7142857142858,905.7142857142858,1611.4285714285716,22.158806935600644,14772762.471067352
585.7142857142858,905.7142857142858,1777.1428571428573,22.09067336136393,14688465.797167627
585.7142857142858,905.7142857142858,1942.857142857143,22.029626077426943,14614983.321937678
585.7142857142858,905.7142857142858,2108.5714285714284,21.9747682573436,14549496.36451929
585.7142857142858,905.7142857142858,2274.285714285714,21.925314019701286,14490218.573747886
585.7142857142858,905.7142857142858,2440.0,21.880582251133763,14435963.472831741
585.7142857142858,905.7142857142858,2605.714285714286,21.839986094829975,14385905.762109285
585.7142857142858,905.7142857142858,2771.4285714285716,21.80302121827666,14339445.405541044
585.7142857142858,905.7142857142858,2937.1428571428573,21.769254413756894,14296127.957785586
585.7142857142858,905.7142857142858,3102.857142857143,21.738313225616093,14255596.532944413
585.7142857142858,905.7142857142858,3268.571428571429,21.709876842908,14217562.036214886
585.7142857142858,905.7142857142858,3434.2857142857147,21.683668266642066,14181784.192682507
585.7142857142858,905.7142857142858,3600.0,21.6594476547287,14148059.10834239
585.7142857142858,952.8571428571429,120.0,23.2502651525407,33265899.700810727
585.7142857142858,952.8571428571429,285.7142857142857,23.065834727539503,20972447.495582495
585.7142857142858,952.8571428571429,451.42857142857144,22.91030316692735,17957597.69481807
585.7142857142858,952.8571428571429,617.1428571428571,22.76790754941608,16725656.270916972
585.7142857142858,952.8571428571429,782.8571428571429,22.637475559605587,16103851.253688242
585.7142857142858,952.8571428571429,948.5714285714287,22.519202085848196,15744380.367356975
585.7142857142858,952.8571428571429,1114.2857142857142,22.4128692009062,15512876.900056291
585.7142857142858,952.8571428571429,1280.0,22.317755462439923,15349598.987871494
585.7142857142858,952.8571428571429,1445.7142857142858,22.2328526798638,15225488.126351273
585.7142857142858,952.8571428571429,1611.4285714285716,22.15705812800789,15125439.468432004
585.7142857142858,952.8571428571429,1777.1428571428573,22.089292581240876,15041158.239891533
585.7142857142858,952.8571428571429,1942.857142857143,22.028559983185556,14967859.218178298
585.7142857142858,952.8571428571429,2108.5714285714284,21.973970941750437,14902649.270043768
585.7142857142858,952.8571428571429,2274.285714285714,21.92474630545865,14843696.570802543
585.7142857142858,952.8571428571429,2440.0,21.88021085217874,14789786.75197924
585.7142857142858,952.8571428571429,2605.714285714286,21.839782782924907,14740077.480707103
585.7142857142858,952.8571428571429,2771.4285714285716,21.80296205860772,14693958.482223084
585.7142857142858,952.8571428571429,2937.1428571428573,21.769319092955012,14650969.361128498
585.7142857142858,952.8571428571429,3102.857142857143,21.738484475228084,14610749.99983707
585.7142857142858,952.8571428571429,3268.571428571429,21.710139951820665,14573009.793276116
585.7142857142858,952.8571428571429,3434.2857142857147,21.68401067219235,14537508.038296094
585.7142857142858,952.8571428571429,3600.0,21.659858601394117,14504041.081641505
585.7142857142858,1000.0,120.0,23.24395853503993,33884045.46276441
585.7142857142858,1000.0,285.7142857142857,23.059594326345252,21417466.09718358
585.7142857142858,1000.0,451.42857142857144,22.90463702700793,18349030.843384128
585.7142857142858,1000.0,617.1428571428571,22.76292590862815,17094514.2268786
585.7142857142858,1000.0,782.8571428571429,22.633201825257085,16461662.078301104
585.7142857142858,1000.0,948.5714285714287,22.51560673820865,16096421.332117423
585.7142857142858,1000.0,1114.2857142857142,22.409894320887986,15861849.700463433
585.7142857142858,1000.0,1280.0,22.315332018091475,15696979.867648035
585.7142857142858,1000.0,1445.7142857142858,22.230910848691945,15572115.643385554
585.7142857142858,1000.0,1611.4285714285716,22.155532627397942,15471800.05089834
585.7142857142858,1000.0,1777.1428571428573,22.08812493630875,15387535.721959252
585.7142857142858,1000.0,1942.857142857143,22.027699094405072,15314417.466938926
585.7142857142858,1000.0,2108.5714285714284,21.973372792134352,15249479.700294642
585.7142857142858,1000.0,2274.285714285714,21.924373286536696,15190846.312243251
585.7142857142858,1000.0,2440.0,21.880030966550414,15137275.743126675
585.7142857142858,1000.0,2605.714285714286,21.839768853355142,15087909.030732278
585.7142857142858,1000.0,2771.4285714285716,21.80309100296283,15042125.884039622
585.7142857142858,1000.0,2937.1428571428573,21.769571286707055,14999460.06914166
585.7142857142858,1000.0,3102.857142857143,21.73884320424103,14959548.280965015
585.7142857142858,1000.0,3268.571428571429,21.71059094924398,14922098.408152265
585.7142857142858,1000.0,3434.2857142857147,21.684541729770416,14886869.300047912
585.7142857142858,1000.0,3600.0,21.660459244720172,14853657.512214374
621.4285714285714,10.0,120.0,23.57526807518728,12095325.510652835
621.4285714285714,10.0,285.7142857142857,23.47261728165425,6629269.085626178
621.4285714285714,10.0,451.42857142857144,23.365963836707103,5404057.658300626
621.4285714285714,10.0,617.1428571428571,23.25750895238429,4889964.060049696
621.4285714285714,10.0,782.8571428571429,23.15301181696917,4600023.964145629
621.4285714285714,10.0,948.5714285714287,23.05696925489687,4399497.982338657
621.4285714285714,10.0,1114.2857142857142,22.971528319899747,4241472.234377675
621.4285714285714,10.0,1280.0,22.897014959881957,4107689.5333701666
621.4285714285714,10.0,1445.7142857142858,22.832724611100044,3990343.0278660315
621.4285714285714,10.0,1611.4285714285716,22.777508276634652,3885658.3902630624
621.4285714285714,10.0,1777.1428571428573,22.730114359671422,3791488.91054701
621.4285714285714,10.0,1942.857142857143,22.689358195562438,3706387.301900696
621.4285714285714,10.0,2108.5714285714284,22.654190997897192,3629241.2624637457
621.4285714285714,10.0,2274.285714285714,22.62371651336514,3559127.6398654236
621.4285714285714,10.0,2440.0,22.597183343954477,3495251.548656113
621.4285714285714,10.0,2605.714285714286,22.57396775044277,3436918.260898848
621.4285714285714,10.0,2771.4285714285716,22.553554227135734,3383517.6066983156
621.4285714285714,10.0,2937.1428571428573,22.535517120910708,3334513.180072882
621.4285714285714,10.0,3102.857142857143,22.519504534648952,3289433.5438540326
621.4285714285714,10.0,3268.571428571429,22.505224783678393,3247864.4866941003
621.4285714285714,10.0,3434.2857142857147,22.492435247944485,3209442.051122349
621.4285714285714,10.0,3600.0,22.480933306347897,3173846.261943916
621.4285714285714,57.142857142857146,120.0,23.500872288554138,15836502.692430504
621.4285714285714,57.142857142857146,285.7142857142857,23.358155927167353,9075357.622729048
621.4285714285714,57.142857142857146,451.42857142857144,23.215637368822357,7551992.394878375
621.4285714285714,57.142857142857146,617.1428571428571,23.073740681093046,6926843.097388394
621.4285714285714,57.142857142857146,782.8571428571429,22.937901646569017,6589198.741421126
621.4285714285714,57.142857142857146,948.5714285714287,22.81251345583586,6367059.1760222195
621.4285714285714,57.142857142857146,1114.2857142857142,22.699702580491895,6198770.151382749
621.4285714285714,57.142857142857146,1280.0,22.599796859321536,6059508.788480612
621.4285714285714,57.142857142857146,1445.7142857142858,22.512073729691476,5938431.193567468
621.4285714285714,57.142857142857146,1611.4285714285716,22.435328746351825,5830382.320932833
621.4285714285714,57.142857142857146,1777.1428571428573,22.368218860132153,5732636.385294734
621.4285714285714,57.142857142857146,1942.857142857143,22.3094421313629,5643553.164894298
621.4285714285714,57.142857142857146,2108.5714285714284,22.257818339532385,5562006.363701741
621.4285714285714,57.142857142857146,2274.285714285714,22.212315400768198,5487134.287204388
621.4285714285714,57.142857142857146,2440.0,22.172048641086803,5418228.214745038
621.4285714285714,57.142857142857146,2605.714285714286,22.136267972363726,5354680.4933547815
621.4285714285714,57.142857142857146,2771.4285714285716,22.104340857845997,5295958.7993064085
621.4285714285714,57.142857142857146,2937.1428571428573,22.07573494508971,5241591.973097661
621.4285714285714,57.142857142857146,3102.857142857143,22.050002096007642,5191161.0584963495
621.4285714285714,57.142857142857146,3268.571428571429,22.026764438742692,5144292.776445198
621.4285714285714,57.142857142857146,3434.2857142857147,22.005702526556288,5100654.242293924
621.4285714285714,57.142857142857146,3600.0,21.98654544729602,5059948.420558331
621.4285714285714,104.28571428571429,120.0,23.45882929784836,18101137.379872914
621.4285714285714,104.28571428571429,285.7142857142857,23.300442480799806,10540167.069507478
621.4285714285714,104.28571428571429,451.42857142857144,23.146699595737452,8820511.154797962
621.4285714285714,104.28571428571429,617.1428571428571,22.996031313818676,8117108.58429753
621.4285714285714,104.28571428571429,782.8571428571429,22.852926368559306,7743017.414417695
621.4285714285714,104.28571428571429,948.5714285714287,22.72113906453231,7502981.74869429
621.4285714285714,104.28571428571429,1114.2857142857142,22.602420882801294,7325843.043442025
621.4285714285714,104.28571428571429,1280.0,22.496917038797953,7182285.28018526
621.4285714285714,104.28571428571429,1445.7142857142858,22.403835024885176,7059184.290161005
621.4285714285714,104.28571428571429,1611.4285714285716,22.321954981736425,6950192.345068744
621.4285714285714,104.28571428571429,1777.1428571428573,22.249939075932822,6851956.9787216
621.4285714285714,104.28571428571429,1942.857142857143,22.18649442864608,6762514.399110942
621.4285714285714,104.28571428571429,2108.5714285714284,22.130446811542793,6680578.886029824
621.4285714285714,104.28571428571429,2274.285714285714,22.080765124429814,6605218.032305308
621.4285714285714,104.28571428571429,2440.0,22.036560917595295,6535699.593813969
621.4285714285714,104.28571428571429,2605.714285714286,21.997076587909664,6471416.610975546
621.4285714285714,104.28571428571429,2771.4285714285716,21.9616694838678,6411848.997202405
621.4285714285714,104.28571428571429,2937.1428571428573,21.929795538002562,6356542.468163147
621.4285714285714,104.28571428571429,3102.857142857143,21.90099408231431,6305095.915487347
621.4285714285714,104.28571428571429,3268.571428571429,21.87487447673135,6257153.0320710065
621.4285714285714,104.28571428571429,3434.2857142857147,21.851104669327558,6212396.190145737
621.4285714285714,104.28571428571429,3600.0,21.82940157074803,6170541.607140265
621.4285714285714,151.42857142857144,120.0,23.42757855721559,19887310.623200543
621.4285714285714,151.42857142857144,285.7142857142857,23.260280982622653,11696868.696167516
621.4285714285714,151.42857142857144,451.42857142857144,23.101219822827392,9818844.989175942
621.4285714285714,151.42857142857144,617.1428571428571,22.947084703891058,9051350.453545379
621.4285714285714,151.42857142857144,782.8571428571429,22.80154149111927,8646902.839301396
621.4285714285714,151.42857142857144,948.5714285714287,22.667799983060693,8391698.497894678
621.4285714285714,151.42857142857144,1114.2857142857142,22.547295804082207,8206967.306330148
621.4285714285714,151.42857142857144,1280.0,22.440022712581218,8059761.94475254
621.4285714285714,151.42857142857144,1445.7142857142858,22.345134694853975,7935083.899141461
621.4285714285714,151.42857142857144,1611.4285714285716,22.26140812265183,7825578.552035306
621.4285714285714,151.42857142857144,1777.1428571428573,22.187522241810903,7727343.289099434
621.4285714285714,151.42857142857144,1942.857142857143,22.122206924832472,7638113.667993404
621.4285714285714,151.42857142857144,2108.5714285714284,22.06430936134162,7556442.408884415
621.4285714285714,151.42857142857144,2274.285714285714,22.01281589720464,7481313.804463924
621.4285714285714,151.42857142857144,2440.0,21.966851042836673,7411956.335313525
621.4285714285714,151.42857142857144,2605.714285714286,21.925666071834733,7347748.2712937845
621.4285714285714,151.42857142857144,2771.4285714285716,21.88862383952239,7288168.053652522
621.4285714285714,151.42857142857144,2937.1428571428573,21.855183159569496,7232766.784880762
621.4285714285714,151.42857142857144,3102.857142857143,21.824884280122607,7181151.924043768
621.4285714285714,151.42857142857144,3268.571428571429,21.797336055301145,7132976.84278187
621.4285714285714,151.42857142857144,3434.2857142857147,21.772204932288165,7087933.573780545
621.4285714285714,151.42857142857144,3600.0,21.749205651682907,7045747.394365192
621.4285714285714,198.57142857142858,120.0,23.402342321079644,21408877.627936244
621.4285714285714,198.57142857142858,285.7142857142857,23.229342415102998,12686876.957043275
621.4285714285714,198.57142857142858,451.42857142857144,23.067489773315696,10672774.526207998
621.4285714285714,198.57142857142858,617.1428571428571,22.911980612155997,9849842.927594943
621.4285714285714,198.57142857142858,782.8571428571429,22.765800112618084,9418947.390851108
621.4285714285714,198.57142857142858,948.5714285714287,22.631715631731918,9150414.915867025
621.4285714285714,198.57142857142858,1114.2857142857142,22.51090928616539,8958960.471387094
621.4285714285714,198.57142857142858,1280.0,22.403255341139168,8808522.366636083
621.4285714285714,198.57142857142858,1445.7142857142858,22.307868233332513,8682485.037718406
621.4285714285714,198.57142857142858,1611.4285714285716,22.223525885525316,8572615.621515632
621.4285714285714,198.57142857142858,1777.1428571428573,22.14892677291079,8474523.448223889
621.4285714285714,198.57142857142858,1942.857142857143,22.082825139776755,8385670.758825278
621.4285714285714,198.57142857142858,2108.5714285714284,22.024091702024677,8304458.13855448
621.4285714285714,198.57142857142858,2274.285714285714,21.97173306893779,8229787.126994305
621.4285714285714,198.57142857142858,2440.0,21.92489012888451,8160843.421576782
621.4285714285714,198.57142857142858,2605.714285714286,21.882826843869296,8096985.490866731
621.4285714285714,198.57142857142858,2771.4285714285716,21.844915578137943,8037685.034012009
621.4285714285714,198.57142857142858,2937.1428571428573,21.8106220546699,7982493.639291233
621.4285714285714,198.57142857142858,3102.857142857143,21.77949137314136,7931023.049370757
621.4285714285714,198.57142857142858,3268.571428571429,21.75113564576468,7882932.710337624
621.4285714285714,198.57142857142858,3434.2857142857147,21.725223364132564,7837921.361983228
621.4285714285714,198.57142857142858,3600.0,21.70147040153417,7795720.9708535895
621.4285714285714,245.71428571428572,120.0,23.381068625206428,22755957.134083156
621.4285714285714,245.71428571428572,285.7142857142857,23.204191607739308,13568860.33365085
621.4285714285714,245.71428571428572,451.42857142857144,23.04086305291151,11433906.400051145
621.4285714285714,245.71428571428572,617.1428571428571,22.884990230955847,10561544.849957984
621.4285714285714,245.71428571428572,782.8571428571429,22.738993900476817,10106969.387244938
621.4285714285714,245.71428571428572,948.5714285714287,22.605279355790888,9826439.230040025
621.4285714285714,245.71428571428572,1114.2857142857142,22.484823368615928,9628896.088786563
621.4285714285714,245.71428571428572,1280.0,22.37740497490527,9475518.128304645
621.4285714285714,245.71428571428572,1445.7142857142858,22.282108993549624,9348253.142414117
621.4285714285714,245.71428571428572,1611.4285714285716,22.197717611759376,9238083.558607567
621.4285714285714,245.71428571428572,1777.1428571428573,22.122948278065444,9140178.494135974
621.4285714285714,245.71428571428572,1942.857142857143,22.0565785653717,9051750.21376404
621.4285714285714,245.71428571428572,2108.5714285714284,21.997501846285328,8971057.377793347
621.4285714285714,245.71428571428572,2274.285714285714,21.944744622008237,8896922.069763964
621.4285714285714,245.71428571428572,2440.0,21.89746431480601,8828487.00503647
621.4285714285714,245.71428571428572,2605.714285714286,21.854938171827634,8765089.024315326
621.4285714285714,245.71428571428572,2771.4285714285716,21.81654898705683,8706190.635864217
621.4285714285714,245.71428571428572,2937.1428571428573,21.781770527803467,8651341.366854427
621.4285714285714,245.71428571428572,3102.857142857143,21.75015400430187,8600154.855601765
621.4285714285714,245.71428571428572,3268.571428571429,21.721316101299667,8552294.504427006
621.4285714285714,245.71428571428572,3434.2857142857147,21.694928675239296,8507463.944402443
621.4285714285714,245.71428571428572,3600.0,21.6707100245969,8465400.310603155
621.4285714285714,292.8571428571429,120.0,23.36264791502567,23976669.84986819
621.4285714285714,292.8571428571429,285.7142857142857,23.183038967999817,14373736.600008994
621.4285714285714,292.8571428571429,451.42857142857144,23.018995479052926,12129214.376240006
621.4285714285714,292.8571428571429,617.1428571428571,22.863299725864877,11211905.818802508
621.4285714285714,292.8571428571429,782.8571428571429,22.717899330756453,10735737.54246826
621.4285714285714,292.8571428571429,948.5714285714287,22.584898988056885,10444224.250549816
621.4285714285714,292.8571428571429,1114.2857142857142,22.465106413551332,10241079.442490881
621.4285714285714,292.8571428571429,1280.0,22.358223436887915,10084982.858983614
621.4285714285714,292.8571428571429,1445.7142857142858,22.26331231996898,9956580.496738138
621.4285714285714,292.8571428571429,1611.4285714285716,22.179160958384806,9846141.357529856
621.4285714285714,292.8571428571429,1777.1428571428573,22.104504816798418,9748431.934769867
621.4285714285714,292.8571428571429,1942.857142857143,22.038143130364652,9660433.7856757
621.4285714285714,292.8571428571429,2108.5714285714284,21.97899033450412,9580272.886268225
621.4285714285714,292.8571428571429,2274.285714285714,21.926091596310318,9506695.657135135
621.4285714285714,292.8571428571429,2440.0,21.87862007349085,9438802.733873138
621.4285714285714,292.8571428571429,2605.714285714286,21.835865886264607,9375908.769936694
621.4285714285714,292.8571428571429,2771.4285714285716,21.797222157837794,9317465.854723107
621.4285714285714,292.8571428571429,2937.1428571428573,21.76217083329722,9263019.990154944
621.4285714285714,292.8571428571429,3102.857142857143,21.730269532821353,9212185.2377324
621.4285714285714,292.8571428571429,3268.571428571429,21.701139924074155,9164627.5876188
621.4285714285714,292.8571428571429,3434.2857142857147,21.674457707478428,9120054.345951315
621.4285714285714,292.8571428571429,3600.0,21.649944123205486,9078206.76544877
621.4285714285714,340.0,120.0,23.346399367715076,25100295.637853038
621.4285714285714,340.0,285.7142857142857,23.164823014847553,15120106.62985895
621.4285714285714,340.0,451.42857142857144,23.000534336370016,12774823.261533823
621.4285714285714,340.0,617.1428571428571,22.84532184487231,11816077.75451654
621.4285714285714,340.0,782.8571428571429,22.700731806520174,11319960.668572437
621.4285714285714,340.0,948.5714285714287,22.56861571766839,11018269.356771393
621.4285714285714,340.0,1114.2857142857142,22.44963990116578,10809911.53121773
621.4285714285714,340.0,1280.0,22.343442549871547,10651271.7171036
621.4285714285714,340.0,1445.7142857142858,22.24906849428508,10521799.48020631
621.4285714285714,340.0,1611.4285714285716,22.165312103261634,10411106.75928697
621.4285714285714,340.0,1777.1428571428573,22.090925724372298,10313587.7118605
621.4285714285714,340.0,1942.857142857143,22.024728535916317,10226009.181813901
621.4285714285714,340.0,2108.5714285714284,21.96565435259588,10146372.527789386
621.4285714285714,340.0,2274.285714285714,21.912765606836636,10073352.183669375
621.4285714285714,340.0,2440.0,21.865250135922313,10006007.983913193
621.4285714285714,340.0,2605.714285714286,21.822410200774485,9943632.405141596
621.4285714285714,340.0,2771.4285714285716,21.78364879325582,9885666.498937286
621.4285714285714,340.0,2937.1428571428573,21.748455790148167,9831651.85140199
621.4285714285714,340.0,3102.857142857143,21.716395137651045,9781201.981065484
621.4285714285714,340.0,3268.571428571429,21.68709352083505,9733984.52731033
621.4285714285714,340.0,3434.2857142857147,21.660230602199576,9689709.610310243
621.4285714285714,340.0,3600.0,21.635530738482366,9648121.837211177
621.4285714285714,387.14285714285717,120.0,23.3318698827505,26146215.934739612
621.4285714285714,387.14285714285717,285.7142857142857,23.148858785499623,15820162.118952291
621.4285714285714,387.14285714285717,451.42857142857144,22.984627452654692,13381248.002704762
621.4285714285714,387.14285714285717,617.1428571428571,22.830076223673064,12383910.371373786
621.4285714285714,387.14285714285717,782.8571428571429,22.68640706777234,11869182.0165273
621.4285714285714,387.14285714285717,948.5714285714287,22.555255423968912,11557971.38141615
621.4285714285714,387.14285714285717,1114.2857142857142,22.437167693152478,11344720.226247748
621.4285714285714,387.14285714285717,1280.0,22.331728847043188,11183681.349259695
621.4285714285714,387.14285714285717,1445.7142857142858,22.23797009085791,11053192.963360285
621.4285714285714,387.14285714285717,1611.4285714285716,22.15469264572125,10942255.810847076
621.4285714285714,387.14285714285717,1777.1428571428573,22.080664614933767,10844916.68090345
621.4285714285714,387.14285714285717,1942.857142857143,22.014723518051902,10757741.156416109
621.4285714285714,387.14285714285717,2108.5714285714284,21.955820968407796,10678612.987929279
621.4285714285714,387.14285714285717,2274.285714285714,21.90303530776271,10606138.01578556
621.4285714285714,387.14285714285717,2440.0,21.855567977654196,10539336.653428555
621.4285714285714,387.14285714285717,2605.714285714286,21.812732573556247,10477479.4847008
621.4285714285714,387.14285714285717,2771.4285714285716,21.773941381304656,10419996.23684241
621.4285714285714,387.14285714285717,2937.1428571428573,21.7386918222933,10366423.52259702
621.4285714285714,387.14285714285717,3102.857142857143,21.70655392809872,10316373.657354534
621.4285714285714,387.14285714285717,3268.571428571429,21.67715927180047,10269515.258939328
621.4285714285714,387.14285714285717,3434.2857142857147,21.650191431213692,10225560.627884204
621.4285714285714,387.14285714285717,3600.0,21.625377892967744,10184257.151397118
621.4285714285714,434.28571428571433,120.0,23.318740234400202,27128043.114940777
621.4285714285714,434.28571428571433,285.7142857142857,23.13467710435792,16482391.432056218
621.4285714285714,434.28571428571433,451.42857142857144,22.97070341106249,13955779.05321587
621.4285714285714,434.28571428571433,617.1428571428571,22.816916878259384,12922216.095783941
621.4285714285714,434.28571428571433,782.8571428571429,22.674221113459705,12389992.205782905
621.4285714285714,434.28571428571433,948.5714285714287,22.544065077621962,12069814.241640266
621.4285714285714,434.28571428571433,1114.2857142857142,22.426892216770188,11851939.12193179
621.4285714285714,434.28571428571433,1280.0,22.322242428846426,11688623.035790753
621.4285714285714,434.28571428571433,1445.7142857142858,22.22913617893205,11557163.301339326
621.4285714285714,434.28571428571433,1611.4285714285716,22.146381691202475,11445987.655907288
621.4285714285714,434.28571428571433,1777.1428571428573,22.07276176726862,11348816.506085346
621.4285714285714,434.28571428571433,1942.857142857143,22.0071308260169,11262025.647705954
621.4285714285714,434.28571428571433,2108.5714285714284,21.948456853045098,11183387.341518275
621.4285714285714,434.28571428571433,2274.285714285714,21.895832855929413,11111441.917698305
621.4285714285714,434.28571428571433,2440.0,21.848472868539314,11045171.738788307
621.4285714285714,434.28571428571433,2605.714285714286,21.805701034099837,10983825.913843688
621.4285714285714,434.28571428571433,2771.4285714285716,21.766938342092427,10926822.751968406
621.4285714285714,434.28571428571433,2937.1428571428573,21.731689330131477,10873693.541279268
621.4285714285714,434.28571428571433,3102.857142857143,21.699529815663336,10824048.930801325
621.4285714285714,434.28571428571433,3268.571428571429,21.67009606044553,10777558.023240838
621.4285714285714,434.28571428571433,3434.2857142857147,21.643075434768054,10733934.819681834
621.4285714285714,434.28571428571433,3600.0,21.61819848984818,10692929.043487063
621.4285714285714,481.42857142857144,120.0,23.30677579284768,28055768.82664811
621.4285714285714,481.42857142857144,285.7142857142857,23.12194191407556,17112976.740640912
621.4285714285714,481.42857142857144,451.42857142857144,22.958360648655137,14503707.761635927
621.4285714285714,481.42857142857144,617.1428571428571,22.805396902395724,13435929.553727638
621.4285714285714,481.42857142857144,782.8571428571429,22.663693357603098,12887159.558916662
621.4285714285714,481.42857142857144,948.5714285714287,22.534536412940476,12558485.88306631
621.4285714285714,481.42857142857144,1114.2857142857142,22.418280188950966,12336218.22596668
621.4285714285714,481.42857142857144,1280.0,22.314425992691856,12170730.223771248
621.4285714285714,481.42857142857144,1445.7142857142858,22.22198577566385,12038337.83964825
621.4285714285714,481.42857142857144,1611.4285714285716,22.139774777483023,11926928.206156868
621.4285714285714,481.42857142857144,1777.1428571428573,22.066589529243505,11829913.278632903
621.4285714285714,481.42857142857144,1942.857142857143,22.001300066980583,11743488.980922816
621.4285714285714,481.42857142857144,2108.5714285714284,21.942889479752413,11665321.464415375
621.4285714285714,481.42857142857144,2274.285714285714,21.89046432395819,11593888.340923067
621.4285714285714,481.42857142857144,2440.0,21.84325030245179,11528135.236898607
621.4285714285714,481.42857142857144,2605.714285714286,21.80058137275915,11467290.267862173
621.4285714285714,481.42857142857144,2771.4285714285716,21.761886661984416,11410760.347425874
621.4285714285714,481.42857142857144,2937.1428571428573,21.726677397539394,11358071.221814547
621.4285714285714,481.42857142857144,3102.857142857143,21.69453486889554,11308831.54335289
621.4285714285714,481.42857142857144,3268.571428571429,21.665099801476288,11262710.528728344
621.4285714285714,481.42857142857144,3434.2857142857147,21.63806320206076,11219423.508405946
621.4285714285714,481.42857142857144,3600.0,21.613158583473147,11178722.19170795
621.4285714285714,528.5714285714286,120.0,23.295798362825604,28936982.131591596
621.4285714285714,528.5714285714286,285.7142857142857,23.110403973504134,17716580.69488944
621.4285714285714,528.5714285714286,451.42857142857144,22.947306426000395,15029013.288290467
621.4285714285714,528.5714285714286,617.1428571428571,22.795195093297284,13928755.656176077
621.4285714285714,528.5714285714286,782.8571428571429,22.65448258794839,13364260.723444154
621.4285714285714,528.5714285714286,948.5714285714287,22.52631234637277,13027500.752382174
621.4285714285714,528.5714285714286,1114.2857142857142,22.410960272329564,12801042.607917974
621.4285714285714,528.5714285714286,1280.0,22.30789431895332,12633475.310884448
621.4285714285714,528.5714285714286,1445.7142857142858,22.216119669129395,12500184.619315991
621.4285714285714,528.5714285714286,1611.4285714285716,22.13445850537811,12388544.976913635
621.4285714285714,528.5714285714286,1777.1428571428573,22.061720209172005,12291675.424821429
621.4285714285714,528.5714285714286,1942.857142857143,21.99678929711863,12205600.683760578
621.4285714285714,528.5714285714286,2108.5714285714284,21.938662837757665,12127885.565622378
621.4285714285714,528.5714285714286,2274.285714285714,21.886459940458543,12056947.495010465
621.4285714285714,528.5714285714286,2440.0,21.83941714510347,11991696.605242081
621.4285714285714,528.5714285714286,2605.714285714286,21.796877553247477,11931340.525378555
621.4285714285714,528.5714285714286,2771.4285714285716,21.758277902948343,11875274.86844567
621.4285714285714,528.5714285714286,2937.1428571428573,21.723135705496567,11823019.711803703
621.4285714285714,528.5714285714286,3102.857142857143,21.691037414782002,11774181.473764928
621.4285714285714,528.5714285714286,3268.571428571429,21.66162799070379,11728429.202043436
621.4285714285714,528.5714285714286,3434.2857142857147,21.63460190902302,11685479.264615806
621.4285714285714,528.5714285714286,3600.0,21.609695524697873,11645085.076007523
621.4285714285714,575.7142857142858,120.0,23.28566902375427,29777606.86760654
621.4285714285714,575.7142857142858,285.7142857142857,23.099873185852058,18296819.53132144
621.4285714285714,575.7142857142858,451.42857142857144,22.93732094235892,15534774.12014366
621.4285714285714,575.7142857142858,617.1428571428571,22.786073385270193,14403556.89109162
621.4285714285714,575.7142857142858,782.8571428571429,22.646338747264604,13824056.943453893
621.4285714285714,575.7142857142858,948.5714285714287,22.519133759686007,13479570.870884564
621.4285714285714,575.7142857142858,1114.2857142857142,22.404665280687496,13249101.027472997
621.4285714285714,575.7142857142858,1280.0,22.302372196510824,13079537.113360506
621.4285714285714,575.7142857142858,1445.7142857142858,22.211254307160637,12945379.23139174
621.4285714285714,575.7142857142858,1611.4285714285716,22.13014061349839,12833513.504345406
621.4285714285714,575.7142857142858,1777.1428571428573,22.05785255230675,12736779.68379845
621.4285714285714,575.7142857142858,1942.857142857143,21.993288112304274,12651038.94569301
621.4285714285714,575.7142857142858,2108.5714285714284,21.935457345410594,12573759.024405343
621.4285714285714,575.7142857142858,2274.285714285714,21.883491027482066,12503299.460033035
621.4285714285714,575.7142857142858,2440.0,21.83663578919596,12438536.060217928
621.4285714285714,575.7142857142858,2605.714285714286,21.79424326882262,12378656.48009639
621.4285714285714,575.7142857142858,2771.4285714285716,21.75575733212177,12323045.172528487
621.4285714285714,575.7142857142858,2937.1428571428573,21.72070139600319,12271216.481635008
621.4285714285714,575.7142857142858,3102.857142857143,21.68866678662192,12222774.421463147
621.4285714285714,575.7142857142858,3268.571428571429,21.65930247544175,12177387.65267451
621.4285714285714,575.7142857142858,3434.2857142857147,21.63230623925943,12134773.348356673
621.4285714285714,575.7142857142858,3600.0,21.60741715046346,12094686.400254888
621.4285714285714,622.8571428571429,120.0,23.276277132355165,30582371.571760163
621.4285714285714,622.8571428571429,285.7142857142857,23.090201191612692,18856562.775835965
621.4285714285714,622.8571428571429,451.42857142857144,22.92823510103779,16023427.865850119
621.4285714285714,622.8571428571429,617.1428571428571,22.777850800652757,14862597.306617815
621.4285714285714,622.8571428571429,782.8571428571429,22.639073726315946,14268730.788780095
621.4285714285714,622.8571428571429,948.5714285714287,22.512807533012637,13916839.115872996
621.4285714285714,622.8571428571429,1114.2857142857142,22.39919769119048,13682517.591935538
621.4285714285714,622.8571428571429,1280.0,22.29765757087162,13511031.769760327
621.4285714285714,622.8571428571429,1445.7142857142858,22.20718270220909,13376035.352779852
621.4285714285714,622.8571428571429,1611.4285714285716,22.1266087485811,13263947.651876923
621.4285714285714,622.8571428571429,1777.1428571428573,22.054768483110823,13167341.200964833
621.4285714285714,622.8571428571429,1942.857142857143,21.990572469302865,13081920.459250038
621.4285714285714,622.8571428571429,2108.5714285714284,21.933042857425246,13005059.919957042
621.4285714285714,622.8571428571429,2274.285714285714,21.88132129966121,12935063.342502253
621.4285714285714,622.8571428571429,2440.0,21.834663848520808,12870773.302983755
621.4285714285714,622.8571428571429,2605.714285714286,21.792430130407233,12811357.989435622
621.4285714285714,622.8571428571429,2771.4285714285716,21.754070698157122,12756190.863723256
621.4285714285714,622.8571428571429,2937.1428571428573,21.71911452550038,12704780.5167375
621.4285714285714,622.8571428571429,3102.857142857143,21.68715753779942,12656728.43752542
621.4285714285714,622.8571428571429,3268.571428571429,21.65785250632272,12611702.730607314
621.4285714285714,622.8571428571429,3434.2857142857147,21.63090034614683,12569421.187385337
621.4285714285714,622.8571428571429,3600.0,21.606042723191976,12529639.98980209
621.4285714285714,670.0,120.0,23.267532981188637,31355121.711186115
621.4285714285714,670.0,285.7142857142857,23.081269953740012,19398131.264391877
621.4285714285714,670.0,451.42857142857144,22.91991613293519,16496942.387926746
621.4285714285714,670.0,617.1428571428571,22.770386800180066,15307702.931631358
621.4285714285714,670.0,782.8571428571429,22.632542873654916,14700041.630934764
621.4285714285714,670.0,948.5714285714287,22.50718646576487,14341032.333247827
621.4285714285714,670.0,1114.2857142857142,22.394408118111723,14103003.75511137
621.4285714285714,670.0,1280.0,22.2935986558377,13929664.232358152
621.4285714285714,670.0,1445.7142857142858,22.20375024202175,13793856.007005278
621.4285714285714,670.0,1611.4285714285716,22.123705028828983,13681550.747058598
621.4285714285714,670.0,1777.1428571428573,22.05230647459944,13585064.561914416
621.4285714285714,670.0,1942.857142857143,21.98847691624394,13499951.331595369
621.4285714285714,670.0,2108.5714285714284,21.9312498132456,13423495.78495586
621.4285714285714,670.0,2274.285714285714,21.87977698790575,13353947.831568018
621.4285714285714,670.0,2440.0,21.83332331401236,13290117.841418305
621.4285714285714,670.0,2605.714285714286,21.791255910680672,13231155.030518383
621.4285714285714,670.0,2771.4285714285716,21.753031616997966,13176422.056863794
621.4285714285714,670.0,2937.1428571428573,21.718184643475215,13125421.770160574
621.4285714285714,670.0,3102.857142857143,21.686315261589733,13077753.051021995
621.4285714285714,670.0,3268.571428571429,21.657079843782988,13033083.316466527
621.4285714285714,670.0,3434.2857142857147,21.63018228856646,12991130.82505025
621.4285714285714,670.0,3600.0,21.605366735484985,12951652.894256385
621.4285714285714,717.1428571428572,120.0,23.259362729764288,32099034.415997174
621.4285714285714,717.1428571428572,285.7142857142857,23.072984009767595,19923432.622028016
621.4285714285714,717.1428571428572,451.42857142857144,22.912257966236897,16956932.568835527
621.4285714285714,717.1428571428572,617.1428571428571,22.76357024934172,15740371.057129426
621.4285714285714,717.1428571428572,782.8571428571429,22.626632851863466,15119431.453348884
621.4285714285714,717.1428571428572,948.5714285714287,22.50215618713838,14753565.481662199
621.4285714285714,717.1428571428572,1114.2857142857142,22.390181364391886,14511961.676219389
621.4285714285714,717.1428571428572,1280.0,22.290079173339326,14336831.273740876
621.4285714285714,717.1428571428572,1445.7142857142858,22.20083914842741,14200236.420814592
621.4285714285714,717.1428571428572,1611.4285714285716,22.12130974767492,14087718.370157886
621.4285714285714,717.1428571428572,1777.1428571428573,22.05034452358839,13991346.533410272
621.4285714285714,717.1428571428572,1942.857142857143,21.986876867918188,13906529.768461138
621.4285714285714,717.1428571428572,2108.5714285714284,21.929950842957346,13830466.210328389
621.4285714285714,717.1428571428572,2274.285714285714,21.87872780782629,13761353.698798466
621.4285714285714,717.1428571428572,2440.0,21.83248091711877,13697971.35996952
621.4285714285714,717.1428571428572,2605.714285714286,21.790584334668136,13639449.918078955
621.4285714285714,717.1428571428572,2771.4285714285716,21.752500821241817,13585141.425230956
621.4285714285714,717.1428571428572,2937.1428571428573,21.717769531045725,13534543.02543917
621.4285714285714,717.1428571428572,3102.857142857143,21.685994848051507,13487250.936024336
621.4285714285714,717.1428571428572,3268.571428571429,21.656836560835274,13442931.784686793
621.4285714285714,717.1428571428572,3434.2857142857147,21.630001405548903,13401304.174273744
621.4285714285714,717.1428571428572,3600.0,21.605235881040887,13362126.429120904
621.4285714285714,764.2857142857143,120.0,23.25170480415277,32816770.50729191
621.4285714285714,764.2857142857143,285.7142857142857,23.065265057723114,20434056.71569926
621.4285714285714,764.2857142857143,451.42857142857144,22.905174579645816,17404742.37994541
621.4285714285714,764.2857142857143,617.1428571428571,22.757311879451326,16161846.93610689
621.4285714285714,764.2857142857143,782.8571428571429,22.62125341011435,15528099.052378492
621.4285714285714,764.2857142857143,948.5714285714287,22.497626350515002,15155614.630201591
621.4285714285714,764.2857142857143,1114.2857142857142,22.38642709252037,14910556.65048208
621.4285714285714,764.2857142857143,1280.0,22.287008527211864,14733693.666315097
621.4285714285714,764.2857142857143,1445.7142857142858,22.198358168827372,14596336.102970332
621.4285714285714,764.2857142857143,1611.4285714285716,22.11933059481385,14483610.395513197
621.4285714285714,764.2857142857143,1777.1428571428573,22.048788913859756,14387348.08542065
621.4285714285714,764.2857142857143,1942.857142857143,21.985676925619803,14302818.072657865
621.4285714285714,764.2857142857143,2108.5714285714284,21.92904866028435,14227134.806094704
621.4285714285714,764.2857142857143,2274.285714285714,21.878074443816665,14158445.703912418
621.4285714285714,764.2857142857143,2440.0,21.832035223771154,14095499.552919554
621.4285714285714,764.2857142857143,2605.714285714286,21.79031180273213,14037409.049619047
621.4285714285714,764.2857142857143,2771.4285714285716,21.752372531194293,13983515.844313353
621.4285714285714,764.2857142857143,2937.1428571428573,21.71776123870343,13933311.428161424
621.4285714285714,764.2857142857143,3102.857142857143,21.68608620644665,13886389.322537342
621.4285714285714,764.2857142857143,3268.571428571429,21.657010467374487,13842415.287477478
621.4285714285714,764.2857142857143,3434.2857142857147,21.630243458811403,13801108.17004279
621.4285714285714,764.2857142857143,3600.0,21.605533930867416,13762227.193848278
621.4285714285714,811.4285714285714,120.0,23.24450727709328,33510584.830772534
621.4285714285714,811.4285714285714,285.7142857142857,23.05804807754168,20931344.61541705
621.4285714285714,811.4285714285714,451.42857142857144,22.898595295801233,17841504.04386531
621.4285714285714,811.4285714285714,617.1428571428571,22.751538999722655,16573179.006438369
621.4285714285714,811.4285714285714,782.8571428571429,22.616331659398984,15927053.421643786
621.4285714285714,811.4285714285714,948.5714285714287,22.49352454769907,15548169.45510374
621.4285714285714,811.4285714285714,1114.2857142857142,22.383073412954772,15299769.187618572
621.4285714285714,811.4285714285714,1280.0,22.284315080498196,15121228.077727133
621.4285714285714,811.4285714285714,1445.7142857142858,22.196235548792977,14983130.670153707
621.4285714285714,811.4285714285714,1611.4285714285716,22.117695328548425,14870202.79712276
621.4285714285714,811.4285714285714,1777.1428571428573,22.047566593532146,14774046.191893192
621.4285714285714,811.4285714285714,1942.857142857143,21.9848029665349,14689794.438575538
621.4285714285714,811.4285714285714,2108.5714285714284,21.928467872707778,14614480.980344191
621.4285714285714,811.4285714285714,2274.285714285714,21.877740089983703,14546204.346130216
621.4285714285714,811.4285714285714,2440.0,21.83190791713311,14483683.835747395
621.4285714285714,811.4285714285714,2605.714285714286,21.790358426671443,14426014.565421252
621.4285714285714,811.4285714285714,2771.4285714285716,21.752565256032142,14372527.990650998
621.4285714285714,811.4285714285714,2937.1428571428573,21.718076664183087,14322710.01550895
621.4285714285714,811.4285714285714,3102.857142857143,21.68650463120216,14276151.45023509
621.4285714285714,811.4285714285714,3268.571428571429,21.657515275232978,14232517.127735758
621.4285714285714,811.4285714285714,3434.2857142857147,21.63082060744222,14191526.057779485
621.4285714285714,811.4285714285714,3600.0,21.60617152761866,14152938.273057148
621.4285714285714,858.5714285714287,120.0,23.23772592136768,34182408.063564695
621.4285714285714,858.5714285714287,285.7142857142857,23.05127849196792,21416439.509135894
621.4285714285714,858.5714285714287,451.42857142857144,22.89246137370184,18268181.628571704
621.4285714285714,858.5714285714287,617.1428571428571,22.746191702911094,16975259.537170142
621.4285714285714,858.5714285714287,782.8571428571429,22.611807995859813,16317153.019609781
621.4285714285714,858.5714285714287,948.5714285714287,22.48979200317446,15932071.840349447
621.4285714285714,858.5714285714287,1114.2857142857142,22.38006237236709,15680433.298236195
621.4285714285714,858.5714285714287,1280.0,22.281941445654834,15500265.22106829
621.4285714285714,858.5714285714287,1445.7142857142858,22.194414126179776,15361449.94800194
621.4285714285714,858.5714285714287,1611.4285714285716,22.11634667445634,15248325.739120068
621.4285714285714,858.5714285714287,1777.1428571428573,22.04661987971022,15152271.923699321
621.4285714285714,858.5714285714287,1942.857142857143,21.984196657265272,15068291.04757743
621.4285714285714,858.5714285714287,2108.5714285714284,21.928149308227233,14993338.030903094
621.4285714285714,858.5714285714287,2274.285714285714,21.877664595718365,14925463.943537265
621.4285714285714,858.5714285714287,2440.0,21.832037768430514,14863359.40319708
621.4285714285714,858.5714285714287,2605.714285714286,21.790661832819932,14806102.376913203
621.4285714285714,858.5714285714287,2771.4285714285716,21.753015436479394,14753014.333113883
621.4285714285714,858.5714285714287,2937.1428571428573,21.71865104211754,14703575.664238932
621.4285714285714,858.5714285714287,3102.857142857143,21.687184145885546,14657374.46809195
621.4285714285714,858.5714285714287,3268.571428571429,21.65828380365049,14614074.60633753
621.4285714285714,858.5714285714287,3434.2857142857147,21.631664481798282,14573395.185244873
621.4285714285714,858.5714285714287,3600.0,21.607079134565595,14535096.970814483
621.4285714285714,905.7142857142858,120.0,23.231322736839193,34833908.51422633
621.4285714285714,905.7142857142858,285.7142857142857,23.04491004880281,21890325.01335271
621.4285714285714,905.7142857142858,451.42857142857144,22.886723493150658,18685603.790876903
621.4285714285714,905.7142857142858,617.1428571428571,22.741220087851097,17368855.12777184
621.4285714285714,905.7142857142858,782.8571428571429,22.60763313823236,16699135.217439875
621.4285714285714,905.7142857142858,948.5714285714287,22.486380464493188,16308044.816018987
621.4285714285714,905.7142857142858,1114.2857142857142,22.37734671232798,16053265.19223152
621.4285714285714,905.7142857142858,1280.0,22.279841115590763,15871518.450155834
621.4285714285714,905.7142857142858,1445.7142857142858,22.192847834135872,15732006.530852089
621.4285714285714,905.7142857142858,1611.4285714285716,22.115238699105962,15618692.130553873
621.4285714285714,905.7142857142858,1777.1428571428573,22.045902702352464,15522739.00932948
621.4285714285714,905.7142857142858,1942.857142857143,21.9838115685204,15439022.635320362
621.4285714285714,905.7142857142858,2108.5714285714284,21.928046002786598,15364421.715089891
621.4285714285714,905.7142857142858,2274.285714285714,21.877800328803378,15296941.199075792
621.4285714285714,905.7142857142858,2440.0,21.83237637947157,15235243.784846984
621.4285714285714,905.7142857142858,2605.714285714286,21.79117278824698,15178390.705486378
621.4285714285714,905.7142857142858,2771.4285714285716,21.753672959286394,15125693.649338834
621.4285714285714,905.7142857142858,2937.1428571428573,21.71943335155898,15076627.579935832
621.4285714285714,905.7142857142858,3102.857142857143,21.688072808573114,15030777.892481167
621.4285714285714,905.7142857142858,3268.571428571429,21.659263187244903,14987807.445894625
621.4285714285714,905.7142857142858,3434.2857142857147,21.6327212987203,14947435.389463592
621.4285714285714,905.7142857142858,3600.0,21.608202062541537,14909423.158842275
621.4285714285714,952.8571428571429,120.0,23.225264817883275,35466539.58388663
621.4285714285714,952.8571428571429,285.7142857142857,23.03890321471001,22353854.485439494
621.4285714285714,952.8571428571429,451.42857142857144,22.881339865519475,19094488.788471766
621.4285714285714,952.8571428571429,617.1428571428571,22.736582190217206,17754629.985322118
621.4285714285714,952.8571428571429,782.8571428571429,22.603765935931513,17073638.76233024
621.4285714285714,952.8571428571429,948.5714285714287,22.483249915312665,16676714.626692642
621.4285714285714,952.8571428571429,1114.2857142857142,22.37488749762818,16418885.16122671
621.4285714285714,952.8571428571429,1280.0,22.2779760090479,16235605.56264362
621.4285714285714,952.8571428571429,1445.7142857142858,22.191499161991253,16095417.558661936
621.4285714285714,952.8571428571429,1611.4285714285716,22.114334184308614,15981919.400554826
621.4285714285714,952.8571428571429,1777.1428571428573,22.04537789036118,15886065.617372189
621.4285714285714,952.8571428571429,1942.857142857143,21.98361037254279,15802608.282596854
621.4285714285714,952.8571428571429,2108.5714285714284,21.92812030956442,15728352.046040062
621.4285714285714,952.8571428571429,2274.285714285714,21.878109197977956,15661256.997796448
621.4285714285714,952.8571428571429,2440.0,21.83288512057498,15599958.638277294
621.4285714285714,952.8571428571429,2605.714285714286,21.79185205662607,15543501.86674613
621.4285714285714,952.8571428571429,2771.4285714285716,21.75449793393852,15491188.796707721
621.4285714285714,952.8571428571429,2937.1428571428573,21.720383016618428,15442489.050959582
621.4285714285714,952.8571428571429,3102.857142857143,21.68912933960006,15396985.340948626
621.4285714285714,952.8571428571429,3268.571428571429,21.66041143406659,15354339.501790201
621.4285714285714,952.8571428571429,3434.2857142857147,21.63394835304466,15314270.682980623
621.4285714285714,952.8571428571429,3600.0,21.60949689798623,15276540.936414532
621.4285714285714,1000.0,120.0,23.219523470065766,36081576.75212805
621.4285714285714,1000.0,285.7142857142857,23.03322393884216,22807773.786562316
621.4285714285714,1000.0,451.42857142857144,22.876274793015224,19495463.87458471
621.4285714285714,1000.0,617.1428571428571,22.732242416532358,18133163.95964948
621.4285714285714,1000.0,782.8571428571429,22.600171721170756,17441221.17420234
621.4285714285714,1000.0,948.5714285714287,22.480366865976464,17038627.817961965
621.4285714285714,1000.0,1114.2857142857142,22.372652352336,16777834.51904606
621.4285714285714,1000.0,1280.0,22.276314652583423,16593065.678605761
621.4285714285714,1000.0,1445.7142857142858,22.190337281093544,16452221.575950528
621.4285714285714,1000.0,1611.4285714285716,22.11360269432961,16338546.357336406
621.4285714285714,1000.0,1777.1428571428573,22.045015178227494,16242791.223140458
621.4285714285714,1000.0,1942.857142857143,21.983562788096396,16159588.290765325
621.4285714285714,1000.0,2108.5714285714284,21.928341782074366,16085670.174939426
621.4285714285714,1000.0,2274.285714285714,21.878560474658205,16018953.29249603
621.4285714285714,1000.0,2440.0,21.83353289200121,15958046.634287054
621.4285714285714,1000.0,2605.714285714286,21.79266810089792,15901979.151567027
621.4285714285714,1000.0,2771.4285714285716,21.75545833837085,15850043.585833235
621.4285714285714,1000.0,2937.1428571428573,21.72146749724343,15801704.311389502
621.4285714285714,1000.0,3102.857142857143,21.690320659521774,15756541.382100511
621.4285714285714,1000.0,3268.571428571429,21.66169491291022,15714215.596934393
621.4285714285714,1000.0,3434.2857142857147,21.635311456432984,15674446.07180852
621.4285714285714,1000.0,3600.0,21.610928895427875,15636995.4301724
657.1428571428571,10.0,120.0,23.533647832301124,14106906.233920872
657.1428571428571,10.0,285.7142857142857,23.41872206849437,7663387.424092803
657.1428571428571,10.0,451.42857142857144,23.299881127658242,6205515.677981435
657.1428571428571,10.0,617.1428571428571,23.179512067214816,5589043.464060269
657.1428571428571,10.0,782.8571428571429,23.063986844392932,5239697.940183058
657.1428571428571,10.0,948.5714285714287,22.95819297955541,4998287.65228712
657.1428571428571,10.0,1114.2857142857142,22.864392008188364,4808980.917304617
657.1428571428571,10.0,1280.0,22.782842042785614,4649729.213518315
657.1428571428571,10.0,1445.7142857142858,22.71268496856361,4510892.642058053
657.1428571428571,10.0,1611.4285714285716,22.6525946091259,4387690.323632401
657.1428571428571,10.0,1777.1428571428573,22.60115026979229,4277351.70290857
657.1428571428571,10.0,1942.857142857143,22.55701913793813,4178001.622619099
657.1428571428571,10.0,2108.5714285714284,22.51902824616995,4088211.674717541
657.1428571428571,10.0,2274.285714285714,22.486179682089045,4006813.2779715317
657.1428571428571,10.0,2440.0,22.457639835117085,3932814.8497180794
657.1428571428571,10.0,2605.714285714286,22.432718839341057,3865360.7897810605
657.1428571428571,10.0,2771.4285714285716,22.410848067342876,3803707.570173566
657.1428571428571,10.0,2937.1428571428573,22.391559133637287,3747207.172749739
657.1428571428571,10.0,3102.857142857143,22.374465663120308,3695294.0612835577
657.1428571428571,10.0,3268.571428571429,22.359248041332954,3647474.21049434
657.1428571428571,10.0,3434.2857142857147,22.345640918306195,3603315.6083410545
657.1428571428571,10.0,3600.0,22.333423082967936,3562439.9738754965
657.1428571428571,57.142857142857146,120.0,23.46008828922565,17933899.94217778
657.1428571428571,57.142857142857146,285.7142857142857,23.308660716169378,10175777.943373539
657.1428571428571,57.142857142857146,451.42857142857144,23.15791392568933,8409011.721328704
657.1428571428571,57.142857142857146,617.1428571428571,23.008155257745926,7677005.147909141
657.1428571428571,57.142857142857146,782.8571428571429,22.86514784133853,7278336.646374656
657.1428571428571,57.142857142857146,948.5714285714287,22.73347858810105,7015167.90152696
657.1428571428571,57.142857142857146,1114.2857142857142,22.615310013117707,6816197.106493903
657.1428571428571,57.142857142857146,1280.0,22.51090705454353,6652395.331248597
657.1428571428571,57.142857142857146,1445.7142857142858,22.41944052247852,6510854.014571126
657.1428571428571,57.142857142857146,1611.4285714285716,22.339589790214383,6385289.519989575
657.1428571428571,57.142857142857146,1777.1428571428573,22.269903081819358,6272294.0755559085
657.1428571428571,57.142857142857146,1942.857142857143,22.20898382899062,6169777.214036198
657.1428571428571,57.142857142857146,2108.5714285714284,22.155572565961197,6076293.181877077
657.1428571428571,57.142857142857146,2274.285714285714,22.108572225072518,5990740.9030358475
657.1428571428571,57.142857142857146,2440.0,22.067045427391395,5912225.056544238
657.1428571428571,57.142857142857146,2605.714285714286,22.030199552031927,5839988.403696693
657.1428571428571,57.142857142857146,2771.4285714285716,21.997367781642517,5773376.291053531
657.1428571428571,57.142857142857146,2937.1428571428573,21.967990103465,5711816.051401594
657.1428571428571,57.142857142857146,3102.857142857143,21.941596002205216,5654803.564801295
657.1428571428571,57.142857142857146,3268.571428571429,21.917789437977458,5601893.476383683
657.1428571428571,57.142857142857146,3434.2857142857147,21.896236151990163,5552691.464012608
657.1428571428571,57.142857142857146,3600.0,21.87665310175553,5506847.801924261
657.1428571428571,104.28571428571429,120.0,23.419561662518813,20233622.50507598
657.1428571428571,104.28571428571429,285.7142857142857,23.254380324251,11677046.405369304
657.1428571428571,104.28571428571429,451.42857142857144,23.094217181233084,9710558.759809196
657.1428571428571,104.28571428571429,617.1428571428571,22.937363447799807,8899044.538823796
657.1428571428571,104.28571428571429,782.8571428571429,22.788591011027233,8463722.248456333
657.1428571428571,104.28571428571429,948.5714285714287,22.65181899564494,8182964.44145492
657.1428571428571,104.28571428571429,1114.2857142857142,22.528834671039338,7975685.402161804
657.1428571428571,104.28571428571429,1280.0,22.419739074309643,7808209.285982942
657.1428571428571,104.28571428571429,1445.7142857142858,22.323659593408888,7665264.791246344
657.1428571428571,104.28571428571429,1611.4285714285716,22.239287425971,7539334.643568718
657.1428571428571,104.28571428571429,1777.1428571428573,22.16520058363284,7426367.098144669
657.1428571428571,104.28571428571429,1942.857142857143,22.100032331308284,7323943.76641205
657.1428571428571,104.28571428571429,2108.5714285714284,22.04254615557711,7230461.769210448
657.1428571428571,104.28571428571429,2274.285714285714,21.991659566449947,7144754.685530749
657.1428571428571,104.28571428571429,2440.0,21.946442208028998,7065910.141037596
657.1428571428571,104.28571428571429,2605.714285714286,21.906102495891542,6993178.13246522
657.1428571428571,104.28571428571429,2771.4285714285716,21.86997027326277,6925922.357071322
657.1428571428571,104.28571428571429,2937.1428571428573,21.837479195590056,6863592.499480979
657.1428571428571,104.28571428571429,3102.857142857143,21.80815051308196,6805707.07428193
657.1428571428571,104.28571428571429,3268.571428571429,21.781578862731088,6751841.820173731
657.1428571428571,104.28571428571429,3434.2857142857147,21.757420159325914,6701621.1887443885
657.1428571428571,104.28571428571429,3600.0,21.735381437792352,6654711.691801939
657.1428571428571,151.42857142857144,120.0,23.389799428422315,22041422.127340857
657.1428571428571,151.42857142857144,285.7142857142857,23.21694893492702,12861991.496422144
657.1428571428571,151.42857142857144,451.42857142857144,23.05255771900756,10735434.85452495
657.1428571428571,151.42857142857144,617.1428571428571,22.893204483482748,9859227.077516308
657.1428571428571,151.42857142857144,782.8571428571429,22.742835526510497,9393548.74846605
657.1428571428571,151.42857142857144,948.5714285714287,22.60482171177211,9097919.314204292
657.1428571428571,151.42857142857144,1114.2857142857142,22.48064161431323,8883474.58396476
657.1428571428571,151.42857142857144,1280.0,22.370259462496463,8712815.27378388
657.1428571428571,151.42857142857144,1445.7142857142858,22.272766287298,8568746.721223539
657.1428571428571,151.42857142857144,1611.4285714285716,22.1868660036973,8442720.89499354
657.1428571428571,151.42857142857144,1777.1428571428573,22.11116810426733,8330126.350920048
657.1428571428571,151.42857142857144,1942.857142857143,22.044340552741446,8228242.304807128
657.1428571428571,151.42857142857144,2108.5714285714284,21.985177885490675,8135306.554639739
657.1428571428571,151.42857142857144,2274.285714285714,21.932622704776858,8050073.417758376
657.1428571428571,151.42857142857144,2440.0,21.885763639910717,7971595.885052752
657.1428571428571,151.42857142857144,2605.714285714286,21.84382271950913,7899113.796797612
657.1428571428571,151.42857142857144,2771.4285714285716,21.806139019821103,7831993.662228848
657.1428571428571,151.42857142857144,2937.1428571428573,21.772152017293255,7769694.383344447
657.1428571428571,151.42857142857144,3102.857142857143,21.741386207382096,7711746.391527254
657.1428571428571,151.42857142857144,3268.571428571429,21.713437575651817,7657737.993155966
657.1428571428571,151.42857142857144,3434.2857142857147,21.68796202043941,7607305.771354099
657.1428571428571,151.42857142857144,3600.0,21.66466560167393,7560127.401035954
657.1428571428571,198.57142857142858,120.0,23.365954992656746,23577955.922886353
657.1428571428571,198.57142857142858,285.7142857142857,23.188271783843955,13875914.97112264
657.1428571428571,198.57142857142858,451.42857142857144,23.02182492674775,11612332.110278424
657.1428571428571,198.57142857142858,617.1428571428571,22.861734887660756,10680339.034813518
657.1428571428571,198.57142857142858,782.8571428571429,22.711274603133198,10188267.266089914
657.1428571428571,198.57142857142858,948.5714285714287,22.5733744965516,9879568.005471159
657.1428571428571,198.57142857142858,1114.2857142857142,22.449266721626817,9658746.353012541
657.1428571428571,198.57142857142858,1280.0,22.33880690331726,9485223.701103838
657.1428571428571,198.57142857142858,1445.7142857142858,22.241058452631556,9340153.662970524
657.1428571428571,198.57142857142858,1611.4285714285716,22.154738009207172,9214093.123404365
657.1428571428571,198.57142857142858,1777.1428571428573,22.078483929633318,9101935.948461492
657.1428571428571,198.57142857142858,1942.857142857143,22.0109964809616,9000686.988011584
657.1428571428571,198.57142857142858,2108.5714285714284,21.951100086030607,8908433.714881035
657.1428571428571,198.57142857142858,2274.285714285714,21.897762637737422,8823850.79968442
657.1428571428571,198.57142857142858,2440.0,21.85009308893474,8745951.98833376
657.1428571428571,198.57142857142858,2605.714285714286,21.80732924580828,8673960.83354349
657.1428571428571,198.57142857142858,2771.4285714285716,21.76882211351122,8607240.369451767
657.1428571428571,198.57142857142858,2937.1428571428573,21.73401997828095,8545252.91232108
657.1428571428571,198.57142857142858,3102.857142857143,21.702453685165455,8487535.745591182
657.1428571428571,198.57142857142858,3268.571428571429,21.673723663982837,8433685.472840877
657.1428571428571,198.57142857142858,3434.2857142857147,21.647488801326844,8383347.292107149
657.1428571428571,198.57142857142858,3600.0,21.623457044747227,8336207.196972749
657.1428571428571,245.71428571428572,120.0,23.34597158013826,24935919.905257624
657.1428571428571,245.71428571428572,285.7142857142857,23.16504801991407,14779001.381409569
657.1428571428571,245.71428571428572,451.42857142857144,22.99765559818452,12394034.085486034
657.1428571428571,245.71428571428572,617.1428571428571,22.83765509713162,11412390.713611178
657.1428571428571,245.71428571428572,782.8571428571429,22.68776400505895,10896709.682269229
657.1428571428571,245.71428571428572,948.5714285714287,22.550553715623273,10576236.665211314
657.1428571428571,245.71428571428572,1114.2857142857142,22.42705687310495,10349616.580646705
657.1428571428571,245.71428571428572,1280.0,22.317042040809543,10173460.860535003
657.1428571428571,245.71428571428572,1445.7142857142858,22.21955173630654,10027459.661135495
657.1428571428571,245.71428571428572,1611.4285714285716,22.133314957383124,9901372.077551715
657.1428571428571,245.71428571428572,1777.1428571428573,22.056995982736485,9789646.595906122
657.1428571428571,245.71428571428572,1942.857142857143,21.989324115226626,9689037.280645313
657.1428571428571,245.71428571428572,2108.5714285714284,21.929151003727846,9597491.117266912
657.1428571428571,245.71428571428572,2274.285714285714,21.875468039603696,9513605.787749458
657.1428571428571,245.71428571428572,2440.0,21.82740353570884,9436354.87488235
657.1428571428571,245.71428571428572,2605.714285714286,21.784210791818133,9364943.11304009
657.1428571428571,245.71428571428572,2771.4285714285716,21.74525296882689,9298726.96741462
657.1428571428571,245.71428571428572,2937.1428571428573,21.709987748958294,9237169.052136404
657.1428571428571,245.71428571428572,3102.857142857143,21.67795314970505,9179810.622824233
657.1428571428571,245.71428571428572,3268.571428571429,21.648755010952122,9126254.042755304
657.1428571428571,245.71428571428572,3434.2857142857147,21.622056247617785,9076150.954576205
657.1428571428571,245.71428571428572,3600.0,21.597567760452996,9029193.851599107
657.1428571428571,292.8571428571429,120.0,23.328747435009795,26164700.7449866
657.1428571428571,292.8571428571429,285.7142857142857,23.145571443732898,15602943.800055409
657.1428571428571,292.8571428571429,451.42857142857144,22.977863481097142,13108137.633155005
657.1428571428571,292.8571428571429,617.1428571428571,22.81837924346304,12081403.312474158
657.1428571428571,292.8571428571429,782.8571428571429,22.66937114142114,11544204.968565937
657.1428571428571,292.8571428571429,948.5714285714287,22.53311268877556,11212945.739982098
657.1428571428571,292.8571428571429,1114.2857142857142,22.4104720346994,10980973.986688323
657.1428571428571,292.8571428571429,1280.0,22.30114676236467,10802362.55301116
657.1428571428571,292.8571428571429,1445.7142857142858,22.20416344838728,10655477.953848336
657.1428571428571,292.8571428571429,1611.4285714285716,22.118262931498723,10529355.124968026
657.1428571428571,292.8571428571429,1777.1428571428573,22.04213277361711,10418035.647814864
657.1428571428571,292.8571428571429,1942.857142857143,21.974528268773657,10318042.175676387
657.1428571428571,292.8571428571429,2108.5714285714284,21.91432559651536,10227190.165279413
657.1428571428571,292.8571428571429,2274.285714285714,21.86053755206544,10144003.654046714
657.1428571428571,292.8571428571429,2440.0,21.81231032900345,10067416.467384802
657.1428571428571,292.8571428571429,2605.714285714286,21.76891177569104,9996613.478764249
657.1428571428571,292.8571428571429,2771.4285714285716,21.7297166904057,9930942.914830027
657.1428571428571,292.8571428571429,2937.1428571428573,21.69419195602042,9869865.833695041
657.1428571428571,292.8571428571429,3102.857142857143,21.661882801913563,9812925.65385002
657.1428571428571,292.8571428571429,3268.571428571429,21.63240068175618,9759728.84247445
657.1428571428571,292.8571428571429,3434.2857142857147,21.60541285263685,9709932.027310394
657.1428571428571,292.8571428571429,3600.0,21.580633552002737,9663232.945516532
657.1428571428571,340.0,120.0,23.313611719206513,27294298.176724903
657.1428571428571,340.0,285.7142857142857,23.12883599347031,16366803.275745621
657.1428571428571,340.0,451.42857142857144,22.96119331503483,13771148.505877607
657.1428571428571,340.0,617.1428571428571,22.80245575204455,12702884.989740096
657.1428571428571,340.0,782.8571428571429,22.654480771155697,12145814.79172284
657.1428571428571,340.0,948.5714285714287,22.519290739807765,11804553.778797446
657.1428571428571,340.0,1114.2857142857142,22.397615897804645,11567589.225727322
657.1428571428571,340.0,1280.0,22.289095011170712,11386665.341004955
657.1428571428571,340.0,1445.7142857142858,22.19274238239729,11238933.823679784
657.1428571428571,340.0,1611.4285714285716,22.107310125307645,11112763.440056141
657.1428571428571,340.0,1777.1428571428573,22.031506822349172,11001819.763485547
657.1428571428571,340.0,1942.857142857143,21.9641111198189,10902410.094268383
657.1428571428571,340.0,2108.5714285714284,21.904021312740873,10812226.220211526
657.1428571428571,340.0,2274.285714285714,21.85026962491989,10729721.886451336
657.1428571428571,340.0,2440.0,21.802018625949614,10653792.08231454
657.1428571428571,340.0,2605.714285714286,21.758549630351578,10583601.482996926
657.1428571428571,340.0,2771.4285714285716,21.719248339800004,10518489.139344508
657.1428571428571,340.0,2937.1428571428573,21.68359037746657,10457913.381464528
657.1428571428571,340.0,3102.857142857143,21.651127932019005,10401418.58086883
657.1428571428571,340.0,3268.571428571429,21.621477971927327,10348614.161665672
657.1428571428571,340.0,3434.2857142857147,21.594312108320345,10299160.698933154
657.1428571428571,340.0,3600.0,21.569348005174188,10252760.261256384
657.1428571428571,387.14285714285717,120.0,23.30012087238309,28344544.51029583
657.1428571428571,387.14285714285717,285.7142857142857,23.114195494407483,17083071.960473254
657.1428571428571,387.14285714285717,451.42857142857144,22.946857410305682,14393836.508365706
657.1428571428571,387.14285714285717,617.1428571428571,22.788991507575027,13286927.115139743
657.1428571428571,387.14285714285717,782.8571428571429,22.642115627527605,12711323.371447088
657.1428571428571,387.14285714285717,948.5714285714287,22.50803742728201,12360703.484197343
657.1428571428571,387.14285714285717,1114.2857142857142,22.387369842233394,12119043.254937986
657.1428571428571,387.14285714285717,1280.0,22.279702196712073,11935926.77675587
657.1428571428571,387.14285714285717,1445.7142857142858,22.184039275892786,11787378.589902872
657.1428571428571,387.14285714285717,1611.4285714285716,22.099143901741257,11661148.373739999
657.1428571428571,387.14285714285717,1777.1428571428573,22.023743752074083,11550551.119779337
657.1428571428571,387.14285714285717,1942.857142857143,21.95663857616166,11451692.280412568
657.1428571428571,387.14285714285717,2108.5714285714284,21.896746690299786,11362146.833459046
657.1428571428571,387.14285714285717,2274.285714285714,21.843117988468883,11280301.38594891
657.1428571428571,387.14285714285717,2440.0,21.794930027444604,11205013.205998642
657.1428571428571,387.14285714285717,2605.714285714286,21.7514765378847,11135426.79529864
657.1428571428571,387.14285714285717,2771.4285714285716,21.71215336024383,11070871.504229179
657.1428571428571,387.14285714285717,2937.1428571428573,21.67644432254309,11010802.16616521
657.1428571428571,387.14285714285717,3102.857142857143,21.643908215718035,10954763.262077356
657.1428571428571,387.14285714285717,3268.571428571429,21.614167301909546,10902366.34502789
657.1428571428571,387.14285714285717,3434.2857142857147,21.58689742683946,10853275.170092395
657.1428571428571,387.14285714285717,3600.0,21.56181963642391,10807195.449821196
657.1428571428571,434.28571428571433,120.0,23.287964127914375,29329354.85074202
657.1428571428571,434.28571428571433,285.7142857142857,23.101209028957253,17760447.852790277
657.1428571428571,434.28571428571433,451.42857142857144,22.93432926448342,14983673.458035767
657.1428571428571,434.28571428571433,617.1428571428571,22.77739989313153,13840515.82638972
657.1428571428571,434.28571428571433,782.8571428571429,22.63164345198404,13247495.291563967
657.1428571428571,434.28571428571433,948.5714285714287,22.49868182855393,12888056.473612154
657.1428571428571,434.28571428571433,1114.2857142857142,22.379026934573318,12641952.504107906
657.1428571428571,434.28571428571433,1280.0,22.27222601534605,12456746.424956786
657.1428571428571,434.28571428571433,1445.7142857142858,22.177276445473876,12307408.099676404
657.1428571428571,434.28571428571433,1611.4285714285716,22.09295120894317,12181107.27248744
657.1428571428571,434.28571428571433,1777.1428571428573,22.01799543560381,12070829.708388273
657.1428571428571,434.28571428571433,1942.857142857143,21.951228061353543,11972490.537713649
657.1428571428571,434.28571428571433,2108.5714285714284,21.89158562161748,11883553.938334784
657.1428571428571,434.28571428571433,2274.285714285714,21.838134142989865,11802342.28319241
657.1428571428571,434.28571428571433,2440.0,21.790064928775102,11727676.287639683
657.1428571428571,434.28571428571433,2605.714285714286,21.746683161358856,11658680.499300426
657.1428571428571,434.28571428571433,2771.4285714285716,21.70739409161889,11594674.291019952
657.1428571428571,434.28571428571433,2937.1428571428573,21.67168921648112,11535108.48499347
657.1428571428571,434.28571428571433,3102.857142857143,21.639133545522093,11479527.066251729
657.1428571428571,434.28571428571433,3268.571428571429,21.60935436913782,11427543.1010292
657.1428571428571,434.28571428571433,3434.2857142857147,21.58203159263298,11378822.940395735
657.1428571428571,434.28571428571433,3600.0,21.55688953716675,11333075.408584088
657.1428571428571,481.42857142857144,120.0,23.276914176291093,30258935.153373927
657.1428571428571,481.42857142857144,285.7142857142857,23.089561791282517,18405266.709218096
657.1428571428571,481.42857142857144,451.42857142857144,22.923239861233668,15546085.706634775
657.1428571428571,481.42857142857144,617.1428571428571,22.76727618279084,14368716.014205325
657.1428571428571,481.42857142857144,782.8571428571429,22.622634002868423,13759229.68835981
657.1428571428571,481.42857142857144,948.5714285714287,22.490772808384015,13391434.363195645
657.1428571428571,481.42857142857144,1114.2857142857142,22.372116573834568,13141104.413240362
657.1428571428571,481.42857142857144,1280.0,22.266176345792374,12953899.101961223
657.1428571428571,481.42857142857144,1445.7142857142858,22.171943722755746,12803794.808169976
657.1428571428571,481.42857142857144,1611.4285714285716,22.08820133487654,12677414.531780416
657.1428571428571,481.42857142857144,1777.1428571428573,22.01371035172278,12567433.055042872
657.1428571428571,481.42857142857144,1942.857142857143,21.947307254794815,12469585.155645685
657.1428571428571,481.42857142857144,2108.5714285714284,21.887945245758306,12381229.515019707
657.1428571428571,481.42857142857144,2274.285714285714,21.834705144675027,12300626.927480387
657.1428571428571,481.42857142857144,2440.0,21.786790905365656,12226562.71422769
657.1428571428571,481.42857142857144,2605.714285714286,21.743518294576255,12158141.7948075
657.1428571428571,481.42857142857144,2771.4285714285716,21.704301303666185,12094673.442963675
657.1428571428571,481.42857142857144,2937.1428571428573,21.668638591223374,12035604.123454362
657.1428571428571,481.42857142857144,3102.857142857143,21.636101008555823,11980476.882227516
657.1428571428571,481.42857142857144,3268.571428571429,21.606320599894197,11928905.830505664
657.1428571428571,481.42857142857144,3434.2857142857147,21.578981135260022,11880559.461017743
657.1428571428571,481.42857142857144,3600.0,21.55381007733757,11835149.288769955
657.1428571428571,528.5714285714286,120.0,23.26679911282704,31141032.67203259
657.1428571428571,528.5714285714286,285.7142857142857,23.079020940262584,19022307.989877384
657.1428571428571,528.5714285714286,451.42857142857144,22.91332079967911,16085156.410732187
657.1428571428571,528.5714285714286,617.1428571428571,22.75833018739394,14875333.481636608
657.1428571428571,528.5714285714286,782.8571428571429,22.614782690439114,14250204.70063866
657.1428571428571,528.5714285714286,948.5714285714287,22.48399453891702,13874455.296838244
657.1428571428571,528.5714285714286,1114.2857142857142,22.36631244800583,13620090.57365651
657.1428571428571,528.5714285714286,1280.0,22.261216032428706,13430966.656533217
657.1428571428571,528.5714285714286,1445.7142857142858,22.16769239971779,13280118.98022856
657.1428571428571,528.5714285714286,1611.4285714285716,22.08453334382523,13153652.388276193
657.1428571428571,528.5714285714286,1777.1428571428573,22.010514850862332,13043946.490605336
657.1428571428571,528.5714285714286,1942.857142857143,21.944489532888163,12946564.4385745
657.1428571428571,528.5714285714286,2108.5714285714284,21.8854259133387,12858764.133670995
657.1428571428571,528.5714285714286,2274.285714285714,21.8324184374711,12778747.218188712
657.1428571428571,528.5714285714286,2440.0,21.784682743699374,12705264.739374721
657.1428571428571,528.5714285714286,2605.714285714286,21.741544409022396,12637402.372319609
657.1428571428571,528.5714285714286,2771.4285714285716,21.70242555811828,12574459.271070143
657.1428571428571,528.5714285714286,2937.1428571428573,21.666831542804132,12515877.312124696
657.1428571428571,528.5714285714286,3102.857142857143,21.6343386998201,12461198.273848033
657.1428571428571,528.5714285714286,3268.571428571429,21.60458355997794,12410036.950593188
657.1428571428571,528.5714285714286,3434.2857142857147,21.577253560636166,12362063.617232464
657.1428571428571,528.5714285714286,3600.0,21.552079162989255,12316992.14112462
657.1428571428571,575.7142857142858,120.0,23.257485422665294,31981692.05538151
657.1428571428571,575.7142857142858,285.7142857142857,23.069409308519717,19615279.434989437
657.1428571428571,575.7142857142858,451.42857142857144,22.90437095321186,16604046.35934916
657.1428571428571,575.7142857142858,617.1428571428571,22.750347288747086,15363310.881075135
657.1428571428571,575.7142857142858,782.8571428571429,22.60786688800087,14723262.294572879
657.1428571428571,575.7142857142858,948.5714285714287,22.478118605456952,14339913.740831757
657.1428571428571,575.7142857142858,1114.2857142857142,22.361380724770637,14081684.35598553
657.1428571428571,575.7142857142858,1280.0,22.25710534406675,13890714.74898633
657.1428571428571,575.7142857142858,1445.7142857142858,22.164276102206266,13739145.160211314
657.1428571428571,575.7142857142858,1611.4285714285716,22.081693508186387,13612587.230232
657.1428571428571,575.7142857142858,1777.1428571428573,22.008147297130908,13503139.266495967
657.1428571428571,575.7142857142858,1942.857142857143,21.942504982475537,13406200.512692204
657.1428571428571,575.7142857142858,2108.5714285714284,21.8837492384341,13318932.316896373
657.1428571428571,575.7142857142858,2274.285714285714,21.830987112158276,13239479.391512372
657.1428571428571,575.7142857142858,2440.0,21.783445074107522,13166559.579736266
657.1428571428571,575.7142857142858,2605.714285714286,21.740457821837467,13099239.72525154
657.1428571428571,575.7142857142858,2771.4285714285716,21.701455066269148,13036808.908979323
657.1428571428571,575.7142857142858,2937.1428571428573,21.665948424670347,12978704.269917507
657.1428571428571,575.7142857142858,3102.857142857143,21.633519388542293,12924466.073752206
657.1428571428571,575.7142857142858,3268.571428571429,21.603808722310784,12873709.514900628
657.1428571428571,575.7142857142858,3434.2857142857147,21.576507339188655,12826106.362096926
657.1428571428571,575.7142857142858,3600.0,21.55134855567789,12781372.559310544
657.1428571428571,622.8571428571429,120.0,23.24886712201212,32785736.746595614
657.1428571428571,622.8571428571429,285.7142857142857,23.06058891483899,20187123.984330866
657.1428571428571,622.8571428571429,451.42857142857144,22.896235862940294,17105259.73143809
657.1428571428571,622.8571428571429,617.1428571428571,22.74316465130816,15834977.290942758
657.1428571428571,622.8571428571429,782.8571428571429,22.60171953583836,15180650.556657556
657.1428571428571,622.8571428571429,948.5714285714287,22.47297531634707,14790019.450248292
657.1428571428571,622.8571428571429,1114.2857142857142,22.3571492277472,14528078.436479125
657.1428571428571,622.8571428571429,1280.0,22.253669104637055,14335329.824329639
657.1428571428571,622.8571428571429,1445.7142857142858,22.161515938627826,14183058.970912058
657.1428571428571,622.8571428571429,1611.4285714285716,22.07949853722606,14056406.34295799
657.1428571428571,622.8571428571429,1777.1428571428573,22.006419446075885,13947201.241347551
657.1428571428571,622.8571428571429,1942.857142857143,21.94116000456712,13850685.892774776
657.1428571428571,622.8571428571429,2108.5714285714284,21.882716011385323,13763928.906591782
657.1428571428571,622.8571428571429,2274.285714285714,21.83020621481335,13685020.106979622
657.1428571428571,622.8571428571429,2440.0,21.782867162413424,13612645.149019185
657.1428571428571,622.8571428571429,2605.714285714286,21.740042057085198,13545852.470767044
657.1428571428571,622.8571428571429,2771.4285714285716,21.701167703761477,13483921.172026332
657.1428571428571,622.8571428571429,2937.1428571428573,21.665761596347327,13426283.564090693
657.1428571428571,622.8571428571429,3102.857142857143,21.63341007695395,13372478.217024814
657.1428571428571,622.8571428571429,3268.571428571429,21.603757907632232,13322120.50200708
657.1428571428571,622.8571428571429,3434.2857142857147,21.576499295754296,13274883.44807753
657.1428571428571,622.8571428571429,3600.0,21.551370274378357,13230484.848726485
657.1428571428571,670.0,120.0,23.240858537188483,33557088.56732584
657.1428571428571,670.0,285.7142857142857,23.052450181661012,20740222.547858417
657.1428571428571,670.0,451.42857142857144,22.888794443284134,17590819.21451633
657.1428571428571,670.0,617.1428571428571,22.736656049857793,16292212.409011891
657.1428571428571,670.0,782.8571428571429,22.596212468816454,15624182.937925002
657.1428571428571,670.0,948.5714285714287,22.468435728086963,15226554.437385509
657.1428571428571,670.0,1114.2857142857142,22.35348825117557,14961040.776579818
657.1428571428571,670.0,1280.0,22.250776339729132,14766574.71803653
657.1428571428571,670.0,1445.7142857142858,22.159279003844627,14613622.616810678
657.1428571428571,670.0,1611.4285714285716,22.077812963152315,14486873.404018939
657.1428571428571,670.0,1777.1428571428573,22.005192743182693,14377898.374554312
657.1428571428571,670.0,1942.857142857143,21.94031256198801,14281788.940039039
657.1428571428571,670.0,2108.5714285714284,21.88218043768399,14195524.436909389
657.1428571428571,670.0,2274.285714285714,21.829926022638556,14117141.684161233
657.1428571428571,670.0,2440.0,21.782795270299776,14045295.111132571
657.1428571428571,670.0,2605.714285714286,21.740139338713256,13979015.178738339
657.1428571428571,670.0,2771.4285714285716,21.70140168357159,13917571.128721306
657.1428571428571,670.0,2937.1428571428573,21.666105322493404,13860390.39802342
657.1428571428571,670.0,3102.857142857143,21.633841169571674,13807009.725397889
657.1428571428571,670.0,3268.571428571429,21.604257765973227,13757044.48170781
657.1428571428571,670.0,3434.2857142857147,21.57705244286892,13710168.76558528
657.1428571428571,670.0,3600.0,21.551963817820564,13666102.031402295
657.1428571428571,717.1428571428572,120.0,23.233389336705876,34298987.3411528
657.1428571428571,717.1428571428572,285.7142857142857,23.044904634103826,21276532.729487088
657.1428571428571,717.1428571428572,451.42857142857144,22.88195009388568,18062385.532434773
657.1428571428571,717.1428571428572,617.1428571428571,22.730721834027506,16736558.466673916
657.1428571428571,717.1428571428572,782.8571428571429,22.591245489453748,16055346.702387802
657.1428571428571,717.1428571428572,948.5714285714287,22.464399955502625,15650979.81791842
657.1428571428571,717.1428571428572,1114.2857142857142,22.35029816156934,15382020.770782169
657.1428571428571,717.1428571428572,1280.0,22.248327189184568,15185894.543415612
657.1428571428571,717.1428571428572,1445.7142857142858,22.157464610474907,15032280.708862947
657.1428571428571,717.1428571428572,1611.4285714285716,22.07653469864744,14905434.318809777
657.1428571428571,717.1428571428572,1777.1428571428573,22.004363219377694,14796678.582987998
657.1428571428571,717.1428571428572,1942.857142857143,21.93985642968446,14700959.720588176
657.1428571428571,717.1428571428572,2108.5714285714284,21.88203376432662,14615170.963080117
657.1428571428571,717.1428571428572,2274.285714285714,21.830035070830373,14537297.867880978
657.1428571428571,717.1428571428572,2440.0,21.783115109175665,14465964.549757404
657.1428571428571,717.1428571428572,2605.714285714286,21.740632498890296,14400183.917629853
657.1428571428571,717.1428571428572,2771.4285714285716,21.70203694647663,14339215.499533808
657.1428571428571,717.1428571428572,2937.1428571428573,21.666856672760254,14282481.84406313
657.1428571428571,717.1428571428572,3102.857142857143,21.634686908911554,14229517.759508535
657.1428571428571,717.1428571428572,3268.571428571429,21.605179773619632,14179938.475698154
657.1428571428571,717.1428571428572,3434.2857142857147,21.57803556315128,14133419.004225878
657.1428571428571,717.1428571428572,3600.0,21.55299535516127,14089680.302567482
657.1428571428571,764.2857142857143,120.0,23.226401014230294,35014146.27893469
657.1428571428571,764.2857142857143,285.7142857142857,23.037879809263853,21797686.56655058
657.1428571428571,764.2857142857143,451.42857142857144,22.875624575834667,18521341.485094216
657.1428571428571,764.2857142857143,617.1428571428571,22.725282083247752,17169298.819228727
657.1428571428571,764.2857142857143,782.8571428571429,22.586738979273328,16475379.027000329
657.1428571428571,764.2857142857143,948.5714285714287,22.460789325468973,16064510.754544776
657.1428571428571,764.2857142857143,1114.2857142857142,22.347501126649416,15792223.685124038
657.1428571428571,764.2857142857143,1280.0,22.24624421911449,15594490.943705957
657.1428571428571,764.2857142857143,1445.7142857142858,22.15599518357291,15440234.477165163
657.1428571428571,764.2857142857143,1611.4285714285716,22.07558551377514,15313291.450880403
657.1428571428571,764.2857142857143,1777.1428571428573,22.003851552998082,15204746.000020761
657.1428571428571,764.2857142857143,1942.857142857143,21.93971084857025,15109404.281921113
657.1428571428571,764.2857142857143,2108.5714285714284,21.882193535891783,15024076.334819302
657.1428571428571,764.2857142857143,2274.285714285714,21.830449023953616,14946698.075354956
657.1428571428571,764.2857142857143,2440.0,21.783740341762773,14875864.166920114
657.1428571428571,764.2857142857143,2605.714285714286,21.74143312581801,14810570.384646187
657.1428571428571,764.2857142857143,2771.4285714285716,21.702982971607153,14750066.701765426
657.1428571428571,764.2857142857143,2937.1428571428573,21.66792301165368,14693770.789327426
657.1428571428571,764.2857142857143,3102.857142857143,21.63585256095769,14641215.454676904
657.1428571428571,764.2857142857143,3268.571428571429,21.606427130000412,14592015.674895534
657.1428571428571,764.2857142857143,3434.2857142857147,21.57934983279306,14545847.245404724
657.1428571428571,764.2857142857143,3600.0,21.554364090543967,14502432.494110156
657.1428571428571,811.4285714285714,120.0,23.21984433718163,35704864.680860735
657.1428571428571,811.4285714285714,285.7142857142857,23.031315616480263,22305061.145572837
657.1428571428571,811.4285714285714,451.42857142857144,22.86975368226956,18968852.55288853
657.1428571428571,811.4285714285714,617.1428571428571,22.72027181313324,17591514.559238497
657.1428571428571,811.4285714285714,782.8571428571429,22.582628767017052,16885321.785451576
657.1428571428571,811.4285714285714,948.5714285714287,22.45754096582148,16468170.388222663
657.1428571428571,811.4285714285714,1114.2857142857142,22.34503544508694,16192664.215199495
657.1428571428571,811.4285714285714,1280.0,22.244466494449465,15993375.513610682
657.1428571428571,811.4285714285714,1445.7142857142858,22.154810071980986,15838495.166942194
657.1428571428571,811.4285714285714,1611.4285714285716,22.074904582231007,15711457.037073368
657.1428571428571,811.4285714285714,1777.1428571428573,22.00359634958566,15603114.420206577
657.1428571428571,811.4285714285714,1942.857142857143,21.939813540618076,15508138.120675331
657.1428571428571,811.4285714285714,2108.5714285714284,21.882596349502304,15423257.673259787
657.1428571428571,811.4285714285714,2274.285714285714,21.83110317757476,15346360.866126709
657.1428571428571,811.4285714285714,2440.0,21.78460483879798,15276013.73002927
657.1428571428571,811.4285714285714,2605.714285714286,21.742473584941514,15211195.315492006
657.1428571428571,811.4285714285714,2771.4285714285716,21.704170572193966,15151146.209660664
657.1428571428571,811.4285714285714,2937.1428571428573,21.669233579090747,15095279.235886611
657.1428571428571,811.4285714285714,3102.857142857143,21.63726579079561,15043125.152860532
657.1428571428571,811.4285714285714,3268.571428571429,21.60792593847645,14994298.596642548
657.1428571428571,811.4285714285714,3434.2857142857147,21.58091981727399,14948476.039800532
657.1428571428571,811.4285714285714,3600.0,21.555993083124758,14905381.068658516
657.1428571428571,858.5714285714287,120.0,23.213677456406334,36373111.454155676
657.1428571428571,858.5714285714287,285.7142857142857,23.02516167785153,22799830.74204458
657.1428571428571,858.5714285714287,451.42857142857144,22.864284108389974,19405911.56910355
657.1428571428571,858.5714285714287,617.1428571428571,22.71563754085734,18004126.207004
657.1428571428571,858.5714285714287,782.8571428571429,22.57886248051408,17286061.868241448
657.1428571428571,858.5714285714287,948.5714285714287,22.454603984866765,16862829.517729018
657.1428571428571,858.5714285714287,1114.2857142857142,22.342851566107854,16584205.884800548
657.1428571428571,858.5714285714287,1280.0,22.242945437672894,16383409.095973736
657.1428571428571,858.5714285714287,1445.7142857142858,22.15386124084794,16227923.318255723
657.1428571428571,858.5714285714287,1611.4285714285716,22.074444002455945,16100792.485529233
657.1428571428571,858.5714285714287,1777.1428571428573,22.003549488405138,15992646.624867266
657.1428571428571,858.5714285714287,1942.857142857143,21.940115880033936,15898025.53209877
657.1428571428571,858.5714285714287,2108.5714285714284,21.88319285214989,15813580.734759318
657.1428571428571,858.5714285714287,2274.285714285714,21.831947285042286,15737153.308646603
657.1428571428571,858.5714285714287,2440.0,21.785657339918444,15667281.429651996
657.1428571428571,858.5714285714287,2605.714285714286,21.743701519512864,15602927.822731916
657.1428571428571,858.5714285714287,2771.4285714285716,21.705546241964115,15543323.864103662
657.1428571428571,858.5714285714287,2937.1428571428573,21.670733689095623,15487877.574016945
657.1428571428571,858.5714285714287,3102.857142857143,21.63887072018883,15436117.633093268
657.1428571428571,858.5714285714287,3268.571428571429,21.60961912934765,15387658.267240303
657.1428571428571,858.5714285714287,3434.2857142857147,21.58268726621674,15342176.538024554
657.1428571428571,858.5714285714287,3600.0,21.557822919991324,15299397.19536063
657.1428571428571,905.7142857142858,120.0,23.20786447962518,37020588.17500141
657.1428571428571,905.7142857142858,285.7142857142857,23.019375347717787,23283006.055913854
657.1428571428571,905.7142857142858,451.42857142857144,22.85917114387178,19833372.284842454
657.1428571428571,905.7142857142858,617.1428571428571,22.711334774443376,18407925.00822414
657.1428571428571,905.7142857142858,782.8571428571429,22.575396899859854,17678361.436215304
657.1428571428571,905.7142857142858,948.5714285714287,22.451936717733524,17249236.363916706
657.1428571428571,905.7142857142858,1114.2857142857142,22.34090923672778,16967590.595227078
657.1428571428571,905.7142857142858,1280.0,22.241641874593988,16765331.253541162
657.1428571428571,905.7142857142858,1445.7142857142858,22.15311021034233,16609258.2262336
657.1428571428571,905.7142857142858,1611.4285714285716,22.074165623865717,16482037.852446752
657.1428571428571,905.7142857142858,1777.1428571428573,22.003672832346876,16374083.88346617
657.1428571428571,905.7142857142858,1942.857142857143,21.940579484919432,16279809.134011066
657.1428571428571,905.7142857142858,2108.5714285714284,21.88394421399345,16195789.450749476
657.1428571428571,905.7142857142858,2274.285714285714,21.832941913766707,16119820.527589088
657.1428571428571,905.7142857142858,2440.0,21.78685769538572,16050413.425718807
657.1428571428571,905.7142857142858,2605.714285714286,21.745075981017816,15986514.932914093
657.1428571428571,905.7142857142858,2771.4285714285716,21.707068178059984,15927347.393640066
657.1428571428571,905.7142857142858,2937.1428571428573,21.67238064932303,15872314.081148094
657.1428571428571,905.7142857142858,3102.857142857143,21.640623747982676,15820941.583408862
657.1428571428571,905.7142857142858,3268.571428571429,21.611462185460226,15772843.662837723
657.1428571428571,905.7142857142858,3434.2857142857147,21.584606748484077,15727697.897296147
657.1428571428571,905.7142857142858,3600.0,21.5598072649413,15685230.119885227
657.1428571428571,952.8571428571429,120.0,23.202374377281924,37648777.49779613
657.1428571428571,952.8571428571429,285.7142857142857,23.013920212820793,23755464.23451893
657.1428571428571,952.8571428571429,451.42857142857144,22.854376941929637,20251975.01722585
657.1428571428571,952.8571428571429,617.1428571428571,22.707326144650754,18803596.8314055
657.1428571428571,952.8571428571429,782.8571428571429,22.57219600215053,18062881.010311652
657.1428571428571,952.8571428571429,948.5714285714287,22.44950470513013,17628039.28014355
657.1428571428571,952.8571428571429,1114.2857142857142,22.339175419273378,17343461.168812525
657.1428571428571,952.8571428571429,1280.0,22.240523887732795,17139782.752565064
657.1428571428571,952.8571428571429,1445.7142857142858,22.15252583955493,16983140.416667916
657.1428571428571,952.8571428571429,1611.4285714285716,22.074038756099945,16855834.332198795
657.1428571428571,952.8571428571429,1777.1428571428573,22.003935858611648,16748068.46519062
657.1428571428571,952.8571428571429,1942.857142857143,21.9411737670174,16654132.398835007
657.1428571428571,952.8571428571429,2108.5714285714284,21.884819596226453,16570528.475439116
657.1428571428571,952.8571428571429,2274.285714285714,21.834055831463893,16495008.260994192
657.1428571428571,952.8571428571429,2440.0,21.78817417188237,16426056.40763907
657.1428571428571,952.8571428571429,2605.714285714286,21.746564656379093,16362604.143584944
657.1428571428571,952.8571428571429,2771.4285714285716,21.708703431971514,16303864.962985128
657.1428571428571,952.8571428571429,2937.1428571428573,21.67414083834608,16249237.457220528
657.1428571428571,952.8571428571429,3102.857142857143,21.642490556552453,16198246.119159231
657.1428571428571,952.8571428571429,3268.571428571429,21.61342008070368,16150504.207522942
657.1428571428571,952.8571428571429,3434.2857142857147,21.58664252562793,16105689.75674461
657.1428571428571,952.8571428571429,3600.0,21.561909669751994,16063529.614915466
657.1428571428571,1000.0,120.0,23.19718013117879,38258980.8652546
657.1428571428571,1000.0,285.7142857142857,23.008764939406966,24217972.189912725
657.1428571428571,1000.0,451.42857142857144,22.84986920079049,20662366.54389944
657.1428571428571,1000.0,617.1428571428571,22.70357999289591,19191740.69161031
657.1428571428571,1000.0,782.8571428571429,22.569229493705667,18440197.362052552
657.1428571428571,1000.0,948.5714285714287,22.447279185397683,17999804.344766073
657.1428571428571,1000.0,1114.2857142857142,22.33762274612078,17712378.81009905
657.1428571428571,1000.0,1280.0,22.23956523072426,17507322.977014784
657.1428571428571,1000.0,1445.7142857142858,22.152082695686474,17350129.05455492
657.1428571428571,1000.0,1611.4285714285716,22.074038488278966,17222741.678431187
657.1428571428571,1000.0,1777.1428571428573,22.0043139243348,17115161.07854945
657.1428571428571,1000.0,1942.857142857143,21.941874141233303,17021557.11128557
657.1428571428571,1000.0,2108.5714285714284,21.885794303183896,16938360.65814062
657.1428571428571,1000.0,2274.285714285714,21.835264100508244,16863280.342545573
657.1428571428571,1000.0,2440.0,21.789581489534985,16794775.081591107
657.1428571428571,1000.0,2605.714285714286,21.74814184864242,16731760.910897382
657.1428571428571,1000.0,2771.4285714285716,21.710425835284802,16673442.656734608
657.1428571428571,1000.0,2937.1428571428573,21.67598757814278,16619214.300845698
657.1428571428571,1000.0,3102.857142857143,21.64444393287762,16568598.248537082
657.1428571428571,1000.0,3268.571428571429,21.615465051620106,16521207.225652337
657.1428571428571,1000.0,3434.2857142857147,21.588766276022014,16476719.674465816
657.1428571428571,1000.0,3600.0,21.564101252824294,16434863.400272189
692.8571428571429,10.0,120.0,23.49184780289021,16176635.891695071
692.8571428571429,10.0,285.7142857142857,23.36555176256291,8732974.091398265
692.8571428571429,10.0,451.42857142857144,23.235311434713836,7034077.6529398365
692.8571428571429,10.0,617.1428571428571,23.103748657746287,6311372.460622276
692.8571428571429,10.0,782.8571428571429,22.977851577668517,5900347.712008048
692.8571428571429,10.0,948.5714285714287,22.862891514494404,5616475.638323786
692.8571428571429,10.0,1114.2857142857142,22.761242893672826,5394677.501119835
692.8571428571429,10.0,1280.0,22.67310005931303,5208972.2381495405
692.8571428571429,10.0,1445.7142857142858,22.597458487923653,5047817.895063717
692.8571428571429,10.0,1611.4285714285716,22.532822926840318,4905388.466953528
692.8571428571429,10.0,1777.1428571428573,22.47761143933014,4778265.109232916
692.8571428571429,10.0,1942.857142857143,22.43035012353866,4664127.682197324
692.8571428571429,10.0,2108.5714285714284,22.38974792107155,4561218.842851457
692.8571428571429,10.0,2274.285714285714,22.35471039847084,4468114.539842252
692.8571428571429,10.0,2440.0,22.324326015929724,4383618.424280596
692.8571428571429,10.0,2605.714285714286,22.29784233132705,4306707.432051538
692.8571428571429,10.0,2771.4285714285716,22.27464053317346,4236499.232694934
692.8571428571429,10.0,2937.1428571428573,22.25421193578402,4172229.6627917313
692.8571428571429,10.0,3102.857142857143,22.236137704193112,4113235.288191845
692.8571428571429,10.0,3268.571428571429,22.220071974115758,4058939.0682304497
692.8571428571429,10.0,3434.2857142857147,22.205728069500747,4008838.224485534
692.8571428571429,10.0,3600.0,22.19286736732608,3962493.862143448
692.8571428571429,57.142857142857146,120.0,23.42051273327604,20066080.63565913
692.8571428571429,57.142857142857146,285.7142857142857,23.261318993094473,11304589.883995933
692.8571428571429,57.142857142857146,451.42857142857144,23.103088043350585,9289085.93398545
692.8571428571429,57.142857142857146,617.1428571428571,22.94609604084959,8447688.610426927
692.8571428571429,57.142857142857146,782.8571428571429,22.796461385936986,7986488.401081381
692.8571428571429,57.142857142857146,948.5714285714287,22.658975333371643,7681222.314924987
692.8571428571429,57.142857142857146,1114.2857142857142,22.535845333141964,7450723.3067764845
692.8571428571429,57.142857142857146,1280.0,22.427282541120256,7261667.650716149
692.8571428571429,57.142857142857146,1445.7142857142858,22.332359962845757,7099042.104889414
692.8571428571429,57.142857142857146,1611.4285714285716,22.249648777546884,6955413.816308826
692.8571428571429,57.142857142857146,1777.1428571428573,22.177595401186394,6826680.548875172
692.8571428571429,57.142857142857146,1942.857142857143,22.1147144721641,6710292.838042099
692.8571428571429,57.142857142857146,2108.5714285714284,22.05967212665568,6604478.661613095
692.8571428571429,57.142857142857146,2274.285714285714,22.011310307547095,6507891.941108096
692.8571428571429,57.142857142857146,2440.0,21.968642211448316,6419445.982729856
692.8571428571429,57.142857142857146,2605.714285714286,21.930835377960612,6338229.8591381265
692.8571428571429,57.142857142857146,2771.4285714285716,21.89719092375886,6263463.042051187
692.8571428571429,57.142857142857146,2937.1428571428573,21.86712300200456,6194468.287000691
692.8571428571429,57.142857142857146,3102.857142857143,21.840140231642835,6130653.649611268
692.8571428571429,57.142857142857146,3268.571428571429,21.815829660855893,6071499.390469567
692.8571428571429,57.142857142857146,3434.2857142857147,21.79384326730291,6016547.744111731
692.8571428571429,57.142857142857146,3600.0,21.773886757372836,5965394.549034121
692.8571428571429,104.28571428571429,120.0,23.381982498734686,22391174.418296743
692.8571428571429,104.28571428571429,285.7142857142857,23.210778456257717,12840357.080928095
692.8571428571429,104.28571428571429,451.42857142857144,23.04478449718106,10622899.481854811
692.8571428571429,104.28571428571429,617.1428571428571,22.88223031045377,9701204.388708252
692.8571428571429,104.28571428571429,782.8571428571429,22.72820129962054,9203391.010911714
692.8571428571429,104.28571428571429,948.5714285714287,22.586794031267374,8880997.730808876
692.8571428571429,104.28571428571429,1114.2857142857142,22.4598406648846,8642837.373271596
692.8571428571429,104.28571428571429,1280.0,22.347406074656664,8450804.646931132
692.8571428571429,104.28571428571429,1445.7142857142858,22.248544647750375,8287451.110710553
692.8571428571429,104.28571428571429,1611.4285714285716,22.161864766786397,8144075.280720044
692.8571428571429,104.28571428571429,1777.1428571428573,22.08586545673632,8015917.543977152
692.8571428571429,104.28571428571429,1942.857142857143,22.019110422835304,7900098.848923666
692.8571428571429,104.28571428571429,2108.5714285714284,21.96030441012158,7794694.26768482
692.8571428571429,104.28571428571429,2274.285714285714,21.90831645090807,7698299.149612914
692.8571428571429,104.28571428571429,2440.0,21.8621766747917,7609817.260101797
692.8571428571429,104.28571428571429,2605.714285714286,21.821061482916857,7528352.230738141
692.8571428571429,104.28571428571429,2771.4285714285716,21.784274834944213,7453148.588033628
692.8571428571429,104.28571428571429,2937.1428571428573,21.751229450944464,7383557.365364325
692.8571428571429,104.28571428571429,3102.857142857143,21.721429613781424,7319014.3835252635
692.8571428571429,104.28571428571429,3268.571428571429,21.694456167143063,7259025.383060314
692.8571428571429,104.28571428571429,3434.2857142857147,21.66995377143537,7203155.09390928
692.8571428571429,104.28571428571429,3600.0,21.647620241413595,7151018.736002085
692.8571428571429,151.42857142857144,120.0,23.35395376213148,24214289.930885434
692.8571428571429,151.42857142857144,285.7142857142857,23.176167052398217,14052545.742200028
692.8571428571429,151.42857142857144,451.42857142857144,23.006919587780583,11674037.053385468
692.8571428571429,151.42857142857144,617.1428571428571,22.842735403616796,10687302.621198567
692.8571428571429,151.42857142857144,782.8571428571429,22.68786785146734,10159263.436110804
692.8571428571429,151.42857142857144,948.5714285714287,22.54586000855464,9822374.869913656
692.8571428571429,151.42857142857144,1114.2857142857142,22.418241110923137,9577529.177729702
692.8571428571429,151.42857142857144,1280.0,22.30495235082282,9382815.772490697
692.8571428571429,151.42857142857144,1445.7142857142858,22.205027398721185,9218818.963071838
692.8571428571429,151.42857142857144,1611.4285714285716,22.117102465091225,9075785.61766417
692.8571428571429,151.42857142857144,1777.1428571428573,22.039721267872267,8948388.806181395
692.8571428571429,151.42857142857144,1942.857142857143,21.971493162047196,8833446.685357815
692.8571428571429,151.42857142857144,2108.5714285714284,21.911162754677566,8728878.222892174
692.8571428571429,151.42857142857144,2274.285714285714,21.857631149149196,8633204.276126059
692.8571428571429,151.42857142857144,2440.0,21.80995294442664,8545299.168133173
692.8571428571429,151.42857142857144,2605.714285714286,21.767322453056536,8464261.408246353
692.8571428571429,151.42857142857144,2771.4285714285716,21.72905623891729,8389342.940686928
692.8571428571429,151.42857142857144,2937.1428571428573,21.69457549440545,8319908.094010302
692.8571428571429,151.42857142857144,3102.857142857143,21.66338984136274,8255408.145970931
692.8571428571429,151.42857142857144,3268.571428571429,21.63508313360603,8195364.441444726
692.8571428571429,151.42857142857144,3434.2857142857147,21.60930134083098,8139356.42767725
692.8571428571429,151.42857142857144,3600.0,21.5857423666019,8087012.680180991
692.8571428571429,198.57142857142858,120.0,23.331639643657905,25761031.074406803
692.8571428571429,198.57142857142858,285.7142857142857,23.149761689355483,15089744.066864375
692.8571428571429,198.57142857142858,451.42857142857144,22.97910864083371,12573769.960729664
692.8571428571429,198.57142857142858,617.1428571428571,22.81475597678496,11531071.732136268
692.8571428571429,198.57142857142858,782.8571428571429,22.660285838164228,10976776.93438886
692.8571428571429,198.57142857142858,948.5714285714287,22.51880070345278,10627127.287046634
692.8571428571429,198.57142857142858,1114.2857142857142,22.391588949137592,10376285.24515425
692.8571428571429,198.57142857142858,1280.0,22.278492731899053,10179102.52920027
692.8571428571429,198.57142857142858,1445.7142857142858,22.178528871069616,10014480.198793711
692.8571428571429,198.57142857142858,1611.4285714285716,22.090356483406264,9871754.991653118
692.8571428571429,198.57142857142858,1777.1428571428573,22.012556958730446,9745099.81900343
692.8571428571429,198.57142857142858,1942.857142857143,21.94377920933587,9631058.248270752
692.8571428571429,198.57142857142858,2108.5714285714284,21.882803539231162,9527401.345521037
692.8571428571429,198.57142857142858,2274.285714285714,21.828560925871834,9432573.895017717
692.8571428571429,198.57142857142858,2440.0,21.78012987963345,9345414.873049447
692.8571428571429,198.57142857142858,2605.714285714286,21.73672329121277,9265010.294216327
692.8571428571429,198.57142857142858,2771.4285714285716,21.69767184001492,9190612.111757064
692.8571428571429,198.57142857142858,2937.1428571428573,21.662407239355314,9121591.16627013
692.8571428571429,198.57142857142858,3102.857142857143,21.630446804452877,9057408.288298298
692.8571428571429,198.57142857142858,3268.571428571429,21.601379893273837,8997595.446197925
692.8571428571429,198.57142857142858,3434.2857142857147,21.574856303785594,8941742.691090737
692.8571428571429,198.57142857142858,3600.0,21.550576496304146,8889488.610312521
692.8571428571429,245.71428571428572,120.0,23.313027067413646,27125985.308934327
692.8571428571429,245.71428571428572,285.7142857142857,23.1284399455065,16013460.385165706
692.8571428571429,245.71428571428572,451.42857142857144,22.957306399301142,13375965.412123075
692.8571428571429,245.71428571428572,617.1428571428571,22.7934457899363,12283522.971253352
692.8571428571429,245.71428571428572,782.8571428571429,22.639888591649648,11705750.28999936
692.8571428571429,245.71428571428572,948.5714285714287,22.499379157790365,11344587.482251283
692.8571428571429,245.71428571428572,1114.2857142857142,22.373010829995913,11088262.42026387
692.8571428571429,245.71428571428572,1280.0,22.26054579763889,10888771.78586875
692.8571428571429,245.71428571428572,1445.7142857142858,22.160987823081793,10723528.554985465
692.8571428571429,245.71428571428572,1611.4285714285716,22.07301574218348,10581059.81755767
692.8571428571429,245.71428571428572,1777.1428571428573,21.995243217277608,10455088.734311506
692.8571428571429,245.71428571428572,1942.857142857143,21.926353419210873,10341907.850933395
692.8571428571429,245.71428571428572,2108.5714285714284,21.865158057100956,10239149.61806281
692.8571428571429,245.71428571428572,2274.285714285714,21.81061489965012,10145184.636125123
692.8571428571429,245.71428571428572,2440.0,21.761824390983097,10058814.802090073
692.8571428571429,245.71428571428572,2605.714285714286,21.718016920462468,9979110.330518382
692.8571428571429,245.71428571428572,2771.4285714285716,21.678536884842853,9905319.392492268
692.8571428571429,245.71428571428572,2937.1428571428573,21.64282661167519,9836815.615729539
692.8571428571429,245.71428571428572,3102.857142857143,21.610411541783627,9773065.98250552
692.8571428571429,245.71428571428572,3268.571428571429,21.580887191710776,9713610.105874514
692.8571428571429,245.71428571428572,3434.2857142857147,21.553907977986466,9658046.099479513
692.8571428571429,245.71428571428572,3600.0,21.529177781600403,9606020.43278586
692.8571428571429,292.8571428571429,120.0,23.29704527944349,28359479.896720435
692.8571428571429,292.8571428571429,285.7142857142857,23.11059735416106,16856082.041027244
692.8571428571429,292.8571428571429,451.42857142857144,22.939496706986166,14108808.358952425
692.8571428571429,292.8571428571429,617.1428571428571,22.776452948859028,12971233.173807478
692.8571428571429,292.8571428571429,782.8571428571429,22.62403475194219,12372067.042982427
692.8571428571429,292.8571428571429,948.5714285714287,22.484689402074512,12000344.19579796
692.8571428571429,292.8571428571429,1114.2857142857142,22.359349153243073,11738937.736944495
692.8571428571429,292.8571428571429,1280.0,22.247710578773727,11537269.319860794
692.8571428571429,292.8571428571429,1445.7142857142858,22.148767427927517,11371408.10649545
692.8571428571429,292.8571428571429,1611.4285714285716,22.061215954161362,11229147.212500175
692.8571428571429,292.8571428571429,1777.1428571428573,21.983697921810077,11103799.21162073
692.8571428571429,292.8571428571429,1942.857142857143,21.914926461410147,10991424.970135802
692.8571428571429,292.8571428571429,2108.5714285714284,21.853740991368287,10889526.900651623
692.8571428571429,292.8571428571429,2274.285714285714,21.79912319005653,10796404.24206976
692.8571428571429,292.8571428571429,2440.0,21.750193340967243,10710821.667225655
692.8571428571429,292.8571428571429,2605.714285714286,21.70619790710716,10631832.02460841
692.8571428571429,292.8571428571429,2771.4285714285716,21.666494109048713,10558677.561745182
692.8571428571429,292.8571428571429,2937.1428571428573,21.630534398984693,10490732.427189108
692.8571428571429,292.8571428571429,3102.857142857143,21.597852150884417,10427467.591769388
692.8571428571429,292.8571428571429,3268.571428571429,21.568049059807432,10368428.357227208
692.8571428571429,292.8571428571429,3434.2857142857147,21.540784328169234,10313219.187279578
692.8571428571429,292.8571428571429,3600.0,21.51576552357581,10261492.965401622
692.8571428571429,340.0,120.0,23.283046073992153,29492057.20033325
692.8571428571429,340.0,285.7142857142857,23.095292039334065,17637090.569810167
692.8571428571429,340.0,451.42857142857144,22.92452650757286,14789170.248460123
692.8571428571429,340.0,617.1428571428571,22.76246259449052,13610061.21420997
692.8571428571429,340.0,782.8571428571429,22.61127617165102,12991141.315312766
692.8571428571429,340.0,948.5714285714287,22.47316377477024,12609617.857430551
692.8571428571429,340.0,1114.2857142857142,22.348922268988193,12343456.25978081
692.8571428571429,340.0,1280.0,22.238193535028035,12139719.251890354
692.8571428571429,340.0,1445.7142857142858,22.13996366328997,11973244.173452048
692.8571428571429,340.0,1611.4285714285716,22.052944552418673,11831149.611218108
692.8571428571429,340.0,1777.1428571428573,21.975802779475764,11706368.943868535
692.8571428571429,340.0,1942.857142857143,21.907277959824093,11594747.40003979
692.8571428571429,340.0,2108.5714285714284,21.846234141965542,11493664.94796205
692.8571428571429,340.0,2274.285714285714,21.79167441829904,11401352.44902203
692.8571428571429,340.0,2440.0,21.742737001732312,11316537.882499691
692.8571428571429,340.0,2605.714285714286,21.698683031443476,11238256.020391429
692.8571428571429,340.0,2771.4285714285716,21.658881572605654,11165741.911991926
692.8571428571429,340.0,2937.1428571428573,21.62279455020702,11098368.758816041
692.8571428571429,340.0,3102.857142857143,21.589962868570414,11035610.05576003
692.8571428571429,340.0,3268.571428571429,21.55999418386999,10977015.429668756
692.8571428571429,340.0,3434.2857142857147,21.53255240238862,10922194.473620454
692.8571428571429,340.0,3600.0,21.50734879330004,10870805.418803997
692.8571428571429,387.14285714285717,120.0,23.27060292886519,30543894.80304751
692.8571428571429,387.14285714285717,285.7142857142857,23.081921177957565,18369257.20393688
692.8571428571429,387.14285714285717,451.42857142857144,22.911674473408667,15428068.519994996
692.8571428571429,387.14285714285717,617.1428571428571,22.75066838745324,14210338.348497465
692.8571428571429,387.14285714285717,782.8571428571429,22.600740073046474,13572999.33904116
692.8571428571429,387.14285714285717,948.5714285714287,22.463871282826183,13182299.770092214
692.8571428571429,387.14285714285717,1114.2857142857142,22.340743392828408,12911655.8614978
692.8571428571429,387.14285714285717,1280.0,22.230952056601296,12705944.617041418
692.8571428571429,387.14285714285717,1445.7142857142858,22.133477521772708,12538861.619272634
692.8571428571429,387.14285714285717,1611.4285714285716,22.04704590901191,12396899.124577504
692.8571428571429,387.14285714285717,1777.1428571428573,21.970345958116987,12272637.134183666
692.8571428571429,387.14285714285717,1942.857142857143,21.902140931609807,12161718.747780895
692.8571428571429,387.14285714285717,2108.5714285714284,21.841316947686135,12061408.160624763
692.8571428571429,387.14285714285717,2274.285714285714,21.786896389858388,11969870.743264003
692.8571428571429,387.14285714285717,2440.0,21.73803372844466,11885798.609102994
692.8571428571429,387.14285714285717,2605.714285714286,21.694003509224594,11808208.202272085
692.8571428571429,387.14285714285717,2771.4285714285716,21.654185706990802,11736326.598107968
692.8571428571429,387.14285714285717,2937.1428571428573,21.618051051512317,11669525.06129731
692.8571428571429,387.14285714285717,3102.857142857143,21.585147516882103,11607278.576325638
692.8571428571429,387.14285714285717,3268.571428571429,21.555088417973774,11549140.10425753
692.8571428571429,387.14285714285717,3434.2857142857147,21.52754218135602,11494723.46221294
692.8571428571429,387.14285714285717,3600.0,21.50222368230516,11443691.425286472
692.8571428571429,434.28571428571433,120.0,23.259418250179046,31529143.518638402
692.8571428571429,434.28571428571433,285.7142857142857,23.07007461663506,19061477.303983834
692.8571428571429,434.28571428571433,451.42857142857144,22.900459673363976,16033152.803061258
692.8571428571429,434.28571428571433,617.1428571428571,22.74054217631466,14779224.137140537
692.8571428571429,434.28571428571433,782.8571428571429,22.591863722751683,14124581.027794158
692.8571428571429,434.28571428571433,948.5714285714287,22.456219790121814,13725231.600084338
692.8571428571429,434.28571428571433,1114.2857142857142,22.33419199204901,13450338.793501627
692.8571428571429,434.28571428571433,1280.0,22.225336434593,13242736.682352798
692.8571428571429,434.28571428571433,1445.7142857142858,22.12862893305174,13075053.498378841
692.8571428571429,434.28571428571433,1611.4285714285716,22.042808653622572,12933195.221313588
692.8571428571429,434.28571428571433,1777.1428571428573,21.966584323189984,12809410.159256341
692.8571428571429,434.28571428571433,1942.857142857143,21.89874050362736,12699150.829881825
692.8571428571429,434.28571428571433,2108.5714285714284,21.838183239227764,12599571.533056516
692.8571428571429,434.28571428571433,2274.285714285714,21.78395240042144,12508774.854045637
692.8571428571429,434.28571428571433,2440.0,21.735217267462676,12425417.992118035
692.8571428571429,434.28571428571433,2605.714285714286,21.691264668277412,12348499.07265898
692.8571428571429,434.28571428571433,2771.4285714285716,21.651484635012824,12277236.72755594
692.8571428571429,434.28571428571433,2937.1428571428573,21.61535607012532,12210999.5999729
692.8571428571429,434.28571428571433,3102.857142857143,21.582433558982412,12149263.410979005
692.8571428571429,434.28571428571433,3268.571428571429,21.552335751196537,12091583.713700442
692.8571428571429,434.28571428571433,3434.2857142857147,21.524735372618064,12037577.857941529
692.8571428571429,434.28571428571433,3600.0,21.499350761618217,11986912.53965772
692.8571428571429,481.42857142857144,120.0,23.249275142471923,32458179.01649039
692.8571428571429,481.42857142857144,285.7142857142857,23.05946022053962,19720232.85172672
692.8571428571429,481.42857142857144,451.42857142857144,22.89054574622788,16609982.718931347
692.8571428571429,481.42857142857144,617.1428571428571,22.731720452806087,15321914.050825587
692.8571428571429,481.42857142857144,782.8571428571429,22.58426537224668,14650917.669877367
692.8571428571429,481.42857142857144,948.5714285714287,22.449812704054604,14243370.576818815
692.8571428571429,481.42857142857144,1114.2857142857142,22.328856950932476,13964432.262103299
692.8571428571429,481.42857142857144,1280.0,22.22092002925215,13755014.232052336
692.8571428571429,481.42857142857144,1445.7142857142858,22.12497442749792,13586740.155529631
692.8571428571429,481.42857142857144,1611.4285714285716,22.039771363715083,13444963.683940552
692.8571428571429,481.42857142857144,1777.1428571428573,21.964037736348587,13321619.964201637
692.8571428571429,481.42857142857144,1942.857142857143,21.89657743887451,13211980.936204243
692.8571428571429,481.42857142857144,2108.5714285714284,21.836314630305445,13113096.214935366
692.8571428571429,481.42857142857144,2274.285714285714,21.78230512709858,13023008.106343051
692.8571428571429,481.42857142857144,2440.0,21.73373176707503,12940339.887330499
692.8571428571429,481.42857142857144,2605.714285714286,21.68989267209241,12864071.52677105
692.8571428571429,481.42857142857144,2771.4285714285716,21.65018716830717,12793412.940621277
692.8571428571429,481.42857142857144,2937.1428571428573,21.614101751295536,12727729.670028022
692.8571428571429,481.42857142857144,3102.857142857143,21.581197184619793,12666497.612623004
692.8571428571429,481.42857142857144,3268.571428571429,21.551097134424737,12609274.344989413
692.8571428571429,481.42857142857144,3434.2857142857147,21.52347839670327,12555680.209715394
692.8571428571429,481.42857142857144,3600.0,21.498062612260192,12505385.330171926
692.8571428571429,528.5714285714286,120.0,23.24001008966354,33338875.965741053
692.8571428571429,528.5714285714286,285.7142857142857,23.049862361537606,20350415.573843326
692.8571428571429,528.5714285714286,451.42857142857144,22.881688489676627,17162744.63769921
692.8571428571429,528.5714285714286,617.1428571428571,22.723943142043822,15842315.33623896
692.8571428571429,528.5714285714286,782.8571428571429,22.577675533977093,15155790.10446108
692.8571428571429,528.5714285714286,948.5714285714287,22.444373421828654,14740440.137440993
692.8571428571429,528.5714285714286,1114.2857142857142,22.324454532724197,14457636.227139924
692.8571428571429,528.5714285714286,1280.0,22.217410953839092,14246470.58244018
692.8571428571429,528.5714285714286,1445.7142857142858,22.122212721452588,14077616.211873792
692.8571428571429,528.5714285714286,1611.4285714285716,22.037622252207104,13935903.681189433
692.8571428571429,528.5714285714286,1777.1428571428573,21.962383079774558,13812971.046025004
692.8571428571429,528.5714285714286,1942.857142857143,21.89531676028655,13703918.440004658
692.8571428571429,528.5714285714286,2108.5714285714284,21.835364022053604,13605695.44558735
692.8571428571429,528.5714285714286,2274.285714285714,21.78159530243999,13516286.40222463
692.8571428571429,528.5714285714286,2440.0,21.733205909386594,13434281.654199738
692.8571428571429,528.5714285714286,2605.714285714286,21.68950439071612,13358643.267756244
692.8571428571429,528.5714285714286,2771.4285714285716,21.64989868696901,13288572.301775414
692.8571428571429,528.5714285714286,2937.1428571428573,21.61388236238805,13223430.856714107
692.8571428571429,528.5714285714286,3102.857142857143,21.581021959012908,13162694.583941055
692.8571428571429,528.5714285714286,3268.571428571429,21.550945858508545,13105922.640298365
692.8571428571429,528.5714285714286,3434.2857142857147,21.52333470328789,13052737.932118025
692.8571428571429,528.5714285714286,3600.0,21.497913272941144,13002813.612666938
692.8571428571429,575.7142857142858,120.0,23.23149644182365,34177377.95381177
692.8571428571429,575.7142857142858,285.7142857142857,23.041117262043304,20955821.862803135
692.8571428571429,575.7142857142858,451.42857142857144,22.873705203620084,17694681.383019138
692.8571428571429,575.7142857142858,617.1428571428571,22.71701827318303,16343451.436333576
692.8571428571429,575.7142857142858,782.8571428571429,22.571897765020594,15642122.081031574
692.8571428571429,575.7142857142858,948.5714285714287,22.439702621097204,15219318.5100921
692.8571428571429,575.7142857142858,1114.2857142857142,22.32078234965173,14932810.153172648
692.8571428571429,575.7142857142858,1280.0,22.214602803262952,14719959.83371319
692.8571428571429,575.7142857142858,1445.7142857142858,22.120132263892902,14550536.837998036
692.8571428571429,575.7142857142858,1611.4285714285716,22.036143604409087,14408874.17798117
692.8571428571429,575.7142857142858,1777.1428571428573,21.961395677871298,14286326.925942939
692.8571428571429,575.7142857142858,1942.857142857143,21.894726272311342,14177831.18077225
692.8571428571429,575.7142857142858,2108.5714285714284,21.835091354670375,14080240.67626738
692.8571428571429,575.7142857142858,2274.285714285714,21.78157483522603,13991483.920396214
692.8571428571429,575.7142857142858,2440.0,21.73338354286902,13910119.291498331
692.8571428571429,575.7142857142858,2605.714285714286,21.68983568708622,13835091.262005014
692.8571428571429,575.7142857142858,2771.4285714285716,21.650347218168864,13765591.98256497
692.8571428571429,575.7142857142858,2937.1428571428573,21.614418296800594,13700979.875721639
692.8571428571429,575.7142857142858,3102.857142857143,21.58162087843361,13640730.024171831
692.8571428571429,575.7142857142858,3268.571428571429,21.551587780598954,13584402.81502634
692.8571428571429,575.7142857142858,3434.2857142857147,21.524003279875956,13531623.372695666
692.8571428571429,575.7142857142858,3600.0,21.498595135219013,13482067.555687621
692.8571428571429,622.8571428571429,120.0,23.223633909724654,34978587.409880094
692.8571428571429,622.8571428571429,285.7142857142857,23.03309756842637,21539466.274827596
692.8571428571429,622.8571428571429,451.42857142857144,22.866455780181738,18208363.721137512
692.8571428571429,622.8571428571429,617.1428571428571,22.710800454896503,16827717.088085327
692.8571428571429,622.8571428571429,782.8571428571429,22.566785028169328,16112228.125353057
692.8571428571429,622.8571428571429,948.5714285714287,22.435652744403736,15682283.423182575
692.8571428571429,622.8571428571429,1114.2857142857142,22.317692060117558,15392216.493998727
692.8571428571429,622.8571428571429,1280.0,22.21234559018856,15177740.023091253
692.8571428571429,622.8571428571429,1445.7142857142858,22.11858042336063,15007760.941185612
692.8571428571429,622.8571428571429,1611.4285714285716,22.035179235828647,14866137.255322056
692.8571428571429,622.8571428571429,1777.1428571428573,21.96091506119427,14743953.571705041
692.8571428571429,622.8571428571429,1942.857142857143,21.894640681040425,14635988.903616918
692.8571428571429,622.8571428571429,2108.5714285714284,21.835326145409134,14539004.924460048
692.8571428571429,622.8571428571429,2274.285714285714,21.78206783573017,14450876.28556822
692.8571428571429,622.8571428571429,2440.0,21.734083268605456,14370130.332859077
692.8571428571429,622.8571428571429,2605.714285714286,21.690699639515397,14295694.286055185
692.8571428571429,622.8571428571429,2771.4285714285716,21.65134036964369,14226751.3993864
692.8571428571429,622.8571428571429,2937.1428571428573,21.615511791321687,14162656.254595153
692.8571428571429,622.8571428571429,3102.857142857143,21.58279094145392,14102883.118575655
692.8571428571429,622.8571428571429,3268.571428571429,21.55281481590573,14046993.329624107
692.8571428571429,622.8571428571429,3434.2857142857147,21.52527112699579,13994613.948689634
692.8571428571429,622.8571428571429,3600.0,21.49989046126085,13945423.271417081
692.8571428571429,670.0,120.0,23.216341598975937,35746490.689121515
692.8571428571429,670.0,285.7142857142857,23.02570228296157,22103788.672056273
692.8571428571429,670.0,451.42857142857144,22.859830524943263,18705869.338540774
692.8571428571429,670.0,617.1428571428571,22.705177171813265,17297046.256929055
692.8571428571429,670.0,782.8571428571429,22.5622247927749,16567976.569075204
692.8571428571429,670.0,948.5714285714287,22.432112053558534,16131172.975654313
692.8571428571429,670.0,1114.2857142857142,22.315072424022595,15837680.71743879
692.8571428571429,670.0,1280.0,22.210527805006215,15621632.92198467
692.8571428571429,670.0,1445.7142857142858,22.117444546079746,15451110.996709958
692.8571428571429,670.0,1611.4285714285716,22.0346145473581,15309518.05526132
692.8571428571429,670.0,1777.1428571428573,21.96082402825862,15187679.44616243
692.8571428571429,670.0,1942.857142857143,21.894939682902912,15080223.361460948
692.8571428571429,670.0,2108.5714285714284,21.835944633168346,14983822.86599014
692.8571428571429,670.0,2274.285714285714,21.78294685147747,14896300.586386096
692.8571428571429,670.0,2440.0,21.735173806449936,14816153.732296579
692.8571428571429,670.0,2605.714285714286,21.691961079558464,14742292.629812382
692.8571428571429,670.0,2771.4285714285716,21.652739081219238,14673891.693337282
692.8571428571429,670.0,2937.1428571428573,21.61701993286273,14610301.5564879
692.8571428571429,670.0,3102.857142857143,21.58438545133897,14550995.48079991
692.8571428571429,670.0,3268.571428571429,21.55447657463688,14495535.53167793
692.8571428571429,670.0,3434.2857142857147,21.52698426672836,14443550.475330807
692.8571428571429,670.0,3600.0,21.50164179901378,14394720.821131414
692.8571428571429,717.1428571428572,120.0,23.209553230315883,36484381.38210724
692.8571428571429,717.1428571428572,285.7142857142857,23.018849959022823,22650795.95826786
692.8571428571429,717.1428571428572,451.42857142857144,22.853742027271295,19188905.058887355
692.8571428571429,717.1428571428572,617.1428571428571,22.700059735444793,17753026.67146434
692.8571428571429,717.1428571428572,782.8571428571429,22.558129289310592,17010900.654179838
692.8571428571429,717.1428571428572,948.5714285714287,22.428994284429642,16567495.220725995
692.8571428571429,717.1428571428572,1114.2857142857142,22.312838383100285,16270700.289147891
692.8571428571429,717.1428571428572,1280.0,22.209064916221788,16053132.858776418
692.8571428571429,717.1428571428572,1445.7142857142858,22.11663986357966,15882081.900659213
692.8571428571429,717.1428571428572,1611.4285714285716,22.034363831054584,15740513.726841144
692.8571428571429,717.1428571428572,1777.1428571428573,21.961035347995544,15619004.545488436
692.8571428571429,717.1428571428572,1942.857142857143,21.895534070155872,15512037.415297149
692.8571428571429,717.1428571428572,2108.5714285714284,21.83685529996145,15416199.956139483
692.8571428571429,717.1428571428572,2274.285714285714,21.78411782256528,15329264.474801317
692.8571428571429,717.1428571428572,2440.0,21.736558405413877,15249698.902407577
692.8571428571429,717.1428571428572,2605.714285714286,21.693520480701242,15176397.039268237
692.8571428571429,717.1428571428572,2771.4285714285716,21.654441016032365,15108524.548772847
692.8571428571429,717.1428571428572,2937.1428571428573,21.618837576679645,15045428.05131491
692.8571428571429,717.1428571428572,3102.857142857143,21.58629648542971,14986579.658305187
692.8571428571429,717.1428571428572,3268.571428571429,21.55646240603307,14931541.981567668
692.8571428571429,717.1428571428572,3434.2857142857147,21.529029383975807,14879945.301327212
692.8571428571429,717.1428571428572,3600.0,21.503733242239665,14831472.153154396
692.8571428571429,764.2857142857143,120.0,23.203213764129252,37195018.250629224
692.8571428571429,764.2857142857143,285.7142857142857,23.01247396410363,23182161.957327686
692.8571428571429,764.2857142857143,451.42857142857144,22.848119566832878,19658892.811325055
692.8571428571429,764.2857142857143,617.1428571428571,22.695377121248892,18196980.300864916
692.8571428571429,764.2857142857143,782.8571428571429,22.554428931888275,17442276.547974233
692.8571428571429,764.2857142857143,948.5714285714287,22.42623171920635,16992505.08291801
692.8571428571429,764.2857142857143,1114.2857142857142,22.310923796253462,16692521.153672641
692.8571428571429,764.2857142857143,1280.0,22.207891760095173,16473483.08301684
692.8571428571429,764.2857142857143,1445.7142857142858,22.11610152253392,16301917.359271744
692.8571428571429,764.2857142857143,1611.4285714285716,22.034361928750933,16160369.890415663
692.8571428571429,764.2857142857143,1777.1428571428573,21.96148304124344,16039176.941680135
692.8571428571429,764.2857142857143,1942.857142857143,21.896356635175117,15932681.636116054
692.8571428571429,764.2857142857143,2108.5714285714284,21.837989402916346,15837389.063566525
692.8571428571429,764.2857142857143,2274.285714285714,21.785510250124513,15751022.802822458
692.8571428571429,764.2857142857143,2440.0,21.738164660071153,15672022.32650442
692.8571428571429,764.2857142857143,2605.714285714286,21.69530343597305,15599265.279791974
692.8571428571429,764.2857142857143,2771.4285714285716,21.656369713647656,15531908.68723643
692.8571428571429,764.2857142857143,2937.1428571428573,21.620886189759013,15469295.123457218
692.8571428571429,764.2857142857143,3102.857142857143,21.588443443622683,15410895.440329496
692.8571428571429,764.2857142857143,3268.571428571429,21.558689666536015,15356272.650126474
692.8571428571429,764.2857142857143,3434.2857142857147,21.53132182848929,15305058.388183579
692.8571428571429,764.2857142857143,3600.0,21.50607818002402,15256937.057931717
692.8571428571429,811.4285714285714,120.0,23.19727695731065,37880739.74378979
692.8571428571429,811.4285714285714,285.7142857142857,23.006519097993138,23699299.587575294
692.8571428571429,811.4285714285714,451.42857142857144,22.8429051640664,20117031.652239118
692.8571428571429,811.4285714285714,617.1428571428571,22.6910716587275,18630021.359706372
692.8571428571429,811.4285714285714,782.8571428571429,22.55106775792599,17863179.540085856
692.8571428571429,811.4285714285714,948.5714285714287,22.4237704194423,17407259.744987193
692.8571428571429,811.4285714285714,1114.2857142857142,22.30927647266421,17104192.797909785
692.8571428571429,811.4285714285714,1280.0,22.20695736438347,16883730.74216536
692.8571428571429,811.4285714285714,1445.7142857142858,22.115779185787687,16711664.8862484
692.8571428571429,811.4285714285714,1611.4285714285716,22.034558598976353,16570135.695015207
692.8571428571429,811.4285714285714,1777.1428571428573,21.9621165062786,16449247.9047628
692.8571428571429,811.4285714285714,1942.857142857143,21.89735605168007,16343209.480083266
692.8571428571429,811.4285714285714,2108.5714285714284,21.839294612090047,16248445.679704245
692.8571428571429,811.4285714285714,2274.285714285714,21.787070594620452,16162632.845667185
692.8571428571429,811.4285714285714,2440.0,21.739937675439236,16084182.77594633
692.8571428571429,811.4285714285714,2605.714285714286,21.697253597008288,16011957.330146592
692.8571428571429,811.4285714285714,2771.4285714285716,21.658467311850664,15945105.023167435
692.8571428571429,811.4285714285714,2937.1428571428573,21.62310636442126,15882964.376688302
692.8571428571429,811.4285714285714,3102.857142857143,21.59076536307443,15825004.901902221
692.8571428571429,811.4285714285714,3268.571428571429,21.56109584487261,15770789.89369349
692.8571428571429,811.4285714285714,3434.2857142857147,21.533797559441446,15719952.210044464
692.8571428571429,811.4285714285714,3600.0,21.508611069669396,15672177.987944487
692.8571428571429,858.5714285714287,120.0,23.191703556983935,38543548.83718797
692.8571428571429,858.5714285714287,285.7142857142857,23.00093912507127,24203414.162714574
692.8571428571429,858.5714285714287,451.42857142857144,22.8380507281005,20564343.50128897
692.8571428571429,858.5714285714287,617.1428571428571,22.687095947402742,19053099.04552554
692.8571428571429,858.5714285714287,782.8571428571429,22.548000191716454,18274525.426519755
692.8571428571429,858.5714285714287,948.5714285714287,22.421566867671885,17812659.422929328
692.8571428571429,858.5714285714287,1114.2857142857142,22.30785469443649,17506608.78166097
692.8571428571429,858.5714285714287,1280.0,22.2062213430384,17284767.346528184
692.8571428571429,858.5714285714287,1445.7142857142858,22.11563328722768,17112216.284357015
692.8571428571429,858.5714285714287,1611.4285714285716,22.03491462158317,16970704.34806503
692.8571428571429,858.5714285714287,1777.1428571428573,21.96289646588075,16850112.48581755
692.8571428571429,858.5714285714287,1942.857142857143,21.89849266024573,16744517.917258624
692.8571428571429,858.5714285714287,2108.5714285714284,21.840730633373777,16650268.580065984
692.8571428571429,858.5714285714287,2274.285714285714,21.788757737450982,16564994.98097439
692.8571428571429,858.5714285714287,2440.0,21.741835370333963,16487081.993004564
692.8571428571429,858.5714285714287,2605.714285714286,21.699327823470025,16415376.056121374
692.8571428571429,858.5714285714287,2771.4285714285716,21.66068954728494,16349017.317141565
692.8571428571429,858.5714285714287,2937.1428571428573,21.625452675824828,16287340.257639427
692.8571428571429,858.5714285714287,3102.857142857143,21.593215638493156,16229812.989825575
692.8571428571429,858.5714285714287,3268.571428571429,21.563633151143858,16175998.996404514
692.8571428571429,858.5714285714287,3434.2857142857147,21.536407609285053,16125532.247396095
692.8571428571429,858.5714285714287,3600.0,21.51128178117111,16078100.499043169
692.8571428571429,905.7142857142858,120.0,23.186459940069533,39185177.07794373
692.8571428571429,905.7142857142858,285.7142857142857,22.995694938873537,24695543.509076927
692.8571428571429,905.7142857142858,451.42857142857144,22.833515956275473,21001707.51924487
692.8571428571429,905.7142857142858,617.1428571428571,22.683410605155586,19467029.63848909
692.8571428571429,905.7142857142858,782.8571428571429,22.54518870010322,18677101.578378387
692.8571428571429,905.7142857142858,948.5714285714287,22.419585551974315,18209477.969064612
692.8571428571429,905.7142857142858,1114.2857142857142,22.306624730949355,17900537.152966093
692.8571428571429,905.7142857142858,1280.0,22.205651332266655,17677359.13407467
692.8571428571429,905.7142857142858,1445.7142857142858,22.115632379279276,17504338.023706947
692.8571428571429,905.7142857142858,1611.4285714285716,22.035399047529772,17362843.532338902
692.8571428571429,905.7142857142858,1777.1428571428573,21.963792112621434,17242539.977662276
692.8571428571429,905.7142857142858,1942.857142857143,21.899735504879807,17137377.93106943
692.8571428571429,905.7142857142858,2108.5714285714284,21.842266134431252,17043630.353174347
692.8571428571429,905.7142857142858,2274.285714285714,21.790539796175405,16958883.236456558
692.8571428571429,905.7142857142858,2440.0,21.743825183234666,16881495.246668935
692.8571428571429,905.7142857142858,2605.714285714286,21.70149278192532,16810297.764834814
692.8571428571429,905.7142857142858,2771.4285714285716,21.663002250421695,16744422.720227148
692.8571428571429,905.7142857142858,2937.1428571428573,21.627890076575785,16683200.583044173
692.8571428571429,905.7142857142858,3102.857142857143,21.595758320206468,16626098.026861278
692.8571428571429,905.7142857142858,3268.571428571429,21.56626472230122,16572678.646478778
692.8571428571429,905.7142857142858,3434.2857142857147,21.53911420061907,16522577.431580687
692.8571428571429,905.7142857142858,3600.0,21.5140516294125,16475483.660150744
692.8571428571429,952.8571428571429,120.0,23.18151707177324,39807133.739055276
692.8571428571429,952.8571428571429,285.7142857142857,22.990753173696607,25176588.66957067
692.8571428571429,952.8571428571429,451.42857142857144,22.829266760096996,21429886.38749716
692.8571428571429,952.8571428571429,617.1428571428571,22.679982594794403,19872521.022741027
692.8571428571429,952.8571428571429,782.8571428571429,22.54260206337864,19071590.665867686
692.8571428571429,952.8571428571429,948.5714285714287,22.41779719668753,18598386.234732267
692.8571428571429,952.8571428571429,1114.2857142857142,22.305559029143303,18286643.664485194
692.8571428571429,952.8571428571429,1280.0,22.205221133303187,18062170.24732471
692.8571428571429,952.8571428571429,1445.7142857142858,22.11575121941804,17888694.429503966
692.8571428571429,952.8571428571429,1611.4285714285716,22.035987221250682,17747218.62495956
692.8571428571429,952.8571428571429,1777.1428571428573,21.964779061050734,17627197.169759173
692.8571428571429,952.8571428571429,1942.857142857143,21.901060210983783,17522457.805915214
692.8571428571429,952.8571428571429,2108.5714285714284,21.843876546191797,17429200.714098677
692.8571428571429,952.8571428571429,2274.285714285714,21.7923918487736,17344968.62139124
692.8571428571429,952.8571428571429,2440.0,21.745881719684938,17268094.674127705
692.8571428571429,952.8571428571429,2605.714285714286,21.703722517607613,17197395.548852377
692.8571428571429,952.8571428571429,2771.4285714285716,21.665378843502825,17131995.114259206
692.8571428571429,952.8571428571429,2937.1428571428573,21.63039132307593,17071219.870622214
692.8571428571429,952.8571428571429,3102.857142857143,21.59836547139563,17014535.02858066
692.8571428571429,952.8571428571429,3268.571428571429,21.568961912893354,16961504.23521745
692.8571428571429,952.8571428571429,3434.2857142857147,21.54188797313726,16911763.42285485
692.8571428571429,952.8571428571429,3600.0,21.51689054000849,16865003.30792408
692.8571428571429,1000.0,120.0,23.176849696583393,40410744.10365715
692.8571428571429,1000.0,285.7142857142857,22.986085138484153,25647337.754867744
692.8571428571429,1000.0,451.42857142857144,22.825274067310083,21849546.69983298
692.8571428571429,1000.0,617.1428571428571,22.676783960521387,20270191.702304695
692.8571428571429,1000.0,782.8571428571429,22.540214079244382,19458589.0490683
692.8571428571429,1000.0,948.5714285714287,22.4161774451448,18979970.176948093
692.8571428571429,1000.0,1114.2857142857142,22.304634874182497,18665509.76464251
692.8571428571429,1000.0,1280.0,22.204909344874906,18439780.69318727
692.8571428571429,1000.0,1445.7142857142858,22.11596936703356,18265865.650681384
692.8571428571429,1000.0,1611.4285714285716,22.036659335203325,18124410.691411234
692.8571428571429,1000.0,1777.1428571428573,21.965837854652225,18004666.37180034
692.8571428571429,1000.0,1942.857142857143,21.90244744101763,17900341.178243633
692.8571428571429,1000.0,2108.5714285714284,21.84554246495522,17807564.578046508
692.8571428571429,1000.0,2274.285714285714,21.794294281103497,17723837.216707133
692.8571428571429,1000.0,2440.0,21.747985044940027,17647467.381258294
692.8571428571429,1000.0,2605.714285714286,21.70599669278563,17577257.39140962
692.8571428571429,1000.0,2771.4285714285716,21.66779852566567,17512323.21675377
692.8571428571429,1000.0,2937.1428571428573,21.632935108787798,17451987.439338274
692.8571428571429,1000.0,3102.857142857143,21.60101525111754,17395713.795301132
692.8571428571429,1000.0,3268.571428571429,21.571702329604584,17343065.937576592
692.8571428571429,1000.0,3434.2857142857147,21.54470597151914,17293680.677115384
692.8571428571429,1000.0,3600.0,21.519774992412618,17247250.09763382
728.5714285714286,10.0,120.0,23.450770300201885,18289334.692650624
728.5714285714286,10.0,285.7142857142857,23.31400491752661,9833362.419316549
728.5714285714286,10.0,451.42857142857144,23.17317444341721,7886912.184125578
728.5714285714286,10.0,617.1428571428571,23.03116147636768,7054882.110048339
728.5714285714286,10.0,782.8571428571429,22.895566539741118,6580328.467661641
728.5714285714286,10.0,948.5714285714287,22.772035958513122,6252690.247322347
728.5714285714286,10.0,1114.2857142857142,22.663055970502494,5997381.807988903
728.5714285714286,10.0,1280.0,22.568762581037554,5784380.247450957
728.5714285714286,10.0,1445.7142857142858,22.48801345306588,5600189.481325539
728.5714285714286,10.0,1611.4285714285716,22.41915360619014,5437909.746434128
728.5714285714286,10.0,1777.1428571428573,22.360448683535843,5293455.740807606
728.5714285714286,10.0,1942.857142857143,22.31029146100626,5164049.409502492
728.5714285714286,10.0,2108.5714285714284,22.26727937937862,5047594.543535161
728.5714285714286,10.0,2274.285714285714,22.2302269652949,4942403.653745889
728.5714285714286,10.0,2440.0,22.19814926199303,4847069.0780321695
728.5714285714286,10.0,2605.714285714286,22.170234949442413,4760394.837633994
728.5714285714286,10.0,2771.4285714285716,22.14581806084233,4681355.226058926
728.5714285714286,10.0,2937.1428571428573,22.124352094434602,4609066.07654051
728.5714285714286,10.0,3102.857142857143,22.105387798786868,4542762.788615797
728.5714285714286,10.0,3268.571428571429,22.088554747072607,4481782.526780757
728.5714285714286,10.0,3434.2857142857147,22.07354633646884,4425549.373829152
728.5714285714286,10.0,3600.0,22.060107697895916,4373561.7886867635
728.5714285714286,57.142857142857146,120.0,23.38264223352061,22223239.071903273
728.5714285714286,57.142857142857146,285.7142857142857,23.216475044597512,12459715.729848048
728.5714285714286,57.142857142857146,451.42857142857144,23.051417279313434,10191233.010598078
728.5714285714286,57.142857142857146,617.1428571428571,22.8877564924588,9238315.514773328
728.5714285714286,57.142857142857146,782.8571428571429,22.73198367504399,8713280.089783644
728.5714285714286,57.142857142857146,948.5714285714287,22.589101002845382,8364968.337896302
728.5714285714286,57.142857142857146,1114.2857142857142,22.461367800454113,8102171.411105252
728.5714285714286,57.142857142857146,1280.0,22.34894939737797,7887200.4179665735
728.5714285714286,57.142857142857146,1445.7142857142858,22.25082900644873,7702906.886568995
728.5714285714286,57.142857142857146,1611.4285714285716,22.165476977259445,7540693.4660656
728.5714285714286,57.142857142857146,1777.1428571428573,22.091244332795068,7395754.194427362
728.5714285714286,57.142857142857146,1942.857142857143,22.02656233644259,7265073.885311508
728.5714285714286,57.142857142857146,2108.5714285714284,21.9700272241286,7146548.762589911
728.5714285714286,57.142857142857146,2274.285714285714,21.920423649270248,7038583.018094112
728.5714285714286,57.142857142857146,2440.0,21.876718415736114,6939894.430806651
728.5714285714286,57.142857142857146,2605.714285714286,21.838041706072485,6849414.7191939335
728.5714285714286,57.142857142857146,2771.4285714285716,21.803664606568127,6766234.250729643
728.5714285714286,57.142857142857146,2937.1428571428573,21.772977110075562,6689568.366245892
728.5714285714286,57.142857142857146,3102.857142857143,21.74546835102655,6618734.809649492
728.5714285714286,57.142857142857146,3268.571428571429,21.720709610243983,6553137.279815515
728.5714285714286,57.142857142857146,3434.2857142857147,21.69834005450899,6492252.663279275
728.5714285714286,57.142857142857146,3600.0,21.678054935678276,6435620.696111141
728.5714285714286,104.28571428571429,120.0,23.34640952515003,24565942.635050997
728.5714285714286,104.28571428571429,285.7142857142857,23.16979228027257,14028810.131492203
728.5714285714286,104.28571428571429,451.42857142857144,22.998471345251982,11557045.51320052
728.5714285714286,104.28571428571429,617.1428571428571,22.830641524184745,10523368.688132338
728.5714285714286,104.28571428571429,782.8571428571429,22.671720074861902,9961929.812207181
728.5714285714286,104.28571428571429,948.5714285714287,22.52598888171495,9597056.221726123
728.5714285714286,104.28571428571429,1114.2857142857142,22.39533168503719,9327314.108267346
728.5714285714286,104.28571428571429,1280.0,22.27978375346209,9110111.717980694
728.5714285714286,104.28571428571429,1445.7142857142858,22.178332590776208,8925799.782084033
728.5714285714286,104.28571428571429,1611.4285714285716,22.08950917757458,8764481.412572768
728.5714285714286,104.28571428571429,1777.1428571428573,22.011738178925466,8620682.559927061
728.5714285714286,104.28571428571429,1942.857142857143,21.94351761500958,8491058.6710612
728.5714285714286,104.28571428571429,2108.5714285714284,21.883496697546786,8373358.649511168
728.5714285714286,104.28571428571429,2274.285714285714,21.830498622903555,8265935.89430376
728.5714285714286,104.28571428571429,2440.0,21.783516177431785,8167506.905783363
728.5714285714286,104.28571428571429,2605.714285714286,21.741695533330244,8077025.846615695
728.5714285714286,104.28571428571429,2771.4285714285716,21.70431623797969,7993615.266049999
728.5714285714286,104.28571428571429,2937.1428571428573,21.67077129216235,7916525.028196542
728.5714285714286,104.28571428571429,3102.857142857143,21.640549020272392,7845106.0147416135
728.5714285714286,104.28571428571429,3268.571428571429,21.61321731308505,7778791.974624522
728.5714285714286,104.28571428571429,3434.2857142857147,21.588410279684826,7717086.151209528
728.5714285714286,104.28571428571429,3600.0,21.565817105420763,7659550.912287431
728.5714285714286,151.42857142857144,120.0,23.320250575502406,26399109.264977593
728.5714285714286,151.42857142857144,285.7142857142857,23.137990965328196,15267630.308378587
728.5714285714286,151.42857142857144,451.42857142857144,22.964285430885962,12634393.676015459
728.5714285714286,151.42857142857144,617.1428571428571,22.795605954465305,11535516.823025316
728.5714285714286,151.42857142857144,782.8571428571429,22.636527797232777,10944072.411067516
728.5714285714286,151.42857142857144,948.5714285714287,22.490772822390852,10565133.80120469
728.5714285714286,151.42857142857144,1114.2857142857142,22.35992632979854,10289222.786614228
728.5714285714286,151.42857142857144,1280.0,22.243911594919386,10069867.638599899
728.5714285714286,151.42857142857144,1445.7142857142858,22.141709613537312,9885411.408463275
728.5714285714286,151.42857142857144,1611.4285714285716,22.051893001642938,9724886.669623392
728.5714285714286,151.42857142857144,1777.1428571428573,21.972943206944326,9582245.760934882
728.5714285714286,151.42857142857144,1942.857142857143,21.90341391447392,9453841.88971556
728.5714285714286,151.42857142857144,2108.5714285714284,21.842002244376488,9337271.780904472
728.5714285714286,151.42857142857144,2274.285714285714,21.787569822485324,9230819.648594586
728.5714285714286,151.42857142857144,2440.0,21.739138888356372,9133178.154660067
728.5714285714286,151.42857142857144,2605.714285714286,21.69587742091379,9043301.689548517
728.5714285714286,151.42857142857144,2771.4285714285716,21.65708061787279,8960325.068675688
728.5714285714286,151.42857142857144,2937.1428571428573,21.622152340749725,8883515.715757445
728.5714285714286,151.42857142857144,3102.857142857143,21.59058813320841,8812243.653111111
728.5714285714286,151.42857142857144,3268.571428571429,21.56196038368788,8745961.381014083
728.5714285714286,151.42857142857144,3434.2857142857147,21.53590569375051,8684189.530741079
728.5714285714286,151.42857142857144,3600.0,21.51211428401426,8626506.083311697
728.5714285714286,198.57142857142858,120.0,23.29953194332213,27951922.22253308
728.5714285714286,198.57142857142858,285.7142857142857,23.11380701944672,16327680.301263738
728.5714285714286,198.57142857142858,451.42857142857144,22.939270254936,13556954.275168488
728.5714285714286,198.57142857142858,617.1428571428571,22.77092951554307,12402063.70983726
728.5714285714286,198.57142857142858,782.8571428571429,22.612686655703925,11784562.02325865
728.5714285714286,198.57142857142858,948.5714285714287,22.467821033977728,11393207.153679116
728.5714285714286,198.57142857142858,1114.2857142857142,22.337681362304345,11111704.826465469
728.5714285714286,198.57142857142858,1280.0,22.222100282208473,10890291.999013083
728.5714285714286,198.57142857142858,1445.7142857142858,22.120051660971942,10705599.11934838
728.5714285714286,198.57142857142858,1611.4285714285716,22.03014029972149,10545734.807760682
728.5714285714286,198.57142857142858,1777.1428571428573,21.950893370618648,10404146.589700341
728.5714285714286,198.57142857142858,1942.857142857143,21.88091075061839,10276913.457332099
728.5714285714286,198.57142857142858,2108.5714285714284,21.818930565291293,10161487.116603442
728.5714285714286,198.57142857142858,2274.285714285714,21.763848493551155,10056079.64115282
728.5714285714286,198.57142857142858,2440.0,21.714713949128857,9959352.526287066
728.5714285714286,198.57142857142858,2605.714285714286,21.670716028233187,9870251.682110697
728.5714285714286,198.57142857142858,2771.4285714285716,21.631166020030957,9787915.590978837
728.5714285714286,198.57142857142858,2937.1428571428573,21.59547984773487,9711621.42255605
728.5714285714286,198.57142857142858,3102.857142857143,21.56316195389376,9640751.55915199
728.5714285714286,198.57142857142858,3268.571428571429,21.533791178250112,9574771.533992833
728.5714285714286,198.57142857142858,3434.2857142857147,21.507008698300588,9513214.636125391
728.5714285714286,198.57142857142858,3600.0,21.48250788453037,9455670.602179388
728.5714285714286,245.71428571428572,120.0,23.28231841356907,29320361.713198382
728.5714285714286,245.71428571428572,285.7142857142857,23.094322470932863,17271680.324457206
728.5714285714286,245.71428571428572,451.42857142857144,22.91971378419179,14379636.817266328
728.5714285714286,245.71428571428572,617.1428571428571,22.752223360828282,13175009.502247233
728.5714285714286,245.71428571428572,782.8571428571429,22.595200947756183,12534208.207912626
728.5714285714286,245.71428571428572,948.5714285714287,22.451567009199362,12131628.81734474
728.5714285714286,245.71428571428572,1114.2857142857142,22.32247858482901,11844978.202158589
728.5714285714286,245.71428571428572,1280.0,22.207694527014823,11621596.8091181
728.5714285714286,245.71428571428572,1445.7142857142858,22.106182703667688,11436603.96214056
728.5714285714286,245.71428571428572,1611.4285714285716,22.016574343470285,11277287.65043956
728.5714285714286,245.71428571428572,1777.1428571428573,21.937434704465865,11136641.861359462
728.5714285714286,245.71428571428572,1942.857142857143,21.867402708458776,11010494.764110507
728.5714285714286,245.71428571428572,2108.5714285714284,21.805251713137082,10896161.662782032
728.5714285714286,245.71428571428572,2274.285714285714,21.74990719843373,10791783.524917541
728.5714285714286,245.71428571428572,2440.0,21.70044285823055,10695988.068999896
728.5714285714286,245.71428571428572,2605.714285714286,21.656067109612405,10607708.598271959
728.5714285714286,245.71428571428572,2771.4285714285716,21.616106373228266,10526082.739136131
728.5714285714286,245.71428571428572,2937.1428571428573,21.579988285426474,10450393.048461884
728.5714285714286,245.71428571428572,3102.857142857143,21.54722627053914,10380030.327769954
728.5714285714286,245.71428571428572,3268.571428571429,21.51740599623835,10314469.709628262
728.5714285714286,245.71428571428572,3434.2857142857147,21.49017378391526,10253254.218620075
728.5714285714286,245.71428571428572,3600.0,21.46522683872979,10195982.899465188
728.5714285714286,292.8571428571429,120.0,23.267586090293864,30555461.26033152
728.5714285714286,292.8571428571429,285.7142857142857,23.07804454558338,18132667.576996993
728.5714285714286,292.8571428571429,451.42857142857144,22.903773653881714,15131202.01424194
728.5714285714286,292.8571428571429,617.1428571428571,22.737367283199024,13881486.985485975
728.5714285714286,292.8571428571429,782.8571428571429,22.581712828058645,13219456.004464496
728.5714285714286,292.8571428571429,948.5714285714287,22.439433020772135,12806566.731556255
728.5714285714286,292.8571428571429,1114.2857142857142,22.31152629735221,12515121.729475554
728.5714285714286,292.8571428571429,1280.0,22.197690536983327,12289852.997849023
728.5714285714286,292.8571428571429,1445.7142857142858,22.096888928900267,12104517.171919344
728.5714285714286,292.8571428571429,1611.4285714285716,22.00777520787645,11945659.154747335
728.5714285714286,292.8571428571429,1777.1428571428573,21.928947154880543,11805859.13104688
728.5714285714286,292.8571428571429,1942.857142857143,21.859077298174714,11680713.673121305
728.5714285714286,292.8571428571429,2108.5714285714284,21.7969696243363,11567409.81648379
728.5714285714286,292.8571428571429,2274.285714285714,21.7415758206328,11464019.675754644
728.5714285714286,292.8571428571429,2440.0,21.69199121163173,11369136.461566286
728.5714285714286,292.8571428571429,2605.714285714286,21.647441678358053,11281678.754055647
728.5714285714286,292.8571428571429,2771.4285714285716,21.607267542861,11200780.690510886
728.5714285714286,292.8571428571429,2937.1428571428573,21.57090740187688,11125727.521499738
728.5714285714286,292.8571428571429,3102.857142857143,21.537883262309112,11055915.93976522
728.5714285714286,292.8571428571429,3268.571428571429,21.507787476347808,10990828.412980467
728.5714285714286,292.8571428571429,3434.2857142857147,21.48027154675102,10930015.730075084
728.5714285714286,292.8571428571429,3600.0,21.455036675418874,10873084.559343448
728.5714285714286,340.0,120.0,23.254717800577858,31688179.102578167
728.5714285714286,340.0,285.7142857142857,23.06409985364496,18930523.72719679
728.5714285714286,340.0,451.42857142857144,22.890399469680958,15828883.35294211
728.5714285714286,340.0,617.1428571428571,22.72518013039855,14537708.383345151
728.5714285714286,340.0,782.8571428571429,22.570935188935742,13856077.812265737
728.5714285714286,340.0,948.5714285714287,22.430035755889794,13433610.905986117
728.5714285714286,340.0,1114.2857142857142,22.303346638587545,13137663.774171654
728.5714285714286,340.0,1280.0,22.190514574791777,12910581.91641172
728.5714285714286,340.0,1445.7142857142858,22.090499248386983,12724874.291315466
728.5714285714286,340.0,1611.4285714285716,22.00197403401934,12566403.529621858
728.5714285714286,340.0,1777.1428571428573,21.923565013415324,12427367.839297123
728.5714285714286,340.0,1942.857142857143,21.85397408683697,12303148.174376948
728.5714285714286,340.0,2108.5714285714284,21.792032188105058,12190810.592848198
728.5714285714286,340.0,2274.285714285714,21.73671424513663,12088360.94377067
728.5714285714286,340.0,2440.0,21.6871349374411,11994358.047821553
728.5714285714286,340.0,2605.714285714286,21.642535929036477,11907704.661732707
728.5714285714286,340.0,2771.4285714285716,21.60227024424739,11827529.808800062
728.5714285714286,340.0,2937.1428571428573,21.565786617237634,11753119.65991972
728.5714285714286,340.0,3102.857142857143,21.532615100965824,11683875.072770638
728.5714285714286,340.0,3268.571428571429,21.502354409694096,11619284.264652729
728.5714285714286,340.0,3434.2857142857147,21.474661062548634,11558904.381323276
728.5714285714286,340.0,3600.0,21.44924020718203,11502348.491714707
728.5714285714286,387.14285714285717,120.0,23.24330890161517,32738962.96740363
728.5714285714286,387.14285714285717,285.7142857142857,23.051930877547438,19678288.955740474
728.5714285714286,387.14285714285717,451.42857142857144,22.87893574174634,16483945.271590382
728.5714285714286,387.14285714285717,617.1428571428571,22.71493967009949,15154247.628952129
728.5714285714286,387.14285714285717,782.8571428571429,22.562095233491224,14454346.357746407
728.5714285714286,387.14285714285717,948.5714285714287,22.422557607654625,14022906.70631219
728.5714285714286,387.14285714285717,1114.2857142857142,22.297077299422458,13722705.203080863
728.5714285714286,387.14285714285717,1280.0,22.18525757289785,13493878.560316646
728.5714285714286,387.14285714285717,1445.7142857142858,22.086055577875168,13307780.461997123
728.5714285714286,387.14285714285717,1611.4285714285716,21.998162129709637,13149640.538107226
728.5714285714286,387.14285714285717,1777.1428571428573,21.920228301847946,13011301.196327819
728.5714285714286,387.14285714285717,1942.857142857143,21.850981993727757,12887941.258047368
728.5714285714286,387.14285714285717,2108.5714285714284,21.78927810252647,12776512.265510883
728.5714285714286,387.14285714285717,2274.285714285714,21.734112343538047,12674956.40339662
728.5714285714286,387.14285714285717,2440.0,21.684616823316603,12581798.628534421
728.5714285714286,387.14285714285717,2605.714285714286,21.640047521578452,12495925.335438503
728.5714285714286,387.14285714285717,2771.4285714285716,21.59976907707803,12416459.397887096
728.5714285714286,387.14285714285717,2937.1428571428573,21.563239574912274,12342686.689575072
728.5714285714286,387.14285714285717,3102.857142857143,21.529996561333917,12274011.00268609
728.5714285714286,387.14285714285717,3268.571428571429,21.499644738217853,12209925.146598842
728.5714285714286,387.14285714285717,3434.2857142857147,21.471845400882557,12149991.577837909
728.5714285714286,387.14285714285717,3600.0,21.446307502572655,12093828.843824504
728.5714285714286,434.28571428571433,120.0,23.233077928114106,33722151.8636965
728.5714285714286,434.28571428571433,285.7142857142857,23.041159106039647,20385050.713369455
728.5714285714286,434.28571428571433,451.42857142857144,22.86894632110327,17104215.6876414
728.5714285714286,434.28571428571433,617.1428571428571,22.706174030165172,15738440.171778273
728.5714285714286,434.28571428571433,782.8571428571429,22.554696391224823,15021380.309096774
728.5714285714286,434.28571428571433,948.5714285714287,22.416480881926358,14581479.821538454
728.5714285714286,434.28571428571433,1114.2857142857142,22.292178989074053,14277238.406190895
728.5714285714286,434.28571428571433,1280.0,22.181356586079186,14046730.436386367
728.5714285714286,434.28571428571433,1445.7142857142858,22.08296907425393,13860230.622347973
728.5714285714286,434.28571428571433,1611.4285714285716,21.99572296158151,13702376.530354217
728.5714285714286,434.28571428571433,1777.1428571428573,21.91829165302877,13564676.764770202
728.5714285714286,434.28571428571433,1942.857142857143,21.84942630638205,13442119.567082658
728.5714285714286,434.28571428571433,2108.5714285714284,21.788003327893406,13331547.695170252
728.5714285714286,434.28571428571433,2274.285714285714,21.733037173974623,13230842.1645702
728.5714285714286,434.28571428571433,2440.0,21.683675743551248,13138494.793457095
728.5714285714286,434.28571428571433,2605.714285714286,21.639188063233046,13053375.404986009
728.5714285714286,434.28571428571433,2771.4285714285716,21.59894942262599,12974600.055228041
728.5714285714286,434.28571428571433,2937.1428571428573,21.56242653965977,12901453.460862556
728.5714285714286,434.28571428571433,3102.857142857143,21.529163928718432,12833341.444238832
728.5714285714286,434.28571428571433,3268.571428571429,21.49877190344635,12769760.535470687
728.5714285714286,434.28571428571433,3434.2857142857147,21.47091627379359,12710277.701052526
728.5714285714286,434.28571428571433,3600.0,21.4453096237371,12654516.251566
728.5714285714286,481.42857142857144,120.0,23.223820279363505,34648259.62931232
728.5714285714286,481.42857142857144,285.7142857142857,23.031515427660807,21057434.432771806
728.5714285714286,481.42857142857144,451.42857142857144,22.860126692570066,17695388.35950693
728.5714285714286,481.42857142857144,617.1428571428571,22.69855916243125,16295614.140484018
728.5714285714286,481.42857142857144,782.8571428571429,22.548402862475456,15562345.754045367
728.5714285714286,481.42857142857144,948.5714285714287,22.411460333409593,15114426.065050106
728.5714285714286,481.42857142857144,1114.2857142857142,22.288296345351725,14806333.528500441
728.5714285714286,481.42857142857144,1280.0,22.178444283370577,14574203.598187067
728.5714285714286,481.42857142857144,1445.7142857142858,22.08085843121331,14387296.388528477
728.5714285714286,481.42857142857144,1611.4285714285716,21.9942595621512,14229692.10337125
728.5714285714286,481.42857142857144,1777.1428571428573,21.91734122957405,14092584.357000852
728.5714285714286,481.42857142857144,1942.857142857143,21.84887558372656,13970780.841644958
728.5714285714286,481.42857142857144,2108.5714285714284,21.787758492909557,13861020.639687026
728.5714285714286,481.42857142857144,2274.285714285714,21.733021430248513,13761125.9459882
728.5714285714286,481.42857142857144,2440.0,21.68382669287688,13669556.25804749
728.5714285714286,481.42857142857144,2605.714285714286,21.639455256893378,13585164.820355562
728.5714285714286,481.42857142857144,2771.4285714285716,21.5992922153667,13507060.443209216
728.5714285714286,481.42857142857144,2937.1428571428573,21.562812274711327,13434526.067852724
728.5714285714286,481.42857142857144,3102.857142857143,21.52956643429884,13366968.867041828
728.5714285714286,481.42857142857144,3268.571428571429,21.499170262515054,13303888.420418395
728.5714285714286,481.42857142857144,3434.2857142857147,21.471293824584023,13244855.577343002
728.5714285714286,481.42857142857144,3600.0,21.445653150937385,13189497.844369018
728.5714285714286,528.5714285714286,120.0,23.215382060805467,35525266.59430167
728.5714285714286,528.5714285714286,285.7142857142857,23.022801513413995,21700442.688492
728.5714285714286,528.5714285714286,451.42857142857144,22.852256105426303,18261753.840771943
728.5714285714286,528.5714285714286,617.1428571428571,22.691863693332117,16829779.956053242
728.5714285714286,528.5714285714286,782.8571428571429,22.54297830307201,16081128.31237622
728.5714285714286,528.5714285714286,948.5714285714287,22.40725617715479,15625576.444769321
728.5714285714286,528.5714285714286,1114.2857142857142,22.28518543185621,15313801.299192432
728.5714285714286,528.5714285714286,1280.0,22.176270970748295,15080105.309322605
728.5714285714286,528.5714285714286,1445.7142857142858,22.079466466166103,14892789.266317513
728.5714285714286,528.5714285714286,1611.4285714285716,21.993505766405203,14735405.912728706
728.5714285714286,528.5714285714286,1777.1428571428573,21.917100750986226,14598850.200964145
728.5714285714286,528.5714285714286,1942.857142857143,21.849042661525367,14477758.086565826
728.5714285714286,528.5714285714286,2108.5714285714284,21.788245099377114,14368769.559263026
728.5714285714286,528.5714285714286,2274.285714285714,21.73375508628565,14269650.1867958
728.5714285714286,528.5714285714286,2440.0,21.684748119709695,14178828.00025743
728.5714285714286,528.5714285714286,2605.714285714286,21.64051617229579,14095139.785295758
728.5714285714286,528.5714285714286,2771.4285714285716,21.60045339562946,14017686.841169545
728.5714285714286,528.5714285714286,2937.1428571428573,21.564041909899043,13945749.884295551
728.5714285714286,528.5714285714286,3102.857142857143,21.530838760997774,13878736.918428613
728.5714285714286,528.5714285714286,3268.571428571429,21.50046444108247,13816150.046457563
728.5714285714286,528.5714285714286,3434.2857142857147,21.472593023693022,13757563.50072266
728.5714285714286,528.5714285714286,3600.0,21.44694380398605,13702608.526145631
728.5714285714286,575.7142857142858,120.0,23.207644313123044,36359399.81665739
728.5714285714286,575.7142857142858,285.7142857142857,23.014866925376275,22317959.8710632
728.5714285714286,575.7142857142858,451.42857142857144,22.84516962354287,18806637.9436569
728.5714285714286,575.7142857142858,617.1428571428571,22.685917155834346,17344043.295012634
728.5714285714286,575.7142857142858,782.8571428571429,22.538250919992972,16580735.179202978
728.5714285714286,575.7142857142858,948.5714285714287,22.403696330526795,16117894.73629489
728.5714285714286,575.7142857142858,1114.2857142857142,22.282673192324616,15802589.139934689
728.5714285714286,575.7142857142858,1280.0,22.174661243383312,15567380.022917416
728.5714285714286,575.7142857142858,1445.7142857142858,22.078613951174752,15379656.995977841
728.5714285714286,575.7142857142858,1611.4285714285716,21.993277229469513,15222471.459289776
728.5714285714286,575.7142857142858,1777.1428571428573,21.91737974092928,15086434.05171192
728.5714285714286,575.7142857142858,1942.857142857143,21.84973020311804,14966016.81508899
728.5714285714286,575.7142857142858,2108.5714285714284,21.78925847359793,14857764.784499077
728.5714285714286,575.7142857142858,2274.285714285714,21.735025860825143,14759388.944683155
728.5714285714286,575.7142857142858,2440.0,21.686220025416667,14669286.72009351
728.5714285714286,575.7142857142858,2605.714285714286,21.642143104580274,14586278.638830775
728.5714285714286,575.7142857142858,2771.4285714285716,21.602197651796967,14509458.337441977
728.5714285714286,575.7142857142858,2937.1428571428573,21.565872688855954,14438103.980029631
728.5714285714286,575.7142857142858,3102.857142857143,21.53273091236441,14371623.99980639
728.5714285714286,575.7142857142858,3268.571428571429,21.502397434884163,14309522.604572633
728.5714285714286,575.7142857142858,3434.2857142857147,21.474550107681445,14251377.005508943
728.5714285714286,575.7142857142858,3600.0,21.448911317000192,14196821.81151675
728.5714285714286,622.8571428571429,120.0,23.20051300260552,37155629.43147742
728.5714285714286,622.8571428571429,285.7142857142857,23.007594819050613,22913071.940853544
728.5714285714286,622.8571428571429,451.42857142857144,22.838740911881754,19332678.91336903
728.5714285714286,622.8571428571429,617.1428571428571,22.680590668961866,17840865.76339687
728.5714285714286,622.8571428571429,782.8571428571429,22.53409247836389,17063548.6691519
728.5714285714286,622.8571428571429,948.5714285714287,22.400653917394944,16593728.069075894
728.5714285714286,622.8571428571429,1114.2857142857142,22.28063347754055,16275030.759487832
728.5714285714286,622.8571428571429,1280.0,22.173488505691044,16038358.878075432
728.5714285714286,622.8571428571429,1445.7142857142858,22.078172591570752,15850233.298501668
728.5714285714286,622.8571428571429,1611.4285714285716,21.99344284611749,15693227.158672985
728.5714285714286,622.8571428571429,1777.1428571428573,21.918043392660636,15557679.52703338
728.5714285714286,622.8571428571429,1942.857142857143,21.850799036791646,15437905.539670989
728.5714285714286,622.8571428571429,2108.5714285714284,21.790654618192605,15330359.037120838
728.5714285714286,622.8571428571429,2274.285714285714,21.73668463779972,15232698.326578625
728.5714285714286,622.8571428571429,2440.0,21.688088014684695,15143291.074229777
728.5714285714286,622.8571428571429,2605.714285714286,21.644176319975724,15060941.804509616
728.5714285714286,622.8571428571429,2771.4285714285716,21.60435992798741,14984736.420660743
728.5714285714286,622.8571428571429,2937.1428571428573,21.568134304916494,14913950.297056919
728.5714285714286,622.8571428571429,3102.857142857143,21.535067441223287,14847991.98355924
728.5714285714286,622.8571428571429,3268.571428571429,21.504788793173294,14786367.456837516
728.5714285714286,622.8571428571429,3434.2857142857147,21.476979776545065,14728656.576475402
728.5714285714286,622.8571428571429,3600.0,21.451365705458464,14674497.00554165
728.5714285714286,670.0,120.0,23.19391239831047,37917997.923948206
728.5714285714286,670.0,285.7142857142857,23.000892626362038,23488277.75833862
728.5714285714286,670.0,451.42857142857144,22.832871165627825,19842010.24999726
728.5714285714286,670.0,617.1428571428571,22.675784657212333,18322236.61784259
728.5714285714286,670.0,782.8571428571429,22.530405097433576,17531493.10621001
728.5714285714286,670.0,948.5714285714287,22.398033246534613,17054971.790028878
728.5714285714286,670.0,1114.2857142857142,22.278972213523506,16733010.325553084
728.5714285714286,670.0,1280.0,22.172659298326675,16494923.796832014
728.5714285714286,670.0,1445.7142857142858,22.07804847649983,16306402.147442864
728.5714285714286,670.0,1611.4285714285716,21.99390730054089,16149560.85091245
728.5714285714286,670.0,1777.1428571428573,21.918994209038466,16014478.827281011
728.5714285714286,670.0,1942.857142857143,21.852148891584484,15895320.635221262
728.5714285714286,670.0,2108.5714285714284,21.792330061047767,15788452.357849602
728.5714285714286,670.0,2274.285714285714,21.73862445442064,15691481.403925462
728.5714285714286,670.0,2440.0,21.690241454554027,15602746.509261943
728.5714285714286,670.0,2605.714285714286,21.64650142111322,15521036.482307559
728.5714285714286,670.0,2771.4285714285716,21.606822032748006,15445429.48134973
728.5714285714286,670.0,2937.1428571428573,21.570704790782234,15375197.921521585
728.5714285714286,670.0,3102.857142857143,21.537722657498147,15309750.224672558
728.5714285714286,670.0,3268.571428571429,21.507509180876536,15248593.864274252
728.5714285714286,670.0,3434.2857142857147,21.479749144975525,15191311.07569429
728.5714285714286,670.0,3600.0,21.45417063970743,15137542.317394936
728.5714285714286,717.1428571428572,120.0,23.187780536711152,38649846.274868235
728.5714285714286,717.1428571428572,285.7142857142857,22.994685767034976,24045633.724100202
728.5714285714286,717.1428571428572,451.42857142857144,22.827481729160116,20336385.613602888
728.5714285714286,717.1428571428572,617.1428571428571,22.67142075311222,18789789.95693796
728.5714285714286,717.1428571428572,782.8571428571429,22.527112630861204,17986148.63818651
728.5714285714286,717.1428571428572,948.5714285714287,22.3957607377906,17503181.848944627
728.5714285714286,717.1428571428572,1114.2857142857142,22.27761787284079,17178074.354779117
728.5714285714286,717.1428571428572,1280.0,22.172103286758382,16938619.316492394
728.5714285714286,717.1428571428572,1445.7142857142858,22.078171553444996,16749709.726338265
728.5714285714286,717.1428571428572,1611.4285714285716,21.994600002858704,16593021.93474431
728.5714285714286,717.1428571428572,1777.1428571428573,21.920160387703564,16458385.033742424
728.5714285714286,717.1428571428572,1942.857142857143,21.853706228146088,16339818.759998435
728.5714285714286,717.1428571428572,2108.5714285714284,21.79420913740915,16233604.598462379
728.5714285714286,717.1428571428572,2274.285714285714,21.740767246517553,16137300.724438854
728.5714285714286,717.1428571428572,2440.0,21.692599699552932,16049217.746173035
728.5714285714286,717.1428571428572,2605.714285714286,21.649035071449585,15968129.06511282
728.5714285714286,717.1428571428572,2771.4285714285716,21.609497883975113,15893105.126416408
728.5714285714286,717.1428571428572,2937.1428571428573,21.573495305943162,15823415.268528003
728.5714285714286,717.1428571428572,3102.857142857143,21.540604980276672,15758467.593863904
728.5714285714286,717.1428571428572,3268.571428571429,21.51046431712282,15697770.851198392
728.5714285714286,717.1428571428572,3434.2857142857147,21.482761288543745,15640909.42516129
728.5714285714286,717.1428571428572,3600.0,21.457226619163123,15587526.351811025
728.5714285714286,764.2857142857143,120.0,23.182066024624277,39353973.879394986
728.5714285714286,764.2857142857143,285.7142857142857,22.98891327628712,24586855.73152461
728.5714285714286,764.2857142857143,451.42857142857144,22.822509023307752,20817266.725902904
728.5714285714286,764.2857142857143,617.1428571428571,22.667436289952295,19244887.114186514
728.5714285714286,764.2857142857143,782.8571428571429,22.524154859913924,18428831.20633351
728.5714285714286,764.2857142857143,948.5714285714287,22.39377886077802,17939653.73474797
728.5714285714286,764.2857142857143,1114.2857142857142,22.276515154679362,17611510.286071964
728.5714285714286,764.2857142857143,1280.0,22.17176665900352,17370731.118019465
728.5714285714286,764.2857142857143,1445.7142857142858,22.078488717247353,17181443.048282016
728.5714285714286,764.2857142857143,1611.4285714285716,21.995467848139654,17024900.12031668
728.5714285714286,764.2857142857143,1777.1428571428573,21.92148823640422,16890690.989388883
728.5714285714286,764.2857142857143,1942.857142857143,21.855416304132255,16772695.837770112
728.5714285714286,764.2857142857143,2108.5714285714284,21.796235705411327,16667114.470856516
728.5714285714286,764.2857142857143,2274.285714285714,21.74305521912992,16571457.392756665
728.5714285714286,764.2857142857143,2440.0,21.69510312579624,16484007.859863367
728.5714285714286,764.2857142857143,2605.714285714286,21.651715703711282,16403524.188476315
728.5714285714286,764.2857142857143,2771.4285714285716,21.61232390404918,16329069.174889656
728.5714285714286,764.2857142857143,2937.1428571428573,21.576440231687748,16259909.003908716
728.5714285714286,764.2857142857143,3102.857142857143,21.543646746228013,16195451.309297916
728.5714285714286,764.2857142857143,3268.571428571429,21.51358451059992,16135205.934185293
728.5714285714286,764.2857142857143,3434.2857142857147,21.48594451928422,16078759.223211782
728.5714285714286,764.2857142857143,3600.0,21.460460001007323,16025756.60558219
728.5714285714286,811.4285714285714,120.0,23.176725729114946,40032754.48820501
728.5714285714286,811.4285714285714,285.7142857142857,22.983524686800283,25113392.860201932
728.5714285714286,811.4285714285714,451.42857142857144,22.817900967144304,21285886.816179145
728.5714285714286,811.4285714285714,617.1428571428571,22.66378045535585,19688676.07661434
728.5714285714286,811.4285714285714,782.8571428571429,22.521483474713712,18860650.18503069
728.5714285714286,811.4285714285714,948.5714285714287,22.392041974257353,18365479.351621967
728.5714285714286,811.4285714285714,1114.2857142857142,22.275620677022648,18034403.085437797
728.5714285714286,811.4285714285714,1280.0,22.17160765094104,17792342.59545306
728.5714285714286,811.4285714285714,1445.7142857142858,22.078959146819976,17602686.59295946
728.5714285714286,811.4285714285714,1611.4285714285716,21.996470346415745,17446282.16768447
728.5714285714286,811.4285714285714,1777.1428571428573,21.92293708372448,17312486.137711618
728.5714285714286,811.4285714285714,1942.857142857143,21.857237858567153,17195043.979521994
728.5714285714286,811.4285714285714,2108.5714285714284,21.798367601699457,17090076.527845163
728.5714285714286,811.4285714285714,2274.285714285714,21.745445074711498,16995048.085469242
728.5714285714286,811.4285714285714,2440.0,21.69770713583192,16908215.30509274
728.5714285714286,811.4285714285714,2605.714285714286,21.65449730736438,16828321.746809132
728.5714285714286,811.4285714285714,2771.4285714285716,21.61525259718282,16754422.646729961
728.5714285714286,811.4285714285714,2937.1428571428573,21.579490546361168,16685780.990965188
728.5714285714286,811.4285714285714,3102.857142857143,21.546797391211786,16621803.829290567
728.5714285714286,811.4285714285714,3268.571428571429,21.5168176560958,16562001.951165479
728.5714285714286,811.4285714285714,3434.2857142857147,21.489245205702037,16505963.502495473
728.5714285714286,811.4285714285714,3600.0,21.463815652014347,16453336.148645649
728.5714285714286,858.5714285714287,120.0,23.171723072257784,40688222.09557042
728.5714285714286,858.5714285714287,285.7142857142857,22.97847775579141,25626481.813440807
728.5714285714286,858.5714285714287,451.42857142857144,22.813614396457577,21743297.428212456
728.5714285714286,858.5714285714287,617.1428571428571,22.66041154223013,20122135.28698007
728.5714285714286,858.5714285714287,782.8571428571429,22.519059227122828,19282550.852117665
728.5714285714286,858.5714285714287,948.5714285714287,22.390513401941487,18781588.914370082
728.5714285714286,858.5714285714287,1114.2857142857142,22.274899969893422,18447676.93496683
728.5714285714286,858.5714285714287,1280.0,22.171593440839096,18204376.51662448
728.5714285714286,858.5714285714287,1445.7142857142858,22.07955108321118,18014364.0182642
728.5714285714286,858.5714285714287,1611.4285714285716,21.997576269181604,17858093.676675353
728.5714285714286,858.5714285714287,1777.1428571428573,21.924475783010404,17724698.39173873
728.5714285714286,858.5714285714287,1942.857142857143,21.85913946631199,17607793.419938177
728.5714285714286,858.5714285714287,2108.5714285714284,21.80057284312353,17503423.150335547
728.5714285714286,858.5714285714287,2274.285714285714,21.74790406157435,17409007.07112481
728.5714285714286,858.5714285714287,2440.0,21.70037805549927,17322775.952331524
728.5714285714286,858.5714285714287,2605.714285714286,21.65734517709087,17243458.929888558
728.5714285714286,858.5714285714287,2771.4285714285716,21.618248153775692,17170103.786898352
728.5714285714286,858.5714285714287,2937.1428571428573,21.582609290542273,17101970.29110491
728.5714285714286,858.5714285714287,3102.857142857143,21.55001878162295,17038464.820464294
728.5714285714286,858.5714285714287,3268.571428571429,21.5201244375528,16979098.98977694
728.5714285714286,858.5714285714287,3434.2857142857147,21.492622853124118,16923462.61270399
728.5714285714286,858.5714285714287,3600.0,21.46725191172866,16871205.45664107
728.5714285714286,905.7142857142858,120.0,23.16702674868275,41322135.772692256
728.5714285714286,905.7142857142858,285.7142857142857,22.97373677600146,26127187.902107153
728.5714285714286,905.7142857142858,451.42857142857144,22.809613164161423,22190403.617947772
728.5714285714286,905.7142857142858,617.1428571428571,22.65729494397703,20546106.55937739
728.5714285714286,905.7142857142858,782.8571428571429,22.516849871908192,19695346.289893445
728.5714285714286,905.7142857142858,948.5714285714287,22.38916333432307,19188782.409175284
728.5714285714286,905.7142857142858,1114.2857142857142,22.27432533266249,18852126.53410484
728.5714285714286,905.7142857142858,1280.0,22.171697948919554,18607626.301610745
728.5714285714286,905.7142857142858,1445.7142857142858,22.08023955696123,18417269.477598388
728.5714285714286,905.7142857142858,1611.4285714285716,21.998761292051963,18261130.46522186
728.5714285714286,905.7142857142858,1777.1428571428573,21.926080260920944,18128125.575270955
728.5714285714286,905.7142857142858,1942.857142857143,21.861096986239513,18011744.013593122
728.5714285714286,905.7142857142858,2108.5714285714284,21.802826971006265,17907956.08642987
728.5714285714286,905.7142857142858,2274.285714285714,21.750407212926444,17814137.77914175
728.5714285714286,905.7142857142858,2440.0,21.70309026809817,17728494.673890404
728.5714285714286,905.7142857142858,2605.714285714286,21.660232943686864,17649741.814835805
728.5714285714286,905.7142857142858,2771.4285714285716,21.621283380509112,17576919.65330271
728.5714285714286,905.7142857142858,2937.1428571428573,21.585768399387277,17509284.73939156
728.5714285714286,905.7142857142858,3102.857142857143,21.553281952405733,17446242.713957254
728.5714285714286,905.7142857142858,3268.571428571429,21.52347497538041,17387305.918561738
728.5714285714286,905.7142857142858,3434.2857142857147,21.4960466640292,17332065.722193103
728.5714285714286,905.7142857142858,3600.0,21.470737069535225,17280173.879348043
728.5714285714286,952.8571428571429,120.0,23.1626097451016,41936029.42554964
728.5714285714286,952.8571428571429,285.7142857142857,22.969271299140512,26616436.420207947
728.5714285714286,952.8571428571429,451.42857142857144,22.80586671793195,22627990.870592352
728.5714285714286,952.8571428571429,617.1428571428571,22.65440166616864,20961320.23564157
728.5714285714286,952.8571428571429,782.8571428571429,22.514828650707702,20099741.75666133
728.5714285714286,952.8571428571429,948.5714285714287,22.387967295390947,19587753.623029754
728.5714285714286,952.8571428571429,1114.2857142857142,22.27387427882132,19248441.00408908
728.5714285714286,952.8571428571429,1280.0,22.171900249347935,19002779.90855833
728.5714285714286,952.8571428571429,1445.7142857142858,22.08100475550675,18812091.535706602
728.5714285714286,952.8571428571429,1611.4285714285716,22.00000630727197,18656082.533302356
728.5714285714286,952.8571428571429,1777.1428571428573,21.927731767096276,18523459.437204376
728.5714285714286,952.8571428571429,1942.857142857143,21.863091742531598,18407589.294180065
728.5714285714286,952.8571428571429,2108.5714285714284,21.80511116067044,18304370.546753388
728.5714285714286,952.8571428571429,2274.285714285714,21.75293538296042,18211136.921475038
728.5714285714286,952.8571428571429,2440.0,21.7058241767089,18126069.48243236
728.5714285714286,952.8571428571429,2605.714285714286,21.663140463278467,18047869.512830034
728.5714285714286,952.8571428571429,2771.4285714285716,21.62433751783816,17975570.264146507
728.5714285714286,952.8571428571429,2937.1428571428573,21.588946450273173,17908425.086074274
728.5714285714286,952.8571428571429,3102.857142857143,21.556564787049712,17845838.835733578
728.5714285714286,952.8571428571429,3268.571428571429,21.526846441204725,17787324.501610126
728.5714285714286,952.8571428571429,3434.2857142857147,21.499493090056863,17732474.913349774
728.5714285714286,952.8571428571429,3600.0,21.47424685647165,17680943.713885244
728.5714285714286,1000.0,120.0,23.158448579688542,42531250.54880013
728.5714285714286,1000.0,285.7142857142857,22.965055156416117,27095037.024245776
728.5714285714286,1000.0,451.42857142857144,22.802349018529746,23056745.995222915
728.5714285714286,1000.0,617.1428571428571,22.65170720395866,21368414.702357724
728.5714285714286,1000.0,782.8571428571429,22.512973157524907,20496353.588224344
728.5714285714286,1000.0,948.5714285714287,22.38690500373909,19979108.775818996
728.5714285714286,1000.0,1114.2857142857142,22.273528388546392,19637222.42082732
728.5714285714286,1000.0,1280.0,22.17218340534435,19390438.351230763
728.5714285714286,1000.0,1445.7142857142858,22.08183083117471,19199431.709665604
728.5714285714286,1000.0,1611.4285714285716,22.001296196081018,19043552.64222442
728.5714285714286,1000.0,1777.1428571428573,21.929415604209375,18911304.271478664
728.5714285714286,1000.0,1942.857142857143,21.86510920762493,18795935.13131189
728.5714285714286,1000.0,2108.5714285714284,21.807410854158455,18693273.891573593
728.5714285714286,1000.0,2274.285714285714,21.755473827598177,18600613.202669114
728.5714285714286,1000.0,2440.0,21.70856473228341,18516110.25669953
728.5714285714286,1000.0,2605.714285714286,21.666052292887304,18438452.903846126
728.5714285714286,1000.0,2771.4285714285716,21.627394663747655,18366667.33580298
728.5714285714286,1000.0,2937.1428571428573,21.59212703587671,18300003.732554704
728.5714285714286,1000.0,3102.857142857143,21.559850341407707,18237866.136394832
728.5714285714286,1000.0,3268.571428571429,21.530221334023874,18179768.118691582
728.5714285714286,1000.0,3434.2857142857147,21.502944062206577,18125303.890156526
728.5714285714286,1000.0,3600.0,21.477762631228956,18074128.89737495
764.2857142857143,10.0,120.0,23.411079544473523,20433373.56690335
764.2857142857143,10.0,285.7142857142857,23.264694667008882,10961433.176882027
764.2857142857143,10.0,451.42857142857144,23.114066882764224,8762248.187716585
764.2857142857143,10.0,617.1428571428571,22.962337819674953,7818341.348131631
764.2857142857143,10.0,782.8571428571429,22.81770972313715,7278702.659539442
764.2857142857143,10.0,948.5714285714287,22.68619325926704,6906179.11311713
764.2857142857143,10.0,1114.2857142857142,22.57038536147064,6616468.753895109
764.2857142857143,10.0,1280.0,22.47036966962716,6375420.591435847
764.2857142857143,10.0,1445.7142857142858,22.384875245708024,6167544.521048008
764.2857142857143,10.0,1611.4285714285716,22.31209724204154,5984845.499378775
764.2857142857143,10.0,1777.1428571428573,22.250158072335147,5822558.048923159
764.2857142857143,10.0,1942.857142857143,22.197325198261506,5677436.197559329
764.2857142857143,10.0,2108.5714285714284,22.15209129252473,5547036.946270149
764.2857142857143,10.0,2274.285714285714,22.113185395474822,5429402.817825893
764.2857142857143,10.0,2440.0,22.079553670705298,5322909.31662289
764.2857142857143,10.0,2605.714285714286,22.050329612961566,5226182.858274053
764.2857142857143,10.0,2771.4285714285716,22.024803104407702,5138050.359304084
764.2857142857143,10.0,2937.1428571428573,22.002392276004148,5057504.230119114
764.2857142857143,10.0,3102.857142857143,21.982619462384644,4983675.776344349
764.2857142857143,10.0,3268.571428571429,21.96509131852584,4915813.856399424
764.2857142857143,10.0,3434.2857142857147,21.94948267129984,4853267.255456012
764.2857142857143,10.0,3600.0,21.935523530032427,4795469.92563862
764.2857142857143,57.142857142857146,120.0,23.34679686444646,24397688.720329523
764.2857142857143,57.142857142857146,285.7142857142857,23.17430547355462,13639892.874653917
764.2857142857143,57.142857142857146,451.42857142857144,23.002997514481496,11114979.608402211
764.2857142857143,57.142857142857146,617.1428571428571,22.833172304320918,10048681.852353629
764.2857142857143,57.142857142857146,782.8571428571429,22.671701505723526,9458636.13200414
764.2857142857143,57.142857142857146,948.5714285714287,22.52380129070313,9066401.712735822
764.2857142857143,57.142857142857146,1114.2857142857142,22.391788007080276,8770580.106510807
764.2857142857143,57.142857142857146,1280.0,22.275787965078344,8529059.463092113
764.2857142857143,57.142857142857146,1445.7142857142858,22.1747017546117,8322531.906913528
764.2857142857143,57.142857142857146,1611.4285714285716,22.086905601034303,8141223.847919884
764.2857142857143,57.142857142857146,1777.1428571428573,22.010661017969564,7979618.42236369
764.2857142857143,57.142857142857146,1942.857142857143,21.944320877352272,7834229.279561706
764.2857142857143,57.142857142857146,2108.5714285714284,21.886415654483244,7702616.217617977
764.2857142857143,57.142857142857146,2274.285714285714,21.835676116766958,7582929.5011837715
764.2857142857143,57.142857142857146,2440.0,21.791025460597975,7473687.580308872
764.2857142857143,57.142857142857146,2605.714285714286,21.7515587883352,7373661.393034619
764.2857142857143,57.142857142857146,2771.4285714285716,21.716519019307896,7281809.138363697
764.2857142857143,57.142857142857146,2937.1428571428573,21.685273515093964,7197236.020713318
764.2857142857143,57.142857142857146,3102.857142857143,21.657293184682157,7119167.067172722
764.2857142857143,57.142857142857146,3268.571428571429,21.63213458254798,7046927.296803041
764.2857142857143,57.142857142857146,3434.2857142857147,21.60942492911813,6979926.386371775
764.2857142857143,57.142857142857146,3600.0,21.58884974296787,6917646.334301118
764.2857142857143,104.28571428571429,120.0,23.31302427031105,26751522.73171727
764.2857142857143,104.28571428571429,285.7142857142857,23.13146192875526,15241647.718836784
764.2857142857143,104.28571428571429,451.42857142857144,22.955244526565284,12512830.695131557
764.2857142857143,104.28571428571429,617.1428571428571,22.782511668077884,11365549.033551645
764.2857142857143,104.28571428571429,782.8571428571429,22.6190210024917,10739425.861000258
764.2857142857143,104.28571428571429,948.5714285714287,22.469243797405987,10331264.152964177
764.2857142857143,104.28571428571429,1114.2857142857142,22.335120080745256,10029258.847208377
764.2857142857143,104.28571428571429,1280.0,22.216660828630822,9786283.33119163
764.2857142857143,104.28571428571429,1445.7142857142858,22.112791911026097,9580468.03145429
764.2857142857143,104.28571428571429,1611.4285714285716,22.02197167762706,9400711.71035174
764.2857142857143,104.28571428571429,1777.1428571428573,21.94255456906461,9240820.579238193
764.2857142857143,104.28571428571429,1942.857142857143,21.872976410652257,9096980.480210872
764.2857142857143,104.28571428571429,2108.5714285714284,21.811833783456386,8966610.46357344
764.2857142857143,104.28571428571429,2274.285714285714,21.757906443844906,8847818.517525936
764.2857142857143,104.28571428571429,2440.0,21.71015180648772,8739130.628381612
764.2857142857143,104.28571428571429,2605.714285714286,21.66768743650083,8639348.478679743
764.2857142857143,104.28571428571429,2771.4285714285716,21.629769805184136,8547469.887745509
764.2857142857143,104.28571428571429,2937.1428571428573,21.595773297825396,8462641.062406892
764.2857142857143,104.28571428571429,3102.857142857143,21.565171195280808,8384125.715201779
764.2857142857143,104.28571428571429,3268.571428571429,21.537519196745755,8311283.616240742
764.2857142857143,104.28571428571429,3434.2857142857147,21.512441496139466,8243554.758111071
764.2857142857143,104.28571428571429,3600.0,21.489619183251566,8180447.09366785
764.2857142857143,151.42857142857144,120.0,23.288791020351304,28590099.20401412
764.2857142857143,151.42857142857144,285.7142857142857,23.102392265210835,16506709.521534238
764.2857142857143,151.42857142857144,451.42857142857144,22.924564228301286,13616464.808145002
764.2857142857143,151.42857142857144,617.1428571428571,22.75168179113649,12403963.864548437
764.2857142857143,151.42857142857144,782.8571428571429,22.588647696377787,11748120.876659777
764.2857142857143,151.42857142857144,948.5714285714287,22.43936561585644,11326362.757598037
764.2857142857143,151.42857142857144,1114.2857142857142,22.30548049422896,11018730.426928436
764.2857142857143,151.42857142857144,1280.0,22.18690169222169,10774147.845415866
764.2857142857143,151.42857142857144,1445.7142857142858,22.08256145802718,10568699.735521758
764.2857142857143,151.42857142857144,1611.4285714285716,21.99097237639619,10390196.81214928
764.2857142857143,151.42857142857144,1777.1428571428573,21.91055672008854,10231866.317499544
764.2857142857143,151.42857142857144,1942.857142857143,21.839815128785418,10089593.101378888
764.2857142857143,151.42857142857144,2108.5714285714284,21.777399432046266,9960648.496500172
764.2857142857143,151.42857142857144,2274.285714285714,21.72213360377639,9843077.02963746
764.2857142857143,151.42857142857144,2440.0,21.673009037423626,9735386.776591673
764.2857142857143,151.42857142857144,2605.714285714286,21.62916863238196,9636385.249171467
764.2857142857143,151.42857142857144,2771.4285714285716,21.589887260913855,9545087.575660296
764.2857142857143,151.42857142857144,2937.1428571428573,21.554552319394404,9460661.93656477
764.2857142857143,151.42857142857144,3102.857142857143,21.522645995746245,9382394.983577212
764.2857142857143,151.42857142857144,3268.571428571429,21.493729818035174,9309668.473015426
764.2857142857143,151.42857142857144,3434.2857142857147,21.467431528292668,9241942.522966608
764.2857142857143,151.42857142857144,3600.0,21.443434093451554,9178743.008021055
764.2857142857143,198.57142857142858,120.0,23.269680695281444,30145181.159571238
764.2857142857143,198.57142857142858,285.7142857142857,23.080339483760387,17589294.5948925
764.2857142857143,198.57142857142858,451.42857142857144,22.902188268382435,14561901.935449608
764.2857142857143,198.57142857142858,617.1428571428571,22.73009788602113,13293443.184069684
764.2857142857143,198.57142857142858,782.8571428571429,22.56829194064572,12611789.053540323
764.2857142857143,198.57142857142858,948.5714285714287,22.420228333661633,12177987.61314811
764.2857142857143,198.57142857142858,1114.2857142857142,22.287318627462962,11865188.114946125
764.2857142857143,198.57142857142858,1280.0,22.169388937267435,11618973.292418702
764.2857142857143,198.57142857142858,1445.7142857142858,22.065373173562907,11413687.52148526
764.2857142857143,198.57142857142858,1611.4285714285716,21.9738245715552,11236204.638613285
764.2857142857143,198.57142857142858,1777.1428571428573,21.89321849680684,11079243.030182809
764.2857142857143,198.57142857142858,1942.857142857143,21.822107853367697,10938414.171693452
764.2857142857143,198.57142857142858,2108.5714285714284,21.759190329075874,10810847.630484713
764.2857142857143,198.57142857142858,2274.285714285714,21.703327763291664,10694520.023129966
764.2857142857143,198.57142857142858,2440.0,21.653541692233517,10587912.677207116
764.2857142857143,198.57142857142858,2605.714285714286,21.60899843571353,10489828.827968316
764.2857142857143,198.57142857142858,2771.4285714285716,21.56899074369994,10399291.0783153
764.2857142857143,198.57142857142858,2937.1428571428573,21.532919462148104,10315480.706437966
764.2857142857143,198.57142857142858,3102.857142857143,21.500276759657456,10237699.623564422
764.2857142857143,198.57142857142858,3268.571428571429,21.470631462214094,10165345.10055726
764.2857142857143,198.57142857142858,3434.2857142857147,21.44361655337001,10097892.023348875
764.2857142857143,198.57142857142858,3600.0,21.418918675717908,10034879.809555633
764.2857142857143,245.71428571428572,120.0,23.25385821954874,31513779.027984664
764.2857142857143,245.71428571428572,285.7142857142857,23.06260237209189,18553279.696555562
764.2857142857143,245.71428571428572,451.42857142857144,22.884739046481894,15405087.90782103
764.2857142857143,245.71428571428572,617.1428571428571,22.713818647575646,14086989.503241472
764.2857142857143,245.71428571428572,782.8571428571429,22.553508850931873,13382254.338248638
764.2857142857143,245.71428571428572,948.5714285714287,22.40690660795298,12937540.953666035
764.2857142857143,245.71428571428572,1114.2857142857142,22.275234274902093,12619944.48744086
764.2857142857143,245.71428571428572,1280.0,22.158249579407865,12372112.746663086
764.2857142857143,245.71428571428572,1445.7142857142858,22.05488681026031,12166857.230178397
764.2857142857143,245.71428571428572,1611.4285714285716,21.96373175993962,11990220.860712038
764.2857142857143,245.71428571428572,1777.1428571428573,21.883303212871134,11834465.17484323
764.2857142857143,245.71428571428572,1942.857142857143,21.812197512141246,11694951.390252424
764.2857142857143,245.71428571428572,2108.5714285714284,21.749151087825883,11568675.181796307
764.2857142857143,245.71428571428572,2274.285714285714,21.693058335269622,11453545.379022859
764.2857142857143,245.71428571428572,2440.0,21.64296721270231,11348013.031431025
764.2857142857143,245.71428571428572,2605.714285714286,21.598065018736218,11250872.119132297
764.2857142857143,245.71428571428572,2771.4285714285716,21.557660916722227,11161147.442543294
764.2857142857143,245.71428571428572,2937.1428571428573,21.521168457885675,11078028.368769806
764.2857142857143,245.71428571428572,3102.857142857143,21.488089562255915,11000827.57656204
764.2857142857143,245.71428571428572,3268.571428571429,21.4580004826743,10928953.954873664
764.2857142857143,245.71428571428572,3434.2857142857147,21.43053981434335,10861893.848915007
764.2857142857143,245.71428571428572,3600.0,21.405398401246565,10799197.450418001
764.2857142857143,292.8571428571429,120.0,23.240356510397834,32747462.59137816
764.2857142857143,292.8571428571429,285.7142857142857,23.047803611501422,19432332.58399679
764.2857142857143,292.8571428571429,451.42857142857144,22.87054572868472,16175361.894850994
764.2857142857143,292.8571428571429,617.1428571428571,22.700947671723096,14812302.348306438
764.2857142857143,292.8571428571429,782.8571428571429,22.542211171450095,14086538.093946733
764.2857142857143,292.8571428571429,948.5714285714287,22.397133656863677,13631787.060388746
764.2857142857143,292.8571428571429,1114.2857142857142,22.26678063121186,13309698.703700885
764.2857142857143,292.8571428571429,1280.0,22.150852889971347,13060281.727062946
764.2857142857143,292.8571428571429,1445.7142857142858,22.0482848663442,12854967.218400137
764.2857142857143,292.8571428571429,1611.4285714285716,21.957689518832076,12679046.519936325
764.2857142857143,292.8571428571429,1777.1428571428573,21.87762222264825,12524364.564185077
764.2857142857143,292.8571428571429,1942.857142857143,21.806716286828554,12386051.371856963
764.2857142857143,292.8571428571429,2108.5714285714284,21.743741457920333,12260976.375509419
764.2857142857143,292.8571428571429,2274.285714285714,21.687620449554384,12146982.271065302
764.2857142857143,292.8571428571429,2440.0,21.637424491843486,12042488.489083953
764.2857142857143,292.8571428571429,2605.714285714286,21.59235961681527,11946277.070182763
764.2857142857143,292.8571428571429,2771.4285714285716,21.551749869340632,11857371.874035431
764.2857142857143,292.8571428571429,2937.1428571428573,21.515020517909214,11774967.226165086
764.2857142857143,292.8571428571429,3102.857142857143,21.48168265048485,11698383.673015742
764.2857142857143,292.8571428571429,3268.571428571429,21.45131965817853,11627039.144221244
764.2857142857143,292.8571428571429,3434.2857142857147,21.42357567024262,11560429.210952314
764.2857142857143,292.8571428571429,3600.0,21.398145802313703,11498112.935926752
764.2857142857143,340.0,120.0,23.228594497421664,33877513.95448706
764.2857142857143,340.0,285.7142857142857,23.03513936207012,20246727.680325527
764.2857142857143,340.0,451.42857142857144,22.85865809119414,16890323.28539285
764.2857142857143,340.0,617.1428571428571,22.690431850609908,15485955.036722183
764.2857142857143,340.0,782.8571428571429,22.53326440405892,14740780.592524888
764.2857142857143,340.0,948.5714285714287,22.38969972570698,14276696.15145006
764.2857142857143,340.0,1114.2857142857142,22.260670852870287,13950373.676090416
764.2857142857143,340.0,1280.0,22.145830517663946,13699410.428692969
764.2857142857143,340.0,1445.7142857142858,22.044113407252357,13493975.069085931
764.2857142857143,340.0,1611.4285714285716,21.95415578748082,13318669.509408781
764.2857142857143,340.0,1777.1428571428573,21.874544553892402,13164954.310417902
764.2857142857143,340.0,1942.857142857143,21.803945056480696,13027744.186457673
764.2857142857143,340.0,2108.5714285714284,21.74115612980986,12903789.294483349
764.2857142857143,340.0,2274.285714285714,21.68512541259779,12790868.36933388
764.2857142857143,340.0,2440.0,21.634944800842955,12687368.913195373
764.2857142857143,340.0,2605.714285714286,21.589837123932273,12592059.525551997
764.2857142857143,340.0,2771.4285714285716,21.549139911907776,12503961.141498007
764.2857142857143,340.0,2937.1428571428573,21.51228917464584,12422270.959556727
764.2857142857143,340.0,3102.857142857143,21.47880451245929,12346315.400981855
764.2857142857143,340.0,3268.571428571429,21.44827603909386,12275519.625280786
764.2857142857143,340.0,3434.2857142857147,21.42035317950749,12209386.832874898
764.2857142857143,340.0,3600.0,21.39473521193161,12147483.576300481
764.2857142857143,387.14285714285717,120.0,23.218192215132827,34924596.30145896
764.2857142857143,387.14285714285717,285.7142857142857,23.024097507250982,21009771.37424145
764.2857142857143,387.14285714285717,451.42857142857144,22.84848434047711,17561487.05701789
764.2857142857143,387.14285714285717,617.1428571428571,22.68162898993913,16118769.75495389
764.2857142857143,387.14285714285717,782.8571428571429,22.525990014819644,15355507.560618397
764.2857142857143,387.14285714285717,948.5714285714287,22.383893487383425,14882674.66682849
764.2857142857143,387.14285714285717,1114.2857142857142,22.2561588447183,14552340.57298502
764.2857142857143,387.14285714285717,1280.0,22.14239772165014,14299873.285588812
764.2857142857143,387.14285714285717,1445.7142857142858,22.04154526979649,14094273.767476998
764.2857142857143,387.14285714285717,1611.4285714285716,21.952258158466265,13919504.838491151
764.2857142857143,387.14285714285717,1777.1428571428573,21.87315089432077,13766669.212460356
764.2857142857143,387.14285714285717,1942.857142857143,21.80291700811479,13630479.747354466
764.2857142857143,387.14285714285717,2108.5714285714284,21.74038105344613,13507573.564077815
764.2857142857143,387.14285714285717,2274.285714285714,21.6845128411688,13395667.740643354
764.2857142857143,387.14285714285717,2440.0,21.634422773854617,13293118.065714464
764.2857142857143,387.14285714285717,2605.714285714286,21.589348832769428,13198678.863535615
764.2857142857143,387.14285714285717,2771.4285714285716,21.548640808047562,13111366.84313032
764.2857142857143,387.14285714285717,2937.1428571428573,21.51174455852318,13030380.626038086
764.2857142857143,387.14285714285717,3102.857142857143,21.478187562027202,12955051.078416951
764.2857142857143,387.14285714285717,3268.571428571429,21.447566216616163,12884809.262870101
764.2857142857143,387.14285714285717,3434.2857142857147,21.419534952832898,12819164.820451116
764.2857142857143,387.14285714285717,3600.0,21.393797032079146,12757690.7517851
764.2857142857143,434.28571428571433,120.0,23.20888595312963,35903202.08587283
764.2857142857143,434.28571428571433,285.7142857142857,23.014330914928554,21730742.446413845
764.2857142857143,434.28571428571433,451.42857142857144,22.839631367486678,18196862.38948902
764.2857142857143,434.28571428571433,617.1428571428571,22.674120514476662,16718261.948598757
764.2857142857143,434.28571428571433,782.8571428571429,22.51995356950081,15938021.022418909
764.2857142857143,434.28571428571433,948.5714285714287,22.3792667924487,15456937.182172453
764.2857142857143,434.28571428571433,1114.2857142857142,22.252780941126083,15122786.937984556
764.2857142857143,434.28571428571433,1280.0,22.140072112010913,14868859.143766737
764.2857142857143,434.28571428571433,1445.7142857142858,22.04007614392019,14663065.274164815
764.2857142857143,434.28571428571433,1611.4285714285716,21.95146784176894,14488770.88303892
764.2857142857143,434.28571428571433,1777.1428571428573,21.872886221054674,14336743.145427361
764.2857142857143,434.28571428571433,1942.857142857143,21.803049893787378,14201504.6157278
764.2857142857143,434.28571428571433,2108.5714285714284,21.740806395175017,14079584.956550797
764.2857142857143,434.28571428571433,2274.285714285714,21.68514544188983,13968641.866551945
764.2857142857143,434.28571428571433,2440.0,21.635194138765254,13866999.91281044
764.2857142857143,434.28571428571433,2605.714285714286,21.590204219819018,13773398.711278448
764.2857142857143,434.28571428571433,2771.4285714285716,21.549536671617453,13686849.873462966
764.2857142857143,434.28571428571433,2937.1428571428573,21.51264640686707,13606552.405422477
764.2857142857143,434.28571428571433,3102.857142857143,21.479068196362018,13531840.559834367
764.2857142857143,434.28571428571433,3268.571428571429,21.448404300635453,13462150.299854834
764.2857142857143,434.28571428571433,3434.2857142857147,21.420313858490463,13396996.795478012
764.2857142857143,434.28571428571433,3600.0,21.394503911703914,13335958.68679139
764.2857142857143,481.42857142857144,120.0,23.2004843820113,36823960.08772127
764.2857142857143,481.42857142857144,285.7142857142857,23.00559311275509,22416409.904312916
764.2857142857143,481.42857142857144,451.42857142857144,22.831825101420716,18802279.62505853
764.2857142857143,481.42857142857144,617.1428571428571,22.66761960029263,17289895.506033413
764.2857142857143,481.42857142857144,782.8571428571429,22.514862287881062,16493625.238390526
764.2857142857143,481.42857142857144,948.5714285714287,22.375522239715867,16004721.60892466
764.2857142857143,481.42857142857144,1114.2857142857142,22.250233558527338,15666929.448882824
764.2857142857143,481.42857142857144,1280.0,22.138541305251554,15411584.963498747
764.2857142857143,481.42857142857144,1445.7142857142858,22.03938220896037,15205576.131316978
764.2857142857143,481.42857142857144,1611.4285714285716,21.951447387841895,15031706.706930159
764.2857142857143,481.42857142857144,1777.1428571428573,21.873397847091034,14880427.424524922
764.2857142857143,481.42857142857144,1942.857142857143,21.803974741376646,14746080.59013498
764.2857142857143,481.42857142857144,2108.5714285714284,21.74204632523025,14625093.411038905
764.2857142857143,481.42857142857144,2274.285714285714,21.686620329516675,14515066.392512897
764.2857142857143,481.42857142857144,2440.0,21.63683903838527,14414293.519442525
764.2857142857143,481.42857142857144,2605.714285714286,21.591966742416304,14321499.518435452
764.2857142857143,481.42857142857144,2771.4285714285716,21.55137470151667,14235690.31633808
764.2857142857143,481.42857142857144,2937.1428571428573,21.514526179844914,14156064.54459456
764.2857142857143,481.42857142857144,3102.857142857143,21.480962713366157,14081959.040741852
764.2857142857143,481.42857142857144,3268.571428571429,21.45029203363082,14012813.893046115
764.2857142857143,481.42857142857144,3434.2857142857147,21.42217770170077,13948149.084933849
764.2857142857143,481.42857142857144,3600.0,21.396330334757515,13887548.254166475
764.2857142857143,528.5714285714286,120.0,23.19284382532674,37694940.142188944
764.2857142857143,528.5714285714286,285.7142857142857,22.997702662549763,23071887.68813822
764.2857142857143,528.5714285714286,451.42857142857144,22.82486711233899,19382135.511682622
764.2857142857143,528.5714285714286,617.1428571428571,22.661921862693355,17837786.420523968
764.2857142857143,528.5714285714286,782.8571428571429,22.51051077814502,17026313.157605324
764.2857142857143,528.5714285714286,948.5714285714287,22.37245427758829,16529969.150518944
764.2857142857143,528.5714285714286,1114.2857142857142,22.248309654227366,16188692.271831432
764.2857142857143,528.5714285714286,1280.0,22.137594630266122,15931974.645704318
764.2857142857143,528.5714285714286,1445.7142857142858,22.039246998657752,15725737.42643764
764.2857142857143,528.5714285714286,1611.4285714285716,21.95197269308669,15552253.144705594
764.2857142857143,528.5714285714286,1777.1428571428573,21.87445262416286,15401672.686424281
764.2857142857143,528.5714285714286,1942.857142857143,21.805448375297797,15268166.963365117
764.2857142857143,528.5714285714286,2108.5714285714284,21.743847023256034,15148065.238502968
764.2857142857143,528.5714285714286,2274.285714285714,21.688672714402998,15038912.894652467
764.2857142857143,528.5714285714286,2440.0,21.63908161378337,14938974.049781488
764.2857142857143,528.5714285714286,2605.714285714286,21.59434953854999,14846958.523694439
764.2857142857143,528.5714285714286,2771.4285714285716,21.55385721804617,14761866.166447701
764.2857142857143,528.5714285714286,2937.1428571428573,21.51707564803813,14682894.672519606
764.2857142857143,528.5714285714286,3102.857142857143,21.483552656590103,14609382.846550418
764.2857142857143,528.5714285714286,3268.571428571429,21.452901088703527,14540774.29119536
764.2857142857143,528.5714285714286,3434.2857142857147,21.424788660246243,14476593.231565733
764.2857142857143,528.5714285714286,3600.0,21.398929366237052,14416427.78467289
764.2857142857143,575.7142857142858,120.0,23.185853379719664,38522441.168143205
764.2857142857143,575.7142857142858,285.7142857142857,22.990522073509684,23701148.866926525
764.2857142857143,575.7142857142858,451.42857142857144,22.81860930866518,19939840.513315935
764.2857142857143,575.7142857142858,617.1428571428571,22.65687700139396,18365124.495326586
764.2857142857143,575.7142857142858,782.8571428571429,22.506750219341125,17539177.3961147
764.2857142857143,575.7142857142858,948.5714285714287,22.369916106548857,17035731.145409953
764.2857142857143,575.7142857142858,1114.2857142857142,22.246863319359235,16691112.823556842
764.2857142857143,575.7142857142858,1280.0,22.137085312936314,16433065.045673834
764.2857142857143,575.7142857142858,1445.7142857142858,22.03952108740031,16226591.520863002
764.2857142857143,575.7142857142858,1611.4285714285716,21.952890138131508,16053460.279041564
764.2857142857143,575.7142857142858,1777.1428571428573,21.875891529598253,15903536.95408617
764.2857142857143,575.7142857142858,1942.857142857143,21.807305488827406,15770828.939812956
764.2857142857143,575.7142857142858,2108.5714285714284,21.74603630379324,15651571.64600189
764.2857142857143,575.7142857142858,2274.285714285714,21.691123170150785,15543257.283958338
764.2857142857143,575.7142857142858,2440.0,21.64173501637044,15444120.854961729
764.2857142857143,575.7142857142858,2605.714285714286,21.597158292676447,15352857.363273198
764.2857142857143,575.7142857142858,2771.4285714285716,21.556782494201155,15268460.327764397
764.2857142857143,575.7142857142858,2937.1428571428573,21.520085800200903,15190126.086363768
764.2857142857143,575.7142857142858,3102.857142857143,21.486621907529308,15117194.92867009
764.2857142857143,575.7142857142858,3268.571428571429,21.4560084501953,15049113.483900726
764.2857142857143,575.7142857142858,3434.2857142857147,21.42791705209753,14985409.755368121
764.2857142857143,575.7142857142858,3600.0,21.40206490000046,14925675.914568508
764.2857142857143,622.8571428571429,120.0,23.179425487339202,39311492.43249788
764.2857142857143,622.8571428571429,285.7142857142857,22.983944648628174,24307351.53585806
764.2857142857143,622.8571428571429,451.42857142857144,22.812938373678875,20478101.741981037
764.2857142857143,622.8571428571429,617.1428571428571,22.652371583822404,18874439.728035793
764.2857142857143,622.8571428571429,782.8571428571429,22.50346986788722,18034669.62193474
764.2857142857143,622.8571428571429,948.5714285714287,22.36780001779524,17524425.70804239
764.2857142857143,622.8571428571429,1114.2857142857142,22.245788917844923,17176597.662767198
764.2857142857143,622.8571428571429,1280.0,22.136908335722424,16917262.004553385
764.2857142857143,622.8571428571429,1445.7142857142858,22.04009859409705,16710548.54920029
764.2857142857143,622.8571428571429,1611.4285714285716,21.9540916844268,16537744.454815099
764.2857142857143,622.8571428571429,1777.1428571428573,21.877603333590272,16388443.080403563
764.2857142857143,622.8571428571429,1942.857142857143,21.809430886538834,16256495.371274441
764.2857142857143,622.8571428571429,2108.5714285714284,21.748494459283997,16138046.615774928
764.2857142857143,622.8571428571429,2274.285714285714,21.693847117662965,16030537.688240947
764.2857142857143,622.8571428571429,2440.0,21.644669583495745,15932175.234509964
764.2857142857143,622.8571428571429,2605.714285714286,21.600258159361868,15841639.607966596
764.2857142857143,622.8571428571429,2771.4285714285716,21.560010486860154,15757917.841500636
764.2857142857143,622.8571428571429,2937.1428571428573,21.523411442329635,15680204.603024065
764.2857142857143,622.8571428571429,3102.857142857143,21.490020212235702,15607841.287363822
764.2857142857143,622.8571428571429,3268.571428571429,21.459458925827484,15540277.156316996
764.2857142857143,622.8571428571429,3434.2857142857147,21.431402888752928,15477043.611307474
764.2857142857143,622.8571428571429,3600.0,21.405572306292466,15417736.526229506
764.2857142857143,670.0,120.0,23.173489708061457,40066186.06758699
764.2857142857143,670.0,285.7142857142857,22.977885922930344,24893054.279674917
764.2857142857143,670.0,451.42857142857144,22.807765767011155,20999109.680627488
764.2857142857143,670.0,617.1428571428571,22.648318118079985,19367777.911012817
764.2857142857143,670.0,782.8571428571429,22.50058545047391,18514771.41390991
764.2857142857143,670.0,948.5714285714287,22.366025173387364,17998006.703127135
764.2857142857143,670.0,1114.2857142857142,22.245008225240703,17647090.93119761
764.2857142857143,670.0,1280.0,22.1369868730699,17386508.870885823
764.2857142857143,670.0,1445.7142857142858,22.04090285305595,17179555.2577545
764.2857142857143,670.0,1611.4285714285716,21.955499735412374,17007057.479799572
764.2857142857143,670.0,1777.1428571428573,21.879508625057696,16858348.265216563
764.2857142857143,670.0,1942.857142857143,21.811742667271883,16727128.506299267
764.2857142857143,670.0,2108.5714285714284,21.751136607095408,16609456.792757079
764.2857142857143,670.0,2274.285714285714,21.69675635395709,16502724.387261787
764.2857142857143,670.0,2440.0,21.64779357426919,16405110.338340878
764.2857142857143,670.0,2605.714285714286,21.603553736145685,16315280.563182477
764.2857142857143,670.0,2771.4285714285716,21.563442079498234,16232215.52731505
764.2857142857143,670.0,2937.1428571428573,21.52694974431332,16155107.995651364
764.2857142857143,670.0,3102.857142857143,21.493641066206116,16083300.167421244
764.2857142857143,670.0,3268.571428571429,21.463142403607044,16016243.616094314
764.2857142857143,670.0,3434.2857142857147,21.435132536931622,15953472.82658536
764.2857142857143,670.0,3600.0,21.409334529676777,15894587.080546133
764.2857142857143,717.1428571428572,120.0,23.16798846091661,40789905.44050988
764.2857142857143,717.1428571428572,285.7142857142857,22.972277890434448,25460363.690829292
764.2857142857143,717.1428571428572,451.42857142857144,22.803021065268236,21504665.820186872
764.2857142857143,717.1428571428572,617.1428571428571,22.644647858002234,19846820.544866197
764.2857142857143,717.1428571428572,782.8571428571429,22.4980316023691,18981110.86112334
764.2857142857143,717.1428571428572,948.5714285714287,22.364529720623803,18458079.012565304
764.2857142857143,717.1428571428572,1114.2857142857142,22.2444621951305,18104189.23241889
764.2857142857143,717.1428571428572,1280.0,22.137263661818718,17842401.426590305
764.2857142857143,717.1428571428572,1445.7142857142858,22.041877340494352,17635210.151268266
764.2857142857143,717.1428571428572,1611.4285714285716,21.957057581810172,17463002.03205909
764.2857142857143,717.1428571428572,1777.1428571428573,21.881549751814262,17314859.69824249
764.2857142857143,717.1428571428572,1942.857142857143,21.814181647829518,17184339.81548022
764.2857142857143,717.1428571428572,2108.5714285714284,21.753901595713458,17067417.43049156
764.2857142857143,717.1428571428572,2274.285714285714,21.699787447663383,16961435.818815924
764.2857142857143,717.1428571428572,2440.0,21.65104106677293,16864547.178385533
764.2857142857143,717.1428571428572,2605.714285714286,21.606976478647837,16775403.23901689
764.2857142857143,717.1428571428572,2771.4285714285716,21.5670060337273,16692977.872477822
764.2857142857143,717.1428571428572,2937.1428571428573,21.53062674774126,16616461.76979127
764.2857142857143,717.1428571428572,3102.857142857143,21.497407798821115,16545197.695598776
764.2857142857143,717.1428571428572,3268.571428571429,21.46697953324785,16478639.271992862
764.2857142857143,717.1428571428572,3434.2857142857147,21.43902401694455,16416323.804996345
764.2857142857143,717.1428571428572,3600.0,21.41326702369306,16357853.735506173
764.2857142857143,764.2857142857143,120.0,23.162874026170268,41485486.64539872
764.2857142857143,764.2857142857143,285.7142857142857,22.967064993946845,26011038.38510688
764.2857142857143,764.2857142857143,451.42857142857144,22.798647389441374,21996272.528424032
764.2857142857143,764.2857142857143,617.1428571428571,22.641305916112927,20312969.194229573
764.2857142857143,764.2857142857143,782.8571428571429,22.495756783471172,19435044.540104866
764.2857142857143,764.2857142857143,948.5714285714287,22.363265539124896,18905979.546823945
764.2857142857143,764.2857142857143,1114.2857142857142,22.24410551747607,18549222.3548933
764.2857142857143,764.2857142857143,1280.0,22.137695333706343,18286268.63787971
764.2857142857143,764.2857142857143,1445.7142857142858,22.042979743788933,18078844.40139918
764.2857142857143,764.2857142857143,1611.4285714285716,21.958723177499362,17906912.75967416
764.2857142857143,764.2857142857143,1777.1428571428573,21.883684282381125,17759315.8363943
764.2857142857143,764.2857142857143,1942.857142857143,21.816704499003148,17629471.411681756
764.2857142857143,764.2857142857143,2108.5714285714284,21.756744810732105,17513273.91256382
764.2857142857143,764.2857142857143,2274.285714285714,21.702894216507588,17408020.159814477
764.2857142857143,764.2857142857143,2440.0,21.654364112794475,17311836.231310323
764.2857142857143,764.2857142857143,2605.714285714286,21.610476541248477,17223359.941492505
764.2857142857143,764.2857142857143,2771.4285714285716,21.570650526548924,17141558.583679616
764.2857142857143,764.2857142857143,2937.1428571428573,21.534388611522562,17065620.65272032
764.2857142857143,764.2857142857143,3102.857142857143,21.501264539729892,16994889.288846664
764.2857142857143,764.2857142857143,3268.571428571429,21.47091242592047,16928819.946196146
764.2857142857143,764.2857142857143,3434.2857142857147,21.44301744832555,16866952.531785466
764.2857142857143,764.2857142857143,3600.0,21.41730795460886,16808892.434793204
764.2857142857143,811.4285714285714,120.0,23.158106381826883,42155335.58862007
764.2857142857143,811.4285714285714,285.7142857142857,22.96220126759447,26546564.21037771
764.2857142857143,811.4285714285714,451.42857142857144,22.794598182206954,22475197.946218885
764.2857142857143,811.4285714285714,617.1428571428571,22.63824785460534,20767406.35491491
764.2857142857143,811.4285714285714,782.8571428571429,22.493719766622835,19877716.635489035
764.2857142857143,811.4285714285714,948.5714285714287,22.362194645070403,19342835.650305647
764.2857142857143,811.4285714285714,1114.2857142857142,22.243902922696325,18983311.45922406
764.2857142857143,811.4285714285714,1280.0,22.138248590435747,18719230.858872116
764.2857142857143,811.4285714285714,1445.7142857142858,22.04417797826759,18511580.165156882
764.2857142857143,811.4285714285714,1611.4285714285716,21.960464973910614,18339914.741979722
764.2857142857143,811.4285714285714,1777.1428571428573,21.88588064065328,18192845.000620537
764.2857142857143,811.4285714285714,1942.857142857143,21.819279169712598,18063654.75928946
764.2857142857143,811.4285714285714,2108.5714285714284,21.75963338318297,17948160.545355294
764.2857142857143,811.4285714285714,2274.285714285714,21.706042718870656,17843614.173250854
764.2857142857143,811.4285714285714,2440.0,21.65772751487654,17748116.31259491
764.2857142857143,811.4285714285714,2605.714285714286,21.614017344182155,17660291.149913035
764.2857142857143,811.4285714285714,2771.4285714285716,21.57433751360787,17579099.44736725
764.2857142857143,811.4285714285714,2937.1428571428573,21.53819577841374,17503727.419877592
764.2857142857143,811.4285714285714,3102.857142857143,21.505170196348406,17433518.433044925
764.2857142857143,811.4285714285714,3268.571428571429,21.474898450694216,17367929.594270553
764.2857142857143,811.4285714285714,3434.2857142857147,21.447068673249227,17306503.226074424
764.2857142857143,811.4285714285714,3600.0,21.421411659750976,17248847.485885084
764.2857142857143,858.5714285714287,120.0,23.153651608447706,42801514.728389956
764.2857142857143,858.5714285714287,285.7142857142857,22.957648255381834,27068209.821004435
764.2857142857143,858.5714285714287,451.42857142857144,22.790834884684678,22942523.88587766
764.2857142857143,858.5714285714287,617.1428571428571,22.635437251797065,21211140.346798234
764.2857142857143,858.5714285714287,782.8571428571429,22.491887154430476,20310102.524854332
764.2857142857143,858.5714285714287,948.5714285714287,22.361286670970447,19769608.146395467
764.2857142857143,858.5714285714287,1114.2857142857142,22.24382661132954,19407411.955483798
764.2857142857143,858.5714285714287,1280.0,22.1388975606309,19142242.718289196
764.2857142857143,858.5714285714287,1445.7142857142858,22.045447448438583,18934373.556822218
764.2857142857143,858.5714285714287,1611.4285714285716,21.962259066226927,18762966.56979492
764.2857142857143,858.5714285714287,1777.1428571428573,21.88811512275876,18616408.56093891
764.2857142857143,858.5714285714287,1942.857142857143,21.821881765058013,18487853.948205594
764.2857142857143,858.5714285714287,2108.5714285714284,21.7625429234496,18373043.900517344
764.2857142857143,858.5714285714287,2274.285714285714,21.709207841515752,18269186.598053403
764.2857142857143,858.5714285714287,2440.0,21.661105268285535,18174357.994031265
764.2857142857143,858.5714285714287,2605.714285714286,21.617571871976192,18087168.944502063
764.2857142857143,858.5714285714287,2771.4285714285716,21.578038887585365,18006573.752495836
764.2857142857143,858.5714285714287,2937.1428571428573,21.542018997689617,17931756.300126914
764.2857142857143,858.5714285714287,3102.857142857143,21.5090943456529,17862060.060392577
764.2857142857143,858.5714285714287,3268.571428571429,21.478906000587394,17796943.646258198
764.2857142857143,858.5714285714287,3434.2857142857147,21.451144902092185,17735951.638925068
764.2857142857143,858.5714285714287,3600.0,21.425544177831686,17678694.80979068
764.2857142857143,905.7142857142858,120.0,23.14948069075254,43425808.555040725
764.2857142857143,905.7142857142858,285.7142857142857,22.953373465521956,27577068.530462727
764.2857142857143,905.7142857142858,451.42857142857144,22.787325228143512,23399181.8647662
764.2857142857143,905.7142857142858,617.1428571428571,22.632843929441503,21645039.065147873
764.2857142857143,905.7142857142858,782.8571428571429,22.490231586928154,20733041.533195697
764.2857142857143,905.7142857142858,948.5714285714287,22.360517062324746,20187123.67776909
764.2857142857143,905.7142857142858,1114.2857142857142,22.243854429062317,19822345.712664302
764.2857142857143,905.7142857142858,1280.0,22.139621935389975,19556125.333963048
764.2857142857143,905.7142857142858,1445.7142857142858,22.046769125835798,19348046.926725358
764.2857142857143,905.7142857142858,1611.4285714285716,21.96408719803116,19176892.70751785
764.2857142857143,905.7142857142858,1777.1428571428573,21.890369816749057,19030833.380463764
764.2857142857143,905.7142857142858,1942.857142857143,21.824494372951083,18902898.208790544
764.2857142857143,905.7142857142858,2108.5714285714284,21.765455249884184,18788755.386026606
764.2857142857143,905.7142857142858,2274.285714285714,21.712370927756663,18685570.76076467
764.2857142857143,905.7142857142858,2440.0,21.66447808822575,18591396.24139201
764.2857142857143,905.7142857142858,2605.714285714286,21.621120100625706,18504829.65697117
764.2857142857143,905.7142857142858,2771.4285714285716,21.581733807262736,18424818.942678884
764.2857142857143,905.7142857142858,2937.1428571428573,21.54583655871834,18350545.619927574
764.2857142857143,905.7142857142858,3102.857142857143,21.513014375342724,18281353.17766133
764.2857142857143,905.7142857142858,3268.571428571429,21.482911544667967,18216701.61251993
764.2857142857143,905.7142857142858,3434.2857142857147,21.455221679963078,18156137.631530516
764.2857142857143,905.7142857142858,3600.0,21.42968013344537,18099274.48741734
764.2857142857143,952.8571428571429,120.0,23.145568602323817,44029773.84929374
764.2857142857143,952.8571428571429,285.7142857142857,22.949349202946614,28074090.361628186
764.2857142857143,952.8571428571429,451.42857142857144,22.784041955739863,23845980.672830824
764.2857142857143,952.8571428571429,617.1428571428571,22.630442638150296,22069855.787358634
764.2857142857143,952.8571428571429,782.8571428571429,22.48873042418932,21147261.96817334
764.2857142857143,952.8571428571429,948.5714285714287,22.359865763426047,20596099.419150203
764.2857142857143,952.8571428571429,1114.2857142857142,22.243968547047132,20228825.667985734
764.2857142857143,952.8571428571429,1280.0,22.140405628905295,19961590.924520347
764.2857142857143,952.8571428571429,1445.7142857142858,22.048128175392197,19753313.52209651
764.2857142857143,952.8571428571429,1611.4285714285716,21.96593534094351,19582408.21888668
764.2857142857143,952.8571428571429,1777.1428571428573,21.89263112584567,19436836.60590824
764.2857142857143,952.8571428571429,1942.857142857143,21.827103524115017,19309506.759321548
764.2857142857143,952.8571428571429,2108.5714285714284,21.76835678113258,19196016.13972294
764.2857142857143,952.8571428571429,2274.285714285714,21.715518099640853,19093489.50359404
764.2857142857143,952.8571428571429,2440.0,21.667831660927867,18999955.365965363
764.2857142857143,952.8571428571429,2605.714285714286,21.624647177765603,18913998.83559465
764.2857142857143,952.8571428571429,2771.4285714285716,21.585406807773776,18834561.58614807
764.2857142857143,952.8571428571429,2937.1428571428573,21.549632332865627,18760822.770819217
764.2857142857143,952.8571428571429,3102.857142857143,21.516913459355642,18692125.825054083
764.2857142857143,952.8571428571429,3268.571428571429,21.48689753938627,18627932.02889721
764.2857142857143,952.8571428571429,3434.2857142857147,21.459280736201702,18567790.102553707
764.2857142857143,952.8571428571429,3600.0,21.433800527149568,18511315.665769022
764.2857142857143,1000.0,120.0,23.141893596211148,44614778.82948033
764.2857142857143,1000.0,285.7142857142857,22.94555167403209,28560106.95765383
764.2857142857143,1000.0,451.42857142857144,22.78096185104526,24283627.780331653
764.2857142857143,1000.0,617.1428571428571,22.628212066903714,22486249.203000415
764.2857142857143,1000.0,782.8571428571429,22.487364762248728,21553400.54484051
764.2857142857143,1000.0,948.5714285714287,22.3593162438999,20997162.24759677
764.2857142857143,1000.0,1114.2857142857142,22.244154491938854,20627474.91442729
764.2857142857143,1000.0,1280.0,22.141235800584372,20359261.897618398
764.2857142857143,1000.0,1445.7142857142858,22.04951295794655,20150796.613394752
764.2857142857143,1000.0,1611.4285714285716,21.967792667387034,19980137.9444647
764.2857142857143,1000.0,1777.1428571428573,21.894888703521396,19835044.89673634
764.2857142857143,1000.0,1942.857142857143,21.82969908371025,19708308.081238747
764.2857142857143,1000.0,2108.5714285714284,21.77123738042801,19595456.34253288
764.2857142857143,1000.0,2274.285714285714,21.718639052577092,19493574.52685517
764.2857142857143,1000.0,2440.0,21.671155387478027,19400668.387767684
764.2857142857143,1000.0,2605.714285714286,21.62814211547483,19315310.621538196
764.2857142857143,1000.0,2771.4285714285716,21.589046442823157,19236436.758489043
764.2857142857143,1000.0,2937.1428571428573,21.553394366041488,19163223.59282524
764.2857142857143,1000.0,3102.857142857143,21.520779101985635,19095014.45544917
764.2857142857143,1000.0,3268.571428571429,21.490850925724402,19031271.827792667
764.2857142857143,1000.0,3434.2857142857147,21.463308436155312,18971546.347760957
764.2857142857143,1000.0,3600.0,21.4378911435368,18915455.903470945
800.0,10.0,120.0,23.373229762292034,22599814.214085057
800.0,10.0,285.7142857142857,23.217998389550207,12115222.28206939
800.0,10.0,451.42857142857144,23.058327687563523,9659092.8606475
800.0,10.0,617.1428571428571,22.897587354079473,8601125.666400434
800.0,10.0,782.8571428571429,22.744564857444605,7995039.045678665
800.0,10.0,948.5714285714287,22.60562295187473,7576629.185426817
800.0,10.0,1114.2857142857142,22.48346782461244,7251704.0352879325
800.0,10.0,1280.0,22.378136739918563,6981914.381770811
800.0,10.0,1445.7142857142858,22.288239430064223,6749744.665368623
800.0,10.0,1611.4285714285716,22.211831057819293,6546087.930734285
800.0,10.0,1777.1428571428573,22.146899964631068,6365487.828919107
800.0,10.0,1942.857142857143,22.09159623398157,6204222.428391975
800.0,10.0,2108.5714285714284,22.044314408242055,6059495.334320607
800.0,10.0,2274.285714285714,22.00370348951497,5929073.444484543
800.0,10.0,2440.0,21.9686451916018,5811110.558090427
800.0,10.0,2605.714285714286,21.938221412750103,5704051.264602227
800.0,10.0,2771.4285714285716,21.911680790929072,5606571.450256799
800.0,10.0,2937.1428571428573,21.88840844913643,5517536.944322437
800.0,10.0,3102.857142857143,21.86790022953613,5435972.230049674
800.0,10.0,3268.571428571429,21.849741440437917,5361035.502433673
800.0,10.0,3434.2857142857147,21.8335896298381,5291998.210571245
800.0,10.0,3600.0,21.81916075203524,5228228.034479264
800.0,57.142857142857146,120.0,23.31315883301445,26583159.58465261
800.0,57.142857142857146,285.7142857142857,23.134863220081495,14844399.054248517
800.0,57.142857142857146,451.42857142857144,22.957809642615405,12060183.8731428
800.0,57.142857142857146,617.1428571428571,22.78226994073064,10878822.872115158
800.0,57.142857142857146,782.8571428571429,22.615496936925464,10222668.590671483
800.0,57.142857142857146,948.5714285714287,22.462921021546556,9785672.924848195
800.0,57.142857142857146,1114.2857142857142,22.326919174720697,9456120.089513313
800.0,57.142857142857146,1280.0,22.207584441496945,9187426.039421577
800.0,57.142857142857146,1445.7142857142858,22.103741154279167,8958103.552037688
800.0,57.142857142857146,1611.4285714285716,22.01367747857185,8757193.342871156
800.0,57.142857142857146,1777.1428571428573,21.935570783510702,8578461.773214519
800.0,57.142857142857146,1942.857142857143,21.86770011066998,8417946.652416058
800.0,57.142857142857146,2108.5714285714284,21.808533968992922,8272867.142133202
800.0,57.142857142857146,2274.285714285714,21.756752360065953,8141115.663295907
800.0,57.142857142857146,2440.0,21.711237424909893,8021007.7075716425
800.0,57.142857142857146,2605.714285714286,21.671051269871,7911150.111907425
800.0,57.142857142857146,2771.4285714285716,21.635410350818773,7810365.906695577
800.0,57.142857142857146,2937.1428571428573,21.603660793759207,7717647.476273058
800.0,57.142857142857146,3102.857142857143,21.57525642963314,7632124.747419153
800.0,57.142857142857146,3268.571428571429,21.549740033604873,7553041.952482804
800.0,57.142857142857146,3434.2857142857147,21.526727664818427,7479739.701339071
800.0,57.142857142857146,3600.0,21.505895762334998,7411640.620084096
800.0,104.28571428571429,120.0,23.281907315890187,28942393.919809904
800.0,104.28571428571429,285.7142857142857,23.095747024671095,16478433.751182297
800.0,104.28571428571429,451.42857142857144,22.915002014656025,13490280.19065971
800.0,104.28571428571429,617.1428571428571,22.737694104453603,12227891.117310282
800.0,104.28571428571429,782.8571428571429,22.569922143418864,11536068.90881048
800.0,104.28571428571429,948.5714285714287,22.416347890838917,11083828.544035641
800.0,104.28571428571429,1114.2857142857142,22.27897078549023,10748884.202941732
800.0,104.28571428571429,1280.0,22.1577817910411,10479532.082228063
800.0,104.28571428571429,1445.7142857142858,22.051649649876342,10251665.67940699
800.0,104.28571428571429,1611.4285714285716,21.958964290974258,10052971.922286162
800.0,104.28571428571429,1777.1428571428573,21.878013631667862,9876532.75828241
800.0,104.28571428571429,1942.857142857143,21.807174450775054,9718060.739380818
800.0,104.28571428571429,2108.5714285714284,21.744993329111832,9574641.598835686
800.0,104.28571428571429,2274.285714285714,21.690208759992657,9444134.56415125
800.0,104.28571428571429,2440.0,21.641744580292524,9324871.907316692
800.0,104.28571428571429,2605.714285714286,21.5986912246419,9215499.833648343
800.0,104.28571428571429,2771.4285714285716,21.56028330484274,9114888.675131468
800.0,104.28571428571429,2937.1428571428573,21.525877595329792,9022078.478752809
800.0,104.28571428571429,3102.857142857143,21.494933165647694,8936243.538762905
800.0,104.28571428571429,3268.571428571429,21.466994215349967,8856667.63854721
800.0,104.28571428571429,3434.2857142857147,21.441675600793353,8782725.73513183
800.0,104.28571428571429,3600.0,21.418650800385947,8713869.784030689
800.0,151.42857142857144,120.0,23.25959928681601,30782046.56673602
800.0,151.42857142857144,285.7142857142857,23.06928646168336,17769446.4876119
800.0,151.42857142857144,451.42857142857144,22.887620200486136,14620326.665196754
800.0,151.42857142857144,617.1428571428571,22.710790990866542,13292817.382405946
800.0,151.42857142857144,782.8571428571429,22.544027455972188,12571613.34165842
800.0,151.42857142857144,948.5714285714287,22.391415411544006,12106275.195747016
800.0,151.42857142857144,1114.2857142857142,22.25466161891344,11766265.551058544
800.0,151.42857142857144,1280.0,22.133664633111195,11495865.889825245
800.0,151.42857142857144,1445.7142857142858,22.027311257912213,11268887.801817974
800.0,151.42857142857144,1611.4285714285716,21.934057151109815,11071913.693651596
800.0,151.42857142857144,1777.1428571428573,21.85226815761023,10897441.906095233
800.0,151.42857142857144,1942.857142857143,21.780394226524496,10740885.79949499
800.0,151.42857142857144,2108.5714285714284,21.717043880653765,10599188.289580995
800.0,151.42857142857144,2274.285714285714,21.661005098008413,10470151.215269616
800.0,151.42857142857144,2440.0,21.611239802358714,10352095.142066754
800.0,151.42857142857144,2605.714285714286,21.56686695611549,10243677.922367955
800.0,151.42857142857144,2771.4285714285716,21.52714205510189,10143792.408081748
800.0,151.42857142857144,2937.1428571428573,21.491436820320217,10051505.163803564
800.0,151.42857142857144,3102.857142857143,21.45922074299913,9966017.32113963
800.0,151.42857142857144,3268.571428571429,21.43004504259751,9886637.9606416
800.0,151.42857142857144,3434.2857142857147,21.40352906523493,9812764.960179176
800.0,151.42857142857144,3600.0,21.379348915197333,9743870.549063638
800.0,198.57142857142858,120.0,23.242074748333042,32335718.78171943
800.0,198.57142857142858,285.7142857142857,23.04925051383881,18874276.49977402
800.0,198.57142857142858,451.42857142857144,22.86771117156991,15588698.161062647
800.0,198.57142857142858,617.1428571428571,22.692079849356613,14205383.6505286
800.0,198.57142857142858,782.8571428571429,22.52689746361899,13458657.090637265
800.0,198.57142857142858,948.5714285714287,22.37579976530764,12981673.369875843
800.0,198.57142857142858,1114.2857142857142,22.240262470557667,12636937.638445491
800.0,198.57142857142858,1280.0,22.120107403452298,12365343.502142213
800.0,198.57142857142858,1445.7142857142858,22.014230995364294,12138935.822711715
800.0,198.57142857142858,1611.4285714285716,21.921137290033343,11943347.952507023
800.0,198.57142857142858,1777.1428571428573,21.839251976021163,11770565.854468333
800.0,198.57142857142858,1942.857142857143,21.767082830620815,11615730.762830626
800.0,198.57142857142858,2108.5714285714284,21.703288675284632,11475647.412900498
800.0,198.57142857142858,2274.285714285714,21.6466988341377,11348054.233984284
800.0,198.57142857142858,2440.0,21.59630807653693,11231249.680545982
800.0,198.57142857142858,2605.714285714286,21.551260875627563,11123891.70766194
800.0,198.57142857142858,2771.4285714285716,21.510832220545716,11024884.589014657
800.0,198.57142857142858,2937.1428571428573,21.474408532551244,10933311.448743138
800.0,198.57142857142858,3102.857142857143,21.441470254625074,10848391.664019423
800.0,198.57142857142858,3268.571428571429,21.411576661052596,10769452.379164295
800.0,198.57142857142858,3434.2857142857147,21.384352932044994,10695908.402649859
800.0,198.57142857142858,3600.0,21.3594793136384,10627247.335123915
800.0,245.71428571428572,120.0,23.227611803443505,33701180.86651267
800.0,245.71428571428572,285.7142857142857,23.033157147442438,19857939.157837126
800.0,245.71428571428572,451.42857142857144,22.852223331045014,16452393.436709808
800.0,245.71428571428572,617.1428571428571,22.678047940039093,15019623.930221373
800.0,245.71428571428572,782.8571428571429,22.514609439217526,14250073.81233905
800.0,245.71428571428572,948.5714285714287,22.36517959982411,13762513.788694791
800.0,245.71428571428572,1114.2857142857142,22.231046680059187,13413348.461534379
800.0,245.71428571428572,1280.0,22.11196886067756,13140501.026570886
800.0,245.71428571428572,1445.7142857142858,22.006848735675877,12914462.925222421
800.0,245.71428571428572,1611.4285714285716,21.914228522540967,12720026.965989983
800.0,245.71428571428572,1777.1428571428573,21.832582231965386,12548719.396295749
800.0,245.71428571428572,1942.857142857143,21.76046512213695,12395432.10508325
800.0,245.71428571428572,2108.5714285714284,21.696577981537004,12256838.728074145
800.0,245.71428571428572,2274.285714285714,21.639785215686203,12130613.459777368
800.0,245.71428571428572,2440.0,21.589109973633033,12015028.165999027
800.0,245.71428571428572,2605.714285714286,21.543719217490914,11908735.0530419
800.0,245.71428571428572,2771.4285714285716,21.502905512953912,11810643.770051692
800.0,245.71428571428572,2937.1428571428573,21.466068883025095,11719848.331397133
800.0,245.71428571428572,3102.857142857143,21.432700214413806,11635581.309426207
800.0,245.71428571428572,3268.571428571429,21.402366744395902,11557183.548297983
800.0,245.71428571428572,3434.2857142857147,21.37469968139867,11484083.089401888
800.0,245.71428571428572,3600.0,21.349383797647267,11415779.812971197
800.0,292.8571428571429,120.0,23.21530565520346,34930410.994262114
800.0,292.8571428571429,285.7142857142857,23.019743893610578,20754729.616729368
800.0,292.8571428571429,451.42857142857144,22.839651151397895,17241342.087055128
800.0,292.8571428571429,617.1428571428571,22.667011253644922,15763821.456699757
800.0,292.8571428571429,782.8571428571429,22.505330693125636,14973480.456154538
800.0,292.8571428571429,948.5714285714287,22.35757907616457,14476177.555243485
800.0,292.8571428571429,1114.2857142857142,22.224888977652412,14122838.671711233
800.0,292.8571428571429,1280.0,22.106965184004412,13848720.060561808
800.0,292.8571428571429,1445.7142857142858,22.0027148148422,13622916.201430622
800.0,292.8571428571429,1611.4285714285716,21.910711536327565,13429460.45321104
800.0,292.8571428571429,1777.1428571428573,21.82946970369534,13259460.076428935
800.0,292.8571428571429,1942.857142857143,21.757584643459555,13107576.4836611
800.0,292.8571428571429,2108.5714285714284,21.693792939828473,12970359.354070334
800.0,292.8571428571429,2274.285714285714,21.63698925967241,12845419.680745877
800.0,292.8571428571429,2440.0,21.586221530103394,12731000.773930047
800.0,292.8571428571429,2605.714285714286,21.540676607527196,12625745.82620621
800.0,292.8571428571429,2771.4285714285716,21.499662831781453,12528566.209525736
800.0,292.8571428571429,2937.1428571428573,21.46259262932398,12438563.254275814
800.0,292.8571428571429,3102.857142857143,21.42896658286278,12354979.45162109
800.0,292.8571428571429,3268.571428571429,21.398359475069874,12277166.451839734
800.0,292.8571428571429,3434.2857142857147,21.370408363010807,12204563.03183294
800.0,292.8571428571429,3600.0,21.344802534220552,12136679.228584815
800.0,340.0,120.0,23.204613922652175,36054945.15257634
800.0,340.0,285.7142857142857,23.008275289184535,21585315.77960878
800.0,340.0,451.42857142857144,22.829140178615546,17973517.74717892
800.0,340.0,617.1428571428571,22.658037460099436,16454921.27254929
800.0,340.0,782.8571428571429,22.4980695757423,15645396.76993448
800.0,340.0,948.5714285714287,22.35195011667039,15139027.185358826
800.0,340.0,1114.2857142857142,22.22067988504445,14781738.066157186
800.0,340.0,1280.0,22.103918289822186,14506352.088990496
800.0,340.0,1445.7142857142858,22.000576125615027,14280687.733988445
800.0,340.0,1611.4285714285716,21.90925374679606,14088082.398975333
800.0,340.0,1777.1428571428573,21.828500010501394,13919256.989166353
800.0,340.0,1942.857142857143,21.75694475830845,13768658.231529381
800.0,340.0,2108.5714285714284,21.69335564506959,13632718.478034183
800.0,340.0,2274.285714285714,21.636653819412416,13508987.265965678
800.0,340.0,2440.0,21.58590908222887,13395678.602918897
800.0,340.0,2605.714285714286,21.540326018511028,13291424.75647058
800.0,340.0,2771.4285714285716,21.49922716897406,13195136.472170623
800.0,340.0,2937.1428571428573,21.462036250979683,13105919.9941834
800.0,340.0,3102.857142857143,21.42826278162172,13023025.469571155
800.0,340.0,3268.571428571429,21.397488590660515,12945813.316220013
800.0,340.0,3434.2857142857147,21.369356280628207,12873731.25908624
800.0,340.0,3600.0,21.34355949417361,12806297.951573083
800.0,387.14285714285717,120.0,23.19518261712593,37095619.820356555
800.0,387.14285714285717,285.7142857142857,22.99828345366995,22363271.990532134
800.0,387.14285714285717,451.42857142857144,22.820159155615052,18660691.880359806
800.0,387.14285714285717,617.1428571428571,22.650559523811587,17104000.899095815
800.0,387.14285714285717,782.8571428571429,22.492235466042924,16276609.00258551
800.0,387.14285714285717,948.5714285714287,22.347680087583132,15761737.92021835
800.0,387.14285714285717,1114.2857142857142,22.217780909080385,15400695.937446846
800.0,387.14285714285717,1280.0,22.10215830805126,15124058.837476177
800.0,387.14285714285717,1445.7142857142858,21.999726277336876,14898466.18987228
800.0,387.14285714285717,1611.4285714285716,21.909108314174144,14706610.849435454
800.0,387.14285714285717,1777.1428571428573,21.828883320841925,14538854.241458531
800.0,387.14285714285717,1942.857142857143,21.75771134928212,14389441.817206802
800.0,387.14285714285717,2108.5714285714284,21.694387405398892,14254694.611554574
800.0,387.14285714285717,2274.285714285714,21.637856094507452,14132102.705620736
800.0,387.14285714285717,2440.0,21.587206722516108,14019850.70090918
800.0,387.14285714285717,2605.714285714286,21.54165979683974,13916558.804665202
800.0,387.14285714285717,2771.4285714285716,21.50055071073001,13821135.563850418
800.0,387.14285714285717,2937.1428571428573,21.463313485272934,13732690.450340465
800.0,387.14285714285717,3102.857142857143,21.4294658640328,13650479.635030134
800.0,387.14285714285717,3268.571428571429,21.398596228918645,13573870.805489691
800.0,387.14285714285717,3434.2857142857147,21.370352393737594,13502319.302247124
800.0,387.14285714285717,3600.0,21.344432142345195,13435351.23298031
800.0,434.28571428571433,120.0,23.186766448491994,38067053.68009304
800.0,434.28571428571433,285.7142857142857,22.989451610906954,23098070.25982502
800.0,434.28571428571433,451.42857142857144,22.812355687889674,19311059.29161182
800.0,434.28571428571433,617.1428571428571,22.644208745029488,17718760.730965193
800.0,434.28571428571433,782.8571428571429,22.48745171999594,16874607.69016441
800.0,434.28571428571433,948.5714285714287,22.34438526739992,16351718.462935647
800.0,434.28571428571433,1114.2857142857142,22.215798256989558,15987100.257584909
800.0,434.28571428571433,1280.0,22.101277130927826,15709235.768874852
800.0,434.28571428571433,1445.7142857142858,21.99973879392568,15483665.809370194
800.0,434.28571428571433,1611.4285714285716,21.909827144135374,15292481.425736712
800.0,434.28571428571433,1777.1428571428573,21.83014762240329,15125707.189259749
800.0,434.28571428571433,1942.857142857143,21.75938706355406,14977398.827750219
800.0,434.28571428571433,2108.5714285714284,21.696364828660215,14843771.479132937
800.0,434.28571428571433,2274.285714285714,21.6400465130772,14722257.822950915
800.0,434.28571428571433,2440.0,21.589538969515797,14611013.308266118
800.0,434.28571428571433,2605.714285714286,21.544077110918074,14508645.420596896
800.0,434.28571428571433,2771.4285714285716,21.503008029362107,14414059.42996279
800.0,434.28571428571433,2937.1428571428573,21.46577518562773,14326366.815894892
800.0,434.28571428571433,3102.857142857143,21.431903912269135,14244828.558506437
800.0,434.28571428571433,3268.571428571429,21.400988680740337,14168818.479708994
800.0,434.28571428571433,3434.2857142857147,21.372682187269017,14097798.511887513
800.0,434.28571428571433,3600.0,21.346686129635426,14031301.314313838
800.0,481.42857142857144,120.0,23.17918769045488,38979971.93638325
800.0,481.42857142857144,285.7142857142857,22.98155506128314,23796624.9501906
800.0,481.42857142857144,451.42857142857144,22.805484395699153,19930590.19825437
800.0,481.42857142857144,617.1428571428571,22.638733038612358,18304804.019133534
800.0,481.42857142857144,782.8571428571429,22.483465480532573,17444838.9576728
800.0,481.42857142857144,948.5714285714287,22.34181249708287,16914352.54512808
800.0,481.42857142857144,1114.2857142857142,22.21447610675263,16546317.966909718
800.0,481.42857142857144,1280.0,22.10101296626479,16267254.47305948
800.0,481.42857142857144,1445.7142857142858,22.000342707669997,16041671.764702467
800.0,481.42857142857144,1611.4285714285716,21.911127446644038,15851095.333679382
800.0,481.42857142857144,1777.1428571428573,21.831996335379078,15685232.288551273
800.0,481.42857142857144,1942.857142857143,21.761660202965935,15537958.714914745
800.0,481.42857142857144,2108.5714285714284,21.698960306335987,15405388.748716203
800.0,481.42857142857144,2274.285714285714,21.642881186628752,15284899.687931463
800.0,481.42857142857144,2440.0,21.592545603282126,15174618.286249297
800.0,481.42857142857144,2605.714285714286,21.54720158910041,15073138.949231083
800.0,481.42857142857144,2771.4285714285716,21.50620694364443,14979362.920822078
800.0,481.42857142857144,2937.1428571428573,21.46901381287464,14892402.7860145
800.0,481.42857142857144,3102.857142857143,21.43515455070986,14811523.408758057
800.0,481.42857142857144,3268.571428571429,21.404229296151374,14736103.86425983
800.0,481.42857142857144,3434.2857142857147,21.375895318362286,14665611.87185852
800.0,481.42857142857144,3600.0,21.349858005960392,14599585.925343873
800.0,528.5714285714286,120.0,23.172313033171204,39842520.79085185
800.0,528.5714285714286,285.7142857142857,22.97442853124715,24464162.95571717
800.0,528.5714285714286,451.42857142857144,22.79936781866653,20523790.087359555
800.0,528.5714285714286,617.1428571428571,22.633953149844416,18866355.035556134
800.0,528.5714285714286,782.8571428571429,22.480100029517416,17991405.82149056
800.0,528.5714285714286,948.5714285714287,22.339787834084866,17453694.30825261
800.0,528.5714285714286,1114.2857142857142,22.21364140234194,17082389.4072827
800.0,528.5714285714286,1280.0,22.101191028475714,16802158.21723986
800.0,528.5714285714286,1445.7142857142858,22.00135894377252,16576537.438091915
800.0,528.5714285714286,1611.4285714285716,21.912823701931536,16386518.277761064
800.0,528.5714285714286,1777.1428571428573,21.83423584141486,16221507.248495053
800.0,528.5714285714286,1942.857142857143,21.764327876025714,16075209.691902345
800.0,528.5714285714286,2108.5714285714284,21.7019609071988,15943643.18026306
800.0,528.5714285714286,2274.285714285714,21.646136703647787,15824131.575852511
800.0,528.5714285714286,2440.0,21.59599254144122,15714773.510428706
800.0,528.5714285714286,2605.714285714286,21.55078847329862,15614150.152132468
800.0,528.5714285714286,2771.4285714285716,21.509892149086728,15521158.197463935
800.0,528.5714285714286,2937.1428571428573,21.47276373953934,15434910.659609405
800.0,528.5714285714286,3102.857142857143,21.43894211594841,15354675.568702443
800.0,528.5714285714286,3268.571428571429,21.40803270368493,15279836.556901015
800.0,528.5714285714286,3434.2857142857147,21.379697059325615,15209866.48601177
800.0,528.5714285714286,3600.0,21.35364405090053,15144309.104470946
800.0,575.7142857142858,120.0,23.166039674361304,40661061.373576194
800.0,575.7142857142858,285.7142857142857,22.967946868503585,25104747.415516894
800.0,575.7142857142858,451.42857142857144,22.793873648205196,21094156.085025188
800.0,575.7142857142858,617.1428571428571,22.62973752064761,19406689.798256967
800.0,575.7142857142858,782.8571428571429,22.477227795584415,18517488.40875504
800.0,575.7142857142858,948.5714285714287,22.33818779526514,17972884.735984877
800.0,575.7142857142858,1114.2857142857142,22.213173216277657,17598444.064334325
800.0,575.7142857142858,1280.0,22.10169084610033,17317078.322669104
800.0,575.7142857142858,1445.7142857142858,22.00266541923169,17091401.86265021
800.0,575.7142857142858,1611.4285714285716,21.914790449320872,16901898.956409186
800.0,575.7142857142858,1777.1428571428573,21.83673591737605,16737690.37363432
800.0,575.7142857142858,1942.857142857143,21.767254080386856,16592318.64476668
800.0,575.7142857142858,2108.5714285714284,21.705224149806725,16461708.822477566
800.0,575.7142857142858,2274.285714285714,21.64966366000634,16343133.189440388
800.0,575.7142857142858,2440.0,21.599723212802726,16234662.89397334
800.0,575.7142857142858,2605.714285714286,21.55467393133919,16134865.845815163
800.0,575.7142857142858,2771.4285714285716,21.513892569552063,16042633.834931903
800.0,575.7142857142858,2937.1428571428573,21.47684674245975,15957079.789366268
800.0,575.7142857142858,3102.857142857143,21.443081390802625,15877474.341355246
800.0,575.7142857142858,3268.571428571429,21.412206883141234,15803205.121653004
800.0,575.7142857142858,3434.2857142857147,21.383888802410556,15733749.610924268
800.0,575.7142857142858,3600.0,21.3578392990643,15668656.33653892
800.0,622.8571428571429,120.0,23.16028651825137,41440674.786208406
800.0,622.8571428571429,285.7142857142857,22.96201301138606,25721609.772487745
800.0,622.8571428571429,451.42857142857144,22.788900737747213,21644465.788469538
800.0,622.8571428571429,617.1428571428571,22.625987052449076,19928408.344081905
800.0,622.8571428571429,782.8571428571429,22.474754194803896,19025609.375464976
800.0,622.8571428571429,948.5714285714287,22.33692233002026,18474414.548951335
800.0,622.8571428571429,1114.2857142857142,22.21298477198967,18096962.957697455
800.0,622.8571428571429,1280.0,22.102427208668207,17814496.934151944
800.0,622.8571428571429,1445.7142857142858,22.00417680032167,17588753.177600715
800.0,622.8571428571429,1611.4285714285716,21.91694077334998,17399733.221884605
800.0,622.8571428571429,1777.1428571428573,21.83940690379201,17236285.31478508
800.0,622.8571428571429,1942.857142857143,21.770345538843628,17091796.310016934
800.0,622.8571428571429,2108.5714285714284,21.708652516174386,16962102.44438275
800.0,622.8571428571429,2274.285714285714,21.65335987862558,16844426.183409628
800.0,622.8571428571429,2440.0,21.603630523771407,16736811.86436038
800.0,622.8571428571429,2605.714285714286,21.55874581877206,16637814.212210113
800.0,622.8571428571429,2771.4285714285716,21.51809096757892,16546319.869727593
800.0,622.8571428571429,2937.1428571428573,21.48114051672067,16461441.28887404
800.0,622.8571428571429,3102.857142857143,21.44744507719631,16382451.256180007
800.0,622.8571428571429,3268.571428571429,21.416619651794456,16308740.94815901
800.0,622.8571428571429,3434.2857142857147,21.38833361198522,16239792.033891063
800.0,622.8571428571429,3600.0,21.36230220864674,16175157.424797002
800.0,670.0,120.0,23.154988368487665,42185497.14921669
800.0,670.0,285.7142857142857,22.956550164543856,26317369.393388107
800.0,670.0,451.42857142857144,22.784370123623425,22176967.987887755
800.0,670.0,617.1428571428571,22.622625449643916,20433614.326632846
800.0,670.0,782.8571428571429,22.472607511954074,19517808.860138826
800.0,670.0,948.5714285714287,22.335924272290466,18960297.41879747
800.0,670.0,1114.2857142857142,22.21301240581945,18579951.481801882
800.0,670.0,1280.0,22.103338548571,18296420.09701809
800.0,670.0,1445.7142857142858,22.00583222003637,18070602.1636749
800.0,670.0,1611.4285714285716,21.91921329288661,17882038.10138475
800.0,670.0,1777.1428571428573,21.842185925168685,17719315.51123604
800.0,670.0,1942.857142857143,21.77353713150278,17575672.036455493
800.0,670.0,2108.5714285714284,21.71217809346599,17446858.507078685
800.0,670.0,2274.285714285714,21.657154271070304,17330049.242187772
800.0,670.0,2440.0,21.607639959199503,17223262.45497872
800.0,670.0,2605.714285714286,21.562926044308153,17125039.825835947
800.0,670.0,2771.4285714285716,21.52240560340564,17034262.697807968
800.0,670.0,2937.1428571428573,21.48555965924646,16950042.749092896
800.0,670.0,3102.857142857143,21.451944136065087,16871654.562508624
800.0,670.0,3268.571428571429,21.42117839227013,16798492.489769507
800.0,670.0,3434.2857142857147,21.39293537137835,16730042.031118624
800.0,670.0,3600.0,21.366933257194937,16665860.151044304
800.0,717.1428571428572,120.0,23.150091961487686,42898949.72886803
800.0,717.1428571428572,285.7142857142857,22.951496527049297,26894183.98801686
800.0,717.1428571428572,451.42857142857144,22.78021904969694,22693513.10466546
800.0,717.1428571428572,617.1428571428571,22.61959287000656,20924037.732796166
800.0,717.1428571428572,782.8571428571429,22.47073232327353,19995763.95323289
800.0,717.1428571428572,948.5714285714287,22.335142555936848,19432188.203395978
800.0,717.1428571428572,1114.2857142857142,22.21320853005932,19049057.36089261
800.0,717.1428571428572,1280.0,22.104379585693323,18764495.864166893
800.0,717.1428571428572,1445.7142857142858,22.0075875414792,18538600.666178294
800.0,717.1428571428572,1611.4285714285716,21.921563993973674,18350470.56382084
800.0,717.1428571428572,1777.1428571428573,21.845028258894814,18188443.26355393
800.0,717.1428571428572,1942.857142857143,21.77678278193523,18045613.09906649
800.0,717.1428571428572,2108.5714285714284,21.715752970490154,17917648.646508053
800.0,717.1428571428572,2274.285714285714,21.660996746561665,17801677.662069246
800.0,717.1428571428572,2440.0,21.61169901265257,17695692.92439519
800.0,717.1428571428572,2605.714285714286,21.567159534585738,17598223.256675553
800.0,717.1428571428572,2771.4285714285716,21.52677875041204,17508144.61639834
800.0,717.1428571428572,2937.1428571428573,21.490043752834335,17424567.682594553
800.0,717.1428571428572,3102.857142857143,21.456515458774962,17346768.54691177
800.0,717.1428571428572,3268.571428571429,21.425817330403802,17274144.43094046
800.0,717.1428571428572,3434.2857142857147,21.39762568606554,17206184.367273588
800.0,717.1428571428572,3600.0,21.37166148855233,17142449.093804263
800.0,764.2857142857143,120.0,23.145553176772676,43583901.68919227
800.0,764.2857142857143,285.7142857142857,22.946801632732825,27453855.70802005
800.0,764.2857142857143,451.42857142857144,22.776396867631384,23195645.077318195
800.0,764.2857142857143,617.1428571428571,22.616841617519643,21401121.258247398
800.0,764.2857142857143,782.8571428571429,22.469085084136438,20460872.741129033
800.0,764.2857142857143,948.5714285714287,22.33453770996607,19891466.093390454
800.0,764.2857142857143,1114.2857142857142,22.213537001955043,19505653.58214783
800.0,764.2857142857143,1280.0,22.10551652103105,19220097.329743817
800.0,764.2857142857143,1445.7142857142858,22.0094103287822,18994124.852258686
800.0,764.2857142857143,1611.4285714285716,21.923960939993613,18806411.02591331
800.0,764.2857142857143,1777.1428571428573,21.847901757704175,18645053.466149304
800.0,764.2857142857143,1942.857142857143,21.78004957530409,18503008.61521581
800.0,764.2857142857143,2108.5714285714284,21.719343043401054,18375865.724325117
800.0,764.2857142857143,2274.285714285714,21.664851703762338,18260707.488924637
800.0,764.2857142857143,2440.0,21.615770367651702,18155501.937576108
800.0,764.2857142857143,2605.714285714286,21.571407111671594,18058765.257340614
800.0,764.2857142857143,2771.4285714285716,21.531169277988944,17969367.985450566
800.0,764.2857142857143,2937.1428571428573,21.49454966496083,17886419.63321036
800.0,764.2857142857143,3102.857142857143,21.461113893266862,17809197.569877237
800.0,764.2857142857143,3268.571428571429,21.4304893005041,17737101.6340609
800.0,764.2857142857143,3434.2857142857147,21.402355399889025,17669624.13921143
800.0,764.2857142857143,3600.0,21.376435791708253,17606329.35875041
800.0,811.4285714285714,120.0,23.141335025580684,44242788.104221754
800.0,811.4285714285714,285.7142857142857,22.942423744047918,27997907.88823232
800.0,811.4285714285714,451.42857142857144,22.772862149536774,23684667.744875908
800.0,811.4285714285714,617.1428571428571,22.614333141655717,21866082.664126992
800.0,811.4285714285714,782.8571428571429,22.467631087900777,20914314.949992955
800.0,811.4285714285714,948.5714285714287,22.334078784986747,20339294.589449957
800.0,811.4285714285714,1114.2857142857142,22.213969992047016,19950898.208056264
800.0,811.4285714285714,1280.0,22.106723809806365,19664382.509547416
800.0,811.4285714285714,1445.7142857142858,22.01127648895936,19438335.253080066
800.0,811.4285714285714,1611.4285714285716,21.926380752733767,19251023.578115273
800.0,811.4285714285714,1777.1428571428573,21.85078314837161,19090314.003578354
800.0,811.4285714285714,1942.857142857143,21.783313860571585,18949030.082348526
800.0,811.4285714285714,2108.5714285714284,21.722923913540814,18822684.4729223
800.0,811.4285714285714,2274.285714285714,21.66869372126783,18708316.236801352
800.0,811.4285714285714,2440.0,21.619827381481077,18603869.327174038
800.0,811.4285714285714,2605.714285714286,21.5756407734794,18507847.54003405
800.0,811.4285714285714,2771.4285714285716,21.535547733679003,18419115.997344494
800.0,811.4285714285714,2937.1428571428573,21.499046437954075,18336782.919399906
800.0,811.4285714285714,3102.857142857143,21.465706949304675,18260126.76724997
800.0,811.4285714285714,3268.571428571429,21.43516027311742,18188549.786398288
800.0,811.4285714285714,3434.2857142857147,21.407088952932742,18121547.358448703
800.0,811.4285714285714,3600.0,21.381219096357487,18058687.088908046
800.0,858.5714285714287,120.0,23.13740616907644,44877697.39555783
800.0,858.5714285714287,285.7142857142857,22.938327954731882,28527641.772394396
800.0,858.5714285714287,451.42857142857144,22.769580607877554,24161693.864077315
800.0,858.5714285714287,617.1428571428571,22.612035897914875,22319960.790717103
800.0,858.5714285714287,782.8571428571429,22.466342320065923,21357096.675905254
800.0,858.5714285714287,948.5714285714287,22.333741206102165,20776665.72796085
800.0,858.5714285714287,1114.2857142857142,22.214485815946098,20385778.473043974
800.0,858.5714285714287,1280.0,22.107981943730756,20098338.48454789
800.0,858.5714285714287,1445.7142857142858,22.01316797689612,19872221.02666985
800.0,858.5714285714287,1611.4285714285716,21.928806217025457,19685300.38554332
800.0,858.5714285714287,1777.1428571428573,21.853655518727653,19525220.281578846
800.0,858.5714285714287,1942.857142857143,21.78655860811771,19384676.019088376
800.0,858.5714285714287,2108.5714285714284,21.72647810853912,19259106.222360473
800.0,858.5714285714287,2274.285714285714,21.672504638741017,19145507.676339205
800.0,858.5714285714287,2440.0,21.62385102569393,19041800.920938727
800.0,858.5714285714287,2605.714285714286,21.57984049501603,18946477.623135325
800.0,858.5714285714287,2771.4285714285716,21.539893007967255,18858397.525693815
800.0,858.5714285714287,2937.1428571428573,21.503511821107786,18776667.471077412
800.0,858.5714285714287,3102.857142857143,21.470271202320244,18700566.863377113
800.0,858.5714285714287,3268.571428571429,21.439805635383326,18629500.18005206
800.0,858.5714285714287,3434.2857142857147,21.411800543352342,18562965.69029803
800.0,858.5714285714287,3600.0,21.38598442121976,18500534.15693841
800.0,905.7142857142858,120.0,23.133739806000765,45490437.34862826
800.0,905.7142857142858,285.7142857142857,22.934484781547184,29044179.246524688
800.0,905.7142857142858,451.42857142857144,22.76652356693376,24627681.999900002
800.0,905.7142857142858,617.1428571428571,22.609923791201382,22763650.16703531
800.0,905.7142857142858,782.8571428571429,22.465195912716567,21790084.015684586
800.0,905.7142857142858,948.5714285714287,22.333505241668313,21204433.323809877
800.0,905.7142857142858,1114.2857142857142,22.21506740189711,20811143.9239831
800.0,905.7142857142858,1280.0,22.109275895371113,20522814.574220788
800.0,905.7142857142858,1445.7142857142858,22.015071194893842,20296633.22078631
800.0,905.7142857142858,1611.4285714285716,21.931224617282304,20110095.056231704
800.0,905.7142857142858,1777.1428571428573,21.856506577323053,19950628.696027976
800.0,905.7142857142858,1942.857142857143,21.789771582791687,19810805.52077592
800.0,905.7142857142858,2108.5714285714284,21.729993162527908,19685992.524912763
800.0,905.7142857142858,2274.285714285714,21.676271540872154,19573145.510423977
800.0,905.7142857142858,2440.0,21.62782777254538,19470162.251799215
800.0,905.7142857142858,2605.714285714286,21.583992017602196,19375522.56090223
800.0,905.7142857142858,2771.4285714285716,21.544190027744634,19288080.86191624
800.0,905.7142857142858,2937.1428571428573,21.507929870635216,19206942.56229988
800.0,905.7142857142858,3102.857142857143,21.47478980263424,19131387.890993875
800.0,905.7142857142858,3268.571428571429,21.44440761263084,19060823.411732998
800.0,905.7142857142858,3434.2857142857147,21.416471464642274,18994750.127632286
800.0,905.7142857142858,3600.0,21.39071213035455,18932741.808167063
800.0,952.8571428571429,120.0,23.13031282370407,46082585.78978633
800.0,952.8571428571429,285.7142857142857,22.93086910106347,29548495.573832117
800.0,952.8571428571429,451.42857142857144,22.763666819725803,25083464.759658154
800.0,952.8571428571429,617.1428571428571,22.607975022802144,23197927.48504265
800.0,952.8571428571429,782.8571428571429,22.464173010917865,22214028.7831337
800.0,952.8571428571429,948.5714285714287,22.333354891143696,21623338.383745227
800.0,952.8571428571429,1114.2857142857142,22.21570118783074,21227731.751589913
800.0,952.8571428571429,1280.0,22.110594007154877,20938547.69121582
800.0,952.8571428571429,1445.7142857142858,22.016975856605768,20712310.195784055
800.0,952.8571428571429,1611.4285714285716,21.93362656191638,20526148.14555002
800.0,952.8571428571429,1777.1428571428573,21.85932742713915,20367282.2162683
800.0,952.8571428571429,1942.857142857143,21.792944058875367,20228163.911586013
800.0,952.8571428571429,2108.5714285714284,21.73346026701366,20104090.863007613
800.0,952.8571428571429,2274.285714285714,21.679985340985212,19991979.12457826
800.0,952.8571428571429,2440.0,21.63174810983156,19889704.338125706
800.0,952.8571428571429,2605.714285714286,21.588085294694835,19795734.742362034
800.0,952.8571428571429,2771.4285714285716,21.54842813377544,19708919.523014743
800.0,952.8571428571429,2937.1428571428573,21.51228926008903,19628362.619678188
800.0,952.8571428571429,3102.857142857143,21.47925072057792,19553344.99336802
800.0,952.8571428571429,3268.571428571429,21.44895345024061,19483275.172955878
800.0,952.8571428571429,3434.2857142857147,21.42108822645237,19417656.76449196
800.0,952.8571428571429,3600.0,21.395387995237922,19356066.413871616
800.0,1000.0,120.0,23.127105140597536,46655530.06586844
800.0,1000.0,285.7142857142857,22.927459334682705,30041444.845353127
800.0,1000.0,451.42857142857144,22.7609897597743,25529770.726494372
800.0,1000.0,617.1428571428571,22.60617122259848,23623472.155967165
800.0,1000.0,782.8571428571429,22.463257927698713,22629588.47027246
800.0,1000.0,948.5714285714287,22.333277064092584,22034028.82808798
800.0,1000.0,1114.2857142857142,22.21637631460556,21636186.445766605
800.0,1000.0,1280.0,22.11192718518274,21346182.01336383
800.0,1000.0,1445.7142857142858,22.01887416788715,21119897.349266462
800.0,1000.0,1611.4285714285716,21.93600513964662,20934106.944752686
800.0,1000.0,1777.1428571428573,21.862111688280322,20775830.236181933
800.0,1000.0,1942.857142857143,21.796069902514336,20637402.650774766
800.0,1000.0,2108.5714285714284,21.736873308497767,20514054.600936748
800.0,1000.0,2274.285714285714,21.683639770995185,20402663.57397988
800.0,1000.0,2440.0,21.63560548165117,20301083.696436465
800.0,1000.0,2605.714285714286,21.592113382916416,20207771.921051208
800.0,1000.0,2771.4285714285716,21.55259992219167,20121572.290808484
800.0,1000.0,2937.1428571428573,21.516582073045324,20041587.264667705
800.0,1000.0,3102.857142857143,21.4836454914603,19967098.464249928
800.0,1000.0,3268.571428571429,21.453434112237304,19897516.28317097
800.0,1000.0,3434.2857142857147,21.425641208306015,19832346.818723883
800.0,1000.0,3600.0,21.40000180519913,19771169.480443936
