sigma0,K,tau,wrmse,scale
50.0,10.0,120.0,8.416839711882744,358536.32170948246
50.0,10.0,285.7142857142857,8.368976274989521,11878801.904765543
50.0,10.0,451.42857142857144,8.164009612128542,20680267.988634888
50.0,10.0,617.1428571428571,8.040891713276794,16400641.481475027
50.0,10.0,782.8571428571429,7.971719433627738,12122967.000133768
50.0,10.0,948.5714285714287,7.928951390650542,9327193.151782792
50.0,10.0,1114.2857142857142,7.902655096806288,7507604.236748226
50.0,10.0,1280.0,7.88671192231075,6273804.76328851
50.0,10.0,1445.7142857142858,7.877208752929163,5400863.680782305
50.0,10.0,1611.4285714285716,7.8717127235990905,4759722.632250473
50.0,10.0,1777.1428571428573,7.868726320274715,4273644.83608202
50.0,10.0,1942.857142857143,7.86732371778821,3895112.2862673216
50.0,10.0,2108.5714285714284,7.866926031502576,3593553.30407016
50.0,10.0,2274.285714285714,7.867166323246796,3348611.9044605102
50.0,10.0,2440.0,7.867808819970724,3146315.7515104376
50.0,10.0,2605.714285714286,7.868700177033506,2976813.3175444286
50.0,10.0,2771.4285714285716,7.86973967094223,2832991.7332839966
50.0,10.0,2937.1428571428573,7.870860678777943,2709606.2136584446
50.0,10.0,3102.857142857143,7.872018981684373,2602716.2600313844
50.0,10.0,3268.571428571429,7.873185260056845,2509311.260535445
50.0,10.0,3434.2857142857147,7.874340205761802,2427056.1619696254
50.0,10.0,3600.0,7.87547129458052,2354115.120956519
50.0,57.142857142857146,120.0,8.411473706732544,3441336.408711498
50.0,57.142857142857146,285.7142857142857,8.34191819041159,4653362.070635499
50.0,57.142857142857146,451.42857142857144,8.230973716222715,4122265.4825259107
50.0,57.142857142857146,617.1428571428571,8.107539437746349,3775310.3894745633
50.0,57.142857142857146,782.8571428571429,7.986429735961609,3530975.300228002
50.0,57.142857142857146,948.5714285714287,7.875378475842919,3340116.9971447513
50.0,57.142857142857146,1114.2857142857142,7.77728967043745,3182501.4816236557
50.0,57.142857142857146,1280.0,7.692311306684484,3048777.5927838413
50.0,57.142857142857146,1445.7142857142858,7.619321413591603,2933701.4175487612
50.0,57.142857142857146,1611.4285714285716,7.5567692961757205,2833781.076355427
50.0,57.142857142857146,1777.1428571428573,7.503084046119471,2746424.1010805657
50.0,57.142857142857146,1942.857142857143,7.456844155729967,2669594.7862136075
50.0,57.142857142857146,2108.5714285714284,7.416829143165767,2601651.523205861
50.0,57.142857142857146,2274.285714285714,7.382018309968937,2541253.1040302454
50.0,57.142857142857146,2440.0,7.3515689583984,2487295.512395428
50.0,57.142857142857146,2605.714285714286,7.324789097539869,2438865.0353010353
50.0,57.142857142857146,2771.4285714285716,7.30111107380823,2395201.8380945656
50.0,57.142857142857146,2937.1428571428573,7.280068483882905,2355671.0999441836
50.0,57.142857142857146,3102.857142857143,7.261276891696638,2319739.951131668
50.0,57.142857142857146,3268.571428571429,7.2444181113523225,2286958.9753471254
50.0,57.142857142857146,3434.2857142857147,7.229227557703262,2256947.3357393434
50.0,57.142857142857146,3600.0,7.215484126354085,2229380.785231163
50.0,104.28571428571429,120.0,8.4108171082084,2616583.6935153343
50.0,104.28571428571429,285.7142857142857,8.353329746306827,3041279.1929276716
50.0,104.28571428571429,451.42857142857144,8.248053215760276,3112990.6959365914
50.0,104.28571428571429,617.1428571428571,8.122815340011908,3128076.1448984505
50.0,104.28571428571429,782.8571428571429,7.994141278808328,3118435.5179783343
50.0,104.28571428571429,948.5714285714287,7.871251529747276,3093239.812480113
50.0,104.28571428571429,1114.2857142857142,7.758497689111603,3058708.118074376
50.0,104.28571428571429,1280.0,7.657284567091556,3019365.4272978697
50.0,104.28571428571429,1445.7142857142858,7.567450033466012,2978254.665494846
50.0,104.28571428571429,1611.4285714285716,7.488108308575274,2937283.5285284193
50.0,104.28571428571429,1777.1428571428573,7.4181133151446055,2897573.6978535354
50.0,104.28571428571429,1942.857142857143,7.356292672777479,2859733.864330994
50.0,104.28571428571429,2108.5714285714284,7.301554600519582,2824050.4522573245
50.0,104.28571428571429,2274.285714285714,7.252928366191981,2790613.586629792
50.0,104.28571428571429,2440.0,7.209571870497983,2759397.7715428965
50.0,104.28571428571429,2605.714285714286,7.170764201403254,2730312.5807883097
50.0,104.28571428571429,2771.4285714285716,7.135892302684873,2703234.0352749685
50.0,104.28571428571429,2937.1428571428573,7.104436253371935,2678023.72547876
50.0,104.28571428571429,3102.857142857143,7.075955227662257,2654540.2252261075
50.0,104.28571428571429,3268.571428571429,7.050074967884828,2632645.6876357906
50.0,104.28571428571429,3434.2857142857147,7.026476993961137,2612209.4501953362
50.0,104.28571428571429,3600.0,7.004889490085509,2593109.8003805745
50.0,151.42857142857144,120.0,8.410407743586898,2162942.55981608
50.0,151.42857142857144,285.7142857142857,8.356625366622248,2575041.5404510773
50.0,151.42857142857144,451.42857142857144,8.25629375804115,2806310.010789622
50.0,151.42857142857144,617.1428571428571,8.134870450846925,2936408.6934115402
50.0,151.42857142857144,782.8571428571429,8.008305988834145,3011615.848632453
50.0,151.42857142857144,948.5714285714287,7.88569559110403,3052057.419593995
50.0,151.42857142857144,1114.2857142857142,7.771582119242121,3069827.2797637414
50.0,151.42857142857144,1280.0,7.667712149027704,3072928.966280927
50.0,151.42857142857144,1445.7142857142858,7.574284915394358,3066709.581946101
50.0,151.42857142857144,1611.4285714285716,7.490730620924594,3054719.9535151245
50.0,151.42857142857144,1777.1428571428573,7.416153776079761,3039303.3631462613
50.0,151.42857142857144,1942.857142857143,7.349569301559227,3021998.2619867185
50.0,151.42857142857144,2108.5714285714284,7.290019727669288,3003809.094732792
50.0,151.42857142857144,2274.285714285714,7.236627369965438,2985386.35380159
50.0,151.42857142857144,2440.0,7.188612363416457,2967145.7133572954
50.0,151.42857142857144,2605.714285714286,7.1452936290928,2949346.8454546244
50.0,151.42857142857144,2771.4285714285716,7.106081967452278,2932145.7022671327
50.0,151.42857142857144,2937.1428571428573,7.070470098421264,2915629.339254353
50.0,151.42857142857144,3102.857142857143,7.038022083978941,2899839.2150565917
50.0,151.42857142857144,3268.571428571429,7.008363289243259,2884786.848335515
50.0,151.42857142857144,3434.2857142857147,6.981171364257749,2870464.3756021685
50.0,151.42857142857144,3600.0,6.956168384109317,2856851.6864939085
50.0,198.57142857142858,120.0,8.409849079573247,1956958.4428986402
50.0,198.57142857142858,285.7142857142857,8.357854489526535,2378338.8040021653
50.0,198.57142857142858,451.42857142857144,8.261919895386214,2675874.4179548244
50.0,198.57142857142858,617.1428571428571,8.145573296719782,2861269.8489394
50.0,198.57142857142858,782.8571428571429,8.02375763829088,2980977.659326414
50.0,198.57142857142858,948.5714285714287,7.905044213219419,3057937.6951184385
50.0,198.57142857142858,1114.2857142857142,7.793809329477238,3106119.3815568956
50.0,198.57142857142858,1280.0,7.691844209200013,3134788.3471226515
50.0,198.57142857142858,1445.7142857142858,7.599485989846212,3150217.3462055423
50.0,198.57142857142858,1611.4285714285716,7.516326519907501,3156674.0444995826
50.0,198.57142857142858,1777.1428571428573,7.441622305382659,3157071.039110844
50.0,198.57142857142858,1942.857142857143,7.374517995697393,3153403.772564275
50.0,198.57142857142858,2108.5714285714284,7.314161266421502,3147045.3660251354
50.0,198.57142857142858,2274.285714285714,7.259757097014737,3138944.7666338226
50.0,198.57142857142858,2440.0,7.210589371918749,3129760.081035187
50.0,198.57142857142858,2605.714285714286,7.166025533820828,3119948.663734182
50.0,198.57142857142858,2771.4285714285716,7.125512950473219,3109828.355309909
50.0,198.57142857142858,2937.1428571428573,7.088571664959701,3099619.4091448765
50.0,198.57142857142858,3102.857142857143,7.054785979551219,3089473.4180946546
50.0,198.57142857142858,3268.571428571429,7.023796103830882,3079493.4277495737
50.0,198.57142857142858,3434.2857142857147,6.9952904369910645,3069748.0277479463
50.0,198.57142857142858,3600.0,6.968998703284343,3060281.2949052122
50.0,245.71428571428572,120.0,8.409204972710372,1865734.2851610717
50.0,245.71428571428572,285.7142857142857,8.358226681116708,2287682.180862292
50.0,245.71428571428572,451.42857142857144,8.266120512341306,2618247.5160604445
50.0,245.71428571428572,617.1428571428571,8.154838985033868,2835304.4341864814
50.0,245.71428571428572,782.8571428571429,8.038280188708505,2982376.050006092
50.0,245.71428571428572,948.5714285714287,7.924412963470588,3082847.390806516
50.0,245.71428571428572,1114.2857142857142,7.817344472429614,3151271.067549306
50.0,245.71428571428572,1280.0,7.718804193086406,3197405.922856704
50.0,245.71428571428572,1445.7142857142858,7.6291738216942475,3227943.768068724
50.0,245.71428571428572,1611.4285714285716,7.548133299537239,3247511.609295018
50.0,245.71428571428572,1777.1428571428573,7.475037268724448,3259328.805998721
50.0,245.71428571428572,1942.857142857143,7.409122866197518,3265650.454662842
50.0,245.71428571428572,2108.5714285714284,7.349618532617757,3268067.8307269965
50.0,245.71428571428572,2274.285714285714,7.29579697597848,3267712.2773621576
50.0,245.71428571428572,2440.0,7.246997586141214,3265394.039489437
50.0,245.71428571428572,2605.714285714286,7.202632691265339,3261697.3294489705
50.0,245.71428571428572,2771.4285714285716,7.16218567971141,3257045.8922680193
50.0,245.71428571428572,2937.1428571428573,7.125205380427971,3251748.595424026
50.0,245.71428571428572,3102.857142857143,7.091299053189535,3246031.403766294
50.0,245.71428571428572,3268.571428571429,7.060125203708228,3240060.0026248624
50.0,245.71428571428572,3434.2857142857147,7.031386813140799,3233955.943001796
50.0,245.71428571428572,3600.0,7.004825232633223,3227808.2603398273
50.0,292.8571428571429,120.0,8.40850546822241,1835418.0000879462
50.0,292.8571428571429,285.7142857142857,8.358122714722745,2251048.8507119273
50.0,292.8571428571429,451.42857142857144,8.269301997519573,2599439.163971331
50.0,292.8571428571429,617.1428571428571,8.16267310845492,2836420.194319343
50.0,292.8571428571429,782.8571428571429,8.051158235409055,3001886.981016965
50.0,292.8571428571429,948.5714285714287,7.942143075213912,3118802.249218931
50.0,292.8571428571429,1114.2857142857142,7.839448022495696,3201776.8281000108
50.0,292.8571428571429,1280.0,7.744703462221325,3260730.423917692
50.0,292.8571428571429,1445.7142857142858,7.6582936963432875,3302543.872949394
50.0,292.8571428571429,1611.4285714285716,7.579948518671386,3332034.335295304
50.0,292.8571428571429,1777.1428571428573,7.5090893139397545,3352599.2496539773
50.0,292.8571428571429,1942.857142857143,7.445021490570024,3366653.709697206
50.0,292.8571428571429,2108.5714285714284,7.387036350584176,3375929.1387138204
50.0,292.8571428571429,2274.285714285714,7.334461530398726,3381677.7510589967
50.0,292.8571428571429,2440.0,7.286683059909524,3384813.0907637617
50.0,292.8571428571429,2605.714285714286,7.243152231802989,3386007.2219035868
50.0,292.8571428571429,2771.4285714285716,7.2033846926567735,3385758.452683121
50.0,292.8571428571429,2937.1428571428573,7.166955852340134,3384438.9295642423
50.0,292.8571428571429,3102.857142857143,7.133494831054963,3382328.3856524657
50.0,292.8571428571429,3268.571428571429,7.102678110011564,3379638.289707904
50.0,292.8571428571429,3434.2857142857147,7.074223466248122,3376529.2824084293
50.0,292.8571428571429,3600.0,7.047884451041509,3373123.8766221586
50.0,340.0,120.0,8.407763090285911,1841517.1670194487
50.0,340.0,285.7142857142857,8.357709595781175,2246365.9373793565
50.0,340.0,451.42857142857144,8.27169506986046,2604570.396549729
50.0,340.0,617.1428571428571,8.169212014812256,2854863.852080696
50.0,340.0,782.8571428571429,8.06230109479423,3033455.828651341
50.0,340.0,948.5714285714287,7.957813577409988,3162534.241121457
50.0,340.0,1114.2857142857142,7.8592953821947615,3256528.932867088
50.0,340.0,1280.0,7.768267935293708,3325359.5482309693
50.0,340.0,1445.7142857142858,7.685098755386664,3375979.1414248203
50.0,340.0,1611.4285714285716,7.609546232697813,3413305.6413952257
50.0,340.0,1777.1428571428573,7.541079043533467,3440844.2970076287
50.0,340.0,1942.857142857143,7.47905454610041,3461114.255448656
50.0,340.0,2108.5714285714284,7.422813864375508,3475942.2597915526
50.0,340.0,2274.285714285714,7.371729462869596,3486665.318009592
50.0,340.0,2440.0,7.325226353377918,3494271.123994168
50.0,340.0,2605.714285714286,7.282789082370506,3499495.945265062
50.0,340.0,2771.4285714285716,7.243961358939779,3502893.382522184
50.0,340.0,2937.1428571428573,7.208342138625673,3504883.08334879
50.0,340.0,3102.857142857143,7.1755802464540634,3505785.567035313
50.0,340.0,3268.571428571429,7.145368645342727,3505847.349954534
50.0,340.0,3434.2857142857147,7.11743890935624,3505259.238921534
50.0,340.0,3600.0,7.091556159127821,3504169.769400735
50.0,387.14285714285717,120.0,8.406983529408855,1871441.0806871944
50.0,387.14285714285717,285.7142857142857,8.357079217207977,2262430.1873887074
50.0,387.14285714285717,451.42857142857144,8.273465776129301,2625806.5673227063
50.0,387.14285714285717,617.1428571428571,8.174638381862946,2885371.532297216
50.0,387.14285714285717,782.8571428571429,8.07184998317499,3073753.5697053857
50.0,387.14285714285717,948.5714285714287,7.971471878049724,3212216.203986353
50.0,387.14285714285717,1114.2857142857142,7.876797616838854,3314892.238778434
50.0,387.14285714285717,1280.0,7.789241186305547,3391618.119295145
50.0,387.14285714285717,1445.7142857142858,7.709144615944229,3449355.72348248
50.0,387.14285714285717,1611.4285714285716,7.636282500150054,3493073.2147485185
50.0,387.14285714285717,1777.1428571428573,7.570158159220813,3526342.580324667
50.0,387.14285714285717,1942.857142857143,7.5101695194737195,3551753.423125859
50.0,387.14285714285717,2108.5714285714284,7.45569791159801,3571200.273506698
50.0,387.14285714285717,2274.285714285714,7.406152790969603,3586082.352439563
50.0,387.14285714285717,2440.0,7.360991900505234,3597442.9610884525
50.0,387.14285714285717,2605.714285714286,7.319728123518254,3606067.312479569
50.0,387.14285714285717,2771.4285714285716,7.28192939968583,3612551.709211216
50.0,387.14285714285717,2937.1428571428573,7.247215263910411,3617352.874665517
50.0,387.14285714285717,3102.857142857143,7.215251962291948,3620823.448307788
50.0,387.14285714285717,3268.571428571429,7.185747190121932,3623237.7603696645
50.0,387.14285714285717,3434.2857142857147,7.158444985820881,3624810.7192535787
50.0,387.14285714285717,3600.0,7.133121030761298,3625711.7761069606
50.0,434.28571428571433,120.0,8.406169988161292,1918037.9095466272
50.0,434.28571428571433,285.7142857142857,8.356289887299898,2292830.7669560527
50.0,434.28571428571433,451.42857142857144,8.274742293432357,2658482.9784247666
50.0,434.28571428571433,617.1428571428571,8.179133334241875,2924697.599431863
50.0,434.28571428571433,782.8571428571429,8.080013321527272,3120643.0620659105
50.0,434.28571428571433,948.5714285714287,7.983325421634424,3266594.31071126
50.0,434.28571428571433,1114.2857142857142,7.892134931667476,3376328.6791376104
50.0,434.28571428571433,1280.0,7.807754523903139,3459554.6927651907
50.0,434.28571428571433,1445.7142857142858,7.730497342229474,3523207.093791745
50.0,434.28571428571433,1611.4285714285716,7.66014671997445,3572274.3358079144
50.0,434.28571428571433,1777.1428571428573,7.596232080127089,3610369.9496328766
50.0,434.28571428571433,1942.857142857143,7.538183747395035,3640132.8123407206
50.0,434.28571428571433,2108.5714285714284,7.485416051550016,3663507.498223349
50.0,434.28571428571433,2274.285714285714,7.437369347894699,3681940.6239238176
50.0,434.28571428571433,2440.0,7.393529088846692,3696518.7440030584
50.0,434.28571428571433,2605.714285714286,7.353432414785925,3708065.718006177
50.0,434.28571428571433,2771.4285714285716,7.316668210280728,3717211.9544605725
50.0,434.28571428571433,2937.1428571428573,7.282873957012524,3724444.0626041126
50.0,434.28571428571433,3102.857142857143,7.251731219002844,3730140.771051583
50.0,434.28571428571433,3268.571428571429,7.2229607463341825,3734599.1481175204
50.0,434.28571428571433,3434.2857142857147,7.196317704690755,3738053.91636336
50.0,434.28571428571433,3600.0,7.171587270896211,3740691.807178337
50.0,481.42857142857144,120.0,8.40532495868109,1976896.6970438943
50.0,481.42857142857144,285.7142857142857,8.35538208189546,2333572.7797414865
50.0,481.42857142857144,451.42857142857144,8.275625428864585,2699579.2967878995
50.0,481.42857142857144,617.1428571428571,8.18285782094193,2970659.7821659846
50.0,481.42857142857144,782.8571428571429,8.087001498669453,3172618.619765927
50.0,481.42857142857144,948.5714285714287,7.9936180619766075,3324714.742781924
50.0,481.42857142857144,1114.2857142857142,7.905567653824158,3440339.9296559747
50.0,481.42857142857144,1280.0,7.824069361265363,3529050.100178158
50.0,481.42857142857144,1445.7142857142858,7.749406751940331,3597731.8111057673
50.0,481.42857142857144,1611.4285714285716,7.681367306441938,3651375.419899499
50.0,481.42857142857144,1777.1428571428573,7.619500603791145,3693619.9537457037
50.0,481.42857142857144,1942.857142857143,7.5632633570468135,3727139.6905984986
50.0,481.42857142857144,2108.5714285714284,7.512097401568608,3753917.3717404217
50.0,481.42857142857144,2274.285714285714,7.465469220752373,3775436.9167337506
50.0,481.42857142857144,2440.0,7.422887947590608,3792819.5970645677
50.0,481.42857142857144,2605.714285714286,7.38391163322987,3806920.715495817
50.0,481.42857142857144,2771.4285714285716,7.348147353981306,3818398.711245186
50.0,481.42857142857144,2937.1428571428573,7.315248284945829,3827764.951233254
50.0,481.42857142857144,3102.857142857143,7.284909468415742,3835419.916589209
50.0,481.42857142857144,3268.571428571429,7.256863208560469,3841679.7372454833
50.0,481.42857142857144,3434.2857142857147,7.230874573732782,3846795.8238661503
50.0,481.42857142857144,3600.0,7.206737235900594,3850969.521326843
50.0,528.5714285714286,120.0,8.404450916746299,2045101.9484456722
50.0,528.5714285714286,285.7142857142857,8.354385608506101,2382003.0288629974
50.0,528.5714285714286,451.42857142857144,8.276195021583042,2747020.383549443
50.0,528.5714285714286,617.1428571428571,8.185948136230758,3021704.6086765127
50.0,528.5714285714286,782.8571428571429,8.093003668896934,3228560.1881346977
50.0,528.5714285714286,948.5714285714287,8.002582498904934,3385818.311173731
50.0,528.5714285714286,1114.2857142857142,7.9173606323077905,3506469.538284409
50.0,528.5714285714286,1280.0,7.838471552743697,3599903.3651516917
50.0,528.5714285714286,1445.7142857142858,7.766169940671298,3672945.5620025434
50.0,528.5714285714286,1611.4285714285716,7.7002445713332905,3730576.7780211596
50.0,528.5714285714286,1777.1428571428573,7.640260934018656,3776450.995730702
50.0,528.5714285714286,1942.857142857143,7.585697614086396,3813268.514990043
50.0,528.5714285714286,2108.5714285714284,7.53601969859982,3843042.0388414995
50.0,528.5714285714286,2274.285714285714,7.490716021734842,3867285.698295505
50.0,528.5714285714286,2440.0,7.449316149123253,3887149.401479348
50.0,528.5714285714286,2605.714285714286,7.4113963007767705,3903514.705343239
50.0,528.5714285714286,2771.4285714285716,7.376579454251651,3917063.6611740673
50.0,528.5714285714286,2937.1428571428573,7.344532575617333,3928328.632647949
50.0,528.5714285714286,3102.857142857143,7.314962609595831,3937728.64965571
50.0,528.5714285714286,3268.571428571429,7.287612110149461,3945596.169962665
50.0,528.5714285714286,3434.2857142857147,7.262254968209641,3952196.95415795
50.0,528.5714285714286,3600.0,7.238692455252296,3957744.955308517
50.0,575.7142857142858,120.0,8.403550543008073,2120610.796474005
50.0,575.7142857142858,285.7142857142857,8.353323316112597,2436270.193302575
50.0,575.7142857142858,451.42857142857144,8.276514623943452,2799317.096533133
50.0,575.7142857142858,617.1428571428571,8.188517154625128,3076682.2958225245
50.0,575.7142857142858,782.8571428571429,8.09818183269374,3287606.8266981705
50.0,575.7142857142858,948.5714285714287,8.010424317370264,3449288.884856223
50.0,575.7142857142858,1114.2857142857142,7.927755169932797,3574309.695674008
50.0,575.7142857142858,1280.0,7.851229908878765,3671884.6003322825
50.0,575.7142857142858,1445.7142857142858,7.781075696949707,3748770.9359850246
50.0,575.7142857142858,1611.4285714285716,7.717080834362929,3809932.1453212136
50.0,575.7142857142858,1777.1428571428573,7.65882362406634,3859030.060927908
50.0,575.7142857142858,1942.857142857143,7.605801066531399,3898784.490470701
50.0,575.7142857142858,2108.5714285714284,7.557498157450042,3931232.2747217193
50.0,575.7142857142858,2274.285714285714,7.51342305847594,3957912.6390558663
50.0,575.7142857142858,2440.0,7.473123130040927,3979999.683443083
50.0,575.7142857142858,2605.714285714286,7.436190505790631,3998397.3853604984
50.0,575.7142857142858,2771.4285714285716,7.402262158691789,4013808.1146041537
50.0,575.7142857142858,2937.1428571428573,7.37101724548933,4026782.406919442
50.0,575.7142857142858,3102.857142857143,7.342173273777435,4037755.418779658
50.0,575.7142857142858,3268.571428571429,7.315481927110944,4047073.856802972
50.0,575.7142857142858,3434.2857142857147,7.2907249818429385,4055016.0440512123
50.0,575.7142857142858,3600.0,7.267710523873212,4061807.0015470833
50.0,622.8571428571429,120.0,8.402626741812998,2201920.490885717
50.0,622.8571428571429,285.7142857142857,8.352213204911674,2495030.932862168
50.0,622.8571428571429,451.42857142857144,8.276635069257134,2855365.0619769334
50.0,622.8571428571429,617.1428571428571,8.19065743394458,3134717.946153338
50.0,622.8571428571429,782.8571428571429,8.10267165846071,3349082.757784902
50.0,622.8571428571429,948.5714285714287,8.017318968921291,3514622.0038979463
50.0,622.8571428571429,1114.2857142857142,7.936960941358113,3643503.5267430968
50.0,622.8571428571429,1280.0,7.862582184058332,3744764.298782172
50.0,622.8571428571429,1445.7142857142858,7.794384014901132,3825088.5743458564
50.0,622.8571428571429,1611.4285714285716,7.732153178637522,3889417.6694684946
50.0,622.8571428571429,1777.1428571428573,7.675478491515476,3941416.3738299725
50.0,622.8571428571429,1942.857142857143,7.62387267834822,3983819.3727135947
50.0,622.8571428571429,2108.5714285714284,7.576837979903445,4018683.412800737
50.0,622.8571428571429,2274.285714285714,7.533899438672898,4047569.035049033
50.0,622.8571428571429,2440.0,7.494620049234686,4071671.2077804697
50.0,622.8571428571429,2605.714285714286,7.458605992611504,4091913.4337251955
50.0,622.8571428571429,2771.4285714285716,7.425506645558796,4109015.8932352066
50.0,622.8571428571429,2937.1428571428573,7.39501200766074,4123545.1281596976
50.0,622.8571428571429,3102.857142857143,7.366849012034153,4135950.5530218906
50.0,622.8571428571429,3268.571428571429,7.340777513309111,4146591.511026864
50.0,622.8571428571429,3434.2857142857147,7.316586365266512,4155757.4950084114
50.0,622.8571428571429,3600.0,7.294089786278574,4163683.3887964375
50.0,670.0,120.0,8.401682581377967,2287880.8057837123
50.0,670.0,285.7142857142857,8.351069716941918,2557279.4821517137
50.0,670.0,451.42857142857144,8.276597206569239,2914324.156959831
50.0,670.0,617.1428571428571,8.192444597428716,3195132.1045267168
50.0,670.0,782.8571428571429,8.106585603530197,3412449.9367845613
50.0,670.0,948.5714285714287,8.023413753521693,3581402.791175604
50.0,670.0,1114.2857142857142,7.945156080640832,3713743.369049572
50.0,670.0,1280.0,7.872732684064176,3818328.1581806284
50.0,670.0,1445.7142857142858,7.806320807880057,3901765.5482156076
50.0,670.0,1611.4285714285716,7.745705006653752,3968971.471864421
50.0,670.0,1777.1428571428573,7.690482873286109,4023610.2487858175
50.0,670.0,1942.857142857143,7.6401807312428165,4068428.0856117713
50.0,670.0,2108.5714285714284,7.594315917116078,4105498.4970967807
50.0,670.0,2274.285714285714,7.552428353020424,4136400.492438587
50.0,670.0,2440.0,7.514094882180287,4162347.373604869
50.0,670.0,2605.714285714286,7.478934177602367,4184279.93941716
50.0,670.0,2771.4285714285716,7.446606683359053,4202934.234881476
50.0,670.0,2937.1428571428573,7.416812102337315,4218891.116521583
50.0,670.0,3102.857142857143,7.389285825413051,4232612.789684071
50.0,670.0,3268.571428571429,7.363795057694866,4244469.962074412
50.0,670.0,3434.2857142857147,7.3401350345665195,4254762.192786058
50.0,670.0,3600.0,7.318125516208279,4263733.269931182
50.0,717.1428571428572,120.0,8.40072121181249,2377582.9555792543
50.0,717.1428571428572,285.7142857142857,8.349904575890543,2622243.6263323133
50.0,717.1428571428572,451.42857142857144,8.27643400046744,2975542.4101541853
50.0,717.1428571428572,617.1428571428571,8.193940410205869,3257388.8902847506
50.0,717.1428571428572,782.8571428571429,8.110016510472972,3477275.602362442
50.0,717.1428571428572,948.5714285714287,8.02883142354022,3649289.169047938
50.0,717.1428571428572,1114.2857142857142,7.952490310723667,3784766.7687596814
50.0,717.1428571428572,1280.0,7.881854517939522,3892383.5892873565
50.0,717.1428571428572,1445.7142857142858,7.817078973750252,3978670.574226152
50.0,717.1428571428572,1611.4285714285716,7.757945699091781,4048516.120236212
50.0,717.1428571428572,1777.1428571428573,7.7040597334169805,4105581.6473744856
50.0,717.1428571428572,1942.857142857143,7.654959296677009,4152622.4111236185
50.0,717.1428571428572,2108.5714285714284,7.610175066534316,4191726.3268877836
50.0,717.1428571428572,2274.285714285714,7.569260191105576,4224488.688629143
50.0,717.1428571428572,2440.0,7.53180387377128,4252139.165027152
50.0,717.1428571428572,2605.714285714286,7.497435973461939,4275634.105313936
50.0,717.1428571428572,2771.4285714285716,7.465826872273542,4295723.884131804
50.0,717.1428571428572,2937.1428571428573,7.436685008036574,4313002.330339713
50.0,717.1428571428572,3102.857142857143,7.409753402661153,4327943.269748633
50.0,717.1428571428572,3268.571428571429,7.384805907238402,4340927.755389937
50.0,717.1428571428572,3434.2857142857147,7.361643538531926,4352264.525085309
50.0,717.1428571428572,3600.0,7.340091086675384,4362205.497662967
50.0,764.2857142857143,120.0,8.399745785739983,2470290.8626857796
50.0,764.2857142857143,285.7142857142857,8.348727364201867,2689318.372068245
50.0,764.2857142857143,451.42857142857144,8.276172149580727,3038505.832898288
50.0,764.2857142857143,617.1428571428571,8.195195386850019,3321060.610855779
50.0,764.2857142857143,782.8571428571429,8.113040977064808,3543209.0565658174
50.0,764.2857142857143,948.5714285714287,8.033674008523224,3717998.6345063206
50.0,764.2857142857143,1114.2857142857142,7.959088906165281,3856351.523718998
50.0,764.2857142857143,1280.0,7.890093416534182,3966761.640291191
50.0,764.2857142857143,1445.7142857142858,7.82682183971643,4055681.69704935
50.0,764.2857142857143,1611.4285714285716,7.769053510835007,4127971.1548425416
50.0,764.2857142857143,1777.1428571428573,7.716399883759801,4187286.800671653
50.0,764.2857142857143,1942.857142857143,7.66840969488036,4236391.094172279
50.0,764.2857142857143,2108.5714285714284,7.624625514558003,4277384.538887725
50.0,764.2857142857143,2274.285714285714,7.5846123373017855,4311877.013556036
50.0,764.2857142857143,2440.0,7.5479704751465855,4341113.003898964
50.0,764.2857142857143,2605.714285714286,7.514339867965136,4366063.021906366
50.0,764.2857142857143,2771.4285714285716,7.483399875321619,4387490.543095455
50.0,764.2857142857143,2937.1428571428573,7.454866842367207,4406001.288000092
50.0,764.2857142857143,3102.857142857143,7.428490712352027,4422079.756190706
50.0,764.2857142857143,3268.571428571429,7.404051375076808,4436116.518248255
50.0,764.2857142857143,3434.2857142857147,7.3813551092588305,4448428.767307659
50.0,764.2857142857143,3600.0,7.360231290359552,4459275.920413859
50.0,811.4285714285714,120.0,8.398759391187678,2565396.853128581
50.0,811.4285714285714,285.7142857142857,8.34754593923096,2758022.0213799775
50.0,811.4285714285714,451.42857142857144,8.2758333416932,3102804.1304832497
50.0,811.4285714285714,617.1428571428571,8.196250931745524,3385802.7629102925
50.0,811.4285714285714,782.8571428571429,8.115722274367112,3609964.5083592823
50.0,811.4285714285714,948.5714285714287,8.038026321584585,3787297.655902563
50.0,811.4285714285714,1114.2857142857142,7.965056574459761,3928310.5722902436
50.0,811.4285714285714,1280.0,7.89757178818668,4041316.5064398637
50.0,811.4285714285714,1445.7142857142858,7.835687221570606,4132689.7022334216
50.0,811.4285714285714,1611.4285714285716,7.779179497115165,4207259.812416523
50.0,811.4285714285714,1777.1428571428573,7.727665672471911,4268677.754928943
50.0,811.4285714285714,1942.857142857143,7.680703868686677,4319711.804719889
50.0,811.4285714285714,2108.5714285714284,7.637847341156809,4362473.649001319
50.0,811.4285714285714,2274.285714285714,7.598671769303755,4398586.410413855
50.0,811.4285714285714,2440.0,7.562787512948804,4429308.154541923
50.0,811.4285714285714,2605.714285714286,7.529843651130665,4455622.438462387
50.0,811.4285714285714,2771.4285714285716,7.499527698402644,4478304.842112689
50.0,811.4285714285714,2937.1428571428573,7.471563195662273,4497972.096554169
50.0,811.4285714285714,3102.857142857143,7.445706395020616,4515118.5997059215
50.0,811.4285714285714,3268.571428571429,7.421742699061075,4530143.759105412
50.0,811.4285714285714,3434.2857142857147,7.399483197115201,4543372.626450749
50.0,811.4285714285714,3600.0,7.378761462405613,4555071.59374177
50.0,858.5714285714287,120.0,8.397764999344624,2662391.9689261657
50.0,858.5714285714287,285.7142857142857,8.346366745955898,2827966.0898313792
50.0,858.5714285714287,451.42857142857144,8.275435234175582,3168106.535466499
50.0,858.5714285714287,617.1428571428571,8.19714107005376,3451335.8645114293
50.0,858.5714285714287,782.8571428571429,8.118112782675539,3677308.0915515763
50.0,858.5714285714287,948.5714285714287,8.041958981220136,3856993.0931549696
50.0,858.5714285714287,1114.2857142857142,7.970480916910412,4000487.147876894
50.0,858.5714285714287,1280.0,7.904392474014325,4115923.857899353
50.0,858.5714285714287,1445.7142857142858,7.843791345668656,4209599.1477667745
50.0,858.5714285714287,1611.4285714285716,7.788451496333773,4286312.368937512
50.0,858.5714285714287,1777.1428571428573,7.737994943542543,4349707.697732235
50.0,858.5714285714287,1942.857142857143,7.691988254879601,4402558.17334585
50.0,858.5714285714287,2108.5714285714284,7.649994354263761,4446985.56795824
50.0,858.5714285714287,2274.285714285714,7.611598619827994,4484625.178799851
50.0,858.5714285714287,2440.0,7.576420552901389,4516747.652204807
50.0,858.5714285714287,2605.714285714286,7.544117563283977,4544348.679633255
50.0,858.5714285714287,2771.4285714285716,7.514384611655687,4568215.12802222
50.0,858.5714285714287,2937.1428571428573,7.486951819189138,4588974.012284713
50.0,858.5714285714287,3102.857142857143,7.461581215374254,4607128.986441521
50.0,858.5714285714287,3268.571428571429,7.438063257824425,4623087.729229203
50.0,858.5714285714287,3434.2857142857147,7.416213452536797,4637182.653309406
50.0,858.5714285714287,3600.0,7.395869231297498,4649686.6881380435
50.0,905.7142857142858,120.0,8.39676542661698,2760845.3271571803
50.0,905.7142857142858,285.7142857142857,8.345195060024214,2898834.0794317126
50.0,905.7142857142858,451.42857142857144,8.274992225700123,3234144.317586676
50.0,905.7142857142858,617.1428571428571,8.197893838877606,3517431.9387562834
50.0,905.7142857142858,782.8571428571429,8.120255988621919,3745047.858835324
50.0,905.7142857142858,948.5714285714287,8.045530938102976,3926925.215104185
50.0,905.7142857142858,1114.2857142857142,7.975435382200341,4072750.389330324
50.0,905.7142857142858,1280.0,7.910642022550265,4190478.6737882085
50.0,905.7142857142858,1445.7142857142858,7.851232348473957,4286328.10753241
50.0,905.7142857142858,1611.4285714285716,7.796977772663334,4365067.526668963
50.0,905.7142857142858,1777.1428571428573,7.747504755557005,4430333.764368737
50.0,905.7142857142858,1942.857142857143,7.702387525912081,4484903.827949265
50.0,905.7142857142858,2108.5714285714284,7.661197812968543,4530908.708969256
50.0,905.7142857142858,2274.285714285714,7.623529849476901,4569995.018659762
50.0,905.7142857142858,2440.0,7.58901149834995,4603445.169201208
50.0,905.7142857142858,2605.714285714286,7.557307801493936,4632266.236780184
50.0,905.7142857142858,2771.4285714285716,7.528120550903578,4657255.697893013
50.0,905.7142857142858,2937.1428571428573,7.5011859125426925,4679050.245907523
50.0,905.7142857142858,3102.857142857143,7.476271229558323,4698162.253632067
50.0,905.7142857142858,3268.571428571429,7.453171614154288,4715007.196030624
50.0,905.7142857142858,3434.2857142857147,7.431706643521804,4729924.427744342
50.0,905.7142857142858,3600.0,7.411717309859665,4743193.0463685645
50.0,952.8571428571429,120.0,8.395763309139413,2860389.2599803535
50.0,952.8571428571429,285.7142857142857,8.344035181710373,2970366.093133996
50.0,952.8571428571429,451.42857142857144,8.27451606816194,3300697.8316670638
50.0,952.8571428571429,617.1428571428571,8.19853240346128,3583904.2588647674
50.0,952.8571428571429,782.8571428571429,8.122188108297083,3813025.955571653
50.0,952.8571428571429,948.5714285714287,8.048791555628233,3996961.992134352
50.0,952.8571428571429,1114.2857142857142,7.979981731004586,4144991.4690145287
50.0,952.8571428571429,1280.0,7.916393460214227,4264892.957157482
50.0,952.8571428571429,1445.7142857142858,7.858093279952312,4362807.258614129
50.0,952.8571428571429,1611.4285714285716,7.804850188946345,4443472.690125109
50.0,952.8571428571429,1777.1428571428573,7.756294671165765,4510518.346063352
50.0,952.8571428571429,1942.857142857143,7.712007952889898,4566724.601417677
50.0,952.8571428571429,2108.5714285714284,7.671569829600075,4614230.982043964
50.0,952.8571428571429,2274.285714285714,7.634582660760879,4654694.715392842
50.0,952.8571428571429,2440.0,7.600681995013666,4689409.309145386
50.0,952.8571428571429,2605.714285714286,7.569539898650248,4719392.60158125
50.0,952.8571428571429,2771.4285714285716,7.540864458501627,4745452.112202303
50.0,952.8571428571429,2937.1428571428573,7.514397416774046,4768233.703867653
50.0,952.8571428571429,3102.857142857143,7.489911023502754,4788258.014570885
50.0,952.8571428571429,3268.571428571429,7.4672046934154706,4805947.913170412
50.0,952.8571428571429,3434.2857142857147,7.446101770505608,4821649.3403704
50.0,952.8571428571429,3600.0,7.426446544152552,4835647.247417653
50.0,1000.0,120.0,8.394761087544026,2960708.2645638054
50.0,1000.0,285.7142857142857,8.342890593805196,3042347.4138921937
50.0,1000.0,451.42857142857144,8.274016355211241,3367586.7331217616
50.0,1000.0,617.1428571428571,8.199075953497195,3650599.4379929593
50.0,1000.0,782.8571428571429,8.12393940166089,3881112.4246782036
50.0,1000.0,948.5714285714287,8.051782309943192,4066994.414177406
50.0,1000.0,1114.2857142857142,7.984172068586541,4217120.233122585
50.0,1000.0,1280.0,7.921708597953827,4339093.526967112
50.0,1000.0,1445.7142857142858,7.8644446285091085,4438978.675510108
50.0,1000.0,1611.4285714285716,7.8121469005961215,4521483.633251654
50.0,1000.0,1777.1428571428573,7.764449578084643,4590229.519097207
50.0,1000.0,1942.857142857143,7.7209403190358294,4647999.627691051
50.0,1000.0,2108.5714285714284,7.68120634746005,4696941.475845103
50.0,1000.0,2274.285714285714,7.64485751739714,4738722.338139411
50.0,1000.0,2440.0,7.611536473707633,4774646.262304209
50.0,1000.0,2605.714285714286,7.5809217752014755,4805741.327503492
50.0,1000.0,2771.4285714285716,7.55272733271129,4832824.618579737
50.0,1000.0,2937.1428571428573,7.526700052461674,4856550.736486534
50.0,1000.0,3102.857142857143,7.5026167327155475,4877448.198336251
50.0,1000.0,3268.571428571429,7.480280779666462,4895946.923307306
50.0,1000.0,3434.2857142857147,7.459519034663603,4912399.133388651
50.0,1000.0,3600.0,7.440178850838175,4927095.36354459
85.71428571428572,10.0,120.0,8.41619050152656,1472009.128851175
85.71428571428572,10.0,285.7142857142857,8.33196113120267,12018590.309758835
85.71428571428572,10.0,451.42857142857144,8.214146739015446,10600369.365628159
85.71428571428572,10.0,617.1428571428571,8.113692883790796,8266648.59451434
85.71428571428572,10.0,782.8571428571429,8.031294702777544,6684560.97485063
85.71428571428572,10.0,948.5714285714287,7.968090475134826,5600364.849492524
85.71428571428572,10.0,1114.2857142857142,7.921372906745806,4825829.809638739
85.71428571428572,10.0,1280.0,7.887309032656169,4252920.191930887
85.71428571428572,10.0,1445.7142857142858,7.86247951718951,3816854.2174135833
85.71428571428572,10.0,1611.4285714285716,7.8442655090976725,3476799.532660643
85.71428571428572,10.0,1777.1428571428573,7.830780131510485,3206005.2697380744
85.71428571428572,10.0,1942.857142857143,7.820694557730553,2986393.79376032
85.71428571428572,10.0,2108.5714285714284,7.813077291563293,2805421.374954329
85.71428571428572,10.0,2274.285714285714,7.807272476759834,2654178.462811614
85.71428571428572,10.0,2440.0,7.802814209979597,2526202.5768475435
85.71428571428572,10.0,2605.714285714286,7.799367877668299,2416716.318227955
85.71428571428572,10.0,2771.4285714285716,7.796690322756087,2322126.5473565436
85.71428571428572,10.0,2937.1428571428573,7.7946027519803796,2239688.07839583
85.71428571428572,10.0,3102.857142857143,7.792972183203329,2167273.358033828
85.71428571428572,10.0,3268.571428571429,7.791698620441679,2103211.8361228453
85.71428571428572,10.0,3434.2857142857147,7.790706092971724,2046176.0414440474
85.71428571428572,10.0,3600.0,7.789936323881811,1995099.5145501755
85.71428571428572,57.142857142857146,120.0,8.411925579283372,2467586.6874497742
85.71428571428572,57.142857142857146,285.7142857142857,8.360144031711028,3040910.622906516
85.71428571428572,57.142857142857146,451.42857142857144,8.26264385871035,3078993.079688027
85.71428571428572,57.142857142857146,617.1428571428571,8.146119292367644,3046058.148628981
85.71428571428572,57.142857142857146,782.8571428571429,8.026910247334351,2992066.902932067
85.71428571428572,57.142857142857146,948.5714285714287,7.914221388518901,2928116.21019824
85.71428571428572,57.142857142857146,1114.2857142857142,7.812227137659414,2860433.0639251755
85.71428571428572,57.142857142857146,1280.0,7.722050846245457,2793065.546195394
85.71428571428572,57.142857142857146,1445.7142857142858,7.643248411050738,2728403.9759049555
85.71428571428572,57.142857142857146,1611.4285714285716,7.5747066771725375,2667676.41589612
85.71428571428572,57.142857142857146,1777.1428571428573,7.515120155202391,2611374.7268993976
85.71428571428572,57.142857142857146,1942.857142857143,7.463217822678803,2559559.108281661
85.71428571428572,57.142857142857146,2108.5714285714284,7.417856332915809,2512054.777540607
85.71428571428572,57.142857142857146,2274.285714285714,7.3780469036928045,2468571.62749873
85.71428571428572,57.142857142857146,2440.0,7.342951801407131,2428773.9650786496
85.71428571428572,57.142857142857146,2605.714285714286,7.311868605947735,2392319.501704261
85.71428571428572,57.142857142857146,2771.4285714285716,7.2842110166363145,2358879.9826989593
85.71428571428572,57.142857142857146,2937.1428571428573,7.259490140603044,2328151.1090806704
85.71428571428572,57.142857142857146,3102.857142857143,7.237297821488372,2299856.3642179146
85.71428571428572,57.142857142857146,3268.571428571429,7.2172924341954126,2273747.4813222387
85.71428571428572,57.142857142857146,3434.2857142857147,7.199187067698723,2249603.1538264267
85.71428571428572,57.142857142857146,3600.0,7.182739821926069,2227226.913460101
85.71428571428572,104.28571428571429,120.0,8.411323779876694,1897118.8435998566
85.71428571428572,104.28571428571429,285.7142857142857,8.362535132975776,2363928.0802279515
85.71428571428572,104.28571428571429,451.42857142857144,8.266968109269378,2621598.053185009
85.71428571428572,104.28571428571429,617.1428571428571,8.148756296088367,2758742.3055057097
85.71428571428572,104.28571428571429,782.8571428571429,8.024306506746738,2832940.3406811785
85.71428571428572,104.28571428571429,948.5714285714287,7.903331196827795,2868757.2478337702
85.71428571428572,104.28571428571429,1114.2857142857142,7.790776293571352,2880401.7160131442
85.71428571428572,104.28571428571429,1280.0,7.688578034407684,2876961.958815572
85.71428571428572,104.28571428571429,1445.7142857142858,7.596990873545652,2864337.371451838
85.71428571428572,104.28571428571429,1611.4285714285716,7.5154325875056145,2846342.14530153
85.71428571428572,104.28571428571429,1777.1428571428573,7.44296849344364,2825425.909616414
85.71428571428572,104.28571428571429,1942.857142857143,7.378568791831715,2803150.070630372
85.71428571428572,104.28571428571429,2108.5714285714284,7.321235288390601,2780499.789344088
85.71428571428572,104.28571428571429,2274.285714285714,7.270056914599705,2758086.7977864067
85.71428571428572,104.28571428571429,2440.0,7.224228163149337,2736280.877447291
85.71428571428572,104.28571428571429,2605.714285714286,7.183049227504932,2715295.151264241
85.71428571428572,104.28571428571429,2771.4285714285716,7.145917884603601,2695241.565876656
85.71428571428572,104.28571428571429,2937.1428571428573,7.112318323594557,2676167.1121348687
85.71428571428572,104.28571428571429,3102.857142857143,7.08180950683558,2658077.553216186
85.71428571428572,104.28571428571429,3268.571428571429,7.054014259542387,2640953.009415665
85.71428571428572,104.28571428571429,3434.2857142857147,7.028609562660278,2624758.2048034715
85.71428571428572,104.28571428571429,3600.0,7.005318161204174,2609449.195282506
85.71428571428572,151.42857142857144,120.0,8.410508343484077,1729485.8440038657
85.71428571428572,151.42857142857144,285.7142857142857,8.362043882108232,2184743.166905864
85.71428571428572,151.42857142857144,451.42857142857144,8.26882788484314,2507515.207679203
85.71428571428572,151.42857142857144,617.1428571428571,8.153326556256316,2705879.164794967
85.71428571428572,151.42857142857144,782.8571428571429,8.031010137766351,2831718.1902184356
85.71428571428572,151.42857142857144,948.5714285714287,7.911111400992987,2910910.5480720103
85.71428571428572,151.42857142857144,1114.2857142857142,7.798475921662656,2959088.287989109
85.71428571428572,151.42857142857144,1280.0,7.695162617731537,2986500.509042347
85.71428571428572,151.42857142857144,1445.7142857142858,7.601635906414807,3000009.5109291254
85.71428571428572,151.42857142857144,1611.4285714285716,7.517531933243349,3004235.468825657
85.71428571428572,151.42857142857144,1777.1428571428573,7.44210763806058,3002299.2278862186
85.71428571428572,151.42857142857144,1942.857142857143,7.374487598602153,2996316.5271637556
85.71428571428572,151.42857142857144,2108.5714285714284,7.313791782420495,2987727.281627266
85.71428571428572,151.42857142857144,2274.285714285714,7.259196429598539,2977514.854134566
85.71428571428572,151.42857142857144,2440.0,7.209958743282579,2966352.3555374746
85.71428571428572,151.42857142857144,2605.714285714286,7.165422751756257,2954700.6949036564
85.71428571428572,151.42857142857144,2771.4285714285716,7.125015928409938,2942874.702979818
85.71428571428572,151.42857142857144,2937.1428571428573,7.088241744781936,2931088.047953534
85.71428571428572,151.42857142857144,3102.857142857143,7.054670873969981,2919483.979332847
85.71428571428572,151.42857142857144,3268.571428571429,7.023932410715889,2908156.532720796
85.71428571428572,151.42857142857144,3434.2857142857147,6.995705742639663,2897165.2628529286
85.71428571428572,151.42857142857144,3600.0,6.969713318732276,2886545.5500381403
85.71428571428572,198.57142857142858,120.0,8.40959358429632,1694306.66606377
85.71428571428572,198.57142857142858,285.7142857142857,8.36088419016486,2136888.951076619
85.71428571428572,198.57142857142858,451.42857142857144,8.270051937375131,2487320.101077388
85.71428571428572,198.57142857142858,617.1428571428571,8.158310798240645,2716659.25530591
85.71428571428572,198.57142857142858,782.8571428571429,8.040066477274355,2870847.473811263
85.71428571428572,198.57142857142858,948.5714285714287,7.923885698127767,2975119.163680968
85.71428571428572,198.57142857142858,1114.2857142857142,7.814305199101257,3045236.480280637
85.71428571428572,198.57142857142858,1280.0,7.713309207161621,3091744.049436659
85.71428571428572,198.57142857142858,1445.7142857142858,7.621409444379542,3121842.6747057545
85.71428571428572,198.57142857142858,1611.4285714285716,7.538339146471116,3140487.5641210736
85.71428571428572,198.57142857142858,1777.1428571428573,7.463463226061919,3151108.6194499647
85.71428571428572,198.57142857142858,1942.857142857143,7.396007006949044,3156095.1666726097
85.71428571428572,198.57142857142858,2108.5714285714284,7.335177172412942,3157123.3052616725
85.71428571428572,198.57142857142858,2274.285714285714,7.280221402327376,3155377.2353107375
85.71428571428572,198.57142857142858,2440.0,7.2304542501563684,3151699.379635427
85.71428571428572,198.57142857142858,2605.714285714286,7.185265044819756,3146692.7642685813
85.71428571428572,198.57142857142858,2771.4285714285716,7.144116663738341,3140791.3354188274
85.71428571428572,198.57142857142858,2937.1428571428573,7.106540041931272,3134308.6450361144
85.71428571428572,198.57142857142858,3102.857142857143,7.072127033240061,3127471.848189747
85.71428571428572,198.57142857142858,3268.571428571429,7.040522983868898,3120445.6498404806
85.71428571428572,198.57142857142858,3434.2857142857147,7.01141968502375,3113349.316580297
85.71428571428572,198.57142857142858,3600.0,6.984548994508337,3106268.8615387403
85.71428571428572,245.71428571428572,120.0,8.40862096156132,1717030.0220599312
85.71428571428572,245.71428571428572,285.7142857142857,8.359481413990492,2143434.59915276
85.71428571428572,245.71428571428572,451.42857142857144,8.270860842817472,2507104.252104403
85.71428571428572,245.71428571428572,617.1428571428571,8.16292740840416,2754676.207664901
85.71428571428572,245.71428571428572,782.8571428571429,8.049076454809045,2926823.839226316
85.71428571428572,245.71428571428572,948.5714285714287,7.937215326044052,3047672.637146341
85.71428571428572,245.71428571428572,1114.2857142857142,7.831536631331167,3132723.9381992384
85.71428571428572,245.71428571428572,1280.0,7.733892640220664,3192525.461903451
85.71428571428572,245.71428571428572,1445.7142857142858,7.64478217994802,3234388.173665906
85.71428571428572,245.71428571428572,1611.4285714285716,7.563982807485688,3263419.390141559
85.71428571428572,245.71428571428572,1777.1428571428573,7.490925586610486,3283210.562837667
85.71428571428572,245.71428571428572,1942.857142857143,7.424905561936031,3296305.7555020745
85.71428571428572,245.71428571428572,2108.5714285714284,7.365194270599333,3304521.6810782067
85.71428571428572,245.71428571428572,2274.285714285714,7.311096166474216,3309166.591164236
85.71428571428572,245.71428571428572,2440.0,7.261973879528385,3311190.4837938356
85.71428571428572,245.71428571428572,2605.714285714286,7.217256678161118,3311288.7586731203
85.71428571428572,245.71428571428572,2771.4285714285716,7.176440251556169,3309974.2675384646
85.71428571428572,245.71428571428572,2937.1428571428573,7.139082320819771,3307627.8111087163
85.71428571428572,245.71428571428572,3102.857142857143,7.104796534597358,3304533.8419154803
85.71428571428572,245.71428571428572,3268.571428571429,7.0732459482122625,3300905.9338809117
85.71428571428572,245.71428571428572,3434.2857142857147,7.044136740043108,3296905.1136106467
85.71428571428572,245.71428571428572,3600.0,7.017212463511192,3292653.1686048983
85.71428571428572,292.8571428571429,120.0,8.407605224787627,1770681.071876027
85.71428571428572,292.8571428571429,285.7142857142857,8.357965268451906,2178072.6190736135
85.71428571428572,292.8571428571429,451.42857142857144,8.271331386355484,2547989.663072375
85.71428571428572,292.8571428571429,617.1428571428571,8.166948035412428,2807241.2073251754
85.71428571428572,292.8571428571429,782.8571428571429,8.057294185731065,2991789.0755542796
85.71428571428572,292.8571428571429,948.5714285714287,7.949674353566949,3124529.869385377
85.71428571428572,292.8571428571429,1114.2857142857142,7.847953026858389,3220561.234422365
85.71428571428572,292.8571428571429,1280.0,7.7538398589139685,3290314.334344148
85.71428571428572,292.8571428571429,1445.7142857142858,7.667798269115371,3341109.638031897
85.71428571428572,292.8571428571429,1611.4285714285716,7.58962519932448,3378121.372512075
85.71428571428572,292.8571428571429,1777.1428571428573,7.5187951225508,3405030.884093238
85.71428571428572,292.8571428571429,1942.857142857143,7.454653933475828,3424477.2829084224
85.71428571428572,292.8571428571429,2108.5714285714284,7.396523210804483,3438368.5644949116
85.71428571428572,292.8571428571429,2274.285714285714,7.343752983074254,3448096.4715336617
85.71428571428572,292.8571428571429,2440.0,7.2957457316452174,3454685.308622002
85.71428571428572,292.8571428571429,2605.714285714286,7.25196478185634,3458895.5681873495
85.71428571428572,292.8571428571429,2771.4285714285716,7.211934547017293,3461296.60592781
85.71428571428572,292.8571428571429,2937.1428571428573,7.175236796447207,3462318.029943862
85.71428571428572,292.8571428571429,3102.857142857143,7.141505236608264,3462286.3584540016
85.71428571428572,292.8571428571429,3268.571428571429,7.110419628388737,3461451.4050950743
85.71428571428572,292.8571428571429,3434.2857142857147,7.081700065061897,3460005.441309559
85.71428571428572,292.8571428571429,3600.0,7.055101703310296,3458097.2357523395
85.71428571428572,340.0,120.0,8.406553573130044,1843149.743657059
85.71428571428572,340.0,285.7142857142857,8.356390745158803,2229187.7354328763
85.71428571428572,340.0,451.42857142857144,8.271525423028905,2601437.638531142
85.71428571428572,340.0,617.1428571428571,8.170361396031204,2868566.497578399
85.71428571428572,340.0,782.8571428571429,8.06455721454234,3062195.3953772592
85.71428571428572,340.0,948.5714285714287,7.9608799401859365,3203967.0398383974
85.71428571428572,340.0,1114.2857142857142,7.8628961727389575,3308518.032971301
85.71428571428572,340.0,1280.0,7.772178611840388,3386108.640350416
85.71428571428572,340.0,1445.7142857142858,7.6891479663159235,3444019.4436225244
85.71428571428572,340.0,1611.4285714285716,7.61360813113259,3487447.3990974925
85.71428571428572,340.0,1777.1428571428573,7.545063711652083,3520125.040524614
85.71428571428572,340.0,1942.857142857143,7.482899313112099,3544753.253103164
85.71428571428572,340.0,2108.5714285714284,7.426476266100504,3563303.122491455
85.71428571428572,340.0,2274.285714285714,7.375181820863503,3577226.2191308984
85.71428571428572,340.0,2440.0,7.328451710898927,3587601.402226165
85.71428571428572,340.0,2605.714285714286,7.285778200528147,3595237.812143194
85.71428571428572,340.0,2771.4285714285716,7.246710513059301,3600747.6228371514
85.71428571428572,340.0,2937.1428571428573,7.210851507839612,3604597.847507887
85.71428571428572,340.0,3102.857142857143,7.1778527390652656,3607147.5494601927
85.71428571428572,340.0,3268.571428571429,7.147409042969715,3608674.809451713
85.71428571428572,340.0,3434.2857142857147,7.119253243989918,3609396.4448285345
85.71428571428572,340.0,3600.0,7.093151260432242,3609482.55585786
85.71428571428572,387.14285714285717,120.0,8.405471092789785,1928090.9276683063
85.71428571428572,387.14285714285717,285.7142857142857,8.354787661340655,2290759.111344487
85.71428571428572,387.14285714285717,451.42857142857144,8.27149858388663,2662916.3455079054
85.71428571428572,387.14285714285717,617.1428571428571,8.17322959836487,2935526.332430176
85.71428571428572,387.14285714285717,782.8571428571429,8.070906320080685,3136100.1345587876
85.71428571428572,387.14285714285717,948.5714285714287,7.970820091439892,3285027.986166121
85.71428571428572,387.14285714285717,1114.2857142857142,7.8762717469806605,3396461.626952367
85.71428571428572,387.14285714285717,1280.0,7.788708048758447,3480464.3014314473
85.71428571428572,387.14285714285717,1445.7142857142858,7.7085061307322835,3544250.7975814366
85.71428571428572,387.14285714285717,1611.4285714285716,7.635470473664936,3593016.2007588926
85.71428571428572,387.14285714285717,1777.1428571428573,7.5691276062166315,3630521.7527268357
85.71428571428572,387.14285714285717,1942.857142857143,7.508892646394938,3659510.1830154685
85.71428571428572,387.14285714285717,2108.5714285714284,7.4541593028372946,3681998.370718281
85.71428571428572,387.14285714285717,2274.285714285714,7.404345763858937,3699482.914913463
85.71428571428572,387.14285714285717,2440.0,7.358915824385485,3713084.6782368314
85.71428571428572,387.14285714285717,2605.714285714286,7.317386480418684,3723650.8565978114
85.71428571428572,387.14285714285717,2771.4285714285716,7.279328395888033,3731827.522321369
85.71428571428572,387.14285714285717,2937.1428571428573,7.244362843164947,3738111.5840791627
85.71428571428572,387.14285714285717,3102.857142857143,7.212157108934873,3742888.320965044
85.71428571428572,387.14285714285717,3268.571428571429,7.182419440296017,3746458.735537797
85.71428571428572,387.14285714285717,3434.2857142857147,7.154894087650808,3749059.6647124584
85.71428571428572,387.14285714285717,3600.0,7.129356710965395,3750878.6957302922
85.71428571428572,434.28571428571433,120.0,8.404362378010294,2021768.3778576625
85.71428571428572,434.28571428571433,285.7142857142857,8.35317512309225,2359300.4995919922
85.71428571428572,434.28571428571433,451.42857142857144,8.271298989731301,2729746.418228035
85.71428571428572,434.28571428571433,617.1428571428571,8.175632559024057,3006233.3723464604
85.71428571428572,434.28571428571433,782.8571428571429,8.076445421566145,3212299.4592220215
85.71428571428572,434.28571428571433,948.5714285714287,7.979607950983933,3367089.8120189914
85.71428571428572,434.28571428571433,1114.2857142857142,7.888185134882393,3484261.7988049523
85.71428571428572,434.28571428571433,1280.0,7.803509964053485,3573668.8731144783
85.71428571428572,434.28571428571433,1445.7142857142858,7.725917860049395,3642445.8936133236
85.71428571428572,434.28571428571433,1611.4285714285716,7.655210635039451,3695771.6869653934
85.71428571428572,434.28571428571433,1777.1428571428573,7.5909314232829725,3737422.4414126645
85.71428571428572,434.28571428571433,1942.857142857143,7.532520091141731,3770170.1347361994
85.71428571428572,434.28571428571433,2108.5714285714284,7.479397285208802,3796066.2475334406
85.71428571428572,434.28571428571433,2274.285714285714,7.431007327380235,3816642.6546251345
85.71428571428572,434.28571428571433,2440.0,7.386837982377339,3833053.827051039
85.71428571428572,434.28571428571433,2605.714285714286,7.3464275665166,3846177.8430687273
85.71428571428572,434.28571428571433,2771.4285714285716,7.309365376067293,3856688.5683663683
85.71428571428572,434.28571428571433,2937.1428571428573,7.275288802108709,3865107.619451107
85.71428571428572,434.28571428571433,3102.857142857143,7.243878997652687,3871842.0828566146
85.71428571428572,434.28571428571433,3268.571428571429,7.214856106379962,3877212.1323499037
85.71428571428572,434.28571428571433,3434.2857142857147,7.187974577275198,3881471.427127363
85.71428571428572,434.28571428571433,3600.0,7.1630188174517215,3884822.3089532712
85.71428571428572,481.42857142857144,120.0,8.403231962432974,2121773.223483114
85.71428571428572,481.42857142857144,285.7142857142857,8.351566661208189,2432623.752804177
85.71428571428572,481.42857142857144,451.42857142857144,8.270966838775127,2800218.2412759946
85.71428571428572,481.42857142857144,617.1428571428571,8.1776475487753,3079458.202026821
85.71428571428572,481.42857142857144,782.8571428571429,8.08128919977835,3289986.2186848377
85.71428571428572,481.42857142857144,948.5714285714287,7.987388660595656,3449709.811965193
85.71428571428572,481.42857142857144,1114.2857142857142,7.898801642110275,3571789.0152266813
85.71428571428572,481.42857142857144,1280.0,7.816759065786519,3665861.4985056133
85.71428571428572,481.42857142857144,1445.7142857142858,7.741557573767023,3738974.371262972
85.71428571428572,481.42857142857144,1611.4285714285716,7.672994719379049,3796281.5076546296
85.71428571428572,481.42857142857144,1777.1428571428573,7.6106266627200405,3841565.2810047
85.71428571428572,481.42857142857144,1942.857142857143,7.553913826079059,3877618.62106059
85.71428571428572,481.42857142857144,2108.5714285714284,7.502299676272033,3906520.0603233557
85.71428571428572,481.42857142857144,2274.285714285714,7.45525093035647,3929830.0516692814
85.71428571428572,481.42857142857144,2440.0,7.412276067303454,3948730.827559053
85.71428571428572,481.42857142857144,2605.714285714286,7.372931955321624,3964126.294720944
85.71428571428572,481.42857142857144,2771.4285714285716,7.336824201443437,3976713.769007716
85.71428571428572,481.42857142857144,2937.1428571428573,7.303604384323631,3987035.8532379996
85.71428571428572,481.42857142857144,3102.857142857143,7.272965924102296,3995518.2556537725
85.71428571428572,481.42857142857144,3268.571428571429,7.2446395395273075,4002497.5931036044
85.71428571428572,481.42857142857144,3434.2857142857147,7.218388786754184,4008242.007713195
85.71428571428572,481.42857142857144,3600.0,7.194005918287291,4012966.585826831
85.71428571428572,528.5714285714286,120.0,8.402084363538258,2226439.0087187598
85.71428571428572,528.5714285714286,285.7142857142857,8.349972380002708,2509269.845756069
85.71428571428572,528.5714285714286,451.42857142857144,8.27053499733089,2873178.8775263927
85.71428571428572,528.5714285714286,617.1428571428571,8.179342547994011,3154356.6532156877
85.71428571428572,528.5714285714286,782.8571428571429,8.085544258677544,3368591.2683898997
85.71428571428572,528.5714285714286,948.5714285714287,7.994304342051523,3532559.088264152
85.71428571428572,528.5714285714286,1114.2857142857142,7.908292387179136,3658923.083837917
85.71428571428572,528.5714285714286,1280.0,7.828647915201949,3757102.806434368
85.71428571428572,528.5714285714286,1445.7142857142858,7.755632032072575,3834053.3803437524
85.71428571428572,528.5714285714286,1611.4285714285716,7.689037355432525,3894898.383586922
85.71428571428572,528.5714285714286,1777.1428571428573,7.628430582046088,3943420.6353608896
85.71428571428572,528.5714285714286,1942.857142857143,7.573289552897983,3982428.3742092066
85.71428571428572,528.5714285714286,2108.5714285714284,7.523077367637717,4014021.9196357643
85.71428571428572,528.5714285714286,2274.285714285714,7.477280180252191,4039785.547425559
85.71428571428572,528.5714285714286,2440.0,7.435424563428392,4060925.0432330687
85.71428571428572,528.5714285714286,2605.714285714286,7.397083675936083,4078366.465000851
85.71428571428572,528.5714285714286,2771.4285714285716,7.361877513727363,4092827.390006701
85.71428571428572,528.5714285714286,2937.1428571428573,7.32947022403575,4104868.654109788
85.71428571428572,528.5714285714286,3102.857142857143,7.29956613681154,4114932.214719413
85.71428571428572,528.5714285714286,3268.571428571429,7.271905410491662,4123369.0881280694
85.71428571428572,528.5714285714286,3434.2857142857147,7.246259759204359,4130460.1378253642
85.71428571428572,528.5714285714286,3600.0,7.222428486846031,4136431.6740798065
85.71428571428572,575.7142857142858,120.0,8.40092401305374,2334548.958363273
85.71428571428572,575.7142857142858,285.7142857142857,8.34840000461842,2588220.142553711
85.71428571428572,575.7142857142858,451.42857142857144,8.270029991723899,2947818.4042921136
85.71428571428572,575.7142857142858,617.1428571428571,8.180774970043114,3230327.1826880756
85.71428571428572,575.7142857142858,782.8571428571429,8.089303442267614,3447700.065568636
85.71428571428572,575.7142857142858,948.5714285714287,8.000482102782579,3615387.965345734
85.71428571428572,575.7142857142858,1114.2857142857142,7.916814461320499,3745558.8360189316
85.71428571428572,575.7142857142858,1280.0,7.8393581386180875,3847413.8686969625
85.71428571428572,575.7142857142858,1445.7142857142858,7.768341908776458,3927814.10201052
85.71428571428572,575.7142857142858,1611.4285714285716,7.703553284337119,3991849.5370893693
85.71428571428572,575.7142857142858,1777.1428571428573,7.644567718912889,4043299.6081369645
85.71428571428572,575.7142857142858,1942.857142857143,7.590878066576422,4084983.92738211
85.71428571428572,575.7142857142858,2108.5714285714284,7.5419645437259035,4119020.830021649
85.71428571428572,575.7142857142858,2274.285714285714,7.4973303636983415,4147014.945495922
85.71428571428572,575.7142857142858,2440.0,7.4565180580577,4170192.500674262
85.71428571428572,575.7142857142858,2605.714285714286,7.4191152129326206,4189498.9566939683
85.71428571428572,575.7142857142858,2771.4285714285716,7.384754613589151,4205669.748972411
85.71428571428572,575.7142857142858,2937.1428571428573,7.353111615534847,4219281.856547597
85.71428571428572,575.7142857142858,3102.857142857143,7.323900307766283,4230791.67415671
85.71428571428572,575.7142857142858,3268.571428571429,7.296869317332254,4240563.048583102
85.71428571428572,575.7142857142858,3434.2857142857147,7.2717976974491405,4248888.205924252
85.71428571428572,575.7142857142858,3600.0,7.248491112502206,4256003.50249737
85.71428571428572,622.8571428571429,120.0,8.399755169608447,2445177.891167452
85.71428571428572,622.8571428571429,285.7142857142857,8.346855472307526,2668738.086970575
85.71428571428572,622.8571428571429,451.42857142857144,8.269473054494407,3023550.359689084
85.71428571428572,622.8571428571429,617.1428571428571,8.181992367099335,3306929.747796618
85.71428571428572,622.8571428571429,782.8571428571429,8.09264527486301,3527004.3440014413
85.71428571428572,622.8571428571429,948.5714285714287,8.006031258785574,3698005.1485873354
85.71428571428572,622.8571428571429,1114.2857142857142,7.924505079349253,3831608.252718499
85.71428571428572,622.8571428571429,1280.0,7.849050827136515,3936797.518059571
85.71428571428572,622.8571428571429,1445.7142857142858,7.779867956319177,4020339.126744126
85.71428571428572,622.8571428571429,1611.4285714285716,7.7167389854424435,4087287.5435298984
85.71428571428572,622.8571428571429,1777.1428571428573,7.659246820685013,4141416.2376704677
85.71428571428572,622.8571428571429,1942.857142857143,7.606897445089997,4185553.399960648
85.71428571428572,622.8571428571429,2108.5714285714284,7.5591861710359325,4221832.621121383
85.71428571428572,622.8571428571429,2274.285714285714,7.515631332958839,4251876.295635702
85.71428571428572,622.8571428571429,2440.0,7.47578966177446,4276928.737629079
85.71428571428572,622.8571428571429,2605.714285714286,7.439261621418397,4297952.711247509
85.71428571428572,622.8571428571429,2771.4285714285716,7.405691445524709,4315699.658280869
85.71428571428572,622.8571428571429,2937.1428571428573,7.37476454916879,4330761.079858829
85.71428571428572,622.8571428571429,3102.857142857143,7.346203801899816,4343606.394655756
85.71428571428572,622.8571428571429,3268.571428571429,7.319765468168889,4354611.050049657
85.71428571428572,622.8571428571429,3434.2857142857147,7.295235234792366,4364077.56505943
85.71428571428572,622.8571428571429,3600.0,7.272424527617323,4372251.411230342
85.71428571428572,670.0,120.0,8.398581845742257,2557601.0256660767
85.71428571428572,670.0,285.7142857142857,8.34534331349693,2750276.705525447
85.71428571428572,670.0,451.42857142857144,8.268881079322956,3099940.4584720214
85.71428571428572,670.0,617.1428571428571,8.183033751574612,3383836.476197412
85.71428571428572,670.0,782.8571428571429,8.095635264390184,3606271.9217307996
85.71428571428572,670.0,948.5714285714287,8.011044127842526,3780263.805244495
85.71428571428572,670.0,1114.2857142857142,7.931481364270933,3917000.3047006456
85.71428571428572,670.0,1280.0,7.857864878993278,4025249.8035756145
85.71428571428572,670.0,1445.7142857142858,7.790367567096956,4111683.718249769
85.71428571428572,670.0,1611.4285714285716,7.728767214785688,4181319.8935807445
85.71428571428572,670.0,1777.1428571428573,7.672653203627494,4237924.100800342
85.71428571428572,670.0,1942.857142857143,7.621543142197495,4284331.098948144
85.71428571428572,670.0,2108.5714285714284,7.574945790826734,4322687.679450992
85.71428571428572,670.0,2274.285714285714,7.532393004393055,4354632.034124209
85.71428571428572,670.0,2440.0,7.493454246945217,4381424.749579341
85.71428571428572,670.0,2605.714285714286,7.457741559479926,4404044.2570603425
85.71428571428572,670.0,2771.4285714285716,7.424909491139215,4423256.550782036
85.71428571428572,670.0,2937.1428571428573,7.394652540437263,4439666.372946564
85.71428571428572,670.0,3102.857142857143,7.366701521429252,4453755.043299009
85.71428571428572,670.0,3268.571428571429,7.340819622049499,4465908.628271854
85.71428571428572,670.0,3434.2857142857147,7.316798553713097,4476439.0827463055
85.71428571428572,670.0,3600.0,7.294454984079726,4485600.245096427
85.71428571428572,717.1428571428572,120.0,8.397407757194744,2671238.17776809
85.71428571428572,717.1428571428572,285.7142857142857,8.343866924412499,2832421.584838345
85.71428571428572,717.1428571428572,451.42857142857144,8.26826743953232,3176661.7975398223
85.71428571428572,717.1428571428572,617.1428571428571,8.183930991011943,3460800.008514012
85.71428571428572,717.1428571428572,782.8571428571429,8.098327734433504,3685326.7096234863
85.71428571428572,717.1428571428572,948.5714285714287,8.01559803837047,3862051.62251987
85.71428571428572,717.1428571428572,1114.2857142857142,7.937842230463934,4001679.5976368226
85.71428571428572,717.1428571428572,1280.0,7.8659184714920585,4112765.9510130542
85.71428571428572,717.1428571428572,1445.7142857142858,7.799975594657834,4201888.002432837
85.71428571428572,717.1428571428572,1611.4285714285716,7.739786990375202,4274026.491684648
85.71428571428572,717.1428571428572,1777.1428571428573,7.68494776849005,4332938.34849812
85.71428571428572,717.1428571428572,1942.857142857143,7.634985943404428,4381463.444772433
85.71428571428572,717.1428571428572,2108.5714285714284,7.589422360829921,4421760.222764027
85.71428571428572,717.1428571428572,2274.285714285714,7.547801058600809,4455481.152819202
85.71428571428572,717.1428571428572,2440.0,7.509702999514731,4483901.6722842865
85.71428571428572,717.1428571428572,2605.714285714286,7.474750699907696,4508014.584335149
85.71428571428572,717.1428571428572,2771.4285714285716,7.442608059857367,4528599.275364044
85.71428571428572,717.1428571428572,2937.1428571428573,7.412977826229454,4546272.699990937
85.71428571428572,717.1428571428572,3102.857142857143,7.385598039160798,4561527.172755125
85.71428571428572,717.1428571428572,3268.571428571429,7.3602381940018535,4574758.583521645
85.71428571428572,717.1428571428572,3434.2857142857147,7.33669549910582,4586287.625743765
85.71428571428572,717.1428571428572,3600.0,7.314791411931954,4596375.893767596
85.71428571428572,764.2857142857143,120.0,8.39623629349381,2785617.737393547
85.71428571428572,764.2857142857143,285.7142857142857,8.342428776577385,2914854.062394336
85.71428571428572,764.2857142857143,451.42857142857144,8.267642668246022,3253465.4429020397
85.71428571428572,764.2857142857143,617.1428571428571,8.184710076659337,3537632.2721154187
85.71428571428572,764.2857142857143,782.8571428571429,8.100767652987606,3764034.8691614443
85.71428571428572,764.2857142857143,948.5714285714287,8.019757578806274,3943283.3987407316
85.71428571428572,764.2857142857143,1114.2857142857142,7.943670863883561,4085604.512047769
85.71428571428572,764.2857142857143,1280.0,7.8733115788645485,4199343.268587098
85.71428571428572,764.2857142857143,1445.7142857142858,7.808806737889119,4290983.960889666
85.71428571428572,764.2857142857143,1611.4285714285716,7.749925702666214,4365470.157773078
85.71428571428572,764.2857142857143,1777.1428571428573,7.6962687292001934,4426549.224406728
85.71428571428572,764.2857142857143,1942.857142857143,7.647373233414042,4477065.091743
85.71428571428572,764.2857142857143,2108.5714285714284,7.602771005894204,4519186.672669486
85.71428571428572,764.2857142857143,2274.285714285714,7.562017137836685,4554579.528981755
85.71428571428572,764.2857142857143,2440.0,7.524703041677638,4584532.819638565
85.71428571428572,764.2857142857143,2605.714285714286,7.490460767989787,4610052.679902476
85.71428571428572,764.2857142857143,2771.4285714285716,7.458962740233804,4631930.949361635
85.71428571428572,764.2857142857143,2937.1428571428573,7.4299192343341804,4650795.957423146
85.71428571428572,764.2857142857143,3102.857142857143,7.403074895430801,4667150.271773932
85.71428571428572,764.2857142857143,3268.571428571429,7.378204991849596,4681398.9519343525
85.71428571428572,764.2857142857143,3434.2857142857147,7.355111769611361,4693870.854945864
85.71428571428572,764.2857142857143,3600.0,7.333621081283119,4704834.825886129
85.71428571428572,811.4285714285714,120.0,8.395070506020389,2900352.2576628337
85.71428571428572,811.4285714285714,285.7142857142857,8.34103058492554,2997326.5014756727
85.71428571428572,811.4285714285714,451.42857142857144,8.267015014500839,3330160.388436673
85.71428571428572,811.4285714285714,617.1428571428571,8.185392207919271,3614189.7301055766
85.71428571428572,811.4285714285714,782.8571428571429,8.102992265391256,3842294.8921509837
85.71428571428572,811.4285714285714,948.5714285714287,8.023576704259975,4023895.3724587555
85.71428571428572,811.4285714285714,1114.2857142857142,7.949037179817412,4168745.2275388776
85.71428571428572,811.4285714285714,1280.0,7.880128647409011,4284982.367973516
85.71428571428572,811.4285714285714,1445.7142857142858,7.816958309400237,4378999.411937336
85.71428571428572,811.4285714285714,1611.4285714285716,7.75929187048287,4455702.991350485
85.71428571428572,811.4285714285714,1777.1428571428573,7.706734271086076,4518830.489692767
85.71428571428572,811.4285714285714,1942.857142857143,7.658831490575438,4571229.139599834
85.71428571428572,811.4285714285714,2108.5714285714284,7.615125299119912,4615077.420358838
85.71428571428572,811.4285714285714,2274.285714285714,7.575180877919023,4652053.047962935
85.71428571428572,811.4285714285714,2440.0,7.538599189560476,4683457.995829718
85.71428571428572,811.4285714285714,2605.714285714286,7.505021008532294,4710310.886282294
85.71428571428572,811.4285714285714,2771.4285714285716,7.474126566507587,4733415.2428070605
85.71428571428572,811.4285714285714,2937.1428571428573,7.445633044795039,4753410.079097229
85.71428571428572,811.4285714285714,3102.857142857143,7.419291153363824,4770807.601626347
85.71428571428572,811.4285714285714,3268.571428571429,7.394881467342697,4786021.495835531
85.71428571428572,811.4285714285714,3434.2857142857147,7.372210868702842,4799388.302546648
85.71428571428572,811.4285714285714,3600.0,7.351109258964025,4811183.694746038
85.71428571428572,858.5714285714287,120.0,8.393913109279348,3015121.180565901
85.71428571428572,858.5714285714287,285.7142857142857,8.339673445930234,3079645.102498799
85.71428571428572,858.5714285714287,451.42857142857144,8.266390894011058,3406599.4675695356
85.71428571428572,858.5714285714287,617.1428571428571,8.185994691947815,3690362.825516648
85.71428571428572,858.5714285714287,782.8571428571429,8.10503248180279,3920030.299345695
85.71428571428572,858.5714285714287,948.5714285714287,8.027100572582908,4103840.806353774
85.71428571428572,858.5714285714287,1114.2857142857142,7.954000026335662,4251081.833292041
85.71428571428572,858.5714285714287,1280.0,7.88644107185707,4369687.47454831
85.71428571428572,858.5714285714287,1445.7142857142858,7.824512893714073,4465960.23112126
85.71428571428572,858.5714285714287,1611.4285714285716,7.767977900987538,4544770.25023047
85.71428571428572,858.5714285714287,1777.1428571428573,7.7164453460136775,4609844.742913905
85.71428571428572,858.5714285714287,1942.857142857143,7.669469063715131,4664033.708685116
85.71428571428572,858.5714285714287,2108.5714285714284,7.62659997858233,4709524.498511967
85.71428571428572,858.5714285714287,2274.285714285714,7.5874125328911965,4748006.236641083
85.71428571428572,858.5714285714287,2440.0,7.551516461927056,4780792.974934826
85.71428571428572,858.5714285714287,2605.714285714286,7.518560561183374,4808915.1288016485
85.71428571428572,858.5714285714287,2771.4285714285716,7.488232248242382,4833187.268511983
85.71428571428572,858.5714285714287,2937.1428571428573,7.460255065582494,4854258.516621882
85.71428571428572,858.5714285714287,3102.857142857143,7.434385315420185,4872650.203939288
85.71428571428572,858.5714285714287,3268.571428571429,7.410408470841934,4888784.184736627
85.71428571428572,858.5714285714287,3434.2857142857147,7.388135696624866,4903004.278958484
85.71428571428572,858.5714285714287,3600.0,7.367400638252513,4915592.629918702
85.71428571428572,905.7142857142858,120.0,8.392766491548501,3129658.1409952114
85.71428571428572,905.7142857142858,285.7142857142857,8.338357952403829,3161657.5950505645
85.71428571428572,905.7142857142858,451.42857142857144,8.26577525286374,3482669.1860210523
85.71428571428572,905.7142857142858,617.1428571428571,8.186531678445078,3766068.244347577
85.71428571428572,905.7142857142858,782.8571428571429,8.10691402722583,3997184.1543353805
85.71428571428572,905.7142857142858,948.5714285714287,8.030367090055993,4183086.5087833805
85.71428571428572,905.7142857142858,1114.2857142857142,7.958609070684247,4332602.6180514
85.71428571428572,905.7142857142858,1280.0,7.892309354532517,4453466.265537782
85.71428571428572,905.7142857142858,1445.7142857142858,7.831540711529298,4551891.540679973
85.71428571428572,905.7142857142858,1611.4285714285716,7.776062598079557,4632712.718602163
85.71428571428572,905.7142857142858,1777.1428571428573,7.7254882729723775,4699646.816921881
85.71428571428572,905.7142857142858,1942.857142857143,7.679378822152404,4755546.236734643
85.71428571428572,905.7142857142858,2108.5714285714284,7.637293612403094,4802606.667364337
85.71428571428572,905.7142857142858,2274.285714285714,7.598815627994897,4842528.044004496
85.71428571428572,905.7142857142858,2440.0,7.563562699915143,4876635.8948071515
85.71428571428572,905.7142857142858,2605.714285714286,7.531191030706737,4905971.853075587
85.71428571428572,905.7142857142858,2771.4285714285716,7.501394678868998,4931361.003163675
85.71428571428572,905.7142857142858,2937.1428571428573,7.473903070300923,4953462.0923151355
85.71428571428572,905.7142857142858,3102.857142857143,7.448477683675073,4972805.140701994
85.71428571428572,905.7142857142858,3268.571428571429,7.42490852956356,4989819.78346914
85.71428571428572,905.7142857142858,3434.2857142857147,7.403010743560885,5004856.775141029
85.71428571428572,905.7142857142858,3600.0,7.382621445147463,5018204.42408879
85.71428571428572,952.8571428571429,120.0,8.391632731778012,3243741.3297353424
85.71428571428572,952.8571428571429,285.7142857142857,8.337084289334973,3243244.1992053282
85.71428571428572,952.8571428571429,451.42857142857144,8.265171860282841,3558282.2205569386
85.71428571428572,952.8571428571429,617.1428571428571,8.187014755081155,3841243.1323279715
85.71428571428572,952.8571428571429,782.8571428571429,8.108658382597975,4073714.8742517536
85.71428571428572,952.8571428571429,948.5714285714287,8.033408189585504,4261610.072401957
85.71428571428572,952.8571428571429,1114.2857142857142,7.962906376695967,4413302.572569621
85.71428571428572,952.8571428571429,1280.0,7.897784932333548,4536329.484097808
85.71428571428572,952.8571428571429,1445.7142857142858,7.838101645430015,4636818.29825268
85.71428571428572,952.8571428571429,1611.4285714285716,7.783613340069712,4719568.149362175
85.71428571428572,952.8571428571429,1777.1428571428573,7.733937027121965,4788285.969273042
85.71428571428572,952.8571428571429,1942.857142857143,7.688640522077939,4845826.326013696
85.71428571428572,952.8571428571429,2108.5714285714284,7.647291014537844,4894392.8398348065
85.71428571428572,952.8571428571429,2274.285714285714,7.609479402307096,4935695.77653303
85.71428571428572,952.8571428571429,2440.0,7.574831018499457,4971071.644431586
85.71428571428572,952.8571428571429,2605.714285714286,7.543008933003896,5001572.814130692
85.71428571428572,952.8571428571429,2771.4285714285716,7.513713365069987,5028034.434874923
85.71428571428572,952.8571428571429,2937.1428571428573,7.4866792022265,5051124.46766402
85.71428571428572,952.8571428571429,3102.857142857143,7.461672731806114,5071381.251061939
85.71428571428572,952.8571428571429,3268.571428571429,7.438488182423821,5089241.868942512
85.71428571428572,952.8571428571429,3434.2857142857147,7.416944383532873,5105063.714520776
85.71428571428572,952.8571428571429,3600.0,7.39688168855438,5119140.998384464
85.71428571428572,1000.0,120.0,8.390513620316623,3357185.979489355
85.71428571428572,1000.0,285.7142857142857,8.335852313942715,3324310.8437842135
85.71428571428572,1000.0,451.42857142857144,8.264583544057023,3633371.7813266967
85.71428571428572,1000.0,617.1428571428571,8.187453428192608,3915840.7019849787
85.71428571428572,1000.0,782.8571428571429,8.110283550039714,4149592.9898271756
85.71428571428572,1000.0,948.5714285714287,8.036250878080171,4339397.669938411
85.71428571428572,1000.0,1114.2857142857142,7.966927707743345,4493182.105584525
85.71428571428572,1000.0,1280.0,7.902911698465308,4618290.467908323
85.71428571428572,1000.0,1445.7142857142858,7.844246941772874,4720765.540706828
85.71428571428572,1000.0,1611.4285714285716,7.79068792558106,4805372.136686064
85.71428571428572,1000.0,1777.1428571428573,7.741855197861595,4875807.307716037
85.71428571428572,1000.0,1942.857142857143,7.697322849691454,4934927.655784056
85.71428571428572,1000.0,2108.5714285714284,7.6566653504132205,4984944.423904164
85.71428571428572,1000.0,2274.285714285714,7.619480958340138,5027577.821201402
85.71428571428572,1000.0,2440.0,7.585401984974364,5064174.924998721
85.71428571428572,1000.0,2605.714285714286,7.554097890294285,5095798.438772572
85.71428571428572,1000.0,2771.4285714285716,7.525274628864823,5123293.195000265
85.71428571428572,1000.0,2937.1428571428573,7.498672175466192,5147336.016947573
85.71428571428572,1000.0,3102.857142857143,7.47406129909411,5168473.242691696
85.71428571428572,1000.0,3268.571428571429,7.451240161949561,5187149.118242225
85.71428571428572,1000.0,3434.2857142857147,7.430031040345315,5203727.419411711
85.71428571428572,1000.0,3600.0,7.410277307242238,5218508.030939697
121.42857142857143,10.0,120.0,8.414084171509213,2600273.6599784973
121.42857142857143,10.0,285.7142857142857,8.364753691604449,5317239.398683898
121.42857142857143,10.0,451.42857142857144,8.280496947022279,4936197.312930291
121.42857142857143,10.0,617.1428571428571,8.188357820281889,4420176.169550742
121.42857142857143,10.0,782.8571428571429,8.102181552265638,3980980.738995503
121.42857142857143,10.0,948.5714285714287,8.02839226182684,3615938.281094976
121.42857142857143,10.0,1114.2857142857142,7.968143513678712,3313261.7085544355
121.42857142857143,10.0,1280.0,7.920032386947207,3062191.3619500697
121.42857142857143,10.0,1445.7142857142858,7.881894830205673,2853245.7856730744
121.42857142857143,10.0,1611.4285714285716,7.851631423909639,2678372.199372648
121.42857142857143,10.0,1777.1428571428573,7.827481788684531,2530966.6255950653
121.42857142857143,10.0,1942.857142857143,7.808058397989669,2405735.7667193706
121.42857142857143,10.0,2108.5714285714284,7.7922970141737835,2298486.77897846
121.42857142857143,10.0,2274.285714285714,7.779389759160824,2205911.9561837767
121.42857142857143,10.0,2440.0,7.768724214800755,2125399.4352810527
121.42857142857143,10.0,2605.714285714286,7.759834506340414,2054878.556894005
121.42857142857143,10.0,2771.4285714285716,7.7523640429346425,1992698.194843754
121.42857142857143,10.0,2937.1428571428573,7.746037806286914,1937532.8167801835
121.42857142857143,10.0,3102.857142857143,7.740641935995157,1888310.5586424314
121.42857142857143,10.0,3268.571428571429,7.736008717492051,1844158.2718015157
121.42857142857143,10.0,3434.2857142857147,7.732005514612208,1804359.469857701
121.42857142857143,10.0,3600.0,7.72852656886164,1768322.0213413318
121.42857142857143,57.142857142857146,120.0,8.412333657521504,1720088.4251666472
121.42857142857143,57.142857142857146,285.7142857142857,8.369566097436252,2223824.741883747
121.42857142857143,57.142857142857146,451.42857142857144,8.281788170720906,2476609.111452611
121.42857142857143,57.142857142857146,617.1428571428571,8.171343936182865,2594003.0898795305
121.42857142857143,57.142857142857146,782.8571428571429,8.054595002982385,2644923.615578651
121.42857142857143,57.142857142857146,948.5714285714287,7.941508382595831,2657556.505161661
121.42857142857143,57.142857142857146,1114.2857142857142,7.83712450098442,2647644.8370591304
121.42857142857143,57.142857142857146,1280.0,7.743310542684326,2624883.873489908
121.42857142857143,57.142857142857146,1445.7142857142858,7.660179139042489,2595294.4079244966
121.42857142857143,57.142857142857146,1611.4285714285716,7.58700047670084,2562569.0370001146
121.42857142857143,57.142857142857146,1777.1428571428573,7.522717846858536,2528931.382891034
121.42857142857143,57.142857142857146,1942.857142857143,7.466213451771192,2495687.323789929
121.42857142857143,57.142857142857146,2108.5714285714284,7.416432726280504,2463574.178924009
121.42857142857143,57.142857142857146,2274.285714285714,7.3724336773664465,2432979.713044636
121.42857142857143,57.142857142857146,2440.0,7.333398738716531,2404078.762350026
121.42857142857143,57.142857142857146,2605.714285714286,7.2986292413414136,2376918.272115659
121.42857142857143,57.142857142857146,2771.4285714285716,7.2675328634906124,2351470.162573186
121.42857142857143,57.142857142857146,2937.1428571428573,7.239609180493297,2327664.13576958
121.42857142857143,57.142857142857146,3102.857142857143,7.2144356890445716,2305407.95202765
121.42857142857143,57.142857142857146,3268.571428571429,7.191655279498036,2284599.858809201
121.42857142857143,57.142857142857146,3434.2857142857147,7.170965439367767,2265136.0941308173
121.42857142857143,57.142857142857146,3600.0,7.152109149934385,2246915.296131163
121.42857142857143,104.28571428571429,120.0,8.411176299420765,1557671.3375260606
121.42857142857143,104.28571428571429,285.7142857142857,8.366346327313911,2023266.6411540296
121.42857142857143,104.28571428571429,451.42857142857144,8.276386699251253,2354943.8849715707
121.42857142857143,104.28571428571429,617.1428571428571,8.162541149691627,2554466.2130684587
121.42857142857143,104.28571428571429,782.8571428571429,8.040729415925036,2677090.357471502
121.42857142857143,104.28571428571429,948.5714285714287,7.920834038583909,2750779.9377192813
121.42857142857143,104.28571428571429,1114.2857142857142,7.808150154662,2792442.0924292537
121.42857142857143,104.28571428571429,1280.0,7.704966521057604,2813084.4729181123
121.42857142857143,104.28571428571429,1445.7142857142858,7.61182959905955,2819994.810754235
121.42857142857143,104.28571428571429,1611.4285714285716,7.528377104485347,2818011.490625066
121.42857142857143,104.28571428571429,1777.1428571428573,7.453831099620259,2810350.051731512
121.42857142857143,104.28571428571429,1942.857142857143,7.3872693912340095,2799150.503895751
121.42857142857143,104.28571428571429,2108.5714285714284,7.327765437751459,2785839.005177729
121.42857142857143,104.28571428571429,2274.285714285714,7.274454415908792,2771366.2918246095
121.42857142857143,104.28571428571429,2440.0,7.226559497852987,2756364.9805241516
121.42857142857143,104.28571428571429,2605.714285714286,7.183397601016569,2741253.723562679
121.42857142857143,104.28571428571429,2771.4285714285716,7.144375198119984,2726306.554320836
121.42857142857143,104.28571428571429,2937.1428571428573,7.1089798596317575,2711699.359290617
121.42857142857143,104.28571428571429,3102.857142857143,7.076770474412341,2697541.23681093
121.42857142857143,104.28571428571429,3268.571428571429,7.047367605982559,2683895.8013814487
121.42857142857143,104.28571428571429,3434.2857142857147,7.020444643275613,2670795.748667086
121.42857142857143,104.28571428571429,3600.0,6.995719986259879,2658252.868320461
121.42857142857143,151.42857142857144,120.0,8.409910989715854,1575516.11913408
121.42857142857143,151.42857142857144,285.7142857142857,8.363065988029922,2020480.6089287451
121.42857142857143,151.42857142857144,451.42857142857144,8.273008907463037,2379675.4883053764
121.42857142857143,151.42857142857144,617.1428571428571,8.160287270946085,2613542.15180842
121.42857142857143,151.42857142857144,782.8571428571429,8.039872540270114,2768804.0524822716
121.42857142857143,151.42857142857144,948.5714285714287,7.92099263965842,2871877.506043952
121.42857142857143,151.42857142857144,1114.2857142857142,7.808647736135636,2939441.2168799844
121.42857142857143,151.42857142857144,1280.0,7.705081045676344,2982671.2383210645
121.42857142857143,151.42857142857144,1445.7142857142858,7.610920677647483,3009176.506350778
121.42857142857143,151.42857142857144,1611.4285714285716,7.5259320313627,3024163.5138566294
121.42857142857143,151.42857142857144,1777.1428571428573,7.449468022955458,3031209.516254462
121.42857142857143,151.42857142857144,1942.857142857143,7.3807218883244365,3032784.818558743
121.42857142857143,151.42857142857144,2108.5714285714284,7.318861437816796,3030605.255623609
121.42857142857143,151.42857142857144,2274.285714285714,7.263095512285889,3025869.7784263557
121.42857142857143,151.42857142857144,2440.0,7.212703010562491,3019420.875921225
121.42857142857143,151.42857142857144,2605.714285714286,7.167041968355601,3011853.382239106
121.42857142857143,151.42857142857144,2771.4285714285716,7.125548502965916,3003588.750095405
121.42857142857143,151.42857142857144,2937.1428571428573,7.08773102187875,2994926.13494786
121.42857142857143,151.42857142857144,3102.857142857143,7.053162595195435,2986077.815994325
121.42857142857143,151.42857142857144,3268.571428571429,7.021472996976169,2977193.9603847195
121.42857142857143,151.42857142857144,3434.2857142857147,6.992341151429323,2968380.0783531074
121.42857142857143,151.42857142857144,3600.0,6.965488302725045,2959709.423146475
121.42857142857143,198.57142857142858,120.0,8.408593764107332,1650358.72134699
121.42857142857143,198.57142857142858,285.7142857142857,8.360047813228135,2072903.4905233555
121.42857142857143,198.57142857142858,451.42857142857144,8.270697939724721,2443826.314107115
121.42857142857143,198.57142857142858,617.1428571428571,8.160436453430734,2696331.0471100374
121.42857142857143,198.57142857142858,782.8571428571429,8.043237010772595,2870696.9995661015
121.42857142857143,198.57142857142858,948.5714285714287,7.927605779255809,2991736.5070535284
121.42857142857143,198.57142857142858,1114.2857142857142,7.818148331850566,3075635.7006654935
121.42857142857143,198.57142857142858,1280.0,7.716949849517344,3133466.3748264066
121.42857142857143,198.57142857142858,1445.7142857142858,7.62461684646775,3172904.4381589144
121.42857142857143,198.57142857142858,1611.4285714285716,7.540959391973909,3199298.4680446424
121.42857142857143,198.57142857142858,1777.1428571428573,7.465400391381002,3216393.5419397447
121.42857142857143,198.57142857142858,1942.857142857143,7.397207166973118,3226828.100474247
121.42857142857143,198.57142857142858,2108.5714285714284,7.335615975112047,3232474.268072073
121.42857142857143,198.57142857142858,2274.285714285714,7.279894844898632,3234670.5682323514
121.42857142857143,198.57142857142858,2440.0,7.229372006764357,3234381.3185601276
121.42857142857143,198.57142857142858,2605.714285714286,7.18344571706399,3232306.301690078
121.42857142857143,198.57142857142858,2771.4285714285716,7.141584437449452,3228956.717441412
121.42857142857143,198.57142857142858,2937.1428571428573,7.103322355568127,3224708.1915666047
121.42857142857143,198.57142857142858,3102.857142857143,7.06825296698403,3219838.082891071
121.42857142857143,198.57142857142858,3268.571428571429,7.036022159219558,3214551.967017106
121.42857142857143,198.57142857142858,3434.2857142857147,7.006321524640682,3209002.598876866
121.42857142857143,198.57142857142858,3600.0,6.9788822354933195,3203303.6044509914
121.42857142857143,245.71428571428572,120.0,8.40724149670578,1750770.488573544
121.42857142857143,245.71428571428572,285.7142857142857,8.357260975074306,2147945.5251352796
121.42857142857143,245.71428571428572,451.42857142857144,8.268923810944191,2523454.3560511307
121.42857142857143,245.71428571428572,617.1428571428571,8.16145386098458,2787311.8393309484
121.42857142857143,245.71428571428572,782.8571428571429,8.047884768320731,2974323.059367529
121.42857142857143,245.71428571428572,948.5714285714287,7.936048296715455,3107745.477849826
121.42857142857143,245.71428571428572,1114.2857142857142,7.830164611915412,3203200.2360330247
121.42857142857143,245.71428571428572,1280.0,7.7321417376856525,3271560.7268033493
121.42857142857143,245.71428571428572,1445.7142857142858,7.642533383541654,3320472.6968365884
121.42857142857143,245.71428571428572,1611.4285714285716,7.561161951960501,3355334.863481229
121.42857142857143,245.71428571428572,1777.1428571428573,7.487492149116281,3379977.6582454215
121.42857142857143,245.71428571428572,1942.857142857143,7.420843024624516,3397136.2664190712
121.42857142857143,245.71428571428572,2108.5714285714284,7.360502632785003,3408778.6948171654
121.42857142857143,245.71428571428572,2274.285714285714,7.305786418335642,3416332.6409859466
121.42857142857143,245.71428571428572,2440.0,7.256064043330861,3420842.541394833
121.42857142857143,245.71428571428572,2605.714285714286,7.210769027586775,3423078.7446999843
121.42857142857143,245.71428571428572,2771.4285714285716,7.169399388061253,3423613.8879722427
121.42857142857143,245.71428571428572,2937.1428571428573,7.131513861873268,3422876.7395091993
121.42857142857143,245.71428571428572,3102.857142857143,7.0967262337726185,3421190.475481843
121.42857142857143,245.71428571428572,3268.571428571429,7.064699117698661,3418800.127776623
121.42857142857143,245.71428571428572,3434.2857142857147,7.035137883622786,3415892.4387262654
121.42857142857143,245.71428571428572,3600.0,7.007785055111053,3412610.346732696
121.42857142857143,292.8571428571429,120.0,8.40586344889612,1864944.299201832
121.42857142857143,292.8571428571429,285.7142857142857,8.354660887529997,2234048.401266792
121.42857142857143,292.8571428571429,451.42857142857144,8.26743901988366,2610223.968999531
121.42857142857143,292.8571428571429,617.1428571428571,8.162741709131648,2881423.475173873
121.42857142857143,292.8571428571429,782.8571428571429,8.052745471935987,3077461.8359756772
121.42857142857143,292.8571428571429,948.5714285714287,7.944679189932098,3220084.907322545
121.42857142857143,292.8571428571429,1114.2857142857142,7.842414093446919,3324326.1255259872
121.42857142857143,292.8571428571429,1280.0,7.747689563901377,3400821.999973695
121.42857142857143,292.8571428571429,1445.7142857142858,7.660999520662605,3457144.238887664
121.42857142857143,292.8571428571429,1611.4285714285716,7.582165385381623,3498697.595350639
121.42857142857143,292.8571428571429,1777.1428571428573,7.51067920732623,3529356.6203650692
121.42857142857143,292.8571428571429,1942.857142857143,7.445898596483909,3551916.4172220565
121.42857142857143,292.8571428571429,2108.5714285714284,7.387152406778097,3568408.929727448
121.42857142857143,292.8571428571429,2274.285714285714,7.333794772762514,3580323.8198586646
121.42857142857143,292.8571428571429,2440.0,7.285230105250742,3588762.72117327
121.42857142857143,292.8571428571429,2605.714285714286,7.240922210008983,3594547.357077272
121.42857142857143,292.8571428571429,2771.4285714285716,7.200395046426976,3598295.7794738575
121.42857142857143,292.8571428571429,2937.1428571428573,7.163229351539542,3600476.5300374874
121.42857142857143,292.8571428571429,3102.857142857143,7.129057463292345,3601447.4361023083
121.42857142857143,292.8571428571429,3268.571428571429,7.097557600059277,3601483.640686546
121.42857142857143,292.8571428571429,3434.2857142857147,7.068448245527574,3600798.030982614
121.42857142857143,292.8571428571429,3600.0,7.041482948722479,3599556.255171119
121.42857142857143,340.0,120.0,8.404467080247178,1987283.6776257667
121.42857142857143,340.0,285.7142857142857,8.352215958346946,2326026.1463798746
121.42857142857143,340.0,451.42857142857144,8.266125896962516,2700457.654489612
121.42857142857143,340.0,617.1428571428571,8.164059816846363,2976549.92610806
121.42857142857143,340.0,782.8571428571429,8.057421037274022,3179378.569278956
121.42857142857143,340.0,948.5714285714287,7.952906479657809,3329207.2539344584
121.42857142857143,340.0,1114.2857142857142,7.8540789274330995,3440475.443937617
121.42857142857143,340.0,1280.0,7.7625252511873875,3523566.089498707
121.42857142857143,340.0,1445.7142857142858,7.678681218548773,3585955.274959027
121.42857142857143,340.0,1611.4285714285716,7.602361841438446,3633030.531390603
121.42857142857143,340.0,1777.1428571428573,7.533078458888493,3668687.7926065507
121.42857142857143,340.0,1942.857142857143,7.4702188822418,3695761.1206928883
121.42857142857143,340.0,2108.5714285714284,7.413145155416387,3716327.771507145
121.42857142857143,340.0,2274.285714285714,7.361243618732152,3731923.1974949227
121.42857142857143,340.0,2440.0,7.3139481152238695,3743692.3823694605
121.42857142857143,340.0,2605.714285714286,7.270748482852376,3752496.6692606877
121.42857142857143,340.0,2771.4285714285716,7.231191277094115,3758989.591032977
121.42857142857143,340.0,2937.1428571428573,7.19487663583325,3763671.08378273
121.42857142857143,340.0,3102.857142857143,7.161453453204864,3766926.5591416657
121.42857142857143,340.0,3268.571428571429,7.1306140333471175,3769055.304049065
121.42857142857143,340.0,3434.2857142857147,7.102088831534479,3770291.30168975
121.42857142857143,340.0,3600.0,7.075641574644455,3770818.6270561786
121.42857142857143,387.14285714285717,120.0,8.403059202001536,2114683.2628371334
121.42857142857143,387.14285714285717,285.7142857142857,8.349905214905553,2421178.5813285215
121.42857142857143,387.14285714285717,451.42857142857144,8.264926624463353,2792273.9205919425
121.42857142857143,387.14285714285717,617.1428571428571,8.16531424904859,3071656.939183712
121.42857142857143,387.14285714285717,782.8571428571429,8.061775839664826,3279797.053315033
121.42857142857143,387.14285714285717,948.5714285714287,7.96053998861806,3435495.7650336833
121.42857142857143,387.14285714285717,1114.2857142857142,7.864898643655466,3552598.933219606
121.42857142857143,387.14285714285717,1280.0,7.776303269977204,3641229.2104963376
121.42857142857143,387.14285714285717,1445.7142857142858,7.69513606336708,3708756.1410904624
121.42857142857143,387.14285714285717,1611.4285714285716,7.621203679205334,3760537.0857650773
121.42857142857143,387.14285714285717,1777.1428571428573,7.554031947976934,3800476.001473843
121.42857142857143,387.14285714285717,1942.857142857143,7.493033240631478,3831433.155400708
121.42857142857143,387.14285714285717,2108.5714285714284,7.4375972994687425,3855519.4952221815
121.42857142857143,387.14285714285717,2274.285714285714,7.387137757452714,3874305.977779323
121.42857142857143,387.14285714285717,2440.0,7.341113688991576,3888971.994103415
121.42857142857143,387.14285714285717,2605.714285714286,7.299037466855226,3900410.8170338343
121.42857142857143,387.14285714285717,2771.4285714285716,7.260475378540885,3909304.8897309937
121.42857142857143,387.14285714285717,2937.1428571428573,7.225044642033118,3916179.9467741493
121.42857142857143,387.14285714285717,3102.857142857143,7.192408840261476,3921444.2237160983
121.42857142857143,387.14285714285717,3268.571428571429,7.162272867741959,3925417.100532312
121.42857142857143,387.14285714285717,3434.2857142857147,7.134377958082794,3928350.204667984
121.42857142857143,387.14285714285717,3600.0,7.108497066599777,3930443.090768423
121.42857142857143,434.28571428571433,120.0,8.401646137099888,2245216.0067169005
121.42857142857143,434.28571428571433,285.7142857142857,8.347714393969962,2517949.966598518
121.42857142857143,434.28571428571433,451.42857142857144,8.263811874701908,2884610.842529115
121.42857142857143,434.28571428571433,617.1428571428571,8.166473470952791,3166185.9246274843
121.42857142857143,434.28571428571433,782.8571428571429,8.065780867110124,3378611.5625510938
121.42857142857143,434.28571428571433,948.5714285714287,7.9675495284709354,3539242.1691653924
121.42857142857143,434.28571428571433,1114.2857142857142,7.874833576232358,3661333.6333614266
121.42857142857143,434.28571428571433,1280.0,7.788964955800967,3754746.6389885303
121.42857142857143,434.28571428571433,1445.7142857142858,7.710277614714892,3826738.887860954
121.42857142857143,434.28571428571433,1611.4285714285716,7.638569492116789,3882630.194763696
121.42857142857143,434.28571428571433,1777.1428571428573,7.573377885452426,3926324.361321066
121.42857142857143,434.28571428571433,1942.857142857143,7.514135724637393,3960699.7226586253
121.42857142857143,434.28571428571433,2108.5714285714284,7.4602563446390215,3987893.2993023684
121.42857142857143,434.28571428571433,2274.285714285714,7.4111768668911955,4009504.6739477487
121.42857142857143,434.28571428571433,2440.0,7.366378251678949,4026741.5729792546
121.42857142857143,434.28571428571433,2605.714285714286,7.325392550223573,4040523.9130133823
121.42857142857143,434.28571428571433,2771.4285714285716,7.287803385879553,4051558.48427525
121.42857142857143,434.28571428571433,2937.1428571428573,7.253243067942775,4060392.8990299883
121.42857142857143,434.28571428571433,3102.857142857143,7.221388227997443,4067454.8554584635
121.42857142857143,434.28571428571433,3268.571428571429,7.191955003314159,4073080.946458235
121.42857142857143,434.28571428571433,3434.2857142857147,7.164694300712153,4077537.974303899
121.42857142857143,434.28571428571433,3600.0,7.1393873984282745,4081038.8528695307
121.42857142857143,481.42857142857144,120.0,8.400233676836697,2377586.8423355473
121.42857142857143,481.42857142857144,285.7142857142857,8.3456332682079,2615378.115966597
121.42857142857143,481.42857142857144,451.42857142857144,8.2627662568559,2976828.408916339
121.42857142857143,481.42857142857144,617.1428571428571,8.167532821578787,3259816.7704071803
121.42857142857143,481.42857142857144,782.8571428571429,8.069450038991347,3475790.200156422
121.42857142857143,481.42857142857144,948.5714285714287,7.973967601342359,3640669.1772290976
121.42857142857143,481.42857142857144,1114.2857142857142,7.88393018082735,3767125.209615817
121.42857142857143,481.42857142857144,1280.0,7.8005642628992735,3864758.1647308166
121.42857142857143,481.42857142857144,1445.7142857142858,7.724160754511097,3940711.7706732647
121.42857142857143,481.42857142857144,1611.4285714285716,7.654509238996985,4000264.1396031654
121.42857142857143,481.42857142857144,1777.1428571428573,7.591156479793657,4047313.7934640674
121.42857142857143,481.42857142857144,1942.857142857143,7.533553012563285,4084751.765943298
121.42857142857143,481.42857142857144,2108.5714285714284,7.481132604039825,4114735.964630897
121.42857142857143,481.42857142857144,2274.285714285714,7.433352858344702,4138889.8168717516
121.42857142857143,481.42857142857144,2440.0,7.3897139249989285,4158445.0980975833
121.42857142857143,481.42857142857144,2605.714285714286,7.349765191217374,4174344.591996147
121.42857142857143,481.42857142857144,2771.4285714285716,7.313105619475228,4187316.1433292334
121.42857142857143,481.42857142857144,2937.1428571428573,7.279380927313388,4197926.389596772
121.42857142857143,481.42857142857144,3102.857142857143,7.248279385524358,4206620.028739234
121.42857142857143,481.42857142857144,3268.571428571429,7.219527197991063,4213748.743041218
121.42857142857143,481.42857142857144,3434.2857142857147,7.192883964838421,4219592.678695137
121.42857142857143,481.42857142857144,3600.0,7.168138471046,4224376.528727789
121.42857142857143,528.5714285714286,120.0,8.39882702474462,2510875.3192089945
121.42857142857143,528.5714285714286,285.7142857142857,8.343654028318813,2712837.741889757
121.42857142857143,528.5714285714286,451.42857142857144,8.261781308879787,3068524.2842711597
121.42857142857143,528.5714285714286,617.1428571428571,8.168498771093093,3352361.2888724967
121.42857142857143,528.5714285714286,782.8571428571429,8.072813014825112,3571337.4211775837
121.42857142857143,528.5714285714286,948.5714285714287,7.979848493770886,3739952.2654620777
121.42857142857143,528.5714285714286,1114.2857142857142,7.892264667645572,3870299.8983821957
121.42857142857143,528.5714285714286,1280.0,7.811194767226951,3971722.2109945887
121.42857142857143,528.5714285714286,1445.7142857142858,7.736891435057351,4051248.717252377
121.42857142857143,528.5714285714286,1611.4285714285716,7.669136565812452,4114113.627099482
121.42857142857143,528.5714285714286,1777.1428571428573,7.607485007348416,4164206.95171172
121.42857142857143,528.5714285714286,1942.857142857143,7.551402647725627,4204428.798104229
121.42857142857143,528.5714285714286,2108.5714285714284,7.500341191639049,4236954.329435253
121.42857142857143,528.5714285714286,2274.285714285714,7.453776307464157,4263427.391636415
121.42857142857143,528.5714285714286,2440.0,7.411225132201967,4285100.687978263
121.42857142857143,528.5714285714286,2605.714285714286,7.372252452565629,4302937.085680023
121.42857142857143,528.5714285714286,2771.4285714285716,7.336470900685305,4317683.034056677
121.42857142857143,528.5714285714286,2937.1428571428573,7.303538179955409,4329922.056583506
121.42857142857143,528.5714285714286,3102.857142857143,7.27315299670818,4340113.991553533
121.42857142857143,528.5714285714286,3268.571428571429,7.245050606551985,4348623.998162547
121.42857142857143,528.5714285714286,3434.2857142857147,7.218998448532217,4355744.169171585
121.42857142857143,528.5714285714286,3600.0,7.194792095223677,4361709.765365996
121.42857142857143,575.7142857142858,120.0,8.397430769126935,2644401.601141629
121.42857142857143,575.7142857142858,285.7142857142857,8.341770333276463,2809908.666388519
121.42857142857143,575.7142857142858,451.42857142857144,8.260852024081734,3159439.534880692
121.42857142857143,575.7142857142858,617.1428571428571,8.16938178153486,3443709.853990079
121.42857142857143,575.7142857142858,782.8571428571429,8.07590339879771,3665277.473685324
121.42857142857143,575.7142857142858,948.5714285714287,7.985250853427186,3837234.995900958
121.42857142857143,575.7142857142858,1114.2857142857142,7.899919086232173,3971107.0526909744
121.42857142857143,575.7142857142858,1280.0,7.820958592794632,4075981.462335955
121.42857142857143,575.7142857142858,1445.7142857142858,7.748588007872537,4158774.458627026
121.42857142857143,575.7142857142858,1611.4285714285716,7.682582309766103,4224675.38768308
121.42857142857143,575.7142857142858,1777.1428571428573,7.6225034394657785,4277563.740297936
121.42857142857143,575.7142857142858,1942.857142857143,7.56783087001479,4320346.21551777
121.42857142857143,575.7142857142858,2108.5714285714284,7.518032235506708,4355212.63369986
121.42857142857143,575.7142857142858,2274.285714285714,7.472599291215116,4383824.744020204
121.42857142857143,575.7142857142858,2440.0,7.431064341422108,4407453.8466681605
121.42857142857143,575.7142857142858,2605.714285714286,7.393005956527088,4427080.78790946
121.42857142857143,575.7142857142858,2771.4285714285716,7.358049033626646,4443468.751732547
121.42857142857143,575.7142857142858,2937.1428571428573,7.325862055733931,4457216.502426615
121.42857142857143,575.7142857142858,3102.857142857143,7.296153136213648,4468797.579649061
121.42857142857143,575.7142857142858,3268.571428571429,7.2686657087450035,4478589.364889236
121.42857142857143,575.7142857142858,3434.2857142857147,7.2431743103804545,4486894.8051398285
121.42857142857143,575.7142857142858,3600.0,7.219480673061131,4493958.778040102
121.42857142857143,622.8571428571429,120.0,8.39604888602955,2777650.537491281
121.42857142857143,622.8571428571429,285.7142857142857,8.339976757320148,2906302.6478595897
121.42857142857143,622.8571428571429,451.42857142857144,8.2599750984902,3249406.413392254
121.42857142857143,622.8571428571429,617.1428571428571,8.17019307761354,3533802.2262305543
121.42857142857143,622.8571428571429,782.8571428571429,8.078753731261154,3757646.125131386
121.42857142857143,622.8571428571429,948.5714285714287,7.990230483394983,3932638.9900374757
121.42857142857143,622.8571428571429,1114.2857142857142,7.90697147086599,4069744.818019364
121.42857142857143,622.8571428571429,1280.0,7.829953507705249,4177801.9521727427
121.42857142857143,622.8571428571429,1445.7142857142858,7.759364964275642,4263615.030662639
121.42857142857143,622.8571428571429,1611.4285714285716,7.694974681569289,4332328.381331997
121.42857142857143,622.8571428571429,1777.1428571428573,7.63635095708351,4387809.778519544
121.42857142857143,622.8571428571429,1942.857142857143,7.582985429949003,4432970.807089575
121.42857142857143,622.8571428571429,2108.5714285714284,7.534360017146179,4470014.0557371685
121.42857142857143,622.8571428571429,2274.285714285714,7.489980921018591,4500617.293788994
121.42857142857143,622.8571428571429,2440.0,7.449394090795652,4526068.640991478
121.42857142857143,622.8571428571429,2605.714285714286,7.412190519565684,4547365.297419518
121.42857142857143,622.8571428571429,2771.4285714285716,7.378006178668511,4565285.723946344
121.42857142857143,622.8571428571429,2937.1428571428573,7.346519302126372,4580442.633527838
121.42857142857143,622.8571428571429,3102.857142857143,7.31744652825552,4593322.130112856
121.42857142857143,622.8571428571429,3268.571428571429,7.290538715349528,4604312.821046642
121.42857142857143,622.8571428571429,3434.2857142857147,7.2655768559820695,4613727.636200539
121.42857142857143,622.8571428571429,3600.0,7.2423682937275755,4621820.30862369
121.42857142857143,670.0,120.0,8.394684765060159,2910225.386726684
121.42857142857143,670.0,285.7142857142857,8.338268468907897,3001820.0535044735
121.42857142857143,670.0,451.42857142857144,8.259148041770715,3338317.517463708
121.42857142857143,670.0,617.1428571428571,8.17094324628658,3622610.4243945885
121.42857142857143,670.0,782.8571428571429,8.081393548098564,3848486.0402394356
121.42857142857143,670.0,948.5714285714287,7.994837689106019,4026270.2929707263
121.42857142857143,670.0,1114.2857142857142,7.913492227839337,4166376.0121625755
121.42857142857143,670.0,1280.0,7.838268100256886,4277397.123609637
121.42857142857143,670.0,1445.7142857142858,7.769326685303192,4366028.841967685
121.42857142857143,670.0,1611.4285714285716,7.7064314260350155,4437370.8602480255
121.42857142857143,670.0,1777.1428571428573,7.649156411183281,4495278.595907571
121.42857142857143,670.0,1942.857142857143,7.597004284072996,4542667.352744029
121.42857142857143,670.0,2108.5714285714284,7.5494698741744,4581751.099588402
121.42857142857143,670.0,2274.285714285714,7.50607245378725,4614222.193842098
121.42857142857143,670.0,2440.0,7.466370330228992,4641384.195797793
121.42857142857143,670.0,2605.714285714286,7.429965762443899,4664249.381488356
121.42857142857143,670.0,2771.4285714285716,7.396504778878786,4683610.331440369
121.42857142857143,670.0,2937.1428571428573,7.3656744818167,4700092.67398433
121.42857142857143,670.0,3102.857142857143,7.337199274151093,4714194.162726041
121.42857142857143,670.0,3268.571428571429,7.310836786479815,4726313.825455154
121.42857142857143,670.0,3434.2857142857147,7.286373908300966,4736773.867704673
121.42857142857143,670.0,3600.0,7.263623116614654,4745836.257708053
121.42857142857143,717.1428571428572,120.0,8.393341249778823,3041817.787115175
121.42857142857143,717.1428571428572,285.7142857142857,8.33664104486786,3096322.792912015
121.42857142857143,717.1428571428572,451.42857142857144,8.258368730791206,3426106.589655268
121.42857142857143,717.1428571428572,617.1428571428571,8.171641702260231,3710128.076752761
121.42857142857143,717.1428571428572,782.8571428571429,8.083848832021982,3937843.948804305
121.42857142857143,717.1428571428572,948.5714285714287,7.999116654294511,4118223.440675399
121.42857142857143,717.1428571428572,1114.2857142857142,7.919543295372149,4261138.20165636
121.42857142857143,717.1428571428572,1280.0,7.845980558814135,4374943.101880325
121.42857142857143,717.1428571428572,1445.7142857142858,7.778565688593862,4466226.422255268
121.42857142857143,717.1428571428572,1611.4285714285716,7.717057409565005,4540043.967866624
121.42857142857143,717.1428571428572,1777.1428571428573,7.661035154954472,4600238.545800744
121.42857142857143,717.1428571428572,1942.857142857143,7.610011604511138,4649728.395443131
121.42857142857143,717.1428571428572,2108.5714285714284,7.563493344425439,4690737.8389567565
121.42857142857143,717.1428571428572,2274.285714285714,7.521011547474257,4724972.718957463
121.42857142857143,717.1428571428572,2440.0,7.482135780623572,4753750.950590479
121.42857142857143,717.1428571428572,2605.714285714286,7.446478576928031,4778098.865601627
121.42857142857143,717.1428571428572,2771.4285714285716,7.413695146518843,4798822.231142885
121.42857142857143,717.1428571428572,2937.1428571428573,7.383480697366218,4816558.75170573
121.42857142857143,717.1428571428572,3102.857142857143,7.35556673774725,4831817.083435249
121.42857142857143,717.1428571428572,3268.571428571429,7.3297171031042225,4845006.013583207
121.42857142857143,717.1428571428572,3434.2857142857147,7.305724092283487,4856456.440666667
121.42857142857143,717.1428571428572,3600.0,7.283404896918207,4866438.0553746205
121.42857142857143,764.2857142857143,120.0,8.392020685965816,3172187.208847287
121.42857142857143,764.2857142857143,285.7142857142857,8.33509036323261,3189716.6380170495
121.42857142857143,764.2857142857143,451.42857142857144,8.257635192676117,3512736.0399114634
121.42857142857143,764.2857142857143,617.1428571428571,8.172296560085796,3796363.492823404
121.42857142857143,764.2857142857143,782.8571428571429,8.086142078641405,4025768.787836122
121.42857142857143,764.2857142857143,948.5714285714287,8.00310568991547,4208584.092826651
121.42857142857143,764.2857142857143,1114.2857142857142,7.9251784926188655,4354150.264050453
121.42857142857143,764.2857142857143,1280.0,7.853159010512861,4470588.671515435
121.42857142857143,764.2857142857143,1445.7142857142858,7.787162846449488,4564383.356119
121.42857142857143,764.2857142857143,1611.4285714285716,7.726944620848924,4640547.228893071
121.42857142857143,764.2857142857143,1777.1428571428573,7.672088748799892,4702910.506375366
121.42857142857143,764.2857142857143,1942.857142857143,7.6221171284414,4754393.857809514
121.42857142857143,764.2857142857143,2108.5714285714284,7.576547116562045,4797231.197783865
121.42857142857143,764.2857142857143,2274.285714285714,7.534920783316422,4833140.996330952
121.42857142857143,764.2857142857143,2440.0,7.49681800937617,4863454.658031893
121.42857142857143,764.2857142857143,2605.714285714286,7.461860744894672,4889211.744917611
121.42857142857143,764.2857142857143,2771.4285714285716,7.4297126228001344,4911230.448271121
121.42857142857143,764.2857142857143,2937.1428571428573,7.400076293708541,4930159.857870136
121.42857142857143,764.2857142857143,3102.857142857143,7.372689796473002,4946518.913857617
121.42857142857143,764.2857142857143,3268.571428571429,7.34732267517558,4960725.613231032
121.42857142857143,764.2857142857143,3434.2857142857147,7.323772210489333,4973119.06107422
121.42857142857143,764.2857142857143,3600.0,7.301859940480842,4983976.241138478
121.42857142857143,811.4285714285714,120.0,8.390724972937988,3301146.263884967
121.42857142857143,811.4285714285714,285.7142857142857,8.333612541674201,3281939.23824931
121.42857142857143,811.4285714285714,451.42857142857144,8.256945506838306,3598188.5488724117
121.42857142857143,811.4285714285714,617.1428571428571,8.172914689504536,3881334.9938896624
121.42857142857143,811.4285714285714,782.8571428571429,8.088292611670846,4112310.427684882
121.42857142857143,811.4285714285714,948.5714285714287,8.006837819715205,4297430.772931055
121.42857142857143,811.4285714285714,1114.2857142857142,7.930444325538189,4445516.775579568
121.42857142857143,811.4285714285714,1280.0,7.859862471074962,4564461.975028164
121.42857142857143,811.4285714285714,1445.7142857142858,7.795188398851719,4660648.991646308
121.42857142857143,811.4285714285714,1611.4285714285716,7.7361731732252705,4739049.003429627
121.42857142857143,811.4285714285714,1777.1428571428573,7.682405889611528,4803479.851043647
121.42857142857143,811.4285714285714,1942.857142857143,7.633416964160713,4856864.331670631
121.42857142857143,811.4285714285714,2108.5714285714284,7.5887336742333344,4901445.390218751
121.42857142857143,811.4285714285714,2274.285714285714,7.547908119253905,4938953.451853859
121.42857142857143,811.4285714285714,2440.0,7.5105296723970865,4970732.713449317
121.42857142857143,811.4285714285714,2605.714285714286,7.476228954863099,4997835.291764413
121.42857142857143,811.4285714285714,2771.4285714285716,7.444677360047986,5021091.171651857
121.42857142857143,811.4285714285714,2937.1428571428573,7.415584401115328,5041160.252603654
121.42857142857143,811.4285714285714,3102.857142857143,7.388694143397575,5058571.240562388
121.42857142857143,811.4285714285714,3268.571428571429,7.363781403445075,5073750.879692837
121.42857142857143,811.4285714285714,3434.2857142857147,7.3406480671064225,5087046.070848393
121.42857142857143,811.4285714285714,3600.0,7.319119693770074,5098740.727098186
121.42857142857143,858.5714285714287,120.0,8.389455614670556,3428549.8253960167
121.42857142857143,858.5714285714287,285.7142857142857,8.332203902120403,3372951.744112924
121.42857142857143,858.5714285714287,451.42857142857144,8.25629776778737,3682461.256182182
121.42857142857143,858.5714285714287,617.1428571428571,8.173501844776249,3965067.680380887
121.42857142857143,858.5714285714287,782.8571428571429,8.09031697575005,4197518.777228697
121.42857142857143,858.5714285714287,948.5714285714287,8.01034145533117,4384836.050989138
121.42857142857143,858.5714285714287,1114.2857142857142,7.935380913255997,4535331.024513173
121.42857142857143,858.5714285714287,1280.0,7.866141968364607,4656675.130426885
121.42857142857143,858.5714285714287,1445.7142857142858,7.802703214313468,4755152.458720047
121.42857142857143,858.5714285714287,1611.4285714285716,7.744812646243847,4835693.7266431125
121.42857142857143,858.5714285714287,1777.1428571428573,7.692063783753285,4902104.753190531
121.42857142857143,858.5714285714287,1942.857142857143,7.643994954600528,4957310.312848252
121.42857142857143,858.5714285714287,2108.5714285714284,7.6001426173233115,5003561.9693976
121.42857142857143,858.5714285714287,2274.285714285714,7.560068143275908,5042601.573343812
121.42857142857143,858.5714285714287,2440.0,7.52336967997874,5075785.547184194
121.42857142857143,858.5714285714287,2605.714285714286,7.489685865799767,5104178.00388563
121.42857142857143,858.5714285714287,2771.4285714285716,7.458695272884014,5128620.194916354
121.42857142857143,858.5714285714287,2937.1428571428573,7.43011376641233,5149782.34487471
121.42857142857143,858.5714285714287,3102.857142857143,7.403690993674713,5168202.486773592
121.42857142857143,858.5714285714287,3268.571428571429,7.379206658319328,5184315.718608065
121.42857142857143,858.5714285714287,3434.2857142857147,7.356466917953465,5198476.386469043
121.42857142857143,858.5714285714287,3600.0,7.335301064954505,5210975.021454232
121.42857142857143,905.7142857142858,120.0,8.388213768684633,3554286.7400808
121.42857142857143,905.7142857142858,285.7142857142857,8.330860950149297,3462732.804399232
121.42857142857143,905.7142857142858,451.42857142857144,8.255690077833707,3765561.6466692514
121.42857142857143,905.7142857142858,617.1428571428571,8.1740628151208,4047591.1493522977
121.42857142857143,905.7142857142858,782.8571428571429,8.092229328720505,4281443.150163572
121.42857142857143,905.7142857142858,948.5714285714287,8.01364105124209,4470867.375407208
121.42857142857143,905.7142857142858,1114.2857142857142,7.940022886084677,4623677.1379424445
121.42857142857143,905.7142857142858,1280.0,7.87204164439138,4747327.496493244
121.42857142857143,905.7142857142858,1445.7142857142858,7.809760050851678,4848006.93202867
121.42857142857143,905.7142857142858,1611.4285714285716,7.752923462003862,4930607.044830055
121.42857142857143,905.7142857142858,1777.1428571428573,7.701129599924632,4998922.0862216875
121.42857142857143,905.7142857142858,1942.857142857143,7.653924173749602,5055878.770573462
121.42857142857143,905.7142857142858,2108.5714285714284,7.610852174803061,5103736.984570245
121.42857142857143,905.7142857142858,2274.285714285714,7.571483580856541,5144249.585092217
121.42857142857143,905.7142857142858,2440.0,7.535424681521326,5178784.75609282
121.42857142857143,905.7142857142858,2605.714285714286,7.502321555647685,5208418.140839749
121.42857142857143,905.7142857142858,2771.4285714285716,7.4718594402003955,5234001.812911813
121.42857142857143,905.7142857142858,2937.1428571428573,7.443760100577154,5256215.910121643
121.42857142857143,905.7142857142858,3102.857142857143,7.417778371984253,5275607.417589298
121.42857142857143,905.7142857142858,3268.571428571429,7.393698502999059,5292619.449540961
121.42857142857143,905.7142857142858,3434.2857142857147,7.371330626468779,5307613.495420848
121.42857142857143,905.7142857142858,3600.0,7.35050751092605,5320886.435513963
121.42857142857143,952.8571428571429,120.0,8.387000291522071,3678273.376233075
121.42857142857143,952.8571428571429,285.7142857142857,8.329580362493324,3551274.1760355826
121.42857142857143,952.8571428571429,451.42857142857144,8.255120553341332,3847504.586395244
121.42857142857143,952.8571428571429,617.1428571428571,8.174601571647596,4128937.860313885
121.42857142857143,952.8571428571429,782.8571428571429,8.094041800458518,4364131.818508994
121.42857142857143,952.8571428571429,948.5714285714287,8.016757695598443,4555587.681808501
121.42857142857143,952.8571428571429,1114.2857142857142,7.94440019574522,4710631.624932735
121.42857142857143,952.8571428571429,1280.0,7.877599756151489,4836508.039885512
121.42857142857143,952.8571428571429,1445.7142857142858,7.816404713203972,4939312.722582477
121.42857142857143,952.8571428571429,1611.4285714285716,7.7605581649043875,5023899.542873816
121.42857142857143,952.8571428571429,1777.1428571428573,7.709661840781088,5094051.70926289
121.42857142857143,952.8571428571429,1942.857142857143,7.663268363671299,5152697.923769619
121.42857142857143,952.8571428571429,2108.5714285714284,7.620930684958112,5202106.189363494
121.42857142857143,952.8571428571429,2274.285714285714,7.582226800159463,5244040.037489271
121.42857142857143,952.8571428571429,2440.0,7.546770580939237,5279879.030849436
121.42857142857143,952.8571428571429,2605.714285714286,7.514215035090287,5310709.951263798
121.42857142857143,952.8571428571429,2771.4285714285716,7.484251607875513,5337395.316310929
121.42857142857143,952.8571428571429,2937.1428571428573,7.456607563005779,5360624.82394517
121.42857142857143,952.8571428571429,3102.857142857143,7.431042572583948,5380954.0882007
121.42857142857143,952.8571428571429,3268.571428571429,7.407345124877825,5398833.947328492
121.42857142857143,952.8571428571429,3434.2857142857147,7.385329063090747,5414632.771966665
121.42857142857143,952.8571428571429,3600.0,7.364830402162614,5428653.557489943
121.42857142857143,1000.0,120.0,8.385815780221314,3800448.515528773
121.42857142857143,1000.0,285.7142857142857,8.328358978791671,3638577.4602329303
121.42857142857143,1000.0,451.42857142857144,8.25458733600777,3928310.1577141862
121.42857142857143,1000.0,617.1428571428571,8.17512140032939,4209141.9548233375
121.42857142857143,1000.0,782.8571428571429,8.095764807166752,4445631.703720829
121.42857142857143,1000.0,948.5714285714287,8.019709624039772,4639055.857840769
121.42857142857143,1000.0,1114.2857142857142,7.948538820486865,4796264.527542784
121.42857142857143,1000.0,1280.0,7.88284955052176,4924297.092903002
121.42857142857143,1000.0,1445.7142857142858,7.822677071147389,5029159.570482999
121.42857142857143,1000.0,1611.4285714285716,7.767762556920665,5115669.508058429
121.42857142857143,1000.0,1777.1428571428573,7.717711570860428,5187599.6456472855
121.42857142857143,1000.0,1942.857142857143,7.672083233817596,5247880.784952653
121.42857142857143,1000.0,2108.5714285714284,7.630437948026199,5298788.908283743
121.42857142857143,1000.0,2274.285714285714,7.5923612029334695,5342097.9590347195
121.42857142857143,1000.0,2440.0,7.557473953403258,5379198.561359232
121.42857142857143,1000.0,2605.714285714286,7.525435680004752,5411188.303891572
121.42857142857143,1000.0,2771.4285714285716,7.495943628716117,5438939.824137634
121.42857142857143,1000.0,2937.1428571428573,7.468730202310414,5463152.075208932
121.42857142857143,1000.0,3102.857142857143,7.443559595640003,5484389.0193391
121.42857142857143,1000.0,3268.571428571429,7.420224263157168,5503108.963955934
121.42857142857143,1000.0,3434.2857142857147,7.398541520789104,5519686.931510124
121.42857142857143,1000.0,3600.0,7.378350423525477,5534431.827101115
157.14285714285714,10.0,120.0,8.41381623052576,1861218.1075520564
157.14285714285714,10.0,285.7142857142857,8.381613626447312,2634594.3973236275
157.14285714285714,10.0,451.42857142857144,8.314657766312775,2817308.3376230965
157.14285714285714,10.0,617.1428571428571,8.232191542073343,2809590.2090356136
157.14285714285714,10.0,782.8571428571429,8.148277929252522,2734144.2745657256
157.14285714285714,10.0,948.5714285714287,8.071103911239783,2631585.3504066165
157.14285714285714,10.0,1114.2857142857142,8.003983776681725,2521598.2092294046
157.14285714285714,10.0,1280.0,7.947291492182966,2414236.6873265617
157.14285714285714,10.0,1445.7142857142858,7.900048790431912,2314168.928581394
157.14285714285714,10.0,1611.4285714285716,7.860846218482586,2223107.6115946006
157.14285714285714,10.0,1777.1428571428573,7.8282776766463265,2141243.702549554
157.14285714285714,10.0,1942.857142857143,7.80110678621318,2068051.115011373
157.14285714285714,10.0,2108.5714285714284,7.7783065792559904,2002715.9250000888
157.14285714285714,10.0,2274.285714285714,7.759047093399672,1944354.1064368964
157.14285714285714,10.0,2440.0,7.742665928350013,1892114.970588928
157.14285714285714,10.0,2605.714285714286,7.728636710334294,1845224.827081277
157.14285714285714,10.0,2771.4285714285716,7.716541011852942,1803000.4468366227
157.14285714285714,10.0,2937.1428571428573,7.706045181382905,1764848.0177013215
157.14285714285714,10.0,3102.857142857143,7.6968819127049795,1730255.7493710367
157.14285714285714,10.0,3268.571428571429,7.68883584818063,1698784.261563639
157.14285714285714,10.0,3434.2857142857147,7.681732425894825,1670056.7671526677
157.14285714285714,10.0,3600.0,7.67542926229879,1643749.9571319064
157.14285714285714,57.142857142857146,120.0,8.412071434926057,1413849.5474464155
157.14285714285714,57.142857142857146,285.7142857142857,8.372371109396823,1873332.5347543894
157.14285714285714,57.142857142857146,451.42857142857144,8.288863714188516,2194240.6753895376
157.14285714285714,57.142857142857146,617.1428571428571,8.18100379148084,2376997.6341210874
157.14285714285714,57.142857142857146,782.8571428571429,8.064742822070691,2480771.3911081348
157.14285714285714,57.142857142857146,948.5714285714287,7.950357860239179,2535459.272103521
157.14285714285714,57.142857142857146,1114.2857142857142,7.843386550657752,2559079.23484606
157.14285714285714,57.142857142857146,1280.0,7.746167475986274,2563204.2499021706
157.14285714285714,57.142857142857146,1445.7142857142858,7.659184159878456,2555326.5626258985
157.14285714285714,57.142857142857146,1611.4285714285716,7.581970418148768,2540276.3816748313
157.14285714285714,57.142857142857146,1777.1428571428573,7.513644449260847,2521151.312643176
157.14285714285714,57.142857142857146,1942.857142857143,7.453197808770452,2499927.1563358977
157.14285714285714,57.142857142857146,2108.5714285714284,7.39963979362666,2477855.2595595135
157.14285714285714,57.142857142857146,2274.285714285714,7.352061965439708,2455719.197267274
157.14285714285714,57.142857142857146,2440.0,7.3096607512525145,2434000.213367118
157.14285714285714,57.142857142857146,2605.714285714286,7.271739233813524,2412983.993883202
157.14285714285714,57.142857142857146,2771.4285714285716,7.237699466568288,2392829.8132863147
157.14285714285714,57.142857142857146,2937.1428571428573,7.207031199344487,2373615.508823374
157.14285714285714,57.142857142857146,3102.857142857143,7.179299942691601,2355366.860761813
157.14285714285714,57.142857142857146,3268.571428571429,7.154135727575736,2338076.855818824
157.14285714285714,57.142857142857146,3434.2857142857147,7.131223102559341,2321718.346576873
157.14285714285714,57.142857142857146,3600.0,7.110292502935235,2306252.3734127786
157.14285714285714,104.28571428571429,120.0,8.410321059317274,1479396.4371025593
157.14285714285714,104.28571428571429,285.7142857142857,8.365641768938104,1914910.5894703763
157.14285714285714,104.28571428571429,451.42857142857144,8.276851456515622,2272708.1854070607
157.14285714285714,104.28571428571429,617.1428571428571,8.163729191873724,2502532.2439660043
157.14285714285714,104.28571428571429,782.8571428571429,8.041812207844048,2651522.1887951004
157.14285714285714,104.28571428571429,948.5714285714287,7.921030989363018,2747020.703029947
157.14285714285714,104.28571428571429,1114.2857142857142,7.806865435836046,2806491.8294957136
157.14285714285714,104.28571428571429,1280.0,7.701803233943683,2841650.1729629156
157.14285714285714,104.28571428571429,1445.7142857142858,7.606557497228723,2860426.623064771
157.14285714285714,104.28571428571429,1611.4285714285716,7.520890248894586,2868194.787056953
157.14285714285714,104.28571428571429,1777.1428571428573,7.444109925096599,2868599.6390282842
157.14285714285714,104.28571428571429,1942.857142857143,7.375351143724769,2864120.100721301
157.14285714285714,104.28571428571429,2108.5714285714284,7.313722709831453,2856448.0411517173
157.14285714285714,104.28571428571429,2274.285714285714,7.258380213444755,2846742.3051560936
157.14285714285714,104.28571428571429,2440.0,7.208557159383938,2835798.8782714517
157.14285714285714,104.28571428571429,2605.714285714286,7.16357416676834,2824165.2124796794
157.14285714285714,104.28571428571429,2771.4285714285716,7.122837166815604,2812217.444652275
157.14285714285714,104.28571428571429,2937.1428571428573,7.085830568804196,2800212.9007428745
157.14285714285714,104.28571428571429,3102.857142857143,7.052108569296637,2788326.05836557
157.14285714285714,104.28571428571429,3268.571428571429,7.021286228805809,2776673.3647912377
157.14285714285714,104.28571428571429,3434.2857142857147,6.9930310922201935,2765330.4901085533
157.14285714285714,104.28571428571429,3600.0,6.967055674653628,2754344.4047668567
157.14285714285714,151.42857142857144,120.0,8.408549530000812,1610023.6592159767
157.14285714285714,151.42857142857144,285.7142857142857,8.360384894551355,2019706.522049089
157.14285714285714,151.42857142857144,451.42857142857144,8.269856843502367,2391541.900207662
157.14285714285714,151.42857142857144,617.1428571428571,8.156681624393338,2643667.7744903793
157.14285714285714,151.42857142857144,782.8571428571429,8.035521666776969,2815643.5104273707
157.14285714285714,151.42857142857144,948.5714285714287,7.915578366219331,2932797.2197067467
157.14285714285714,151.42857142857144,1114.2857142857142,7.801923887434663,3011926.5337451813
157.14285714285714,151.42857142857144,1280.0,7.6968919990001545,3064584.567143278
157.14285714285714,151.42857142857144,1445.7142857142858,7.601189463261396,3098774.0655833785
157.14285714285714,151.42857142857144,1611.4285714285716,7.5146407038863225,3120045.841781494
157.14285714285714,151.42857142857144,1777.1428571428573,7.436639252330839,3132259.469234001
157.14285714285714,151.42857142857144,1942.857142857143,7.366404392706509,3138110.366346414
157.14285714285714,151.42857142857144,2108.5714285714284,7.30311936282956,3139491.7298482456
157.14285714285714,151.42857142857144,2274.285714285714,7.2460010594321815,3137741.7142877607
157.14285714285714,151.42857142857144,2440.0,7.194331502020368,3133812.1369570023
157.14285714285714,151.42857142857144,2605.714285714286,7.147468650454674,3128383.9783455925
157.14285714285714,151.42857142857144,2771.4285714285716,7.104846553641371,3121946.8962720935
157.14285714285714,151.42857142857144,2937.1428571428573,7.065970374524167,3114854.3512676186
157.14285714285714,151.42857142857144,3102.857142857143,7.030409306574315,3107362.1233694777
157.14285714285714,151.42857142857144,3268.571428571429,6.9977889714113335,3099655.444113669
157.14285714285714,151.42857142857144,3434.2857142857147,6.967784093418803,3091868.265215514
157.14285714285714,151.42857142857144,3600.0,6.94011181177231,3084097.0521068564
157.14285714285714,198.57142857142858,120.0,8.406771190413785,1760365.5432053267
157.14285714285714,198.57142857142858,285.7142857142857,8.35601110347695,2139139.27745833
157.14285714285714,198.57142857142858,451.42857142857144,8.265186290607389,2515721.7400380936
157.14285714285714,198.57142857142858,617.1428571428571,8.153675066785123,2780429.940728418
157.14285714285714,198.57142857142858,782.8571428571429,8.03519923764211,2966594.246863764
157.14285714285714,198.57142857142858,948.5714285714287,7.918215415148152,3097712.0906788437
157.14285714285714,198.57142857142858,1114.2857142857142,7.807352924762668,3189888.0860352544
157.14285714285714,198.57142857142858,1280.0,7.704736865583748,3254420.453250742
157.14285714285714,198.57142857142858,1445.7142857142858,7.611008897500955,3299264.2574543017
157.14285714285714,198.57142857142858,1611.4285714285716,7.526004173596862,3330023.613473581
157.14285714285714,198.57142857142858,1777.1428571428573,7.449161154683835,3350656.5543708093
157.14285714285714,198.57142857142858,1942.857142857143,7.379755346226396,3363972.183050344
157.14285714285714,198.57142857142858,2108.5714285714284,7.317026016980551,3371977.070753104
157.14285714285714,198.57142857142858,2274.285714285714,7.260240813404499,3376114.9713985417
157.14285714285714,198.57142857142858,2440.0,7.208725485132033,3377432.4965780443
157.14285714285714,198.57142857142858,2605.714285714286,7.161874606007044,3376693.9361711894
157.14285714285714,198.57142857142858,2771.4285714285716,7.11915235039823,3374461.2647025506
157.14285714285714,198.57142857142858,2937.1428571428573,7.080088399078681,3371150.280056572
157.14285714285714,198.57142857142858,3102.857142857143,7.0442717614913555,3367070.3058717377
157.14285714285714,198.57142857142858,3268.571428571429,7.011344003280884,3362452.503080545
157.14285714285714,198.57142857142858,3434.2857142857147,6.9809926390669,3357470.228255009
157.14285714285714,198.57142857142858,3600.0,6.952945046339363,3352253.7941938043
157.14285714285714,245.71428571428572,120.0,8.404995337221505,1918368.1059570299
157.14285714285714,245.71428571428572,285.7142857142857,8.352225324682978,2262247.829472271
157.14285714285714,245.71428571428572,451.42857142857144,8.26177119257694,2638744.2359822714
157.14285714285714,245.71428571428572,617.1428571428571,8.152509728906866,2911109.484441766
157.14285714285714,245.71428571428572,782.8571428571429,8.037263581487618,3106979.1474890104
157.14285714285714,245.71428571428572,948.5714285714287,7.923809567099744,3248095.4393575094
157.14285714285714,245.71428571428572,1114.2857142857142,7.816369379566522,3349862.053686736
157.14285714285714,245.71428571428572,1280.0,7.716865200805365,3423285.620096626
157.14285714285714,245.71428571428572,1445.7142857142858,7.625862597208973,3476223.4084713045
157.14285714285714,245.71428571428572,1611.4285714285716,7.543190171605867,3514278.6039607944
157.14285714285714,245.71428571428572,1777.1428571428573,7.468313733828966,3541455.174045409
157.14285714285714,245.71428571428572,1942.857142857143,7.400549823633866,3560628.154181915
157.14285714285714,245.71428571428572,2108.5714285714284,7.339181763466078,3573875.7060553404
157.14285714285714,245.71428571428572,2274.285714285714,7.283519091268615,3582711.467564578
157.14285714285714,245.71428571428572,2440.0,7.232925097385963,3588246.7455798383
157.14285714285714,245.71428571428572,2605.714285714286,7.186826913642018,3591303.97913004
157.14285714285714,245.71428571428572,2771.4285714285716,7.144716417665966,3592496.5145905144
157.14285714285714,245.71428571428572,2937.1428571428573,7.106146598832514,3592285.076827002
157.14285714285714,245.71428571428572,3102.857142857143,7.070725950808231,3591018.0553956726
157.14285714285714,245.71428571428572,3268.571428571429,7.038112270353074,3588960.4822661895
157.14285714285714,245.71428571428572,3434.2857142857147,7.0080065732901815,3586315.0509856604
157.14285714285714,245.71428571428572,3600.0,6.980147465719825,3583237.490523315
157.14285714285714,292.8571428571429,120.0,8.403230229845262,2079314.1912780388
157.14285714285714,292.8571428571429,285.7142857142857,8.34886675054401,2385405.5202109786
157.14285714285714,292.8571428571429,451.42857142857144,8.259114770022993,2758975.65306844
157.14285714285714,292.8571428571429,617.1428571428571,8.152260103490853,3036151.9345572544
157.14285714285714,292.8571428571429,782.8571428571429,8.040298086914893,3239117.81243125
157.14285714285714,292.8571428571429,948.5714285714287,7.9304042168403015,3387897.4556763377
157.14285714285714,292.8571428571429,1114.2857142857142,7.826441058934702,3497193.589978905
157.14285714285714,292.8571428571429,1280.0,7.73014853826256,3577706.48207784
157.14285714285714,292.8571428571429,1445.7142857142858,7.642019416663456,3637172.4877989595
157.14285714285714,292.8571428571429,1611.4285714285716,7.561870382932279,3681167.0993303414
157.14285714285714,292.8571428571429,1777.1428571428573,7.48918597628691,3713713.1619740855
157.14285714285714,292.8571428571429,1942.857142857143,7.423314745579255,3737726.2754857177
157.14285714285714,292.8571428571429,2108.5714285714284,7.363575931040019,3755333.455444976
157.14285714285714,292.8571428571429,2274.285714285714,7.309314167703612,3768098.4037964814
157.14285714285714,292.8571428571429,2440.0,7.259924872426706,3777180.1383261406
157.14285714285714,292.8571428571429,2605.714285714286,7.214863561238219,3783444.8415197367
157.14285714285714,292.8571428571429,2771.4285714285716,7.173646683387356,3787545.0832588915
157.14285714285714,292.8571428571429,2937.1428571428573,7.135848247116958,3789976.298523087
157.14285714285714,292.8571428571429,3102.857142857143,7.101094603875215,3791117.3559102835
157.14285714285714,292.8571428571429,3268.571428571429,7.069058668608495,3791259.9359636153
157.14285714285714,292.8571428571429,3434.2857142857147,7.03945423770255,3790629.9837921625
157.14285714285714,292.8571428571429,3600.0,7.012030721529501,3789403.50486019
157.14285714285714,340.0,120.0,8.401483227278167,2240897.181844905
157.14285714285714,340.0,285.7142857142857,8.345839343699788,2507159.1699469425
157.14285714285714,340.0,451.42857142857144,8.256958354784429,2876020.1354019577
157.14285714285714,340.0,617.1428571428571,8.152492328968297,3156227.9698471264
157.14285714285714,340.0,782.8571428571429,8.043686347786217,3364640.133867118
157.14285714285714,340.0,948.5714285714287,7.937188515054925,3519586.9116295353
157.14285714285714,340.0,1114.2857142857142,7.836548852726125,3635074.936177693
157.14285714285714,340.0,1280.0,7.74334761747955,3721493.7146093133
157.14285714285714,340.0,1445.7142857142858,7.658012050331847,3786448.096203517
157.14285714285714,340.0,1611.4285714285716,7.580345997036847,3835471.9512502565
157.14285714285714,340.0,1777.1428571428573,7.509848079200744,3872591.995866945
157.14285714285714,340.0,1942.857142857143,7.445892994376993,3900749.7586415545
157.14285714285714,340.0,2108.5714285714284,7.387830085632242,3922107.6250705905
157.14285714285714,340.0,2274.285714285714,7.335033869664753,3938267.3578545447
157.14285714285714,340.0,2440.0,7.286927457129845,3950425.224851088
157.14285714285714,340.0,2605.714285714286,7.242991100466729,3959482.1534175645
157.14285714285714,340.0,2771.4285714285716,7.2027628811577245,3966122.255736309
157.14285714285714,340.0,2937.1428571428573,7.165835492517347,3970869.1475570435
157.14285714285714,340.0,3102.857142857143,7.13185131166969,3974126.6361568617
157.14285714285714,340.0,3268.571428571429,7.100496947268358,3976208.350069122
157.14285714285714,340.0,3434.2857142857147,7.071497878858866,3977359.4938384877
157.14285714285714,340.0,3600.0,7.04461348393893,3977772.952889793
157.14285714285714,387.14285714285717,120.0,8.39976065387716,2401818.1554291258
157.14285714285714,387.14285714285717,285.7142857142857,8.343081020745592,2626869.334083838
157.14285714285714,387.14285714285717,451.42857142857144,8.255154925434672,2989864.085191836
157.14285714285714,387.14285714285717,617.1428571428571,8.152987058491512,3271933.195025107
157.14285714285714,387.14285714285717,782.8571428571429,8.047145703992058,3484687.5010139216
157.14285714285714,387.14285714285717,948.5714285714287,7.943816561045025,3644784.4693917306
157.14285714285714,387.14285714285717,1114.2857142857142,7.846277997065334,3765543.0432462725
157.14285714285714,387.14285714285717,1280.0,7.755971344509399,3857043.107269303
157.14285714285714,387.14285714285717,1445.7142857142858,7.6732661809884615,3926753.888464729
157.14285714285714,387.14285714285717,1611.4285714285716,7.597954241182333,3980160.377994661
157.14285714285714,387.14285714285717,1777.1428571428573,7.529545508346652,4021284.4984980472
157.14285714285714,387.14285714285717,1942.857142857143,7.467436750138135,4053084.797367796
157.14285714285714,387.14285714285717,2108.5714285714284,7.411003075392072,4077750.544665322
157.14285714285714,387.14285714285717,2274.285714285714,7.359644811850262,4096913.832932818
157.14285714285714,387.14285714285717,2440.0,7.312809172468576,4111801.323144971
157.14285714285714,387.14285714285717,2605.714285714286,7.2699980859840325,4123342.7055552597
157.14285714285714,387.14285714285717,2771.4285714285716,7.230768713187065,4132248.468345093
157.14285714285714,387.14285714285717,2937.1428571428573,7.194730330749356,4139065.972234166
157.14285714285714,387.14285714285717,3102.857142857143,7.161539625995437,4144220.166070269
157.14285714285714,387.14285714285717,3268.571428571429,7.130895508988856,4148043.379512329
157.14285714285714,387.14285714285717,3434.2857142857147,7.102534016800518,4150797.2994738063
157.14285714285714,387.14285714285717,3600.0,7.0762235865529854,4152689.31328464
157.14285714285714,434.28571428571433,120.0,8.398067758996019,2561277.2074678745
157.14285714285714,434.28571428571433,285.7142857142857,8.34054887532438,2744251.545396638
157.14285714285714,434.28571428571433,451.42857142857144,8.253614713175338,3100622.254934262
157.14285714285714,434.28571428571433,617.1428571428571,8.153627087777318,3383757.4271161878
157.14285714285714,434.28571428571433,782.8571428571429,8.050544453261633,3600084.3445450272
157.14285714285714,434.28571428571433,948.5714285714287,7.950145895734348,3764609.5324476543
157.14285714285714,434.28571428571433,1114.2857142857142,7.855472957896767,3889975.2418417097
157.14285714285714,434.28571428571433,1280.0,7.767846063574842,3985956.0385595066
157.14285714285714,434.28571428571433,1445.7142857142858,7.687584427238423,4059885.0007667285
157.14285714285714,434.28571428571433,1611.4285714285716,7.614468965871963,4117194.7102669543
157.14285714285714,434.28571428571433,1777.1428571428573,7.5480193089246574,4161897.2276388495
157.14285714285714,434.28571428571433,1942.857142857143,7.487651299045605,4196962.502335553
157.14285714285714,434.28571428571433,2108.5714285714284,7.432762464173056,4224601.116741236
157.14285714285714,434.28571428571433,2274.285714285714,7.382775706130982,4246470.281292526
157.14285714285714,434.28571428571433,2440.0,7.337159415983985,4263822.340077697
157.14285714285714,434.28571428571433,2605.714285714286,7.295434654109105,4277611.578173553
157.14285714285714,434.28571428571433,2771.4285714285716,7.257175494328303,4288571.218518676
157.14285714285714,434.28571428571433,2937.1428571428573,7.222005976869333,4297269.21040899
157.14285714285714,434.28571428571433,3102.857142857143,7.189595582805611,4304148.920128924
157.14285714285714,434.28571428571433,3268.571428571429,7.15965426596482,4309559.032322324
157.14285714285714,434.28571428571433,3434.2857142857147,7.1319275806879014,4313775.696742437
157.14285714285714,434.28571428571433,3600.0,7.106192164350837,4317019.063262575
157.14285714285714,481.42857142857144,120.0,8.39640876314182,2718754.7701455927
157.14285714285714,481.42857142857144,285.7142857142857,8.338211555110052,2859193.5826996597
157.14285714285714,481.42857142857144,451.42857142857144,8.25227947894161,3208450.884863104
157.14285714285714,481.42857142857144,617.1428571428571,8.154347128799595,3492100.836802739
157.14285714285714,481.42857142857144,782.8571428571429,8.053823011120166,3711447.692838705
157.14285714285714,481.42857142857144,948.5714285714287,7.9561271482363125,3879871.0909480853
157.14285714285714,481.42857142857144,1114.2857142857142,7.8640936512999655,4009349.480906319
157.14285714285714,481.42857142857144,1280.0,7.778937368429662,4109358.291045872
157.14285714285714,481.42857142857144,1445.7142857142858,7.700933580252028,4187096.0003794376
157.14285714285714,481.42857142857144,1611.4285714285716,7.629853791882708,4247941.439177102
157.14285714285714,481.42857142857144,1777.1428571428573,7.565226121873817,4295893.888574701
157.14285714285714,481.42857142857144,1942.857142857143,7.506483194661191,4333931.08683368
157.14285714285714,481.42857142857144,2108.5714285714284,7.453042303723329,4364281.153801895
157.14285714285714,481.42857142857144,2274.285714285714,7.404346305568187,4388622.778746552
157.14285714285714,481.42857142857144,2440.0,7.359882365647033,4408230.633327042
157.14285714285714,481.42857142857144,2605.714285714286,7.31918855515646,4424080.58408586
157.14285714285714,481.42857142857144,2771.4285714285716,7.2818540318343254,4436925.926137814
157.14285714285714,481.42857142857144,2937.1428571428573,7.247516043183734,4447352.867940605
157.14285714285714,481.42857142857144,3102.857142857143,7.215855550495124,4455821.167213106
157.14285714285714,481.42857142857144,3268.571428571429,7.186592447760828,4462694.107063262
157.14285714285714,481.42857142857144,3434.2857142857147,7.159480881495962,4468260.77923823
157.14285714285714,481.42857142857144,3600.0,7.1343049144709525,4472752.779451834
157.14285714285714,528.5714285714286,120.0,8.394786952027863,2873904.331013738
157.14285714285714,528.5714285714286,285.7142857142857,8.33604507513265,2971673.241228657
157.14285714285714,528.5714285714286,451.42857142857144,8.251109410186746,3313515.2567021996
157.14285714285714,528.5714285714286,617.1428571428571,8.155109646710281,3597294.0470260615
157.14285714285714,528.5714285714286,782.8571428571429,8.056957438632919,3819254.8540745606
157.14285714285714,528.5714285714286,948.5714285714287,7.961754253616407,3991176.924319462
157.14285714285714,528.5714285714286,1114.2857142857142,7.872151555821931,4124389.143888736
157.14285714285714,528.5714285714286,1280.0,7.789271586834398,4228075.105965415
157.14285714285714,528.5714285714286,1445.7142857142858,7.713351234065431,4309301.467281
157.14285714285714,528.5714285714286,1611.4285714285716,7.644153928796123,4373393.292488273
157.14285714285714,528.5714285714286,1777.1428571428573,7.581215449133094,4424335.505090276
157.14285714285714,528.5714285714286,1942.857142857143,7.523983386996631,4465111.291247578
157.14285714285714,528.5714285714286,2108.5714285714284,7.471892650535462,4497963.692818413
157.14285714285714,528.5714285714286,2274.285714285714,7.4244038979316,4524590.266253059
157.14285714285714,528.5714285714286,2440.0,7.381021071887347,4546285.549245592
157.14285714285714,528.5714285714286,2605.714285714286,7.341297475529726,4564044.745401942
157.14285714285714,528.5714285714286,2771.4285714285716,7.304835802550069,4578639.216199139
157.14285714285714,528.5714285714286,2937.1428571428573,7.271285179181901,4590671.658626251
157.14285714285714,528.5714285714286,3102.857142857143,7.240336915918411,4600616.67046588
157.14285714285714,528.5714285714286,3268.571428571429,7.211719888414118,4608850.77987519
157.14285714285714,528.5714285714286,3434.2857142857147,7.185196024830639,4615674.84243957
157.14285714285714,528.5714285714286,3600.0,7.1605561283648544,4621330.874841732
157.14285714285714,575.7142857142858,120.0,8.393204790317151,3026493.843704284
157.14285714285714,575.7142857142858,285.7142857142857,8.334030391269899,3081717.66577585
157.14285714285714,575.7142857142858,451.42857142857144,8.250076029333146,3415977.050550102
157.14285714285714,575.7142857142858,617.1428571428571,8.155892547558047,3699614.427945548
157.14285714285714,575.7142857142858,782.8571428571429,8.059941673939742,3923885.831755939
157.14285714285714,575.7142857142858,948.5714285714287,7.967040927067209,4098998.851646962
157.14285714285714,575.7142857142858,1114.2857142857142,7.87968008419489,4235647.9674304025
157.14285714285714,575.7142857142858,1280.0,7.798899750770941,4342732.890777079
157.14285714285714,575.7142857142858,1445.7142857142858,7.724903156097148,4427191.958288489
157.14285714285714,575.7142857142858,1611.4285714285716,7.657446862769091,4494297.276987565
157.14285714285714,575.7142857142858,1777.1428571428573,7.596073680782273,4548018.6928607
157.14285714285714,575.7142857142858,1942.857142857143,7.5402446962089416,4591343.334580468
157.14285714285714,575.7142857142858,2108.5714285714284,7.489410656507887,4626527.325448686
157.14285714285714,575.7142857142858,2274.285714285714,7.443048227320929,4655285.173399753
157.14285714285714,575.7142857142858,2440.0,7.400676451670535,4678929.432714527
157.14285714285714,575.7142857142858,2605.714285714286,7.36186236082614,4698472.930802335
157.14285714285714,575.7142857142858,2771.4285714285716,7.326220867476605,4714703.546758447
157.14285714285714,575.7142857142858,2937.1428571428573,7.2934118392508935,4728239.0869017895
157.14285714285714,575.7142857142858,3102.857142857143,7.263135961633593,4739567.772117756
157.14285714285714,575.7142857142858,3268.571428571429,7.235130261234854,4749078.307694488
157.14285714285714,575.7142857142858,3434.2857142857147,7.209163741051473,4757082.378758783
157.14285714285714,575.7142857142858,3600.0,7.185033343657751,4763831.606662714
157.14285714285714,622.8571428571429,120.0,8.391664038250557,3176370.7937149806
157.14285714285714,622.8571428571429,285.7142857142857,8.33215192581956,3189381.677776132
157.14285714285714,622.8571428571429,451.42857142857144,8.249158154875223,3515989.4982222887
157.14285714285714,622.8571428571429,617.1428571428571,8.156682608853625,3799298.1851661378
157.14285714285714,622.8571428571429,782.8571428571429,8.062778544605907,4025650.6275381176
157.14285714285714,622.8571428571429,948.5714285714287,7.97200921648305,4203713.351437431
157.14285714285714,622.8571428571429,1114.2857142857142,7.886720522836707,4343562.1743349815
157.14285714285714,622.8571428571429,1280.0,7.807880740436146,4453821.228110982
157.14285714285714,622.8571428571429,1445.7142857142858,7.735663479031717,4541304.448040378
157.14285714285714,622.8571428571429,1611.4285714285716,7.669819489567403,4611232.3035244625
157.14285714285714,622.8571428571429,1777.1428571428573,7.6098981165543265,4667559.404550116
157.14285714285714,622.8571428571429,1942.857142857143,7.555372718347702,4713275.880156303
157.14285714285714,622.8571428571429,2108.5714285714284,7.5057083938483435,4750649.62752976
157.14285714285714,622.8571428571429,2274.285714285714,7.460396302681437,4781410.676101564
157.14285714285714,622.8571428571429,2440.0,7.418969166052158,4806888.179242363
157.14285714285714,622.8571428571429,2605.714285714286,7.3810064617917615,4828111.253076774
157.14285714285714,622.8571428571429,2771.4285714285716,7.346134193924719,4845883.073415669
157.14285714285714,622.8571428571429,2937.1428571428573,7.314021993099777,4860835.459238481
157.14285714285714,622.8571428571429,3102.857142857143,7.284379077887226,4873469.280278105
157.14285714285714,622.8571428571429,3268.571428571429,7.256949904668363,4884184.559254595
157.14285714285714,622.8571428571429,3434.2857142857147,7.231509934831591,4893303.055174342
157.14285714285714,622.8571428571429,3600.0,7.207861723707651,4901085.331158323
157.14285714285714,670.0,120.0,8.390165862113587,3323439.8411710453
157.14285714285714,670.0,285.7142857142857,8.330396632651132,3294735.5211877003
157.14285714285714,670.0,451.42857142857144,8.248339496991823,3613695.7762131607
157.14285714285714,670.0,617.1428571428571,8.157471839964654,3896549.16459228
157.14285714285714,670.0,782.8571428571429,8.065475104854297,4124807.3463462223
157.14285714285714,670.0,948.5714285714287,7.9766838659067245,4305627.813048594
157.14285714285714,670.0,1114.2857142857142,7.893315353312821,4448483.791883699
157.14285714285714,670.0,1280.0,7.81627344635026,4561732.283672983
157.14285714285714,670.0,1445.7142857142858,7.745705583771118,4652066.962382612
157.14285714285714,670.0,1611.4285714285716,7.681357619583378,4724658.295708763
157.14285714285714,670.0,1777.1428571428573,7.622785023274515,4783445.8709597215
157.14285714285714,670.0,1942.857142857143,7.569472394584769,4831422.262902575
157.14285714285714,670.0,2108.5714285714284,7.52089792071395,4870866.210428307
157.14285714285714,670.0,2274.285714285714,7.47656596483449,4903522.182016057
157.14285714285714,670.0,2440.0,7.436021709149229,4930734.825312904
157.14285714285714,670.0,2605.714285714286,7.398855977172817,4953548.486301864
157.14285714285714,670.0,2771.4285714285716,7.364704892141732,4972780.657828372
157.14285714285714,670.0,2937.1428571428573,7.333247001304361,4989076.284020841
157.14285714285714,670.0,3102.857142857143,7.304199325383376,5002948.089824863
157.14285714285714,670.0,3268.571428571429,7.277313122191729,5014806.711364735
157.14285714285714,670.0,3434.2857142857147,7.252369772524709,5024983.359967755
157.14285714285714,670.0,3600.0,7.229176982387532,5033746.993209834
157.14285714285714,717.1428571428572,120.0,8.38871093423546,3467647.694838853
157.14285714285714,717.1428571428572,285.7142857142857,8.328753380880448,3397857.6097108424
157.14285714285714,717.1428571428572,451.42857142857144,8.247607168749994,3709228.786009435
157.14285714285714,717.1428571428572,617.1428571428571,8.158255401846167,3991545.3008044735
157.14285714285714,717.1428571428572,782.8571428571429,8.068040184031876,4221574.561943058
157.14285714285714,717.1428571428572,948.5714285714287,7.981089567336529,4404998.087433
157.14285714285714,717.1428571428572,1114.2857142857142,7.899505178085633,4550702.714830776
157.14285714285714,717.1428571428572,1280.0,7.824133290156228,4666786.774050354
157.14285714285714,717.1428571428572,1445.7142857142858,7.755098124397851,4759827.912626818
157.14285714285714,717.1428571428572,1611.4285714285716,7.692141424093045,4834948.4212343125
157.14285714285714,717.1428571428572,1777.1428571428573,7.634824435886882,4896073.325189769
157.14285714285714,717.1428571428572,1942.857142857143,7.582642118651502,4946197.361105508
157.14285714285714,717.1428571428572,2108.5714285714284,7.535084663549673,4987609.446952201
157.14285714285714,717.1428571428572,2274.285714285714,7.491668526510501,5022067.661771738
157.14285714285714,717.1428571428572,2440.0,7.451950300168108,5050931.273983517
157.14285714285714,717.1428571428572,2605.714285714286,7.415531200952519,5075259.006803353
157.14285714285714,717.1428571428572,2771.4285714285716,7.3820566276622195,5095881.871837055
157.14285714285714,717.1428571428572,2937.1428571428573,7.351213307548474,5113457.209085844
157.14285714285714,717.1428571428572,3102.857142857143,7.3227254256167775,5128508.942411118
157.14285714285714,717.1428571428572,3268.571428571429,7.296350491237097,5141457.736200466
157.14285714285714,717.1428571428572,3434.2857142857147,7.271875331608353,5152643.735354928
157.14285714285714,717.1428571428572,3600.0,7.249112396754605,5162343.833514337
157.14285714285714,764.2857142857143,120.0,8.387299520966678,3608972.433710931
157.14285714285714,764.2857142857143,285.7142857142857,8.327212533558136,3498830.087702952
157.14285714285714,764.2857142857143,451.42857142857144,8.246950730759902,3802711.5280753504
157.14285714285714,764.2857142857143,617.1428571428571,8.15903038657193,4084443.4098348813
157.14285714285714,764.2857142857143,782.8571428571429,8.07048309826578,4316140.003480679
157.14285714285714,764.2857142857143,948.5714285714287,7.985249679318541,4502040.586581931
157.14285714285714,764.2857142857143,1114.2857142857142,7.905327434556177,4650461.7836089935
157.14285714285714,764.2857142857143,1280.0,7.831510879132681,4769251.633025343
157.14285714285714,764.2857142857143,1445.7142857142858,7.763903554109755,4864876.002938981
157.14285714285714,764.2857142857143,1611.4285714285716,7.702243765706112,4942410.936487193
157.14285714285714,764.2857142857143,1777.1428571428573,7.646098235015083,5005767.521541068
157.14285714285714,764.2857142857143,1942.857142857143,7.5949715159228255,5057942.563962475
157.14285714285714,764.2857142857143,2108.5714285714284,7.54836486368868,5101234.694879279
157.14285714285714,764.2857142857143,2274.285714285714,7.505805862693076,5137414.964357401
157.14285714285714,764.2857142857143,2440.0,7.466861602261068,5167856.562425614
157.14285714285714,764.2857142857143,2605.714285714286,7.431142861360506,5193631.893820085
157.14285714285714,764.2857142857143,2771.4285714285716,7.398303577496174,5215584.829665326
157.14285714285714,764.2857142857143,2937.1428571428573,7.368038013147635,5234384.498545497
157.14285714285714,764.2857142857143,3102.857142857143,7.340076957994889,5250565.47333535
157.14285714285714,764.2857142857143,3268.571428571429,7.314183689461067,5264557.954031196
157.14285714285714,764.2857142857143,3434.2857142857147,7.2901500642891826,5276710.580634317
157.14285714285714,764.2857142857143,3600.0,7.267792917315566,5287307.794113089
157.14285714285714,811.4285714285714,120.0,8.38593155860806,3747415.7240790958
157.14285714285714,811.4285714285714,285.7142857142857,8.325765649807597,3597736.0528679374
157.14285714285714,811.4285714285714,451.42857142857144,8.246361557701375,3894257.7157612103
157.14285714285714,811.4285714285714,617.1428571428571,8.159795085351572,4175382.817028861
157.14285714285714,811.4285714285714,782.8571428571429,8.072812986597384,4408666.8202307895
157.14285714285714,811.4285714285714,948.5714285714287,7.989185697610823,4596940.859911673
157.14285714285714,811.4285714285714,1114.2857142857142,7.9108159969823975,4747967.384068878
157.14285714285714,811.4285714285714,1280.0,7.838451699890915,4869352.376023823
157.14285714285714,811.4285714285714,1445.7142857142858,7.772177857928165,4967454.129173585
157.14285714285714,811.4285714285714,1611.4285714285716,7.711729916888102,5047304.417242532
157.14285714285714,811.4285714285714,1777.1428571428573,7.6566798038036294,5112801.122010229
157.14285714285714,811.4285714285714,1942.857142857143,7.606540999028599,5166943.16207617
157.14285714285714,811.4285714285714,2108.5714285714284,7.560825000350963,5212038.561254836
157.14285714285714,811.4285714285714,2274.285714285714,7.519069677073643,5249870.843860831
157.14285714285714,811.4285714285714,2440.0,7.480851814896974,5281826.555929989
157.14285714285714,811.4285714285714,2605.714285714286,7.445791026901698,5308991.209389253
157.14285714285714,811.4285714285714,2771.4285714285716,7.4135491418174695,5332220.983979926
157.14285714285714,811.4285714285714,2937.1428571428573,7.383827389772533,5352196.285186325
157.14285714285714,811.4285714285714,3102.857142857143,7.356362671606524,5369461.868777472
157.14285714285714,811.4285714285714,3268.571428571429,7.330923605599962,5384457.050827479
157.14285714285714,811.4285714285714,3434.2857142857147,7.30730670903222,5397538.591652941
157.14285714285714,811.4285714285714,3600.0,7.285332882976423,5408998.146249027
157.14285714285714,858.5714285714287,120.0,8.38460671805663,3882997.0117750554
157.14285714285714,858.5714285714287,285.7142857142857,8.32440526758276,3694657.8006801135
157.14285714285714,858.5714285714287,451.42857142857144,8.245832405317596,3983972.4673163635
157.14285714285714,858.5714285714287,617.1428571428571,8.160548541262964,4264488.155888406
157.14285714285714,858.5714285714287,782.8571428571429,8.075038486533678,4499298.210715315
157.14285714285714,858.5714285714287,948.5714285714287,7.992917109550378,4689859.828374405
157.14285714285714,858.5714285714287,1114.2857142857142,7.916001210009591,4843397.090342083
157.14285714285714,858.5714285714287,1280.0,7.844996302006872,4967281.9761591675
157.14285714285714,858.5714285714287,1445.7142857142858,7.779970845788992,5067769.331330071
157.14285714285714,858.5714285714287,1611.4285714285716,7.720657920412103,5149848.649092205
157.14285714285714,858.5714285714287,1777.1428571428573,7.666634417153568,5217405.403775278
157.14285714285714,858.5714285714287,1942.857142857143,7.61742215279689,5273440.767278216
157.14285714285714,858.5714285714287,2108.5714285714284,7.57254214410627,5320271.944354687
157.14285714285714,858.5714285714287,2274.285714285714,7.531541802359391,5359694.546113876
157.14285714285714,858.5714285714287,2440.0,7.494006904169039,5393108.012790031
157.14285714285714,858.5714285714287,2605.714285714286,7.459565253889796,5421610.484452439
157.14285714285714,858.5714285714287,2771.4285714285716,7.427885999298953,5446069.9842282375
157.14285714285714,858.5714285714287,2937.1428571428573,7.398676835873511,5467177.7588546
157.14285714285714,858.5714285714287,3102.857142857143,7.371680338193394,5485488.347816307
157.14285714285714,858.5714285714287,3268.571428571429,7.346670086166086,5501449.822384196
157.14285714285714,858.5714285714287,3434.2857142857147,7.32344692951219,5515426.739656821
157.14285714285714,858.5714285714287,3600.0,7.301835551834847,5527717.680092479
157.14285714285714,905.7142857142858,120.0,8.38332445929492,4015749.113154156
157.14285714285714,905.7142857142858,285.7142857142857,8.32312474064927,3789675.717756559
157.14285714285714,905.7142857142858,451.42857142857144,8.24535710596185,4071953.001311344
157.14285714285714,905.7142857142858,617.1428571428571,8.161290271625596,4351871.567496181
157.14285714285714,905.7142857142858,782.8571428571429,8.077167594679606,4588160.920011101
157.14285714285714,905.7142857142858,948.5714285714287,7.996461439022921,4780938.420392305
157.14285714285714,905.7142857142858,1114.2857142857142,7.920910119768539,4936905.303016147
157.14285714285714,905.7142857142858,1280.0,7.851180693393994,5063207.382865369
157.14285714285714,905.7142857142858,1445.7142857142858,7.787326680614686,5166000.083572224
157.14285714285714,905.7142857142858,1611.4285714285716,7.729079216792368,5250232.592097558
157.14285714285714,905.7142857142858,1777.1428571428573,7.676019937413588,5319778.8135860255
157.14285714285714,905.7142857142858,1942.857142857143,7.627678471004466,5377642.382906105
157.14285714285714,905.7142857142858,2108.5714285714284,7.583584711815966,5426149.5559773175
157.14285714285714,905.7142857142858,2274.285714285714,7.543294954678391,5467107.727942827
157.14285714285714,905.7142857142858,2440.0,7.506403341621955,5501928.853116175
157.14285714285714,905.7142857142858,2605.714285714286,7.4725452978104085,5531723.296432625
157.14285714285714,905.7142857142858,2771.4285714285716,7.441396781761187,5557370.527812001
157.14285714285714,905.7142857142858,2937.1428571428573,7.412671507531902,5579572.2608606
157.14285714285714,905.7142857142858,3102.857142857143,7.386117333884443,5598892.473779995
157.14285714285714,905.7142857142858,3268.571428571429,7.361512464169709,5615787.679803166
157.14285714285714,905.7142857142858,3434.2857142857147,7.338661787571342,5630629.951045537
157.14285714285714,905.7142857142858,3600.0,7.317393516536017,5643724.541425216
157.14285714285714,952.8571428571429,120.0,8.382084076965526,4145714.8261667048
157.14285714285714,952.8571428571429,285.7142857142857,8.321918113072588,3882867.597956257
157.14285714285714,952.8571428571429,451.42857142857144,8.244930348853897,4158289.301610056
157.14285714285714,952.8571428571429,617.1428571428571,8.16202009339571,4437634.458745797
157.14285714285714,952.8571428571429,782.8571428571429,8.079207627441933,4675367.935662686
157.14285714285714,952.8571428571429,948.5714285714287,7.999834379957947,4870301.091007266
157.14285714285714,952.8571428571429,1114.2857142857142,7.9255667823708364,5028627.495011197
157.14285714285714,952.8571428571429,1280.0,7.857036807064325,5157274.4084291505
157.14285714285714,952.8571428571429,1445.7142857142858,7.794284478590972,5262301.744052364
157.14285714285714,952.8571428571429,1611.4285714285716,7.737039351584245,5348620.3249566965
157.14285714285714,952.8571428571429,1777.1428571428573,7.684887603662668,5420093.345491301
157.14285714285714,952.8571428571429,1942.857142857143,7.637366205438687,5479727.161984111
157.14285714285714,952.8571428571429,2108.5714285714284,7.594013356510743,5529857.013965648
157.14285714285714,952.8571428571429,2274.285714285714,7.554393648460772,5572301.844137348
157.14285714285714,952.8571428571429,2440.0,7.518109031167625,5608485.805796392
157.14285714285714,952.8571428571429,2605.714285714286,7.484802041764985,5639531.146432452
157.14285714285714,952.8571428571429,2771.4285714285716,7.45415499571897,5666328.44180587
157.14285714285714,952.8571428571429,2937.1428571428573,7.425887226414817,5689589.5479510985
157.14285714285714,952.8571428571429,3102.857142857143,7.399751528290855,5709887.581150688
157.14285714285714,952.8571428571429,3268.571428571429,7.3755304252533485,5727687.222519859
157.14285714285714,952.8571428571429,3434.2857142857147,7.353032583242989,5743367.811854311
157.14285714285714,952.8571428571429,3600.0,7.332089515807522,5757241.054743291
157.14285714285714,1000.0,120.0,8.380884738252695,4272944.302509955
157.14285714285714,1000.0,285.7142857142857,8.320780020352098,3974308.239000032
157.14285714285714,1000.0,451.42857142857144,8.244547517599827,4243064.737646004
157.14285714285714,1000.0,617.1428571428571,8.162738012169719,4521868.929841891
157.14285714285714,1000.0,782.8571428571429,8.081165234441915,4761020.60383452
157.14285714285714,1000.0,948.5714285714287,8.003049964494908,4958058.543306784
157.14285714285714,1000.0,1114.2857142857142,7.929992588993049,5118683.468935934
157.14285714285714,1000.0,1280.0,7.8625929701124955,5249611.459439928
157.14285714285714,1000.0,1445.7142857142858,7.800878902479665,5356810.70464199
157.14285714285714,1000.0,1611.4285714285716,7.74457867186696,5445155.563023817
157.14285714285714,1000.0,1777.1428571428573,7.693282811170635,5518499.382864602
157.14285714285714,1000.0,1942.857142857143,7.64653521024584,5579851.534397907
157.14285714285714,1000.0,2108.5714285714284,7.603881860999048,5631556.220659117
157.14285714285714,1000.0,2274.285714285714,7.564895126108022,5675443.747774154
157.14285714285714,1000.0,2440.0,7.52918426383106,5712950.205213206
157.14285714285714,1000.0,2605.714285714286,7.496398467245363,5745209.430279109
157.14285714285714,1000.0,2771.4285714285716,7.466226001787734,5773122.8092069635
157.14285714285714,1000.0,2937.1428571428573,7.438391461802999,5797412.057165176
157.14285714285714,1000.0,3102.857142857143,7.412652264297901,5818659.164589661
157.14285714285714,1000.0,3268.571428571429,7.388794981343132,5837336.738909946
157.14285714285714,1000.0,3434.2857142857147,7.36663181914244,5853831.168936408
157.14285714285714,1000.0,3600.0,7.345997387114417,5868460.415365504
192.85714285714286,10.0,120.0,8.413758632298933,1323816.0925183785
192.85714285714286,10.0,285.7142857142857,8.386375314839151,1785883.1074903463
192.85714285714286,10.0,451.42857142857144,8.325929210262114,2058966.770866112
192.85714285714286,10.0,617.1428571428571,8.247284406253563,2175899.0608490948
192.85714285714286,10.0,782.8571428571429,8.163615053007707,2211651.9619475366
192.85714285714286,10.0,948.5714285714287,8.083550961507179,2201869.9330577846
192.85714285714286,10.0,1114.2857142857142,8.01136430074731,2167417.814986037
192.85714285714286,10.0,1280.0,7.948378636901659,2120917.8705326105
192.85714285714286,10.0,1445.7142857142858,7.8943390096008486,2069783.6570411655
192.85714285714286,10.0,1611.4285714285716,7.84831119548412,2018187.0520879817
192.85714285714286,10.0,1777.1428571428573,7.809168492818586,1968349.9836779078
192.85714285714286,10.0,1942.857142857143,7.775820086338464,1921355.4691165774
192.85714285714286,10.0,2108.5714285714284,7.747300501216402,1877638.545967845
192.85714285714286,10.0,2274.285714285714,7.722791685398969,1837276.4006048352
192.85714285714286,10.0,2440.0,7.701615720128575,1800157.0753462052
192.85714285714286,10.0,2605.714285714286,7.683216856993999,1766076.250026193
192.85714285714286,10.0,2771.4285714285716,7.667141453251459,1734791.8938393083
192.85714285714286,10.0,2937.1428571428573,7.653019362060942,1706054.4056667264
192.85714285714286,10.0,3102.857142857143,7.640547970987605,1679622.5748655933
192.85714285714286,10.0,3268.571428571429,7.6294790356373605,1655271.4023663264
192.85714285714286,10.0,3434.2857142857147,7.619608039726701,1632795.309091495
192.85714285714286,10.0,3600.0,7.610765687330771,1612008.78911318
192.85714285714286,57.142857142857146,120.0,8.411124001203738,1367832.2300064021
192.85714285714286,57.142857142857146,285.7142857142857,8.370517414395241,1782585.4740482375
192.85714285714286,57.142857142857146,451.42857142857144,8.286343886157775,2124422.907050706
192.85714285714286,57.142857142857146,617.1428571428571,8.176982552960753,2336382.5447138743
192.85714285714286,57.142857142857146,782.8571428571429,8.058199251522966,2466732.7273976784
192.85714285714286,57.142857142857146,948.5714285714287,7.940459445166191,2543795.257418212
192.85714285714286,57.142857142857146,1114.2857142857142,7.829591237759813,2585785.1426259535
192.85714285714286,57.142857142857146,1280.0,7.728203310647105,2604859.2200796264
192.85714285714286,57.142857142857146,1445.7142857142858,7.636986132964061,2609129.057964123
192.85714285714286,57.142857142857146,1611.4285714285716,7.555614640830478,2603974.830723318
192.85714285714286,57.142857142857146,1777.1428571428573,7.483294529783704,2592949.9229300027
192.85714285714286,57.142857142857146,1942.857142857143,7.41906593408257,2578395.732165109
192.85714285714286,57.142857142857146,2108.5714285714284,7.361960387698523,2561852.2979223155
192.85714285714286,57.142857142857146,2274.285714285714,7.311074768017785,2544329.679430543
192.85714285714286,57.142857142857146,2440.0,7.2656004798727585,2526486.5934678502
192.85714285714286,57.142857142857146,2605.714285714286,7.224829653079077,2508748.079318613
192.85714285714286,57.142857142857146,2771.4285714285716,7.188150317171015,2491383.2721499573
192.85714285714286,57.142857142857146,2937.1428571428573,7.15503693193228,2474557.068187645
192.85714285714286,57.142857142857146,3102.857142857143,7.125039556435788,2458364.6410303707
192.85714285714286,57.142857142857146,3268.571428571429,7.097773257551227,2442854.6318285135
192.85714285714286,57.142857142857146,3434.2857142857147,7.072908463879397,2428044.81027899
192.85714285714286,57.142857142857146,3600.0,7.050162507659976,2413932.695994104
192.85714285714286,104.28571428571429,120.0,8.408691547749402,1567599.8515647082
192.85714285714286,104.28571428571429,285.7142857142857,8.361429125017528,1958255.0200505862
192.85714285714286,104.28571428571429,451.42857142857144,8.270280950803041,2324137.2098996206
192.85714285714286,104.28571428571429,617.1428571428571,8.154684799547937,2569336.6818963974
192.85714285714286,104.28571428571429,782.8571428571429,8.030046690547206,2732940.978675009
192.85714285714286,104.28571428571429,948.5714285714287,7.906348560028121,2840816.7819992895
192.85714285714286,104.28571428571429,1114.2857142857142,7.789176217061788,2910378.85604834
192.85714285714286,104.28571428571429,1280.0,7.681117580487679,2953645.2528947094
192.85714285714286,104.28571428571429,1445.7142857142858,7.5829604345453605,2978906.8177826237
192.85714285714286,104.28571428571429,1611.4285714285716,7.4945146895167625,2991863.908889785
192.85714285714286,104.28571428571429,1777.1428571428573,7.415115122255658,2996432.7359556034
192.85714285714286,104.28571428571429,1942.857142857143,7.343907355021328,2995308.8069532085
192.85714285714286,104.28571428571429,2108.5714285714284,7.280001106697802,2990353.9059350463
192.85714285714286,104.28571428571429,2274.285714285714,7.2225466777108585,2982859.225653027
192.85714285714286,104.28571428571429,2440.0,7.170768764711361,2973723.6927440986
192.85714285714286,104.28571428571429,2605.714285714286,7.123977430514068,2963574.9795420393
192.85714285714286,104.28571428571429,2771.4285714285716,7.081567425915873,2952851.977239375
192.85714285714286,104.28571428571429,2937.1428571428573,7.043012041762975,2941861.3461317727
192.85714285714286,104.28571428571429,3102.857142857143,7.0078548159784315,2930816.5639007916
192.85714285714286,104.28571428571429,3268.571428571429,6.975700822511362,2919865.088882512
192.85714285714286,104.28571428571429,3434.2857142857147,6.946208387282839,2909107.3961903765
192.85714285714286,104.28571428571429,3600.0,6.919081597975461,2898610.414127441
192.85714285714286,151.42857142857144,120.0,8.406342343202956,1777714.446990508
192.85714285714286,151.42857142857144,285.7142857142857,8.354779177580332,2132972.992245354
192.85714285714286,151.42857142857144,451.42857142857144,8.261141554488601,2506515.040293046
192.85714285714286,151.42857142857144,617.1428571428571,8.145046005286721,2768108.858107589
192.85714285714286,151.42857142857144,782.8571428571429,8.021039334655088,2949699.6650862037
192.85714285714286,151.42857142857144,948.5714285714287,7.8983216527658096,3075053.4379508193
192.85714285714286,151.42857142857144,1114.2857142857142,7.782000294930813,3160786.4444939024
192.85714285714286,151.42857142857144,1280.0,7.674442862960185,3218635.3582902714
192.85714285714286,151.42857142857144,1445.7142857142858,7.57637745921944,3256860.1831576824
192.85714285714286,151.42857142857144,1611.4285714285716,7.487637238578865,3281252.701184981
192.85714285714286,151.42857142857144,1777.1428571428573,7.407615012951626,3295873.412040255
192.85714285714286,151.42857142857144,1942.857142857143,7.335523262700349,3303577.4298620056
192.85714285714286,151.42857142857144,2108.5714285714284,7.270534990594575,3306382.1647431906
192.85714285714286,151.42857142857144,2274.285714285714,7.211855267062189,3305721.505114293
192.85714285714286,151.42857142857144,2440.0,7.158753873383055,3302620.85949169
192.85714285714286,151.42857142857144,2605.714285714286,7.110576825819466,3297817.8356579524
192.85714285714286,151.42857142857144,2771.4285714285716,7.066746914855978,3291845.798866319
192.85714285714286,151.42857142857144,2937.1428571428573,7.026758919040493,3285092.08688291
192.85714285714286,151.42857142857144,3102.857142857143,6.990172586568547,3277838.8635310763
192.85714285714286,151.42857142857144,3268.571428571429,6.956605025310532,3270292.011609837
192.85714285714286,151.42857142857144,3434.2857142857147,6.9257233296682505,3262601.7287823227
192.85714285714286,151.42857142857144,3600.0,6.897237824886881,3254877.3238639617
192.85714285714286,198.57142857142858,120.0,8.404064379375784,1985816.149385034
192.85714285714286,198.57142857142858,285.7142857142857,8.349476168311066,2299026.687964891
192.85714285714286,198.57142857142858,451.42857142857144,8.255176874085436,2672848.4964578357
192.85714285714286,198.57142857142858,617.1428571428571,8.140520957663044,2943571.4160965695
192.85714285714286,198.57142857142858,782.8571428571429,8.019119960101646,3136592.7721164417
192.85714285714286,198.57142857142858,948.5714285714287,7.899407352851573,3273662.7750986656
192.85714285714286,198.57142857142858,1114.2857142857142,7.786017245753758,3370585.2691402268
192.85714285714286,198.57142857142858,1280.0,7.681079250521472,3438759.0055677104
192.85714285714286,198.57142857142858,1445.7142857142858,7.585232246569707,3486334.4326338554
192.85714285714286,198.57142857142858,1611.4285714285716,7.498301975894848,3519108.862902787
192.85714285714286,198.57142857142858,1777.1428571428573,7.419713299776302,3541203.831627618
192.85714285714286,198.57142857142858,1942.857142857143,7.348726165237545,3555558.6330684097
192.85714285714286,198.57142857142858,2108.5714285714284,7.284563890151053,3564280.692628117
192.85714285714286,198.57142857142858,2274.285714285714,7.226478734596985,3568890.923552701
192.85714285714286,198.57142857142858,2440.0,7.173782140572378,3570494.683770681
192.85714285714286,198.57142857142858,2605.714285714286,7.125855679086105,3569900.957867774
192.85714285714286,198.57142857142858,2771.4285714285716,7.082151878378106,3567705.776000209
192.85714285714286,198.57142857142858,2937.1428571428573,7.0421900837228675,3564350.95507528
192.85714285714286,198.57142857142858,3102.857142857143,7.0055501836379115,3560165.761880956
192.85714285714286,198.57142857142858,3268.571428571429,6.971865720306019,3555396.6947097974
192.85714285714286,198.57142857142858,3434.2857142857147,6.940817160861999,3550228.9431530605
192.85714285714286,198.57142857142858,3600.0,6.912125694496338,3544801.975405619
192.85714285714286,245.71428571428572,120.0,8.401856751149529,2189225.5961417733
192.85714285714286,245.71428571428572,285.7142857142857,8.345045710467849,2456557.4908413584
192.85714285714286,245.71428571428572,451.42857142857144,8.250954449218035,2826756.939388457
192.85714285714286,245.71428571428572,617.1428571428571,8.13844798727471,3102809.965866748
192.85714285714286,245.71428571428572,782.8571428571429,8.020242273976288,3303810.6713182414
192.85714285714286,245.71428571428572,948.5714285714287,7.904082937872715,3449527.9374264553
192.85714285714286,245.71428571428572,1114.2857142857142,7.794183386523897,3554950.102854367
192.85714285714286,245.71428571428572,1280.0,7.692456961015362,3631116.4286168343
192.85714285714286,245.71428571428572,1445.7142857142858,7.599455127044104,3686034.6556357555
192.85714285714286,245.71428571428572,1611.4285714285716,7.514988388315083,3725469.347166633
192.85714285714286,245.71428571428572,1777.1428571428573,7.438502683698785,3753564.4986949977
192.85714285714286,245.71428571428572,1942.857142857143,7.369294662139811,3773307.5847236076
192.85714285714286,245.71428571428572,2108.5714285714284,7.306628815014614,3786863.9662029166
192.85714285714286,245.71428571428572,2274.285714285714,7.24979745832793,3795813.7979921172
192.85714285714286,245.71428571428572,2440.0,7.198148471187364,3801318.744992734
192.85714285714286,245.71428571428572,2605.714285714286,7.15109538186993,3804239.261572048
192.85714285714286,245.71428571428572,2771.4285714285716,7.1081181606315536,3805217.38041956
192.85714285714286,245.71428571428572,2937.1428571428573,7.06875942489343,3804735.4904164197
192.85714285714286,245.71428571428572,3102.857142857143,7.03261865615233,3803158.361930864
192.85714285714286,245.71428571428572,3268.571428571429,6.99934582692741,3800763.4269170775
192.85714285714286,245.71428571428572,3434.2857142857147,6.968635157888246,3797762.771485157
192.85714285714286,245.71428571428572,3600.0,6.940219347022437,3794319.2378638336
192.85714285714286,292.8571428571429,120.0,8.399720760488616,2387200.085177877
192.85714285714286,292.8571428571429,285.7142857142857,8.3412368746189,2606514.3530332427
192.85714285714286,292.8571428571429,451.42857142857144,8.24780131656943,2970862.369643623
192.85714285714286,292.8571428571429,617.1428571428571,8.137676177801602,3250043.1028189342
192.85714285714286,292.8571428571429,782.8571428571429,8.022754645060788,3456988.4424418164
192.85714285714286,292.8571428571429,948.5714285714287,7.910179952847335,3609513.484648924
192.85714285714286,292.8571428571429,1114.2857142857142,7.80380161208967,3721797.8310399577
192.85714285714286,292.8571428571429,1280.0,7.705345005289302,3804516.1541781747
192.85714285714286,292.8571428571429,1445.7142857142858,7.615283679787887,3865519.9526656084
192.85714285714286,292.8571428571429,1611.4285714285716,7.533412203436865,3910522.8830443933
192.85714285714286,292.8571428571429,1777.1428571428573,7.459192310976936,3943671.7218184425
192.85714285714286,292.8571428571429,1942.857142857143,7.3919506289904575,3967982.9213306457
192.85714285714286,292.8571428571429,2108.5714285714284,7.3309862211081365,3985662.1242860416
192.85714285714286,292.8571428571429,2274.285714285714,7.275625651937371,3998333.069336567
192.85714285714286,292.8571428571429,2440.0,7.225248427889449,4007200.145008415
192.85714285714286,292.8571428571429,2605.714285714286,7.179296202177104,4013163.65108764
192.85714285714286,292.8571428571429,2771.4285714285716,7.137273418934015,4016901.7551056975
192.85714285714286,292.8571428571429,2937.1428571428573,7.098743723074111,4018929.0783824855
192.85714285714286,292.8571428571429,3102.857142857143,7.063324530565507,4019638.8604117758
192.85714285714286,292.8571428571429,3268.571428571429,7.030681050540919,4019333.53449642
192.85714285714286,292.8571428571429,3434.2857142857147,7.000520426471195,4018247.075604602
192.85714285714286,292.8571428571429,3600.0,6.972586314590943,4016561.465366025
192.85714285714286,340.0,120.0,8.397657692053308,2579561.480948814
192.85714285714286,340.0,285.7142857142857,8.33789964637111,2749802.9152661217
192.85714285714286,340.0,451.42857142857144,8.245357962834051,3106986.6482296754
192.85714285714286,340.0,617.1428571428571,8.137642059323728,3387937.4034225894
192.85714285714286,340.0,782.8571428571429,8.02590110897699,3599537.2312484826
192.85714285714286,340.0,948.5714285714287,7.916753624899619,3757678.543603511
192.85714285714286,340.0,1114.2857142857142,7.81373603881621,3875745.9267268092
192.85714285714286,340.0,1280.0,7.718412268826348,3964052.8591194768
192.85714285714286,340.0,1445.7142857142858,7.631188430767392,4030290.581662617
192.85714285714286,340.0,1611.4285714285716,7.551844671493761,4080113.388811749
192.85714285714286,340.0,1777.1428571428573,7.479855654117661,4117660.338237771
192.85714285714286,340.0,1942.857142857143,7.414573375949783,4145965.9091111156
192.85714285714286,340.0,2108.5714285714284,7.35532651712191,4167265.542649733
192.85714285714286,340.0,2274.285714285714,7.301471248507179,4183217.000233341
192.85714285714286,340.0,2440.0,7.252414640852306,4195058.924019393
192.85714285714286,340.0,2605.714285714286,7.207623051826197,4203724.088721634
192.85714285714286,340.0,2771.4285714285716,7.16662258878841,4209920.452611076
192.85714285714286,340.0,2937.1428571428573,7.1289956516516595,4214189.443615399
192.85714285714286,340.0,3102.857142857143,7.094375774560503,4216948.145526409
192.85714285714286,340.0,3268.571428571429,7.062441964468243,4218520.056125325
192.85714285714286,340.0,3434.2857142857147,7.032913156518665,4219157.687665632
192.85714285714286,340.0,3600.0,7.005543082342956,4219059.304805514
192.85714285714286,387.14285714285717,120.0,8.395668211482791,2766337.920941309
192.85714285714286,387.14285714285717,285.7142857142857,8.334936237483975,2887181.6162166833
192.85714285714286,387.14285714285717,451.42857142857144,8.243413977292741,3236433.651920369
192.85714285714286,387.14285714285717,617.1428571428571,8.138045052319535,3518285.933485506
192.85714285714286,387.14285714285717,782.8571428571429,8.029309697786488,3733679.91024145
192.85714285714286,387.14285714285717,948.5714285714287,7.923368729311371,3896621.7643991746
192.85714285714286,387.14285714285717,1114.2857142857142,7.823488596639795,4019719.3328248314
192.85714285714286,387.14285714285717,1280.0,7.7310945532911886,4112932.8517163275
192.85714285714286,387.14285714285717,1445.7142857142858,7.646534851077225,4183794.2253880645
192.85714285714286,387.14285714285717,1611.4285714285716,7.569577271884663,4237895.001477194
192.85714285714286,387.14285714285717,1777.1428571428573,7.499707665669689,4279360.892116878
192.85714285714286,387.14285714285717,1942.857142857143,7.4363000237520716,4311237.902297252
192.85714285714286,387.14285714285717,2108.5714285714284,7.3787087968541565,4335784.711378542
192.85714285714286,387.14285714285717,2274.285714285714,7.326316027732784,4354686.920779918
192.85714285714286,387.14285714285717,2440.0,7.278552984602764,4369211.822444404
192.85714285714286,387.14285714285717,2605.714285714286,7.234907814772836,4380319.704781568
192.85714285714286,387.14285714285717,2771.4285714285716,7.194925825365917,4388743.9873424815
192.85714285714286,387.14285714285717,2937.1428571428573,7.158206120094087,4395049.159364106
192.85714285714286,387.14285714285717,3102.857142857143,7.1243966594087365,4399672.925207277
192.85714285714286,387.14285714285717,3268.571428571429,7.093188861023646,4402957.079348899
192.85714285714286,387.14285714285717,3434.2857142857147,7.064312319028651,4405170.296961835
192.85714285714286,387.14285714285717,3600.0,7.037529917786356,4406525.088134393
192.85714285714286,434.28571428571433,120.0,8.393752270678236,2947645.352646589
192.85714285714286,434.28571428571433,285.7142857142857,8.332278651783607,3019275.084867238
192.85714285714286,434.28571428571433,451.42857142857144,8.24183737308603,3360171.546014597
192.85714285714286,434.28571428571433,617.1428571428571,8.13871434190322,3642358.6533674505
192.85714285714286,434.28571428571433,782.8571428571429,8.032789102984546,3860951.718848457
192.85714285714286,434.28571428571433,948.5714285714287,7.929821626713286,4028111.872475269
192.85714285714286,434.28571428571433,1114.2857142857142,7.832844341312427,4155691.2708050334
192.85714285714286,434.28571428571433,1280.0,7.743162932444056,4253307.302163631
192.85714285714286,434.28571428571433,1445.7142857142858,7.661076008020961,4328336.093912671
192.85714285714286,434.28571428571433,1611.4285714285716,7.586341003288614,4386305.847386759
192.85714285714286,434.28571428571433,1777.1428571428573,7.518453784102167,4431326.050516332
192.85714285714286,434.28571428571433,1942.857142857143,7.456807736994679,4466450.296792205
192.85714285714286,434.28571428571433,2108.5714285714284,7.400780018610353,4493956.242800822
192.85714285714286,434.28571428571433,2274.285714285714,7.349775503512026,4515553.156166361
192.85714285714286,434.28571428571433,2440.0,7.303246868026165,4532533.099895074
192.85714285714286,434.28571428571433,2605.714285714286,7.260701594638757,4545880.38038777
192.85714285714286,434.28571428571433,2771.4285714285716,7.221702082327533,4556350.786024349
192.85714285714286,434.28571428571433,2937.1428571428573,7.185862354641775,4564529.162638511
192.85714285714286,434.28571428571433,3102.857142857143,7.152843301891432,4570871.485674504
192.85714285714286,434.28571428571433,3268.571428571429,7.122347503869349,4575735.8131731525
192.85714285714286,434.28571428571433,3434.2857142857147,7.094114174710185,4579405.226983499
192.85714285714286,434.28571428571433,3600.0,7.067914488326599,4582104.966131928
192.85714285714286,481.42857142857144,120.0,8.391909179668925,3123640.8074022764
192.85714285714286,481.42857142857144,285.7142857142857,8.329877204056693,3146601.7328572557
192.85714285714286,481.42857142857144,451.42857142857144,8.240540689482367,3478943.666326447
192.85714285714286,481.42857142857144,617.1428571428571,8.139548032713593,3761093.8871295773
192.85714285714286,481.42857142857144,782.8571428571429,8.036238857858445,3982463.1480371295
192.85714285714286,481.42857142857144,948.5714285714287,7.93602031683877,4153412.2338760337
192.85714285714286,481.42857142857144,1114.2857142857142,7.8417207407777605,4285060.283447712
192.85714285714286,481.42857142857144,1280.0,7.754542124826535,4386693.473276841
192.85714285714286,481.42857142857144,1445.7142857142858,7.674740344977363,4465537.11864412
192.85714285714286,481.42857142857144,1611.4285714285716,7.602064285872879,4527057.046599127
192.85714285714286,481.42857142857144,1777.1428571428573,7.536018970609844,4575345.257542285
192.85714285714286,481.42857142857144,1942.857142857143,7.4760151082130495,4613460.546679366
192.85714285714286,481.42857142857144,2108.5714285714284,7.421450066826548,4643696.7068877
192.85714285714286,481.42857142857144,2274.285714285714,7.3717490462435125,4667783.75874746
192.85714285714286,481.42857142857144,2440.0,7.326383805849923,4687035.754231976
192.85714285714286,481.42857142857144,2605.714285714286,7.284879096331674,4702458.463751744
192.85714285714286,481.42857142857144,2771.4285714285716,7.246812615363964,4714827.75435835
192.85714285714286,481.42857142857144,2937.1428571428573,7.211811773210093,4724746.80419802
192.85714285714286,481.42857142857144,3102.857142857143,7.179549090553804,4732688.086159498
192.85714285714286,481.42857142857144,3268.571428571429,7.149737213270083,4739024.375831976
192.85714285714286,481.42857142857144,3434.2857142857147,7.122124053521753,4744051.817849487
192.85714285714286,481.42857142857144,3600.0,7.096488299851252,4748007.21328267
192.85714285714286,528.5714285714286,120.0,8.390137725190156,3294501.0660335287
192.85714285714286,528.5714285714286,285.7142857142857,8.327694152998296,3269597.502731942
192.85714285714286,528.5714285714286,451.42857142857144,8.23946333262371,3593337.1488117888
192.85714285714286,528.5714285714286,617.1428571428571,8.140482986665306,3875209.1877935575
192.85714285714286,528.5714285714286,782.8571428571429,8.039606439795774,4099047.935898418
192.85714285714286,528.5714285714286,948.5714285714287,7.941928654972953,4273460.89458187
192.85714285714286,528.5714285714286,1114.2857142857142,7.850098839724423,4408857.612834931
192.85714285714286,528.5714285714286,1280.0,7.765228508176227,4514205.226423504
192.85714285714286,528.5714285714286,1445.7142857142858,7.687536578513068,4596583.915161519
192.85714285714286,528.5714285714286,1611.4285714285716,7.61676492030408,4661398.9953102805
192.85714285714286,528.5714285714286,1777.1428571428573,7.552427039357237,4712724.692163562
192.85714285714286,528.5714285714286,1942.857142857143,7.493949269402583,4753623.588453899
192.85714285714286,528.5714285714286,2108.5714285714284,7.44074712443525,4786403.685655974
192.85714285714286,528.5714285714286,2274.285714285714,7.392264037610593,4812813.669481218
192.85714285714286,528.5714285714286,2440.0,7.34798889740055,4834187.526786669
192.85714285714286,528.5714285714286,2605.714285714286,7.30746197376871,4851550.570142732
192.85714285714286,528.5714285714286,2771.4285714285716,7.2702747355087824,4865696.998649447
192.85714285714286,528.5714285714286,2937.1428571428573,7.236066664523765,4877246.763122786
192.85714285714286,528.5714285714286,3102.857142857143,7.204520789367306,4886687.456230711
192.85714285714286,528.5714285714286,3268.571428571429,7.175358868463525,4894405.3621464595
192.85714285714286,528.5714285714286,3434.2857142857147,7.1483367039329595,4900708.631333361
192.85714285714286,528.5714285714286,3600.0,7.123239814669486,4905844.704545089
192.85714285714286,575.7142857142858,120.0,8.388436291568286,3460411.6512443256
192.85714285714286,575.7142857142858,285.7142857142857,8.325699935391086,3388633.8799356935
192.85714285714286,575.7142857142858,451.42857142857144,8.238561750720336,3703826.8264230774
192.85714285714286,575.7142857142858,617.1428571428571,8.141478886918032,3985268.9372047223
192.85714285714286,575.7142857142858,782.8571428571429,8.042865519482843,4211351.34905808
192.85714285714286,575.7142857142858,948.5714285714287,7.947538928319433,4388976.705431559
192.85714285714286,575.7142857142858,1114.2857142857142,7.857990149102484,4527868.596561809
192.85714285714286,575.7142857142858,1280.0,7.775251250937361,4636687.39922134
192.85714285714286,575.7142857142858,1445.7142857142858,7.6995090183317325,4722374.143704768
192.85714285714286,575.7142857142858,1611.4285714285716,7.630499595430417,4790275.994208078
192.85714285714286,575.7142857142858,1777.1428571428573,7.567744412975528,4844449.711582866
192.85714285714286,575.7142857142858,1942.857142857143,7.510684010029731,4887960.878879732
192.85714285714286,575.7142857142858,2108.5714285714284,7.458750311130529,4923130.385125197
192.85714285714286,575.7142857142858,2274.285714285714,7.41140321755704,4951724.052792236
192.85714285714286,575.7142857142858,2440.0,7.368147090491144,4975094.250251245
192.85714285714286,575.7142857142858,2605.714285714286,7.3285362296989165,4994284.350108454
192.85714285714286,575.7142857142858,2771.4285714285716,7.292174567890432,5010105.518474717
192.85714285714286,575.7142857142858,2937.1428571428573,7.258712527728164,5023193.2479189485
192.85714285714286,575.7142857142858,3102.857142857143,7.227842675507524,5034049.155238561
192.85714285714286,575.7142857142858,3268.571428571429,7.199295053883515,5043072.065689336
192.85714285714286,575.7142857142858,3434.2857142857147,7.172832649307867,5050581.285252229
192.85714285714286,575.7142857142858,3600.0,7.148247210314186,5056834.148953094
192.85714285714286,622.8571428571429,120.0,8.386802968194162,3621560.579312604
192.85714285714286,622.8571428571429,285.7142857142857,8.32387081692631,3504031.2147887335
192.85714285714286,622.8571428571429,451.42857142857144,8.237803664707933,3810804.2994475784
192.85714285714286,622.8571428571429,617.1428571428571,8.142509372258777,4091727.4579424104
192.85714285714286,622.8571428571429,782.8571428571429,8.0460044055415,4319885.462572991
192.85714285714286,622.8571428571429,948.5714285714287,7.952857812731967,4500525.1036159955
192.85714285714286,622.8571428571429,1114.2857142857142,7.865420144795797,4642707.46836164
192.85714285714286,622.8571428571429,1280.0,7.78465329873006,4754798.31079671
192.85714285714286,622.8571428571429,1445.7142857142858,7.71071596890471,4843605.569238538
192.85714285714286,622.8571428571429,1611.4285714285716,7.643339648888464,4914420.872268388
192.85714285714286,622.8571428571429,1777.1428571428573,7.58205321594996,4971284.194576278
192.85714285714286,622.8571428571429,1942.857142857143,7.526310208644661,5017263.744640761
192.85714285714286,622.8571428571429,2108.5714285714284,7.475557486446038,5054692.391635037
192.85714285714286,622.8571428571429,2274.285714285714,7.4292699141388185,5085351.95658197
192.85714285714286,622.8571428571429,2440.0,7.386965909615622,5110611.99067569
192.85714285714286,622.8571428571429,2605.714285714286,7.348212524952929,5131532.75955696
192.85714285714286,622.8571428571429,2771.4285714285716,7.3126250317091595,5148941.307283133
192.85714285714286,622.8571428571429,2937.1428571428573,7.27986381645723,5163487.676797358
192.85714285714286,622.8571428571429,3102.857142857143,7.249630142104963,5175686.620191672
192.85714285714286,622.8571428571429,3268.571428571429,7.221661614610144,5185948.714362522
192.85714285714286,622.8571428571429,3434.2857142857147,7.195727788213861,5194603.723630427
192.85714285714286,622.8571428571429,3600.0,7.171626114133361,5201918.263592835
192.85714285714286,670.0,120.0,8.385235639342044,3778134.5711872703
192.85714285714286,670.0,285.7142857142857,8.3221873593012,3616068.6170059186
192.85714285714286,670.0,451.42857142857144,8.23716452288395,3914597.8301705346
192.85714285714286,670.0,617.1428571428571,8.143556889351144,4194957.598205402
192.85714285714286,670.0,782.8571428571429,8.049019676603809,4425065.230462934
192.85714285714286,670.0,948.5714285714287,7.957898973478663,4608560.649956123
192.85714285714286,670.0,1114.2857142857142,7.87241987439024,4753865.470580943
192.85714285714286,670.0,1280.0,7.793481944771625,4869062.660849114
192.85714285714286,670.0,1445.7142857142858,7.721219194112436,4960833.055121488
192.85714285714286,670.0,1611.4285714285716,7.655359358860761,5034415.475516114
192.85714285714286,670.0,1777.1428571428573,7.595438341910589,5093834.011761299
192.85714285714286,670.0,1942.857142857143,7.540921643516418,5142159.397704152
192.85714285714286,670.0,2108.5714285714284,7.491269790162843,5181735.86334404
192.85714285714286,670.0,2274.285714285714,7.4459713160299055,5214360.368729789
192.85714285714286,670.0,2440.0,7.404557475533578,5241418.706777183
192.85714285714286,670.0,2605.714285714286,7.366606969652481,5263987.100763051
192.85714285714286,670.0,2771.4285714285716,7.331745434509783,5282907.588316365
192.85714285714286,670.0,2937.1428571428573,7.299642372315534,5298843.950349224
192.85714285714286,670.0,3102.857142857143,7.270007010064296,5312323.340885011
192.85714285714286,670.0,3268.571428571429,7.242583887308156,5323767.433577417
192.85714285714286,670.0,3434.2857142857147,7.217148585915151,5333515.870163705
192.85714285714286,670.0,3600.0,7.193503796689934,5341844.0335145
192.85714285714286,717.1428571428572,120.0,8.383732056670844,3930316.667953474
192.85714285714286,717.1428571428572,285.7142857142857,8.320633380668907,3724991.4099481273
192.85714285714286,717.1428571428572,451.42857142857144,8.236625235750697,4015486.371359569
192.85714285714286,717.1428571428572,617.1428571428571,8.144609593831449,4295270.335909441
192.85714285714286,717.1428571428572,782.8571428571429,8.051912570855153,4527232.868710495
192.85714285714286,717.1428571428572,948.5714285714287,7.962679100546188,4713455.547175841
192.85714285714286,717.1428571428572,1114.2857142857142,7.879021671665652,4861742.952538089
192.85714285714286,717.1428571428572,1280.0,7.8017841899125875,4979906.717393161
192.85714285714286,717.1428571428572,1445.7142857142858,7.731078862987274,5074506.407831737
192.85714285714286,717.1428571428572,1611.4285714285716,7.666630412872208,5150730.791960183
192.85714285714286,717.1428571428572,1777.1428571428573,7.6079813912166685,5212589.106030602
192.85714285714286,717.1428571428572,1942.857142857143,7.554608357214087,5263154.693726954
192.85714285714286,717.1428571428572,2108.5714285714284,7.505984404958498,5304782.730683527
192.85714285714286,717.1428571428572,2274.285714285714,7.461610615875761,5339284.659612218
192.85714285714286,717.1428571428572,2440.0,7.421030021634168,5368061.765174306
192.85714285714286,717.1428571428572,2605.714285714286,7.383832012607151,5392205.466841837
192.85714285714286,717.1428571428572,2771.4285714285716,7.349651740579967,5412572.066588733
192.85714285714286,717.1428571428572,2937.1428571428573,7.318167082690192,5429838.407521583
192.85714285714286,717.1428571428572,3102.857142857143,7.289094588918354,5444543.431619801
192.85714285714286,717.1428571428572,3268.571428571429,7.262185179991041,5457119.3582541775
192.85714285714286,717.1428571428572,3434.2857142857147,7.237219990391111,5467915.215761598
192.85714285714286,717.1428571428572,3600.0,7.214006542266905,5477214.7191034695
192.85714285714286,764.2857142857143,120.0,8.38228989641883,4078284.7150721694
192.85714285714286,764.2857142857143,285.7142857142857,8.319195226809844,3831016.844663662
192.85714285714286,764.2857142857143,451.42857142857144,8.23617067905451,4113709.726854875
192.85714285714286,764.2857142857143,617.1428571428571,8.145659426239678,4392928.625794226
192.85714285714286,764.2857142857143,782.8571428571429,8.054686894986363,4626674.8500556
192.85714285714286,764.2857142857143,948.5714285714287,7.967215775828225,4815519.364952083
192.85714285714286,764.2857142857143,1114.2857142857142,7.885257008951344,4966671.469987529
192.85714285714286,764.2857142857143,1280.0,7.8096045531730125,5087682.475795124
192.85714285714286,764.2857142857143,1445.7142857142858,7.740351268954479,5184996.31664674
192.85714285714286,764.2857142857143,1611.4285714285716,7.6772194819465955,5263754.427316405
192.85714285714286,764.2857142857143,1777.1428571428573,7.619758050960043,5327952.292189353
192.85714285714286,764.2857142857143,1942.857142857143,7.5674538017466055,5380666.073235891
192.85714285714286,764.2857142857143,2108.5714285714284,7.51979143509773,5424261.623200288
192.85714285714286,764.2857142857143,2274.285714285714,7.47628359946778,5460564.36181164
192.85714285714286,764.2857142857143,2440.0,7.436484177889802,5490990.459978662
192.85714285714286,764.2857142857143,2605.714285714286,7.399992410422472,5516645.905082987
192.85714285714286,764.2857142857143,2771.4285714285716,7.366452220457008,5538400.654055969
192.85714285714286,764.2857142857143,2937.1428571428573,7.335549209711048,5556944.042700399
192.85714285714286,764.2857142857143,3102.857142857143,7.30700668722004,5572826.280365689
192.85714285714286,764.2857142857143,3268.571428571429,7.280581468023255,5586489.66271326
192.85714285714286,764.2857142857143,3434.2857142857147,7.2560598197482316,5598292.184966861
192.85714285714286,764.2857142857143,3600.0,7.233253734650737,5608525.520859019
192.85714285714286,811.4285714285714,120.0,8.38090680373359,4222210.416380538
192.85714285714286,811.4285714285714,285.7142857142857,8.317861245177992,3934338.557592412
192.85714285714286,811.4285714285714,451.42857142857144,8.235788674747358,4209476.088082674
192.85714285714286,811.4285714285714,617.1428571428571,8.14670088501947,4488157.436084897
192.85714285714286,811.4285714285714,782.8571428571429,8.057347795499368,4723634.069959959
192.85714285714286,811.4285714285714,948.5714285714287,7.971526340540875,4915013.05862239
192.85714285714286,811.4285714285714,1114.2857142857142,7.891155481375904,5068929.422955361
192.85714285714286,811.4285714285714,1280.0,7.816984151026433,5192684.7084035305
192.85714285714286,811.4285714285714,1445.7142857142858,7.749087963951432,5292612.630166501
192.85714285714286,811.4285714285714,1611.4285714285716,7.6871873649963485,5373809.945132713
192.85714285714286,811.4285714285714,1777.1428571428573,7.6308372078235855,5440259.518136229
192.85714285714286,811.4285714285714,1942.857142857143,7.57953388388659,5495040.6205828525
192.85714285714286,811.4285714285714,2108.5714285714284,7.532772854840412,5540529.620346487
192.85714285714286,811.4285714285714,2274.285714285714,7.490077474210175,5578565.522046335
192.85714285714286,811.4285714285714,2440.0,7.451011661980822,5610578.888356162
192.85714285714286,811.4285714285714,2605.714285714286,7.41518376863445,5637689.749914362
192.85714285714286,811.4285714285714,2771.4285714285716,7.382245833326445,5660781.203337209
192.85714285714286,811.4285714285714,2937.1428571428573,7.351890608307893,5680554.591660038
192.85714285714286,811.4285714285714,3102.857142857143,7.3238476631419624,5697570.945262457
192.85714285714286,811.4285714285714,3268.571428571429,7.297879276094723,5712282.231845768
192.85714285714286,811.4285714285714,3434.2857142857147,7.273776475909475,5725055.050807915
192.85714285714286,811.4285714285714,3600.0,7.251355404027723,5736188.711089509
192.85714285714286,858.5714285714287,120.0,8.379580426491593,4362258.7764649065
192.85714285714286,858.5714285714287,285.7142857142857,8.316621395684797,4035130.106224173
192.85714285714286,858.5714285714287,451.42857142857144,8.235469278889955,4302967.743375962
192.85714285714286,858.5714285714287,617.1428571428571,8.147730225586846,4581151.19045056
192.85714285714286,858.5714285714287,782.8571428571429,8.05990103143923,4818318.762506017
192.85714285714286,858.5714285714287,948.5714285714287,7.9756273174962935,5012159.172641274
192.85714285714286,858.5714285714287,1114.2857142857142,7.896744394279728,5168753.390277959
192.85714285714286,858.5714285714287,1280.0,7.823960432234546,5295163.290561116
192.85714285714286,858.5714285714287,1445.7142857142858,7.757335608234521,5397617.548299661
192.85714285714286,858.5714285714287,1611.4285714285716,7.696588917251559,5481170.81305945
192.85714285714286,858.5714285714287,1777.1428571428573,7.6412809204645145,5549794.4672449725
192.85714285714286,858.5714285714287,1942.857142857143,7.590916950983382,5606571.2370203165
192.85714285714286,858.5714285714287,2108.5714285714284,7.5450024820610375,5653887.921455746
192.85714285714286,858.5714285714287,2274.285714285714,7.503070809725734,5693596.804573008
192.85714285714286,858.5714285714287,2440.0,7.46469517039106,5727142.432875824
192.85714285714286,858.5714285714287,2605.714285714286,7.429492370513302,5755658.437461593
192.85714285714286,858.5714285714287,2771.4285714285716,7.397121983855015,5780040.614366985
192.85714285714286,858.5714285714287,2937.1428571428573,7.367283403937312,5801001.89581766
192.85714285714286,858.5714285714287,3102.857142857143,7.339712018020616,5819113.746763227
192.85714285714286,858.5714285714287,3268.571428571429,7.314175184156047,5834837.4554827055
192.85714285714286,858.5714285714287,3434.2857142857147,7.290468360826795,5848547.909168559
192.85714285714286,858.5714285714287,3600.0,7.26841155239676,5860551.768977535
192.85714285714286,905.7142857142858,120.0,8.378308440681396,4498587.813802069
192.85714285714286,905.7142857142858,285.7142857142857,8.315466956280872,4133547.8159978813
192.85714285714286,905.7142857142858,451.42857142857144,8.235204272334384,4394345.484566507
192.85714285714286,905.7142857142858,617.1428571428571,8.148744926713354,4672079.397834444
192.85714285714286,905.7142857142858,782.8571428571429,8.062352544408155,4910909.171179857
192.85714285714286,905.7142857142858,948.5714285714287,7.979534143575504,5107149.425014064
192.85714285714286,905.7142857142858,1114.2857142857142,7.902048669751688,5266346.5211181985
192.85714285714286,905.7142857142858,1280.0,7.8305672439698135,5395332.303378578
192.85714285714286,905.7142857142858,1445.7142857142858,7.7651361699155395,5500235.349341345
192.85714285714286,905.7142857142858,1611.4285714285716,7.7054733537377595,5586070.676189021
192.85714285714286,905.7142857142858,1777.1428571428573,7.651144798526889,5656799.308874733
192.85714285714286,905.7142857142858,1942.857142857143,7.601664220140053,5715507.807900725
192.85714285714286,905.7142857142858,2108.5714285714284,7.556546435910634,5764593.37710534
192.85714285714286,905.7142857142858,2274.285714285714,7.515334005996936,5805921.34132124
192.85714285714286,905.7142857142858,2440.0,7.477608842372343,5840949.8912963495
192.85714285714286,905.7142857142858,2605.714285714286,7.442995625109108,5870825.881301352
192.85714285714286,905.7142857142858,2771.4285714285716,7.4111609450390254,5896457.427099274
192.85714285714286,905.7142857142858,2937.1428571428573,7.3818103830022785,5918568.686862679
192.85714285714286,905.7142857142858,3102.857142857143,7.354684748796168,5937741.222564588
192.85714285714286,905.7142857142858,3268.571428571429,7.329556137696156,5954445.3348959265
192.85714285714286,905.7142857142858,3434.2857142857147,7.306224141522402,5969063.920594607
192.85714285714286,905.7142857142858,3600.0,7.28451237119308,5981910.743527732
192.85714285714286,952.8571428571429,120.0,8.377088569095987,4631348.464581889
192.85714285714286,952.8571428571429,285.7142857142857,8.314390295931984,4229733.103654956
192.85714285714286,952.8571428571429,451.42857142857144,8.234986788801873,4483752.06470599
192.85714285714286,952.8571428571429,617.1428571428571,8.149743328544398,4761090.987730527
192.85714285714286,952.8571428571429,782.8571428571429,8.06470820748705,5001562.632370426
192.85714285714286,952.8571428571429,948.5714285714287,7.983261075278431,5200150.451194208
192.85714285714286,952.8571428571429,1114.2857142857142,7.907090917389929,5361884.865677247
192.85714285714286,952.8571428571429,1280.0,7.836835055892541,5493376.884391012
192.85714285714286,952.8571428571429,1445.7142857142858,7.772527281200865,5600659.699225891
192.85714285714286,952.8571428571429,1611.4285714285716,7.713884713802936,5688711.069334459
192.85714285714286,952.8571428571429,1777.1428571428573,7.6604785522855945,5761482.764107866
192.85714285714286,952.8571428571429,1942.857142857143,7.611830392077503,5822065.578215053
192.85714285714286,952.8571428571429,2108.5714285714284,7.5674637968256615,5872867.136341622
192.85714285714286,952.8571428571429,2274.285714285714,7.526929984286759,5915765.617720992
192.85714285714286,952.8571428571429,2440.0,7.489818969161447,5952232.572367544
192.85714285714286,952.8571428571429,2605.714285714286,7.45576278444663,5983427.753497503
192.85714285714286,952.8571428571429,2771.4285714285716,7.4244345750199034,6010271.266398739
192.85714285714286,952.8571428571429,2937.1428571428573,7.395545702576528,6033498.177008054
192.85714285714286,952.8571428571429,3102.857142857143,7.3688420452988925,6053699.847191192
192.85714285714286,952.8571428571429,3268.571428571429,7.344100128368346,6071355.317797906
192.85714285714286,952.8571428571429,3434.2857142857147,7.321123410753672,6086855.248591887
192.85714285714286,952.8571428571429,3600.0,7.299738879444253,6100520.284585813
192.85714285714286,1000.0,120.0,8.375918594765931,4760684.620799926
192.85714285714286,1000.0,285.7142857142857,8.313384696594525,4323814.396009505
192.85714285714286,1000.0,451.42857142857144,8.234811038195586,4571314.95118807
192.85714285714286,1000.0,617.1428571428571,8.150724383114033,4848317.70168033
192.85714285714286,1000.0,782.8571428571429,8.066973682961715,5090417.513123358
192.85714285714286,1000.0,948.5714285714287,7.98682118935521,5291308.227091115
192.85714285714286,1000.0,1114.2857142857142,7.911891584162607,5455522.232080314
192.85714285714286,1000.0,1280.0,7.842791249418009,5589458.470984304
192.85714285714286,1000.0,1445.7142857142858,7.779542649901587,5699059.2375110295
192.85714285714286,1000.0,1611.4285714285716,7.721862375494718,5789267.305330291
192.85714285714286,1000.0,1777.1428571428573,7.669326590998341,5864026.260192882
192.85714285714286,1000.0,1942.857142857143,7.621464316304225,5926431.541115262
192.85714285714286,1000.0,2108.5714285714284,7.577807323545044,5978901.241146466
192.85714285714286,1000.0,2274.285714285714,7.537914943255101,6023326.248582509
192.85714285714286,1000.0,2440.0,7.501384778510112,6061191.231816025
192.85714285714286,1000.0,2605.714285714286,7.4678557476062295,6093668.562216294
192.85714285714286,1000.0,2771.4285714285716,7.437007133420967,6121690.045268773
192.85714285714286,1000.0,2937.1428571428573,7.408555713027219,6146001.373936224
192.85714285714286,1000.0,3102.857142857143,7.382252114295889,6167203.4465870885
192.85714285714286,1000.0,3268.571428571429,7.357877015519833,6185783.802068553
192.85714285714286,1000.0,3434.2857142857147,7.335237502845738,6202140.643317404
192.85714285714286,1000.0,3600.0,7.31416373135433,6216601.298470482
228.57142857142858,10.0,120.0,8.413173914309596,1171863.0477442525
228.57142857142858,10.0,285.7142857142857,8.385299374105074,1535286.8283574933
228.57142857142858,10.0,451.42857142857144,8.323996088352033,1819123.1567990752
228.57142857142858,10.0,617.1428571428571,8.242933784076063,1972025.4261377489
228.57142857142858,10.0,782.8571428571429,8.155139489317422,2046450.0883721516
228.57142857142858,10.0,948.5714285714287,8.069580151960642,2072305.6024614882
228.57142857142858,10.0,1114.2857142857142,7.99104984811427,2068775.657933276
228.57142857142858,10.0,1280.0,7.921366024055548,2048314.4115283822
228.57142857142858,10.0,1445.7142857142858,7.860644559251533,2018789.1473999075
228.57142857142858,10.0,1611.4285714285716,7.808189682923915,1985025.8952347008
228.57142857142858,10.0,1777.1428571428573,7.76300732504666,1949904.6682361562
228.57142857142858,10.0,1942.857142857143,7.724066106826577,1915091.7846180997
228.57142857142858,10.0,2108.5714285714284,7.6904138879693225,1881509.5905743092
228.57142857142858,10.0,2274.285714285714,7.661219147849177,1849630.4051389291
228.57142857142858,10.0,2440.0,7.6357763397544165,1819657.9802289305
228.57142857142858,10.0,2605.714285714286,7.613495757904493,1791638.695962297
228.57142857142858,10.0,2771.4285714285716,7.593888094535686,1765529.380366043
228.57142857142858,10.0,2937.1428571428573,7.576548415336194,1741238.4809876292
228.57142857142858,10.0,3102.857142857143,7.561141533925155,1718650.8834642929
228.57142857142858,10.0,3268.571428571429,7.54738943771516,1697642.6913288224
228.57142857142858,10.0,3434.2857142857147,7.535060811756804,1678089.8420419693
228.57142857142858,10.0,3600.0,7.523962458880528,1659872.94348439
228.57142857142858,57.142857142857146,120.0,8.409410076403278,1480016.8034014148
228.57142857142858,57.142857142857146,285.7142857142857,8.365223643357046,1844759.7268754172
228.57142857142858,57.142857142857146,451.42857142857144,8.27679209222618,2192575.185276032
228.57142857142858,57.142857142857146,617.1428571428571,8.16264379713153,2419001.9576210245
228.57142857142858,57.142857142857146,782.8571428571429,8.038684925993014,2563484.35822533
228.57142857142858,57.142857142857146,948.5714285714287,7.915593675749195,2652563.797093361
228.57142857142858,57.142857142857146,1114.2857142857142,7.799400350938081,2704287.642838821
228.57142857142858,57.142857142857146,1280.0,7.692865708851713,2731080.402868256
228.57142857142858,57.142857142857146,1445.7142857142858,7.5967765197887225,2741412.477517799
228.57142857142858,57.142857142857146,1611.4285714285716,7.5108580522804775,2741001.5937382053
228.57142857142858,57.142857142857146,1777.1428571428573,7.434333680604551,2733685.1281879526
228.57142857142858,57.142857142857146,1942.857142857143,7.36624023331628,2722032.018934797
228.57142857142858,57.142857142857146,2108.5714285714284,7.30559362730765,2707760.4079705086
228.57142857142858,57.142857142857146,2274.285714285714,7.251468703777889,2692018.2734812824
228.57142857142858,57.142857142857146,2440.0,7.203032177267516,2675570.7295950716
228.57142857142858,57.142857142857146,2605.714285714286,7.159551114868027,2658924.9135986585
228.57142857142858,57.142857142857146,2771.4285714285716,7.1203894134838785,2642413.47305504
228.57142857142858,57.142857142857146,2937.1428571428573,7.084999010959876,2626250.634346476
228.57142857142858,57.142857142857146,3102.857142857143,7.052909353469028,2610570.0687672794
228.57142857142858,57.142857142857146,3268.571428571429,7.023716875549976,2595450.616804358
228.57142857142858,57.142857142857146,3434.2857142857147,6.9970752971039545,2580933.8638875657
228.57142857142858,57.142857142857146,3600.0,6.972687040835221,2567036.2107083458
228.57142857142858,104.28571428571429,120.0,8.40619839351275,1775459.3582394673
228.57142857142858,104.28571428571429,285.7142857142857,8.354490729581144,2104524.1791847167
228.57142857142858,104.28571428571429,451.42857142857144,8.25860456760222,2469836.724403058
228.57142857142858,104.28571428571429,617.1428571428571,8.138303754135896,2722851.852390206
228.57142857142858,104.28571428571429,782.8571428571429,8.009060878446308,2894642.7580010323
228.57142857142858,104.28571428571429,948.5714285714287,7.880941361607427,3009395.6978272498
228.57142857142858,104.28571428571429,1114.2857142857142,7.759602252680649,3084313.0086120493
228.57142857142858,104.28571428571429,1280.0,7.647674502739503,3131593.928819618
228.57142857142858,104.28571428571429,1445.7142857142858,7.545962095365114,3159790.386078495
228.57142857142858,104.28571428571429,1611.4285714285716,7.454271635815582,3174846.2840776416
228.57142857142858,104.28571428571429,1777.1428571428573,7.371922531905979,3180878.5127634085
228.57142857142858,104.28571428571429,1942.857142857143,7.298038669569319,3180739.5928998096
228.57142857142858,104.28571428571429,2108.5714285714284,7.231705484673389,3176411.224978831
228.57142857142858,104.28571428571429,2274.285714285714,7.172048791591274,3169275.171339556
228.57142857142858,104.28571428571429,2440.0,7.118269918971558,3160298.464924247
228.57142857142858,104.28571428571429,2605.714285714286,7.069657342853183,3150159.9572269474
228.57142857142858,104.28571428571429,2771.4285714285716,7.025586270462315,3139337.048531718
228.57142857142858,104.28571428571429,2937.1428571428573,6.9855125218223195,3128165.4411065187
228.57142857142858,104.28571428571429,3102.857142857143,6.948964140097156,3116880.572855743
228.57142857142858,104.28571428571429,3268.571428571429,6.915532522247047,3105646.550315517
228.57142857142858,104.28571428571429,3434.2857142857147,6.884863953109103,3094576.4976372314
228.57142857142858,104.28571428571429,3600.0,6.856651931254447,3083746.9690190433
228.57142857142858,151.42857142857144,120.0,8.403240590396335,2047634.52679351
228.57142857142858,151.42857142857144,285.7142857142857,8.346936794501906,2327592.888176656
228.57142857142858,151.42857142857144,451.42857142857144,8.248542373650814,2695757.917646664
228.57142857142858,151.42857142857144,617.1428571428571,8.127967313817589,2961578.9302794747
228.57142857142858,151.42857142857144,782.8571428571429,7.999767563003847,3148498.870041394
228.57142857142858,151.42857142857144,948.5714285714287,7.8731680550875485,3278399.318351338
228.57142857142858,151.42857142857144,1114.2857142857142,7.753295246196963,3367563.725506097
228.57142857142858,151.42857142857144,1280.0,7.642518574838181,3427826.277838375
228.57142857142858,151.42857142857144,1445.7142857142858,7.541552828812748,3467644.2928839684
228.57142857142858,151.42857142857144,1611.4285714285716,7.450208385834894,3493002.8742998308
228.57142857142858,151.42857142857144,1777.1428571428573,7.367850854776124,3508123.373937077
228.57142857142858,151.42857142857144,1942.857142857143,7.293664530696082,3515986.3424648964
228.57142857142858,151.42857142857144,2108.5714285714284,7.226795283829001,3518704.0801643003
228.57142857142858,151.42857142857144,2274.285714285714,7.1664231503263505,3517781.1809602994
228.57142857142858,151.42857142857144,2440.0,7.111795399847994,3514295.340385208
228.57142857142858,151.42857142857144,2605.714285714286,7.062238124393338,3509022.686960271
228.57142857142858,151.42857142857144,2771.4285714285716,7.017156650594765,3502524.9073547795
228.57142857142858,151.42857142857144,2937.1428571428573,6.976030536604668,3495210.1297815633
228.57142857142858,151.42857142857144,3102.857142857143,6.938406305202314,3487375.7502121693
228.57142857142858,151.42857142857144,3268.571428571429,6.903889585681015,3479238.776484134
228.57142857142858,151.42857142857144,3434.2857142857147,6.872137508931212,3470957.490670908
228.57142857142858,151.42857142857144,3600.0,6.842851743266606,3462647.030120908
228.57142857142858,198.57142857142858,120.0,8.400476822442664,2301603.509327668
228.57142857142858,198.57142857142858,285.7142857142857,8.341100635003256,2526860.374827985
228.57142857142858,198.57142857142858,451.42857142857144,8.242176110260553,2891528.847923445
228.57142857142858,198.57142857142858,617.1428571428571,8.123275529472485,3164162.608164451
228.57142857142858,198.57142857142858,782.8571428571429,7.997983851720506,3360860.70698161
228.57142857142858,198.57142857142858,948.5714285714287,7.874732780611627,3501219.230753592
228.57142857142858,198.57142857142858,1114.2857142857142,7.758154162124689,3600579.981464932
228.57142857142858,198.57142857142858,1280.0,7.650363357333721,3670364.918218783
228.57142857142858,198.57142857142858,1445.7142857142858,7.55197488609606,3718873.759479491
228.57142857142858,198.57142857142858,1611.4285714285716,7.462784806879872,3752063.851095525
228.57142857142858,198.57142857142858,1777.1428571428573,7.3821869285061235,3774193.5793092973
228.57142857142858,198.57142857142858,1942.857142857143,7.309411263237826,3788309.936509315
228.57142857142858,198.57142857142858,2108.5714285714284,7.243653610661834,3796601.8953056126
228.57142857142858,198.57142857142858,2274.285714285714,7.184141650331511,3800650.892755796
228.57142857142858,198.57142857142858,2440.0,7.130165250371164,3801606.704913865
228.57142857142858,198.57142857142858,2605.714285714286,7.081087246490703,3800310.683462603
228.57142857142858,198.57142857142858,2771.4285714285716,7.036343995377923,3797382.3138205754
228.57142857142858,198.57142857142858,2937.1428571428573,6.995440926587825,3793280.3144889344
228.57142857142858,198.57142857142858,3102.857142857143,6.9579459666425825,3788346.0453707483
228.57142857142858,198.57142857142858,3268.571428571429,6.923482371723853,3782834.5719904765
228.57142857142858,198.57142857142858,3434.2857142857147,6.891721752803386,3776937.0655493406
228.57142857142858,198.57142857142858,3600.0,6.862377659292447,3770797.0795522514
228.57142857142858,245.71428571428572,120.0,8.397880264447497,2540709.090777463
228.57142857142858,245.71428571428572,285.7142857142857,8.336360269950971,2709044.872175909
228.57142857142858,245.71428571428572,451.42857142857144,8.237832581138543,3067066.620342818
228.57142857142858,245.71428571428572,617.1428571428571,8.121304984411816,3343426.641602552
228.57142857142858,245.71428571428572,782.8571428571429,7.999447256907748,3547078.356391047
228.57142857142858,245.71428571428572,948.5714285714287,7.879992566048701,3695365.6121114497
228.57142857142858,245.71428571428572,1114.2857142857142,7.76714426876492,3802694.01485832
228.57142857142858,245.71428571428572,1280.0,7.662795986813988,3880062.19531627
228.57142857142858,245.71428571428572,1445.7142857142858,7.567471444380177,3935589.466698405
228.57142857142858,245.71428571428572,1611.4285714285716,7.480949732731582,3975176.5114672203
228.57142857142858,245.71428571428572,1777.1428571428573,7.402645177737192,4003088.2634489518
228.57142857142858,245.71428571428572,1942.857142857143,7.331824687801465,4022408.939094103
228.57142857142858,245.71428571428572,2108.5714285714284,7.2677258776218885,4035377.699718046
228.57142857142858,245.71428571428572,2274.285714285714,7.209617361202549,4043629.6226594853
228.57142857142858,245.71428571428572,2440.0,7.15682642310768,4048366.660062685
228.57142857142858,245.71428571428572,2605.714285714286,7.10874885262879,4050478.5315156644
228.57142857142858,245.71428571428572,2771.4285714285716,7.064849412879201,4050628.3565667747
228.57142857142858,245.71428571428572,2937.1428571428573,7.024657711688466,4049313.588986219
228.57142857142858,245.71428571428572,3102.857142857143,6.987762104105512,4046909.6470856443
228.57142857142858,245.71428571428572,3268.571428571429,6.953803037854976,4043701.3774922895
228.57142857142858,245.71428571428572,3434.2857142857147,6.922466565526291,4039905.91712988
228.57142857142858,245.71428571428572,3600.0,6.893478364236719,4035689.433044591
228.57142857142858,292.8571428571429,120.0,8.395434291263747,2767175.3571194606
228.57142857142858,292.8571428571429,285.7142857142857,8.332387775032581,2878101.722808492
228.57142857142858,292.8571428571429,451.42857142857144,8.234723913320746,3227842.057082015
228.57142857142858,292.8571428571429,617.1428571428571,8.12078503934875,3506189.3508457392
228.57142857142858,292.8571428571429,782.8571428571429,8.002409661413594,3715137.425543043
228.57142857142858,292.8571428571429,948.5714285714287,7.88672620948623,3869826.4912697733
228.57142857142858,292.8571428571429,1114.2857142857142,7.777572808247443,3983746.499341113
228.57142857142858,292.8571428571429,1280.0,7.676654466915151,4067477.679701262
228.57142857142858,292.8571428571429,1445.7142857142858,7.584416999585102,4128953.1736027366
228.57142857142858,292.8571428571429,1611.4285714285716,7.500624083755976,4174005.0039235414
228.57142857142858,292.8571428571429,1777.1428571428573,7.424706686303758,4206889.8888697615
228.57142857142858,292.8571428571429,1942.857142857143,7.355962698989489,4230713.99444985
228.57142857142858,292.8571428571429,2108.5714285714284,7.2936653606129305,4247752.160046256
228.57142857142858,292.8571428571429,2274.285714285714,7.23711856050077,4259679.967863966
228.57142857142858,292.8571428571429,2440.0,7.185682172597415,4267739.995560384
228.57142857142858,292.8571428571429,2605.714285714286,7.138780990035493,4272860.352988159
228.57142857142858,292.8571428571429,2771.4285714285716,7.095905039910537,4275739.267937592
228.57142857142858,292.8571428571429,2937.1428571428573,7.056605660623013,4276905.690047644
228.57142857142858,292.8571428571429,3102.857142857143,7.02048976341577,4276762.969298827
228.57142857142858,292.8571428571429,3268.571428571429,6.987213580419649,4275620.5547982035
228.57142857142858,292.8571428571429,3434.2857142857147,6.956476568817499,4273717.171218543
228.57142857142858,292.8571428571429,3600.0,6.92801578750506,4271237.893772548
228.57142857142858,340.0,120.0,8.39312650934956,2982588.9180565802
228.57142857142858,340.0,285.7142857142857,8.328987116624209,3036595.4201114583
228.57142857142858,340.0,451.42857142857144,8.232426962549184,3377226.9008595836
228.57142857142858,340.0,617.1428571428571,8.121087734980811,3656531.1948645785
228.57142857142858,340.0,782.8571428571429,8.006062815423865,3869733.4947644807
228.57142857142858,340.0,948.5714285714287,7.893958046713626,4029829.8748838743
228.57142857142858,340.0,1114.2857142857142,7.788300269780414,4149423.081004738
228.57142857142858,340.0,1280.0,7.69063460022179,4238687.356449974
228.57142857142858,340.0,1445.7142857142858,7.601340944565162,4305371.782842738
228.57142857142858,340.0,1611.4285714285716,7.5201700558079665,4355235.687342259
228.57142857142858,340.0,1777.1428571428573,7.446567257558288,4392520.3700841125
228.57142857142858,340.0,1942.857142857143,7.379857131655518,4420345.508862473
228.57142857142858,340.0,2108.5714285714284,7.319343720203985,4441013.08307972
228.57142857142858,340.0,2274.285714285714,7.264361566242958,4456231.143319734
228.57142857142858,340.0,2440.0,7.214299020717669,4467275.631036465
228.57142857142858,340.0,2605.714285714286,7.1686063699819185,4475106.643298021
228.57142857142858,340.0,2771.4285714285716,7.1267959828063026,4480451.954077304
228.57142857142858,340.0,2937.1428571428573,7.088438534800327,4483867.220914595
228.57142857142858,340.0,3102.857142857143,7.053157554715043,4485779.625292093
228.57142857142858,340.0,3268.571428571429,7.020623501029553,4486519.716893094
228.57142857142858,340.0,3434.2857142857147,6.990547990918166,4486344.819850672
228.57142857142858,340.0,3600.0,6.962678475909703,4485456.366695919
228.57142857142858,387.14285714285717,120.0,8.390946679912007,3188151.8514808347
228.57142857142858,387.14285714285717,285.7142857142857,8.326030747133519,3186310.0905527705
228.57142857142858,387.14285714285717,451.42857142857144,8.230693003233286,3517467.776896566
228.57142857142858,387.14285714285717,617.1428571428571,8.121874687071386,3797103.6384710367
228.57142857142858,387.14285714285717,782.8571428571429,8.01000394429235,4013872.129505821
228.57142857142858,387.14285714285717,948.5714285714287,7.901233417016801,4178691.322319963
228.57142857142858,387.14285714285717,1114.2857142857142,7.79882323562942,4303309.056225593
228.57142857142858,387.14285714285717,1280.0,7.7041824068087426,4397509.417568475
228.57142857142858,387.14285714285717,1445.7142857142858,7.617635132873776,4468863.2894020425
228.57142857142858,387.14285714285717,1611.4285714285716,7.5389216799111765,4523057.246033607
228.57142857142858,387.14285714285717,1777.1428571428573,7.467500190380972,4564313.892629248
228.57142857142858,387.14285714285717,1942.857142857143,7.40271864440229,4595761.632885069
228.57142857142858,387.14285714285717,2108.5714285714284,7.343908050678626,4619724.309499999
228.57142857142858,387.14285714285717,2274.285714285714,7.290429834824228,4637937.2391869705
228.57142857142858,387.14285714285717,2440.0,7.2416973950594405,4651704.885232301
228.57142857142858,387.14285714285717,2605.714285714286,7.197183520062425,4662014.971721018
228.57142857142858,387.14285714285717,2771.4285714285716,7.156420375649067,4669620.969878453
228.57142857142858,387.14285714285717,2937.1428571428573,7.118995842168753,4675101.88866862
228.57142857142858,387.14285714285717,3102.857142857143,7.084548295567106,4678905.835382603
228.57142857142858,387.14285714285717,3268.571428571429,7.052760959600019,4681381.955196025
228.57142857142858,387.14285714285717,3434.2857142857147,7.023356409899075,4682804.016267089
228.57142857142858,387.14285714285717,3600.0,6.996091504611214,4683387.9547894085
228.57142857142858,434.28571428571433,120.0,8.388885869656715,3384817.935231931
228.57142857142858,434.28571428571433,285.7142857142857,8.323430441207558,3328553.697406791
228.57142857142858,434.28571428571433,451.42857142857144,8.229365756940128,3650150.192474675
228.57142857142858,434.28571428571433,617.1428571428571,8.122951848523998,3929737.1611497635
228.57142857142858,434.28571428571433,782.8571428571429,8.014022910641613,4149601.1010096367
228.57142857142858,434.28571428571433,948.5714285714287,7.908336397447439,4318651.644075386
228.57142857142858,434.28571428571433,1114.2857142857142,7.808922303269201,4447815.529796538
228.57142857142858,434.28571428571433,1280.0,7.717072988192043,4546503.862520518
228.57142857142858,434.28571428571433,1445.7142857142858,7.633065376831077,4622116.916641122
228.57142857142858,434.28571428571433,1611.4285714285716,7.556631363302735,4680270.495310534
228.57142857142858,434.28571428571433,1777.1428571428573,7.4872407617323775,4725167.372347126
228.57142857142858,434.28571428571433,1942.857142857143,7.424262330110475,4759941.963143001
228.57142857142858,434.28571428571433,2108.5714285714284,7.367050931370325,4786936.598594819
228.57142857142858,434.28571428571433,2274.285714285714,7.3149917726404,4807910.346099062
228.57142857142858,434.28571428571433,2440.0,7.267520443911641,4824192.812414643
228.57142857142858,434.28571428571433,2605.714285714286,7.224129715327987,4836796.240667764
228.57142857142858,434.28571428571433,2771.4285714285716,7.184369378017223,4846497.012527925
228.57142857142858,434.28571428571433,2937.1428571428573,7.147842673337297,4853895.0282934485
228.57142857142858,434.28571428571433,3102.857142857143,7.114201272925462,4859457.170026205
228.57142857142858,434.28571428571433,3268.571428571429,7.083139866955871,4863549.308199963
228.57142857142858,434.28571428571433,3434.2857142857147,7.054390905193876,4866460.033983158
228.57142857142858,434.28571428571433,3600.0,7.027719748278803,4868418.38405775
228.57142857142858,481.42857142857144,120.0,8.386936059977959,3573370.5163179454
228.57142857142858,481.42857142857144,285.7142857142857,8.321122290554737,3464324.0999917276
228.57142857142858,481.42857142857144,451.42857142857144,8.228341839648445,3776443.2629409316
228.57142857142858,481.42857142857144,617.1428571428571,8.124202665035119,4055755.4111123006
228.57142857142858,481.42857142857144,782.8571428571429,8.018007597251703,4278384.016710483
228.57142857142858,481.42857142857144,948.5714285714287,7.915167391516125,4451301.030212585
228.57142857142858,481.42857142857144,1114.2857142857142,7.818511985882128,4584646.042119286
228.57142857142858,481.42857142857144,1280.0,7.7292330218766905,4687474.605415291
228.57142857142858,481.42857142857144,1445.7142857142858,7.647567052380896,4767024.66547894
228.57142857142858,481.42857142857144,1611.4285714285716,7.57323935453679,4828844.268553277
228.57142857142858,481.42857142857144,1777.1428571428573,7.5057304945888745,4877116.421532165
228.57142857142858,481.42857142857144,1942.857142857143,7.444427865825942,4914980.064667156
228.57142857142858,481.42857142857144,2108.5714285714284,7.388707619342156,4944793.807354059
228.57142857142858,481.42857142857144,2274.285714285714,7.337976168049315,4968338.0103910295
228.57142857142858,481.42857142857144,2440.0,7.291688904277759,4986964.979911971
228.57142857142858,481.42857142857144,2605.714285714286,7.249356454056696,5001709.18049857
228.57142857142858,481.42857142857144,2771.4285714285716,7.210544388069341,5013367.812655249
228.57142857142858,481.42857142857144,2937.1428571428573,7.174869728760131,5022559.800344098
228.57142857142858,481.42857142857144,3102.857142857143,7.1419961025514125,5029769.152345403
228.57142857142858,481.42857142857144,3268.571428571429,7.11162853347923,5035377.02060902
228.57142857142858,481.42857142857144,3434.2857142857147,7.083508391195634,5039685.55967148
228.57142857142858,481.42857142857144,3600.0,7.057408735498504,5042935.810074177
228.57142857142858,528.5714285714286,120.0,8.385089946559678,3754469.7544060675
228.57142857142858,528.5714285714286,285.7142857142857,8.319058311378315,3594406.5297450474
228.57142857142858,528.5714285714286,451.42857142857144,8.227549989694793,3897239.241795009
228.57142857142858,528.5714285714286,617.1428571428571,8.125554633512044,4176151.1330990335
228.57142857142858,528.5714285714286,782.8571428571429,8.021898312561115,4401307.261067188
228.57142857142858,528.5714285714286,948.5714285714287,7.921685766745709,4577812.352878856
228.57142857142858,528.5714285714286,1114.2857142857142,7.827571762914912,4715052.156504831
228.57142857142858,528.5714285714286,1280.0,7.740660325649927,4821743.781215569
228.57142857142858,528.5714285714286,1445.7142857142858,7.661153301294851,4904971.263309966
228.57142857142858,528.5714285714286,1611.4285714285716,7.588770780341209,4970218.394462079
228.57142857142858,528.5714285714286,1777.1428571428573,7.52300330828793,5021649.159149421
228.57142857142858,528.5714285714286,1942.857142857143,7.46325512657595,5062406.285788718
228.57142857142858,528.5714285714286,2108.5714285714284,7.40892152935443,5094863.19508346
228.57142857142858,528.5714285714286,2274.285714285714,7.359427973880105,5120819.776186781
228.57142857142858,528.5714285714286,2440.0,7.314247640553542,5141649.213160963
228.57142857142858,528.5714285714286,2605.714285714286,7.272907210432314,5158406.442206531
228.57142857142858,528.5714285714286,2771.4285714285716,7.234986461588167,5171907.866255014
228.57142857142858,528.5714285714286,2937.1428571428573,7.200114844240345,5182789.9740116345
228.57142857142858,528.5714285714286,3102.857142857143,7.16796678428862,5191552.602762302
228.57142857142858,528.5714285714286,3268.571428571429,7.138256657915043,5198591.040763664
228.57142857142858,528.5714285714286,3434.2857142857147,7.110733922322433,5204220.001008595
228.57142857142858,528.5714285714286,3600.0,7.085178631240559,5208691.648600252
228.57142857142858,575.7142857142858,120.0,8.383340824202325,3928682.8845914393
228.57142857142858,575.7142857142858,285.7142857142857,8.317201434200518,3719434.26746965
228.57142857142858,575.7142857142858,451.42857142857144,8.226939411468207,4013238.128074567
228.57142857142858,575.7142857142858,617.1428571428571,8.126961450940446,4291691.122148264
228.57142857142858,575.7142857142858,782.8571428571429,8.02566442612731,4519202.221790139
228.57142857142858,575.7142857142858,948.5714285714287,7.927881385735408,4699078.111094856
228.57142857142858,575.7142857142858,1114.2857142857142,7.836112663199927,4839982.912757161
228.57142857142858,575.7142857142858,1280.0,7.751385518590673,4950311.776201578
228.57142857142858,575.7142857142858,1445.7142857142858,7.673871760853573,5037003.0968682915
228.57142857142858,575.7142857142858,1611.4285714285716,7.6032874517453015,5105480.099843434
228.57142857142858,575.7142857142858,1777.1428571428573,7.539132446357743,5159888.872073708
228.57142857142858,575.7142857142858,1942.857142857143,7.480826320401559,5203375.661735144
228.57142857142858,575.7142857142858,2108.5714285714284,7.427781696411119,5238327.721556437
228.57142857142858,575.7142857142858,2274.285714285714,7.379441244404185,5266563.172632347
228.57142857142858,575.7142857142858,2440.0,7.33529422114649,5289474.685447297
228.57142857142858,575.7142857142858,2605.714285714286,7.294881827134681,5308136.301667829
228.57142857142858,575.7142857142858,2771.4285714285716,7.25779670215842,5323382.346826243
228.57142857142858,575.7142857142858,2937.1428571428573,7.223679561175663,5335865.707586067
228.57142857142858,575.7142857142858,3102.857142857143,7.192214632479233,5346101.003463878
228.57142857142858,575.7142857142858,3268.571428571429,7.163124793403822,5354496.7303488385
228.57142857142858,575.7142857142858,3434.2857142857147,7.136166863929685,5361379.340513131
228.57142857142858,575.7142857142858,3600.0,7.111127274773721,5367011.403624278
228.57142857142858,622.8571428571429,120.0,8.381682512172064,4096504.563405524
228.57142857142858,622.8571428571429,285.7142857142857,8.315522351684784,3839928.280260243
228.57142857142858,622.8571428571429,451.42857142857144,8.22647287448197,4125001.5989259994
228.57142857142858,622.8571428571429,617.1428571428571,8.128392976973592,4402982.12163477
228.57142857142858,622.8571428571429,782.8571428571429,8.029291808063993,4632721.327088573
228.57142857142858,622.8571428571429,948.5714285714287,7.933759863226579,4815795.1411817
228.57142857142858,622.8571428571429,1114.2857142857142,7.844160456590546,4960176.953883541
228.57142857142858,622.8571428571429,1280.0,7.761453142046275,5073955.6694117375
228.57142857142858,622.8571428571429,1445.7142857142858,7.685783563525425,5163932.007267084
228.57142857142858,622.8571428571429,1611.4285714285716,7.616864690083704,5235472.329625439
228.57142857142858,622.8571428571429,1777.1428571428573,7.554205094684716,5292706.153849434
228.57142857142858,622.8571428571429,1942.857142857143,7.497238388916356,5338783.275394108
228.57142857142858,622.8571428571429,2108.5714285714284,7.4453929725794525,5376104.128387199
228.57142857142858,622.8571428571429,2274.285714285714,7.398127162270654,5406504.095895033
228.57142857142858,622.8571428571429,2440.0,7.354944824912855,5431394.249140754
228.57142857142858,622.8571428571429,2605.714285714286,7.315400361940739,5451866.64602516
228.57142857142858,622.8571428571429,2771.4285714285716,7.27909811621599,5468772.500448654
228.57142857142858,622.8571428571429,2937.1428571428573,7.24568906300334,5482780.145267194
228.57142857142858,622.8571428571429,3102.857142857143,7.214866369114559,5494418.122720319
228.57142857142858,622.8571428571429,3268.571428571429,7.186360673274828,5504107.369134763
228.57142857142858,622.8571428571429,3434.2857142857147,7.1599355260349835,5512185.396166702
228.57142857142858,622.8571428571429,3600.0,7.135383195054135,5518924.5780837815
228.57142857142858,670.0,120.0,8.380109299996054,4258371.1428749105
228.57142857142858,670.0,285.7142857142857,8.313997447806624,3956324.1755175046
228.57142857142858,670.0,451.42857142857144,8.226122442454663,4232988.839788851
228.57142857142858,670.0,617.1428571428571,8.129829344169137,4510513.984931204
228.57142857142858,670.0,782.8571428571429,8.032775817527506,4742387.420865126
228.57142857142858,670.0,948.5714285714287,7.939334696229238,4928519.334479346
228.57142857142858,670.0,1114.2857142857142,7.851747008750028,5076221.843395078
228.57142857142858,670.0,1280.0,7.770912221907462,5193292.4947813
228.57142857142858,670.0,1445.7142857142858,7.696953048238031,5286401.920740331
228.57142857142858,670.0,1611.4285714285716,7.629580121582707,5360863.244973083
228.57142857142858,670.0,1777.1428571428573,7.56831020312896,5420790.839405819
228.57142857142858,670.0,1942.857142857143,7.512589815307613,5469338.261846416
228.57142857142858,670.0,2108.5714285714284,7.461861797213457,5508918.703034031
228.57142857142858,670.0,2274.285714285714,7.415598761626052,5541384.07099139
228.57142857142858,670.0,2440.0,7.373317920145425,5568162.975107813
228.57142857142858,670.0,2605.714285714286,7.33458573520617,5590364.605307477
228.57142857142858,670.0,2771.4285714285716,7.299017248906253,5608856.213413284
228.57142857142858,670.0,2937.1428571428573,7.2662728245495405,5624320.788958928
228.57142857142858,670.0,3102.857142857143,7.236053815379936,5637300.079289265
228.57142857142858,670.0,3268.571428571429,7.2080979757880455,5648226.8173545385
228.57142857142858,670.0,3434.2857142857147,7.182175033559101,5657449.001248099
228.57142857142858,670.0,3600.0,7.158082619312714,5665248.302447041
228.57142857142858,717.1428571428572,120.0,8.378615904327468,4414671.063725571
228.57142857142858,717.1428571428572,285.7142857142857,8.312607387282204,4068991.161318674
228.57142857142858,717.1428571428572,451.42857142857144,8.225866729285851,4337581.1896748245
228.57142857142858,717.1428571428572,617.1428571428571,8.131257376814107,4614688.96716247
228.57142857142858,717.1428571428572,782.8571428571429,8.036117271979537,4848627.001355593
228.57142857142858,717.1428571428572,948.5714285714287,7.944622981826253,5037702.291482292
228.57142857142858,717.1428571428572,1114.2857142857142,7.858905805266846,5188593.681973032
228.57142857142858,717.1428571428572,1280.0,7.77981157841012,5308821.417567188
228.57142857142858,717.1428571428572,1445.7142857142858,7.707442801345604,5404933.226535225
228.57142857142858,717.1428571428572,1611.4285714285716,7.641508387064704,5482192.48785508
228.57142857142858,717.1428571428572,1777.1428571428573,7.581532806680897,5544699.883340753
228.57142857142858,717.1428571428572,1942.857142857143,7.5269745101666485,5595613.066128056
228.57142857142858,717.1428571428572,2108.5714285714284,7.477289612437433,5637357.716450561
228.57142857142858,717.1428571428572,2274.285714285714,7.431963849263066,5671801.699990224
228.57142857142858,717.1428571428572,2440.0,7.390526676908401,5700390.468094973
228.57142857142858,717.1428571428572,2605.714285714286,7.352555626698347,5724249.613661711
228.57142857142858,717.1428571428572,2771.4285714285716,7.317675564891868,5744261.716547521
228.57142857142858,717.1428571428572,2937.1428571428573,7.285555481033769,5761123.758529355
228.57142857142858,717.1428571428572,3102.857142857143,7.255904256638456,5775390.084523862
228.57142857142858,717.1428571428572,3268.571428571429,7.228466195480841,5787504.676525143
228.57142857142858,717.1428571428572,3434.2857142857147,7.203016716257165,5797825.529916317
228.57142857142858,717.1428571428572,3600.0,7.179358395032528,5806643.178821094
228.57142857142858,764.2857142857143,120.0,8.377197432369652,4565752.669619935
228.57142857142858,764.2857142857143,285.7142857142857,8.311336124804155,4178245.7732007843
228.57142857142858,764.2857142857143,451.42857142857144,8.225689078665685,4439099.601594316
228.57142857142858,764.2857142857143,617.1428571428571,8.13266834700129,4715842.21462417
228.57142857142858,764.2857142857143,782.8571428571429,8.039320077684636,4951793.294991756
228.57142857142858,764.2857142857143,948.5714285714287,7.94964306984608,5143716.649439863
228.57142857142858,764.2857142857143,1114.2857142857142,7.86566966640987,5297684.405647763
228.57142857142858,764.2857142857143,1280.0,7.7881975826145755,5420952.748111029
228.57142857142858,764.2857142857143,1445.7142857142858,7.717311407757296,5519953.276484745
228.57142857142858,764.2857142857143,1611.4285714285716,7.652718833585718,5599902.962285739
228.57142857142858,764.2857142857143,1777.1428571428573,7.593951606459708,5664890.244152901
228.57142857142858,764.2857142857143,1942.857142857143,7.540479238027446,5718077.275888404
228.57142857142858,764.2857142857143,2108.5714285714284,7.491770099965699,5761902.071551394
228.57142857142858,764.2857142857143,2274.285714285714,7.447322024725305,5798248.013071431
228.57142857142858,764.2857142857143,2440.0,7.406675750736308,5828576.823989771
228.57142857142858,764.2857142857143,2605.714285714286,7.369419009345372,5854029.89082234
228.57142857142858,764.2857142857143,2771.4285714285716,7.335185723619112,5875504.521120092
228.57142857142858,764.2857142857143,2937.1428571428573,7.30365284031469,5893711.122700342
228.57142857142858,764.2857142857143,3102.857142857143,7.274536190247659,5909216.117494193
228.57142857142858,764.2857142857143,3268.571428571429,7.247586127559975,5922474.265371204
228.57142857142858,764.2857142857143,3434.2857142857147,7.2225833325224365,5933853.136675864
228.57142857142858,764.2857142857143,3600.0,7.199334957367533,5943651.751900662
228.57142857142858,811.4285714285714,120.0,8.375849349631396,4711930.2459798185
228.57142857142858,811.4285714285714,285.7142857142857,8.310170190614935,4284362.060125826
228.57142857142858,811.4285714285714,451.42857142857144,8.225576322462791,4537817.33110401
228.57142857142858,811.4285714285714,617.1428571428571,8.134056532108607,4814256.475389337
228.57142857142858,811.4285714285714,782.8571428571429,8.042389814590774,5052182.704015673
228.57142857142858,811.4285714285714,948.5714285714287,7.95441328536595,5246874.058272142
228.57142857142858,811.4285714285714,1114.2857142857142,7.872069634773891,5403821.109434323
228.57142857142858,811.4285714285714,1280.0,7.7961131906031875,5530028.447795662
228.57142857142858,811.4285714285714,1445.7142857142858,7.726612592371418,5631817.921961411
228.57142857142858,811.4285714285714,1611.4285714285716,7.663274717940791,5714363.2661759015
228.57142857142858,811.4285714285714,1777.1428571428573,7.605638191974872,5781742.090685398
228.57142857142858,811.4285714285714,1942.857142857143,7.553182820339446,5837121.4975112025
228.57142857142858,811.4285714285714,2108.5714285714284,7.5053883330895905,5882951.7583695855
228.57142857142858,811.4285714285714,2274.285714285714,7.461763755858444,5921131.424875896
228.57142857142858,811.4285714285714,2440.0,7.421860261919389,5953138.020730902
228.57142857142858,811.4285714285714,2605.714285714286,7.385275017239739,5980128.2106254315
228.57142857142858,811.4285714285714,2771.4285714285716,7.351650325025056,6003013.516273051
228.57142857142858,811.4285714285714,2937.1428571428573,7.320670498545898,6022517.283739358
228.57142857142858,811.4285714285714,3102.857142857143,7.292057806027106,6039217.5612334255
228.57142857142858,811.4285714285714,3268.571428571429,7.265568210123711,6053579.476955641
228.57142857142858,811.4285714285714,3434.2857142857147,7.240987271941662,6065979.807981813
228.57142857142858,811.4285714285714,3600.0,7.218126391885196,6076725.7322443435
228.57142857142858,858.5714285714287,120.0,8.374567450877139,4853488.796999685
228.57142857142858,858.5714285714287,285.7142857142857,8.309098163514768,4387579.305609946
228.57142857142858,858.5714285714287,451.42857142857144,8.225517913086778,4633969.36261753
228.57142857142858,858.5714285714287,617.1428571428571,8.13541826684625,4910172.903005781
228.57142857142858,858.5714285714287,782.8571428571429,8.04533288337362,5150046.804317224
228.57142857142858,858.5714285714287,948.5714285714287,7.958951253334606,5347438.239758303
228.57142857142858,858.5714285714287,1114.2857142857142,7.878134496464836,5507280.050897814
228.57142857142858,858.5714285714287,1280.0,7.803597644880935,5636336.967476845
228.57142857142858,858.5714285714287,1445.7142857142858,7.735395069344337,5740827.085192481
228.57142857142858,858.5714285714287,1611.4285714285716,7.673233166769551,5825883.902572053
228.57142857142858,858.5714285714287,1777.1428571428573,7.616657076253255,5895575.570268222
228.57142857142858,858.5714285714287,1942.857142857143,7.565156213688706,5953074.60816271
228.57142857142858,858.5714285714287,2108.5714285714284,7.518220870847508,6000843.526515073
228.57142857142858,858.5714285714287,2274.285714285714,7.475370466555214,6040795.7725250125
228.57142857142858,858.5714285714287,2440.0,7.436165858795504,6074424.274698378
228.57142857142858,858.5714285714287,2605.714285714286,7.400212970218591,6102900.5352455005
228.57142857142858,858.5714285714287,2771.4285714285716,7.3671618843229085,6127149.846319215
228.57142857142858,858.5714285714287,2937.1428571428573,7.336703756708341,6147908.067935605
228.57142857142858,858.5714285714287,3102.857142857143,7.308566838223221,6165764.480686135
228.57142857142858,858.5714285714287,3268.571428571429,7.282512306978589,6181194.221941445
228.57142857142858,858.5714285714287,3434.2857142857147,7.258330265776973,6194582.95166979
228.57142857142858,858.5714285714287,3600.0,7.235836070640383,6206245.715288682
228.57142857142858,905.7142857142858,120.0,8.373347833663182,4990687.899880042
228.57142857142858,905.7142857142858,285.7142857142857,8.30811027437118,4488107.989722745
228.57142857142858,905.7142857142858,451.42857142857144,8.2255053040849,4727759.548451994
228.57142857142858,905.7142857142858,617.1428571428571,8.136751308402161,5003799.150091618
228.57142857142858,905.7142857142858,782.8571428571429,8.04815599039691,5245601.276373426
228.57142857142858,905.7142857142858,948.5714285714287,7.963273565617294,5445634.671174462
228.57142857142858,905.7142857142858,1114.2857142857142,7.88389064333274,5608297.009841637
228.57142857142858,905.7142857142858,1280.0,7.810686517703116,5740124.20944004
228.57142857142858,905.7142857142858,1445.7142857142858,7.743702740057834,5847236.253354117
228.57142857142858,905.7142857142858,1611.4285714285716,7.682645499013721,5934729.241024993
228.57142857142858,905.7142857142858,1777.1428571428573,7.62706611348379,6006663.178810167
228.57142857142858,905.7142857142858,1942.857142857143,7.576462996256224,6066216.4826971665
228.57142857142858,905.7142857142858,2108.5714285714284,7.530336290577886,6115863.923437508
228.57142857142858,905.7142857142858,2274.285714285714,7.488215096365706,6157533.625752552
228.57142857142858,905.7142857142858,2440.0,7.449669288764089,6192733.588573498
228.57142857142858,905.7142857142858,2605.714285714286,7.414312943589605,6222649.7713374905
228.57142857142858,905.7142857142858,2771.4285714285716,7.381803390267561,6248220.84978899
228.57142857142858,905.7142857142858,2937.1428571428573,7.3518381593483,6270194.825672455
228.57142857142858,905.7142857142858,3102.857142857143,7.324151078390965,6289171.864919664
228.57142857142858,905.7142857142858,3268.571428571429,7.298508189760783,6305636.796609254
228.57142857142858,905.7142857142858,3434.2857142857147,7.27470383458409,6319983.876624558
228.57142857142858,905.7142857142858,3600.0,7.252557062490393,6332535.760369688
228.57142857142858,952.8571428571429,120.0,8.372186874105859,5123764.866837903
228.57142857142858,952.8571428571429,285.7142857142857,8.307198102601692,4586134.467794165
228.57142857142858,952.8571428571429,451.42857142857144,8.22553149948201,4819366.108109953
228.57142857142858,952.8571428571429,617.1428571428571,8.138054404281766,5095315.538945385
228.57142857142858,952.8571428571429,782.8571428571429,8.050865839064489,5339032.673355237
228.57142857142858,952.8571428571429,948.5714285714287,7.967395643160406,5541657.897249142
228.57142857142858,952.8571428571429,1114.2857142857142,7.889362114990079,5707075.09351015
228.57142857142858,952.8571428571429,1280.0,7.817411920923367,5841601.775402725
228.57142857142858,952.8571428571429,1445.7142857142858,7.7515750491863615,5951265.120280195
228.57142857142858,952.8571428571429,1611.4285714285716,7.691557703697281,6041126.506880422
228.57142857142858,952.8571428571429,1777.1428571428573,7.63691707462414,6115239.055570174
228.57142857142858,952.8571428571429,1942.857142857143,7.587160019611835,6176787.556271599
228.57142857142858,952.8571428571429,2108.5714285714284,7.541795897089858,6228259.091708705
228.57142857142858,952.8571428571429,2274.285714285714,7.500362851103633,6271596.2898771195
228.57142857142858,952.8571428571429,2440.0,7.462439177041582,6308321.934830061
228.57142857142858,952.8571428571429,2605.714285714286,7.427646564088989,6339636.112247261
228.57142857142858,952.8571428571429,2771.4285714285716,7.395649109374476,6366490.541502968
228.57142857142858,952.8571428571429,2937.1428571428573,7.366150299803956,6389645.037048603
228.57142857142858,952.8571428571429,3102.857142857143,7.338889175781195,6409710.342166847
228.57142857142858,952.8571428571429,3268.571428571429,7.313636328800459,6427180.695068301
228.57142857142858,952.8571428571429,3434.2857142857147,7.2901900658276455,6442458.69150941
228.57142857142858,952.8571428571429,3600.0,7.2683728945213995,6455874.366692981
228.57142857142858,1000.0,120.0,8.37108120465063,5252937.376050345
228.57142857142858,1000.0,285.7142857142857,8.30635434025163,4681824.694651217
228.57142857142858,1000.0,451.42857142857144,8.2255907202892,4908945.928582608
228.57142857142858,1000.0,617.1428571428571,8.139326993976237,5184879.839960155
228.57142857142858,1000.0,782.8571428571429,8.053468948729119,5430503.632557556
228.57142857142858,1000.0,948.5714285714287,7.971331708348267,5635677.141150877
228.57142857142858,1000.0,1114.2857142857142,7.894570730840394,5803790.713621317
228.57142857142858,1000.0,1280.0,7.823802787488593,5940953.274670878
228.57142857142858,1000.0,1445.7142857142858,7.759047397979006,6053104.190830485
228.57142857142858,1000.0,1611.4285714285716,7.700010965049155,6145272.64849709
228.57142857142858,1000.0,1777.1428571428573,7.646256264891458,6221506.082423108
228.57142857142858,1000.0,1942.857142857143,7.597298100850808,6284996.127891757
228.57142857142858,1000.0,2108.5714285714284,7.552654473938625,6338242.252214117
228.57142857142858,1000.0,2274.285714285714,7.511872000011071,6383201.447008042
228.57142857142858,1000.0,2440.0,7.474536858565287,6421411.036081096
228.57142857142858,1000.0,2605.714285714286,7.440277867234265,6454084.941089678
228.57142857142858,1000.0,2771.4285714285716,7.40876546103413,6482187.6241370095
228.57142857142858,1000.0,2937.1428571428573,7.379708706752198,6506490.4195678765
228.57142857142858,1000.0,3102.857142857143,7.352851530129125,6527614.372903532
228.57142857142858,1000.0,3268.571428571429,7.327968787909574,6546062.878382988
228.57142857142858,1000.0,3434.2857142857147,7.304862507212667,6562246.641803853
228.57142857142858,1000.0,3600.0,7.283358441119142,6576502.871175454
264.2857142857143,10.0,120.0,8.41194189005504,1222722.0016436325
264.2857142857143,10.0,285.7142857142857,8.380498145059637,1529064.425220503
264.2857142857143,10.0,451.42857142857144,8.313599947063555,1813597.4175723928
264.2857142857143,10.0,617.1428571428571,8.225472270857388,1980791.7489200262
264.2857142857143,10.0,782.8571428571429,8.129710899691615,2071623.5281620875
264.2857142857143,10.0,948.5714285714287,8.035802839125955,2112839.851912951
264.2857142857143,10.0,1114.2857142857142,7.9489650282438085,2122638.2909235577
264.2857142857143,10.0,1280.0,7.871312491329312,2113308.9157495117
264.2857142857143,10.0,1445.7142857142858,7.8031382998583,2092894.5033237028
264.2857142857143,10.0,1611.4285714285716,7.743829582920056,2066512.7572557991
264.2857142857143,10.0,1777.1428571428573,7.69241113859648,2037347.5674977375
264.2857142857143,10.0,1942.857142857143,7.6478317217628655,2007338.4734839445
264.2857142857143,10.0,2108.5714285714284,7.609098626086063,1977637.457654792
264.2857142857143,10.0,2274.285714285714,7.575330712443177,1948903.2873066827
264.2857142857143,10.0,2440.0,7.54577073596253,1921488.4040005442
264.2857142857143,10.0,2605.714285714286,7.519779081927562,1895556.7455156653
264.2857142857143,10.0,2771.4285714285716,7.496820256013319,1871157.7950107981
264.2857142857143,10.0,2937.1428571428573,7.476447643841395,1848273.0475442281
264.2857142857143,10.0,3102.857142857143,7.4582890205183245,1826845.1143008212
264.2857142857143,10.0,3268.571428571429,7.4420337678914095,1806795.8831266684
264.2857142857143,10.0,3434.2857142857147,7.42742202667092,1788037.7656854177
264.2857142857143,10.0,3600.0,7.414235684949368,1770480.5685024944
264.2857142857143,57.142857142857146,120.0,8.406824594408516,1705910.8348594136
264.2857142857143,57.142857142857146,285.7142857142857,8.357249594836686,2006848.090769704
264.2857142857143,57.142857142857146,451.42857142857144,8.262228132555288,2353576.336838764
264.2857142857143,57.142857142857146,617.1428571428571,8.141111555485635,2587341.376138491
264.2857142857143,57.142857142857146,782.8571428571429,8.010166432488818,2739462.378220863
264.2857142857143,57.142857142857146,948.5714285714287,7.880323785813309,2834791.3720145104
264.2857142857143,57.142857142857146,1114.2857142857142,7.757776996567158,2891184.922194876
264.2857142857143,57.142857142857146,1280.0,7.64537223273509,2921278.102086627
264.2857142857143,57.142857142857146,1445.7142857142858,7.543924628431154,2933828.6096620485
264.2857142857143,57.142857142857146,1611.4285714285716,7.453151152690588,2934817.137924306
264.2857142857143,57.142857142857146,1777.1428571428573,7.372246055482912,2928294.3833589903
264.2857142857143,57.142857142857146,1942.857142857143,7.300207006708723,2916993.491835106
264.2857142857143,57.142857142857146,2108.5714285714284,7.236007455749044,2902755.802890771
264.2857142857143,57.142857142857146,2274.285714285714,7.1786803475081555,2886820.5317303725
264.2857142857143,57.142857142857146,2440.0,7.127353114013586,2870019.9279273422
264.2857142857143,57.142857142857146,2605.714285714286,7.0812570750191055,2852910.3817623407
264.2857142857143,57.142857142857146,2771.4285714285716,7.039724186055855,2835860.625184683
264.2857142857143,57.142857142857146,2937.1428571428573,7.002178164021202,2819111.297689001
264.2857142857143,57.142857142857146,3102.857142857143,6.968123690114133,2802815.3806212586
264.2857142857143,57.142857142857146,3268.571428571429,6.937135549931736,2787065.799647647
264.2857142857143,57.142857142857146,3434.2857142857147,6.908848573033796,2771914.373358684
264.2857142857143,57.142857142857146,3600.0,6.882948706227102,2757384.8886919725
264.2857142857143,104.28571428571429,120.0,8.402802933098197,2076622.0706979276
264.2857142857143,104.28571428571429,285.7142857142857,8.345488302771942,2323918.994339626
264.2857142857143,104.28571428571429,451.42857142857144,8.243473350814648,2682399.445787208
264.2857142857143,104.28571428571429,617.1428571428571,8.117170146562374,2938528.82814194
264.2857142857143,104.28571428571429,782.8571428571429,7.982225797261276,3114557.1529921056
264.2857142857143,104.28571428571429,948.5714285714287,7.848811380128443,3232750.7220735834
264.2857142857143,104.28571428571429,1114.2857142857142,7.7226378941988525,3309999.54559127
264.2857142857143,104.28571428571429,1280.0,7.606346945470124,3358627.596802948
264.2857142857143,104.28571428571429,1445.7142857142858,7.500724263718745,3387404.4540986894
264.2857142857143,104.28571428571429,1611.4285714285716,7.405542315740121,3402478.9978159945
264.2857142857143,104.28571428571429,1777.1428571428573,7.3200796683770415,3408133.671804048
264.2857142857143,104.28571428571429,1942.857142857143,7.243418295428356,3407346.43420683
264.2857142857143,104.28571428571429,2108.5714285714284,7.174603734015035,3402191.035520361
264.2857142857143,104.28571428571429,2274.285714285714,7.11272537815365,3394115.5780977714
264.2857142857143,104.28571428571429,2440.0,7.056952127734429,3384134.347555262
264.2857142857143,104.28571428571429,2605.714285714286,7.006544013864036,3372959.5373939117
264.2857142857143,104.28571428571429,2771.4285714285716,6.960851514473251,3361091.8483184227
264.2857142857143,104.28571428571429,2937.1428571428573,6.919309057457403,3348883.069839538
264.2857142857143,104.28571428571429,3102.857142857143,6.881426224730587,3336579.559120971
264.2857142857143,104.28571428571429,3268.571428571429,6.846778491304257,3324352.6456652284
264.2857142857143,104.28571428571429,3434.2857142857147,6.814998402213315,3312320.037732722
264.2857142857143,104.28571428571429,3600.0,6.785767582744203,3300560.9948361567
264.2857142857143,151.42857142857144,120.0,8.399276509531003,2398007.4149784697
264.2857142857143,151.42857142857144,285.7142857142857,8.337498813387274,2581132.9137089388
264.2857142857143,151.42857142857144,451.42857142857144,8.233497974795739,2938112.6783767357
264.2857142857143,151.42857142857144,617.1428571428571,8.107642562160038,3204522.704802766
264.2857142857143,151.42857142857144,782.8571428571429,7.974560219455725,3393945.243036161
264.2857142857143,151.42857142857144,948.5714285714287,7.8435170669265215,3526004.726876563
264.2857142857143,151.42857142857144,1114.2857142857142,7.719651848956746,3616515.8485643817
264.2857142857143,151.42857142857144,1280.0,7.605319194357415,3677349.115143809
264.2857142857143,151.42857142857144,1445.7142857142858,7.501201730264936,3717123.14278129
264.2857142857143,151.42857142857144,1611.4285714285716,7.407069582835824,3741989.6296509844
264.2857142857143,151.42857142857144,1777.1428571428573,7.322246329472193,3756308.3698752862
264.2857142857143,151.42857142857144,1942.857142857143,7.245876061292804,3763165.766666987
264.2857142857143,151.42857142857144,2108.5714285714284,7.177068016443702,3764751.7864052965
264.2857142857143,151.42857142857144,2274.285714285714,7.114969791239865,3762626.647325282
264.2857142857143,151.42857142857144,2440.0,7.05880041217973,3757907.2076632846
264.2857142857143,151.42857142857144,2605.714285714286,7.007861625744157,3751396.7513855626
264.2857142857143,151.42857142857144,2771.4285714285716,6.961537887514211,3743675.475295131
264.2857142857143,151.42857142857144,2937.1428571428573,6.919290908521231,3735163.8407872794
264.2857142857143,151.42857142857144,3102.857142857143,6.880651958897646,3726167.1869190037
264.2857142857143,151.42857142857144,3268.571428571429,6.845213622696827,3716907.358893786
264.2857142857143,151.42857142857144,3434.2857142857147,6.81262185501371,3707545.290623692
264.2857142857143,151.42857142857144,3600.0,6.782568728257533,3698197.244218054
264.2857142857143,198.57142857142858,120.0,8.396100512371753,2687492.5664880867
264.2857142857143,198.57142857142858,285.7142857142857,8.331504273926491,2803860.442903601
264.2857142857143,198.57142857142858,451.42857142857144,8.227448014873792,3154073.5478340783
264.2857142857143,198.57142857142858,617.1428571428571,8.10381119331342,3425676.1513575367
264.2857142857143,198.57142857142858,782.8571428571429,7.974194904774579,3623914.049870396
264.2857142857143,198.57142857142858,948.5714285714287,7.8470439763084245,3765808.0586557854
264.2857142857143,198.57142857142858,1114.2857142857142,7.726987248755141,3866090.1151602017
264.2857142857143,198.57142857142858,1280.0,7.616117762030642,3936144.3059695926
264.2857142857143,198.57142857142858,1445.7142857142858,7.515015319739078,3984388.55027128
264.2857142857143,198.57142857142858,1611.4285714285716,7.423436174276028,4016920.236711229
264.2857142857143,198.57142857142858,1777.1428571428573,7.340734212988044,4038119.228217125
264.2857142857143,198.57142857142858,1942.857142857143,7.266102155717749,4051127.25323152
264.2857142857143,198.57142857142858,2108.5714285714284,7.198702358018803,4058203.5217500147
264.2857142857143,198.57142857142858,2274.285714285714,7.1377332240463955,4060980.045130631
264.2857142857143,198.57142857142858,2440.0,7.082459361158025,4060642.2739655543
264.2857142857143,198.57142857142858,2605.714285714286,7.032221986998046,4058056.268500522
264.2857142857143,198.57142857142858,2771.4285714285716,6.9864390363222535,4053858.2814185894
264.2857142857143,198.57142857142858,2937.1428571428573,6.944600266207376,4048518.103899942
264.2857142857143,198.57142857142858,3102.857142857143,6.90626026844535,4042384.1132321106
264.2857142857143,198.57142857142858,3268.571428571429,6.871030939018817,4035715.52195439
264.2857142857143,198.57142857142858,3434.2857142857147,6.838574190821893,4028705.630283189
264.2857142857143,198.57142857142858,3600.0,6.808595272645841,4021498.714404301
264.2857142857143,245.71428571428572,120.0,8.393203940689837,2953323.9926592284
264.2857142857143,245.71428571428572,285.7142857142857,8.326758904244778,3003278.127379371
264.2857142857143,245.71428571428572,451.42857142857144,8.223515508845704,3344389.9003990423
264.2857142857143,245.71428571428572,617.1428571428571,8.102677012292798,3618660.197973603
264.2857142857143,245.71428571428572,782.8571428571429,7.976901074154964,3823321.298153943
264.2857142857143,245.71428571428572,948.5714285714287,7.8539233669715305,3972866.943219989
264.2857142857143,245.71428571428572,1114.2857142857142,7.737940274910221,4080974.4941377253
264.2857142857143,245.71428571428572,1280.0,7.630822709301736,4158545.115010949
264.2857142857143,245.71428571428572,1445.7142857142858,7.53306130194491,4213783.664020642
264.2857142857143,245.71428571428572,1611.4285714285716,7.444397973700627,4252712.144877913
264.2857142857143,245.71428571428572,1777.1428571428573,7.364210145303404,4279705.991886983
264.2857142857143,245.71428571428572,1942.857142857143,7.291730461220256,4297937.669595944
264.2857142857143,245.71428571428572,2108.5714285714284,7.226165938283481,4309712.7526525
264.2857142857143,245.71428571428572,2274.285714285714,7.166758491603416,4316714.6712297695
264.2857142857143,245.71428571428572,2440.0,7.112812426052632,4320179.800970548
264.2857142857143,245.71428571428572,2605.714285714286,7.063703905646502,4321021.907075004
264.2857142857143,245.71428571428572,2771.4285714285716,7.018880999047377,4319920.567905643
264.2857142857143,245.71428571428572,2937.1428571428573,6.9778591328991535,4317384.212344981
264.2857142857143,245.71428571428572,3102.857142857143,6.940214612667719,4313795.300842386
264.2857142857143,245.71428571428572,3268.571428571429,6.905577633235459,4309442.919532544
264.2857142857143,245.71428571428572,3434.2857142857147,6.873625504208087,4304546.461119187
264.2857142857143,245.71428571428572,3600.0,6.844076427273308,4299272.956074094
264.2857142857143,292.8571428571429,120.0,8.390542268661928,3200321.6319795474
264.2857142857143,292.8571428571429,285.7142857142857,8.322872878397854,3185502.3476622584
264.2857142857143,292.8571428571429,451.42857142857144,8.220855411710572,3516503.645111896
264.2857142857143,292.8571428571429,617.1428571428571,8.102948380457134,3792081.1465633893
264.2857142857143,292.8571428571429,782.8571428571429,7.980966058078963,4001775.9454351785
264.2857142857143,292.8571428571429,948.5714285714287,7.86203752254541,4157648.843514582
264.2857142857143,292.8571428571429,1114.2857142857142,7.7499950274393035,4272364.998358124
264.2857142857143,292.8571428571429,1280.0,7.646523353534661,4356360.136395957
264.2857142857143,292.8571428571429,1445.7142857142858,7.552038323668193,4417628.329563774
264.2857142857143,292.8571428571429,1611.4285714285716,7.466269683739534,4462109.681714148
264.2857142857143,292.8571428571429,1777.1428571428573,7.388614588386809,4494164.316926092
264.2857142857143,292.8571428571429,1942.857142857143,7.318339470990091,4516982.983734728
264.2857142857143,292.8571428571429,2108.5714285714284,7.254689439803619,4532905.206155092
264.2857142857143,292.8571428571429,2274.285714285714,7.196943814733617,4543654.281450692
264.2857142857143,292.8571428571429,2440.0,7.144441307593152,4550507.176137822
264.2857142857143,292.8571428571429,2605.714285714286,7.096588628091301,4554416.330908144
264.2857142857143,292.8571428571429,2771.4285714285716,7.052860413164683,4556096.873123535
264.2857142857143,292.8571428571429,2937.1428571428573,7.012794922719475,4556089.2294081375
264.2857142857143,292.8571428571429,3102.857142857143,6.975987951531122,4554804.301787481
264.2857142857143,292.8571428571429,3268.571428571429,6.942086270042821,4552556.268189094
264.2857142857143,292.8571428571429,3434.2857142857147,6.910781265006821,4549586.563554181
264.2857142857143,292.8571428571429,3600.0,6.881803093376177,4546081.540334095
264.2857142857143,340.0,120.0,8.388083781566062,3431665.055457762
264.2857142857143,340.0,285.7142857142857,8.319615076115934,3354324.980066795
264.2857142857143,340.0,451.42857142857144,8.21901671434251,3674876.5150509747
264.2857142857143,340.0,617.1428571428571,8.103992011882635,3950999.010305533
264.2857142857143,340.0,782.8571428571429,7.985607627295915,4164861.590898895
264.2857142857143,340.0,948.5714285714287,7.87047263547784,4326193.346968583
264.2857142857143,340.0,1114.2857142857142,7.762111335321383,4446694.7383941645
264.2857142857143,340.0,1280.0,7.662052154264876,4536358.799896086
264.2857142857143,340.0,1445.7142857142858,7.570648494027312,4602977.136641255
264.2857142857143,340.0,1611.4285714285716,7.487620415141813,4652407.892920087
264.2857142857143,340.0,1777.1428571428573,7.412382314213255,4688991.340530768
264.2857142857143,340.0,1942.857142857143,7.344229812299074,4715929.913301226
264.2857142857143,340.0,2108.5714285714284,7.28244094342892,4735589.852842351
264.2857142857143,340.0,2274.285714285714,7.226327464631053,4749727.237321514
264.2857142857143,340.0,2440.0,7.1752580537962825,4759653.068943902
264.2857142857143,340.0,2605.714285714286,7.1286661536126,4766352.596732289
264.2857142857143,340.0,2771.4285714285716,7.08604977436088,4770571.348972854
264.2857142857143,340.0,2937.1428571428573,7.0469673726324595,4772877.287289047
264.2857142857143,340.0,3102.857142857143,7.0110320783337405,4773705.914548728
264.2857142857143,340.0,3268.571428571429,6.977905489219607,4773393.208409906
264.2857142857143,340.0,3434.2857142857147,6.947291657041265,4772199.829632597
264.2857142857143,340.0,3600.0,6.91893155735062,4770329.044170208
264.2857142857143,387.14285714285717,120.0,8.3858041515802,3649623.1239346587
264.2857142857143,387.14285714285717,285.7142857142857,8.31683653111365,3512297.764273821
264.2857142857143,387.14285714285717,451.42857142857144,8.217736174162347,3822420.722561007
264.2857142857143,387.14285714285717,617.1428571428571,8.105469769432842,4098658.903640556
264.2857142857143,387.14285714285717,782.8571428571429,7.990441963869178,4316121.919421593
264.2857142857143,387.14285714285717,948.5714285714287,7.878813388417844,4482309.738141311
264.2857142857143,387.14285714285717,1114.2857142857142,7.773845825288363,4608006.516987799
264.2857142857143,387.14285714285717,1280.0,7.676935383404455,4702786.821522429
264.2857142857143,387.14285714285717,1445.7142857142858,7.588383180643723,4774250.4812551215
264.2857142857143,387.14285714285717,1611.4285714285716,7.507901806637605,4828176.5827858215
264.2857142857143,387.14285714285717,1777.1428571428573,7.434921072381114,4868884.16181728
264.2857142857143,387.14285714285717,1942.857142857143,7.368762189108907,4899583.804116903
264.2857142857143,387.14285714285717,2108.5714285714284,7.308731984895095,4922664.045013871
264.2857142857143,387.14285714285717,2274.285714285714,7.254170611078323,4939909.137392434
264.2857142857143,387.14285714285717,2440.0,7.204473038337872,4952659.7041176595
264.2857142857143,387.14285714285717,2605.714285714286,7.159096236487849,4961929.755340928
264.2857142857143,387.14285714285717,2771.4285714285716,7.117558856539512,4968491.605926004
264.2857142857143,387.14285714285717,2937.1428571428573,7.07943725572182,4972937.575522261
264.2857142857143,387.14285714285717,3102.857142857143,7.044359986743708,4975725.002189039
264.2857142857143,387.14285714285717,3268.571428571429,7.012001890369102,4977209.269454485
264.2857142857143,387.14285714285717,3434.2857142857147,6.982078374807815,4977668.198250612
264.2857142857143,387.14285714285717,3600.0,6.9543401551386435,4977320.187940199
264.2857142857143,434.28571428571433,120.0,8.383683832671897,3855905.5325594437
264.2857142857143,434.28571428571433,285.7142857142857,8.314435308639084,3661240.600272184
264.2857142857143,434.28571428571433,451.42857142857144,8.216849792042144,3961156.303131614
264.2857142857143,434.28571428571433,617.1428571428571,8.107190021895448,4237276.494009741
264.2857142857143,434.28571428571433,782.8571428571429,7.995273217635617,4457954.1225787
264.2857142857143,434.28571428571433,948.5714285714287,7.886870520966141,4628560.815632634
264.2857142857143,434.28571428571433,1114.2857142857142,7.7850179662723,4759011.662932384
264.2857142857143,434.28571428571433,1280.0,7.690998694231627,4858486.740069019
264.2857142857143,434.28571428571433,1445.7142857142858,7.605069720267557,4934405.484208427
264.2857142857143,434.28571428571433,1611.4285714285716,7.526937985571133,4992472.150895809
264.2857142857143,434.28571428571433,1777.1428571428573,7.456047273225568,5036984.787178137
264.2857142857143,434.28571428571433,1942.857142857143,7.39174148852981,5071160.296536942
264.2857142857143,434.28571428571433,2108.5714285714284,7.333352894158984,5097406.707510835
264.2857142857143,434.28571428571433,2274.285714285714,7.280246718505527,5117533.316683828
264.2857142857143,434.28571428571433,2440.0,7.231841182941931,5132907.252541745
264.2857142857143,434.28571428571433,2605.714285714286,7.187614103728047,5144568.363002641
264.2857142857143,434.28571428571433,2771.4285714285716,7.1471024644786105,5153313.095175548
264.2857142857143,434.28571428571433,2937.1428571428573,7.109898563055784,5159755.763935635
264.2857142857143,434.28571428571433,3102.857142857143,7.075644724286585,5164373.464595847
264.2857142857143,434.28571428571433,3268.571428571429,7.044027648335828,5167539.172521584
264.2857142857143,434.28571428571433,3434.2857142857147,7.014772942950837,5169546.291879165
264.2857142857143,434.28571428571433,3600.0,6.987640096239296,5170626.987560932
264.2857142857143,481.42857142857144,120.0,8.381706632566184,4051852.572416393
264.2857142857143,481.42857142857144,285.7142857142857,8.312338445474834,3802508.7516885702
264.2857142857143,481.42857142857144,451.42857142857144,8.216250172115052,4092550.037084123
264.2857142857143,481.42857142857144,617.1428571428571,8.10903944081193,4368437.987233713
264.2857142857143,481.42857142857144,782.8571428571429,8.000000420060308,4592060.303413247
264.2857142857143,481.42857142857144,948.5714285714287,7.89456351574581,4766757.530450652
264.2857142857143,481.42857142857144,1114.2857142857142,7.795568959978368,4901620.800599455
264.2857142857143,481.42857142857144,1280.0,7.704202586949477,5005458.6585885575
264.2857142857143,481.42857142857144,1445.7142857142858,7.620683911793143,5085521.435070977
264.2857142857143,481.42857142857144,1611.4285714285716,7.544715684024902,5147443.298238256
264.2857142857143,481.42857142857144,1777.1428571428573,7.475754466573206,5195502.402986146
264.2857142857143,481.42857142857144,1942.857142857143,7.4131644765724705,5232921.11590559
264.2857142857143,481.42857142857144,2108.5714285714284,7.356300639453054,5262125.144417613
264.2857142857143,481.42857142857144,2274.285714285714,7.304550510612894,5284946.623227912
264.2857142857143,481.42857142857144,2440.0,7.257353026097845,5302776.905276715
264.2857142857143,481.42857142857144,2605.714285714286,7.2142046001687055,5316679.485882856
264.2857142857143,481.42857142857144,2771.4285714285716,7.174658600372502,5327472.924565518
264.2857142857143,481.42857142857144,2937.1428571428573,7.138321598978686,5335791.712691998
264.2857142857143,481.42857142857144,3102.857142857143,7.104848279482396,5342131.088822945
264.2857142857143,481.42857142857144,3268.571428571429,7.073936007725868,5346880.200562646
264.2857142857143,481.42857142857144,3434.2857142857147,7.045319584985795,5350346.79333668
264.2857142857143,481.42857142857144,3600.0,7.018766425092225,5352775.714174784
264.2857142857143,528.5714285714286,120.0,8.379858849066247,4238546.568166952
264.2857142857143,528.5714285714286,285.7142857142857,8.310491851827038,3937145.65372456
264.2857142857143,528.5714285714286,451.42857142857144,8.215864153819831,4217705.637711262
264.2857142857143,528.5714285714286,617.1428571428571,8.110948959707327,4493321.912305674
264.2857142857143,528.5714285714286,782.8571428571429,8.00457282868768,4719695.90338288
264.2857142857143,528.5714285714286,948.5714285714287,7.9018660074772304,4898229.949453284
264.2857142857143,528.5714285714286,1114.2857142857142,7.805497523153373,5037233.802991165
264.2857142857143,528.5714285714286,1280.0,7.716568684181754,5145166.094908411
264.2857142857143,528.5714285714286,1445.7142857142858,7.635266861719128,5229118.871406331
264.2857142857143,528.5714285714286,1611.4285714285716,7.56129176524951,5294661.06455443
264.2857142857143,528.5714285714286,1777.1428571428573,7.494111722648364,5346052.463235113
264.2857142857143,528.5714285714286,1942.857142857143,7.433109270457417,5386520.622050487
264.2857142857143,528.5714285714286,2108.5714285714284,7.377659680145067,5418507.735709903
264.2857142857143,528.5714285714286,2274.285714285714,7.327170530385712,5443867.177339645
264.2857142857143,528.5714285714286,2440.0,7.281099340111905,5464012.802006063
264.2857142857143,528.5714285714286,2605.714285714286,7.238959223766814,5480030.061583813
264.2857142857143,528.5714285714286,2771.4285714285716,7.2003182805797055,5492758.046161515
264.2857142857143,528.5714285714286,2937.1428571428573,7.16479593761538,5502849.984370266
264.2857142857143,528.5714285714286,3102.857142857143,7.132058026659435,5510817.97047746
264.2857142857143,528.5714285714286,3268.571428571429,7.101811551596462,5517066.184415574
264.2857142857143,528.5714285714286,3434.2857142857147,7.07379963644547,5521915.7100308705
264.2857142857143,528.5714285714286,3600.0,7.047796883191772,5525623.197454702
264.2857142857143,575.7142857142858,120.0,8.378128706723851,4416881.740150298
264.2857142857143,575.7142857142858,285.7142857142857,8.308854288138022,4065976.1517806496
264.2857142857143,575.7142857142858,451.42857142857144,8.21564027599,4337477.670341885
264.2857142857143,575.7142857142858,617.1428571428571,8.112875647026693,4612830.448163924
264.2857142857143,575.7142857142858,782.8571428571429,8.008967154513622,4841815.765505906
264.2857142857143,575.7142857142858,948.5714285714287,7.908778905721722,5023985.882360358
264.2857142857143,575.7142857142858,1114.2857142857142,7.814829110500488,5166909.104000578
264.2857142857143,575.7142857142858,1280.0,7.728145076509894,5278714.325900119
264.2857142857143,575.7142857142858,1445.7142857142858,7.648886409164367,5366345.511721748
264.2857142857143,575.7142857142858,1611.4285714285716,7.576750685321323,5435311.108099474
264.2857142857143,575.7142857142858,1777.1428571428573,7.511217117160224,5489854.261722314
264.2857142857143,575.7142857142858,1942.857142857143,7.451684871755375,5533207.787577861
264.2857142857143,575.7142857142858,2108.5714285714284,7.39754760819039,5567829.581582222
264.2857142857143,575.7142857142858,2274.285714285714,7.348230979359345,5595593.066405386
264.2857142857143,575.7142857142858,2440.0,7.303209279573288,5617933.265200364
264.2857142857143,575.7142857142858,2605.714285714286,7.262010709715637,5635956.248465855
264.2857142857143,575.7142857142858,2771.4285714285716,7.224216691151964,5650520.368329921
264.2857142857143,575.7142857142858,2937.1428571428573,7.18945829034311,5662296.425610739
264.2857142857143,575.7142857142858,3102.857142857143,7.15741144719399,5671812.320502616
264.2857142857143,575.7142857142858,3268.571428571429,7.127791917034699,5679486.330473378
264.2857142857143,575.7142857142858,3434.2857142857147,7.100350392300711,5685652.0514080385
264.2857142857143,575.7142857142858,3600.0,7.074868021543678,5690577.209129349
264.2857142857143,622.8571428571429,120.0,8.376505967145125,4587610.350831267
264.2857142857143,622.8571428571429,285.7142857142857,8.30739358254151,4189666.399297033
264.2857142857143,622.8571428571429,451.42857142857144,8.215541368538501,4452543.425898825
264.2857142857143,622.8571428571429,617.1428571428571,8.114792543554007,4727671.374064576
264.2857142857143,622.8571428571429,782.8571428571429,8.013175391295537,4959164.673603554
264.2857142857143,622.8571428571429,948.5714285714287,7.915316616146732,5144808.814662105
264.2857142857143,622.8571428571429,1114.2857142857142,7.82360066062241,5291467.983880736
264.2857142857143,622.8571428571429,1280.0,7.738989578106443,5406960.096345098
264.2857142857143,622.8571428571429,1445.7142857142858,7.66161881647888,5498090.564860836
264.2857142857143,622.8571428571429,1611.4285714285716,7.591184534999794,5570311.89843014
264.2857142857143,622.8571428571429,1777.1428571428573,7.5271760559311955,5627852.392511247
264.2857142857143,622.8571428571429,1942.857142857143,7.46900772931796,5673950.403311859
264.2857142857143,622.8571428571429,2108.5714285714284,7.416089929626289,5711079.012525904
264.2857142857143,622.8571428571429,2274.285714285714,7.367864719793775,5741130.790372877
264.2857142857143,622.8571428571429,2440.0,7.323821624087544,5765560.87215555
264.2857142857143,622.8571428571429,2605.714285714286,7.28350254723393,5785494.866046147
264.2857142857143,622.8571428571429,2771.4285714285716,7.246501022104037,5801809.348564185
264.2857142857143,622.8571428571429,2937.1428571428573,7.2124587078223374,5815191.731536029
264.2857142857143,622.8571428571429,3102.857142857143,7.181060753983798,5826184.849468922
264.2857142857143,622.8571428571429,3268.571428571429,7.152030899251845,5835220.297257344
264.2857142857143,622.8571428571429,3434.2857142857147,7.125126748906378,5842643.490251615
264.2857142857143,622.8571428571429,3600.0,7.100135438673604,5848732.618102905
264.2857142857143,670.0,120.0,8.374981646675847,4751374.51351922
264.2857142857143,670.0,285.7142857142857,8.306084153350799,4308763.984026708
264.2857142857143,670.0,451.42857142857144,8.215539979225266,4563450.231669123
264.2857142857143,670.0,617.1428571428571,8.116682721856703,4838411.450906371
264.2857142857143,670.0,782.8571428571429,8.017198072572517,5072335.959157208
264.2857142857143,670.0,948.5714285714287,7.921499784204324,5261321.064271217
264.2857142857143,670.0,1114.2857142857142,7.831852911803888,5411561.678110937
264.2857142857143,670.0,1280.0,7.7491615870087,5530582.136261146
264.2857142857143,670.0,1445.7142857142858,7.673540098359202,5625058.165846635
264.2857142857143,670.0,1611.4285714285716,7.604683751790943,5700390.6376249995
264.2857142857143,670.0,1777.1428571428573,7.542091292524062,5760794.780203361
264.2857142857143,670.0,1942.857142857143,7.485191001073979,5809514.8949148115
264.2857142857143,670.0,2108.5714285714284,7.433408526635891,5849038.918046633
264.2857142857143,670.0,2274.285714285714,7.386200909275012,5881277.8707934255
264.2857142857143,670.0,2440.0,7.343071571435553,5907706.149084104
264.2857142857143,670.0,2605.714285714286,7.303574928410316,5929468.00981037
264.2857142857143,670.0,2771.4285714285716,7.26731557772014,5947457.390713213
264.2857142857143,670.0,2937.1428571428573,7.233944864070717,5962377.508872234
264.2857142857143,670.0,3102.857142857143,7.203156366375197,5974785.398247161
264.2857142857143,670.0,3268.571428571429,7.174681137826898,5985125.310469999
264.2857142857143,670.0,3434.2857142857147,7.148283124299467,5993753.891603885
264.2857142857143,670.0,3600.0,7.123754959139228,6000959.273315232
264.2857142857143,717.1428571428572,120.0,8.373547804292755,4908728.906077438
264.2857142857143,717.1428571428572,285.7142857142857,8.304905328481775,4423725.759712811
264.2857142857143,717.1428571428572,451.42857142857144,8.215615445422644,4670647.712638344
264.2857142857143,717.1428571428572,617.1428571428571,8.118535691990203,4945512.461161354
264.2857142857143,717.1428571428572,782.8571428571429,8.021040433432912,5181810.836790286
264.2857142857143,717.1428571428572,948.5714285714287,7.92735142094785,5374026.02397941
264.2857142857143,717.1428571428572,1114.2857142857142,7.839626546865547,5527716.174457242
264.2857142857143,717.1428571428572,1280.0,7.758718219102702,5650128.183621921
264.2857142857143,717.1428571428572,1445.7142857142858,7.684722078088536,5747816.3217363795
264.2857142857143,717.1428571428572,1611.4285714285716,7.617333022543184,5826133.857570102
264.2857142857143,717.1428571428572,1777.1428571428573,7.556058606411657,5889284.689631878
264.2857142857143,717.1428571428572,1942.857142857143,7.500339948059232,5940519.5379262185
264.2857142857143,717.1428571428572,2108.5714285714284,7.44961672033092,5982340.989546979
264.2857142857143,717.1428571428572,2274.285714285714,7.403359697138605,6016677.970399315
264.2857142857143,717.1428571428572,2440.0,7.36108504301223,6045023.439169698
264.2857142857143,717.1428571428572,2605.714285714286,7.322358646763103,6068539.5591692105
264.2857142857143,717.1428571428572,2771.4285714285716,7.2867952593822825,6088136.900923037
264.2857142857143,717.1428571428572,2937.1428571428573,7.254055120254856,6104533.8020022875
264.2857142857143,717.1428571428572,3102.857142857143,7.223839555899801,6118300.868099709
264.2857142857143,717.1428571428572,3268.571428571429,7.195886348622634,6129894.440951882
264.2857142857143,717.1428571428572,3434.2857142857147,7.169965282950161,6139681.890723664
264.2857142857143,717.1428571428572,3600.0,7.145874059532574,6147960.840813601
264.2857142857143,764.2857142857143,120.0,8.372197377567032,5060157.477268847
264.2857142857143,764.2857142857143,285.7142857142857,8.303840171215391,4534937.723271362
264.2857142857143,764.2857142857143,451.42857142857144,8.215751959884512,4774510.457117751
264.2857142857143,764.2857142857143,617.1428571428571,8.120345163459346,5049356.291053407
264.2857142857143,764.2857142857143,782.8571428571429,8.024710183739433,5287985.629261738
264.2857142857143,764.2857142857143,948.5714285714287,7.932894837731051,5483337.304385085
264.2857142857143,764.2857142857143,1114.2857142857142,7.846960324760744,5640363.061873148
264.2857142857143,764.2857142857143,1280.0,7.76771260854531,5766047.334693399
264.2857142857143,764.2857142857143,1445.7142857142858,7.695230800709407,5866830.570725551
264.2857142857143,764.2857142857143,1611.4285714285716,7.629209745990694,5948022.211780387
264.2857142857143,764.2857142857143,1777.1428571428573,7.569165254810271,6013816.493506256
264.2857142857143,764.2857142857143,1942.857142857143,7.51455032336079,6067471.063915239
264.2857142857143,764.2857142857143,2108.5714285714284,7.464817553871286,6111503.046274449
264.2857142857143,764.2857142857143,2274.285714285714,7.419450367794412,6147858.837021283
264.2857142857143,764.2857142857143,2440.0,7.3779766613687965,6178049.377517357
264.2857142857143,764.2857142857143,2605.714285714286,7.339972889788744,6203254.109390426
264.2857142857143,764.2857142857143,2771.4285714285716,7.305063159498164,6224399.613520302
264.2857142857143,764.2857142857143,2937.1428571428573,7.272915910881151,6242218.759126888
264.2857142857143,764.2857142857143,3102.857142857143,7.243239619200971,6257295.18135536
264.2857142857143,764.2857142857143,3268.571428571429,7.215778280742141,6270096.820781026
264.2857142857143,764.2857142857143,3434.2857142857147,7.190307076237242,6281001.331149783
264.2857142857143,764.2857142857143,3600.0,7.1666283936509645,6290315.435068692
264.2857142857143,811.4285714285714,120.0,8.370924052833873,5206086.046168193
264.2857142857143,811.4285714285714,285.7142857142857,8.302874638696949,4642729.569405716
264.2857142857143,811.4285714285714,451.42857142857144,8.215937258337096,4875354.353151259
264.2857142857143,811.4285714285714,617.1428571428571,8.122107617745293,5150262.847742414
264.2857142857143,811.4285714285714,782.8571428571429,8.028216201780813,5391191.115038736
264.2857142857143,811.4285714285714,948.5714285714287,7.938152570282949,5589599.382518679
264.2857142857143,811.4285714285714,1114.2857142857142,7.853890257890043,5749861.350960329
264.2857142857143,811.4285714285714,1280.0,7.776193313501346,5878712.906216838
264.2857142857143,811.4285714285714,1445.7142857142858,7.705126121228848,5982487.760036492
264.2857142857143,811.4285714285714,1611.4285714285716,7.640383751765339,6066455.051673529
264.2857142857143,811.4285714285714,1777.1428571428573,7.581489773095007,6134800.941105509
264.2857142857143,811.4285714285714,1942.857142857143,7.527908210317321,6190790.527897127
264.2857142857143,811.4285714285714,2108.5714285714284,7.479103631718045,6236955.419785786
264.2857142857143,811.4285714285714,2274.285714285714,7.4345711510661525,6275259.134553527
264.2857142857143,811.4285714285714,2440.0,7.393849507773354,6307230.1080196425
264.2857142857143,811.4285714285714,2605.714285714286,7.356524925125964,6334064.522465599
264.2857142857143,811.4285714285714,2771.4285714285716,7.322230162039402,6356704.431480578
264.2857142857143,811.4285714285714,2937.1428571428573,7.2906412480808225,6375896.724348101
264.2857142857143,811.4285714285714,3102.857142857143,7.261473278357838,6392237.592575879
264.2857142857143,811.4285714285714,3268.571428571429,7.234476007528512,6406206.145616073
264.2857142857143,811.4285714285714,3434.2857142857147,7.209429620628954,6418189.934233751
264.2857142857143,811.4285714285714,3600.0,7.186140855844652,6428504.435031266
264.2857142857143,858.5714285714287,120.0,8.369722160492538,5346892.00950221
264.2857142857143,858.5714285714287,285.7142857142857,8.3019969655275,4747385.579391545
264.2857142857143,858.5714285714287,451.42857142857144,8.21616170790712,4973448.626687211
264.2857142857143,858.5714285714287,617.1428571428571,8.123821379274315,5248503.151246024
264.2857142857143,858.5714285714287,782.8571428571429,8.031567766066813,5491706.597124776
264.2857142857143,858.5714285714287,948.5714285714287,7.943145851583757,5693102.574979574
264.2857142857143,858.5714285714287,1114.2857142857142,7.860449340705891,5856513.272115329
264.2857142857143,858.5714285714287,1280.0,7.7842042791662225,5988438.9742212
264.2857142857143,858.5714285714287,1445.7142857142858,7.714461864752966,6095113.2410435155
264.2857142857143,858.5714285714287,1611.4285714285716,7.650917615945264,6181768.197877069
264.2857142857143,858.5714285714287,1777.1428571428573,7.593102405689373,6252583.432387473
264.2857142857143,858.5714285714287,1942.857142857143,7.540490533001225,6310832.019696168
264.2857142857143,858.5714285714287,2108.5714285714284,7.492557679164226,6359060.04496439
264.2857142857143,858.5714285714287,2274.285714285714,7.448809805386805,6399247.863541556
264.2857142857143,858.5714285714287,2440.0,7.408795708380625,6432940.99024551
264.2857142857143,858.5714285714287,2605.714285714286,7.372110673085982,6461351.88305215
264.2857142857143,858.5714285714287,2771.4285714285716,7.3383954882622575,6485437.599410706
264.2857142857143,858.5714285714287,2937.1428571428573,7.307333230210284,6505958.600184606
264.2857142857143,858.5714285714287,3102.857142857143,7.278645144401321,6523523.216950261
264.2857142857143,858.5714285714287,3268.571428571429,7.2520863389437,6538621.348600144
264.2857142857143,858.5714285714287,3434.2857142857147,7.227441654419742,6551650.100979303
264.2857142857143,858.5714285714287,3600.0,7.204521878854694,6562933.398711912
264.2857142857143,905.7142857142858,120.0,8.368586589268016,5482911.9594919905
264.2857142857143,905.7142857142858,285.7142857142857,8.301197203517564,4849152.921052757
264.2857142857143,905.7142857142858,451.42857142857144,8.21641766080061,5069024.885773609
264.2857142857143,905.7142857142858,617.1428571428571,8.125486000514258,5344309.092174016
264.2857142857143,905.7142857142858,782.8571428571429,8.034774107513122,5589770.341516298
264.2857142857143,905.7142857142858,948.5714285714287,7.9478943906382264,5794094.118586549
264.2857142857143,905.7142857142858,1114.2857142857142,7.866667564399452,5960575.949763112
264.2857142857143,905.7142857142858,1280.0,7.791785070332419,6095492.5863173455
264.2857142857143,905.7142857142858,1445.7142857142858,7.723286246729722,6204983.562005857
264.2857142857143,905.7142857142858,1611.4285714285716,7.6608672354081495,6294247.057466342
264.2857142857143,905.7142857142858,1777.1428571428573,7.604065802180233,6367457.507781821
264.2857142857143,905.7142857142858,1942.857142857143,7.552365845037155,6427896.479417067
264.2857142857143,905.7142857142858,2108.5714285714284,7.505253398784536,6478124.559655994
264.2857142857143,905.7142857142858,2274.285714285714,7.462244520782923,6520138.70865498
264.2857142857143,905.7142857142858,2440.0,7.42289736629461,6555501.1631955635
264.2857142857143,905.7142857142858,2605.714285714286,7.386815653521047,6585440.251217985
264.2857142857143,905.7142857142858,2771.4285714285716,7.353647646819941,6610927.621724672
264.2857142857143,905.7142857142858,2937.1428571428573,7.323082985914296,6632736.910855565
264.2857142857143,905.7142857142858,3102.857142857143,7.294848647914723,6651488.221145206
264.2857142857143,905.7142857142858,3268.571428571429,7.26870473283934,6667681.903619004
264.2857142857143,905.7142857142858,3434.2857142857147,7.244440425070161,6681724.314585303
264.2857142857143,905.7142857142858,3600.0,7.221870293654426,6693947.553624544
264.2857142857143,952.8571428571429,120.0,8.367512715102002,5614447.7578941295
264.2857142857143,952.8571428571429,285.7142857142857,8.300466872205835,4948248.080023861
264.2857142857143,952.8571428571429,451.42857142857144,8.216698987615512,5162284.0323081035
264.2857142857143,952.8571428571429,617.1428571428571,8.127101849295297,5437880.832914608
264.2857142857143,952.8571428571429,782.8571428571429,8.037844154895222,5685587.46122669
264.2857142857143,952.8571428571429,948.5714285714287,7.952416320604324,5892786.519259788
264.2857142857143,952.8571428571429,1114.2857142857142,7.872572073544103,6062270.186631111
264.2857142857143,952.8571428571429,1280.0,7.798971221394805,6200102.944365194
264.2857142857143,952.8571428571429,1445.7142857142858,7.7316423918402695,6312336.009055006
264.2857142857143,952.8571428571429,1611.4285714285716,7.670282488558596,6404136.4834635025
264.2857142857143,952.8571428571429,1777.1428571428573,7.61443579377202,6479674.988691601
264.2857142857143,952.8571428571429,1942.857142857143,7.563595198215951,6542242.084762797
264.2857142857143,952.8571428571429,2108.5714285714284,7.517256410731245,6594412.90829898
264.2857142857143,952.8571428571429,2274.285714285714,7.474944913469152,6638200.831775714
264.2857142857143,952.8571428571429,2440.0,7.436227595925491,6675184.504402756
264.2857142857143,952.8571428571429,2605.714285714286,7.400716047910842,6706607.767185536
264.2857142857143,952.8571428571429,2771.4285714285716,7.368065513689288,6733456.495378859
264.2857142857143,952.8571428571429,2937.1428571428573,7.3379717638098105,6756517.147723163
264.2857142857143,952.8571428571429,3102.857142857143,7.310167131898117,6776421.268218117
264.2857142857143,952.8571428571429,3268.571428571429,7.284416385673617,6793679.358208524
264.2857142857143,952.8571428571429,3434.2857142857147,7.260512773478942,6808706.75138229
264.2857142857143,952.8571428571429,3600.0,7.238274403828457,6821843.477081548
264.2857142857143,1000.0,120.0,8.366496341543789,5741771.446818514
264.2857142857143,1000.0,285.7142857142857,8.29979868949471,5044861.915789259
264.2857142857143,1000.0,451.42857142857144,8.217000734832896,5253401.624745761
264.2857142857143,1000.0,617.1428571428571,8.128669828741986,5529392.509547257
264.2857142857143,1000.0,782.8571428571429,8.040786397821101,5779335.966138774
264.2857142857143,1000.0,948.5714285714287,7.956728238466943,5989363.944184352
264.2857142857143,1000.0,1114.2857142857142,7.87818738602107,6161787.180828337
264.2857142857143,1000.0,1280.0,7.805794623831374,6302468.421585504
264.2857142857143,1000.0,1445.7142857142858,7.7395688691417766,6417375.8950241655
264.2857142857143,1000.0,1611.4285714285716,7.679207896264114,6511648.306555054
264.2857142857143,1000.0,1777.1428571428573,7.62426215889195,6589453.7245339
264.2857142857143,1000.0,1942.857142857143,7.574232993635248,6654092.188026966
264.2857142857143,1000.0,2108.5714285714284,7.528625172697262,6708153.446064682
264.2857142857143,1000.0,2274.285714285714,7.486973000352671,6753667.123095086
264.2857142857143,1000.0,2440.0,7.448851539999803,6792228.010273916
264.2857142857143,1000.0,2605.714285714286,7.413879748825356,6825095.145465374
264.2857142857143,1000.0,2771.4285714285716,7.381719405738894,6853268.304357119
264.2857142857143,1000.0,2937.1428571428573,7.352072023256162,6877546.452452342
264.2857142857143,1000.0,3102.857142857143,7.32467495404857,6898572.27930689
264.2857142857143,1000.0,3268.571428571429,7.299297341619138,6916866.164953426
264.2857142857143,1000.0,3434.2857142857147,7.2757362460750015,6932852.174258931
264.2857142857143,1000.0,3600.0,7.25381309750088,6946878.044946529
300.0,10.0,120.0,8.409907798367833,1403266.2640209135
300.0,10.0,285.7142857142857,8.372716654197362,1653933.7061877002
300.0,10.0,451.42857142857144,8.297071739232912,1937417.5356959035
300.0,10.0,617.1428571428571,8.198698230463627,2111906.389100807
300.0,10.0,782.8571428571429,8.09220208258894,2210641.7065809933
300.0,10.0,948.5714285714287,7.987747265980747,2258618.8710617125
300.0,10.0,1114.2857142857142,7.890959490278547,2273699.7749211127
300.0,10.0,1280.0,7.804162018425031,2268277.453880043
300.0,10.0,1445.7142857142858,7.72772046973155,2250626.872961573
300.0,10.0,1611.4285714285716,7.661011738413125,2226109.995473074
300.0,10.0,1777.1428571428573,7.6030055176889135,2198124.7518924437
300.0,10.0,1942.857142857143,7.552575153496313,2168783.9431442535
300.0,10.0,2108.5714285714284,7.508646857350108,2139374.175372682
300.0,10.0,2274.285714285714,7.470260738592397,2110656.4841177226
300.0,10.0,2440.0,7.436587037349155,2083060.0244142476
300.0,10.0,2605.714285714286,7.406921381907177,2056805.8762171303
300.0,10.0,2771.4285714285716,7.380671494686813,2031985.9232198237
300.0,10.0,2937.1428571428573,7.357341506964466,2008613.0529672673
300.0,10.0,3102.857142857143,7.336516732830754,1986653.0816098219
300.0,10.0,3268.571428571429,7.31785006298609,1966045.0193286873
300.0,10.0,3434.2857142857147,7.301050310545954,1946713.8790541624
300.0,10.0,3600.0,7.2858724597574,1928578.7035646485
300.0,57.142857142857146,120.0,8.403321855915385,2021097.4583149338
300.0,57.142857142857146,285.7142857142857,8.34722231146215,2239209.147965963
300.0,57.142857142857146,451.42857142857144,8.244291515445353,2579313.1685605776
300.0,57.142857142857146,617.1428571428571,8.115005721152611,2815965.704386612
300.0,57.142857142857146,782.8571428571429,7.9760943053757,2971780.8617966273
300.0,57.142857142857146,948.5714285714287,7.838759716200235,3069811.078489934
300.0,57.142857142857146,1114.2857142857142,7.709335482624537,3127694.182037058
300.0,57.142857142857146,1280.0,7.590714503950339,3158257.1878601937
300.0,57.142857142857146,1445.7142857142858,7.483700409879772,3170519.656389452
300.0,57.142857142857146,1611.4285714285716,7.3879671182487625,3170693.7999825887
300.0,57.142857142857146,1777.1428571428573,7.302651821519055,3163010.0546360677
300.0,57.142857142857146,1942.857142857143,7.226691550311518,3150333.125965739
300.0,57.142857142857146,2108.5714285714284,7.159001184937249,3134597.5609790795
300.0,57.142857142857146,2274.285714285714,7.0985598883107475,3117107.194556425
300.0,57.142857142857146,2440.0,7.044447120767383,3098738.272634558
300.0,57.142857142857146,2605.714285714286,6.995852145048722,3080076.5666963384
300.0,57.142857142857146,2771.4285714285716,6.952070419155527,3061509.940953055
300.0,57.142857142857146,2937.1428571428573,6.912494168272719,3043291.031189609
300.0,57.142857142857146,3102.857142857143,6.876600977734979,3025579.876775141
300.0,57.142857142857146,3268.571428571429,6.843942339847972,3008473.0670955884
300.0,57.142857142857146,3434.2857142857147,6.814133050787849,2992023.772347309
300.0,57.142857142857146,3600.0,6.786841804347863,2976255.576618578
300.0,104.28571428571429,120.0,8.3985580895918,2451318.9390752884
300.0,104.28571428571429,285.7142857142857,8.335049698090174,2596217.094719366
300.0,104.28571428571429,451.42857142857144,8.226276145297868,2942491.2887541815
300.0,104.28571428571429,617.1428571428571,8.09340391882894,3198389.124905268
300.0,104.28571428571429,782.8571428571429,7.952296135921905,3376020.920966945
300.0,104.28571428571429,948.5714285714287,7.813238221658194,3495398.647548638
300.0,104.28571428571429,1114.2857142857142,7.68198547989924,3572989.59199634
300.0,104.28571428571429,1280.0,7.561172892921955,3621196.538364089
300.0,104.28571428571429,1445.7142857142858,7.451549583789121,3648979.371097138
300.0,104.28571428571429,1611.4285714285716,7.352837494199545,3662669.986126261
300.0,104.28571428571429,1777.1428571428573,7.264260891388046,3666696.5278781266
300.0,104.28571428571429,1942.857142857143,7.184849278052917,3664144.152744891
300.0,104.28571428571429,2108.5714285714284,7.113600227872384,3657162.1351222196
300.0,104.28571428571429,2274.285714285714,7.049560655583505,3647250.1986529618
300.0,104.28571428571429,2440.0,6.991862528859776,3635456.9520573
300.0,104.28571428571429,2605.714285714286,6.939734112174129,3622516.680918496
300.0,104.28571428571429,2771.4285714285716,6.892498719824918,3608943.656194624
300.0,104.28571428571429,2937.1428571428573,6.8495676151629326,3595097.3662414746
300.0,104.28571428571429,3102.857142857143,6.810430638413033,3581227.864940283
300.0,104.28571428571429,3268.571428571429,6.774646427165388,3567507.485020325
300.0,104.28571428571429,3434.2857142857147,6.741833141629273,3554053.1564142713
300.0,104.28571428571429,3600.0,6.711660089010051,3540942.2119990187
300.0,151.42857142857144,120.0,8.394572976448277,2810155.4018872515
300.0,151.42857142857144,285.7142857142857,8.327068952026664,2877118.4153624754
300.0,151.42857142857144,451.42857142857144,8.217191318227307,3218099.248959424
300.0,151.42857142857144,617.1428571428571,8.085801974400944,3482487.2659155065
300.0,151.42857142857144,782.8571428571429,7.947625021410673,3672519.856445945
300.0,151.42857142857144,948.5714285714287,7.8119771046735265,3805175.9443175355
300.0,151.42857142857144,1114.2857142857142,7.684007773810924,3895672.40558454
300.0,151.42857142857144,1280.0,7.566050071387412,3955866.025752779
300.0,151.42857142857144,1445.7142857142858,7.458746184653992,3994512.3206603443
300.0,151.42857142857144,1611.4285714285716,7.3618181321745,4017913.7635868164
300.0,151.42857142857144,1777.1428571428573,7.2745407708501215,4030555.9348404687
300.0,151.42857142857144,1942.857142857143,7.196012607691002,4035619.9843065655
300.0,151.42857142857144,2108.5714285714284,7.125302061741352,4035363.565397025
300.0,151.42857142857144,2274.285714285714,7.061521096868555,4031393.5705341445
300.0,151.42857142857144,2440.0,7.003858094778358,4024858.058914958
300.0,151.42857142857144,2605.714285714286,6.95158866762258,4016580.443990573
300.0,151.42857142857144,2771.4285714285716,6.904075078642219,4007153.2701407443
300.0,151.42857142857144,2937.1428571428573,6.8607602238709005,3997003.94824692
300.0,151.42857142857144,3102.857142857143,6.82115941859849,3986441.067583801
300.0,151.42857142857144,3268.571428571429,6.784851698486623,3975687.2233739262
300.0,151.42857142857144,3434.2857142857147,6.751471488453002,3964902.440565381
300.0,151.42857142857144,3600.0,6.720701021593628,3954201.0007942915
300.0,198.57142857142858,120.0,8.391104341242512,3125402.536018705
300.0,198.57142857142858,285.7142857142857,8.321249831182337,3115842.803347167
300.0,198.57142857142858,451.42857142857144,8.21199829348463,3447471.6945204777
300.0,198.57142857142858,617.1428571428571,8.083546021613602,3716016.240788484
300.0,198.57142857142858,782.8571428571429,7.949531303035627,3914419.7670157277
300.0,198.57142857142858,948.5714285714287,7.818423619904734,4056746.611212753
300.0,198.57142857142858,1114.2857142857142,7.694852198708858,4156994.212291755
300.0,198.57142857142858,1280.0,7.580886613343273,4226463.330660029
300.0,198.57142857142858,1445.7142857142858,7.477068939701667,4273670.841169751
300.0,198.57142857142858,1611.4285714285716,7.383112212978498,4304843.71448185
300.0,198.57142857142858,1777.1428571428573,7.298327254739752,4324475.797425678
300.0,198.57142857142858,1942.857142857143,7.2218668487846704,4335797.166263413
300.0,198.57142857142858,2108.5714285714284,7.15285779238982,4341131.45386982
300.0,198.57142857142858,2274.285714285714,7.0904675741499315,4342155.893598227
300.0,198.57142857142858,2440.0,7.03393429401216,4340086.716791407
300.0,198.57142857142858,2605.714285714286,6.982576618463034,4335810.263294451
300.0,198.57142857142858,2771.4285714285716,6.935793371150621,4329975.581092775
300.0,198.57142857142858,2937.1428571428573,6.893058134453099,4323059.996368434
300.0,198.57142857142858,3102.857142857143,6.853911805135915,4315415.767771775
300.0,198.57142857142858,3268.571428571429,6.817954665708223,4307303.483024086
300.0,198.57142857142858,3434.2857142857147,6.784838758000029,4298916.125158521
300.0,198.57142857142858,3600.0,6.75426091715138,4290396.535218137
300.0,245.71428571428572,120.0,8.388024767166232,3409619.458804094
300.0,245.71428571428572,285.7142857142857,8.316756022506182,3326784.209198465
300.0,245.71428571428572,451.42857142857144,8.208857348998231,3647563.3553864653
300.0,245.71428571428572,617.1428571428571,8.083731059342904,3918206.902260955
300.0,245.71428571428572,782.8571428571429,7.954044125773784,4122898.650879565
300.0,245.71428571428572,948.5714285714287,7.82754816554087,4272934.482796692
300.0,245.71428571428572,1114.2857142857142,7.708438852695874,4381153.095324673
300.0,245.71428571428572,1280.0,7.598566387469969,4458320.907506212
300.0,245.71428571428572,1445.7142857142858,7.498388212552301,4512715.017925017
300.0,245.71428571428572,1611.4285714285716,7.407608133035923,4550473.144633424
300.0,245.71428571428572,1777.1428571428573,7.325565499917995,4576077.848355254
300.0,245.71428571428572,1942.857142857143,7.251457591739068,4592786.965808099
300.0,245.71428571428572,2108.5714285714284,7.184459892362824,4602969.652241558
300.0,245.71428571428572,2274.285714285714,7.123786870339421,4608354.85612362
300.0,245.71428571428572,2440.0,7.068719275703811,4610210.600682278
300.0,245.71428571428572,2605.714285714286,7.018613217607311,4609472.045986899
300.0,245.71428571428572,2771.4285714285716,6.972899757847695,4606832.750111401
300.0,245.71428571428572,2937.1428571428573,6.9310799211405225,4602809.834189145
300.0,245.71428571428572,3102.857142857143,6.892717812991439,4597790.721829607
300.0,245.71428571428572,3268.571428571429,6.857433278323377,4592066.859851089
300.0,245.71428571428572,3434.2857142857147,6.824894826489258,4585858.207490709
300.0,245.71428571428572,3600.0,6.794813155967033,4579331.1447798
300.0,292.8571428571429,120.0,8.38525679924639,3669929.788974752
300.0,292.8571428571429,285.7142857142857,8.31315655833328,3517644.9000769714
300.0,292.8571428571429,451.42857142857144,8.206921088330052,3827166.3430114486
300.0,292.8571428571429,617.1428571428571,8.085130269207852,4098855.758690854
300.0,292.8571428571429,782.8571428571429,7.9595969442780365,4308633.653363983
300.0,292.8571428571429,948.5714285714287,7.837465558919943,4465178.322778563
300.0,292.8571428571429,1114.2857142857142,7.722570389780343,4580237.891631513
300.0,292.8571428571429,1280.0,7.616579756935971,4664075.748356908
300.0,292.8571428571429,1445.7142857142858,7.519881049187017,4724739.590760332
300.0,292.8571428571429,1611.4285714285716,7.432170550002082,4768276.362305726
300.0,292.8571428571429,1777.1428571428573,7.35281158499276,4799149.635356591
300.0,292.8571428571429,1942.857142857143,7.281038930085602,4820634.630429796
300.0,292.8571428571429,2108.5714285714284,7.216069325258732,4835134.994776444
300.0,292.8571428571429,2274.285714285714,7.157157306238441,4844420.78407254
300.0,292.8571428571429,2440.0,7.103620252342759,4849802.136126597
300.0,292.8571428571429,2605.714285714286,7.054846666728095,4852254.468697134
300.0,292.8571428571429,2771.4285714285716,7.010295715373871,4852508.412271586
300.0,292.8571428571429,2937.1428571428573,6.969492533815307,4851114.494317762
300.0,292.8571428571429,3102.857142857143,6.932021781874599,4848489.8520297045
300.0,292.8571428571429,3268.571428571429,6.897520770527544,4844952.15634137
300.0,292.8571428571429,3434.2857142857147,6.8656728334734725,4840744.407921377
300.0,292.8571428571429,3600.0,6.83620125383042,4836053.1859192625
300.0,340.0,120.0,8.382747505155796,3910914.523313278
300.0,340.0,285.7142857142857,8.310199227347315,3693118.3968151016
300.0,340.0,451.42857142857144,8.205743269770291,3991486.6478787987
300.0,340.0,617.1428571428571,8.087154002123155,4263670.123457532
300.0,340.0,782.8571428571429,7.9654954476050905,4477786.9872845635
300.0,340.0,948.5714285714287,7.847395322703184,4640044.742825286
300.0,340.0,1114.2857142857142,7.736384129731747,4761168.646849785
300.0,340.0,1280.0,7.6339783439642845,4850952.2904114295
300.0,340.0,1445.7142857142858,7.5405073566783765,4917228.210272907
300.0,340.0,1611.4285714285716,7.455661825316358,4965956.015665662
300.0,340.0,1777.1428571428573,7.37882587950446,5001577.876418866
300.0,340.0,1942.857142857143,7.309266519900722,5027381.117226282
300.0,340.0,2108.5714285714284,7.246235955969708,5045797.476153708
300.0,340.0,2274.285714285714,7.1890232689625,5058631.560308374
300.0,340.0,2440.0,7.136977542365757,5067229.410265908
300.0,340.0,2605.714285714286,7.089515442147053,5072601.0597121725
300.0,340.0,2771.4285714285716,7.046120684093587,5075509.213617859
300.0,340.0,2937.1428571428573,7.0063395700811295,5076533.444664602
300.0,340.0,3102.857142857143,6.9697748964555375,5076116.832901521
300.0,340.0,3268.571428571429,6.936079466092274,5074600.030502622
300.0,340.0,3434.2857142857147,6.904949830940139,5072246.298483579
300.0,340.0,3600.0,6.876120555162586,5069260.032649047
300.0,387.14285714285717,120.0,8.380458046783625,4135765.426180219
300.0,387.14285714285717,285.7142857142857,8.307723522403442,3856316.522328084
300.0,387.14285714285717,451.42857142857144,8.205066947063347,4143887.1384658413
300.0,387.14285714285717,617.1428571428571,8.089494469388255,4416283.448903478
300.0,387.14285714285717,782.8571428571429,7.971412172765033,4634249.275565937
300.0,387.14285714285717,948.5714285714287,7.857004311132153,4801660.439740263
300.0,387.14285714285717,1114.2857142857142,7.749543420389414,4928283.55571346
300.0,387.14285714285717,1280.0,7.650417935376488,5023474.653449788
300.0,387.14285714285717,1445.7142857142858,7.559908896784394,5094866.194974204
300.0,387.14285714285717,1611.4285714285716,7.477702976313769,5148335.869974634
300.0,387.14285714285717,1777.1428571428573,7.403202711294716,5188304.529668311
300.0,387.14285714285717,1942.857142857143,7.335703207426221,5218068.935661365
300.0,387.14285714285717,2108.5714285714284,7.274487551309592,5240085.005371244
300.0,387.14285714285717,2274.285714285714,7.218874929577971,5256187.593059544
300.0,387.14285714285717,2440.0,7.16824211807631,5267754.402763337
300.0,387.14285714285717,2605.714285714286,7.122030453151046,5275826.136750824
300.0,387.14285714285717,2771.4285714285716,7.079745225810626,5281194.014433815
300.0,387.14285714285717,2937.1428571428573,7.040951403955422,5284463.503864534
300.0,387.14285714285717,3102.857142857143,7.005267835449715,5286100.873437925
300.0,387.14285714285717,3268.571428571429,6.972361084444034,5286467.364675869
300.0,387.14285714285717,3434.2857142857147,6.941939488227214,5285844.430230979
300.0,387.14285714285717,3600.0,6.913747706859592,5284452.496874974
300.0,434.28571428571433,120.0,8.37835855377124,4346833.158228946
300.0,434.28571428571433,285.7142857142857,8.305620990775822,4009428.750258995
300.0,434.28571428571433,451.42857142857144,8.204734320408582,4286678.931181764
300.0,434.28571428571433,617.1428571428571,8.091981941932469,4559160.668391501
300.0,434.28571428571433,782.8571428571429,7.977189392206044,4780640.763580746
300.0,434.28571428571433,948.5714285714287,7.866157018420262,4952793.486747162
300.0,434.28571428571433,1114.2857142857142,7.76193603918191,5084486.518069674
300.0,434.28571428571433,1280.0,7.665805792997974,5184668.488881163
300.0,434.28571428571433,1445.7142857142858,7.578006648332686,5260786.481409772
300.0,434.28571428571433,1611.4285714285716,7.498222607296859,5318642.332118629
300.0,434.28571428571433,1777.1428571428573,7.425872706698162,5362636.856681025
300.0,434.28571428571433,1942.857142857143,7.36027685211268,5396075.000648223
300.0,434.28571428571433,2108.5714285714284,7.300745298060118,5421434.380338576
300.0,434.28571428571433,2274.285714285714,7.246623724596422,5440577.135056904
300.0,434.28571428571433,2440.0,7.197313311449023,5454909.598846951
300.0,434.28571428571433,2605.714285714286,7.152277179369652,5465500.2508683335
300.0,434.28571428571433,2771.4285714285716,7.111039715488246,5473166.17443207
300.0,434.28571428571433,2937.1428571428573,7.073182451140953,5478536.359049636
300.0,434.28571428571433,3102.857142857143,7.038338515809754,5482098.165116216
300.0,434.28571428571433,3268.571428571429,7.006186751299314,5484231.588164445
300.0,434.28571428571433,3434.2857142857147,6.976446039092206,5485234.673830347
300.0,434.28571428571433,3600.0,6.948870097425078,5485342.4911885
300.0,481.42857142857144,120.0,8.376425278164337,4545920.436585059
300.0,481.42857142857144,285.7142857142857,8.303814971886611,4154065.1613563546
300.0,481.42857142857144,451.42857142857144,8.204643624074869,4421525.924915083
300.0,481.42857142857144,617.1428571428571,8.094519424576207,4694056.116972214
300.0,481.42857142857144,782.8571428571429,7.982753091599154,4918814.466486069
300.0,481.42857142857144,948.5714285714287,7.874809845551923,5095394.642814115
300.0,481.42857142857144,1114.2857142857142,7.773549201438478,5231820.395000172
300.0,481.42857142857144,1280.0,7.680156615605233,5336660.7323078755
300.0,481.42857142857144,1445.7142857142858,7.594837923365627,5417191.170897411
300.0,481.42857142857144,1611.4285714285716,7.517275482839709,5479143.806045677
300.0,481.42857142857144,1777.1428571428573,7.4469032583879,5526901.257541431
300.0,481.42857142857144,1942.857142857143,7.383063249431903,5563776.195540786
300.0,481.42857142857144,2108.5714285714284,7.325089835501052,5592266.320066186
300.0,481.42857142857144,2274.285714285714,7.272352215437781,5614258.938445389
300.0,481.42857142857144,2440.0,7.2242732516773644,5631186.760568941
300.0,481.42857142857144,2605.714285714286,7.1803354485182895,5644143.845866578
300.0,481.42857142857144,2771.4285714285716,7.140080214981033,5653971.0985245565
300.0,481.42857142857144,2937.1428571428573,7.103103875937147,5661319.180014407
300.0,481.42857142857144,3102.857142857143,7.069052343151395,5666694.895654407
300.0,481.42857142857144,3268.571428571429,7.037615470932518,5670495.542886036
300.0,481.42857142857144,3434.2857142857147,7.008521619291022,5673034.487889614
300.0,481.42857142857144,3600.0,6.9815326672807005,5674560.330885922
300.0,528.5714285714286,120.0,8.374638871330601,4734452.877782245
300.0,528.5714285714286,285.7142857142857,8.30224933444755,4291450.864237677
300.0,528.5714285714286,451.42857142857144,8.20472666194542,4549670.251073328
300.0,528.5714285714286,617.1428571428571,8.097050371406587,4822266.123818117
300.0,528.5714285714286,782.8571428571429,7.988072286992888,5050131.995892907
300.0,528.5714285714286,948.5714285714287,7.882962813271453,5230893.026806686
300.0,528.5714285714286,1114.2857142857142,7.784413949439084,5371779.511539231
300.0,528.5714285714286,1280.0,7.693529618365823,5481006.24139003
300.0,528.5714285714286,1445.7142857142858,7.610486070727151,5565689.939753902
300.0,528.5714285714286,1611.4285714285716,7.5349648100298685,5631498.84262956
300.0,528.5714285714286,1777.1428571428573,7.466413403260379,5682799.4397763135
300.0,528.5714285714286,1942.857142857143,7.404193691999423,5722912.120984681
300.0,528.5714285714286,2108.5714285714284,7.347661650234309,5754353.599197695
300.0,528.5714285714286,2274.285714285714,7.296207516816393,5779034.788805186
300.0,528.5714285714286,2440.0,7.249273562273901,5798413.048016326
300.0,528.5714285714286,2605.714285714286,7.20635966014364,5813606.2982511055
300.0,528.5714285714286,2771.4285714285716,7.167022493934393,5825477.645352942
300.0,528.5714285714286,2937.1428571428573,7.130871684500264,5834697.943057833
300.0,528.5714285714286,3102.857142857143,7.097564651435173,5841792.114208358
300.0,528.5714285714286,3268.571428571429,7.066801181018732,5847173.580872322
300.0,528.5714285714286,3434.2857142857147,7.038318197135193,5851169.992882608
300.0,528.5714285714286,3600.0,7.011884965540226,5854042.572082465
300.0,575.7142857142858,120.0,8.37298326996339,4913585.289412003
300.0,575.7142857142858,285.7142857142857,8.300881798779345,4422543.694094784
300.0,575.7142857142858,451.42857142857144,8.204936301435911,4672066.510124131
300.0,575.7142857142858,617.1428571428571,8.09954167123956,4944777.936495968
300.0,575.7142857142858,782.8571428571429,7.993138609476477,5175625.236694223
300.0,575.7142857142858,948.5714285714287,7.890636320094321,5360368.84649448
300.0,575.7142857142858,1114.2857142857142,7.794579252698188,5505491.886456038
300.0,575.7142857142858,1280.0,7.705999927276521,5618878.109060859
300.0,575.7142857142858,1445.7142857142858,7.625049036143484,5707497.16711325
300.0,575.7142857142858,1611.4285714285716,7.551407832418639,5776958.9720389545
300.0,575.7142857142858,1777.1428571428573,7.484536350588705,5831616.00237737
300.0,575.7142857142858,1942.857142857143,7.423814375585933,5874796.623827455
300.0,575.7142857142858,2108.5714285714284,7.368617346085182,5909035.845102843
300.0,575.7142857142858,2274.285714285714,7.318354452833175,5936267.006115704
300.0,575.7142857142858,2440.0,7.272485454341262,5957970.755087341
300.0,575.7142857142858,2605.714285714286,7.230525888441973,5975287.498482064
300.0,575.7142857142858,2771.4285714285716,7.192046229578489,5989101.230881337
300.0,575.7142857142858,2937.1428571428573,7.156668118948737,6000101.788522369
300.0,575.7142857142858,3102.857142857143,7.12405939458619,6008831.1196213225
300.0,575.7142857142858,3268.571428571429,7.093928847759046,6015717.797232595
300.0,575.7142857142858,3434.2857142857147,7.066021178611074,6021102.89355738
300.0,575.7142857142858,3600.0,7.040112370443751,6025259.4936854085
300.0,622.8571428571429,120.0,8.371444938480156,5084271.300353194
300.0,622.8571428571429,285.7142857142857,8.2996797695079,4548109.260128968
300.0,622.8571428571429,451.42857142857144,8.205239133744934,4789466.001999774
300.0,622.8571428571429,617.1428571428571,8.101974216251026,5062362.297989011
300.0,622.8571428571429,782.8571428571429,7.997955600107614,5296096.305157226
300.0,622.8571428571429,948.5714285714287,7.897859566193785,5484659.859931354
300.0,622.8571428571429,1114.2857142857142,7.804099661660646,5633831.365702834
300.0,622.8571428571429,1280.0,7.717645400055314,5751184.68531058
300.0,622.8571428571429,1445.7142857142858,7.638625222485606,5843553.126267803
300.0,622.8571428571429,1611.4285714285716,7.566720592816184,5916493.42402981
300.0,622.8571428571429,1777.1428571428573,7.501403028542205,5974346.126961904
300.0,622.8571428571429,1942.857142857143,7.442068638563087,6020447.98083835
300.0,622.8571428571429,2108.5714285714284,7.3881105147951684,6057351.808710354
300.0,622.8571428571429,2274.285714285714,7.338955023421749,6087012.461412599
300.0,622.8571428571429,2440.0,7.294077775093646,6110932.785850369
300.0,622.8571428571429,2605.714285714286,7.253008516482299,6130274.547630786
300.0,622.8571428571429,2771.4285714285716,7.215330243502982,6145941.545132506
300.0,622.8571428571429,2937.1428571428573,7.180675523312447,6158641.5900733685
300.0,622.8571428571429,3102.857142857143,7.1487216752101315,6168932.741884495
300.0,622.8571428571429,3268.571428571429,7.119185695706185,6177257.906001922
300.0,622.8571428571429,3434.2857142857147,7.091819379687009,6183970.850124233
300.0,622.8571428571429,3600.0,7.066404847231766,6189355.8804609245
300.0,670.0,120.0,8.370012332728837,5247310.915819524
300.0,670.0,285.7142857142857,8.298617623996334,4668770.853718924
300.0,670.0,451.42857142857144,8.205610975819884,4902471.884119377
300.0,670.0,617.1428571428571,8.104337458334907,5175633.537336764
300.0,670.0,782.8571428571429,8.002532915668475,5412182.102317296
300.0,670.0,948.5714285714287,7.904664689568974,5604429.933950642
300.0,670.0,1114.2857142857142,7.813029434133537,5757489.727058901
300.0,670.0,1280.0,7.728540682597496,5878644.777013177
300.0,670.0,1445.7142857142858,7.651307366392048,5974601.854168049
300.0,670.0,1611.4285714285716,7.581011511140959,6050869.2801255565
300.0,670.0,1777.1428571428573,7.517135255254517,6111777.67029926
300.0,670.0,1942.857142857143,7.459089637056917,6160672.634578148
300.0,670.0,2108.5714285714284,7.4062838465497345,6200124.489374874
300.0,670.0,2274.285714285714,7.358159900480616,6232108.874636429
300.0,670.0,2440.0,7.314207856096357,6258149.942818369
300.0,670.0,2605.714285714286,7.273970416413561,6279429.882197251
300.0,670.0,2771.4285714285716,7.23704200432291,6296871.383952935
300.0,670.0,2937.1428571428573,7.2030651674118,6311199.384243131
300.0,670.0,3102.857142857143,7.171725894733202,6322987.27740229
300.0,670.0,3268.571428571429,7.14274869390881,6332691.603376186
300.0,670.0,3434.2857142857147,7.115891861629045,6340678.203665732
300.0,670.0,3600.0,7.09094314822268,6347242.054823281
300.0,717.1428571428572,120.0,8.36867550787694,5403384.130436269
300.0,717.1428571428572,285.7142857142857,8.29767488564641,4785043.814279143
300.0,717.1428571428572,451.42857142857144,8.206034012419439,5011576.595767364
300.0,717.1428571428572,617.1428571428571,8.106626162587622,5285090.003095006
300.0,717.1428571428572,782.8571428571429,8.006883126347235,5524397.546354634
300.0,717.1428571428572,948.5714285714287,7.911083805067183,5720214.839690917
300.0,717.1428571428572,1114.2857142857142,7.821419850848408,5877024.780336524
300.0,717.1428571428572,1280.0,7.738754748452809,6001837.784810042
300.0,717.1428571428572,1445.7142857142858,7.663180212091003,6101243.063602032
300.0,717.1428571428572,1611.4285714285716,7.594379095389985,6180704.918105901
300.0,717.1428571428572,1777.1428571428573,7.531843396815985,6244545.922760099
300.0,717.1428571428572,1942.857142857143,7.474997872984009,6296121.074068997
300.0,717.1428571428572,2108.5714285714284,7.423266465685942,6338017.97193804
300.0,717.1428571428572,2274.285714285714,7.376105522703412,6372232.466054527
300.0,717.1428571428572,2440.0,7.33301833078379,6400309.271800774
300.0,717.1428571428572,2605.714285714286,7.293559463393388,6423450.209758621
300.0,717.1428571428572,2771.4285714285716,7.257333820023045,6442596.088472429
300.0,717.1428571428572,2937.1428571428573,7.223993106243808,6458488.239983033
300.0,717.1428571428572,3102.857142857143,7.193231273671153,6471714.72611032
300.0,717.1428571428572,3268.571428571429,7.164779734960555,6482745.119285554
300.0,717.1428571428572,3434.2857142857147,7.138402769843504,6491956.796970107
300.0,717.1428571428572,3600.0,7.113893314826429,6499654.928387171
300.0,764.2857142857143,120.0,8.367425824014783,5553075.379414499
300.0,764.2857142857143,285.7142857142857,8.296834956657381,4897359.896308317
300.0,764.2857142857143,451.42857142857144,8.20649492372146,5117188.022726728
300.0,764.2857142857143,617.1428571428571,8.108838419009716,5391142.111741527
300.0,764.2857142857143,782.8571428571429,8.011019928257047,5633165.4320356995
300.0,764.2857142857143,948.5714285714287,7.917147557337597,5832453.80717659
300.0,764.2857142857143,1114.2857142857142,7.829318129184084,5992893.47015593
300.0,764.2857142857143,1280.0,7.748350129166808,6121238.190575701
300.0,764.2857142857143,1445.7142857142858,7.674319986833365,6223967.849653542
300.0,764.2857142857143,1611.4285714285716,7.606911584639792,6306506.779756861
300.0,764.2857142857143,1777.1428571428573,7.545626105140411,6373171.29335916
300.0,764.2857142857143,1942.857142857143,7.489900963492349,6427326.309165342
300.0,764.2857142857143,2108.5714285714284,7.439173679052469,6471576.578702501
300.0,764.2857142857143,2274.285714285714,7.392913780408869,6507937.689384232
300.0,764.2857142857143,2440.0,7.350636722375013,6537974.293479116
300.0,764.2857142857143,2605.714285714286,7.311908000916305,6562907.1683722045
300.0,764.2857142857143,2771.4285714285716,7.276342161413172,6583694.572129851
300.0,764.2857142857143,2937.1428571428573,7.243599347477637,6601093.602011109
300.0,764.2857142857143,3102.857142857143,7.213380853257619,6615706.407404743
300.0,764.2857142857143,3268.571428571429,7.185424464182174,6628015.06856425
300.0,764.2857142857143,3434.2857142857147,7.159499986664427,6638408.02900736
300.0,764.2857142857143,3600.0,7.135405152052798,6647200.232384203
300.0,811.4285714285714,120.0,8.366255720191932,5696891.763714907
300.0,811.4285714285714,285.7142857142857,8.296084216517379,5006084.983859029
300.0,811.4285714285714,451.42857142857144,8.206983625854864,5219648.265338728
300.0,811.4285714285714,617.1428571428571,8.11097439843161,5494132.3200991405
300.0,811.4285714285714,782.8571428571429,8.014957148625127,5738837.606951646
300.0,811.4285714285714,948.5714285714287,7.922884475264478,5941511.855014193
300.0,811.4285714285714,1114.2857142857142,7.8367671381891455,6105475.27577354
300.0,811.4285714285714,1280.0,7.757382953517767,6237239.925494333
300.0,811.4285714285714,1445.7142857142858,7.684794707627115,6343183.918093368
300.0,811.4285714285714,1611.4285714285716,7.618687461973138,6428695.354244452
300.0,811.4285714285714,1777.1428571428573,7.558570979209922,6498085.950356471
300.0,811.4285714285714,1942.857142857143,7.5038943995399565,6554731.080494515
300.0,811.4285714285714,2108.5714285714284,7.454107788812604,6601252.571279695
300.0,811.4285714285714,2274.285714285714,7.408692847086523,6639685.358198919
300.0,811.4285714285714,2440.0,7.367176265520649,6671613.496255463
300.0,811.4285714285714,2605.714285714286,7.329133629798596,6698276.135948057
300.0,811.4285714285714,2771.4285714285716,7.294188400611497,6720648.403792189
300.0,811.4285714285714,2937.1428571428573,7.262008525654122,6739502.611046169
300.0,811.4285714285714,3102.857142857143,7.232302094883817,6755454.486112087
300.0,811.4285714285714,3268.571428571429,7.204812796499858,6768998.155746092
300.0,811.4285714285714,3434.2857142857147,7.1793155600199245,6780532.715435686
300.0,811.4285714285714,3600.0,7.1556125650375115,6790382.513986316
300.0,858.5714285714287,120.0,8.365158537725113,5835276.921220086
300.0,858.5714285714287,285.7142857142857,8.295411366553083,5111532.249326058
300.0,858.5714285714287,451.42857142857144,8.20749240408785,5319247.403566709
300.0,858.5714285714287,617.1428571428571,8.113035560822418,5594349.673491159
300.0,858.5714285714287,782.8571428571429,8.018708203650228,5841710.338890645
300.0,858.5714285714287,948.5714285714287,7.928320751801133,6047695.962448144
300.0,858.5714285714287,1114.2857142857142,7.843805506299553,6215089.141470151
300.0,858.5714285714287,1280.0,7.7659033533748545,6350173.994225698
300.0,858.5714285714287,1445.7142857142858,7.694664840281347,6459233.831332787
300.0,858.5714285714287,1611.4285714285716,7.629776318281773,6547623.973705832
300.0,858.5714285714287,1777.1428571428573,7.570755587735036,6619653.098421457
300.0,858.5714285714287,1942.857142857143,7.517062686652987,6678707.55629983
300.0,858.5714285714287,2108.5714285714284,7.468159316459743,6727426.212109223
300.0,858.5714285714287,2274.285714285714,7.423538457599607,6767863.023947685
300.0,858.5714285714287,2440.0,7.382737214834318,6801620.98895249
300.0,858.5714285714287,2605.714285714286,7.345340527691641,6829957.12151852
300.0,858.5714285714287,2771.4285714285716,7.310980126003727,6853862.906499289
300.0,858.5714285714287,2937.1428571428573,7.279331200222497,6874125.383281912
300.0,858.5714285714287,3102.857142857143,7.250108151452336,6891373.409684741
300.0,858.5714285714287,3268.571428571429,7.223060153487574,6906112.750170305
300.0,858.5714285714287,3434.2857142857147,7.197966900270105,6918752.784533776
300.0,858.5714285714287,3600.0,7.174634711191211,6929626.938304856
300.0,905.7142857142858,120.0,8.364128379826827,5968621.776668811
300.0,905.7142857142858,285.7142857142857,8.294806944210439,5213972.1135679595
300.0,905.7142857142858,451.42857142857144,8.208015304152399,5416233.790961921
300.0,905.7142857142858,617.1428571428571,8.11502414501419,5692040.615605346
300.0,905.7142857142858,782.8571428571429,8.022285818066367,5942035.694852276
300.0,905.7142857142858,948.5714285714287,7.9334802464426755,6151267.022245747
300.0,905.7142857142858,1114.2857142857142,7.850467909351681,6322005.978712111
300.0,905.7142857142858,1280.0,7.773956012980263,6460321.484924227
300.0,905.7142857142858,1445.7142857142858,7.7039840742192185,6572408.477275112
300.0,905.7142857142858,1611.4285714285716,7.640239814251613,6663592.690397158
300.0,905.7142857142858,1777.1428571428573,7.582248581863648,6738181.215612711
300.0,905.7142857142858,1942.857142857143,7.529480575812134,6799571.884692573
300.0,905.7142857142858,2108.5714285714284,7.481408323844194,6850420.592058794
300.0,905.7142857142858,2274.285714285714,7.437535295732497,6892800.043704573
300.0,905.7142857142858,2440.0,7.3974082793505165,6928331.777988191
300.0,905.7142857142858,2605.714285714286,7.360620914331858,6958290.22518005
300.0,905.7142857142858,2771.4285714285716,7.326812625134043,6983682.777117121
300.0,905.7142857142858,2937.1428571428573,7.295665345405184,7005310.769839734
300.0,905.7142857142858,3102.857142857143,7.26689935560814,7023815.790258772
300.0,905.7142857142858,3268.571428571429,7.240268943054285,7039714.875784976
300.0,905.7142857142858,3434.2857142857147,7.215558245834635,7053427.361891056
300.0,905.7142857142858,3600.0,7.192577447393805,7065295.456819966
300.0,952.8571428571429,120.0,8.363159998555561,6097273.005205002
300.0,952.8571428571429,285.7142857142857,8.294262957011245,5313639.910511371
300.0,952.8571428571429,451.42857142857144,8.208547697176837,5510821.88605525
300.0,952.8571428571429,617.1428571428571,8.116942836944734,5787417.163017526
300.0,952.8571428571429,782.8571428571429,8.02570189675159,6040030.118321909
300.0,952.8571428571429,948.5714285714287,7.938384599514989,6252448.8353399765
300.0,952.8571428571429,1114.2857142857142,7.856785428232051,6426458.066441362
300.0,952.8571428571429,1280.0,7.781580750133231,6567923.348378041
300.0,952.8571428571429,1445.7142857142858,7.7128000986496295,6682957.193296936
300.0,952.8571428571429,1611.4285714285716,7.650132620995425,6776858.709407975
300.0,952.8571428571429,1777.1428571428573,7.593110771224384,6853934.759623339
300.0,952.8571428571429,1942.857142857143,7.541214248860615,6917595.140714578
300.0,952.8571428571429,2108.5714285714284,7.493925685378531,6970512.788764721
300.0,952.8571428571429,2274.285714285714,7.450758334044941,7014778.923584264
300.0,952.8571428571429,2440.0,7.411268013994877,7052033.272878035
300.0,952.8571428571429,2605.714285714286,7.375056481319528,7083567.285646102
300.0,952.8571428571429,2771.4285714285716,7.341770341812395,7110403.8585438365
300.0,952.8571428571429,2937.1428571428573,7.3110978256121655,7133358.238547307
300.0,952.8571428571429,3102.857142857143,7.282764706072045,7153084.3829371855
300.0,952.8571428571429,3268.571428571429,7.256530050663406,7170110.274604851
300.0,952.8571428571429,3434.2857142857147,7.232182154385137,7184864.9092041915
300.0,952.8571428571429,3600.0,7.209534817171152,7197699.012962869
300.0,1000.0,120.0,8.362248702681788,6221539.788988782
300.0,1000.0,285.7142857142857,8.293772602545118,5410741.872292043
300.0,1000.0,451.42857142857144,8.209085963758977,5603198.301854616
300.0,1000.0,617.1428571428571,8.118794553022811,5880663.184268688
300.0,1000.0,782.8571428571429,8.028967484299898,6135880.998069744
300.0,1000.0,948.5714285714287,7.943053397382373,6351434.988557437
300.0,1000.0,1114.2857142857142,7.862785919266723,6528646.233609072
300.0,1000.0,1280.0,7.788813075520575,6673187.867939575
300.0,1000.0,1445.7142857142858,7.721155327907571,6791095.499597006
300.0,1000.0,1611.4285714285716,7.659503286970118,6887644.359161818
300.0,1000.0,1777.1428571428573,7.6033961091493625,6967142.349404246
300.0,1000.0,1942.857142857143,7.552322401103773,7033011.6946440935
300.0,1000.0,2108.5714285714284,7.505774249799885,7087942.399388956
300.0,1000.0,2274.285714285714,7.463274059256597,7134043.996116861
300.0,1000.0,2440.0,7.424386095494508,7172974.090744387
300.0,1000.0,2605.714285714286,7.388719707604003,7206040.796591304
300.0,1000.0,2771.4285714285716,7.355928222063121,7234282.154554745
300.0,1000.0,2937.1428571428573,7.325705764296142,7258526.975687077
300.0,1000.0,3102.857142857143,7.297783253148158,7279441.264361202
300.0,1000.0,3268.571428571429,7.271924236323945,7297563.653338938
300.0,1000.0,3434.2857142857147,7.24792090705384,7313332.53132909
300.0,1000.0,3600.0,7.22559045860406,7327106.902937373
335.7142857142857,10.0,120.0,8.40694803814778,1682269.785813852
335.7142857142857,10.0,285.7142857142857,8.362421097055172,1863924.5754082394
335.7142857142857,10.0,451.42857142857144,8.275996170818683,2143898.0761141805
335.7142857142857,10.0,617.1428571428571,8.16538222870436,2321989.8661047844
335.7142857142857,10.0,782.8571428571429,8.046413319636743,2424272.4963310594
335.7142857142857,10.0,948.5714285714287,7.930013022720905,2474479.169225175
335.7142857142857,10.0,1114.2857142857142,7.822210820746452,2490461.4656361244
335.7142857142857,10.0,1280.0,7.725490692375149,2484892.834526694
335.7142857142857,10.0,1445.7142857142858,7.640232113065185,2466351.453496204
335.7142857142857,10.0,1611.4285714285716,7.565747396005801,2440451.006033371
335.7142857142857,10.0,1777.1428571428573,7.500906458125017,2410778.445743441
335.7142857142857,10.0,1942.857142857143,7.444472642058545,2379581.276978325
335.7142857142857,10.0,2108.5714285714284,7.395265118131022,2348238.9373587454
335.7142857142857,10.0,2274.285714285714,7.3522260844044895,2317574.7614060626
335.7142857142857,10.0,2440.0,7.3144392385513415,2288058.607921193
335.7142857142857,10.0,2605.714285714286,7.281125215440355,2259937.2679865193
335.7142857142857,10.0,2771.4285714285716,7.251627488891629,2233318.061195213
335.7142857142857,10.0,2937.1428571428573,7.2253954877718085,2208222.344751758
335.7142857142857,10.0,3102.857142857143,7.201968085140417,2184619.734967147
335.7142857142857,10.0,3268.571428571429,7.180958770859937,2162449.9567473074
335.7142857142857,10.0,3434.2857142857147,7.162042903480247,2141636.7400988066
335.7142857142857,10.0,3600.0,7.1449470108825235,2122096.591369368
335.7142857142857,57.142857142857146,120.0,8.39895489201265,2406952.728370961
335.7142857142857,57.142857142857146,285.7142857142857,8.335758298783961,2522373.2285651215
335.7142857142857,57.142857142857146,451.42857142857144,8.224372394214837,2850850.384195469
335.7142857142857,57.142857142857146,617.1428571428571,8.08647261573573,3087181.5688113384
335.7142857142857,57.142857142857146,782.8571428571429,7.939273452895324,3244060.705598633
335.7142857142857,57.142857142857146,948.5714285714287,7.794247103623225,3342470.522634488
335.7142857142857,57.142857142857146,1114.2857142857142,7.657850619486942,3399759.751040464
335.7142857142857,57.142857142857146,1280.0,7.533001382504825,3428924.2148867636
335.7142857142857,57.142857142857146,1445.7142857142858,7.420469871842592,3439229.5958571364
335.7142857142857,57.142857142857146,1611.4285714285716,7.319868664289563,3437102.6732716765
335.7142857142857,57.142857142857146,1777.1428571428573,7.230263579961576,3426935.1969165034
335.7142857142857,57.142857142857146,1942.857142857143,7.150520312882081,3411704.8379301545
335.7142857142857,57.142857142857146,2108.5714285714284,7.079487421958376,3393421.6899986784
335.7142857142857,57.142857142857146,2274.285714285714,7.016084797577795,3373438.102493641
335.7142857142857,57.142857142857146,2440.0,6.959340117615452,3352660.00956954
335.7142857142857,57.142857142857146,2605.714285714286,6.908397999107275,3331690.0581104932
335.7142857142857,57.142857142857146,2771.4285714285716,6.862515690970603,3310924.4210753725
335.7142857142857,57.142857142857146,2937.1428571428573,6.821052838525103,3290618.414402415
335.7142857142857,57.142857142857146,3102.857142857143,6.783459282465396,3270931.137457788
335.7142857142857,57.142857142857146,3268.571428571429,6.749262880073474,3251955.9810402677
335.7142857142857,57.142857142857146,3434.2857142857147,6.71805826478519,3233741.5746678207
335.7142857142857,57.142857142857146,3600.0,6.689496892910989,3216306.231762141
335.7142857142857,104.28571428571429,120.0,8.393607457401837,2881961.8314551627
335.7142857142857,104.28571428571429,285.7142857142857,8.323770139636798,2906524.5746300933
335.7142857142857,104.28571428571429,451.42857142857144,8.208149472742916,3236158.2020871597
335.7142857142857,104.28571428571429,617.1428571428571,8.068653213644723,3489432.9820125345
335.7142857142857,104.28571428571429,782.8571428571429,7.9213649254844745,3666914.7304722103
335.7142857142857,104.28571428571429,948.5714285714287,7.7766851880899095,3786007.5647158283
335.7142857142857,104.28571428571429,1114.2857142857142,7.640408801490621,3862646.6678209375
335.7142857142857,104.28571428571429,1280.0,7.515156585936619,3909274.8275997825
335.7142857142857,104.28571428571429,1445.7142857142858,7.401633310932952,3935024.1208988708
335.7142857142857,104.28571428571429,1611.4285714285716,7.299503689392018,3946397.0726706414
335.7142857142857,104.28571428571429,1777.1428571428573,7.207932399643137,3947956.7031242372
335.7142857142857,104.28571428571429,1942.857142857143,7.1258925353890445,3942885.2158735786
335.7142857142857,104.28571428571429,2108.5714285714284,7.052330897098126,3933397.9177162154
335.7142857142857,104.28571428571429,2274.285714285714,6.986249988941396,3921037.449377276
335.7142857142857,104.28571428571429,2440.0,6.9267435715954315,3906878.906946335
335.7142857142857,104.28571428571429,2605.714285714286,6.873007345632931,3891671.7123512034
335.7142857142857,104.28571428571429,2771.4285714285716,6.824337004875945,3875937.591377408
335.7142857142857,104.28571428571429,2937.1428571428573,6.78012042982402,3860038.3874243414
335.7142857142857,104.28571428571429,3102.857142857143,6.739827664939463,3844223.1979105454
335.7142857142857,104.28571428571429,3268.571428571429,6.703000567049051,3828661.3134753797
335.7142857142857,104.28571428571429,3434.2857142857147,6.669243040765899,3813465.3696898576
335.7142857142857,104.28571428571429,3600.0,6.6382122500190714,3798707.7145276302
335.7142857142857,151.42857142857144,120.0,8.389320931256615,3267131.54082211
335.7142857142857,151.42857142857144,285.7142857142857,8.31618720536259,3203083.0757222557
335.7142857142857,151.42857142857144,451.42857142857144,8.200547178118574,3524454.15624326
335.7142857142857,151.42857142857144,617.1428571428571,8.063726128948032,3785083.688172966
335.7142857142857,151.42857142857144,782.8571428571429,7.920551280768477,3974549.0628911355
335.7142857142857,151.42857142857144,948.5714285714287,7.780396198782666,4106845.4908584
335.7142857142857,151.42857142857144,1114.2857142857142,7.648423520621632,4196487.375141512
335.7142857142857,151.42857142857144,1280.0,7.526944302901761,4255282.963617161
335.7142857142857,151.42857142857144,1445.7142857142858,7.416558798609779,4292111.512022628
335.7142857142857,151.42857142857144,1611.4285714285716,7.316939253600385,4313419.4731815895
335.7142857142857,151.42857142857144,1777.1428571428573,7.227310373845311,4323813.034767904
335.7142857142857,151.42857142857144,1942.857142857143,7.1467240062418265,4326563.237626658
335.7142857142857,151.42857142857144,2108.5714285714284,7.074207018621689,4323990.673568101
335.7142857142857,151.42857142857144,2274.285714285714,7.008835296309758,4317744.33444971
335.7142857142857,151.42857142857144,2440.0,6.949766349560301,4308999.17919683
335.7142857142857,151.42857142857144,2605.714285714286,6.896249589217983,4298594.790634965
335.7142857142857,151.42857142857144,2771.4285714285716,6.847625130560807,4287132.471260253
335.7142857142857,151.42857142857144,2937.1428571428573,6.803317173421929,4275043.363382507
335.7142857142857,151.42857142857144,3102.857142857143,6.762825244225581,4262636.442473976
335.7142857142857,151.42857142857144,3268.571428571429,6.725715023818245,4250132.516634199
335.7142857142857,151.42857142857144,3434.2857142857147,6.69160961434261,4237688.4602635
335.7142857142857,151.42857142857144,3600.0,6.660181621322791,4225414.5965138795
335.7142857142857,198.57142857142858,120.0,8.385701514630918,3599185.5770758707
335.7142857142857,198.57142857142858,285.7142857142857,8.310814929609736,3452084.0584004433
335.7142857142857,198.57142857142858,451.42857142857144,8.196580704664955,3762340.619241266
335.7142857142857,198.57142857142858,617.1428571428571,8.063485804845422,4026625.8464360395
335.7142857142857,198.57142857142858,782.8571428571429,7.925217534308529,4224439.195708252
335.7142857142857,198.57142857142858,948.5714285714287,7.7902805060626195,4366595.464834755
335.7142857142857,198.57142857142858,1114.2857142857142,7.663310484807799,4466270.499803569
335.7142857142857,198.57142857142858,1280.0,7.546356726094273,4534656.320891389
335.7142857142857,198.57142857142858,1445.7142857142858,7.439925083116741,4580362.179072246
335.7142857142857,198.57142857142858,1611.4285714285716,7.343686089610448,4609743.139087973
335.7142857142857,198.57142857142858,1777.1428571428573,7.2569078814485355,4627406.341047511
335.7142857142857,198.57142857142858,1942.857142857143,7.178703567930625,4636669.175278035
335.7142857142857,198.57142857142858,2108.5714285714284,7.108164624084601,4639918.188111026
335.7142857142857,198.57142857142858,2274.285714285714,7.04442786651358,4638873.988762631
335.7142857142857,198.57142857142858,2440.0,6.986705145325299,4634781.576423571
335.7142857142857,198.57142857142858,2605.714285714286,6.9342928435926625,4628545.525132308
335.7142857142857,198.57142857142858,2771.4285714285716,6.886570945115175,4620825.690164198
335.7142857142857,198.57142857142858,2937.1428571428573,6.842997125963817,4612105.055520504
335.7142857142857,198.57142857142858,3102.857142857143,6.803098848356287,4602738.02230004
335.7142857142857,198.57142857142858,3268.571428571429,6.76646503035461,4592984.963054308
335.7142857142857,198.57142857142858,3434.2857142857147,6.732738078082938,4583037.10149489
335.7142857142857,198.57142857142858,3600.0,6.701606633548902,4573034.543056327
335.7142857142857,245.71428571428572,120.0,8.382563068872903,3894383.606919132
335.7142857142857,245.71428571428572,285.7142857142857,8.306768772842114,3670232.737602188
335.7142857142857,245.71428571428572,451.42857142857144,8.1944742774713,3968649.8931606384
335.7142857142857,245.71428571428572,617.1428571428571,8.06526400096294,4234907.97909214
335.7142857142857,245.71428571428572,782.8571428571429,7.931830545309192,4439198.4700517515
335.7142857142857,245.71428571428572,948.5714285714287,7.8019544266815,4589380.297310288
335.7142857142857,245.71428571428572,1114.2857142857142,7.679838759121736,4697387.586943214
335.7142857142857,245.71428571428572,1280.0,7.567317926293605,4773837.249909356
335.7142857142857,245.71428571428572,1445.7142857142858,7.464819146417993,4827078.636893783
335.7142857142857,245.71428571428572,1611.4285714285716,7.372009980310961,4863368.399916995
335.7142857142857,245.71428571428572,1777.1428571428573,7.288192967768588,4887299.172586863
335.7142857142857,245.71428571428572,1942.857142857143,7.212530931289317,4902216.046082771
335.7142857142857,245.71428571428572,2108.5714285714284,7.144168525868857,4910552.623357929
335.7142857142857,245.71428571428572,2274.285714285714,7.082293348824078,4914083.476504906
335.7142857142857,245.71428571428572,2440.0,7.026163083879738,4914107.8726769425
335.7142857142857,245.71428571428572,2605.714285714286,6.975114210564102,4911581.652845123
335.7142857142857,245.71428571428572,2771.4285714285716,6.928561159574396,4907211.471995339
335.7142857142857,245.71428571428572,2937.1428571428573,6.8859908886685535,4901522.187005805
335.7142857142857,245.71428571428572,3102.857142857143,6.846955603503,4894905.215625873
335.7142857142857,245.71428571428572,3268.571428571429,6.811065068703052,4887653.42143411
335.7142857142857,245.71428571428572,3434.2857142857147,6.7779792361009905,4879986.433123075
335.7142857142857,245.71428571428572,3600.0,6.747401519722394,4872069.14139057
335.7142857142857,292.8571428571429,120.0,8.379796072041641,4161792.2004822744
335.7142857142857,292.8571428571429,285.7142857142857,8.303600526740668,3866361.8765095985
335.7142857142857,292.8571428571429,451.42857142857144,8.19342599362264,4153053.912022877
335.7142857142857,292.8571428571429,617.1428571428571,8.067966198799637,4420465.740680483
335.7142857142857,292.8571428571429,782.8571428571429,7.93905203720159,4630151.21698814
335.7142857142857,292.8571428571429,948.5714285714287,7.813857570861676,4787221.690446793
335.7142857142857,292.8571428571429,1114.2857142857142,7.696228166590398,4902463.6740189055
335.7142857142857,292.8571428571429,1280.0,7.587821376032584,4985963.849547466
335.7142857142857,292.8571428571429,1445.7142857142858,7.4889997967660165,5045829.628547728
335.7142857142857,292.8571428571429,1611.4285714285716,7.399428665946562,5088222.085391923
335.7142857142857,292.8571428571429,1777.1428571428573,7.318439155886581,5117714.166713273
335.7142857142857,292.8571428571429,1942.857142857143,7.245235603349129,5137669.741545219
335.7142857142857,292.8571428571429,2108.5714285714284,7.179007305796048,5150559.264921938
335.7142857142857,292.8571428571429,2274.285714285714,7.118984745451498,5158201.119726247
335.7142857142857,292.8571428571429,2440.0,7.0644645636951635,5161939.402076536
335.7142857142857,292.8571428571429,2605.714285714286,7.01481755239033,5162772.768824555
335.7142857142857,292.8571428571429,2771.4285714285716,6.969487826409729,5161447.275710431
335.7142857142857,292.8571428571429,2937.1428571428573,6.927987757515667,5158523.262039072
335.7142857142857,292.8571428571429,3102.857142857143,6.8898911833241,5154423.687571396
335.7142857142857,292.8571428571429,3268.571428571429,6.854826228615805,5149469.2384875575
335.7142857142857,292.8571428571429,3434.2857142857147,6.822468414213092,5143903.976578579
335.7142857142857,292.8571428571429,3600.0,6.792534361483661,5137914.200823941
335.7142857142857,340.0,120.0,8.377328121646814,4407148.762808316
335.7142857142857,340.0,285.7142857142857,8.301051736441625,4045799.0864202525
335.7142857142857,340.0,451.42857142857144,8.19302134750869,4321236.248764883
335.7142857142857,340.0,617.1428571428571,8.071082753015284,4589401.61721955
335.7142857142857,340.0,782.8571428571429,7.946318748040362,4803804.426921273
335.7142857142857,340.0,948.5714285714287,7.825390434713902,4966998.097247941
335.7142857142857,340.0,1114.2857142857142,7.7118438758121455,5088708.192675895
335.7142857142857,340.0,1280.0,7.607189567609209,5178534.081357003
335.7142857142857,340.0,1445.7142857142858,7.511736797340882,5244360.736660024
335.7142857142857,340.0,1611.4285714285716,7.425149459411695,5292260.013304229
335.7142857142857,340.0,1777.1428571428573,7.346783268393059,5326784.368058067
335.7142857142857,340.0,1942.857142857143,7.275877953865004,5351312.036059758
335.7142857142857,340.0,2108.5714285714284,7.211660919551637,5368344.365917626
335.7142857142857,340.0,2274.285714285714,7.153399364823681,5379737.196335196
335.7142857142857,340.0,2440.0,7.100423414044827,5386873.305972358
335.7142857142857,340.0,2605.714285714286,7.052133475980199,5390788.517689863
335.7142857142857,340.0,2771.4285714285716,7.007999404250888,5392263.244325769
335.7142857142857,340.0,2937.1428571428573,6.967555710835292,5391888.883743782
335.7142857142857,340.0,3102.857142857143,6.930395169825229,5390116.098821074
335.7142857142857,340.0,3268.571428571429,6.896162057272297,5387290.088201099
335.7142857142857,340.0,3434.2857142857147,6.864545657857644,5383676.502566312
335.7142857142857,340.0,3600.0,6.835274327335581,5379480.609187673
335.7142857142857,387.14285714285717,120.0,8.375107760184358,4634389.268484069
335.7142857142857,387.14285714285717,285.7142857142857,8.298960151723778,4212043.860794008
335.7142857142857,387.14285714285717,451.42857142857144,8.193026097651023,4476844.336942733
335.7142857142857,387.14285714285717,617.1428571428571,8.074357521255303,4745582.5105489995
335.7142857142857,387.14285714285717,782.8571428571429,7.953384290026959,4964252.867142485
335.7142857142857,387.14285714285717,948.5714285714287,7.83632899936813,5133022.494512209
335.7142857142857,387.14285714285717,1114.2857142857142,7.726484222513181,5260634.325592202
335.7142857142857,387.14285714285717,1280.0,7.625236688758659,5356239.697876069
335.7142857142857,387.14285714285717,1445.7142857142858,7.532851306421188,5427519.969296176
335.7142857142857,387.14285714285717,1611.4285714285716,7.448991520035996,5480465.196256791
335.7142857142857,387.14285714285717,1777.1428571428573,7.37303449137032,5519608.487056043
335.7142857142857,387.14285714285717,1942.857142857143,7.304250605211232,5548340.302882614
335.7142857142857,387.14285714285717,2108.5714285714284,7.241900249122936,5569189.2055253275
335.7142857142857,387.14285714285717,2274.285714285714,7.185282452361777,5584044.253373051
335.7142857142857,387.14285714285717,2440.0,7.133756436655537,5594322.649765247
335.7142857142857,387.14285714285717,2605.714285714286,7.086748423956166,5601093.374486819
335.7142857142857,387.14285714285717,2771.4285714285716,7.043750773050155,5605167.557090674
335.7142857142857,387.14285714285717,2937.1428571428573,7.0043174200700795,5607164.418812896
335.7142857142857,387.14285714285717,3102.857142857143,6.9680578104146065,5607559.488029323
335.7142857142857,387.14285714285717,3268.571428571429,6.9346304898327675,5606720.006657467
335.7142857142857,387.14285714285717,3434.2857142857147,6.903736946999078,5604931.075573515
335.7142857142857,387.14285714285717,3600.0,6.875115979687479,5602415.082320103
335.7142857142857,434.28571428571433,120.0,8.373096571160255,4846369.578688581
335.7142857142857,434.28571428571433,285.7142857142857,8.297217547218128,4367537.227484778
335.7142857142857,434.28571428571433,451.42857142857144,8.193299175046626,4622370.203776226
335.7142857142857,434.28571428571433,617.1428571428571,8.077655893228123,4891621.187012076
335.7142857142857,434.28571428571433,782.8571428571429,7.960144112218836,5114246.832154211
335.7142857142857,434.28571428571433,948.5714285714287,7.846607749371221,5288182.967547218
335.7142857142857,434.28571428571433,1114.2857142857142,7.740122210721702,5421260.227873618
335.7142857142857,434.28571428571433,1280.0,7.6419688397502785,5522217.298903887
335.7142857142857,434.28571428571433,1445.7142857142858,7.552375218592043,5598549.323786199
335.7142857142857,434.28571428571433,1611.4285714285716,7.471005057415166,5656172.036010891
335.7142857142857,434.28571428571433,1777.1428571428573,7.3972545200608,5699601.185126878
335.7142857142857,434.28571428571433,1942.857142857143,7.330420879947997,5732238.525830843
335.7142857142857,434.28571428571433,2108.5714285714284,7.269793411460366,5756637.462041885
335.7142857142857,434.28571428571433,2274.285714285714,7.214699039828419,5774717.306820954
335.7142857142857,434.28571428571433,2440.0,7.16452253001404,5787926.595331493
335.7142857142857,434.28571428571433,2605.714285714286,7.118712812455522,5797364.4880181085
335.7142857142857,434.28571428571433,2771.4285714285716,7.076782091843204,5803870.088132048
335.7142857142857,434.28571428571433,2937.1428571428573,7.0383014771703,5808087.975192642
335.7142857142857,434.28571428571433,3102.857142857143,7.002895192112867,5810516.361431583
335.7142857142857,434.28571428571433,3268.571428571429,6.9702344661517746,5811542.619265069
335.7142857142857,434.28571428571433,3434.2857142857147,6.940031665376044,5811469.632070154
335.7142857142857,434.28571428571433,3600.0,6.912034920222114,5810535.458134057
335.7142857142857,481.42857142857144,120.0,8.37126483618051,5045248.911114462
335.7142857142857,481.42857142857144,285.7142857142857,8.295748358531991,4514059.790651975
335.7142857142857,481.42857142857144,451.42857142857144,8.193751477896894,4759598.401415465
335.7142857142857,481.42857142857144,617.1428571428571,8.080905768144074,5029370.528502883
335.7142857142857,481.42857142857144,782.8571428571429,7.966560739772595,5255726.758667626
335.7142857142857,481.42857142857144,948.5714285714287,7.856230239475025,5434511.961039431
335.7142857142857,481.42857142857144,1114.2857142857142,7.752801674976001,5572707.584611091
335.7142857142857,481.42857142857144,1280.0,7.657465687480113,5678671.356879872
335.7142857142857,481.42857142857144,1445.7142857142858,7.570418143834033,5759728.010389209
335.7142857142857,481.42857142857144,1611.4285714285716,7.491323563757943,5821726.072805333
335.7142857142857,481.42857142857144,1777.1428571428573,7.419595123289282,5869166.251529118
335.7142857142857,481.42857142857144,1942.857142857143,7.354553926291598,5905461.32608649
335.7142857142857,481.42857142857144,2108.5714285714284,7.295514799382991,5933187.964838306
335.7142857142857,481.42857142857144,2274.285714285714,7.241829349806787,5954293.577275189
335.7142857142857,481.42857142857144,2440.0,7.192904969069014,5970255.69789335
335.7142857142857,481.42857142857144,2605.714285714286,7.148210735678342,5982201.378738795
335.7142857142857,481.42857142857144,2771.4285714285716,7.107276495636722,5990995.559573871
335.7142857142857,481.42857142857144,2937.1428571428573,7.0696886541142865,5997306.239140324
335.7142857142857,481.42857142857144,3102.857142857143,7.035084625950647,6001652.584399786
335.7142857142857,481.42857142857144,3268.571428571429,7.003146986753638,6004440.5726459315
335.7142857142857,481.42857142857144,3434.2857142857147,6.973597854286558,6005989.532328032
335.7142857142857,481.42857142857144,3600.0,6.946193744246567,6006552.024348987
335.7142857142857,528.5714285714286,120.0,8.369588939869153,5232711.945665332
335.7142857142857,528.5714285714286,285.7142857142857,8.294497905175033,4652956.189859826
335.7142857142857,528.5714285714286,451.42857142857144,8.19432461977501,4889854.551510912
335.7142857142857,528.5714285714286,617.1428571428571,8.084068852686379,5160195.20847967
335.7142857142857,528.5714285714286,782.8571428571429,7.9726292621426245,5390115.497802592
335.7142857142857,528.5714285714286,948.5714285714287,7.865229556201541,5573496.563240518
335.7142857142857,528.5714285714286,1114.2857142857142,7.764592866898111,5716527.398603674
335.7142857142857,528.5714285714286,1280.0,7.6718310097343405,5827213.152995313
335.7142857142857,528.5714285714286,1445.7142857142858,7.5871126448800865,5912722.404332483
335.7142857142857,528.5714285714286,1611.4285714285716,7.510103503204978,5978843.08120997
335.7142857142857,528.5714285714286,1777.1428571428573,7.440232118345806,6030063.237164315
335.7142857142857,528.5714285714286,1942.857142857143,7.376840898998174,6069806.778722394
335.7142857142857,528.5714285714286,2108.5714285714284,7.319267468958488,6100672.562273229
335.7142857142857,528.5714285714286,2274.285714285714,7.266885456078185,6124634.47130922
335.7142857142857,528.5714285714286,2440.0,7.219122455713913,6143197.2263624435
335.7142857142857,528.5714285714286,2605.714285714286,7.175465560117028,6157513.959898524
335.7142857142857,528.5714285714286,2771.4285714285716,7.135460411771867,6168473.737949114
335.7142857142857,528.5714285714286,2937.1428571428573,7.098707135161032,6176766.414037197
335.7142857142857,528.5714285714286,3102.857142857143,7.0648549970319525,6182930.705813738
335.7142857142857,528.5714285714286,3268.571428571429,7.033596785416044,6187389.9500534255
335.7142857142857,528.5714285714286,3434.2857142857147,7.004663411272734,6190478.823494499
335.7142857142857,528.5714285714286,3600.0,6.977818965154224,6192463.427809843
335.7142857142857,575.7142857142858,120.0,8.368049718316476,5410106.117270852
335.7142857142857,575.7142857142858,285.7142857142857,8.293425463388898,4785270.294146418
335.7142857142857,575.7142857142858,451.42857142857144,8.194979217984931,5014152.7481538225
335.7142857142857,575.7142857142858,617.1428571428571,8.087125795970067,5285131.389734337
335.7142857142857,575.7142857142858,782.8571428571429,7.978360503806326,5518489.257968731
335.7142857142857,575.7142857142858,948.5714285714287,7.873650065205332,5706259.493810545
335.7142857142857,575.7142857142858,1114.2857142857142,7.77557286031161,5853889.778655032
335.7142857142857,575.7142857142858,1280.0,7.685171600460331,5969058.144780296
335.7142857142857,575.7142857142858,1445.7142857142858,7.602591400534958,6058789.852753325
335.7142857142857,575.7142857142858,1611.4285714285716,7.52749949257735,6128818.293132761
335.7142857142857,575.7142857142858,1777.1428571428573,7.459338369377794,6183621.200606693
335.7142857142857,575.7142857142858,1942.857142857143,7.397469629007464,6226633.917356825
335.7142857142857,575.7142857142858,2108.5714285714284,7.341251386441447,6260476.739063893
335.7142857142857,575.7142857142858,2274.285714285714,7.2900770595655375,6287148.770237487
335.7142857142857,575.7142857142858,2440.0,7.243392412610379,6308180.472046775
335.7142857142857,575.7142857142858,2605.714285714286,7.200700754011351,6324749.590675455
335.7142857142857,575.7142857142858,2771.4285714285716,7.161561964377095,6337767.9197228495
335.7142857142857,575.7142857142858,2937.1428571428573,7.125588551270913,6347945.878992775
335.7142857142857,575.7142857142858,3102.857142857143,7.092440494696383,6355840.574088175
335.7142857142857,575.7142857142858,3268.571428571429,7.06181982790931,6361891.665242295
335.7142857142857,575.7142857142858,3434.2857142857147,7.033465434472135,6366448.261543332
335.7142857142857,575.7142857142858,3600.0,7.0071482834678775,6369789.199420183
335.7142857142857,622.8571428571429,120.0,8.366631355203708,5578530.937274182
335.7142857142857,622.8571428571429,285.7142857142857,8.292499976604434,4911830.97571215
335.7142857142857,622.8571428571429,451.42857142857144,8.195688090263047,5133287.709735243
335.7142857142857,622.8571428571429,617.1428571428571,8.090068107747893,5404985.736452235
335.7142857142857,622.8571428571429,782.8571428571429,7.983772507346197,5641683.0995873455
335.7142857142857,622.8571428571429,948.5714285714287,7.881538827751932,5833670.525399578
335.7142857142857,622.8571428571429,1114.2857142857142,7.785816941930856,5985700.648102766
335.7142857142857,622.8571428571429,1280.0,7.6975885035118745,6105147.296211925
335.7142857142857,622.8571428571429,1445.7142857142858,7.616978086424659,6198903.9827774055
335.7142857142857,622.8571428571429,1611.4285714285716,7.543654628532834,6272655.092080482
335.7142857142857,622.8571428571429,1777.1428571428573,7.47707338449121,6330870.262898425
335.7142857142857,622.8571428571429,1942.857142857143,7.416613348482602,6376996.693261706
335.7142857142857,622.8571428571429,2108.5714285714284,7.361651174519751,6413675.589709392
335.7142857142857,622.8571428571429,2274.285714285714,7.3115981808344594,6442930.2876801165
335.7142857142857,622.8571428571429,2440.0,7.265916573758809,6466315.812470169
335.7142857142857,622.8571428571429,2605.714285714286,7.224124349424213,6485033.31312897
335.7142857142857,622.8571428571429,2771.4285714285716,7.185794298342074,6500016.146090057
335.7142857142857,622.8571428571429,2937.1428571428573,7.15055016936033,6511994.217922824
335.7142857142857,622.8571428571429,3102.857142857143,7.118061680173868,6521542.043444859
335.7142857142857,622.8571428571429,3268.571428571429,7.088039278303489,6529114.7309007235
335.7142857142857,622.8571428571429,3434.2857142857147,7.060229112912049,6535075.045185244
335.7142857142857,622.8571428571429,3600.0,7.0344084299434035,6539713.872130067
335.7142857142857,670.0,120.0,8.365320614537143,5738898.555185087
335.7142857142857,670.0,285.7142857142857,8.291697285578428,5033308.870507652
335.7142857142857,670.0,451.42857142857144,8.196432129205409,5247894.913930408
335.7142857142857,670.0,617.1428571428571,8.092893595289889,5520399.527129223
335.7142857142857,670.0,782.8571428571429,7.9888861304567875,5760358.956463838
335.7142857142857,670.0,948.5714285714287,7.888941609775647,5956418.168910795
335.7142857142857,670.0,1114.2857142857142,7.795395050874149,6112676.758027542
335.7142857142857,670.0,1280.0,7.7091737780643275,6236225.041742059
335.7142857142857,670.0,1445.7142857142858,7.63038431382568,6333835.236219654
335.7142857142857,670.0,1611.4285714285716,7.558697441885039,6411147.759920636
335.7142857142857,670.0,1777.1428571428573,7.493580142839289,6472626.242111178
335.7142857142857,670.0,1942.857142857143,7.434427271060679,6521730.212456043
335.7142857142857,670.0,2108.5714285714284,7.380632350450157,6561121.411562073
335.7142857142857,670.0,2274.285714285714,7.3316229832501545,6592846.607906899
335.7142857142857,670.0,2440.0,7.286876339108092,6618484.416159894
335.7142857142857,670.0,2605.714285714286,7.245923790695125,6639258.372251607
335.7142857142857,670.0,2771.4285714285716,7.20834989686443,6656122.410727686
335.7142857142857,670.0,2937.1428571428573,7.173788664358344,6669825.007414636
335.7142857142857,670.0,3102.857142857143,7.141918706487668,6680957.251108607
335.7142857142857,670.0,3268.571428571429,7.112458166141901,6689988.948486943
335.7142857142857,670.0,3434.2857142857147,7.08515984499506,6697295.853458283
335.7142857142857,670.0,3600.0,7.059806742859035,6703180.311279615
335.7142857142857,717.1428571428572,120.0,8.364106290050255,5891976.242107589
335.7142857142857,717.1428571428572,285.7142857142857,8.290998276431585,5150255.272196266
335.7142857142857,717.1428571428572,451.42857142857144,8.197197709435622,5358491.262710014
335.7142857142857,717.1428571428572,617.1428571428571,8.095603710513489,5631891.698045582
335.7142857142857,717.1428571428572,782.8571428571429,7.993722759789189,5875051.126183208
335.7142857142857,717.1428571428572,948.5714285714287,7.895901136363085,6075057.519524716
335.7142857142857,717.1428571428572,1114.2857142857142,7.804370579996792,6235395.7116703335
335.7142857142857,717.1428571428572,1280.0,7.720009764712831,6362891.2684973655
335.7142857142857,717.1428571428572,1445.7142857142858,7.642909243413058,6464204.576356064
335.7142857142857,717.1428571428572,1611.4285714285716,7.572741737087145,6544936.682171236
335.7142857142857,717.1428571428572,1777.1428571428573,7.508985048009663,6609547.149065592
335.7142857142857,717.1428571428572,1942.857142857143,7.451048563313158,6661508.336378697
335.7142857142857,717.1428571428572,2108.5714285714284,7.398341236928789,6703502.248478295
335.7142857142857,717.1428571428572,2274.285714285714,7.350305560650186,6737598.4328314075
335.7142857142857,717.1428571428572,2440.0,7.3064323904519135,6765398.273564547
335.7142857142857,717.1428571428572,2605.714285714286,7.266265341769501,6788146.829151666
335.7142857142857,717.1428571428572,2771.4285714285716,7.229399753086309,6806817.768905398
335.7142857142857,717.1428571428572,2937.1428571428573,7.195479035818643,6822177.34850027
335.7142857142857,717.1428571428572,3102.857142857143,7.164189966920214,6834832.509551594
335.7142857142857,717.1428571428572,3268.571428571429,7.135257758541966,6845267.108099797
335.7142857142857,717.1428571428572,3434.2857142857147,7.108441329855018,6853869.308253865
335.7142857142857,717.1428571428572,3600.0,7.083528977229312,6860952.401440426
335.7142857142857,764.2857142857143,120.0,8.362978799482338,6038417.054255127
335.7142857142857,764.2857142857143,285.7142857142857,8.290387605400921,5263129.577235472
335.7142857142857,764.2857142857143,451.42857142857144,8.197975008097009,5465503.42123002
335.7142857142857,764.2857142857143,617.1428571428571,8.098201973392621,5739888.639301936
335.7142857142857,764.2857142857143,782.8571428571429,7.998303145306682,5986197.648178131
335.7142857142857,764.2857142857143,948.5714285714287,7.902456458621272,6190043.200954632
335.7142857142857,764.2857142857143,1114.2857142857142,7.812800275043112,6354330.382835817
335.7142857142857,764.2857142857143,1280.0,7.730169452689035,6485637.076497607
335.7142857142857,764.2857142857143,1445.7142857142858,7.654640330695118,6590520.442176388
335.7142857142857,764.2857142857143,1611.4285714285716,7.585887622191488,6674546.3488943605
335.7142857142857,764.2857142857143,1777.1428571428573,7.5233991557830615,6742172.096747491
335.7142857142857,764.2857142857143,1942.857142857143,7.466597694953293,6796883.375158027
335.7142857142857,764.2857142857143,2108.5714285714284,7.414906371757471,6841382.258004006
335.7142857142857,764.2857142857143,2274.285714285714,7.367781355164165,6877760.527573361
335.7142857142857,764.2857142857143,2440.0,7.324726076414115,6907641.63871376
335.7142857142857,764.2857142857143,2605.714285714286,7.285295406129252,6932291.42832687
335.7142857142857,764.2857142857143,2771.4285714285716,7.24909460002547,6952702.570165284
335.7142857142857,764.2857142857143,2937.1428571428573,7.215775728852742,6969658.413368803
335.7142857142857,764.2857142857143,3102.857142857143,7.185033092759949,6983781.123399753
335.7142857142857,764.2857142857143,3268.571428571429,7.156598424429128,6995568.038137958
335.7142857142857,764.2857142857143,3434.2857142857147,7.130236290834909,7005419.224705387
335.7142857142857,764.2857142857143,3600.0,7.105739882733938,7013658.470094983
335.7142857142857,811.4285714285714,120.0,8.36192987886757,6178782.507677657
335.7142857142857,811.4285714285714,285.7142857142857,8.289852798266164,5372319.14260179
335.7142857142857,811.4285714285714,451.42857142857144,8.198756888473373,5569288.082422338
335.7142857142857,811.4285714285714,617.1428571428571,8.100693020512395,5844745.369161225
335.7142857142857,811.4285714285714,782.8571428571429,8.002646838793602,6094162.529826892
335.7142857142857,811.4285714285714,948.5714285714287,7.908642868223403,6301752.663537678
335.7142857142857,811.4285714285714,1114.2857142857142,7.82073462178057,6469873.2405225225
335.7142857142857,811.4285714285714,1280.0,7.739717289238106,6604870.048879712
335.7142857142857,811.4285714285714,1445.7142857142858,7.665654488421325,6713204.867895687
335.7142857142857,811.4285714285714,1611.4285714285716,7.598222952113641,6800412.224529258
335.7142857142857,811.4285714285714,1777.1428571428573,7.536919831057684,6870948.8260733895
335.7142857142857,811.4285714285714,1942.857142857143,7.481180250493958,6928314.183078576
335.7142857142857,811.4285714285714,2108.5714285714284,7.430440424371546,6975230.299804921
335.7142857142857,811.4285714285714,2274.285714285714,7.384169137381071,7013810.734668867
335.7142857142857,811.4285714285714,2440.0,7.341881422708099,7045700.410980326
335.7142857142857,811.4285714285714,2605.714285714286,7.303142540179148,7072185.296814757
335.7142857142857,811.4285714285714,2771.4285714285716,7.267566905634829,7094276.431786153
335.7142857142857,811.4285714285714,2937.1428571428573,7.234814593957206,7112773.656210459
335.7142857142857,811.4285714285714,3102.857142857143,7.204586864709052,7128313.805992501
335.7142857142857,811.4285714285714,3268.571428571429,7.1766214873588545,7141407.200409055
335.7142857142857,811.4285714285714,3434.2857142857147,7.150688262000636,7152465.361508657
335.7142857142857,811.4285714285714,3600.0,7.126584918171579,7161822.173084169
335.7142857142857,858.5714285714287,120.0,8.360952347755763,6313559.698204996
335.7142857142857,858.5714285714287,285.7142857142857,8.289383600295002,5478153.968171204
335.7142857142857,858.5714285714287,451.42857142857144,8.199538141167642,5670146.785082133
335.7142857142857,858.5714285714287,617.1428571428571,8.103082025893094,5946760.928123299
335.7142857142857,858.5714285714287,782.8571428571429,8.00677196071741,6199251.857022839
335.7142857142857,858.5714285714287,948.5714285714287,7.914492072055315,6410503.047408768
335.7142857142857,858.5714285714287,1114.2857142857142,7.828218423548133,6582353.944944046
335.7142857142857,858.5714285714287,1280.0,7.748710120410672,6720932.530536931
335.7142857142857,858.5714285714287,1445.7142857142858,7.676019336949187,6832612.3798925625
335.7142857142857,858.5714285714287,1611.4285714285716,7.6098248326633255,6922900.194948141
335.7142857142857,858.5714285714287,1777.1428571428573,7.549632453289054,6996253.636894581
335.7142857142857,858.5714285714287,1942.857142857143,7.49488878996925,7056186.512383844
335.7142857142857,858.5714285714287,2108.5714285714284,7.445042172471001,7105440.6573855365
335.7142857142857,858.5714285714287,2274.285714285714,7.399573065987977,7146151.015327397
335.7142857142857,858.5714285714287,2440.0,7.358007247673251,7179983.453701817
335.7142857142857,858.5714285714287,2605.714285714286,7.319919602564627,7208243.503659516
335.7142857142857,858.5714285714287,2771.4285714285716,7.28493303799486,7231960.007590093
335.7142857142857,858.5714285714287,2937.1428571428573,7.252715053673378,7251948.764230048
335.7142857142857,858.5714285714287,3102.857142857143,7.222973369487098,7268860.7892444935
335.7142857142857,858.5714285714287,3268.571428571429,7.195451362904172,7283218.93871899
335.7142857142857,858.5714285714287,3434.2857142857147,7.169923699082426,7295445.790885747
335.7142857142857,858.5714285714287,3600.0,7.146192330297857,7305884.970954635
335.7142857142857,905.7142857142858,120.0,8.360039925922644,6443174.46313522
335.7142857142857,905.7142857142858,285.7142857142857,8.288971497936819,5580917.759631086
335.7142857142857,905.7142857142858,451.42857142857144,8.200314958184743,5768336.963181992
335.7142857142857,905.7142857142858,617.1428571428571,8.10537434800658,6046189.796268315
335.7142857142857,905.7142857142858,782.8571428571429,8.010695144686546,6301725.710265142
335.7142857142857,905.7142857142858,948.5714285714287,7.920032478955405,6516563.63893014
335.7142857142857,905.7142857142858,1114.2857142857142,7.835291424937097,6692052.338674883
335.7142857142857,905.7142857142858,1280.0,7.757198120253019,6834115.122520922
335.7142857142857,905.7142857142858,1445.7142857142858,7.685794397007466,6949043.9504725365
335.7142857142857,905.7142857142858,1611.4285714285716,7.620761033258533,7042320.932526196
335.7142857142857,905.7142857142858,1777.1428571428573,7.561612008278501,7118406.116934389
335.7142857142857,905.7142857142858,1942.857142857143,7.5078045835387845,7180828.061758311
335.7142857142857,905.7142857142858,2108.5714285714284,7.458798348291282,7232348.366019042
335.7142857142857,905.7142857142858,2274.285714285714,7.414084619472009,7275123.021241808
335.7142857142857,905.7142857142858,2440.0,7.373199157591493,7310838.37870048
335.7142857142857,905.7142857142858,2605.714285714286,7.335725795114825,7340819.030024505
335.7142857142857,905.7142857142858,2771.4285714285716,7.301295337139569,7366111.120154249
335.7142857142857,905.7142857142858,2937.1428571428573,7.269582193265647,7387545.931645633
335.7142857142857,905.7142857142858,3102.857142857143,7.240300099580459,7405788.221879237
335.7142857142857,905.7142857142858,3268.571428571429,7.213197659550823,7421372.986167257
335.7142857142857,905.7142857142858,3434.2857142857147,7.188054075116853,7434733.501810535
335.7142857142857,905.7142857142858,3600.0,7.164675239068988,7446222.816732002
335.7142857142857,952.8571428571429,120.0,8.359187088216588,6568001.661305848
335.7142857142857,952.8571428571429,285.7142857142857,8.288609360877714,5680856.404034736
335.7142857142857,952.8571428571429,451.42857142857144,8.201084562160034,5864080.328343017
335.7142857142857,952.8571428571429,617.1428571428571,8.107575316417838,6143250.51183645
335.7142857142857,952.8571428571429,782.8571428571429,8.014431575733136,6401807.13715481
335.7142857142857,952.8571428571429,948.5714285714287,7.9252895225840785,6620165.238923625
335.7142857142857,952.8571428571429,1114.2857142857142,7.8419889139647125,6799208.21262384
335.7142857142857,952.8571428571429,1280.0,7.765225647205742,6944666.825977084
335.7142857142857,952.8571428571429,1445.7142857142858,7.695032167285787,7062757.489226654
335.7142857142857,952.8571428571429,1611.4285714285716,7.6310912514065325,7158940.700359591
335.7142857142857,952.8571428571429,1777.1428571428573,7.5729245073471185,7237680.224170271
335.7142857142857,952.8571428571429,1942.857142857143,7.519999156688113,7302519.80411978
335.7142857142857,952.8571428571429,2108.5714285714284,7.471785285079933,7356240.756098851
335.7142857142857,952.8571428571429,2274.285714285714,7.427784322901013,7401019.826866405
335.7142857142857,952.8571428571429,2440.0,7.3875413362092,7438563.44403492
335.7142857142857,952.8571428571429,2605.714285714286,7.350648500508541,7470214.811927792
335.7142857142857,952.8571428571429,2771.4285714285716,7.316743988793406,7497036.930710746
335.7142857142857,952.8571428571429,2937.1428571428573,7.285508660576451,7519876.141291325
335.7142857142857,952.8571428571429,3102.857142857143,7.2566618710293405,7539410.5493296385
335.7142857142857,952.8571428571429,3268.571428571429,7.229957107695639,7556186.931719845
335.7142857142857,952.8571428571429,3434.2857142857147,7.205177815148018,7570648.943161678
335.7142857142857,952.8571428571429,3600.0,7.182133573538753,7583158.766879304
335.7142857142857,1000.0,120.0,8.358388948153399,6688373.315447009
335.7142857142857,1000.0,285.7142857142857,8.28829117010152,5778184.559699932
335.7142857142857,1000.0,451.42857142857144,8.201844941002935,5957569.327471128
335.7142857142857,1000.0,617.1428571428571,8.109690105625583,6238132.280051555
335.7142857142857,1000.0,782.8571428571429,8.017995075430926,6499689.016736059
335.7142857142857,1000.0,948.5714285714287,7.930285982290878,6721507.322046136
335.7142857142857,1000.0,1114.2857142857142,7.848342273724782,6904028.766375962
335.7142857142857,1000.0,1280.0,7.772832006388619,7052802.791051572
335.7142857142857,1000.0,1445.7142857142858,7.703779071121373,7173975.858887639
335.7142857142857,1000.0,1611.4285714285716,7.640868216608558,7272989.609753255
335.7142857142857,1000.0,1777.1428571428573,7.5836282229082554,7354312.760122643
335.7142857142857,1000.0,1942.857142857143,7.531535634656019,7421504.65108359
335.7142857142857,1000.0,2108.5714285714284,7.484070350604148,7477366.2861801665
335.7142857142857,1000.0,2274.285714285714,7.440743253674597,7524094.910766487
335.7142857142857,1000.0,2440.0,7.401108108553602,7563416.665729369
335.7142857142857,1000.0,2605.714285714286,7.364764892297823,7596692.966627635
335.7142857142857,1000.0,2771.4285714285716,7.331358670725482,7625003.266466455
335.7142857142857,1000.0,2937.1428571428573,7.300576340505441,7649208.580927062
335.7142857142857,1000.0,3102.857142857143,7.272142519224201,7670000.008650872
335.7142857142857,1000.0,3268.571428571429,7.24581527111703,7687935.784691165
335.7142857142857,1000.0,3434.2857142857147,7.221382018696629,7703469.649909176
335.7142857142857,1000.0,3600.0,7.19865580145419,7716972.662332138
371.42857142857144,10.0,120.0,8.403033515151872,2040249.3034202321
371.42857142857144,10.0,285.7142857142857,8.350126118094327,2134493.452355004
371.42857142857144,10.0,451.42857142857144,8.251793330201343,2407384.3678648835
371.42857142857144,10.0,617.1428571428571,8.127911186429854,2586311.18646382
371.42857142857144,10.0,782.8571428571429,7.995607563681896,2689365.804028204
371.42857142857144,10.0,948.5714285714287,7.866588317587812,2739011.9447530224
371.42857142857144,10.0,1114.2857142857142,7.747276529528751,2753198.156126801
371.42857142857144,10.0,1280.0,7.640289396841067,2744963.88801625
371.42857142857144,10.0,1445.7142857142858,7.545988493633913,2723233.669109294
371.42857142857144,10.0,1611.4285714285716,7.463592512117477,2693883.403121894
371.42857142857144,10.0,1777.1428571428573,7.391847751879243,2660680.2063475926
371.42857142857144,10.0,1942.857142857143,7.329389068904736,2625987.937506022
371.42857142857144,10.0,2108.5714285714284,7.274914715033666,2591257.083359449
371.42857142857144,10.0,2274.285714285714,7.227258747008207,2557351.369471089
371.42857142857144,10.0,2440.0,7.185410857819934,2524760.936832967
371.42857142857144,10.0,2605.714285714286,7.14851127967572,2493740.003540279
371.42857142857144,10.0,2771.4285714285716,7.115835333067079,2464395.320626327
371.42857142857144,10.0,2937.1428571428573,7.086774935856051,2436742.883249011
371.42857142857144,10.0,3102.857142857143,7.0608205082751665,2410744.235375988
371.42857142857144,10.0,3268.571428571429,7.037544706620456,2386329.6577874036
371.42857142857144,10.0,3434.2857142857147,7.0165884232996465,2363412.911688883
371.42857142857144,10.0,3600.0,6.997649024877826,2341900.5347043443
371.42857142857144,57.142857142857146,120.0,8.393871493138512,2846627.6742906915
371.42857142857144,57.142857142857146,285.7142857142857,8.323460176171025,2842108.209604708
371.42857142857144,57.142857142857146,451.42857142857144,8.203630791081315,3154743.0210145526
371.42857142857144,57.142857142857146,617.1428571428571,8.057204636216811,3388438.0137113207
371.42857142857144,57.142857142857146,782.8571428571429,7.901859868912354,3544623.306838899
371.42857142857144,57.142857142857146,948.5714285714287,7.749325350114691,3641895.6851094994
371.42857142857144,57.142857142857146,1114.2857142857142,7.606169143311965,3697230.119781936
371.42857142857144,57.142857142857146,1280.0,7.475321393455829,3723767.2038666788
371.42857142857144,57.142857142857146,1445.7142857142858,7.357509682381884,3731008.4358997676
371.42857142857144,57.142857142857146,1611.4285714285716,7.252277911127923,3725586.2820933526
371.42857142857144,57.142857142857146,1777.1428571428573,7.1586154327408105,3712044.0674982867
371.42857142857144,57.142857142857146,1942.857142857143,7.075313322040344,3693462.12010109
371.42857142857144,57.142857142857146,2108.5714285714284,7.001151886141811,3671915.8652742407
371.42857142857144,57.142857142857146,2274.285714285714,6.934990768783963,3648796.540217718
371.42857142857144,57.142857142857146,2440.0,6.875805540101284,3625030.9959374275
371.42857142857144,57.142857142857146,2605.714285714286,6.822696269781317,3601230.9356283867
371.42857142857144,57.142857142857146,2771.4285714285716,6.774882360651432,3577793.9667424085
371.42857142857144,57.142857142857146,2937.1428571428573,6.731691396441965,3554972.092702863
371.42857142857144,57.142857142857146,3102.857142857143,6.692546073162314,3532918.273752733
371.42857142857144,57.142857142857146,3268.571428571429,6.656951246198439,3511718.2018014444
371.42857142857144,57.142857142857146,3434.2857142857147,6.624482021356948,3491412.0725126835
371.42857142857144,57.142857142857146,3600.0,6.594773235162359,3472009.5586143057
371.42857142857144,104.28571428571429,120.0,8.388155955147925,3352495.2086528013
371.42857142857144,104.28571428571429,285.7142857142857,8.312179112814064,3243556.7988316705
371.42857142857144,104.28571428571429,451.42857142857144,8.189976318593706,3553309.7869258947
371.42857142857144,104.28571428571429,617.1428571428571,8.04412585427172,3802410.623674704
371.42857142857144,104.28571428571429,782.8571428571429,7.890919652948716,3978674.590402782
371.42857142857144,104.28571428571429,948.5714285714287,7.74087135974472,4096596.3128309296
371.42857142857144,104.28571428571429,1114.2857142857142,7.599814119006405,4171492.096938109
371.42857142857144,104.28571428571429,1280.0,7.470353370165009,4215819.555406149
371.42857142857144,104.28571428571429,1445.7142857142858,7.353148534942708,4238875.070957906
371.42857142857144,104.28571428571429,1611.4285714285716,7.247806541172662,4247327.86103069
371.42857142857144,104.28571428571429,1777.1428571428573,7.153432379148815,4245872.165412461
371.42857142857144,104.28571428571429,1942.857142857143,7.068943008261493,4237783.171702782
371.42857142857144,104.28571428571429,2108.5714285714284,6.993234993806065,4225337.871590427
371.42857142857144,104.28571428571429,2274.285714285714,6.925267130158792,4210117.444776478
371.42857142857144,104.28571428571429,2440.0,6.864095755938972,4193219.2671462176
371.42857142857144,104.28571428571429,2605.714285714286,6.808884820888676,4175403.981605043
371.42857142857144,104.28571428571429,2771.4285714285716,6.7589032022264846,4157197.2031854624
371.42857142857144,104.28571428571429,2937.1428571428573,6.713516169031903,4138959.9292524615
371.42857142857144,104.28571428571429,3102.857142857143,6.672174695734527,4120937.4532888355
371.42857142857144,104.28571428571429,3268.571428571429,6.634404531947766,4103293.5053966646
371.42857142857144,104.28571428571429,3434.2857142857147,6.599795946014792,4086134.206690777
371.42857142857144,104.28571428571429,3600.0,6.567994524430922,4069524.9662699145
371.42857142857144,151.42857142857144,120.0,8.383742750770558,3753920.393904416
371.42857142857144,151.42857142857144,285.7142857142857,8.305302094541155,3549636.5358255752
371.42857142857144,151.42857142857144,451.42857142857144,8.184244620618337,3849123.507827591
371.42857142857144,151.42857142857144,617.1428571428571,8.042301933576187,4105049.150546534
371.42857142857144,151.42857142857144,782.8571428571429,7.894404298755183,4293352.338065804
371.42857142857144,151.42857142857144,948.5714285714287,7.749987982273143,4424798.950662213
371.42857142857144,151.42857142857144,1114.2857142857142,7.614233568388945,4513134.093669746
371.42857142857144,151.42857142857144,1280.0,7.489433633208393,4570102.335946879
371.42857142857144,151.42857142857144,1445.7142857142858,7.376149083446267,4604705.789504253
371.42857142857144,151.42857142857144,1611.4285714285716,7.2740044338917755,4623536.743731634
371.42857142857144,151.42857142857144,1777.1428571428573,7.182175950700626,4631323.359880044
371.42857142857144,151.42857142857144,1942.857142857143,7.099670311359219,4631426.857208856
371.42857142857144,151.42857142857144,2108.5714285714284,7.025474156465577,4626230.143691976
371.42857142857144,151.42857142857144,2274.285714285714,6.958628477229997,4617423.087593404
371.42857142857144,151.42857142857144,2440.0,6.898260973258517,4606205.991815869
371.42857142857144,151.42857142857144,2605.714285714286,6.843595802896479,4593432.912317692
371.42857142857144,151.42857142857144,2771.4285714285716,6.793951780408761,4579712.197923763
371.42857142857144,151.42857142857144,2937.1428571428573,6.74873516409755,4565477.070211153
371.42857142857144,151.42857142857144,3102.857142857143,6.707430363104309,4551035.339618017
371.42857142857144,151.42857142857144,3268.571428571429,6.6695903006922075,4536604.596232189
371.42857142857144,151.42857142857144,3434.2857142857147,6.634827287270988,4522337.259209893
371.42857142857144,151.42857142857144,3600.0,6.602804773146045,4508338.512532884
371.42857142857144,198.57142857142858,120.0,8.38011361787169,4094987.533223176
371.42857142857144,198.57142857142858,285.7142857142857,8.300575211674875,3804630.3850193555
371.42857142857144,198.57142857142858,451.42857142857144,8.181722708584912,4092086.97857383
371.42857142857144,198.57142857142858,617.1428571428571,8.044294116876383,4351645.829222922
371.42857142857144,198.57142857142858,782.8571428571429,7.902034414869817,4548618.49693461
371.42857142857144,198.57142857142858,948.5714285714287,7.763493607912161,4690387.403062927
371.42857142857144,198.57142857142858,1114.2857142857142,7.633321734509163,4789263.902320009
371.42857142857144,198.57142857142858,1280.0,7.513553272326759,4856327.890896841
371.42857142857144,198.57142857142858,1445.7142857142858,7.404661879854445,4900287.309598141
371.42857142857144,198.57142857142858,1611.4285714285716,7.306278616752102,4927632.303003465
371.42857142857144,198.57142857142858,1777.1428571428573,7.217631289628475,4943088.635222701
371.42857142857144,198.57142857142858,1942.857142857143,7.1377952232163775,4950064.476952595
371.42857142857144,198.57142857142858,2108.5714285714284,7.065828121478035,4951011.2533282135
371.42857142857144,198.57142857142858,2274.285714285714,7.000837423872563,4947693.846031814
371.42857142857144,198.57142857142858,2440.0,6.942009824795117,4941386.20847922
371.42857142857144,198.57142857142858,2605.714285714286,6.888620356700057,4933010.888413889
371.42857142857144,198.57142857142858,2771.4285714285716,6.840030964170167,4923238.023336108
371.42857142857144,198.57142857142858,2937.1428571428573,6.795684107848293,4912555.587081308
371.42857142857144,198.57142857142858,3102.857142857143,6.755094414241818,4901319.391236615
371.42857142857144,198.57142857142858,3268.571428571429,6.717839958050517,4889788.847076058
371.42857142857144,198.57142857142858,3434.2857142857147,6.683553964724603,4878152.6891194405
371.42857142857144,198.57142857142858,3600.0,6.651917281799433,4866547.5911628725
371.42857142857144,245.71428571428572,120.0,8.377030634210316,4394937.695986448
371.42857142857144,245.71428571428572,285.7142857142857,8.29711024165209,4026823.626243766
371.42857142857144,245.71428571428572,451.42857142857144,8.180778805856745,4302174.955915953
371.42857142857144,245.71428571428572,617.1428571428571,8.047778175364446,4563963.019272143
371.42857142857144,245.71428571428572,782.8571428571429,7.9108408362706495,4767862.585611442
371.42857142857144,245.71428571428572,948.5714285714287,7.777788750491464,4918172.860677419
371.42857142857144,245.71428571428572,1114.2857142857142,7.652841428035753,5025903.595465437
371.42857142857144,245.71428571428572,1280.0,7.537823740844698,5101529.927840685
371.42857142857144,245.71428571428572,1445.7142857142858,7.433137203290445,5153486.218781149
371.42857142857144,245.71428571428572,1611.4285714285716,7.338416463046391,5188159.333502835
371.42857142857144,245.71428571428572,1777.1428571428573,7.252929774773568,5210260.436474665
371.42857142857144,245.71428571428572,1942.857142857143,7.175807471637981,5223227.736730242
371.42857142857144,245.71428571428572,2108.5714285714284,7.106164945824528,5229563.140031518
371.42857142857144,245.71428571428572,2274.285714285714,7.0431641936860885,5231089.252556251
371.42857142857144,245.71428571428572,2440.0,6.986040878462971,5229137.99680856
371.42857142857144,245.71428571428572,2605.714285714286,6.934112721526016,5224686.632816953
371.42857142857144,245.71428571428572,2771.4285714285716,6.886778255818162,5218455.206472352
371.42857142857144,245.71428571428572,2937.1428571428573,6.843510994319939,5210976.317913347
371.42857142857144,245.71428571428572,3102.857142857143,6.80385177437942,5202645.207131254
371.42857142857144,245.71428571428572,3268.571428571429,6.767400737172301,5193755.875113606
371.42857142857144,245.71428571428572,3434.2857142857147,6.733809671758967,5184527.281110972
371.42857142857144,245.71428571428572,3600.0,6.7027750504434165,5175122.459584886
371.42857142857144,292.8571428571429,120.0,8.374357698750536,4664362.865660841
371.42857142857144,292.8571428571429,285.7142857142857,8.29446493886929,4225805.161384127
371.42857142857144,292.8571428571429,451.42857142857144,8.180693902927148,4489579.316751087
371.42857142857144,292.8571428571429,617.1428571428571,8.051838830333676,4752938.787029331
371.42857142857144,292.8571428571429,782.8571428571429,7.919766190760293,4962745.180994374
371.42857142857144,292.8571428571429,948.5714285714287,7.7916931671783525,5120474.621011458
371.42857142857144,292.8571428571429,1114.2857142857142,7.6714855170577,5235953.065883529
371.42857142857144,292.8571428571429,1280.0,7.5607964747145004,5319108.096434099
371.42857142857144,292.8571428571429,1445.7142857142858,7.459968422521259,5378125.132481531
371.42857142857144,292.8571428571429,1611.4285714285716,7.368638883313707,5419294.20345753
371.42857142857144,292.8571428571429,1777.1428571428573,7.2861093676306785,5447308.576974166
371.42857142857144,292.8571428571429,1942.857142857143,7.2115556831681,5465628.486384676
371.42857142857144,292.8571428571429,2108.5714285714284,7.1441411820229845,5476796.4785217615
371.42857142857144,292.8571428571429,2274.285714285714,7.083073488932916,5482682.800872784
371.42857142857144,292.8571428571429,2440.0,7.027629478237963,5484667.821166924
371.42857142857144,292.8571428571429,2605.714285714286,6.977163029332895,5483774.902914901
371.42857142857144,292.8571428571429,2771.4285714285716,6.931103870706595,5480766.415964588
371.42857142857144,292.8571428571429,2937.1428571428573,6.888952168815097,5476213.0075692395
371.42857142857144,292.8571428571429,3102.857142857143,6.850271412146852,5470543.692049228
371.42857142857144,292.8571428571429,3268.571428571429,6.814680942920282,5464082.227343569
371.42857142857144,292.8571428571429,3434.2857142857147,6.7818488156501004,5457073.678342163
371.42857142857144,292.8571428571429,3600.0,6.751485289217079,5449703.933107462
371.42857142857144,340.0,120.0,8.372007170981918,4909885.015220174
371.42857142857144,340.0,285.7142857142857,8.292388130492998,4407316.973691546
371.42857142857144,340.0,451.42857142857144,8.181105162955848,4660258.195736613
371.42857142857144,340.0,617.1428571428571,8.056070150252994,4924884.552036599
371.42857142857144,340.0,782.8571428571429,7.9284038408581345,5139947.999963736
371.42857142857144,340.0,948.5714285714287,7.80481439706574,5304327.948327282
371.42857142857144,340.0,1114.2857142857142,7.688872624283112,5426769.679837591
371.42857142857144,340.0,1280.0,7.582089334471239,5516704.500170386
371.42857142857144,340.0,1445.7142857142858,7.4847581389493065,5582092.803895205
371.42857142857144,340.0,1611.4285714285716,7.396519366947436,5629136.439477279
371.42857142857144,340.0,1777.1428571428573,7.316702687886586,5662511.099607044
371.42857142857144,340.0,1942.857142857143,7.244522359963202,5685695.10594766
371.42857142857144,340.0,2108.5714285714284,7.179182378365772,5701265.810907441
371.42857142857144,340.0,2274.285714285714,7.1199291665609366,5711134.68729797
371.42857142857144,340.0,2440.0,7.066074780000028,5716724.252001969
371.42857142857144,340.0,2605.714285714286,7.01700409709517,5719098.13696194
371.42857142857144,340.0,2771.4285714285716,6.972173710050366,5719055.800360952
371.42857142857144,340.0,2937.1428571428573,6.931106842692438,5717201.328753044
371.42857142857144,340.0,3102.857142857143,6.893386669722809,5713993.502887348
371.42857142857144,340.0,3268.571428571429,6.858649299575477,5709782.375998418
371.42857142857144,340.0,3434.2857142857147,6.8265770569272215,5704836.1405754825
371.42857142857144,340.0,3600.0,6.796892353590864,5699360.981151931
371.42857142857144,387.14285714285717,120.0,8.36991824670061,5135995.037488357
371.42857142857144,387.14285714285717,285.7142857142857,8.290724295904194,4575105.974654208
371.42857142857144,387.14285714285717,451.42857142857144,8.181812604864914,4818018.453659183
371.42857142857144,387.14285714285717,617.1428571428571,8.060280754668574,5083787.814228983
371.42857142857144,387.14285714285717,782.8571428571429,7.936602155343555,5303667.842266806
371.42857142857144,387.14285714285717,948.5714285714287,7.817051130219491,5474139.4463345995
371.42857142857144,387.14285714285717,1114.2857142857142,7.704949114533397,5602957.253553076
371.42857142857144,387.14285714285717,1280.0,7.601687126836034,5699101.414685123
371.42857142857144,387.14285714285717,1445.7142857142858,7.507518133033356,5770329.126103012
371.42857142857144,387.14285714285717,1611.4285714285716,7.422085357941796,5822762.979957281
371.42857142857144,387.14285714285717,1777.1428571428573,7.344742802512816,5861062.918912653
371.42857142857144,387.14285714285717,1942.857142857143,7.274737801650929,5888723.450165182
371.42857142857144,387.14285714285717,2108.5714285714284,7.2113093329776365,5908353.0524017485
371.42857142857144,387.14285714285717,2274.285714285714,7.153737282667369,5921900.070963435
371.42857142857144,387.14285714285717,2440.0,7.1013641302876565,5930824.745706776
371.42857142857144,387.14285714285717,2605.714285714286,7.053601643134004,5936226.784029218
371.42857142857144,387.14285714285717,2771.4285714285716,7.009929790746051,5938938.911528478
371.42857142857144,387.14285714285717,2937.1428571428573,6.969891929336357,5939595.250902787
371.42857142857144,387.14285714285717,3102.857142857143,6.93308848147629,5938681.36010877
371.42857142857144,387.14285714285717,3268.571428571429,6.899170296166662,5936570.984115231
371.42857142857144,387.14285714285717,3434.2857142857147,6.867832288013384,5933553.186522459
371.42857142857144,387.14285714285717,3600.0,6.838807628386629,5929852.4977436075
371.42857142857144,434.28571428571433,120.0,8.368046517317703,5345916.203249351
371.42857142857144,434.28571428571433,285.7142857142857,8.289371019187362,4731769.960603185
371.42857142857144,434.28571428571433,451.42857142857144,8.182698993931615,4965451.03524936
371.42857142857144,434.28571428571433,617.1428571428571,8.064378874818425,5232336.313423419
371.42857142857144,434.28571428571433,782.8571428571429,7.944317569762818,5456719.613440063
371.42857142857144,434.28571428571433,948.5714285714287,7.8284154065663865,5632858.04199935
371.42857142857144,434.28571428571433,1114.2857142857142,7.719780330375073,5767594.389968117
371.42857142857144,434.28571428571433,1280.0,7.619701323827959,5869497.191311972
371.42857142857144,434.28571428571433,1445.7142857142858,7.528397100685115,5946139.934589772
371.42857142857144,434.28571428571433,1611.4285714285716,7.44551387804752,6003574.433965126
371.42857142857144,434.28571428571433,1777.1428571428573,7.370426998104049,6046447.287565491
371.42857142857144,434.28571428571433,1942.857142857143,7.3024126424944535,6078268.356826361
371.42857142857144,434.28571428571433,2108.5714285714284,7.240740288376939,6101674.814819236
371.42857142857144,434.28571428571433,2274.285714285714,7.184719033016636,6118648.776743632
371.42857142857144,434.28571428571433,2440.0,7.133717965821226,6130684.94514669
371.42857142857144,434.28571428571433,2605.714285714286,7.087172425622401,6138915.954621249
371.42857142857144,434.28571428571433,2771.4285714285716,7.0445829260868855,6144204.891391478
371.42857142857144,434.28571428571433,2937.1428571428573,7.005510561896058,6147213.299487718
371.42857142857144,434.28571428571433,3102.857142857143,6.969570993125431,6148451.19875635
371.42857142857144,434.28571428571433,3268.571428571429,6.936428126453532,6148313.995472044
371.42857142857144,434.28571428571433,3434.2857142857147,6.905788059418611,6147109.853994012
371.42857142857144,434.28571428571433,3600.0,6.877393546556529,6145080.111964231
371.42857142857144,481.42857142857144,120.0,8.366358307948182,5542060.697316755
371.42857142857144,481.42857142857144,285.7142857142857,8.288257650455053,4879193.283312761
371.42857142857144,481.42857142857144,451.42857142857144,8.183692451300395,5104404.948274891
371.42857142857144,481.42857142857144,617.1428571428571,8.068322061099936,5372432.178498688
371.42857142857144,481.42857142857144,782.8571428571429,7.951553814599758,5601087.166030472
371.42857142857144,481.42857142857144,948.5714285714287,7.838962343137368,5782558.178704096
371.42857142857144,481.42857142857144,1114.2857142857142,7.733470779615406,5922845.528549605
371.42857142857144,481.42857142857144,1280.0,7.636280206565521,6030140.8384495275
371.42857142857144,481.42857142857144,1445.7142857142858,7.547580162986525,6111851.170682438
371.42857142857144,481.42857142857144,1611.4285714285716,7.467019920987647,6173965.35512671
371.42857142857144,481.42857142857144,1777.1428571428573,7.393993759825,6221119.209944115
371.42857142857144,481.42857142857144,1942.857142857143,7.327803302918455,6256837.703978841
371.42857142857144,481.42857142857144,2108.5714285714284,7.26774490692591,6283785.035525419
371.42857142857144,481.42857142857144,2274.285714285714,7.21315343341023,6303974.789317636
371.42857142857144,481.42857142857144,2440.0,7.163421475824278,6318933.639635074
371.42857142857144,481.42857142857144,2605.714285714286,7.118005230681128,6329824.702344799
371.42857142857144,481.42857142857144,2771.4285714285716,7.076423426535266,6337539.140659988
371.42857142857144,481.42857142857144,2937.1428571428573,7.03825291832939,6342763.848542777
371.42857142857144,481.42857142857144,3102.857142857143,7.003122933544282,6346031.46130436
371.42857142857144,481.42857142857144,3268.571428571429,6.970709030817326,6347757.418145359
371.42857142857144,481.42857142857144,3434.2857142857147,6.940727308718198,6348267.557362069
371.42857142857144,481.42857142857144,3600.0,6.912929111023251,6347818.778237459
371.42857142857144,528.5714285714286,120.0,8.364827340550946,5726292.582423166
371.42857142857144,528.5714285714286,285.7142857142857,8.287333648919091,5018791.552286223
371.42857142857144,528.5714285714286,451.42857142857144,8.184747423867757,5236249.426642367
371.42857142857144,528.5714285714286,617.1428571428571,8.072093301791053,5505473.836176638
371.42857142857144,528.5714285714286,782.8571428571429,7.958334931123255,5738223.874814106
371.42857142857144,528.5714285714286,948.5714285714287,7.848760739040609,5924757.268332291
371.42857142857144,528.5714285714286,1114.2857142857142,7.746132296216692,6070293.228697918
371.42857142857144,528.5714285714286,1280.0,7.651574195304354,6182677.056459403
371.42857142857144,528.5714285714286,1445.7142857142858,7.565250878158668,6269164.6999757
371.42857142857144,528.5714285714286,1611.4285714285716,7.4868146950918515,6335689.069552026
371.42857142857144,528.5714285714286,1777.1428571428573,7.415676887227223,6386877.7318310905
371.42857142857144,528.5714285714286,1942.857142857143,7.351161728715066,6426270.840271908
371.42857142857144,528.5714285714286,2108.5714285714284,7.292589483958127,6456558.436737296
371.42857142857144,528.5714285714286,2274.285714285714,7.2393179418752105,6479783.814478003
371.42857142857144,528.5714285714286,2440.0,7.19076063557396,6497503.659616417
371.42857142857144,528.5714285714286,2605.714285714286,7.14639237060813,6510909.6165795
371.42857142857144,528.5714285714286,2771.4285714285716,7.105748153242195,6520919.084999961
371.42857142857144,528.5714285714286,2937.1428571428573,7.0684189470098575,6528242.627530612
371.42857142857144,528.5714285714286,3102.857142857143,7.034046146729611,6533433.987916022
371.42857142857144,528.5714285714286,3268.571428571429,7.002315779654943,6536927.302958274
371.42857142857144,528.5714285714286,3434.2857142857147,6.972952946208838,6539064.910037483
371.42857142857144,528.5714285714286,3600.0,6.945716735477554,6540118.2406680705
371.42857142857144,575.7142857142858,120.0,8.363432640113743,5900089.429393659
371.42857142857144,575.7142857142858,285.7142857142857,8.286561784713346,5151658.455656584
371.42857142857144,575.7142857142858,451.42857142857144,8.185834336020958,5362028.966439834
371.42857142857144,575.7142857142858,617.1428571428571,8.075688983158447,5632521.380467544
371.42857142857144,575.7142857142858,782.8571428571429,7.964692752034547,5869228.185668271
371.42857142857144,575.7142857142858,948.5714285714287,7.857880543917462,6060600.695522841
371.42857142857144,575.7142857142858,1114.2857142857142,7.757871462591838,6211131.654156785
371.42857142857144,575.7142857142858,1280.0,7.66572294067236,6328347.135833584
371.42857142857144,575.7142857142858,1445.7142857142858,7.581577635001251,6419365.572884721
371.42857142857144,575.7142857142858,1611.4285714285716,7.505090963185144,6490070.325279815
371.42857142857144,575.7142857142858,1777.1428571428573,7.4356894776479985,6545083.112790101
371.42857142857144,575.7142857142858,1942.857142857143,7.372717780662009,6587959.529721634
371.42857142857144,575.7142857142858,2108.5714285714284,7.315517570246735,6621414.603004036
371.42857142857144,575.7142857142858,2274.285714285714,7.26346719658536,6647519.949939914
371.42857142857144,575.7142857142858,2440.0,7.21599898856725,6667860.688946117
371.42857142857144,575.7142857142858,2605.714285714286,7.1726044757606395,6683655.399103135
371.42857142857144,575.7142857142858,2771.4285714285716,7.132833313428107,6695846.201819091
371.42857142857144,575.7142857142858,2937.1428571428573,7.096289180725115,6705165.936670289
371.42857142857144,575.7142857142858,3102.857142857143,7.062624455241984,6712188.202390274
371.42857142857144,575.7142857142858,3268.571428571429,7.031534628346099,6717364.718348603
371.42857142857144,575.7142857142858,3434.2857142857147,7.002752951284096,6721053.3365774
371.42857142857144,575.7142857142858,3600.0,6.976045537183504,6723539.15558148
371.42857142857144,622.8571428571429,120.0,8.362157154918103,6064646.8656087825
371.42857142857144,622.8571428571429,285.7142857142857,8.285913963421898,5278658.562199367
371.42857142857144,622.8571428571429,451.42857142857144,8.186933659999372,5482559.996098268
371.42857142857144,622.8571428571429,617.1428571428571,8.079112545817432,5754398.919039478
371.42857142857144,622.8571428571429,782.8571428571429,7.970660980584806,5994951.832352
371.42857142857144,622.8571428571429,948.5714285714287,7.866387673140601,6190975.645258291
371.42857142857144,622.8571428571429,1114.2857142857142,7.7687851279108395,6346285.53438913
371.42857142857144,622.8571428571429,1280.0,7.678851336687885,6468112.477505522
371.42857142857144,622.8571428571429,1445.7142857142858,7.596709891152476,6563449.509773036
371.42857142857144,622.8571428571429,1611.4285714285716,7.522019238947633,6638136.176400834
371.42857142857144,622.8571428571429,1777.1428571428573,7.454219845392536,6696790.596162294
371.42857142857144,622.8571428571429,1942.857142857143,7.392674683222781,6742984.156309443
371.42857142857144,622.8571428571429,2108.5714285714284,7.336744799036612,6779456.231200221
371.42857142857144,622.8571428571429,2274.285714285714,7.285827107840637,6808305.64916472
371.42857142857144,622.8571428571429,2440.0,7.239370922029248,6831144.662221734
371.42857142857144,622.8571428571429,2605.714285714286,7.196882898240585,6849217.45897086
371.42857142857144,622.8571428571429,2771.4285714285716,7.157925957634525,6863489.614518308
371.42857142857144,622.8571428571429,2937.1428571428573,7.122115309088677,6874715.074244268
371.42857142857144,622.8571428571429,3102.857142857143,7.08911330184155,6883486.232909986
371.42857142857144,622.8571428571429,3268.571428571429,7.058624031638137,6890271.447252444
371.42857142857144,622.8571428571429,3434.2857142857147,7.030388170163591,6895443.247010012
371.42857142857144,622.8571428571429,3600.0,7.0041782338377345,6899299.66012167
371.42857142857144,670.0,120.0,8.360986810938389,6220949.046046104
371.42857142857144,670.0,285.7142857142857,8.28536855096627,5400488.508817771
371.42857142857144,670.0,451.42857142857144,8.188032370862016,5598493.806348151
371.42857142857144,670.0,617.1428571428571,8.08237103523178,5871760.74182532
371.42857142857144,670.0,782.8571428571429,7.976272418868961,6116069.550519526
371.42857142857144,670.0,948.5714285714287,7.8743421254225785,6316584.307923165
371.42857142857144,670.0,1114.2857142857142,7.778959384860931,6476486.626574568
371.42857142857144,670.0,1280.0,7.691069203456574,6602733.989378968
371.42857142857144,670.0,1445.7142857142858,7.61077836412774,6702204.880347083
371.42857142857144,670.0,1611.4285714285716,7.537748288168323,6780700.2004301995
371.42857142857144,670.0,1777.1428571428573,7.47143215538533,6842836.545650568
371.42857142857144,670.0,1942.857142857143,7.411209640669343,6892201.495523629
371.42857142857144,670.0,2108.5714285714284,7.356459363291941,6931558.289149411
371.42857142857144,670.0,2274.285714285714,7.306595101182826,6963032.0539261885
371.42857142857144,670.0,2440.0,7.261081603070693,6988261.089600664
371.42857142857144,670.0,2605.714285714286,7.219439286881628,7008514.0754864765
371.42857142857144,670.0,2771.4285714285716,7.181243154427637,7024778.963270907
371.42857142857144,670.0,2937.1428571428573,7.146118925905269,7037829.805044144
371.42857142857144,670.0,3102.857142857143,7.113738051978559,7048276.885077639
371.42857142857144,670.0,3268.571428571429,7.0838124911672455,7056604.386007471
371.42857142857144,670.0,3434.2857142857147,7.05608970411934,7063198.794934146
371.42857142857144,670.0,3600.0,7.030348072607879,7068370.4329879815
371.42857142857144,717.1428571428572,120.0,8.359909842571536,6369817.796154647
371.42857142857144,717.1428571428572,285.7142857142857,8.284908598543435,5517718.77873591
371.42857142857144,717.1428571428572,451.42857142857144,8.189121751496467,5710359.008137704
371.42857142857144,717.1428571428572,617.1428571428571,8.085473187234841,5985135.682613841
371.42857142857144,717.1428571428572,782.8571428571429,7.981557744166715,6233125.665481564
371.42857142857144,717.1428571428572,948.5714285714287,7.881797594482732,6437992.727425482
371.42857142857144,717.1428571428572,1114.2857142857142,7.788469990115631,6602324.712337546
371.42857142857144,717.1428571428572,1280.0,7.702472402709001,6732825.045060087
371.42857142857144,717.1428571428572,1445.7142857142858,7.623896696095638,6836267.40794171
371.42857142857144,717.1428571428572,1611.4285714285716,7.552407195629624,6918418.729329084
371.42857142857144,717.1428571428572,1777.1428571428573,7.487468758562714,6983895.997039509
371.42857142857144,717.1428571428572,1942.857142857143,7.428476326516111,7036303.400625078
371.42857142857144,717.1428571428572,2108.5714285714284,7.374824564602381,7078427.672449151
371.42857142857144,717.1428571428572,2274.285714285714,7.325942649589483,7112419.479491233
371.42857142857144,717.1428571428572,2440.0,7.281309433979103,7139942.248214228
371.42857142857144,717.1428571428572,2605.714285714286,7.240457918883761,7162288.191576067
371.42857142857144,717.1428571428572,2771.4285714285716,7.202974162668703,7180466.711598946
371.42857142857144,717.1428571428572,2937.1428571428573,7.168493515321368,7195271.104701019
371.42857142857144,717.1428571428572,3102.857142857143,7.136695774252136,7207328.759869636
371.42857142857144,717.1428571428572,3268.571428571429,7.107300116376886,7217138.981381465
371.42857142857144,717.1428571428572,3434.2857142857147,7.0800602415388045,7225101.587160814
371.42857142857144,717.1428571428572,3600.0,7.054759927598196,7231538.637051386
371.42857142857144,764.2857142857143,120.0,8.358916306049592,6511947.872195477
371.42857142857144,764.2857142857143,285.7142857142857,8.284520629327883,5630823.079656814
371.42857142857144,764.2857142857143,451.42857142857144,8.190195993063549,5818591.057244797
371.42857142857144,764.2857142857143,617.1428571428571,8.088428355651866,6094957.788579639
371.42857142857144,764.2857142857143,782.8571428571429,7.986545056976505,6346566.206902393
371.42857142857144,764.2857142857143,948.5714285714287,7.888801737571538,6555664.4299519565
371.42857142857144,764.2857142857143,1114.2857142857142,7.797383330581666,6724282.691653006
371.42857142857144,764.2857142857143,1280.0,7.713144416392275,6858887.932211025
371.42857142857144,764.2857142857143,1445.7142857142858,7.6361635361217415,6966157.834562453
371.42857142857144,764.2857142857143,1611.4285714285716,7.566107840977032,7051829.587561957
371.42857142857144,764.2857142857143,1777.1428571428573,7.502452960685565,7120522.331517691
371.42857142857144,764.2857142857143,1942.857142857143,7.44460785807509,7175857.285237666
371.42857142857144,764.2857142857143,2108.5714285714284,7.391981920448216,7220644.384292242
371.42857142857144,764.2857142857143,2274.285714285714,7.344018453624171,7257059.193768568
371.42857142857144,764.2857142857143,2440.0,7.3002092570197,7286789.47600492
371.42857142857144,764.2857142857143,2605.714285714286,7.260098890856897,7311150.14961099
371.42857142857144,764.2857142857143,2771.4285714285716,7.223283578549197,7331171.261953548
371.42857142857144,764.2857142857143,2937.1428571428573,7.189407531281615,7347664.601845866
371.42857142857144,764.2857142857143,3102.857142857143,7.158158234141435,7361273.97694715
371.42857142857144,764.2857142857143,3268.571428571429,7.129261518754153,7372513.196198825
371.42857142857144,764.2857142857143,3434.2857142857147,7.102476842414314,7381794.858416952
371.42857142857144,764.2857142857143,3600.0,7.077592967157365,7389452.274639776
371.42857142857144,811.4285714285714,120.0,8.357997717531461,6647932.881513653
371.42857142857144,811.4285714285714,285.7142857142857,8.28419378778957,5740199.528576219
371.42857142857144,811.4285714285714,451.42857142857144,8.191251280192136,5923553.323663169
371.42857142857144,811.4285714285714,617.1428571428571,8.091245914056033,6201588.0899474
371.42857142857144,811.4285714285714,782.8571428571429,7.99125981189668,6456761.6441442855
371.42857142857144,811.4285714285714,948.5714285714287,7.895396705756033,6669984.203621073
371.42857142857144,811.4285714285714,1114.2857142857142,7.805757533817877,6842761.390360953
371.42857142857144,811.4285714285714,1280.0,7.723157972387077,6981339.621007108
371.42857142857144,811.4285714285714,1445.7142857142858,7.647664599270547,7092308.560025853
371.42857142857144,811.4285714285714,1611.4285714285716,7.578947308151521,7181379.504740439
371.42857142857144,811.4285714285714,1777.1428571428573,7.516491705694473,7253175.3670095345
371.42857142857144,811.4285714285714,1942.857142857143,7.459719687046208,7311334.80563554
371.42857142857144,811.4285714285714,2108.5714285714284,7.408054205629207,7358690.730023379
371.42857142857144,811.4285714285714,2274.285714285714,7.360951586964272,7397443.054894507
371.42857142857144,811.4285714285714,2440.0,7.317915565853668,7429303.192123401
371.42857142857144,811.4285714285714,2605.714285714286,7.278501365204182,7455608.042612674
371.42857142857144,811.4285714285714,2771.4285714285716,7.242314592104486,7477407.592996037
371.42857142857144,811.4285714285714,2937.1428571428573,7.209007644366485,7495531.463063273
371.42857142857144,811.4285714285714,3102.857142857143,7.178275115478484,7510639.274327255
371.42857142857144,811.4285714285714,3268.571428571429,7.149848995603227,7523258.795435357
371.42857142857144,811.4285714285714,3434.2857142857147,7.123494074805931,7533814.919544009
371.42857142857144,811.4285714285714,3600.0,7.099003735625979,7542651.776902641
371.42857142857144,858.5714285714287,120.0,8.357146778625793,6778284.738583187
371.42857142857144,858.5714285714287,285.7142857142857,8.283919229947212,5846186.26421888
371.42857142857144,858.5714285714287,451.42857142857144,8.19228518024506,6025552.468292129
371.42857142857144,858.5714285714287,617.1428571428571,8.093934929597705,6305330.409735093
371.42857142857144,858.5714285714287,782.8571428571429,7.995724932237143,6564023.357873734
371.42857142857144,858.5714285714287,948.5714285714287,7.901619749335058,6781275.309019368
371.42857142857144,858.5714285714287,1114.2857142857142,7.813643548068263,6958097.509738085
371.42857142857144,858.5714285714287,1280.0,7.732576549364021,7100530.411755537
371.42857142857144,858.5714285714287,1445.7142857142858,7.658474533854734,7215082.926960969
371.42857142857144,858.5714285714287,1611.4285714285716,7.59101005169281,7307443.970544626
371.42857142857144,858.5714285714287,1777.1428571428573,7.529677982575498,7382241.716077293
371.42857142857144,858.5714285714287,1942.857142857143,7.47391219560167,7443132.659015356
371.42857142857144,858.5714285714287,2108.5714285714284,7.423148193831723,7492972.499182029
371.42857142857144,858.5714285714287,2274.285714285714,7.37685434689035,7533985.026925653
371.42857142857144,858.5714285714287,2440.0,7.334545434760868,7567904.702445549
371.42857142857144,858.5714285714287,2605.714285714286,7.295786553358524,7596089.771564992
371.42857142857144,858.5714285714287,2771.4285714285716,7.260192004345192,7619609.535849982
371.42857142857144,858.5714285714287,2937.1428571428573,7.227421776521374,7639310.859758516
371.42857142857144,858.5714285714287,3102.857142857143,7.197177059628416,7655868.641462521
371.42857142857144,858.5714285714287,3268.571428571429,7.169195563115216,7669824.124479296
371.42857142857144,858.5714285714287,3434.2857142857147,7.143247033354518,7681614.062795434
371.42857142857144,858.5714285714287,3600.0,7.11912915057456,7691593.020465773
371.42857142857144,905.7142857142858,120.0,8.356357164673812,6903448.536367416
371.42857142857144,905.7142857142858,285.7142857142857,8.283689677786194,5949073.173513714
371.42857142857144,905.7142857142858,451.42857142857144,8.193296228142826,6124849.887589154
371.42857142857144,905.7142857142858,617.1428571428571,8.096503994861296,6406443.077502646
371.42857142857144,905.7142857142858,782.8571428571429,7.999961005224981,6668615.817756174
371.42857142857144,905.7142857142858,948.5714285714287,7.907503812452852,6889812.191614562
371.42857142857144,905.7142857142858,1114.2857142857142,7.821086122737851,7070576.881822166
371.42857142857144,905.7142857142858,1280.0,7.741455704464188,7216757.707837452
371.42857142857144,905.7142857142858,1445.7142857142858,7.668658548213266,7334789.469665103
371.42857142857144,905.7142857142858,1611.4285714285716,7.602369773809908,7430341.911571317
371.42857142857144,905.7142857142858,1777.1428571428573,7.542092907527994,7508049.842438656
371.42857142857144,905.7142857142858,1942.857142857143,7.487272943803932,7571587.974027802
371.42857142857144,905.7142857142858,2108.5714285714284,7.437357036163712,7623834.64847553
371.42857142857144,905.7142857142858,2274.285714285714,7.391824735214824,7667037.118227624
371.42857142857144,905.7142857142858,2440.0,7.350201078062732,7702952.360843682
371.42857142857144,905.7142857142858,2605.714285714286,7.312060333959158,7732959.401215854
371.42857142857144,905.7142857142858,2771.4285714285716,7.277024887961664,7758146.299841189
371.42857142857144,905.7142857142858,2937.1428571428573,7.244761790997642,7779376.642556793
371.42857142857144,905.7142857142858,3102.857142857143,7.2149783738077895,7797340.123902365
371.42857142857144,905.7142857142858,3268.571428571429,7.18741767421121,7812591.028145382
371.42857142857144,905.7142857142858,3434.2857142857147,7.161854059449102,7825577.58143191
371.42857142857144,905.7142857142858,3600.0,7.138089219453444,7836664.43566869
371.42857142857144,952.8571428571429,120.0,8.355623359008018,7023814.095798637
371.42857142857144,952.8571428571429,285.7142857142857,8.283499088031316,6049110.848026475
371.42857142857144,952.8571428571429,451.42857142857144,8.19428363972164,6221670.380645094
371.42857142857144,952.8571428571429,617.1428571428571,8.098961151934608,6505147.763236581
371.42857142857144,952.8571428571429,782.8571428571429,8.003986504455607,6770765.748151802
371.42857142857144,952.8571428571429,948.5714285714287,7.9130780802378435,6995830.042161938
371.42857142857144,952.8571428571429,1114.2857142857142,7.828124668894134,7180444.436274399
371.42857142857144,952.8571428571429,1280.0,7.749844216844203,7330276.373402488
371.42857142857144,952.8571428571429,1445.7142857142858,7.678273799839194,7451692.633376451
371.42857142857144,952.8571428571429,1611.4285714285716,7.613091021104279,7550346.737442271
371.42857142857144,952.8571428571429,1777.1428571428573,7.553807493033072,7630881.398331579
371.42857142857144,952.8571428571429,1942.857142857143,7.499878579832724,7696989.905467742
371.42857142857144,952.8571428571429,2108.5714285714284,7.4507622857063005,7751573.122691606
371.42857142857144,952.8571428571429,2274.285714285714,7.4059485744577565,7796901.400763495
371.42857142857144,952.8571428571429,2440.0,7.364972038919842,7834753.762275516
371.42857142857144,952.8571428571429,2605.714285714286,7.327415498468541,7866529.505466157
371.42857142857144,952.8571428571429,2771.4285714285716,7.292908876672421,7893334.951471367
371.42857142857144,952.8571428571429,2937.1428571428573,7.261125814620754,7916049.937613759
371.42857142857144,952.8571428571429,3102.857142857143,7.231779377354909,7935378.522848852
371.42857142857144,952.8571428571429,3268.571428571429,7.204617581467818,7951887.641252911
371.42857142857144,952.8571428571429,3434.2857142857147,7.179419114759869,7966036.640709854
371.42857142857144,952.8571428571429,3600.0,7.15598941875953,7978199.94873749
371.42857142857144,1000.0,120.0,8.354940521497856,7139725.062610543
371.42857142857144,1000.0,285.7142857142857,8.28334240215175,6146517.527156697
371.42857142857144,1000.0,451.42857142857144,8.19524711119843,6316208.81481288
371.42857142857144,1000.0,617.1428571428571,8.10131387004072,6601636.245147016
371.42857142857144,1000.0,782.8571428571429,8.007818012530322,6870669.13755056
371.42857142857144,1000.0,948.5714285714287,7.9183684658501665,7099532.102708272
371.42857142857144,1000.0,1114.2857142857142,7.8347940012491115,7287911.815833314
371.42857142857144,1000.0,1280.0,7.7577850605853795,7441306.648690453
371.42857142857144,1000.0,1445.7142857142858,7.687370569754319,7566020.968566613
371.42857142857144,1000.0,1611.4285714285716,7.623230530555811,7667694.788414593
371.42857142857144,1000.0,1777.1428571428573,7.564884137704885,7750979.898782397
371.42857142857144,1000.0,1942.857142857143,7.511796449085405,7819588.509551892
371.42857142857144,1000.0,2108.5714285714284,7.463435604605549,7876443.90733165
371.42857142857144,1000.0,2274.285714285714,7.419301294869388,7923839.218804218
371.42857142857144,1000.0,2440.0,7.378937041092739,7963575.088717783
371.42857142857144,1000.0,2605.714285714286,7.3419336549680345,7997070.633973603
371.42857142857144,1000.0,2771.4285714285716,7.307928110469987,8025449.987237295
371.42857142857144,1000.0,2937.1428571428573,7.276600215683777,8049608.813063428
371.42857142857144,1000.0,3102.857142857143,7.247668404957523,8070265.144286136
371.42857142857144,1000.0,3268.571428571429,7.220885359604687,8087998.210915302
371.42857142857144,1000.0,3434.2857142857147,7.196033817940474,8103278.1650429275
371.42857142857144,1000.0,3600.0,7.17292274076287,8116488.926593714
407.14285714285717,10.0,120.0,8.398249708233877,2460546.026077512
407.14285714285717,10.0,285.7142857142857,8.336434726271198,2449237.3131078323
407.14285714285717,10.0,451.42857142857144,8.225807977189742,2711241.155877042
407.14285714285717,10.0,617.1428571428571,8.088395995872817,2888807.556509745
407.14285714285717,10.0,782.8571428571429,7.9425917303690525,2990741.1760062943
407.14285714285717,10.0,948.5714285714287,7.8008676540179325,3038009.9137445167
407.14285714285717,10.0,1114.2857142857142,7.670025791772298,3048657.519249978
407.14285714285717,10.0,1280.0,7.552801179096103,3036123.3979537636
407.14285714285717,10.0,1445.7142857142858,7.449523222725211,3009702.2169701084
407.14285714285717,10.0,1611.4285714285716,7.359305163326448,2975540.35239249
407.14285714285717,10.0,1777.1428571428573,7.280760591617253,2937582.1062031984
407.14285714285717,10.0,1942.857142857143,7.2123892380764625,2898298.412735582
407.14285714285717,10.0,2108.5714285714284,7.152763762172045,2859198.7541901744
407.14285714285717,10.0,2274.285714285714,7.100606885530897,2821174.5468749497
407.14285714285717,10.0,2440.0,7.054812177356745,2784724.0106682116
407.14285714285717,10.0,2605.714285714286,7.014438110454034,2750097.6208546055
407.14285714285717,10.0,2771.4285714285716,6.978691027377558,2717391.6142505407
407.14285714285717,10.0,2937.1428571428573,6.9469048770156725,2686607.9093256555
407.14285714285717,10.0,3102.857142857143,6.918521418252973,2657692.4115356053
407.14285714285717,10.0,3268.571428571429,6.89307243252353,2630559.4205355947
407.14285714285717,10.0,3434.2857142857147,6.870164414692173,2605107.092839796
407.14285714285717,10.0,3600.0,6.84946570872544,2581227.1397268604
407.14285714285717,57.142857142857146,120.0,8.388282171917218,3324610.0495943017
407.14285714285717,57.142857142857146,285.7142857142857,8.310874484155882,3187608.112558363
407.14285714285717,57.142857142857146,451.42857142857144,8.182984293682539,3481289.7247436116
407.14285714285717,57.142857142857146,617.1428571428571,8.0284620960028,3710833.091045438
407.14285714285717,57.142857142857146,782.8571428571429,7.865408822148158,3865241.4341007248
407.14285714285717,57.142857142857146,948.5714285714287,7.70579242529122,3960447.2361277286
407.14285714285717,57.142857142857146,1114.2857142857142,7.5562828961728945,4012980.8480527145
407.14285714285717,57.142857142857146,1280.0,7.419818307637415,4036112.216794632
407.14285714285717,57.142857142857146,1445.7142857142858,7.297081194310532,4039575.999443997
407.14285714285717,57.142857142857146,1611.4285714285716,7.187546424405261,4030208.747014869
407.14285714285717,57.142857142857146,1777.1428571428573,7.090127676120284,4012702.3805817217
407.14285714285717,57.142857142857146,1942.857142857143,7.003542873392669,3990235.6388647743
407.14285714285717,57.142857142857146,2108.5714285714284,6.9265058844666285,3964944.3574264073
407.14285714285717,57.142857142857146,2274.285714285714,6.857818044935506,3938253.574824257
407.14285714285717,57.142857142857146,2440.0,6.796404745081655,3911106.139550566
407.14285714285717,57.142857142857146,2605.714285714286,6.741323345648377,3884118.2408938967
407.14285714285717,57.142857142857146,2771.4285714285716,6.69175711121496,3857684.7799045886
407.14285714285717,57.142857142857146,2937.1428571428573,6.647003124004715,3832050.754083156
407.14285714285717,57.142857142857146,3102.857142857143,6.60645834491599,3807359.7222373593
407.14285714285717,57.142857142857146,3268.571428571429,6.569605892034003,3783686.8125631576
407.14285714285717,57.142857142857146,3434.2857142857147,6.536002473038661,3761061.279036588
407.14285714285717,57.142857142857146,3600.0,6.50526731089984,3739481.961294403
407.14285714285717,104.28571428571429,120.0,8.382431365221686,3848776.9665510803
407.14285714285717,104.28571428571429,285.7142857142857,8.300711711717542,3598818.474770953
407.14285714285717,104.28571428571429,451.42857142857144,8.172398703026433,3886752.1889307485
407.14285714285717,104.28571428571429,617.1428571428571,8.020647675476289,4130885.171610603
407.14285714285717,104.28571428571429,782.8571428571429,7.861941655275804,4305419.863821087
407.14285714285717,104.28571428571429,948.5714285714287,7.706905011248262,4421730.551816731
407.14285714285717,104.28571428571429,1114.2857142857142,7.561410724882992,4494463.517906447
407.14285714285717,104.28571428571429,1280.0,7.428051533321284,4536084.187231068
407.14285714285717,104.28571428571429,1445.7142857142858,7.307444555406204,4556056.73469181
407.14285714285717,104.28571428571429,1611.4285714285716,7.199142014212172,4561221.271622989
407.14285714285717,104.28571428571429,1777.1428571428573,7.102192164105376,4556405.857723211
407.14285714285717,104.28571428571429,1942.857142857143,7.015458568984894,4544979.581252642
407.14285714285717,104.28571428571429,2108.5714285714284,6.937790045638522,4529280.801695038
407.14285714285717,104.28571428571429,2274.285714285714,6.868103903311345,4510928.150708979
407.14285714285717,104.28571428571429,2440.0,6.805421029029544,4491039.779533114
407.14285714285717,104.28571428571429,2605.714285714286,6.748875355589605,4470385.867602942
407.14285714285717,104.28571428571429,2771.4285714285716,6.697710463142282,4449494.2032501055
407.14285714285717,104.28571428571429,2937.1428571428573,6.651270338095622,4428723.277308859
407.14285714285717,104.28571428571429,3102.857142857143,6.608988045777359,4408313.021048301
407.14285714285717,104.28571428571429,3268.571428571429,6.570374243046751,4388420.169546738
407.14285714285717,104.28571428571429,3434.2857142857147,6.5350064492223865,4369143.0251152655
407.14285714285717,104.28571428571429,3600.0,6.5025194504405155,4350538.881307264
407.14285714285717,151.42857142857144,120.0,8.378057785868661,4257816.15723255
407.14285714285717,151.42857142857144,285.7142857142857,8.294757758948338,3909854.852627856
407.14285714285717,151.42857142857144,451.42857142857144,8.168746429880235,4186490.2257993496
407.14285714285717,151.42857142857144,617.1428571428571,8.022096195787082,4437457.300920737
407.14285714285717,151.42857142857144,782.8571428571429,7.869838774548306,4624473.676611317
407.14285714285717,151.42857142857144,948.5714285714287,7.721479079412361,4754937.989376927
407.14285714285717,151.42857142857144,1114.2857142857142,7.5822219985251005,4841801.62895316
407.14285714285717,151.42857142857144,1280.0,7.454347265925762,4896751.26476293
407.14285714285717,151.42857142857144,1445.7142857142858,7.338381240366871,4928923.184211065
407.14285714285717,151.42857142857144,1611.4285714285716,7.233904747470187,4945065.392690254
407.14285714285717,151.42857142857144,1777.1428571428573,7.140049013823505,4950035.098437893
407.14285714285717,151.42857142857144,1942.857142857143,7.055778411674099,4947288.25391918
407.14285714285717,151.42857142857144,2108.5714285714284,6.980041771978527,4939272.75412354
407.14285714285717,151.42857142857144,2274.285714285714,6.911847237282292,4927720.7158556655
407.14285714285717,151.42857142857144,2440.0,6.850294431569188,4913858.306265746
407.14285714285717,151.42857142857144,2605.714285714286,6.794583736465788,4898554.038208499
407.14285714285717,151.42857142857144,2771.4285714285716,6.744013924203958,4882422.967565854
407.14285714285717,151.42857142857144,2937.1428571428573,6.697974388932807,4865899.873598973
407.14285714285717,151.42857142857144,3102.857142857143,6.65593534747267,4849290.788670859
407.14285714285717,151.42857142857144,3268.571428571429,6.617437762254084,4832809.437800371
407.14285714285717,151.42857142857144,3434.2857142857147,6.582083840580685,4816603.139207291
407.14285714285717,151.42857142857144,3600.0,6.5495284747299385,4800771.314351067
407.14285714285717,198.57142857142858,120.0,8.374542718192224,4601463.914541171
407.14285714285717,198.57142857142858,285.7142857142857,8.290802980942296,4167744.6179600833
407.14285714285717,198.57142857142858,451.42857142857144,8.167763169379043,4432218.139633377
407.14285714285717,198.57142857142858,617.1428571428571,8.026368804389298,4687203.955806414
407.14285714285717,198.57142857142858,782.8571428571429,7.880430281186329,4883486.894520475
407.14285714285717,198.57142857142858,948.5714285714287,7.738553031013728,5024945.159623206
407.14285714285717,198.57142857142858,1114.2857142857142,7.605409710584816,5123026.25765488
407.14285714285717,198.57142857142858,1280.0,7.483026630347187,5188715.7018884
407.14285714285717,198.57142857142858,1445.7142857142858,7.371850466536458,5230838.367653154
407.14285714285717,198.57142857142858,1611.4285714285716,7.271476939666495,5256033.989720165
407.14285714285717,198.57142857142858,1777.1428571428573,7.181096838065196,5269157.416658253
407.14285714285717,198.57142857142858,1942.857142857143,7.099750379407873,5273714.756695119
407.14285714285717,198.57142857142858,2108.5714285714284,7.026463682057241,5272227.03656156
407.14285714285717,198.57142857142858,2274.285714285714,6.960316607276219,5266506.423580609
407.14285714285717,198.57142857142858,2440.0,6.900472185802114,5257857.6696597645
407.14285714285717,198.57142857142858,2605.714285714286,6.846185345494428,5247222.355131707
407.14285714285717,198.57142857142858,2771.4285714285716,6.796801038811671,5235281.43832006
407.14285714285717,198.57142857142858,2937.1428571428573,6.751747395986432,5222528.081866663
407.14285714285717,198.57142857142858,3102.857142857143,6.710526959882233,5209319.4892766485
407.14285714285717,198.57142857142858,3268.571428571429,6.672707604160564,5195913.956448281
407.14285714285717,198.57142857142858,3434.2857142857147,6.637913924814537,5182497.493882171
407.14285714285717,198.57142857142858,3600.0,6.6058194500811025,5169203.064555712
407.14285714285717,245.71428571428572,120.0,8.37160944939827,4901179.561875862
407.14285714285717,245.71428571428572,285.7142857142857,8.28799580409818,4391756.43972986
407.14285714285717,245.71428571428572,451.42857142857144,8.168020529726597,4644494.872372985
407.14285714285717,245.71428571428572,617.1428571428571,8.03155502756058,4902281.505682971
407.14285714285717,245.71428571428572,782.8571428571429,7.891384655334388,5106145.166558852
407.14285714285717,245.71428571428572,948.5714285714287,7.7553846511274,5256810.681164391
407.14285714285717,245.71428571428572,1114.2857142857142,7.627799870262133,5364385.798256369
407.14285714285717,245.71428571428572,1280.0,7.51045239653514,5439231.8521289565
407.14285714285717,245.71428571428572,1445.7142857142858,7.403723140828365,5489892.184608375
407.14285714285717,245.71428571428572,1611.4285714285716,7.30721775778755,5522902.050707202
407.14285714285717,245.71428571428572,1777.1428571428573,7.220173272965759,5543104.180304143
407.14285714285717,245.71428571428572,1942.857142857143,7.141689945954842,5554038.971460964
407.14285714285717,245.71428571428572,2108.5714285714284,7.07085584051701,5558282.828487362
407.14285714285717,245.71428571428572,2274.285714285714,7.00680891903377,5557710.5623926325
407.14285714285717,245.71428571428572,2440.0,6.9487641067888255,5553689.517624251
407.14285714285717,245.71428571428572,2605.714285714286,6.896021426358333,5547220.174395196
407.14285714285717,245.71428571428572,2771.4285714285716,6.847964395148347,5539037.11020202
407.14285714285717,245.71428571428572,2937.1428571428573,6.8040538214863675,5529681.35922604
407.14285714285717,245.71428571428572,3102.857142857143,6.763819799494335,5519552.369398269
407.14285714285717,245.71428571428572,3268.571428571429,6.726853378060093,5508945.459308909
407.14285714285717,245.71428571428572,3434.2857142857147,6.692798637378401,5498078.961944498
407.14285714285717,245.71428571428572,3600.0,6.661345497954002,5487114.008815122
407.14285714285717,292.8571428571429,120.0,8.369103341884873,5168655.042743809
407.14285714285717,292.8571428571429,285.7142857142857,8.28591965082117,4591932.347067708
407.14285714285717,292.8571428571429,451.42857142857144,8.168908191711648,4833761.803101998
407.14285714285717,292.8571428571429,617.1428571428571,8.036946372850348,5093785.73868113
407.14285714285717,292.8571428571429,782.8571428571429,7.901951924412236,5304223.736207443
407.14285714285717,292.8571428571429,948.5714285714287,7.771197533892906,5462950.7876706105
407.14285714285717,292.8571428571429,1114.2857142857142,7.648578237068321,5578873.052290604
407.14285714285717,292.8571428571429,1280.0,7.535749417002821,5661795.502253653
407.14285714285717,292.8571428571429,1445.7142857142858,7.433038028755272,5720010.194179394
407.14285714285717,292.8571428571429,1611.4285714285716,7.340057487904038,5759957.189147112
407.14285714285717,292.8571428571429,1777.1428571428573,7.2560824075907355,5786465.09411075
407.14285714285717,292.8571428571429,1942.857142857143,7.180262220043962,5803101.02251553
407.14285714285717,292.8571428571429,2108.5714285714284,7.11173603537202,5812486.9033241
407.14285714285717,292.8571428571429,2274.285714285714,7.049689986588776,5816549.87011086
407.14285714285717,292.8571428571429,2440.0,6.993382289392687,5816710.001364686
407.14285714285717,292.8571428571429,2605.714285714286,6.942150819918123,5814017.70663218
407.14285714285717,292.8571428571429,2771.4285714285716,6.895411673188069,5809253.245469165
407.14285714285717,292.8571428571429,2937.1428571428573,6.8526534391322915,5802998.618075377
407.14285714285717,292.8571428571429,3102.857142857143,6.813429786213274,5795689.5695737
407.14285714285717,292.8571428571429,3268.571428571429,6.777351722370384,5787653.349719775
407.14285714285717,292.8571428571429,3434.2857142857147,6.744080217995809,5779136.26890292
407.14285714285717,292.8571428571429,3600.0,6.713319497184333,5770323.923968567
407.14285714285717,340.0,120.0,8.3669268815677,5411130.60331308
407.14285714285717,340.0,285.7142857142857,8.284341531797924,4774253.283732556
407.14285714285717,340.0,451.42857142857144,8.170127880829007,5006101.266738551
407.14285714285717,340.0,617.1428571428571,8.042253252995353,5268104.104414724
407.14285714285717,340.0,782.8571428571429,7.911893158084245,5484460.454492165
407.14285714285717,340.0,948.5714285714287,7.785815081819799,5650451.1937330095
407.14285714285717,340.0,1114.2857142857142,7.667623082642023,5773897.510944668
407.14285714285717,340.0,1280.0,7.558834347233963,5864106.195182119
407.14285714285717,340.0,1445.7142857142858,7.459731223143332,5929145.474758586
407.14285714285717,340.0,1611.4285714285716,7.369933752214857,5975370.578034636
407.14285714285717,340.0,1777.1428571428573,7.288748040817055,6007597.004137962
407.14285714285717,340.0,1942.857142857143,7.215364789815128,6029414.791723872
407.14285714285717,340.0,2108.5714285714284,7.148966086871523,6043485.423544154
407.14285714285717,340.0,2274.285714285714,7.088778774605676,6051781.673451657
407.14285714285717,340.0,2440.0,7.0340978039015285,6055769.743598512
407.14285714285717,340.0,2605.714285714286,6.984293310275054,6056543.819594247
407.14285714285717,340.0,2771.4285714285716,6.938809274287537,6054924.307286259
407.14285714285717,340.0,2937.1428571428573,6.89715817276372,6051529.292643464
407.14285714285717,340.0,3102.857142857143,6.858914035426326,6046826.568275088
407.14285714285717,340.0,3268.571428571429,6.823705187496712,6041171.64169708
407.14285714285717,340.0,3434.2857142857147,6.7912073210067065,6034835.638718877
407.14285714285717,340.0,3600.0,6.7611371843032035,6028025.905335931
407.14285714285717,387.14285714285717,120.0,8.365013674204526,5633473.005497085
407.14285714285717,387.14285714285717,285.7142857142857,8.283119185137819,4942603.319268932
407.14285714285717,387.14285714285717,451.42857142857144,8.171520915662713,5165388.283701908
407.14285714285717,387.14285714285717,617.1428571428571,8.04735538547259,5429265.575410569
407.14285714285717,387.14285714285717,782.8571428571429,7.921156507196884,5651084.3474452095
407.14285714285717,387.14285714285717,948.5714285714287,7.799262117996235,5823749.948130741
407.14285714285717,387.14285714285717,1114.2857142857142,7.685030510147975,5954097.835510599
407.14285714285717,387.14285714285717,1280.0,7.579862596794409,6050986.35856595
407.14285714285717,387.14285714285717,1445.7142857142858,7.484003433483114,6122284.050314397
407.14285714285717,387.14285714285717,1611.4285714285716,7.3970789895828135,6174271.280368271
407.14285714285717,387.14285714285717,1777.1428571428573,7.318422329787374,6211752.62786989
407.14285714285717,387.14285714285717,1942.857142857143,7.247259441504802,6238339.152880717
407.14285714285717,387.14285714285717,2108.5714285714284,7.182809219004343,6256728.030927041
407.14285714285717,387.14285714285717,2274.285714285714,7.124333456186179,6268933.063627767
407.14285714285717,387.14285714285717,2440.0,7.071158735008356,6276461.868824246
407.14285714285717,387.14285714285717,2605.714285714286,7.022683055640886,6280447.940385148
407.14285714285717,387.14285714285717,2771.4285714285716,6.978374564418041,6281747.755505175
407.14285714285717,387.14285714285717,2937.1428571428573,6.937766508295111,6281011.854968602
407.14285714285717,387.14285714285717,3102.857142857143,6.900450681819898,6278736.889006534
407.14285714285717,387.14285714285717,3268.571428571429,6.866070571013766,6275303.8445061
407.14285714285717,387.14285714285717,3434.2857142857147,6.83431480056796,6271006.254839044
407.14285714285717,387.14285714285717,3600.0,6.804911158899802,6266071.133953445
407.14285714285717,434.28571428571433,120.0,8.363316042706343,5839146.516527094
407.14285714285717,434.28571428571433,285.7142857142857,8.2821601369452,5099663.647200629
407.14285714285717,434.28571428571433,451.42857142857144,8.172997975182588,5314253.810660945
407.14285714285717,434.28571428571433,617.1428571428571,8.052207200992042,5579982.620895794
407.14285714285717,434.28571428571433,782.8571428571429,7.929761742793073,5806931.004132995
407.14285714285717,434.28571428571433,948.5714285714287,7.811629469128577,5985817.882419319
407.14285714285717,434.28571428571433,1114.2857142857142,7.700958297098243,6122578.229151693
407.14285714285717,434.28571428571433,1280.0,7.5990500017260825,6225664.660717131
407.14285714285717,434.28571428571433,1445.7142857142858,7.506118100765843,6302767.039460572
407.14285714285717,434.28571428571433,1611.4285714285716,7.421793996058591,6360100.006116721
407.14285714285717,434.28571428571433,1777.1428571428573,7.345434203415092,6402459.7991254525
407.14285714285717,434.28571428571433,1942.857142857143,7.2762953303987326,6433477.593650129
407.14285714285717,434.28571428571433,2108.5714285714284,7.213628233774169,6455883.632124475
407.14285714285717,434.28571428571433,2274.285714285714,7.156725111398205,6471729.400627155
407.14285714285717,434.28571428571433,2440.0,7.1049401212320475,6482560.423994257
407.14285714285717,434.28571428571433,2605.714285714286,7.0576956149909735,6489546.11961872
407.14285714285717,434.28571428571433,2771.4285714285716,7.014480912295221,6493575.913628967
407.14285714285717,434.28571428571433,2937.1428571428573,6.974847506407534,6495329.995033178
407.14285714285717,434.28571428571433,3102.857142857143,6.938402840019448,6495331.388320841
407.14285714285717,434.28571428571433,3268.571428571429,6.904803789696862,6493984.38338202
407.14285714285717,434.28571428571433,3434.2857142857147,6.8737504336752835,6491603.0247066505
407.14285714285717,434.28571428571433,3600.0,6.844980364237694,6488432.346888937
407.14285714285717,481.42857142857144,120.0,8.361798382657122,6030723.810075859
407.14285714285717,481.42857142857144,285.7142857142857,8.281401375907963,5247371.44924683
407.14285714285717,481.42857142857144,451.42857142857144,8.17450686792141,5454571.519466113
407.14285714285717,481.42857142857144,617.1428571428571,8.056797734238733,5722173.14577862
407.14285714285717,481.42857142857144,782.8571428571429,7.937754872084297,5953998.644664903
407.14285714285717,481.42857142857144,948.5714285714287,7.823024095997404,6138745.7854990605
407.14285714285717,481.42857142857144,1114.2857142857142,7.715571134869145,6281522.961639723
407.14285714285717,481.42857142857144,1280.0,7.616612237188785,6390413.970674819
407.14285714285717,481.42857142857144,1445.7142857142858,7.526333956472164,6472948.320312756
407.14285714285717,481.42857142857144,1611.4285714285716,7.44437273816417,6535283.118279074
407.14285714285717,481.42857142857144,1777.1428571428573,7.370105757958248,6582208.889389573
407.14285714285717,481.42857142857144,1942.857142857143,7.302816515985849,6617376.565906148
407.14285714285717,481.42857142857144,2108.5714285714284,7.241783947008569,6643547.597259517
407.14285714285717,481.42857142857144,2274.285714285714,7.18632699128651,6662808.6354788225
407.14285714285717,481.42857142857144,2440.0,7.135824103361396,6676740.403521468
407.14285714285717,481.42857142857144,2605.714285714286,7.089719132427114,6686545.592426516
407.14285714285717,481.42857142857144,2771.4285714285716,7.047520128804378,6693144.109443047
407.14285714285717,481.42857142857144,2937.1428571428573,7.008794761997166,6697243.557558624
407.14285714285717,481.42857142857144,3102.857142857143,6.9731643780381924,6699391.346927597
407.14285714285717,481.42857142857144,3268.571428571429,6.940297777317934,6700013.318877679
407.14285714285717,481.42857142857144,3434.2857142857147,6.909905259680866,6699442.49590907
407.14285714285717,481.42857142857144,3600.0,6.881733186119494,6697940.596154924
407.14285714285717,528.5714285714286,120.0,8.360433293144204,6210178.824440176
407.14285714285717,528.5714285714286,285.7142857142857,8.28079835291398,5387176.808864306
407.14285714285717,528.5714285714286,451.42857142857144,8.176016406287816,5587726.41184219
407.14285714285717,528.5714285714286,617.1428571428571,8.06113226216553,5857246.1905172635
407.14285714285717,528.5714285714286,782.8571428571429,7.945189318768685,6093751.208875141
407.14285714285717,528.5714285714286,948.5714285714287,7.833550371468095,6284063.817661055
407.14285714285717,528.5714285714286,1114.2857142857142,7.729021762072398,6432530.458393706
407.14285714285717,528.5714285714286,1280.0,7.632745188879041,6546898.253297214
407.14285714285717,528.5714285714286,1445.7142857142858,7.544883919632796,6634552.369396679
407.14285714285717,528.5714285714286,1611.4285714285716,7.465079116681142,6701599.687701781
407.14285714285717,528.5714285714286,1777.1428571428573,7.392726344411877,6752827.543910534
407.14285714285717,528.5714285714286,1942.857142857143,7.327132959950146,6791906.577502879
407.14285714285717,528.5714285714286,2108.5714285714284,7.26760280523849,6821628.08250176
407.14285714285717,528.5714285714286,2274.285714285714,7.213478565295671,6844111.919800005
407.14285714285717,528.5714285714286,2440.0,7.164160297630938,6860971.859328531
407.14285714285717,528.5714285714286,2605.714285714286,7.119110996467328,6873441.736282511
407.14285714285717,528.5714285714286,2771.4285714285716,7.077855422165972,6882469.939989048
407.14285714285717,528.5714285714286,2937.1428571428573,7.039975701501974,6888789.666670881
407.14285714285717,528.5714285714286,3102.857142857143,7.0051056293459,6892971.083652457
407.14285714285717,528.5714285714286,3268.571428571429,6.972924702366423,6895460.143299517
407.14285714285717,528.5714285714286,3434.2857142857147,6.943152406790352,6896607.58069059
407.14285714285717,528.5714285714286,3600.0,6.915542998859614,6896690.6901265355
407.14285714285717,575.7142857142858,120.0,8.359199177308335,6379065.900363021
407.14285714285717,575.7142857142858,285.7142857142857,8.28031862167096,5520196.394038961
407.14285714285717,575.7142857142858,451.42857142857144,8.177507792130474,5714773.346356656
407.14285714285717,575.7142857142858,617.1428571428571,8.065223449374013,5986269.304207979
407.14285714285717,575.7142857142858,782.8571428571429,7.952118024342761,6227295.243959438
407.14285714285717,575.7142857142858,948.5714285714287,7.843303510629466,6422927.609599238
407.14285714285717,575.7142857142858,1114.2857142857142,7.741445564502948,6576807.857872606
407.14285714285717,575.7142857142858,1280.0,7.647620307154383,6696374.632335334
407.14285714285717,575.7142857142858,1445.7142857142858,7.561970714233207,6788882.831965745
407.14285714285717,575.7142857142858,1611.4285714285716,7.484142379169766,6860395.616376724
407.14285714285717,575.7142857142858,1777.1428571428573,7.413547373990316,6915699.493113449
407.14285714285717,575.7142857142858,1942.857142857143,7.349514400937508,6958484.9331343435
407.14285714285717,575.7142857142858,2108.5714285714284,7.291369581653784,6991572.048392075
407.14285714285717,575.7142857142858,2274.285714285714,7.2384768565342865,7017112.348484521
407.14285714285717,575.7142857142858,2440.0,7.190255643434574,7036750.902400384
407.14285714285717,575.7142857142858,2605.714285714286,7.146186117567095,7051750.941462853
407.14285714285717,575.7142857142858,2771.4285714285716,7.105808057339295,7063087.685045305
407.14285714285717,575.7142857142858,2937.1428571428573,7.068716603031618,7071518.410306319
407.14285714285717,575.7142857142858,3102.857142857143,7.034556772885594,7077634.683563359
407.14285714285717,575.7142857142858,3268.571428571429,7.00301772229211,7081901.362689759
407.14285714285717,575.7142857142858,3434.2857142857147,6.973827246011735,7084685.832945159
407.14285714285717,575.7142857142858,3600.0,6.946746752416113,7086280.032464772
407.14285714285717,622.8571428571429,120.0,8.358078679179451,6538635.097875843
407.14285714285717,622.8571428571429,285.7142857142857,8.279937965128418,5647310.316098434
407.14285714285717,622.8571428571429,451.42857142857144,8.17896977248567,5836535.705441216
407.14285714285717,622.8571428571429,617.1428571428571,8.069086938315193,6110072.021833011
407.14285714285717,622.8571428571429,782.8571428571429,7.958590282777988,6355488.895512218
407.14285714285717,622.8571428571429,948.5714285714287,7.852367898379107,6556232.761788482
407.14285714285717,622.8571428571429,1114.2857142857142,7.752960284955757,6715290.672487552
407.14285714285717,622.8571428571429,1280.0,7.661385412819946,6839817.701706073
407.14285714285717,622.8571428571429,1445.7142857142858,7.577768429323192,6936950.916601634
407.14285714285717,622.8571428571429,1611.4285714285716,7.501759102963558,7012715.556756676
407.14285714285717,622.8571428571429,1777.1428571428573,7.432784432649921,7071899.480337223
407.14285714285717,622.8571428571429,1942.857142857143,7.370192358916184,7118213.211039299
407.14285714285717,622.8571428571429,2108.5714285714284,7.313329077567089,7154504.886097187
407.14285714285717,622.8571428571429,2274.285714285714,7.2615776913208085,7182956.3933147965
407.14285714285717,622.8571428571429,2440.0,7.214375088934291,7205242.653213697
407.14285714285717,622.8571428571429,2605.714285714286,7.171216968097207,7222654.8329121545
407.14285714285717,622.8571428571429,2771.4285714285716,7.131656693006813,7236193.593773718
407.14285714285717,622.8571428571429,2937.1428571428573,7.095301192226256,7246639.017795462
407.14285714285717,622.8571428571429,3102.857142857143,7.061805664699216,7254602.920252163
407.14285714285717,622.8571428571429,3268.571428571429,7.0308680394124625,7260568.0406969385
407.14285714285717,622.8571428571429,3434.2857142857147,7.002223668764695,7264917.509910001
407.14285714285717,622.8571428571429,3600.0,6.9756404758763075,7267957.11403634
407.14285714285717,670.0,120.0,8.357057624143833,6689909.554947565
407.14285714285717,670.0,285.7142857142857,8.279637933524766,5769225.815153446
407.14285714285717,670.0,451.42857142857144,8.180395801230521,5953669.519753201
407.14285714285717,670.0,617.1428571428571,8.07273912422062,6229312.706325428
407.14285714285717,670.0,782.8571428571429,7.964650685010418,6479012.100198131
407.14285714285717,670.0,948.5714285714287,7.860817370107962,6684688.492188041
407.14285714285717,670.0,1114.2857142857142,7.76366756005234,6848719.736162824
407.14285714285717,670.0,1280.0,7.674167288595061,6977999.487257308
407.14285714285717,670.0,1445.7142857142858,7.592425923694077,7079558.033454399
407.14285714285717,670.0,1611.4285714285716,7.518097176440642,7159387.88337572
407.14285714285717,670.0,1777.1428571428573,7.450621627927812,7222280.243714746
407.14285714285717,670.0,1942.857142857143,7.389364669249196,7271965.963732932
407.14285714285717,670.0,2108.5714285714284,7.333690698152988,7311320.580998742
407.14285714285717,670.0,2274.285714285714,7.283000200682703,7342555.30815315
407.14285714285717,670.0,2440.0,7.236745927852807,7367373.699204916
407.14285714285717,670.0,2605.714285714286,7.194437685100253,7387093.618945011
407.14285714285717,670.0,2771.4285714285716,7.155641198175972,7402739.988111084
407.14285714285717,670.0,2937.1428571428573,7.11997413441231,7415114.602335303
407.14285714285717,670.0,3102.857142857143,7.087100978349202,7424848.539519977
407.14285714285717,670.0,3268.571428571429,7.0567276710048175,7432441.54056823
407.14285714285717,670.0,3434.2857142857147,7.028596474874528,7438291.702146243
407.14285714285717,670.0,3600.0,7.002481276913921,7442717.9711442245
407.14285714285717,717.1428571428572,120.0,8.356124276984907,6833739.17853724
407.14285714285717,717.1428571428572,285.7142857142857,8.27940422331732,5886520.628350443
407.14285714285717,717.1428571428572,451.42857142857144,8.181782319676831,6066706.667148121
407.14285714285717,717.1428571428572,617.1428571428571,8.07619604381608,6344523.329514395
407.14285714285717,717.1428571428572,782.8571428571429,7.970339004046311,6598413.485896468
407.14285714285717,717.1428571428572,948.5714285714287,7.868716206312839,6808866.791857446
407.14285714285717,717.1428571428572,1114.2857142857142,7.773654964887972,6977692.5528892595
407.14285714285717,717.1428571428572,1280.0,7.686074629079171,7111542.823366939
407.14285714285717,717.1428571428572,1445.7142857142858,7.606070507711107,7217350.989492231
407.14285714285717,717.1428571428572,1611.4285714285716,7.533300041648161,7301081.487343222
407.14285714285717,717.1428571428572,1777.1428571428573,7.467216238302156,7367530.69953725
407.14285714285717,717.1428571428572,1942.857142857143,7.407200406966527,7420450.098160788
407.14285714285717,717.1428571428572,2108.5714285714284,7.352633542364667,7462742.11929174
407.14285714285717,717.1428571428572,2274.285714285714,7.302931987275806,7496646.413592296
407.14285714285717,717.1428571428572,2440.0,7.257562972618575,7523894.129616469
407.14285714285717,717.1428571428572,2605.714285714286,7.216049193877274,7545828.766846009
407.14285714285717,717.1428571428572,2771.4285714285716,7.177967682763318,7563498.485783265
407.14285714285717,717.1428571428572,2937.1428571428573,7.142945938769158,7577725.851943451
407.14285714285717,717.1428571428572,3102.857142857143,7.110656957336358,7589160.35062453
407.14285714285717,717.1428571428572,3268.571428571429,7.080814031121566,7598317.959076517
407.14285714285717,717.1428571428572,3434.2857142857147,7.0531657700992705,7605611.061017864
407.14285714285717,717.1428571428572,3600.0,7.027491545452589,7611371.164598769
407.14285714285717,764.2857142857143,120.0,8.35526880794425,6970838.98865194
407.14285714285717,764.2857142857143,285.7142857142857,8.279225577399757,5999673.408436789
407.14285714285717,764.2857142857143,451.42857142857144,8.183127686239125,6176084.871275533
407.14285714285717,764.2857142857143,617.1428571428571,8.079472846005125,6456140.412801654
407.14285714285717,764.2857142857143,782.8571428571429,7.975690482163174,6714142.699461679
407.14285714285717,764.2857142857143,948.5714285714287,7.876120314153737,6929236.2759356415
407.14285714285717,764.2857142857143,1114.2857142857142,7.782998043873178,7102698.653442216
407.14285714285717,764.2857142857143,1280.0,7.697200815030113,7240958.117737931
407.14285714285717,764.2857142857143,1445.7142857142858,7.618811334371425,7350860.02700038
407.14285714285717,764.2857142857143,1611.4285714285716,7.547490576718309,7438344.943320821
407.14285714285717,764.2857142857143,1777.1428571428573,7.482702973249656,7508216.096069696
407.14285714285717,764.2857142857143,1942.857142857143,7.423844426287524,7564245.885550255
407.14285714285717,764.2857142857143,2108.5714285714284,7.370311139654958,7609363.236870948
407.14285714285717,764.2857142857143,2274.285714285714,7.321533991698307,7645835.482232575
407.14285714285717,764.2857142857143,2440.0,7.27699349546059,7675420.46818171
407.14285714285717,764.2857142857143,2605.714285714286,7.236224179871155,7699486.406371339
407.14285714285717,764.2857142857143,2771.4285714285716,7.198813465251995,7719103.808962838
407.14285714285717,764.2857142857143,2937.1428571428573,7.164397894106726,7735115.187089306
407.14285714285717,764.2857142857143,3102.857142857143,7.132658297332005,7748187.684835754
407.14285714285717,764.2857142857143,3268.571428571429,7.10331474245953,7758852.844886956
407.14285714285717,764.2857142857143,3434.2857142857147,7.076121694731321,7767536.741649779
407.14285714285717,764.2857142857143,3600.0,7.050863589244907,7774582.917048473
407.14285714285717,811.4285714285714,120.0,8.354482899476572,7101817.176202953
407.14285714285717,811.4285714285714,285.7142857142857,8.279093019604122,6109085.605227767
407.14285714285717,811.4285714285714,451.42857142857144,8.184431495162587,6282169.081980685
407.14285714285717,811.4285714285714,617.1428571428571,8.08258357054857,6564526.977873355
407.14285714285717,811.4285714285714,782.8571428571429,7.9807362681514515,6826573.292731085
407.14285714285717,811.4285714285714,948.5714285714287,7.883078377567823,7046186.128800891
407.14285714285717,811.4285714285714,1114.2857142857142,7.791762139017021,7224144.603714819
407.14285714285717,811.4285714285714,1280.0,7.707626341108975,7366669.363900659
407.14285714285717,811.4285714285714,1445.7142857142858,7.630742332588637,7480525.751404832
407.14285714285717,811.4285714285714,1611.4285714285716,7.5607744414518026,7571634.253638983
407.14285714285717,811.4285714285714,1777.1428571428573,7.497197646167841,7644806.475808424
407.14285714285717,811.4285714285714,1942.857142857143,7.439421287042792,7703836.050214153
407.14285714285717,811.4285714285714,2108.5714285714284,7.386855567522383,7751678.0521098925
407.14285714285717,811.4285714285714,2274.285714285714,7.338944749411869,7790626.842538246
407.14285714285717,811.4285714285714,2440.0,7.295181582283177,7822466.184516385
407.14285714285717,811.4285714285714,2605.714285714286,7.255111505010404,7848588.19371235
407.14285714285717,811.4285714285714,2771.4285714285716,7.218331523647323,7870084.953469788
407.14285714285717,811.4285714285714,2937.1428571428573,7.1844865320461695,7887818.194454053
407.14285714285717,811.4285714285714,3102.857142857143,7.153264603680271,7902472.058820645
407.14285714285717,811.4285714285714,3268.571428571429,7.124392073938263,7914593.061553261
407.14285714285717,811.4285714285714,3434.2857142857147,7.097628829982959,7924620.439721789
407.14285714285717,811.4285714285714,3600.0,7.072764000215336,7932909.301334965
407.14285714285717,858.5714285714287,120.0,8.353759450799014,7227196.068791235
407.14285714285717,858.5714285714287,285.7142857142857,8.278999309898495,6215097.5536931455
407.14285714285717,858.5714285714287,451.42857142857144,8.185694135011305,6385267.060538768
407.14285714285717,858.5714285714287,617.1428571428571,8.085541089565808,6669988.4807306025
407.14285714285717,858.5714285714287,782.8571428571429,7.98550388716448,6936019.3038848555
407.14285714285717,858.5714285714287,948.5714285714287,7.889632893871097,7160043.440798299
407.14285714285717,858.5714285714287,1114.2857142857142,7.800003966207347,7342372.110469691
407.14285714285717,858.5714285714287,1280.0,7.717420872429997,7489032.9798193695
407.14285714285717,858.5714285714287,1445.7142857142858,7.641944673359056,7606718.642423431
407.14285714285717,858.5714285714287,1611.4285714285716,7.573242882850277,7701332.962689512
407.14285714285717,858.5714285714287,1777.1428571428573,7.510800255023038,7777697.323374355
407.14285714285717,858.5714285714287,1942.857142857143,7.454038554309865,7839626.885234075
407.14285714285717,858.5714285714287,2108.5714285714284,7.402380922423016,7890102.589678984
407.14285714285717,858.5714285714287,2274.285714285714,7.355283993056396,7931445.257823166
407.14285714285717,858.5714285714287,2440.0,7.312251833423207,7965463.8818763355
407.14285714285717,858.5714285714287,2605.714285714286,7.272839979859079,7993573.7677174555
407.14285714285717,858.5714285714287,2771.4285714285716,7.236654316930953,8016887.8786028
407.14285714285717,858.5714285714287,2937.1428571428573,7.203347479807163,8036286.520303347
407.14285714285717,858.5714285714287,3102.857142857143,7.1726142609411525,8052470.245639437
407.14285714285717,858.5714285714287,3268.571428571429,7.1441868152076715,8066000.01379057
407.14285714285717,858.5714285714287,3434.2857142857147,7.117830067949629,8077327.753730637
407.14285714285717,858.5714285714287,3600.0,7.09333751223803,8086819.722072012
407.14285714285717,905.7142857142858,120.0,8.353092352038594,7347428.08550585
407.14285714285717,905.7142857142858,285.7142857142857,8.278938549023758,6318000.530587836
407.14285714285717,905.7142857142858,451.42857142857144,8.186916498436272,6485640.966737297
407.14285714285717,905.7142857142858,617.1428571428571,8.088357133357377,6772784.612843577
407.14285714285717,905.7142857142858,782.8571428571429,7.990017690438858,7042747.517092395
407.14285714285717,905.7142857142858,948.5714285714287,7.895821074875789,7271086.018690658
407.14285714285717,905.7142857142858,1114.2857142857142,7.807772946363177,7457671.399879531
407.14285714285717,905.7142857142858,1280.0,7.726644960293227,7608351.732146962
407.14285714285717,905.7142857142858,1445.7142857142858,7.652488816215585,7729753.482131138
407.14285714285717,905.7142857142858,1611.4285714285716,7.584975058691336,7827767.039179001
407.14285714285717,905.7142857142858,1777.1428571428573,7.523597533883468,7907224.8513017865
407.14285714285717,905.7142857142858,1942.857142857143,7.467789534781338,7971963.893635519
407.14285714285717,905.7142857142858,2108.5714285714284,7.416986204133494,8024990.733114945
407.14285714285717,905.7142857142858,2274.285714285714,7.3706556538410855,8068652.15095398
407.14285714285717,905.7142857142858,2440.0,7.328312456302265,8104781.759454078
407.14285714285717,905.7142857142858,2605.714285714286,7.289521526227263,8134817.4196558995
407.14285714285717,905.7142857142858,2771.4285714285716,7.253897000089607,8159892.358225063
407.14285714285717,905.7142857142858,2937.1428571428573,7.221098713251711,8180904.880263416
407.14285714285717,905.7142857142858,3102.857142857143,7.190827712143971,8198571.423640121
407.14285714285717,905.7142857142858,3268.571428571429,7.162821572448982,8213466.918559498
407.14285714285717,905.7142857142858,3434.2857142857147,7.136849916061295,8226055.563607047
407.14285714285717,905.7142857142858,3600.0,7.112710307794062,8236714.389087393
407.14285714285717,952.8571428571429,120.0,8.35247630894086,7462908.074580655
407.14285714285717,952.8571428571429,285.7142857142857,8.27890588659443,6418045.943268446
407.14285714285717,952.8571428571429,451.42857142857144,8.188099789334892,6583516.1247587055
407.14285714285717,952.8571428571429,617.1428571428571,8.091042357575203,6873138.19781728
407.14285714285717,952.8571428571429,782.8571428571429,7.994299263539455,7146986.690681241
407.14285714285717,952.8571428571429,948.5714285714287,7.901675616133423,7379552.023412113
407.14285714285717,952.8571428571429,1114.2857142857142,7.815112318650081,7570291.282776277
407.14285714285717,952.8571428571429,1280.0,7.735351464161616,7724885.215081502
407.14285714285717,952.8571428571429,1445.7142857142858,7.662436198404802,7849900.217695952
407.14285714285717,952.8571428571429,1611.4285714285716,7.596039952524832,7951216.086486013
407.14285714285717,952.8571428571429,1777.1428571428573,7.535665055694159,8033677.520507283
407.14285714285717,952.8571428571429,1942.857142857143,7.480755533841021,8101143.583023502
407.14285714285717,952.8571428571429,2108.5714285714284,7.430757698411792,8156646.260590387
407.14285714285717,952.8571428571429,2274.285714285714,7.385150345537168,8202557.851637315
407.14285714285717,952.8571428571429,2440.0,7.343457830463456,8240736.045025059
407.14285714285717,952.8571428571429,2605.714285714286,7.305253806379277,8272640.68832692
407.14285714285717,952.8571428571429,2771.4285714285716,7.270160103511082,8299424.71840119
407.14285714285717,952.8571428571429,2937.1428571428573,7.2378432749017225,8322003.922176692
407.14285714285717,952.8571428571429,3102.857142857143,7.208010205870176,8341110.149519974
407.14285714285717,952.8571428571429,3268.571428571429,7.180403536631552,8357331.875311349
407.14285714285717,952.8571428571429,3434.2857142857147,7.154797279999357,8371145.186839069
407.14285714285717,952.8571428571429,3600.0,7.13099281017321,8382937.549595263
407.14285714285717,1000.0,120.0,8.35190670498093,7573982.990334959
407.14285714285717,1000.0,285.7142857142857,8.278897302257338,6515452.438386005
407.14285714285717,1000.0,451.42857142857144,8.189245393793627,6679087.758266896
407.14285714285717,1000.0,617.1428571428571,8.093606428138344,6971242.005130806
407.14285714285717,1000.0,782.8571428571429,7.998367786916683,7248934.615039781
407.14285714285717,1000.0,948.5714285714287,7.907225347725076,7485647.337890057
407.14285714285717,1000.0,1114.2857142857142,7.822060067810376,7680446.849486144
407.14285714285717,1000.0,1280.0,7.743586727946684,7838857.863626329
407.14285714285717,1000.0,1445.7142857142858,7.6718406276923865,7967392.271574526
407.14285714285717,1000.0,1611.4285714285716,7.606497950698957,8071921.922814866
407.14285714285717,1000.0,1777.1428571428573,7.547068963778782,8157304.862142194
407.14285714285717,1000.0,1942.857142857143,7.493007715293066,8227422.501851141
407.14285714285717,1000.0,2108.5714285714284,7.4437709423613585,8285332.0703939
407.14285714285717,1000.0,2274.285714285714,7.398847416321543,8333430.98841912
407.14285714285717,1000.0,2440.0,7.357770629799721,8373600.533351922
407.14285714285717,1000.0,2605.714285714286,7.32012240219589,8407322.027207244
407.14285714285717,1000.0,2771.4285714285716,7.285531757873033,8435767.617865227
407.14285714285717,1000.0,2937.1428571428573,7.253671535230216,8459870.10646233
407.14285714285717,1000.0,3102.857142857143,7.224254086193812,8480376.326901307
407.14285714285717,1000.0,3268.571428571429,7.197026795655591,8497887.912624396
407.14285714285717,1000.0,3434.2857142857147,7.171767792678828,8512892.494331004
407.14285714285717,1000.0,3600.0,7.148282024832757,8525787.665575305
442.8571428571429,10.0,120.0,8.392776607155852,2927476.972759394
442.8571428571429,10.0,285.7142857142857,8.321977786560671,2795864.595854293
442.8571428571429,10.0,451.42857142857144,8.199244639050548,3043704.8639707314
442.8571428571429,10.0,617.1428571428571,8.048613228889863,3218315.124774649
442.8571428571429,10.0,782.8571428571429,7.889659725566046,3317892.0096804705
442.8571428571429,10.0,948.5714285714287,7.735585637288658,3361628.336736818
442.8571428571429,10.0,1114.2857142857142,7.593554825446503,3367624.231410414
442.8571428571429,10.0,1280.0,7.466412497760423,3349733.278240478
442.8571428571429,10.0,1445.7142857142858,7.3544529758099495,3317637.034920619
442.8571428571429,10.0,1611.4285714285716,7.256683670760183,3277761.128993731
442.8571428571429,10.0,1777.1428571428573,7.171586440709924,3234228.3952561603
442.8571428571429,10.0,1942.857142857143,7.097527535215292,3189613.3849662673
442.8571428571429,10.0,2108.5714285714284,7.032955932962801,3145478.588191937
442.8571428571429,10.0,2274.285714285714,6.976484970826828,3102736.117778214
442.8571428571429,10.0,2440.0,6.926913960953994,3061885.1685188278
442.8571428571429,10.0,2605.714285714286,6.883221340784585,3023165.7354840003
442.8571428571429,10.0,2771.4285714285716,6.844546033917367,2986657.390074681
442.8571428571429,10.0,2937.1428571428573,6.810165412176173,2952342.481890578
442.8571428571429,10.0,3102.857142857143,6.7794738064986255,2920146.438648112
442.8571428571429,10.0,3268.571428571429,6.751963211798226,2889963.3476985386
442.8571428571429,10.0,3434.2857142857147,6.727206683799525,2861672.076669617
442.8571428571429,10.0,3600.0,6.704844387389576,2835146.3083943566
442.8571428571429,57.142857142857146,120.0,8.382420080254283,3827178.2987734214
442.8571428571429,57.142857142857146,285.7142857142857,8.29845606720717,3550687.6846720697
442.8571428571429,57.142857142857146,451.42857142857144,8.16310990451913,3823536.2612859444
442.8571428571429,57.142857142857146,617.1428571428571,8.00111899905149,4048135.4735129494
442.8571428571429,57.142857142857146,782.8571428571429,7.830960314651161,4200227.918304455
442.8571428571429,57.142857142857146,948.5714285714287,7.664822681107254,4292884.536346484
442.8571428571429,57.142857142857146,1114.2857142857142,7.509471685464779,4342149.634041951
442.8571428571429,57.142857142857146,1280.0,7.367852842081362,4361421.6046109395
442.8571428571429,57.142857142857146,1445.7142857142858,7.240606092331978,4360674.982860317
442.8571428571429,57.142857142857146,1611.4285714285716,7.127141085775592,4346955.948759741
442.8571428571429,57.142857142857146,1777.1428571428573,7.026300114081341,4325107.87201512
442.8571428571429,57.142857142857146,1942.857142857143,6.9367322270948435,4298408.513300456
442.8571428571429,57.142857142857146,2108.5714285714284,6.857088870448679,4269053.254965095
442.8571428571429,57.142857142857146,2274.285714285714,6.786116716534857,4238499.23609345
442.8571428571429,57.142857142857146,2440.0,6.722694216757938,4207703.203921876
442.8571428571429,57.142857142857146,2605.714285714286,6.665838869151459,4177283.613003857
442.8571428571429,57.142857142857146,2771.4285714285716,6.614700281292806,4147630.476110081
442.8571428571429,57.142857142857146,2937.1428571428573,6.56854718821536,4118979.728478271
442.8571428571429,57.142857142857146,3102.857142857143,6.526752682758294,4091463.6372913634
442.8571428571429,57.142857142857146,3268.571428571429,6.488779763305856,4065145.056354074
442.8571428571429,57.142857142857146,3434.2857142857147,6.454168141932787,4040040.7647275333
442.8571428571429,57.142857142857146,3600.0,6.422522645883577,4016137.4029609435
442.8571428571429,104.28571428571429,120.0,8.376651326286636,4358937.741551014
442.8571428571429,104.28571428571429,285.7142857142857,8.289697101806988,3966052.2625741838
442.8571428571429,104.28571428571429,451.42857142857144,8.155846957729995,4231475.081459753
442.8571428571429,104.28571428571429,617.1428571428571,7.998734588649538,4470499.964811974
442.8571428571429,104.28571428571429,782.8571428571429,7.835016846345724,4643239.655757846
442.8571428571429,104.28571428571429,948.5714285714287,7.675427188070366,4757839.71308082
442.8571428571429,104.28571428571429,1114.2857142857142,7.525881607032455,4828264.67249672
442.8571428571429,104.28571428571429,1280.0,7.388964985592431,4866999.9915505145
442.8571428571429,104.28571428571429,1445.7142857142858,7.265257359660282,4883692.376008998
442.8571428571429,104.28571428571429,1611.4285714285716,7.154261254959871,4885364.5189523
442.8571428571429,104.28571428571429,1777.1428571428573,7.054972738721536,4876986.301527187
442.8571428571429,104.28571428571429,1942.857142857143,6.966205991696752,4862025.717565979
442.8571428571429,104.28571428571429,2108.5714285714284,6.886765562531786,4842885.361194596
442.8571428571429,104.28571428571429,2274.285714285714,6.81553026569205,4821222.753779734
442.8571428571429,104.28571428571429,2440.0,6.751488093004865,4798177.344810081
442.8571428571429,104.28571428571429,2605.714285714286,6.69374514100302,4774528.809553184
442.8571428571429,104.28571428571429,2771.4285714285716,6.641521552480281,4750806.737317298
442.8571428571429,104.28571428571429,2937.1428571428573,6.594141618789014,4727366.55819724
442.8571428571429,104.28571428571429,3102.857142857143,6.551021854058457,4704442.199951793
442.8571428571429,104.28571428571429,3268.571428571429,6.511658986701461,4682182.733006477
442.8571428571429,104.28571428571429,3434.2857142857147,6.475618788180371,4660677.978303522
442.8571428571429,104.28571428571429,3600.0,6.4425261078277964,4639976.478756858
442.8571428571429,151.42857142857144,120.0,8.372458302248926,4768556.382855825
442.8571428571429,151.42857142857144,285.7142857142857,8.284796185970073,4278780.52960069
442.8571428571429,151.42857142857144,451.42857142857144,8.154337816674047,4532760.457102828
442.8571428571429,151.42857142857144,617.1428571428571,8.003430288906934,4779087.640218101
442.8571428571429,151.42857142857144,782.8571428571429,7.84720553985955,4965061.339411268
442.8571428571429,151.42857142857144,948.5714285714287,7.695243226499445,5094679.402472919
442.8571428571429,151.42857142857144,1114.2857142857142,7.552779509543997,5180115.614270914
442.8571428571429,151.42857142857144,1280.0,7.422087831616068,5233024.102136307
442.8571428571429,151.42857142857144,1445.7142857142858,7.303665770608029,5262697.7104476765
442.8571428571429,151.42857142857144,1611.4285714285716,7.197055388242667,5276057.036551618
442.8571428571429,151.42857142857144,1777.1428571428573,7.101347015794241,5278100.192901267
442.8571428571429,151.42857142857144,1942.857142857143,7.015466183726291,5272385.868582506
442.8571428571429,151.42857142857144,2108.5714285714284,6.938326801213478,5261432.194462484
442.8571428571429,151.42857142857144,2274.285714285714,6.8689065708914425,5247016.885620362
442.8571428571429,151.42857142857144,2440.0,6.8062790541690426,5230394.0402874
442.8571428571429,151.42857142857144,2605.714285714286,6.749622543238041,5212447.839925105
442.8571428571429,151.42857142857144,2771.4285714285716,6.698217187544206,5193800.695402387
442.8571428571429,151.42857142857144,2937.1428571428573,6.651436715532575,5174889.224227582
442.8571428571429,151.42857142857144,3102.857142857143,6.608738167853699,5156017.7255437095
442.8571428571429,151.42857142857144,3268.571428571429,6.56965141129641,5137395.9563630475
442.8571428571429,151.42857142857144,3434.2857142857147,6.533769289808024,5119165.941730752
442.8571428571429,151.42857142857144,3600.0,6.500738772763023,5101421.097775523
442.8571428571429,198.57142857142858,120.0,8.369155035151126,5109725.516860915
442.8571428571429,198.57142857142858,285.7142857142857,8.281677072433913,4537429.1250933735
442.8571428571429,198.57142857142858,451.42857142857144,8.154893050419119,4779792.597725298
442.8571428571429,198.57142857142858,617.1428571428571,8.009911808546052,5030857.044952492
442.8571428571429,198.57142857142858,782.8571428571429,7.860616467418728,5226908.62192309
442.8571428571429,198.57142857142858,948.5714285714287,7.71567738522941,5368349.01505546
442.8571428571429,198.57142857142858,1114.2857142857142,7.579798076909266,5465801.130111167
442.8571428571429,198.57142857142858,1280.0,7.455003500105571,5530192.321754079
442.8571428571429,198.57142857142858,1445.7142857142858,7.341718893491447,5570492.884877498
442.8571428571429,198.57142857142858,1611.4285714285716,7.239509122695438,5593512.953152362
442.8571428571429,198.57142857142858,1777.1428571428573,7.147531583482102,5604251.094113018
442.8571428571429,198.57142857142858,1942.857142857143,7.064794326928764,5606321.429049641
442.8571428571429,198.57142857142858,2108.5714285714284,6.990294281875187,5602321.430903405
442.8571428571429,198.57142857142858,2274.285714285714,6.923085694764545,5594115.154558876
442.8571428571429,198.57142857142858,2440.0,6.8623095509863585,5583041.211833374
442.8571428571429,198.57142857142858,2605.714285714286,6.807202015636693,5570062.224354146
442.8571428571429,198.57142857142858,2771.4285714285716,6.7570921681637675,5555871.262501925
442.8571428571429,198.57142857142858,2937.1428571428573,6.711394747077882,5540967.480904816
442.8571428571429,198.57142857142858,3102.857142857143,6.669601003285094,5525709.946992678
442.8571428571429,198.57142857142858,3268.571428571429,6.631269280647604,5510356.089513704
442.8571428571429,198.57142857142858,3434.2857142857147,6.5960161177036145,5495089.293039707
442.8571428571429,198.57142857142858,3600.0,6.563508213192402,5480038.808276524
442.8571428571429,245.71428571428572,120.0,8.36644150986497,5405392.145047812
442.8571428571429,245.71428571428572,285.7142857142857,8.279557107609635,4761773.89845829
442.8571428571429,245.71428571428572,451.42857142857144,8.156325642679331,4993299.628493821
442.8571428571429,245.71428571428572,617.1428571428571,8.01671800907346,5247985.546474631
442.8571428571429,245.71428571428572,782.8571428571429,7.873584105317161,5452426.373158629
442.8571428571429,245.71428571428572,948.5714285714287,7.734863225312934,5603850.1145559335
442.8571428571429,245.71428571428572,1114.2857142857142,7.60483397637663,5711520.491387142
442.8571428571429,245.71428571428572,1280.0,7.485322181811123,5785729.922162285
442.8571428571429,245.71428571428572,1445.7142857142858,7.3766932334858355,5835163.953008767
442.8571428571429,245.71428571428572,1611.4285714285716,7.278527774114623,5866529.995507106
442.8571428571429,245.71428571428572,1777.1428571428573,7.190034740341222,5884819.008235328
442.8571428571429,245.71428571428572,1942.857142857143,7.110286816580238,5893685.132751538
442.8571428571429,245.71428571428572,2108.5714285714284,7.038346743990849,5895787.236212964
442.8571428571429,245.71428571428572,2274.285714285714,6.97333007573965,5893057.804413135
442.8571428571429,245.71428571428572,2440.0,6.914432326463614,5886903.348739626
442.8571428571429,245.71428571428572,2605.714285714286,6.860936912945011,5878350.12272985
442.8571428571429,245.71428571428572,2771.4285714285716,6.81221324383336,5868148.964208851
442.8571428571429,245.71428571428572,2937.1428571428573,6.767710180328413,5856850.498802343
442.8571428571429,245.71428571428572,3102.857142857143,6.726947710272058,5844859.14314612
442.8571428571429,245.71428571428572,3268.571428571429,6.689508329072666,5832472.018541847
442.8571428571429,245.71428571428572,3434.2857142857147,6.655028866439109,5819907.125293352
442.8571428571429,245.71428571428572,3600.0,6.62319308311191,5807323.852760776
442.8571428571429,292.8571428571429,120.0,8.364153260365029,5667954.533441765
442.8571428571429,292.8571428571429,285.7142857142857,8.278060252863625,4962072.402220703
442.8571428571429,292.8571428571429,451.42857142857144,8.158148867660264,5183775.494429575
442.8571428571429,292.8571428571429,617.1428571428571,8.023358404338305,5441555.626886864
442.8571428571429,292.8571428571429,782.8571428571429,7.885671503527908,5653353.86891875
442.8571428571429,292.8571428571429,948.5714285714287,7.752427349632932,5813562.350786399
442.8571428571429,292.8571428571429,1114.2857142857142,7.627558347353699,5930240.505952733
442.8571428571429,292.8571428571429,1280.0,7.5127280753089805,6013122.4553982485
442.8571428571429,292.8571428571429,1445.7142857142858,7.40825264018324,6070643.794778873
442.8571428571429,292.8571428571429,1611.4285714285716,7.313724858277019,6109420.630689376
442.8571428571429,292.8571428571429,1777.1428571428573,7.228395165486488,6134435.085594713
442.8571428571429,292.8571428571429,1942.857142857143,7.151388754023934,6149373.795308914
442.8571428571429,292.8571428571429,2108.5714285714284,7.0818221887347415,6156946.8511294825
442.8571428571429,292.8571428571429,2274.285714285714,7.018861474391278,6159144.371383426
442.8571428571429,292.8571428571429,2440.0,6.961747275227343,6157430.383547601
442.8571428571429,292.8571428571429,2605.714285714286,6.909802371766625,6152885.28824723
442.8571428571429,292.8571428571429,2771.4285714285716,6.862429976119178,6146309.277921468
442.8571428571429,292.8571428571429,2937.1428571428573,6.819107727253312,6138297.1174768675
442.8571428571429,292.8571428571429,3102.857142857143,6.779379998772573,6129292.2508164365
442.8571428571429,292.8571428571429,3268.571428571429,6.742849908150991,6119626.074519464
442.8571428571429,292.8571428571429,3434.2857142857147,6.709171719020919,6109546.57820085
442.8571428571429,292.8571428571429,3600.0,6.678043943374879,6099239.344553169
442.8571428571429,340.0,120.0,8.362188313431096,5905032.127021763
442.8571428571429,340.0,285.7142857142857,8.27697951487269,5144409.53205955
442.8571428571429,340.0,451.42857142857144,8.160135718314795,5357319.476464189
442.8571428571429,340.0,617.1428571428571,8.029663556384607,5617940.133220357
442.8571428571429,340.0,782.8571428571429,7.896807559115858,5836406.745062696
442.8571428571429,340.0,948.5714285714287,7.768405206748954,6004553.363692283
442.8571428571429,340.0,1114.2857142857142,7.648101387010699,6129362.377498145
442.8571428571429,340.0,1280.0,7.5374251807352906,6220073.284886693
442.8571428571429,340.0,1445.7142857142858,7.436651769049062,6284901.927610385
442.8571428571429,340.0,1611.4285714285716,7.345383995975174,6330384.657575777
442.8571428571429,340.0,1777.1428571428573,7.262906770315197,6361496.107110637
442.8571428571429,340.0,1942.857142857143,7.188389074144811,6381951.495036542
442.8571428571429,340.0,2108.5714285714284,7.120992537191616,6394505.827717375
442.8571428571429,340.0,2274.285714285714,7.05992557937679,6401199.750200905
442.8571428571429,340.0,2440.0,7.004466983488678,6403547.757829049
442.8571428571429,340.0,2605.714285714286,6.953972907580721,6402677.828739031
442.8571428571429,340.0,2771.4285714285716,6.90787535228083,6399433.595518627
442.8571428571429,340.0,2937.1428571428573,6.86567657330247,6394448.746276148
442.8571428571429,340.0,3102.857142857143,6.8269418966266855,6388201.209144065
442.8571428571429,340.0,3268.571428571429,6.791292237107819,6381052.728661371
442.8571428571429,340.0,3434.2857142857147,6.7583969712321235,6373277.903104928
442.8571428571429,340.0,3600.0,6.727967455173139,6365085.604485713
442.8571428571429,387.14285714285717,120.0,8.36047827345675,6121711.029007256
442.8571428571429,387.14285714285717,285.7142857142857,8.276190348967214,5312723.19992999
442.8571428571429,387.14285714285717,451.42857142857144,8.162172068728374,5517810.937770979
442.8571428571429,387.14285714285717,617.1428571428571,8.035585436975152,5781156.776652145
442.8571428571429,387.14285714285717,782.8571428571429,7.907038946007161,6005801.319262629
442.8571428571429,387.14285714285717,948.5714285714287,7.7829440392644225,6181253.724296674
442.8571428571429,387.14285714285717,1114.2857142857142,7.6667028637294345,6313525.526377753
442.8571428571429,387.14285714285717,1280.0,7.5597312338562155,6411414.882120145
442.8571428571429,387.14285714285717,1445.7142857142858,7.462269956981385,6482943.712609814
442.8571428571429,387.14285714285717,1611.4285714285716,7.373930474792151,6534579.257712583
442.8571428571429,387.14285714285717,1777.1428571428573,7.294026983444513,6571290.95031801
442.8571428571429,387.14285714285717,1942.857142857143,7.22176571728916,6596820.499602313
442.8571428571429,387.14285714285717,2108.5714285714284,7.156346736788594,6613963.643697917
442.8571428571429,387.14285714285717,2274.285714285714,7.097014737472353,6624806.574436456
442.8571428571429,387.14285714285717,2440.0,7.043081204879152,6630909.181356529
442.8571428571429,387.14285714285717,2605.714285714286,6.993931025617373,6633442.211304242
442.8571428571429,387.14285714285717,2771.4285714285716,6.949021061604035,6633288.355328079
442.8571428571429,387.14285714285717,2937.1428571428573,6.907874898883152,6631116.323617509
442.8571428571429,387.14285714285717,3102.857142857143,6.870076080192453,6627435.103707775
442.8571428571429,387.14285714285717,3268.571428571429,6.835261046633185,6622633.806880537
442.8571428571429,387.14285714285717,3434.2857142857147,6.803112403701065,6617011.0578468675
442.8571428571429,387.14285714285717,3600.0,6.773352788706413,6610796.787117168
442.8571428571429,434.28571428571433,120.0,8.358974681547183,6321588.5907091675
442.8571428571429,434.28571428571433,285.7142857142857,8.275612915477218,5469723.538143269
442.8571428571429,434.28571428571433,451.42857142857144,8.164198150971586,5667880.442357631
442.8571428571429,434.28571428571433,617.1428571428571,8.041124807711325,5933909.990363136
442.8571428571429,434.28571428571433,782.8571428571429,7.916447281907394,6164366.265855372
442.8571428571429,434.28571428571433,948.5714285714287,7.796210386742782,6346632.4369114535
442.8571428571429,434.28571428571433,1114.2857142857142,7.683608429768869,6485839.070307038
442.8571428571429,434.28571428571433,1280.0,7.579960510930329,6590388.01554716
442.8571428571429,434.28571428571433,1445.7142857142858,7.485478229503553,6668129.370735086
442.8571428571429,434.28571428571433,1611.4285714285716,7.399780589327909,6725470.761087848
442.8571428571429,434.28571428571433,1777.1428571428573,7.322207097138544,6767378.982537274
442.8571428571429,434.28571428571433,1942.857142857143,7.251996178575238,6797621.117646446
442.8571428571429,434.28571428571433,2108.5714285714284,7.1883811555952954,6819030.716072988
442.8571428571429,434.28571428571433,2274.285714285714,7.130638187066745,6833735.856192672
442.8571428571429,434.28571428571433,2440.0,7.078107191473396,6843338.005569639
442.8571428571429,434.28571428571433,2605.714285714286,7.030198097131786,6849047.01218484
442.8571428571429,434.28571428571433,2771.4285714285716,6.986389494091299,6851781.2507088
442.8571428571429,434.28571428571433,2937.1428571428573,6.946223660741445,6852241.425557197
442.8571428571429,434.28571428571433,3102.857142857143,6.9093001469307005,6850964.90843901
442.8571428571429,434.28571428571433,3268.571428571429,6.875269073739654,6848365.835680722
442.8571428571429,434.28571428571433,3434.2857142857147,6.843824734127863,6844764.819996873
442.8571428571429,434.28571428571433,3600.0,6.814699758819589,6840411.0813195305
442.8571428571429,481.42857142857144,120.0,8.357641784319918,6507320.721518501
442.8571428571429,481.42857142857144,285.7142857142857,8.275193533783199,5617363.417604888
442.8571428571429,481.42857142857144,451.42857142857144,8.166182286017072,5809399.5384564055
442.8571428571429,481.42857142857144,617.1428571428571,8.046301917359202,6078112.082154999
442.8571428571429,481.42857142857144,782.8571428571429,7.925119463023701,6314096.3431954365
442.8571428571429,481.42857142857144,948.5714285714287,7.808360605516389,6502781.393901875
442.8571428571429,481.42857142857144,1114.2857142857142,7.699039537831825,6648493.870453951
442.8571428571429,481.42857142857144,1280.0,7.5983917785857,6759277.779754227
442.8571428571429,481.42857142857144,1445.7142857142858,7.506603836565333,6842830.393119371
442.8571428571429,481.42857142857144,1611.4285714285716,7.4233014815444465,6905508.1043256745
442.8571428571429,481.42857142857144,1777.1428571428573,7.347846391359075,6952277.619721532
442.8571428571429,481.42857142857144,1942.857142857143,7.279505165906033,6986930.825947611
442.8571428571429,481.42857142857144,2108.5714285714284,7.217540267675498,7012336.960006292
442.8571428571429,481.42857142857144,2274.285714285714,7.161255466030542,7030663.194580673
442.8571428571429,481.42857142857144,2440.0,7.110015678979135,7043549.605661056
442.8571428571429,481.42857142857144,2605.714285714286,7.063252898687239,7052242.255034796
442.8571428571429,481.42857142857144,2771.4285714285716,7.020464901163783,7057692.522491617
442.8571428571429,481.42857142857144,2937.1428571428573,6.9812105067792345,7060630.688388004
442.8571428571429,481.42857142857144,3102.857142857143,6.945103462732293,7061620.360753063
442.8571428571429,481.42857142857144,3268.571428571429,6.91180605060818,7061098.8123191735
442.8571428571429,481.42857142857144,3434.2857142857147,6.881022975865677,7059406.993044394
442.8571428571429,481.42857142857144,3600.0,6.852495792230421,7056811.974292342
442.8571428571429,528.5714285714286,120.0,8.356452365494516,6680934.320328662
442.8571428571429,528.5714285714286,285.7142857142857,8.274894741019342,5757101.224517891
442.8571428571429,528.5714285714286,451.42857142857144,8.168108046039553,5943750.594455656
442.8571428571429,528.5714285714286,617.1428571428571,8.051143917322872,6215168.234274382
442.8571428571429,528.5714285714286,782.8571428571429,7.933137089525966,6456454.085007612
442.8571428571429,528.5714285714286,948.5714285714287,7.819532703589191,6651233.320940108
442.8571428571429,528.5714285714286,1114.2857142857142,7.713187231231026,6803095.399322081
442.8571428571429,528.5714285714286,1280.0,7.6152631979833645,6919759.666009265
442.8571428571429,528.5714285714286,1445.7142857142858,7.525925344244998,7008787.006331246
442.8571428571429,528.5714285714286,1611.4285714285716,7.444805566546776,7076489.966007963
442.8571428571429,528.5714285714286,1777.1428571428573,7.371285178389986,7127837.574613697
442.8571428571429,528.5714285714286,1942.857142857143,7.30465570035293,7166646.270623812
442.8571428571429,528.5714285714286,2108.5714285714284,7.244205387592885,7195819.380272652
442.8571428571429,528.5714285714286,2274.285714285714,7.18926247984496,7217560.976040766
442.8571428571429,528.5714285714286,2440.0,7.1392140869008145,7233547.3681548415
442.8571428571429,528.5714285714286,2605.714285714286,7.093511821046733,7245058.50112952
442.8571428571429,528.5714285714286,2771.4285714285716,7.051670550540497,7253076.582748278
442.8571428571429,528.5714285714286,2937.1428571428573,7.013263860181561,7258359.49340728
442.8571428571429,528.5714285714286,3102.857142857143,6.977918192895499,7261495.314892516
442.8571428571429,528.5714285714286,3268.571428571429,6.945306725187796,7262942.90063825
442.8571428571429,528.5714285714286,3434.2857142857147,6.915143508960518,7263062.173475105
442.8571428571429,528.5714285714286,3600.0,6.887178122388615,7262136.863987141
442.8571428571429,575.7142857142858,120.0,8.355385185841962,6844017.609604401
442.8571428571429,575.7142857142858,285.7142857142857,8.274689596954271,5890057.682268625
442.8571428571429,575.7142857142858,451.42857142857144,8.169967569588342,6071985.8320133295
442.8571428571429,575.7142857142858,617.1428571428571,8.05567930280913,6346143.360341187
442.8571428571429,575.7142857142858,782.8571428571429,7.940573189201316,6592545.856560719
442.8571428571429,575.7142857142858,948.5714285714287,7.829845618198121,6793147.080895981
442.8571428571429,575.7142857142858,1114.2857142857142,7.726213692686248,6950857.712260829
442.8571428571429,575.7142857142858,1280.0,7.630775604125019,7073101.324215248
442.8571428571429,575.7142857142858,1445.7142857142858,7.543677037048517,7167316.748673397
442.8571428571429,575.7142857142858,1611.4285714285716,7.464555485438838,7239779.197405204
442.8571428571429,575.7142857142858,1777.1428571428573,7.392809812939031,7295462.257769344
442.8571428571429,575.7142857142858,1942.857142857143,7.327753781048294,7338206.854902012
442.8571428571429,575.7142857142858,2108.5714285714284,7.268698674285806,7370949.167649408
442.8571428571429,575.7142857142858,2274.285714285714,7.214994604463367,7395928.401062159
442.8571428571429,575.7142857142858,2440.0,7.1660485436081895,7414855.159243401
442.8571428571429,575.7142857142858,2605.714285714286,7.1213296908270145,7429041.348509152
442.8571428571429,575.7142857142858,2771.4285714285716,7.080368259430908,7439498.200392032
442.8571428571429,575.7142857142858,2937.1428571428573,7.0427511108112375,7447009.550671429
442.8571428571429,575.7142857142858,3102.857142857143,7.008116122876136,7452186.482466501
442.8571428571429,575.7142857142858,3268.571428571429,6.976146301166448,7455508.12617287
442.8571428571429,575.7142857142858,3434.2857142857147,6.946564143348707,7457352.230833138
442.8571428571429,575.7142857142858,3600.0,6.919126490459377,7458018.181650609
442.8571428571429,622.8571428571429,120.0,8.354423330821252,6997842.170770988
442.8571428571429,622.8571428571429,285.7142857142857,8.274558245062368,6017114.4717239505
442.8571428571429,622.8571428571429,451.42857142857144,8.171757907659149,6194926.195056805
442.8571428571429,622.8571428571429,617.1428571428571,8.059935484155563,6471865.2206373485
442.8571428571429,622.8571428571429,782.8571428571429,7.9474917863367365,6723230.346018125
442.8571428571429,622.8571428571429,948.5714285714287,7.83940096379489,6929421.74206345
442.8571428571429,622.8571428571429,1114.2857142857142,7.738255985357344,7092722.843382354
442.8571428571429,622.8571428571429,1280.0,7.645097880126034,7220286.8147561755
442.8571428571429,622.8571428571429,1445.7142857142858,7.560055516662986,7319443.019100871
442.8571428571429,622.8571428571429,1611.4285714285716,7.482771537991454,7396435.101989233
442.8571428571429,622.8571428571429,1777.1428571428573,7.4126606162320146,7456243.256028933
442.8571428571429,622.8571428571429,1942.857142857143,7.349056515208739,7502732.939002689
442.8571428571429,622.8571428571429,2108.5714285714284,7.291291236894167,7538872.202457846
442.8571428571429,622.8571428571429,2274.285714285714,7.23873458701648,7566933.931854383
442.8571428571429,622.8571428571429,2440.0,7.190811442631532,7588661.410261362
442.8571428571429,622.8571428571429,2605.714285714286,7.147006877312054,7605396.895798942
442.8571428571429,622.8571428571429,2771.4285714285716,7.106864974386556,7618179.124293609
442.8571428571429,622.8571428571429,2937.1428571428573,7.0699846125826165,7627816.496725769
442.8571428571429,622.8571428571429,3102.857142857143,7.036014034988315,7634941.849113048
442.8571428571429,622.8571428571429,3268.571428571429,7.004645169361123,7640053.480421487
442.8571428571429,622.8571428571429,3434.2857142857147,6.97560819084092,7643545.98868779
442.8571428571429,622.8571428571429,3600.0,6.94866655194983,7645733.5556656495
442.8571428571429,670.0,120.0,8.353553100492482,7143444.489798304
442.8571428571429,670.0,285.7142857142857,8.274485745095587,6138978.94112586
442.8571428571429,670.0,451.42857142857144,8.173478950370832,6313225.5424315855
442.8571428571429,670.0,617.1428571428571,8.063937805114845,6592991.013301663
442.8571428571429,670.0,782.8571428571429,7.953948536877584,6849188.453111008
442.8571428571429,670.0,948.5714285714287,7.848285405836656,7060769.994045387
442.8571428571429,670.0,1114.2857142857142,7.749430037582639,7229437.650444628
442.8571428571429,670.0,1280.0,7.6583723062899045,7362096.617614518
442.8571428571429,670.0,1445.7142857142858,7.575226133535262,7465977.914700154
442.8571428571429,670.0,1611.4285714285716,7.499638924978524,7547298.7504995
442.8571428571429,670.0,1777.1428571428573,7.431039688005718,7611047.790136536
442.8571428571429,670.0,1942.857142857143,7.368780295894585,7661115.135644944
442.8571428571429,670.0,2108.5714285714284,7.3122115110538255,7700499.918866715
442.8571428571429,670.0,2274.285714285714,7.260720986358013,7731507.491990803
442.8571428571429,670.0,2440.0,7.213749841364938,7755912.452326794
442.8571428571429,670.0,2605.714285714286,7.170797566647514,7775086.041039628
442.8571428571429,670.0,2771.4285714285716,7.131420857437236,7790093.201193109
442.8571428571429,670.0,2937.1428571428573,7.095229533405495,7801765.708523058
442.8571428571429,670.0,3102.857142857143,7.06188128635265,7810757.080066407
442.8571428571429,670.0,3268.571428571429,7.031076187673204,7817583.829520245
442.8571428571429,670.0,3434.2857142857147,7.002551428851539,7822656.561199596
442.8571428571429,670.0,3600.0,6.976076512102661,7826303.512012046
442.8571428571429,717.1428571428572,120.0,8.35276323872425,7281682.337839393
442.8571428571429,717.1428571428572,285.7142857142857,8.274460657535423,6256228.086432387
442.8571428571429,717.1428571428572,451.42857142857144,8.175132216445109,6427413.856137855
442.8571428571429,717.1428571428572,617.1428571428571,8.06770924069491,6710051.981003048
442.8571428571429,717.1428571428572,782.8571428571429,7.9599916987089845,6970970.0023781955
442.8571428571429,717.1428571428572,948.5714285714287,7.856572985956824,7187767.1822013045
442.8571428571429,717.1428571428572,1114.2857142857142,7.759834232423735,7361605.142086287
442.8571428571429,717.1428571428572,1280.0,7.670719240642858,7499161.098575681
442.8571428571429,717.1428571428572,1445.7142857142858,7.5893285596811015,7607577.625579433
442.8571428571429,717.1428571428572,1611.4285714285716,7.515314020477492,7693050.078380024
442.8571428571429,717.1428571428572,1777.1428571428573,7.448117705830961,7760577.295160479
442.8571428571429,717.1428571428572,1942.857142857143,7.3871079810054345,7814074.171550685
442.8571428571429,717.1428571428572,2108.5714285714284,7.331652695222607,7856570.267621971
442.8571428571429,717.1428571428572,2274.285714285714,7.2811557670535585,7890402.373201663
442.8571428571429,717.1428571428572,2440.0,7.235073132614088,7917375.23147705
442.8571428571429,717.1428571428572,2605.714285714286,7.192917447240828,7938887.888785071
442.8571428571429,717.1428571428572,2771.4285714285716,7.15425693513779,7956030.375353309
442.8571428571429,717.1428571428572,2937.1428571428573,7.118711428664445,7969656.810881518
442.8571428571429,717.1428571428572,3102.857142857143,7.0859472764773095,7980440.463194051
442.8571428571429,717.1428571428572,3268.571428571429,7.055672019585664,7988915.231274184
442.8571428571429,717.1428571428572,3434.2857142857147,7.0276292923548525,7995506.991571531
442.8571428571429,717.1428571428572,3600.0,7.001594158435876,8000557.389182653
442.8571428571429,764.2857142857143,120.0,8.352044382979024,7413274.885940625
442.8571428571429,764.2857142857143,285.7142857142857,8.274474090860563,6369339.342784742
442.8571428571429,764.2857142857143,451.42857142857144,8.176720131440629,6537927.224085771
442.8571428571429,764.2857142857143,617.1428571428571,8.071270410930175,6823484.22960467
442.8571428571429,764.2857142857143,782.8571428571429,7.96566313797533,7089025.955224632
442.8571428571429,764.2857142857143,948.5714285714287,7.8643271773409165,7310885.099447311
442.8571428571429,764.2857142857143,1114.2857142857142,7.769552446246807,7489719.852733886
442.8571428571429,764.2857142857143,1280.0,7.682241016091017,7631997.375327883
442.8571428571429,764.2857142857143,1445.7142857142858,7.602481401443358,7744780.655814643
442.8571428571429,764.2857142857143,1611.4285714285716,7.5299295609327235,7834247.310699447
442.8571428571429,764.2857142857143,1777.1428571428573,7.464039565097364,7905407.900651402
442.8571428571429,764.2857142857143,1942.857142857143,7.404194876242849,7962202.284678871
442.8571428571429,764.2857142857143,2108.5714285714284,7.349778986182689,8007689.90633116
442.8571428571429,764.2857142857143,2274.285714285714,7.30021071296557,8044238.109643091
442.8571428571429,764.2857142857143,2440.0,7.25495957568655,8073680.77221207
442.8571428571429,764.2857142857143,2605.714285714286,7.213550309491378,8097443.721292767
442.8571428571429,764.2857142857143,2771.4285714285716,7.175561727783519,8116641.097344708
442.8571428571429,764.2857142857143,2937.1428571428573,7.140622868729302,8132148.462868263
442.8571428571429,764.2857142857143,3102.857142857143,7.108408048361544,8144658.021624185
442.8571428571429,764.2857142857143,3268.571428571429,7.078631689420895,8154720.330051639
442.8571428571429,764.2857142857143,3434.2857142857147,7.051043368117388,8162775.891507385
442.8571428571429,764.2857142857143,3600.0,7.025423282210765,8169179.189829941
442.8571428571429,811.4285714285714,120.0,8.3513886621999,7538831.952029402
442.8571428571429,811.4285714285714,285.7142857142857,8.274519043560483,6478712.696026403
442.8571428571429,811.4285714285714,451.42857142857144,8.178245591342707,6645129.195254474
442.8571428571429,811.4285714285714,617.1428571428571,8.074639733957008,6933650.592601806
442.8571428571429,811.4285714285714,782.8571428571429,7.970999256207419,7203731.224188309
442.8571428571429,811.4285714285714,948.5714285714287,7.871602625128468,7430515.907036362
442.8571428571429,811.4285714285714,1114.2857142857142,7.778656553459039,7614192.886843674
442.8571428571429,811.4285714285714,1280.0,7.693025118148894,7761035.428971787
442.8571428571429,811.4285714285714,1445.7142857142858,7.614785945450217,7878034.911093918
442.8571428571429,811.4285714285714,1611.4285714285716,7.543598856972886,7971354.922258098
442.8571428571429,811.4285714285714,1777.1428571428573,7.478928964112431,8046019.159552004
442.8571428571429,811.4285714285714,1942.857142857143,7.420173613319014,8105992.624759782
442.8571428571429,811.4285714285714,2108.5714285714284,7.366730682717453,8154364.183784762
442.8571428571429,811.4285714285714,2274.285714285714,7.318032700259503,8193530.968325967
442.8571428571429,811.4285714285714,2440.0,7.273561692631764,8225355.10624184
442.8571428571429,811.4285714285714,2605.714285714286,7.232853527689616,8251288.306903113
442.8571428571429,811.4285714285714,2771.4285714285716,7.195496786498508,8272467.961480294
442.8571428571429,811.4285714285714,2937.1428571428573,7.161129006624449,8289790.280800888
442.8571428571429,811.4285714285714,3102.857142857143,7.129431866942816,8303965.684945855
442.8571428571429,811.4285714285714,3268.571428571429,7.100126155686814,8315560.744062005
442.8571428571429,811.4285714285714,3434.2857142857147,7.072966950262203,8325030.01692682
442.8571428571429,811.4285714285714,3600.0,7.047739206137559,8332740.321095686
442.8571428571429,858.5714285714287,120.0,8.35078939691537,7658875.7782314215
442.8571428571429,858.5714285714287,285.7142857142857,8.27458993943228,6584686.913488714
442.8571428571429,858.5714285714287,451.42857142857144,8.179711696894007,6749326.337536525
442.8571428571429,858.5714285714287,617.1428571428571,8.077833631713652,7040856.5035100775
442.8571428571429,858.5714285714287,782.8571428571429,7.976031802055521,7315401.21006262
442.8571428571429,858.5714285714287,948.5714285714287,7.8784465917435895,7546989.466278032
442.8571428571429,858.5714285714287,1114.2857142857142,7.787208468404687,7735370.0669667665
442.8571428571429,858.5714285714287,1280.0,7.7031467552935,7886637.033443684
442.8571428571429,858.5714285714287,1445.7142857142858,7.626329179392423,8007717.346941175
442.8571428571429,858.5714285714287,1611.4285714285716,7.556419188197477,8104763.931519986
442.8571428571429,858.5714285714287,1777.1428571428573,7.492892103541337,8182814.913791326
442.8571428571429,858.5714285714287,1942.857142857143,7.435158093704758,8245860.620555634
442.8571428571429,858.5714285714287,2108.5714285714284,7.382628322470448,8297018.945223321
442.8571428571429,858.5714285714287,2274.285714285714,7.334747984610988,8338716.135806895
442.8571428571429,858.5714285714287,2440.0,7.291010670430591,8372841.791005836
442.8571428571429,858.5714285714287,2605.714285714286,7.250962548126733,8400872.707279999
442.8571428571429,858.5714285714287,2771.4285714285716,7.214201243483597,8423968.764489068
442.8571428571429,858.5714285714287,2937.1428571428573,7.180372171011088,8443046.116177728
442.8571428571429,858.5714285714287,3102.857142857143,7.149163839016484,8458832.75865394
442.8571428571429,858.5714285714287,3268.571428571429,7.120302945098697,8471910.70238988
442.8571428571429,858.5714285714287,3434.2857142857147,7.093549677985283,8482748.05193313
442.8571428571429,858.5714285714287,3600.0,7.068693417367386,8491723.507652568
442.8571428571429,905.7142857142858,120.0,8.350240871595087,7773857.546611545
442.8571428571429,905.7142857142858,285.7142857142857,8.27468229289163,6687551.688890321
442.8571428571429,905.7142857142858,451.42857142857144,8.181121592111946,6850779.798522974
442.8571428571429,905.7142857142858,617.1428571428571,8.080866746074328,7145361.752525807
442.8571428571429,905.7142857142858,782.8571428571429,7.980788564743577,7424304.034695128
442.8571428571429,905.7142857142858,948.5714285714287,7.884900147268535,7660586.154498887
442.8571428571429,905.7142857142858,1114.2857142857142,7.7952618042002,7853545.35523861
442.8571428571429,905.7142857142858,1280.0,7.712670934693311,8009109.760442375
442.8571428571429,905.7142857142858,1445.7142857142858,7.6371862256499465,8134148.513113411
442.8571428571429,905.7142857142858,1611.4285714285716,7.568474536844543,8234806.931772927
442.8571428571429,905.7142857142858,1777.1428571428573,7.506020667450232,8316138.758163329
442.8571428571429,905.7142857142858,1942.857142857143,7.449246671049895,8382159.824982101
442.8571428571429,905.7142857142858,2108.5714285714284,7.397576026539496,8436016.711625705
442.8571428571429,905.7142857142858,2274.285714285714,7.350465675058809,8480164.189610917
442.8571428571429,905.7142857142858,2440.0,7.3074199367273005,8516518.636243528
442.8571428571429,905.7142857142858,2605.714285714286,7.2679945440603255,8546581.226866372
442.8571428571429,905.7142857142858,2771.4285714285716,7.2317955275520385,8571533.649856623
442.8571428571429,905.7142857142858,2937.1428571428573,7.198475626943626,8592311.370666062
442.8571428571429,905.7142857142858,3102.857142857143,7.167729706606151,8609659.388824224
442.8571428571429,905.7142857142858,3268.571428571429,7.139289968218753,8624174.641226394
442.8571428571429,905.7142857142858,3434.2857142857147,7.1129213649823315,8636338.320903124
442.8571428571429,905.7142857142858,3600.0,7.088417403757891,8646540.606040664
442.8571428571429,952.8571428571429,120.0,8.349738159148915,7884170.108362217
442.8571428571429,952.8571428571429,285.7142857142857,8.274792463715087,6787556.885012544
442.8571428571429,952.8571428571429,451.42857142857144,8.182478367352095,6949714.047490365
442.8571428571429,952.8571428571429,617.1428571428571,8.083752145636055,7247389.3507666895
442.8571428571429,952.8571428571429,782.8571428571429,7.9852939594000425,7530669.753387443
442.8571428571429,952.8571428571429,948.5714285714287,7.890999147406479,7771546.51370853
442.8571428571429,952.8571428571429,1114.2857142857142,7.802863221162864,7968970.959402614
442.8571428571429,952.8571428571429,1280.0,7.72165414151691,8128717.528721846
442.8571428571429,952.8571428571429,1445.7142857142858,7.64742230627347,8257603.514604102
442.8571428571429,952.8571428571429,1611.4285714285716,7.579837794064588,8361769.425068954
442.8571428571429,952.8571428571429,1777.1428571428573,7.518394230378909,8446285.707001502
442.8571428571429,952.8571428571429,1942.857142857143,7.462524723574718,8515193.875962462
442.8571428571429,952.8571428571429,2108.5714285714284,7.411664206833675,8571668.899306243
442.8571428571429,952.8571428571429,2274.285714285714,7.365280550732812,8618193.544803357
442.8571428571429,952.8571428571429,2440.0,7.322888064535363,8656710.349487437
442.8571428571429,952.8571428571429,2605.714285714286,7.2840513906105375,8688744.232749922
442.8571428571429,952.8571428571429,2771.4285714285716,7.248384394470673,8715498.080694906
442.8571428571429,952.8571428571429,2937.1428571428573,7.215546649451728,8737926.103426537
442.8571428571429,952.8571428571429,3102.857142857143,7.1852389536928465,8756789.787807241
442.8571428571429,952.8571428571429,3268.571428571429,7.157198650985764,8772700.533982523
442.8571428571429,952.8571428571429,3434.2857142857147,7.131195148876742,8786152.210910518
442.8571428571429,952.8571428571429,3600.0,7.10702581549153,8797546.108874062
442.8571428571429,1000.0,120.0,8.349276983753787,7990157.9359249845
442.8571428571429,1000.0,285.7142857142857,8.274917474527676,6884919.674272364
442.8571428571429,1000.0,451.42857142857144,8.183785002794519,7046323.589379353
442.8571428571429,1000.0,617.1428571428571,8.086501514748006,7347132.320172315
442.8571428571429,1000.0,782.8571428571429,7.989569518478848,7634697.4041147055
442.8571428571429,1000.0,948.5714285714287,7.896775037521641,7880078.6317830095
442.8571428571429,1000.0,1114.2857142857142,7.8100535259972,8081865.065016207
442.8571428571429,1000.0,1280.0,7.730145702497509,8245688.678283646
442.8571428571429,1000.0,1445.7142857142858,7.657094335858924,8378320.404738426
442.8571428571429,1000.0,1611.4285714285716,7.590572547653385,8485898.505187294
442.8571428571429,1000.0,1777.1428571428573,7.530082208436385,8573511.136594234
442.8571428571429,1000.0,1942.857142857143,7.475066740858474,8645225.66894496
442.8571428571429,1000.0,2108.5714285714284,7.424971764806767,8704245.195435561
442.8571428571429,1000.0,2274.285714285714,7.379275351434272,8753080.008131623
442.8571428571429,1000.0,2440.0,7.337501137797873,8793698.24722622
442.8571428571429,1000.0,2605.714285714286,7.2992220912141015,8827648.003891883
442.8571428571429,1000.0,2771.4285714285716,7.264059402573867,8856152.810492452
442.8571428571429,1000.0,2937.1428571428573,7.23167903855166,8880185.10898679
442.8571428571429,1000.0,3102.857142857143,7.201787352503381,8900522.406709379
442.8571428571429,1000.0,3268.571428571429,7.174126505523948,8917790.147497367
442.8571428571429,1000.0,3434.2857142857147,7.148470080923896,8932494.502194902
442.8571428571429,1000.0,3600.0,7.124619068988927,8945047.541322278
478.57142857142856,10.0,120.0,8.386847614054473,3426592.0746757383
478.57142857142856,10.0,285.7142857142857,8.30734114881766,3164873.7225720095
478.57142857142856,10.0,451.42857142857144,8.17309824105126,3396209.3253584737
478.57142857142856,10.0,617.1428571428571,8.009954780877933,3566883.44063831
478.57142857142856,10.0,782.8571428571429,7.838562081083889,3663401.304738509
478.57142857142856,10.0,948.5714285714287,7.672801305121652,3702937.72262332
478.57142857142856,10.0,1114.2857142857142,7.52017945752835,3703612.914427207
478.57142857142856,10.0,1280.0,7.383648626328181,3679707.4144544895
478.57142857142856,10.0,1445.7142857142858,7.263471929558041,3641307.0249048844
478.57142857142856,10.0,1611.4285714285716,7.158557684561962,3595128.199745947
478.57142857142856,10.0,1777.1428571428573,7.067263432845338,3545477.672748243
478.57142857142856,10.0,1942.857142857143,6.987829022363306,3495034.5600682036
478.57142857142856,10.0,2108.5714285714284,6.918586081760498,3445412.65799868
478.57142857142856,10.0,2274.285714285714,6.858044036056401,3397541.69561616
478.57142857142856,10.0,2440.0,6.804912586924827,3351918.18811194
478.57142857142856,10.0,2605.714285714286,6.758094045318177,3308767.891633115
478.57142857142856,10.0,2771.4285714285716,6.716663191347228,3268150.1037968127
478.57142857142856,10.0,2937.1428571428573,6.679843562757177,3230024.271033945
478.57142857142856,10.0,3102.857142857143,6.646984362914448,3194292.3308950495
478.57142857142856,10.0,3268.571428571429,6.617539734681862,3160825.473580345
478.57142857142856,10.0,3434.2857142857147,6.591050927170042,3129480.9043669202
478.57142857142856,10.0,3600.0,6.567131309428406,3100112.189188936
478.57142857142856,57.142857142857146,120.0,8.3765072985077,4342782.199628308
478.57142857142856,57.142857142857146,285.7142857142857,8.286552151545072,3925267.44930708
478.57142857142856,57.142857142857146,451.42857142857144,8.144466399059498,4176590.929341665
478.57142857142856,57.142857142857146,617.1428571428571,7.9757267073616385,4396079.405095559
478.57142857142856,57.142857142857146,782.8571428571429,7.799140201379369,4545752.58933116
478.57142857142856,57.142857142857146,948.5714285714287,7.627099470600722,4635717.346957612
478.57142857142856,57.142857142857146,1114.2857142857142,7.466461401331352,4681525.154827399
478.57142857142856,57.142857142857146,1280.0,7.32018102080184,4696718.342955316
478.57142857142856,57.142857142857146,1445.7142857142858,7.188860683400932,4691527.719495471
478.57142857142856,57.142857142857146,1611.4285714285716,7.0718508848532515,4673221.311103267
478.57142857142856,57.142857142857146,1777.1428571428573,6.967928670326613,4646801.815082496
478.57142857142856,57.142857142857146,1942.857142857143,6.875679955704028,4615650.578073167
478.57142857142856,57.142857142857146,2108.5714285714284,6.793698909489615,4582024.838240173
478.57142857142856,57.142857142857146,2274.285714285714,6.720682045014109,4547414.706866341
478.57142857142856,57.142857142857146,2440.0,6.655464764105476,4512790.830464588
478.57142857142856,57.142857142857146,2605.714285714286,6.597028035131409,4478773.429660862
478.57142857142856,57.142857142857146,2771.4285714285716,6.544490654323882,4445746.865572854
478.57142857142856,57.142857142857146,2937.1428571428573,6.497095436008824,4413937.129062691
478.57142857142856,57.142857142857146,3102.857142857143,6.4541936748273345,4383464.282185965
478.57142857142856,57.142857142857146,3268.571428571429,6.415230017748243,4354378.010037467
478.57142857142856,57.142857142857146,3434.2857142857147,6.37972869525082,4326681.769256148
478.57142857142856,57.142857142857146,3600.0,6.3472814386599055,4300349.214129533
478.57142857142856,104.28571428571429,120.0,8.371001861151697,4873465.219480453
478.57142857142856,104.28571428571429,285.7142857142857,8.279362123808305,4340787.25751456
478.57142857142856,104.28571428571429,451.42857142857144,8.140577696441136,4584102.790470285
478.57142857142856,104.28571428571429,617.1428571428571,7.978664493434551,4818417.321192955
478.57142857142856,104.28571428571429,782.8571428571429,7.810437872735519,4989643.596519177
478.57142857142856,104.28571428571429,948.5714285714287,7.646739567556609,5102687.676428776
478.57142857142856,104.28571428571429,1114.2857142857142,7.493532629948437,5170857.974368356
478.57142857142856,104.28571428571429,1280.0,7.353399913584453,5206690.127596349
478.57142857142856,104.28571428571429,1445.7142857142858,7.226890531041482,5220038.280308493
478.57142857142856,104.28571428571429,1611.4285714285716,7.113463126441344,5218125.894194335
478.57142857142856,104.28571428571429,1777.1428571428573,7.012066778305126,5206077.172694025
478.57142857142856,104.28571428571429,1942.857142857143,6.921470796728668,5187467.3007569965
478.57142857142856,104.28571428571429,2108.5714285714284,6.840439316794589,5164768.448748922
478.57142857142856,104.28571428571429,2274.285714285714,6.7678159227877295,5139680.376407468
478.57142857142856,104.28571428571429,2440.0,6.702558465324268,5113365.855343413
478.57142857142856,104.28571428571429,2605.714285714286,6.643747525396354,5086615.210820176
478.57142857142856,104.28571428571429,2771.4285714285716,6.590581765561632,5059960.422586899
478.57142857142856,104.28571428571429,2937.1428571428573,6.542367435853254,5033754.087435373
478.57142857142856,104.28571428571429,3102.857142857143,6.498505900420708,5008224.129026292
478.57142857142856,104.28571428571429,3268.571428571429,6.458481150334237,4983511.8127994
478.57142857142856,104.28571428571429,3434.2857142857147,6.4218482252760305,4959698.25617593
478.57142857142856,104.28571428571429,3600.0,6.388222907750183,4936822.9852517815
478.57142857142856,151.42857142857144,120.0,8.367097032728164,5278203.409272846
478.57142857142856,151.42857142857144,285.7142857142857,8.275569171595974,4652996.210758385
478.57142857142856,151.42857142857144,451.42857142857144,8.141166285685706,4885486.094016908
478.57142857142856,151.42857142857144,617.1428571428571,7.986446234312904,5127946.053381869
478.57142857142856,151.42857142857144,782.8571428571429,7.82664064541925,5313400.139490333
478.57142857142856,151.42857142857144,948.5714285714287,7.671409890410421,5442503.382958418
478.57142857142856,151.42857142857144,1114.2857142857142,7.526028335980028,5526703.360189257
478.57142857142856,151.42857142857144,1280.0,7.392769801648833,5577663.888204369
478.57142857142856,151.42857142857144,1445.7142857142858,7.272109035768751,5604866.1201747665
478.57142857142856,151.42857142857144,1611.4285714285716,7.163554447227949,5615425.905010848
478.57142857142856,151.42857142857144,1777.1428571428573,7.066159773628728,5614497.961668139
478.57142857142856,151.42857142857144,1942.857142857143,6.978815287897798,5605754.412859374
478.57142857142856,151.42857142857144,2108.5714285714284,6.900402951605447,5591790.833689769
478.57142857142856,151.42857142857144,2274.285714285714,6.829872493922105,5574435.353451102
478.57142857142856,151.42857142857144,2440.0,6.766273462205407,5554973.189680123
478.57142857142856,151.42857142857144,2605.714285714286,6.708763765468137,5534306.277136167
478.57142857142856,151.42857142857144,2771.4285714285716,6.656606356716561,5513065.719321504
478.57142857142856,151.42857142857144,2937.1428571428573,6.60916049594244,5491690.804432681
478.57142857142856,151.42857142857144,3102.857142857143,6.565871056955784,5470484.589766908
478.57142857142856,151.42857142857144,3268.571428571429,6.526257665607071,5449653.126257226
478.57142857142856,151.42857142857144,3434.2857142857147,6.489904529495405,5429333.254348209
478.57142857142856,151.42857142857144,3600.0,6.456451316224058,5409612.392052709
478.57142857142856,198.57142857142858,120.0,8.364074849301513,5613091.681089665
478.57142857142856,198.57142857142858,285.7142857142857,8.273298417831132,4911022.518287692
478.57142857142856,198.57142857142858,451.42857142857144,8.143193164784652,5132996.282796001
478.57142857142856,198.57142857142858,617.1428571428571,7.994987053179486,5381173.335952258
478.57142857142856,198.57142857142858,782.8571428571429,7.842642659109783,5577678.095813518
478.57142857142856,198.57142857142858,948.5714285714287,7.694903936011282,5719546.394364952
478.57142857142856,198.57142857142858,1114.2857142857142,7.5565129327085225,5816647.709523057
478.57142857142856,198.57142857142858,1280.0,7.429499745072893,5879902.633998203
478.57142857142856,198.57142857142858,1445.7142857142858,7.314273540458209,5918463.675188278
478.57142857142856,198.57142857142858,1611.4285714285716,7.210372711662835,5939337.195976307
478.57142857142856,198.57142857142858,1777.1428571428573,7.116924822796754,5947683.373425261
478.57142857142856,198.57142857142858,1942.857142857143,7.032908651569737,5947236.6394865755
478.57142857142856,198.57142857142858,2108.5714285714284,6.95729429430473,5940679.333857903
478.57142857142856,198.57142857142858,2274.285714285714,6.889112310922149,5929933.152617869
478.57142857142856,198.57142857142858,2440.0,6.827483227019589,5916374.491186321
478.57142857142856,198.57142857142858,2605.714285714286,6.771625755781578,5900989.679833844
478.57142857142856,198.57142857142858,2771.4285714285716,6.720854193452223,5884485.703966389
478.57142857142856,198.57142857142858,2937.1428571428573,6.674570797911596,5867368.916867669
478.57142857142856,198.57142857142858,3102.857142857143,6.632256293965846,5850001.044180143
478.57142857142856,198.57142857142858,3268.571428571429,6.593460142879473,5832639.156119504
478.57142857142856,198.57142857142858,3434.2857142857147,6.557791375476125,5815464.321986606
478.57142857142856,198.57142857142858,3600.0,6.524910330260557,5798602.253914178
478.57142857142856,245.71428571428572,120.0,8.361627179394805,5901917.410020476
478.57142857142856,245.71428571428572,285.7142857142857,8.271858951445816,5134782.358016655
478.57142857142856,245.71428571428572,451.42857142857144,8.14573139837741,5347233.7959154835
478.57142857142856,245.71428571428572,617.1428571428571,8.003282612018355,5600042.4798983
478.57142857142856,245.71428571428572,782.8571428571429,7.857437162339794,5805858.630171442
478.57142857142856,245.71428571428572,948.5714285714287,7.716207909820239,5958565.112049792
478.57142857142856,245.71428571428572,1114.2857142857142,7.583914774347285,6066667.972771747
478.57142857142856,245.71428571428572,1280.0,7.462393304569908,6140449.0110060675
478.57142857142856,245.71428571428572,1445.7142857142858,7.351998105494242,6188776.471584678
478.57142857142856,245.71428571428572,1611.4285714285716,7.252288551002386,6218558.023161829
478.57142857142856,245.71428571428572,1777.1428571428573,7.1624484606348435,6234952.278303665
478.57142857142856,245.71428571428572,1942.857142857143,7.081525317252649,6241740.525839908
478.57142857142856,245.71428571428572,2108.5714285714284,7.008558448913103,6241673.3460842185
478.57142857142856,245.71428571428572,2274.285714285714,6.9426425474258355,6236747.291315738
478.57142857142856,245.71428571428572,2440.0,6.8829549810598145,6228412.462216924
478.57142857142856,245.71428571428572,2605.714285714286,6.8287636010956865,6217723.947185309
478.57142857142856,245.71428571428572,2771.4285714285716,6.779424569461549,6205450.961706322
478.57142857142856,245.71428571428572,2937.1428571428573,6.734375519334245,6192155.182089911
478.57142857142856,245.71428571428572,3102.857142857143,6.693126935941508,6178246.992234116
478.57142857142856,245.71428571428572,3268.571428571429,6.655253270993065,6164025.990990126
478.57142857142856,245.71428571428572,3434.2857142857147,6.620384536630861,6149710.292681912
478.57142857142856,245.71428571428572,3600.0,6.588198703429018,6135457.830185099
478.57142857142856,292.8571428571429,120.0,8.35958777683287,6157445.989184573
478.57142857142856,292.8571428571429,285.7142857142857,8.270925091830312,5334570.067562241
478.57142857142856,292.8571428571429,451.42857142857144,8.148423561331626,5538608.46032885
478.57142857142856,292.8571428571429,617.1428571428571,8.01105901698768,5795510.140770466
478.57142857142856,292.8571428571429,782.8571428571429,7.870890480330619,6009549.961076087
478.57142857142856,292.8571428571429,948.5714285714287,7.735333116185857,6171821.257760918
478.57142857142856,292.8571428571429,1114.2857142857142,7.608363807952009,6289634.858581312
478.57142857142856,292.8571428571429,1280.0,7.491659735316226,6372717.565505152
478.57142857142856,292.8571428571429,1445.7142857142858,7.385530304654572,6429691.757374951
478.57142857142856,292.8571428571429,1611.4285714285716,7.289550941615486,6467379.343244565
478.57142857142856,292.8571428571429,1777.1428571428573,7.2029504098457675,6490936.492764049
478.57142857142856,292.8571428571429,1942.857142857143,7.12483163737977,6504183.560272091
478.57142857142856,292.8571428571429,2108.5714285714284,7.054290218736404,6509928.642727021
478.57142857142856,292.8571428571429,2274.285714285714,6.990473298712868,6510231.690989882
478.57142857142856,292.8571428571429,2440.0,6.932605021263065,6506605.460809362
478.57142857142856,292.8571428571429,2605.714285714286,6.879993917237736,6500163.688109364
478.57142857142856,292.8571428571429,2771.4285714285716,6.832031015534935,6491728.841433338
478.57142857142856,292.8571428571429,2937.1428571428573,6.788183587303732,6481910.091457153
478.57142857142856,292.8571428571429,3102.857142857143,6.747987200692907,6471159.726707451
478.57142857142856,292.8571428571429,3268.571428571429,6.711037496104141,6459814.085430846
478.57142857142856,292.8571428571429,3434.2857142857147,6.676982381693678,6448123.38148541
478.57142857142856,292.8571428571429,3600.0,6.645514957525413,6436273.550042738
478.57142857142856,340.0,120.0,8.357854981014805,6387475.173555142
478.57142857142856,340.0,285.7142857142857,8.270320659478148,5516475.281023453
478.57142857142856,340.0,451.42857142857144,8.151115639697153,5713164.174932851
478.57142857142856,340.0,617.1428571428571,8.01826426277242,5973877.028493119
478.57142857142856,340.0,782.8571428571429,7.883091765977032,6195398.131810032
478.57142857142856,340.0,948.5714285714287,7.752514675570166,6366324.704034523
478.57142857142856,340.0,1114.2857142857142,7.6302252548650795,6492907.679981589
478.57142857142856,340.0,1280.0,7.517769322062212,6584386.820848033
478.57142857142856,340.0,1445.7142857142858,7.4154185296817445,6649170.897926698
478.57142857142856,340.0,1611.4285714285716,7.322761290943821,6694008.375135233
478.57142857142856,340.0,1777.1428571428573,7.239063449425322,6724054.367025688
478.57142857142856,340.0,1942.857142857143,7.163473933938463,6743164.0537391165
478.57142857142856,340.0,2108.5714285714284,7.0951352344410745,6754196.247620977
478.57142857142856,340.0,2274.285714285714,7.033238404399716,6759266.651852344
478.57142857142856,340.0,2440.0,6.977046914528483,6759943.100973978
478.57142857142856,340.0,2605.714285714286,6.9259036463308785,6757390.922121307
478.57142857142856,340.0,2771.4285714285716,6.879229199746246,6752479.488187771
478.57142857142856,340.0,2937.1428571428573,6.8365160920864385,6745859.868122495
478.57142857142856,340.0,3102.857142857143,6.797321350905612,6738021.383286484
478.57142857142856,340.0,3268.571428571429,6.761258823368782,6729332.901480663
478.57142857142856,340.0,3434.2857142857147,6.727991861965899,6720073.1135137
478.57142857142856,340.0,3600.0,6.697226680186406,6710452.845962217
478.57142857142856,387.14285714285717,120.0,8.356361432577005,6597181.88717291
478.57142857142856,387.14285714285717,285.7142857142857,8.26994138493975,5684429.906395467
478.57142857142856,387.14285714285717,451.42857142857144,8.153738387186545,5874742.791256217
478.57142857142856,387.14285714285717,617.1428571428571,8.02492004292332,6139117.244077284
478.57142857142856,387.14285714285717,782.8571428571429,7.894180716184611,6367580.672555756
478.57142857142856,387.14285714285717,948.5714285714287,7.768013900862975,6546477.057522499
478.57142857142856,387.14285714285717,1114.2857142857142,7.649871566579977,6681108.682105104
478.57142857142856,387.14285714285717,1280.0,7.541188759952069,6780284.190540766
478.57142857142856,387.14285714285717,1445.7142857142858,7.442205240628833,6852225.79114792
478.57142857142856,387.14285714285717,1611.4285714285716,7.352520324729482,6903619.513875221
478.57142857142856,387.14285714285717,1777.1428571428573,7.271431171498989,6939621.611212812
478.57142857142856,387.14285714285717,1942.857142857143,7.198125681398291,6964119.665748925
478.57142857142856,387.14285714285717,2108.5714285714284,7.1317861977616905,6980018.595425199
478.57142857142856,387.14285714285717,2274.285714285714,7.071641209044743,6989484.429869697
478.57142857142856,387.14285714285717,2440.0,7.016987824998948,6994134.582845721
478.57142857142856,387.14285714285717,2605.714285714286,6.967198408048749,6995180.776110354
478.57142857142856,387.14285714285717,2771.4285714285716,6.921719022661954,6993534.561725268
478.57142857142856,387.14285714285717,2937.1428571428573,6.880063999983828,6989884.706494019
478.57142857142856,387.14285714285717,3102.857142857143,6.841808972202972,6984753.881541661
478.57142857142856,387.14285714285717,3268.571428571429,6.806583624424015,6978540.281432349
478.57142857142856,387.14285714285717,3434.2857142857147,6.77406478916829,6971548.302127183
478.57142857142856,387.14285714285717,3600.0,6.743970163724333,6964011.268759904
478.57142857142856,434.28571428571433,120.0,8.355059922089604,6790209.850251689
478.57142857142856,434.28571428571433,285.7142857142857,8.269721488203416,5841134.762013915
478.57142857142856,434.28571428571433,451.42857142857144,8.15626139572306,6025948.700104913
478.57142857142856,434.28571428571433,617.1428571428571,8.031071353843195,6293907.755855252
478.57142857142856,434.28571428571433,782.8571428571429,7.904296800610778,6528903.9658018155
478.57142857142856,434.28571428571433,948.5714285714287,7.782067271481895,6715233.008916289
478.57142857142856,434.28571428571433,1114.2857142857142,7.667628881309586,6857341.603558334
478.57142857142856,434.28571428571433,1280.0,7.5623219310069025,6963653.972928843
478.57142857142856,434.28571428571433,1445.7142857142858,7.466358929295003,7042228.575476167
478.57142857142856,434.28571428571433,1611.4285714285716,7.379348581111307,7099698.65602879
478.57142857142856,434.28571428571433,1777.1428571428573,7.300614970295741,7141224.008226203
478.57142857142856,434.28571428571433,1942.857142857143,7.229379561049378,7170723.18965634
478.57142857142856,434.28571428571433,2108.5714285714284,7.164859096096177,7191143.936406377
478.57142857142856,434.28571428571433,2274.285714285714,7.106314455549894,7204698.572769321
478.57142857142856,434.28571428571433,2440.0,7.053071931974163,7213049.926352489
478.57142857142856,434.28571428571433,2605.714285714286,7.004529531765406,7217452.130780889
478.57142857142856,434.28571428571433,2771.4285714285716,6.960155529843639,7218855.264677473
478.57142857142856,434.28571428571433,2937.1428571428573,6.91948333558128,7217982.523536028
478.57142857142856,434.28571428571433,3102.857142857143,6.882104897086434,7215387.045164942
478.57142857142856,434.28571428571433,3268.571428571429,6.847663826838861,7211493.831020225
478.57142857142856,434.28571428571433,3434.2857142857147,6.815848843330306,7206630.791407153
478.57142857142856,434.28571428571433,3600.0,6.78638779683293,7201051.850706405
478.57142857142856,481.42857142857144,120.0,8.353915955422812,6969237.378575565
478.57142857142856,481.42857142857144,285.7142857142857,8.269617435026104,5988532.892525193
478.57142857142856,481.42857142857144,451.42857142857144,8.158673125096977,6168634.702356459
478.57142857142856,481.42857142857144,617.1428571428571,8.036767975200089,6440143.032647469
478.57142857142856,481.42857142857144,782.8571428571429,7.913564857324877,6681349.783112606
478.57142857142856,481.42857142857144,948.5714285714287,7.794876432783836,6874677.925205179
478.57142857142856,481.42857142857144,1114.2857142857142,7.683770268282862,7023797.683158678
478.57142857142856,481.42857142857144,1280.0,7.58150462946717,7136788.373355276
478.57142857142856,481.42857142857144,1445.7142857142858,7.488268490785599,7221564.115686554
478.57142857142856,481.42857142857144,1611.4285714285716,7.403678792112287,7284713.782327036
478.57142857142856,481.42857142857144,1777.1428571428573,7.327083097059151,7331403.072488775
478.57142857142856,481.42857142857144,1942.857142857143,7.257732163299315,7365580.666260919
478.57142857142856,481.42857142857144,2108.5714285714284,7.194872805729081,7390234.677178794
478.57142857142856,481.42857142857144,2274.285714285714,7.13779427705467,7407620.61915226
478.57142857142856,481.42857142857144,2440.0,7.085848486002682,7419443.473484653
478.57142857142856,481.42857142857144,2605.714285714286,7.038455998513618,7426996.637803302
478.57142857142856,481.42857142857144,2771.4285714285716,6.995104672513503,7431265.81002611
478.57142857142856,481.42857142857144,2937.1428571428573,6.955344776873571,7433005.997730293
478.57142857142856,481.42857142857144,3102.857142857143,6.918782710891018,7432798.48691952
478.57142857142856,481.42857142857144,3268.571428571429,6.885074450584775,7431093.05110375
478.57142857142856,481.42857142857144,3434.2857142857147,6.8539192895066865,7428239.339150445
478.57142857142856,481.42857142857144,3600.0,6.8250541312477475,7424510.329824602
478.57142857142856,528.5714285714286,120.0,8.352903504381166,7136300.376777566
478.57142857142856,528.5714285714286,285.7142857142857,8.269599318890538,6128073.404817851
478.57142857142856,528.5714285714286,451.42857142857144,8.16097148916804,6304169.436490136
478.57142857142856,528.5714285714286,617.1428571428571,8.042057587227916,6579216.405328743
478.57142857142856,528.5714285714286,782.8571428571429,7.92209244675385,6826373.136546818
478.57142857142856,528.5714285714286,948.5714285714287,7.806610027225045,7026342.268006713
478.57142857142856,528.5714285714286,1114.2857142857142,7.698521381056958,7182085.557672623
478.57142857142856,528.5714285714286,1280.0,7.599012989115281,7301371.254305361
478.57142857142856,528.5714285714286,1445.7142857142858,7.508253303445724,7391985.808274788
478.57142857142856,528.5714285714286,1611.4285714285716,7.4258665871908764,7460481.062344819
478.57142857142856,528.5714285714286,1777.1428571428573,7.351221117740145,7512030.846360856
478.57142857142856,528.5714285714286,1942.857142857143,7.283593502636003,7550613.455548299
478.57142857142856,528.5714285714286,2108.5714285714284,7.222257127101607,7579255.5087773185
478.57142857142856,528.5714285714286,2274.285714285714,7.166526352815803,7600253.249003686
478.57142857142856,528.5714285714286,2440.0,7.115775798424843,7615351.192137184
478.57142857142856,528.5714285714286,2605.714285714286,7.06944606729399,7625879.450212483
478.57142857142856,528.5714285714286,2771.4285714285716,7.027042444261697,7632856.971980635
478.57142857142856,528.5714285714286,2937.1428571428573,6.9881302304277915,7637068.435573249
478.57142857142856,528.5714285714286,3102.857142857143,6.95232873493154,7639121.3702211585
478.57142857142856,528.5714285714286,3268.571428571429,6.919304999908503,7639488.643797206
478.57142857142856,528.5714285714286,3434.2857142857147,6.888767802306131,7638540.175030186
478.57142857142856,528.5714285714286,3600.0,6.860462179806649,7636566.715643922
478.57142857142856,575.7142857142858,120.0,8.35200241789971,7292988.438988633
478.57142857142856,575.7142857142858,285.7142857142857,8.269645972433828,6260868.650581651
478.57142857142856,575.7142857142858,451.42857142857144,8.163159155950725,6433594.880928148
478.57142857142856,575.7142857142858,617.1428571428571,8.046983434881989,6712184.792358592
478.57142857142856,575.7142857142858,782.8571428571429,7.9299709846994535,6965076.180238882
478.57142857142856,575.7142857142858,948.5714285714287,7.817408468025036,7171384.999866644
478.57142857142856,575.7142857142858,1114.2857142857142,7.712068473797396,7333423.719002736
478.57142857142856,575.7142857142858,1280.0,7.61507408721638,7458678.80834057
478.57142857142856,575.7142857142858,1445.7142857142858,7.5265757077461,7554823.491051571
478.57142857142856,575.7142857142858,1611.4285714285716,7.446204181368798,7628379.015490629
478.57142857142856,575.7142857142858,1777.1428571428573,7.373346236027046,7684529.393524657
478.57142857142856,575.7142857142858,1942.857142857143,7.307301503436481,7727282.241575842
478.57142857142856,575.7142857142858,2108.5714285714284,7.247367057957196,7759701.208703808
478.57142857142856,575.7142857142858,2274.285714285714,7.192879677694655,7784121.271213901
478.57142857142856,575.7142857142858,2440.0,7.143234286747866,7802324.33045454
478.57142857142856,575.7142857142858,2605.714285714286,7.097889433213446,7815675.106351269
478.57142857142856,575.7142857142858,2771.4285714285716,7.056366034584958,7825223.832079898
478.57142857142856,575.7142857142858,2937.1428571428573,7.018242899027691,7831783.071445026
478.57142857142856,575.7142857142858,3102.857142857143,6.983150955117368,7835985.003968569
478.57142857142856,575.7142857142858,3268.571428571429,6.950767221590936,7838324.184913792
478.57142857142856,575.7142857142858,3434.2857142857147,6.920809039232363,7839189.567898416
478.57142857142856,575.7142857142858,3600.0,6.893028803095714,7838888.597454524
478.57142857142856,622.8571428571429,120.0,8.351196763857176,7440570.168209636
478.57142857142856,622.8571428571429,285.7142857142857,8.269742043669444,6387792.918193494
478.57142857142856,622.8571428571429,451.42857142857144,8.165241105156873,6557724.219782574
478.57142857142856,622.8571428571429,617.1428571428571,8.051583821142486,6839870.514669439
478.57142857142856,622.8571428571429,782.8571428571429,7.937277901485986,7098315.443017151
478.57142857142856,622.8571428571429,948.5714285714287,7.827388881673052,7310706.594748505
478.57142857142856,622.8571428571429,1114.2857142857142,7.7245658717111665,7478759.121280803
478.57142857142856,622.8571428571429,1280.0,7.629875516555293,7609703.308695155
478.57142857142856,622.8571428571429,1445.7142857142858,7.543452211121839,7711111.771207837
478.57142857142856,622.8571428571429,1611.4285714285716,7.464932769808263,7789480.830446484
478.57142857142856,622.8571428571429,1777.1428571428573,7.393720490044405,7850006.553638494
478.57142857142856,622.8571428571429,1942.857142857143,7.3291356748154834,7896725.719418505
478.57142857142856,622.8571428571429,2108.5714285714284,7.270496683511133,7932737.818231645
478.57142857142856,622.8571428571429,2274.285714285714,7.2171604589192455,7960414.909651047
478.57142857142856,622.8571428571429,2440.0,7.168540215022592,7981574.48569366
478.57142857142856,622.8571428571429,2605.714285714286,7.124110686152263,7997614.104810833
478.57142857142856,622.8571428571429,2771.4285714285716,7.083406910978471,8009613.626124228
478.57142857142856,622.8571428571429,2937.1428571428573,7.04601991668396,8018411.98880623
478.57142857142856,622.8571428571429,3102.857142857143,7.01159115870079,8024664.671022753
478.57142857142856,622.8571428571429,3268.571428571429,6.979806707495669,8028886.718614073
478.57142857142856,622.8571428571429,3434.2857142857147,6.950391685058407,8031485.067200866
478.57142857142856,622.8571428571429,3600.0,6.923105181022721,8032782.931290535
478.57142857142856,670.0,120.0,8.350473723134957,7580076.650023163
478.57142857142856,670.0,285.7142857142857,8.269876170417243,6509547.096605982
478.57142857142856,670.0,451.42857142857144,8.167223326165292,6677205.359442915
478.57142857142856,670.0,617.1428571428571,8.055892323023103,6962927.065815209
478.57142857142856,670.0,782.8571428571429,7.944078869016784,7226770.956985768
478.57142857142856,670.0,948.5714285714287,7.836649425645492,7445021.848582053
478.57142857142856,670.0,1114.2857142857142,7.736142208376206,7618843.612697935
478.57142857142856,670.0,1280.0,7.643573255312833,7755232.905244705
478.57142857142856,670.0,1445.7142857142858,7.559062672674306,7861672.8417628165
478.57142857142856,670.0,1611.4285714285716,7.482252724604728,7944639.836362052
478.57142857142856,670.0,1777.1428571428573,7.412561693757769,8009343.71569703
478.57142857142856,670.0,1942.857142857143,7.34932857044455,8059850.348340349
478.57142857142856,670.0,2108.5714285714284,7.291890968621541,8099294.089674332
478.57142857142856,670.0,2274.285714285714,7.239624090409854,8130082.696018212
478.57142857142856,670.0,2440.0,7.191957730742859,8154067.728993421
478.57142857142856,670.0,2605.714285714286,7.1483813160943654,8172678.078636862
478.57142857142856,670.0,2771.4285714285716,7.10844271933762,8187021.812572316
478.57142857142856,670.0,2937.1428571428573,7.0717440875466195,8197962.950931377
478.57142857142856,670.0,3102.857142857143,7.037936468621863,8206179.109325982
478.57142857142856,670.0,3268.571428571429,7.0067141920376095,8212204.793799231
478.57142857142856,670.0,3434.2857142857147,6.977809488683233,8216464.013738523
478.57142857142856,670.0,3600.0,6.950987572132164,8219294.9561227355
478.57142857142856,717.1428571428572,120.0,8.349822826976869,7712358.989160943
478.57142857142856,717.1428571428572,285.7142857142857,8.270039798968115,6626702.5665747
478.57142857142856,717.1428571428572,451.42857142857144,8.169112116208971,6792563.669799139
478.57142857142856,717.1428571428572,617.1428571428571,8.059938263882218,7081883.18491855
478.57142857142856,717.1428571428572,782.8571428571429,7.950429787207258,7350992.499155484
478.57142857142856,717.1428571428572,948.5714285714287,7.845272843042603,7574908.560998874
478.57142857142856,717.1428571428572,1114.2857142857142,7.746905430068535,7754285.050012658
478.57142857142856,717.1428571428572,1280.0,7.656297922176108,7895905.020320095
478.57142857142856,717.1428571428572,1445.7142857142858,7.573557588048264,8007171.941268312
478.57142857142856,717.1428571428572,1611.4285714285716,7.498331697609094,8094546.788919338
478.57142857142856,717.1428571428572,1777.1428571428573,7.430052169212953,8163254.698132035
478.57142857142856,717.1428571428572,1942.857142857143,7.368074989381716,8217390.61141981
478.57142857142856,717.1428571428572,2108.5714285714284,7.311755293567996,8260122.933949875
478.57142857142856,717.1428571428572,2274.285714285714,7.260484914347795,8293893.937647153
478.57142857142856,717.1428571428572,2440.0,7.213708764100351,8320587.948371673
478.57142857142856,717.1428571428572,2605.714285714286,7.170929679588366,8341663.889029446
478.57142857142856,717.1428571428572,2771.4285714285716,7.131707261656109,8358256.810496848
478.57142857142856,717.1428571428572,2937.1428571428573,7.095653830696067,8371254.692281449
478.57142857142856,717.1428571428572,3102.857142857143,7.062429220821909,8381356.279206307
478.57142857142856,717.1428571428572,3268.571428571429,7.031735335168077,8389114.641216984
478.57142857142856,717.1428571428572,3434.2857142857147,7.003310931146228,8394970.070065985
478.57142857142856,717.1428571428572,3600.0,6.976926850991998,8399275.029181352
478.57142857142856,764.2857142857143,120.0,8.349235416144818,7838129.125537087
478.57142857142856,764.2857142857143,285.7142857142857,8.270226396213632,6739731.892592342
478.57142857142856,764.2857142857143,451.42857142857144,8.170913704359817,6904231.637207936
478.57142857142856,764.2857142857143,617.1428571428571,8.063747243992754,7197173.3195962
478.57142857142856,764.2857142857143,782.8571428571429,7.956378460282082,7471431.50433459
478.57142857142856,764.2857142857143,948.5714285714287,7.85332932163244,7700841.119673422
478.57142857142856,764.2857142857143,1114.2857142857142,7.756946753112363,7885582.569631499
478.57142857142856,764.2857142857143,1280.0,7.668159690749733,8032243.214482968
478.57142857142856,764.2857142857143,1445.7142857142858,7.587063803604835,8148155.6718087
478.57142857142856,764.2857142857143,1611.4285714285716,7.5133109829619995,8239769.480972504
478.57142857142856,764.2857142857143,1777.1428571428573,7.4463456219234905,8312326.493926317
478.57142857142856,764.2857142857143,1942.857142857143,7.385539247934883,8369950.7478029495
478.57142857142856,764.2857142857143,2108.5714285714284,7.330263024928046,8415844.00749065
478.57142857142856,764.2857142857143,2274.285714285714,7.279924010743259,8452482.042433064
478.57142857142856,764.2857142857143,2440.0,7.233980970751001,8481780.810321381
478.57142857142856,764.2857142857143,2605.714285714286,7.191949042707201,8505228.136181597
478.57142857142856,764.2857142857143,2771.4285714285716,7.153398596518868,8523984.98459794
478.57142857142856,764.2857142857143,2937.1428571428573,7.117951303994431,8538962.31336514
478.57142857142856,764.2857142857143,3102.857142857143,7.085275084195648,8550879.112994075
478.57142857142856,764.2857142857143,3268.571428571429,7.055078816788478,8560306.230627296
478.57142857142856,764.2857142857143,3434.2857142857147,7.027107277417618,8567699.544710068
478.57142857142856,764.2857142857143,3600.0,7.001136503964102,8573425.182429828
478.57142857142856,811.4285714285714,120.0,8.348704248103408,7957989.507851982
478.57142857142856,811.4285714285714,285.7142857142857,8.270430910434705,6849030.838435591
478.57142857142856,811.4285714285714,451.42857142857144,8.172634056274836,7012569.982162039
478.57142857142856,811.4285714285714,617.1428571428571,8.067341647971235,7309159.248110857
478.57142857142856,811.4285714285714,782.8571428571429,7.961965978173598,7588463.686210197
478.57142857142856,811.4285714285714,948.5714285714287,7.860878774798668,7823214.29913614
478.57142857142856,811.4285714285714,1114.2857142857142,7.766343782789214,8013151.587796958
478.57142857142856,811.4285714285714,1280.0,7.679252143969672,8164683.330659235
478.57142857142856,811.4285714285714,1445.7142857142858,7.599688992108682,8285079.190836885
478.57142857142856,811.4285714285714,1611.4285714285716,7.527310503755876,8380780.871701988
478.57142857142856,811.4285714285714,1777.1428571428573,7.461572539350952,8457048.226354046
478.57142857142856,811.4285714285714,1942.857142857143,7.401860904346008,8518034.43105985
478.57142857142856,811.4285714285714,2108.5714285714284,7.347561494320192,8566974.019160813
478.57142857142856,811.4285714285714,2274.285714285714,7.2980953703610085,8606375.371094048
478.57142857142856,811.4285714285714,2440.0,7.252934049713639,8638185.084765518
478.57142857142856,811.4285714285714,2605.714285714286,7.211604003736518,8663918.89402146
478.57142857142856,811.4285714285714,2771.4285714285716,7.173685533913164,8684762.735505838
478.57142857142856,811.4285714285714,2937.1428571428573,7.138808944549803,8701649.67996326
478.57142857142856,811.4285714285714,3102.857142857143,7.106649625319246,8715318.183082525
478.57142857142856,811.4285714285714,3268.571428571429,7.076922908503724,8726356.173232317
478.57142857142856,811.4285714285714,3434.2857142857147,7.0493791413245654,8735234.49929989
478.57142857142856,811.4285714285714,3600.0,7.023799176210558,8742332.408814045
478.57142857142856,858.5714285714287,120.0,8.348223205785088,8072455.128152111
478.57142857142856,858.5714285714287,285.7142857142857,8.270649393916903,6954934.510971386
478.57142857142856,858.5714285714287,451.42857142857144,8.174278780566308,7117883.043100405
478.57142857142856,858.5714285714287,617.1428571428571,8.070741099277264,7418145.78361712
478.57142857142856,858.5714285714287,782.8571428571429,7.967227843893046,7702405.447984063
478.57142857142856,858.5714285714287,948.5714285714287,7.8679726596323265,7942360.521758917
478.57142857142856,858.5714285714287,1114.2857142857142,7.775162976325808,8137341.937331495
478.57142857142856,858.5714285714287,1280.0,7.689655306266604,8293592.469996596
478.57142857142856,858.5714285714287,1445.7142857142858,7.611525169613235,8418325.959377585
478.57142857142856,858.5714285714287,1611.4285714285716,7.540432731898929,8517979.52885662
478.57142857142856,858.5714285714287,1777.1428571428573,7.475844440001041,8597832.205838596
478.57142857142856,858.5714285714287,1942.857142857143,7.417159273166505,8662066.365551855
478.57142857142856,858.5714285714287,2108.5714285714284,7.363776723894528,8713948.797822434
478.57142857142856,858.5714285714287,2274.285714285714,7.315130786116517,8756019.715224544
478.57142857142856,858.5714285714287,2440.0,7.2707047632786646,8790255.48038957
478.57142857142856,858.5714285714287,2605.714285714286,7.23003561084541,8818198.85658126
478.57142857142856,858.5714285714287,2771.4285714285716,7.192712825465545,8841059.917189373
478.57142857142856,858.5714285714287,2937.1428571428573,7.158374710923942,8859793.077064669
478.57142857142856,858.5714285714287,3102.857142857143,7.126703585821867,8875155.562634993
478.57142857142856,858.5714285714287,3268.571428571429,7.097420772461108,8887751.763490852
478.57142857142856,858.5714285714287,3434.2857142857147,7.070281794711017,8898066.949329995
478.57142857142856,858.5714285714287,3600.0,7.045071982118277,8906493.002811559
478.57142857142856,905.7142857142858,120.0,8.347787077758829,8181970.18882952
478.57142857142856,905.7142857142858,285.7142857142857,8.270878733603295,7057729.428592362
478.57142857142856,905.7142857142858,451.42857142857144,8.175853092509659,7220430.207651191
478.57142857142856,905.7142857142858,617.1428571428571,8.073962854722126,7524392.412208289
478.57142857142856,905.7142857142858,782.8571428571429,7.972194891077774,7813526.031520166
478.57142857142856,905.7142857142858,948.5714285714287,7.874655430089252,8058562.634079989
478.57142857142856,905.7142857142858,1114.2857142857142,7.783461596973728,8258451.295389883
478.57142857142856,905.7142857142858,1280.0,7.699438041674312,8419283.04720883
478.57142857142856,905.7142857142858,1445.7142857142858,7.622651474152814,8548222.377544442
478.57142857142856,905.7142857142858,1611.4285714285716,7.5527657858684725,8651704.787648672
478.57142857142856,905.7142857142858,1777.1428571428573,7.489257234572715,8735029.55404016
478.57142857142856,905.7142857142858,1942.857142857143,7.431537001354106,8802408.320335485
478.57142857142856,905.7142857142858,2108.5714285714284,7.379017176172045,8857139.685446758
478.57142857142856,905.7142857142858,2274.285714285714,7.331143742101529,8901795.00445449
478.57142857142856,905.7142857142858,2440.0,7.2874109364883894,8938379.626130424
478.57142857142856,905.7142857142858,2605.714285714286,7.247365448257301,8968462.559185643
478.57142857142856,905.7142857142858,2771.4285714285716,7.210605317707901,8993277.267799614
478.57142857142856,905.7142857142858,2937.1428571428573,7.176776287363743,9013798.82336568
478.57142857142856,905.7142857142858,3102.857142857143,7.145567124318027,9030802.601260372
478.57142857142856,905.7142857142858,3268.571428571429,7.116704730081047,9044908.896528453
478.57142857142856,905.7142857142858,3434.2857142857147,7.0899494540091155,9056616.906473968
478.57142857142856,905.7142857142858,3600.0,7.065090802354542,9066330.713054819
478.57142857142856,952.8571428571429,120.0,8.347391389656442,8286920.916109822
478.57142857142856,952.8571428571429,285.7142857142857,8.27111645550719,7157662.697728934
478.57142857142856,952.8571428571429,451.42857142857144,8.177361809822395,7320434.556830697
478.57142857142856,952.8571428571429,617.1428571428571,8.077022141533151,7628122.07227735
478.57142857142856,952.8571428571429,782.8571428571429,7.9768940314995485,7922056.6740811085
478.57142857142856,952.8571428571429,948.5714285714287,7.880965703873818,8172063.534852686
478.57142857142856,952.8571428571429,1114.2857142857142,7.791289273611673,8376735.304748369
478.57142857142856,952.8571428571429,1280.0,7.7086599627683325,8542023.389346099
478.57142857142856,952.8571428571429,1445.7142857142858,7.633136375665338,8675048.82640396
478.57142857142856,952.8571428571429,1611.4285714285716,7.564385894663244,8782248.193705479
478.57142857142856,952.8571428571429,1777.1428571428573,7.501893901353112,8868942.00446589
478.57142857142856,952.8571428571429,1942.857142857143,7.445082917931382,8939371.245859452
478.57142857142856,952.8571428571429,2108.5714285714284,7.393376746233005,8996865.931740807
478.57142857142856,952.8571428571429,2274.285714285714,7.3462325215827535,9044027.94483459
478.57142857142856,952.8571428571429,2440.0,7.303154658632223,9082890.923171367
478.57142857142856,952.8571428571429,2605.714285714286,7.263698912696481,9115049.417693017
478.57142857142856,952.8571428571429,2771.4285714285716,7.2274712881030725,9141759.613222934
478.57142857142856,952.8571428571429,2937.1428571428573,7.194124466679901,9164016.619235972
478.57142857142856,952.8571428571429,3102.857142857143,7.163353235608451,9182613.400143445
478.57142857142856,952.8571428571429,3268.571428571429,7.134889708865166,9198185.655478371
478.57142857142856,952.8571428571429,3434.2857142857147,7.1084987474401995,9211246.065158825
478.57142857142856,952.8571428571429,3600.0,7.083973765486811,9222210.516859854
478.57142857142856,1000.0,120.0,8.347032273083125,8387645.5539922025
478.57142857142856,1000.0,285.7142857142857,8.271360580490077,7254949.096637279
478.57142857142856,1000.0,451.42857142857144,8.178809365902257,7418089.504262958
478.57142857142856,1000.0,617.1428571428571,8.079932443123425,7729527.88291353
478.57142857142856,1000.0,782.8571428571429,7.981348865884848,8028197.620438589
478.57142857142856,1000.0,948.5714285714287,7.886937204704222,8283073.54725605
478.57142857142856,1000.0,1114.2857142857142,7.798689253695365,8492415.325399665
478.57142857142856,1000.0,1280.0,7.71737296078041,8662045.856208779
478.57142857142856,1000.0,1445.7142857142858,7.6430394459397775,8799048.131801227
478.57142857142856,1000.0,1611.4285714285716,7.57535937129112,8909862.278694147
478.57142857142856,1000.0,1777.1428571428573,7.513826630261322,8999830.956936734
478.57142857142856,1000.0,1942.857142857143,7.457874319714273,9073224.57556209
478.57142857142856,1000.0,2108.5714285714284,7.406937164411764,9133404.213654917
478.57142857142856,1000.0,2274.285714285714,7.360482705778685,9183001.730001684
478.57142857142856,1000.0,2440.0,7.318024860599002,9224078.424536731
478.57142857142856,1000.0,2605.714285714286,7.279127854706489,9258253.75615418
478.57142857142856,1000.0,2771.4285714285716,7.243405138165645,9286806.025043344
478.57142857142856,1000.0,2937.1428571428573,7.210515885052079,9310749.819538815
478.57142857142856,1000.0,3102.857142857143,7.180160518753473,9330895.18630404
478.57142857142856,1000.0,3268.571428571429,7.152076036733977,9347892.775519997
478.57142857142856,1000.0,3434.2857142857147,7.1260315297834556,9362268.34624226
478.57142857142856,1000.0,3600.0,7.101824078319688,9374449.234710032
514.2857142857142,10.0,120.0,8.38070736277251,3945235.2949832524
514.2857142857142,10.0,285.7142857142857,8.293015895620075,3548964.8031500382
514.2857142857142,10.0,451.42857142857144,8.148124132812029,3762506.8699225727
514.2857142857142,10.0,617.1428571428571,7.9734271074523315,3928834.912226533
514.2857142857142,10.0,782.8571428571429,7.790533122590314,4022021.539095282
514.2857142857142,10.0,948.5714285714287,7.613947687509766,4057055.7467262363
514.2857142857142,10.0,1114.2857142857142,7.451500855938194,4052061.86031395
514.2857142857142,10.0,1280.0,7.306250196107015,4021766.977015493
514.2857142857142,10.0,1445.7142857142858,7.178435012752783,3976682.4655863475
514.2857142857142,10.0,1611.4285714285716,7.066875203237118,3923830.7789406315
514.2857142857142,10.0,1777.1428571428573,6.969815140161052,3867711.488213796
514.2857142857142,10.0,1942.857142857143,6.885378609644775,3811112.649348576
514.2857142857142,10.0,2108.5714285714284,6.811788948258241,3755700.807336524
514.2857142857142,10.0,2274.285714285714,6.7474593686197135,3702423.017266483
514.2857142857142,10.0,2440.0,6.691016402387452,3651771.882263841
514.2857142857142,10.0,2605.714285714286,6.641291578646614,3603957.235022558
514.2857142857142,10.0,2771.4285714285716,6.597299955764632,3559016.2535140305
514.2857142857142,10.0,2937.1428571428573,6.5582148957159685,3516883.6386530637
514.2857142857142,10.0,3102.857142857143,6.523343506929662,3477436.0868750284
514.2857142857142,10.0,3268.571428571429,6.492104602212889,3440520.27368479
514.2857142857142,10.0,3434.2857142857147,6.464009729685543,3405970.273241712
514.2857142857142,10.0,3600.0,6.438647228277687,3373618.2150324997
514.2857142857142,57.142857142857146,120.0,8.370733168994628,4862140.9327537725
514.2857142857142,57.142857142857146,285.7142857142857,8.275403552695096,4306963.370541436
514.2857142857142,57.142857142857146,451.42857142857144,8.127328846362925,4537118.069407932
514.2857142857142,57.142857142857146,617.1428571428571,7.952582007759106,4751847.021304656
514.2857142857142,57.142857142857146,782.8571428571429,7.770258255456577,4899338.319433626
514.2857142857142,57.142857142857146,948.5714285714287,7.592938558670523,4986723.592864736
514.2857142857142,57.142857142857146,1114.2857142857142,7.427568199018739,5029088.386807737
514.2857142857142,57.142857142857146,1280.0,7.2771151137231,5040150.25084847
514.2857142857142,57.142857142857146,1445.7142857142858,7.142150259211152,5030421.649516113
514.2857142857142,57.142857142857146,1611.4285714285716,7.021972017238518,5007410.563409669
514.2857142857142,57.142857142857146,1777.1428571428573,6.915299084911623,4976291.113908374
514.2857142857142,57.142857142857146,1942.857142857143,6.820660550691353,4940555.976025327
514.2857142857142,57.142857142857146,2108.5714285714284,6.736598862023213,4902529.01878242
514.2857142857142,57.142857142857146,2274.285714285714,6.661765167758929,4863736.144656811
514.2857142857142,57.142857142857146,2440.0,6.594955910131355,4825163.456164681
514.2857142857142,57.142857142857146,2605.714285714286,6.535118995855825,4787433.695860424
514.2857142857142,57.142857142857146,2771.4285714285716,6.4813453430155565,4750925.829892481
514.2857142857142,57.142857142857146,2937.1428571428573,6.432854325389664,4715855.857538918
514.2857142857142,57.142857142857146,3102.857142857143,6.388977539022296,4682331.410097504
514.2857142857142,57.142857142857146,3268.571428571429,6.3491430607476405,4650388.679935966
514.2857142857142,57.142857142857146,3434.2857142857147,6.312861154893045,4620017.429446819
514.2857142857142,57.142857142857146,3600.0,6.279711750260988,4591177.938548584
514.2857142857142,104.28571428571429,120.0,8.365627328158647,5385057.739844909
514.2857142857142,104.28571428571429,285.7142857142857,8.269844107643891,4719957.7712190505
514.2857142857142,104.28571428571429,451.42857142857144,8.126712821071086,4942474.182771068
514.2857142857142,104.28571428571429,617.1428571428571,7.9605409685049295,5172899.742490547
514.2857142857142,104.28571428571429,782.8571428571429,7.788289465623255,5343155.685189679
514.2857142857142,104.28571428571429,948.5714285714287,7.620908133473817,5454982.623107983
514.2857142857142,104.28571428571429,1114.2857142857142,7.464411397572339,5521090.870730437
514.2857142857142,104.28571428571429,1280.0,7.3213861059561935,5554111.844256089
514.2857142857142,104.28571428571429,1445.7142857142858,7.192356761444531,5564140.654194059
514.2857142857142,104.28571428571429,1611.4285714285716,7.076744047915472,5558625.088288934
514.2857142857142,104.28571428571429,1777.1428571428573,6.97345531220682,5542859.7819898585
514.2857142857142,104.28571428571429,1942.857142857143,6.881219525838547,5520537.950192761
514.2857142857142,104.28571428571429,2108.5714285714284,6.798764255529403,5494208.553636025
514.2857142857142,104.28571428571429,2274.285714285714,6.724901090911616,5465618.34877409
514.2857142857142,104.28571428571429,2440.0,6.6585604540579375,5435956.535933637
514.2857142857142,104.28571428571429,2605.714285714286,6.5987996830873845,5406026.089647654
514.2857142857142,104.28571428571429,2771.4285714285716,6.544797866514087,5376362.638183708
514.2857142857142,104.28571428571429,2937.1428571428573,6.495844815572577,5347316.707657901
514.2857142857142,104.28571428571429,3102.857142857143,6.451328095798269,5319110.649888811
514.2857142857142,104.28571428571429,3268.571428571429,6.410720104524399,5291878.138337444
514.2857142857142,104.28571428571429,3434.2857142857147,6.373566121127431,5265691.655644655
514.2857142857142,104.28571428571429,3600.0,6.339473689794224,5240581.686262024
514.2857142857142,151.42857142857144,120.0,8.362084035595748,5780869.864274323
514.2857142857142,151.42857142857144,285.7142857142857,8.267154761162825,5030267.244349156
514.2857142857142,151.42857142857144,451.42857142857144,8.129277932336409,5243199.713223563
514.2857142857142,151.42857142857144,617.1428571428571,7.971160965198641,5482909.222019055
514.2857142857142,151.42857142857144,782.8571428571429,7.8081351593102335,5668569.439856075
514.2857142857142,151.42857142857144,948.5714285714287,7.649947164227921,5797625.766248038
514.2857142857142,151.42857142857144,1114.2857142857142,7.501916031215989,5880879.826200386
514.2857142857142,151.42857142857144,1280.0,7.36632226070084,5930061.087328768
514.2857142857142,151.42857142857144,1445.7142857142858,7.243623440000019,5954878.304384597
514.2857142857142,151.42857142857144,1611.4285714285716,7.133299210300694,5962669.81032684
514.2857142857142,151.42857142857144,1777.1428571428573,7.034370830289662,5958765.604454276
514.2857142857142,151.42857142857144,1942.857142857143,6.9456967409565795,5946963.969364984
514.2857142857142,151.42857142857144,2108.5714285714284,6.866129793610101,5929946.570763417
514.2857142857142,151.42857142857144,2274.285714285714,6.794594091337374,5909597.81682547
514.2857142857142,151.42857142857144,2440.0,6.730117111889897,5887238.015405306
514.2857142857142,151.42857142857144,2605.714285714286,6.671837996149917,5863789.534934175
514.2857142857142,151.42857142857144,2771.4285714285716,6.619003846978063,5839893.970043028
514.2857142857142,151.42857142857144,2937.1428571428573,6.570960582812675,5815994.473760257
514.2857142857142,151.42857142857144,3102.857142857143,6.527141858048856,5792393.640434184
514.2857142857142,151.42857142857144,3268.571428571429,6.487057857754748,5769294.308019203
514.2857142857142,151.42857142857144,3434.2857142857147,6.450284832047887,5746828.428720524
514.2857142857142,151.42857142857144,3600.0,6.416455725329755,5725077.58362536
514.2857142857142,198.57142857142858,120.0,8.35938563064438,6106746.937897798
514.2857142857142,198.57142857142858,285.7142857142857,8.265707253673705,5286866.12452988
514.2857142857142,198.57142857142858,451.42857142857144,8.132666444138783,5490820.452032162
514.2857142857142,198.57142857142858,617.1428571428571,7.981565971071898,5737424.946770867
514.2857142857142,198.57142857142858,782.8571428571429,7.826453767518528,5935226.631490308
514.2857142857142,198.57142857142858,948.5714285714287,7.676155025110098,6078071.794760146
514.2857142857142,198.57142857142858,1114.2857142857142,7.535457183702875,6175172.755569579
514.2857142857142,198.57142857142858,1280.0,7.406401356061655,6237506.614936874
514.2857142857142,198.57142857142858,1445.7142857142858,7.2893855453206475,6274451.335599423
514.2857142857142,198.57142857142858,1611.4285714285716,7.183925702814722,6293239.184497594
514.2857142857142,198.57142857142858,1777.1428571428573,7.089122848424091,6299212.283287452
514.2857142857142,198.57142857142858,1942.857142857143,7.003929162386081,6296239.301349628
514.2857142857142,198.57142857142858,2108.5714285714284,6.9272900900265615,6287096.99127017
514.2857142857142,198.57142857142858,2274.285714285714,6.858214289464749,6273771.244378516
514.2857142857142,198.57142857142858,2440.0,6.795803293301871,6257680.746407511
514.2857142857142,198.57142857142858,2605.714285714286,6.739259574517424,6239838.63708606
514.2857142857142,198.57142857142858,2771.4285714285716,6.6878836525275505,6220967.947914041
514.2857142857142,198.57142857142858,2937.1428571428573,6.6410661449777795,6201583.689817537
514.2857142857142,198.57142857142858,3102.857142857143,6.598277956151996,6182051.237751772
514.2857142857142,198.57142857142858,3268.571428571429,6.559060260229874,6162627.967513116
514.2857142857142,198.57142857142858,3434.2857142857147,6.523015085509281,6143493.068077649
514.2857142857142,198.57142857142858,3600.0,6.489796840939526,6124768.987105942
514.2857142857142,245.71428571428572,120.0,8.357228993600787,6386777.556490437
514.2857142857142,245.71428571428572,285.7142857142857,8.264916071012928,5509541.904402306
514.2857142857142,245.71428571428572,451.42857142857144,8.136214397307162,5705609.97065201
514.2857142857142,245.71428571428572,617.1428571428571,7.991194594601921,5957995.875285398
514.2857142857142,245.71428571428572,782.8571428571429,7.842864357038895,6166112.077843776
514.2857142857142,245.71428571428572,948.5714285714287,7.699318271167839,6320705.006724548
514.2857142857142,245.71428571428572,1114.2857142857142,7.564924151823732,6429631.053982959
514.2857142857142,245.71428571428572,1280.0,7.441532552013953,6503229.89168773
514.2857142857142,245.71428571428572,1445.7142857142858,7.329491502603415,6550598.454610425
514.2857142857142,245.71428571428572,1611.4285714285716,7.228342462514081,6578876.007299128
514.2857142857142,245.71428571428572,1777.1428571428573,7.1372468088217405,6593410.26888355
514.2857142857142,245.71428571428572,1942.857142857143,7.0552289656801,6598124.405472296
514.2857142857142,245.71428571428572,2108.5714285714284,6.981306575576139,6595870.85830816
514.2857142857142,245.71428571428572,2274.285714285714,6.914554871380628,6588717.262060506
514.2857142857142,245.71428571428572,2440.0,6.8541342216224415,6578162.173381462
514.2857142857142,245.71428571428572,2605.714285714286,6.799297856174207,6565292.89977712
514.2857142857142,245.71428571428572,2771.4285714285716,6.749389472858809,6550899.390342569
514.2857142857142,245.71428571428572,2937.1428571428573,6.703836129797504,6535556.010609287
514.2857142857142,245.71428571428572,3102.857142857143,6.66213935775742,6519680.247001769
514.2857142857142,245.71428571428572,3268.571428571429,6.623866027600783,6503574.956392806
514.2857142857142,245.71428571428572,3434.2857142857147,6.5886397268858925,6487458.896460182
514.2857142857142,245.71428571428572,3600.0,6.556132971427969,6471488.894631753
514.2857142857142,292.8571428571429,120.0,8.355452740844541,6633818.917659822
514.2857142857142,292.8571428571429,285.7142857142857,8.264511119841865,5708498.7155549815
514.2857142857142,292.8571428571429,451.42857142857144,8.139692225171995,5897806.325781813
514.2857142857142,292.8571428571429,617.1428571428571,7.9999790736695,6155386.401942593
514.2857142857142,292.8571428571429,782.8571428571429,7.857516361371681,6372650.840818654
514.2857142857142,292.8571428571429,948.5714285714287,7.71980321933252,6537627.801882788
514.2857142857142,292.8571428571429,1114.2857142857142,7.590867091436543,6656996.32215468
514.2857142857142,292.8571428571429,1280.0,7.472403437825281,6740548.180288684
514.2857142857142,292.8571428571429,1445.7142857142858,7.36471858612959,6797140.482151688
514.2857142857142,292.8571428571429,1611.4285714285716,7.267373389875979,6833833.442385599
514.2857142857142,292.8571428571429,1777.1428571428573,7.179577151008016,6855979.508682902
514.2857142857142,292.8571428571429,1942.857142857143,7.1004122832622425,6867548.045003576
514.2857142857142,292.8571428571429,2108.5714285714284,7.028954809761795,6871455.724960483
514.2857142857142,292.8571428571429,2274.285714285714,6.964334144626909,6869839.675479223
514.2857142857142,292.8571428571429,2440.0,6.905758831628575,6864266.504755792
514.2857142857142,292.8571428571429,2605.714285714286,6.852523908076217,6855886.872586032
514.2857142857142,292.8571428571429,2771.4285714285716,6.80400884600557,6845548.042790793
514.2857142857142,292.8571428571429,2937.1428571428573,6.759671071412209,6833875.361443927
514.2857142857142,292.8571428571429,3102.857142857143,6.719037786102129,6821331.202742343
514.2857142857142,292.8571428571429,3268.571428571429,6.68169752464334,6808257.712809468
514.2857142857142,292.8571428571429,3434.2857142857147,6.647292155408943,6794907.928867923
514.2857142857142,292.8571428571429,3600.0,6.615509636456719,6781468.546647538
514.2857142857142,340.0,120.0,8.353959307716178,6855687.922160912
514.2857142857142,340.0,285.7142857142857,8.264349261872885,5889762.58003652
514.2857142857142,340.0,451.42857142857144,8.143016920937477,6073353.655075289
514.2857142857142,340.0,617.1428571428571,8.007977661813186,6335793.166672931
514.2857142857142,340.0,782.8571428571429,7.870646675000672,6561395.496495785
514.2857142857142,340.0,948.5714285714287,7.738027046076491,6735774.208209547
514.2857142857142,340.0,1114.2857142857142,7.613863940599138,6864572.3129617395
514.2857142857142,340.0,1280.0,7.499724048539739,6957104.951025355
514.2857142857142,340.0,1445.7142857142858,7.395878622481647,7022023.182253122
514.2857142857142,340.0,1611.4285714285716,7.301904037406599,7066320.920107903
514.2857142857142,340.0,1777.1428571428573,7.217048923350446,7095356.550715257
514.2857142857142,340.0,1942.857142857143,7.140443607548378,7113140.913080594
514.2857142857142,340.0,2108.5714285714284,7.071212592996927,7122647.507022207
514.2857142857142,340.0,2274.285714285714,7.008530493343094,7126074.680898274
514.2857142857142,340.0,2440.0,6.951646220386082,7125048.926327876
514.2857142857142,340.0,2605.714285714286,6.899889997415153,7120776.663356926
514.2857142857142,340.0,2771.4285714285716,6.852671535929269,7114155.649591571
514.2857142857142,340.0,2937.1428571428573,6.809474042660536,7105856.205825178
514.2857142857142,340.0,3102.857142857143,6.769846606678139,7096380.37005058
514.2857142857142,340.0,3268.571428571429,6.733396312316354,7086105.066677996
514.2857142857142,340.0,3434.2857142857147,6.699780747853398,7075313.733089449
514.2857142857142,340.0,3600.0,6.668701206715118,7064219.603588165
514.2857142857142,387.14285714285717,120.0,8.352684693270865,7057552.792955406
514.2857142857142,387.14285714285717,285.7142857142857,8.264347480424846,6057219.412516012
514.2857142857142,387.14285714285717,451.42857142857144,8.14616233344805,6236031.7425248725
514.2857142857142,387.14285714285717,617.1428571428571,8.015276820696664,6503129.827726493
514.2857142857142,387.14285714285717,782.8571428571429,7.882479917917434,6736472.779620685
514.2857142857142,387.14285714285717,948.5714285714287,7.754354096013906,6919508.229225151
514.2857142857142,387.14285714285717,1114.2857142857142,7.634406133755151,7056957.959781424
514.2857142857142,387.14285714285717,1280.0,7.524093966429476,7157718.3495057495
514.2857142857142,387.14285714285717,1445.7142857142858,7.423659025385479,7230262.2976619005
514.2857142857142,387.14285714285717,1611.4285714285716,7.332690551225548,7281528.572673649
514.2857142857142,387.14285714285717,1777.1428571428573,7.2504702352628385,7316883.447444131
514.2857142857142,387.14285714285717,1942.857142857143,7.176168864049089,7340376.379417309
514.2857142857142,387.14285714285717,2108.5714285714284,7.108952027169599,7355032.584004336
514.2857142857142,387.14285714285717,2274.285714285714,7.048032777716115,7363105.703934909
514.2857142857142,387.14285714285717,2440.0,6.99269447582551,7366276.146992164
514.2857142857142,387.14285714285717,2605.714285714286,6.94229747363559,7365800.477087063
514.2857142857142,387.14285714285717,2771.4285714285716,6.896277464168384,7362621.852172008
514.2857142857142,387.14285714285717,2937.1428571428573,6.8541398799513065,7357451.048722972
514.2857142857142,387.14285714285717,3102.857142857143,6.815452742941986,7350825.812029614
514.2857142857142,387.14285714285717,3268.571428571429,6.77983923717694,7343154.408407329
514.2857142857142,387.14285714285717,3434.2857142857147,6.746970639974884,7334747.704459708
514.2857142857142,387.14285714285717,3600.0,6.7165598957050605,7325842.910520718
514.2857142857142,434.28571428571433,120.0,8.351584438190127,7243037.923525954
514.2857142857142,434.28571428571433,285.7142857142857,8.26445446153387,6213535.933936937
514.2857142857142,434.28571428571433,451.42857142857144,8.14912594415662,6388404.37601362
514.2857142857142,434.28571428571433,617.1428571428571,8.021962276264157,6660036.466753333
514.2857142857142,434.28571428571433,782.8571428571429,7.893207946629338,6900660.393340524
514.2857142857142,434.28571428571433,948.5714285714287,7.769083527634378,7091765.921854966
514.2857142857142,434.28571428571433,1114.2857142857142,7.65289142937143,7237248.808133491
514.2857142857142,434.28571428571433,1280.0,7.545996397002532,7345634.53229333
514.2857142857142,434.28571428571433,1445.7142857142858,7.4486142273414275,7425241.101546637
514.2857142857142,434.28571428571433,1611.4285714285716,7.360345097952396,7482961.7848248705
514.2857142857142,434.28571428571433,1777.1428571428573,7.2804990123720215,7524172.884833418
514.2857142857142,434.28571428571433,1942.857142857143,7.208281509705689,7552960.669450924
514.2857142857142,434.28571428571433,2108.5714285714284,7.1428935677593755,7572398.364320899
514.2857142857142,434.28571428571433,2274.285714285714,7.083581438297282,7584790.465545862
514.2857142857142,434.28571428571433,2440.0,7.029658315054138,7591866.753991289
514.2857142857142,434.28571428571433,2605.714285714286,6.980510715117662,7594929.617672715
514.2857142857142,434.28571428571433,2771.4285714285716,6.935596957273914,7594963.667633026
514.2857142857142,434.28571428571433,2937.1428571428573,6.894441882643599,7592716.61239893
514.2857142857142,434.28571428571433,3102.857142857143,6.856630091684252,7588758.803297213
514.2857142857142,434.28571428571433,3268.571428571429,6.821798904513301,7583527.142348227
514.2857142857142,434.28571428571433,3434.2857142857147,6.789631650383939,7577357.575714514
514.2857142857142,434.28571428571433,3600.0,6.7598515587136125,7570509.25504699
514.2857142857142,481.42857142857144,120.0,8.350626314208794,7414798.914390071
514.2857142857142,481.42857142857144,285.7142857142857,8.264636948139099,6360629.349797666
514.2857142857142,481.42857142857144,451.42857142857144,8.151915166721409,6532296.767807025
514.2857142857142,481.42857142857144,617.1428571428571,8.028110792703854,6808384.235141737
514.2857142857142,481.42857142857144,782.8571428571429,7.902989716845934,7055923.628389149
514.2857142857142,481.42857142857144,948.5714285714287,7.782457299515936,7254623.957694965
514.2857142857142,481.42857142857144,1114.2857142857142,7.669638519997753,7407635.253575901
514.2857142857142,481.42857142857144,1280.0,7.565817278545865,7523152.305188393
514.2857142857142,481.42857142857144,1445.7142857142858,7.4711871087222335,7609357.869077998
514.2857142857142,481.42857142857144,1611.4285714285716,7.385357663060621,7673108.047453993
514.2857142857142,481.42857142857144,1777.1428571428573,7.307663549628911,7719791.283612947
514.2857142857142,481.42857142857144,1942.857142857143,7.23734057222585,7753529.471138449
514.2857142857142,481.42857142857144,2108.5714285714284,7.173620592989369,7777441.053151589
514.2857142857142,481.42857142857144,2274.285714285714,7.115778901500467,7793877.93479261
514.2857142857142,481.42857142857144,2440.0,7.063154845365662,7804615.699235189
514.2857142857142,481.42857142857144,2605.714285714286,7.0151579322623405,7810999.134785022
514.2857142857142,481.42857142857144,2771.4285714285716,6.971266407789777,7814051.15760922
514.2857142857142,481.42857142857144,2937.1428571428573,6.931022246003108,7814553.584046256
514.2857142857142,481.42857142857144,3102.857142857143,6.894024715690631,7813106.875030934
514.2857142857142,481.42857142857144,3268.571428571429,6.859923672832564,7810174.381487065
514.2857142857142,481.42857142857144,3434.2857142857147,6.8284131584697825,7806115.2237618435
514.2857142857142,481.42857142857144,3600.0,6.799225563817511,7801208.839448173
514.2857142857142,528.5714285714286,120.0,8.349786175530168,7574848.734444505
514.2857142857142,528.5714285714286,285.7142857142857,8.26487258475088,6499928.817236386
514.2857142857142,528.5714285714286,451.42857142857144,8.154541303738952,6669058.252214865
514.2857142857142,528.5714285714286,617.1428571428571,8.03378868361688,6949551.361107818
514.2857142857142,528.5714285714286,782.8571428571429,7.911955988490617,7203708.063216283
514.2857142857142,528.5714285714286,948.5714285714287,7.7946711590884235,7409609.49999773
514.2857142857142,528.5714285714286,1114.2857142857142,7.684903467619778,7569728.683235328
514.2857142857142,528.5714285714286,1280.0,7.5838659316709505,7691963.947318241
514.2857142857142,528.5714285714286,1445.7142857142858,7.491732568142099,7784379.562299548
514.2857142857142,528.5714285714286,1611.4285714285716,7.408121359186877,7853801.689095133
514.2857142857142,528.5714285714286,1777.1428571428573,7.332388553461331,7905632.89862263
514.2857142857142,528.5714285714286,1942.857142857143,7.263796612836643,7944029.912707992
514.2857142857142,528.5714285714286,2108.5714285714284,7.201604650171479,7972154.220367929
514.2857142857142,528.5714285714286,2274.285714285714,7.145113623972179,7992402.3900746
514.2857142857142,528.5714285714286,2440.0,7.093686045928701,8006592.928784876
514.2857142857142,528.5714285714286,2605.714285714286,7.046751826100663,8016110.245780323
514.2857142857142,528.5714285714286,2771.4285714285716,7.003806928574678,8022012.993849986
514.2857142857142,528.5714285714286,2937.1428571428573,6.96440859176002,8025114.783183478
514.2857142857142,528.5714285714286,3102.857142857143,6.928169178700032,8026044.131605536
514.2857142857142,528.5714285714286,3268.571428571429,6.894749757822738,8025289.035047565
514.2857142857142,528.5714285714286,3434.2857142857147,6.863853969591564,8023230.211669209
514.2857142857142,528.5714285714286,3600.0,6.835222431256028,8020166.011708587
514.2857142857142,575.7142857142858,120.0,8.349045448410918,7724755.196536592
514.2857142857142,575.7142857142858,285.7142857142857,8.265145904984259,6632531.040644782
514.2857142857142,575.7142857142858,451.42857142857144,8.15701678234571,6799716.986398686
514.2857142857142,575.7142857142858,617.1428571428571,8.039052501797185,7084584.832265614
514.2857142857142,575.7142857142858,782.8571428571429,7.920214518592599,7345110.632709814
514.2857142857142,575.7142857142858,948.5714285714287,7.8058844180323,7557881.201157939
514.2857142857142,575.7142857142858,1114.2857142857142,7.698893560190468,7724752.033566487
514.2857142857142,575.7142857142858,1280.0,7.600392241205398,7853354.5081922235
514.2857142857142,575.7142857142858,1445.7142857142858,7.510537224943156,7951648.864274886
514.2857142857142,575.7142857142858,1611.4285714285716,7.4289539023720135,8026437.621485863
514.2857142857142,575.7142857142858,1777.1428571428573,7.355017747248139,8083139.310400619
514.2857142857142,575.7142857142858,1942.857142857143,7.288014928734903,8125944.933066047
514.2857142857142,575.7142857142858,2108.5714285714284,7.227228828364148,8158057.292141262
514.2857142857142,575.7142857142858,2274.285714285714,7.171983300668548,8181915.38123543
514.2857142857142,575.7142857142858,2440.0,7.121661553398294,8199378.2623442635
514.2857142857142,575.7142857142858,2605.714285714286,7.075711756226172,8211867.665268725
514.2857142857142,575.7142857142858,2771.4285714285716,7.033645758077858,8220475.844330731
514.2857142857142,575.7142857142858,2937.1428571428573,6.9950345055700875,8226046.273353248
514.2857142857142,575.7142857142858,3102.857142857143,6.959502141202926,8229233.809577781
514.2857142857142,575.7142857142858,3268.571428571429,6.926719837104119,8230549.580559222
514.2857142857142,575.7142857142858,3434.2857142857147,6.896399898408306,8230394.576465856
514.2857142857142,575.7142857142858,3600.0,6.8682903796560915,8229084.90247914
514.2857142857142,622.8571428571429,120.0,8.348389533368659,7865766.821855353
514.2857142857142,622.8571428571429,285.7142857142857,8.265445958933125,6759297.87124964
514.2857142857142,622.8571428571429,451.42857142857144,8.159353883327862,6925076.0793318795
514.2857142857142,622.8571428571429,617.1428571428571,8.043950324817496,7214300.398497394
514.2857142857142,622.8571428571429,782.8571428571429,7.927854591026757,7480985.230870261
514.2857142857142,622.8571428571429,948.5714285714287,7.81622778529094,7700340.882706401
514.2857142857142,622.8571428571429,1114.2857142857142,7.7117781309284705,7873657.409018049
514.2857142857142,622.8571428571429,1280.0,7.615599977204675,8008324.913741355
514.2857142857142,622.8571428571429,1445.7142857142858,7.527834720943984,8112212.18732729
514.2857142857142,622.8571428571429,1611.4285714285716,7.448114406118928,8192103.6354719335
514.2857142857142,622.8571428571429,1777.1428571428573,7.3758317312435935,8253435.4213860575
514.2857142857142,622.8571428571429,1942.857142857143,7.310294121924093,8300432.4448482655
514.2857142857142,622.8571428571429,2108.5714285714284,7.250806745343772,8336337.410701812
514.2857142857142,622.8571428571429,2274.285714285714,7.196714037532581,8363629.879186718
514.2857142857142,622.8571428571429,2440.0,7.147417837172849,8384207.484569653
514.2857142857142,622.8571428571429,2605.714285714286,7.1023827761143306,8399527.342079442
514.2857142857142,622.8571428571429,2771.4285714285716,7.061135046120642,8410713.505074939
514.2857142857142,622.8571428571429,2937.1428571428573,7.0232579900641126,8418637.676649652
514.2857142857142,622.8571428571429,3102.857142857143,6.98838641860052,8423979.595493937
514.2857142857142,622.8571428571429,3268.571428571429,6.956200668015831,8427272.23308913
514.2857142857142,622.8571428571429,3434.2857142857147,6.926420913980921,8428935.721105583
514.2857142857142,622.8571428571429,3600.0,6.898801976506686,8429302.930519424
514.2857142857142,670.0,120.0,8.347806745889915,7998896.4653815515
514.2857142857142,670.0,285.7142857142857,8.265764848483904,6880920.2005211115
514.2857142857142,670.0,451.42857142857144,8.161564179495727,7045775.99042839
514.2857142857142,670.0,617.1428571428571,8.048523081340981,7339347.220986562
514.2857142857142,670.0,782.8571428571429,7.934950692662966,7612010.866882472
514.2857142857142,670.0,948.5714285714287,7.825809434729848,7837705.588437956
514.2857142857142,670.0,1114.2857142857142,7.723696808280672,8017201.992929626
514.2857142857142,670.0,1280.0,7.629656904957903,8157671.4749083705
514.2857142857142,670.0,1445.7142857142858,7.5438173417688486,8266902.4205017695
514.2857142857142,670.0,1611.4285714285716,7.465816184690737,8351666.001269981
514.2857142857142,670.0,1777.1428571428573,7.3950616778069564,8417417.53482244
514.2857142857142,670.0,1942.857142857143,7.330880441173293,8468415.54883144
514.2857142857142,670.0,2108.5714285714284,7.2725973342419215,8507941.479518106
514.2857142857142,670.0,2274.285714285714,7.2195754191405435,8538513.886406245
514.2857142857142,670.0,2440.0,7.1712334170807495,8562067.29237202
514.2857142857142,670.0,2605.714285714286,7.127050897038404,8580092.548014456
514.2857142857142,670.0,2771.4285714285716,7.086567082434154,8593743.963993004
514.2857142857142,670.0,2937.1428571428573,7.049376594373981,8603920.0712051
514.2857142857142,670.0,3102.857142857143,7.0151239625441075,8611324.236817408
514.2857142857142,670.0,3268.571428571429,6.983497883176983,8616510.167378288
514.2857142857142,670.0,3434.2857142857147,6.954225721218651,8619916.160753043
514.2857142857142,670.0,3600.0,6.927068484534452,8621890.998867882
514.2857142857142,717.1428571428572,120.0,8.347287590082193,8124978.8187436145
514.2857142857142,717.1428571428572,285.7142857142857,8.266096790284937,6997961.295949194
514.2857142857142,717.1428571428572,451.42857142857144,8.163658318966059,7162336.528069097
514.2857142857142,717.1428571428572,617.1428571428571,8.052805737543318,7460251.229059371
514.2857142857142,717.1428571428572,782.8571428571429,7.9415654203128065,7738737.309208025
514.2857142857142,717.1428571428572,948.5714285714287,7.834719661418552,7970555.825724617
514.2857142857142,717.1428571428572,1114.2857142857142,7.734765778560773,8155998.889252617
514.2857142857142,717.1428571428572,1280.0,7.642702432997892,8302039.173854746
514.2857142857142,717.1428571428572,1445.7142857142858,7.558644810053013,8416394.431014908
514.2857142857142,717.1428571428572,1611.4285714285716,7.482236463420478,8505826.93284894
514.2857142857142,717.1428571428572,1777.1428571428573,7.412899756628963,8575812.534461353
514.2857142857142,717.1428571428572,1942.857142857143,7.349978749918395,8630643.19991742
514.2857142857142,717.1428571428572,2108.5714285714284,7.292816210944505,8673638.110764487
514.2857142857142,717.1428571428572,2274.285714285714,7.240792158458285,8707353.48646912
514.2857142857142,717.1428571428572,2440.0,7.193340700682501,8733759.291258583
514.2857142857142,717.1428571428572,2605.714285714286,7.149955036774601,8754378.687642682
514.2857142857142,717.1428571428572,2771.4285714285716,7.110186295991751,8770394.910044238
514.2857142857142,717.1428571428572,2937.1428571428573,7.073639415845711,8782732.102306942
514.2857142857142,717.1428571428572,3102.857142857143,7.0399678269371515,8792116.171855718
514.2857142857142,717.1428571428572,3268.571428571429,7.008867890888006,8799120.595571289
514.2857142857142,717.1428571428572,3434.2857142857147,6.980073572400564,8804200.9875958
514.2857142857142,717.1428571428572,3600.0,6.953351566388311,8807721.29472275
514.2857142857142,764.2857142857143,120.0,8.34682424631724,8244711.109284935
514.2857142857142,764.2857142857143,285.7142857142857,8.26643749799238,7110887.0847289385
514.2857142857142,764.2857142857143,451.42857142857144,8.165645976852819,7275185.995728626
514.2857142857142,764.2857142857143,617.1428571428571,8.056828301877516,7577445.113253477
514.2857142857142,764.2857142857143,782.8571428571429,7.947751761249809,7861616.622535679
514.2857142857142,764.2857142857143,948.5714285714287,7.8430344577132045,8099368.890532744
514.2857142857142,764.2857142857143,1114.2857142857142,7.745082557006843,8290552.255753857
514.2857142857142,764.2857142857143,1280.0,7.654853423588215,8441958.508671831
514.2857142857142,764.2857142857143,1445.7142857142858,7.572450965810982,8561243.468805386
514.2857142857142,764.2857142857143,1611.4285714285716,7.497523767265172,8655164.381822623
514.2857142857142,764.2857142857143,1777.1428571428573,7.4295070873946,8729218.898575231
514.2857142857142,764.2857142857143,1942.857142857143,7.36776091955062,8787732.28352817
514.2857142857142,764.2857142857143,2108.5714285714284,7.311644404649894,8834060.62221263
514.2857142857142,764.2857142857143,2274.285714285714,7.2605530794464705,8870796.6364994
514.2857142857142,764.2857142857143,2440.0,7.213935148337988,8899944.474744888
514.2857142857142,764.2857142857143,2605.714285714286,7.171296310691182,8923058.370996544
514.2857142857142,764.2857142857143,2771.4285714285716,7.132198626560731,8941349.318761187
514.2857142857142,764.2857142857143,2937.1428571428573,7.096256515417381,8955766.011787178
514.2857142857142,764.2857142857143,3102.857142857143,7.063131597779436,8967055.943935648
514.2857142857142,764.2857142857143,3268.571428571429,7.03252729599582,8975811.515536156
514.2857142857142,764.2857142857143,3434.2857142857147,7.004183660416649,8982504.909848237
514.2857142857142,764.2857142857143,3600.0,6.977872635504453,8987514.581767296
514.2857142857142,811.4285714285714,120.0,8.346410200986961,8358682.624548179
514.2857142857142,811.4285714285714,285.7142857142857,8.266783764418753,7220087.86405371
514.2857142857142,811.4285714285714,451.42857142857144,8.167535887310235,7384681.955655644
514.2857142857142,811.4285714285714,617.1428571428571,8.060616656178576,7691289.632064342
514.2857142857142,811.4285714285714,782.8571428571429,7.953554882606088,7981025.547846911
514.2857142857142,811.4285714285714,948.5714285714287,7.8508182745635615,8224542.5130768
514.2857142857142,811.4285714285714,1114.2857142857142,7.754729648482224,8421282.240733163
514.2857142857142,811.4285714285714,1280.0,7.666208640838464,8577871.659447446
514.2857142857142,811.4285714285714,1445.7142857142858,7.585348879671808,8701912.458535384
514.2857142857142,811.4285714285714,1611.4285714285716,7.5118035821489375,8800160.336825097
514.2857142857142,811.4285714285714,1777.1428571428573,7.44501984453445,8878135.887826761
514.2857142857142,811.4285714285714,1942.857142857143,7.384372287399378,8940197.580397207
514.2857142857142,811.4285714285714,2108.5714285714284,7.329235093180971,8989737.678051913
514.2857142857142,811.4285714285714,2274.285714285714,7.279018066722307,9029384.39477886
514.2857142857142,811.4285714285714,2440.0,7.233182385433431,9061174.96086852
514.2857142857142,811.4285714285714,2605.714285714286,7.191245264209941,9086693.591559729
514.2857142857142,811.4285714285714,2771.4285714285716,7.152778842929632,9107178.013592323
514.2857142857142,811.4285714285714,2937.1428571428573,7.1174062936218725,9123600.532735573
514.2857142857142,811.4285714285714,3102.857142857143,7.0847968042643465,9136729.386524312
514.2857142857142,811.4285714285714,3268.571428571429,7.054660327743575,9147175.149449395
514.2857142857142,811.4285714285714,3434.2857142857147,7.026742548568805,9155425.91199377
514.2857142857142,811.4285714285714,3600.0,7.000820275946063,9161874.054639183
514.2857142857142,858.5714285714287,120.0,8.346039973317671,8467396.591076005
514.2857142857142,858.5714285714287,285.7142857142857,8.267133172565586,7325894.213158894
514.2857142857142,858.5714285714287,451.42857142857144,8.169335911217717,7491126.360412565
514.2857142857142,858.5714285714287,617.1428571428571,8.06419323646918,7802089.1002905825
514.2857142857142,858.5714285714287,782.8571428571429,7.959013541137386,8097281.756286151
514.2857142857142,858.5714285714287,948.5714285714287,7.858126169621494,8346412.029147008
514.2857142857142,858.5714285714287,1114.2857142857142,7.763777380541332,8548543.097482365
514.2857142857142,858.5714285714287,1280.0,7.676852186509433,8710151.505446687
514.2857142857142,858.5714285714287,1445.7142857142858,7.597434801525169,8838791.847103411
514.2857142857142,858.5714285714287,1611.4285714285716,7.525182730211295,8941221.416837458
514.2857142857142,858.5714285714287,1777.1428571428573,7.459553981645172,9022984.798880838
514.2857142857142,858.5714285714287,1942.857142857143,7.399936663362019,9088473.599704238
514.2857142857142,858.5714285714287,2108.5714285714284,7.345718835198267,9141115.628168903
514.2857142857142,858.5714285714287,2274.285714285714,7.296323476126859,9183573.701008247
514.2857142857142,858.5714285714287,2440.0,7.251223752245728,9217917.15635814
514.2857142857142,858.5714285714287,2605.714285714286,7.209947529838265,9245759.224766139
514.2857142857142,858.5714285714287,2771.4285714285716,7.172076280762934,9268363.455865284
514.2857142857142,858.5714285714287,2937.1428571428573,7.137241287704924,9286724.933950264
514.2857142857142,858.5714285714287,3102.857142857143,7.105118757539979,9301631.890292052
514.2857142857142,858.5714285714287,3268.571428571429,7.07542470578758,9313712.405982856
514.2857142857142,858.5714285714287,3434.2857142857147,7.04791005210704,9323469.88836331
514.2857142857142,858.5714285714287,3600.0,7.022356129895404,9331310.123376675
514.2857142857142,905.7142857142858,120.0,8.34570891009937,8571286.6914003
514.2857142857142,905.7142857142858,285.7142857142857,8.267483891892368,7428588.88336533
514.2857142857142,905.7142857142858,451.42857142857144,8.171053116708867,7594776.801127719
514.2857142857142,905.7142857142858,617.1428571428571,8.067577589078573,7910102.87679568
514.2857142857142,905.7142857142858,782.8571428571429,7.964161200533393,8210655.895286532
514.2857142857142,905.7142857142858,948.5714285714287,7.865005492225316,8465263.105327142
514.2857142857142,905.7142857142858,1114.2857142857142,7.772286116063945,8672636.612315899
514.2857142857142,905.7142857142858,1280.0,7.686856178874889,8839115.728894318
514.2857142857142,905.7142857142858,1445.7142857142858,7.608791238404745,8972214.331321958
514.2857142857142,905.7142857142858,1611.4285714285716,7.537752782108283,9078694.161186868
514.2857142857142,905.7142857142858,1777.1428571428573,7.473208920036051,9164124.753895573
514.2857142857142,905.7142857142858,1942.857142857143,7.414560244213209,9232930.808405338
514.2857142857142,905.7142857142858,2108.5714285714284,7.361207667414313,9288575.122889247
514.2857142857142,905.7142857142858,2274.285714285714,7.312586378941845,9333754.327953838
514.2857142857142,905.7142857142858,2440.0,7.268180665328455,9370569.002562992
514.2857142857142,905.7142857142858,2605.714285714286,7.227528281053664,9400660.53107854
514.2857142857142,905.7142857142858,2771.4285714285716,7.190219368638587,9425317.472818237
514.2857142857142,905.7142857142858,2937.1428571428573,7.155892753061226,9445556.945073456
514.2857142857142,905.7142857142858,3102.857142857143,7.1242311737558035,9462186.50128351
514.2857142857142,905.7142857142858,3268.571428571429,7.094956293510605,9475851.130700763
514.2857142857142,905.7142857142858,3434.2857142857147,7.06782391247719,9487069.027746858
514.2857142857142,905.7142857142858,3600.0,7.042619585159756,9496258.916629938
514.2857142857142,952.8571428571429,120.0,8.345413028956413,8670729.738832815
514.2857142857142,952.8571428571429,285.7142857142857,8.26783453222555,7528415.835577425
514.2857142857142,952.8571428571429,451.42857142857144,8.17269386107761,7695855.016864479
514.2857142857142,952.8571428571429,617.1428571428571,8.070786825303768,8015554.037742582
514.2857142857142,952.8571428571429,782.8571428571429,7.9690269229996,8321380.677192495
514.2857142857142,952.8571428571429,948.5714285714287,7.87149721638782,8581341.339563048
514.2857142857142,952.8571428571429,1114.2857142857142,7.780307997160542,8793822.23811148
514.2857142857142,952.8571428571429,1280.0,7.696282860944264,8965037.462998949
514.2857142857142,952.8571428571429,1445.7142857142858,7.619489376025332,9102465.982508969
514.2857142857142,952.8571428571429,1611.4285714285716,7.549592742753023,9212876.58497895
514.2857142857142,952.8571428571429,1777.1428571428573,7.486070454343154,9301864.639785893
514.2857142857142,952.8571428571429,1942.857142857143,7.428334700508467,9373887.909475815
514.2857142857142,952.8571428571429,2108.5714285714284,7.375798339919064,9432443.689122098
514.2857142857142,952.8571428571429,2274.285714285714,7.327907918000119,9480261.718766257
514.2857142857142,952.8571428571429,2440.0,7.284158071348371,9519473.04158219
514.2857142857142,952.8571428571429,2605.714285714286,7.244095764712514,9551746.422656195
514.2857142857142,952.8571428571429,2771.4285714285716,7.20731922315687,9578394.700230755
514.2857142857142,952.8571428571429,2937.1428571428573,7.173474307904349,9600456.35387751
514.2857142857142,952.8571428571429,3102.857142857143,7.1422498574194355,9618757.654399404
514.2857142857142,952.8571428571429,3268.571428571429,7.113372811063339,9633959.959740635
514.2857142857142,952.8571428571429,3434.2857142857147,7.086603532591046,9646595.773396747
514.2857142857142,952.8571428571429,3600.0,7.061731526491448,9657096.335929291
514.2857142857142,1000.0,120.0,8.345148896968096,8766055.546033496
514.2857142857142,1000.0,285.7142857142857,8.268184037420145,7625587.214530906
514.2857142857142,1000.0,451.42857142857144,8.17426386853695,7794553.433105125
514.2857142857142,1000.0,617.1428571428571,8.073835994197825,8118636.029119984
514.2857142857142,1000.0,782.8571428571429,7.973636085802525,8429657.846275631
514.2857142857142,1000.0,948.5714285714287,7.87763700420241,8694859.620427025
514.2857142857142,1000.0,1114.2857142857142,7.78788833188322,8912324.864062382
514.2857142857142,1000.0,1280.0,7.705186274632531,9088153.459331049
514.2857142857142,1000.0,1445.7142857142858,7.62959100117802,9229794.78325757
514.2857142857142,1000.0,1611.4285714285716,7.560771184105676,9344027.050718075
514.2857142857142,1000.0,1777.1428571428573,7.498213061494677,9436472.278943082
514.2857142857142,1000.0,1942.857142857143,7.441339631863924,9511621.277468491
514.2857142857142,1000.0,2108.5714285714284,7.389574892262402,9573005.399272848
514.2857142857142,1000.0,2274.285714285714,7.342375983049359,9623386.861016726
514.2857142857142,1000.0,2440.0,7.299247203709748,9664926.470482558
514.2857142857142,1000.0,2605.714285714286,7.259744123909115,9699319.675913263
514.2857142857142,1000.0,2771.4285714285716,7.223472525531201,9727902.9342942
514.2857142857142,1000.0,2937.1428571428573,7.190084853193305,9751735.480912196
514.2857142857142,1000.0,3102.857142857143,7.159275656013786,9771661.756465273
514.2857142857142,1000.0,3268.571428571429,7.130776817478311,9788358.998837689
514.2857142857142,1000.0,3434.2857142857147,7.104352980445469,9802373.58717153
514.2857142857142,1000.0,3600.0,7.079797355716828,9814148.895514363
550.0,10.0,120.0,8.37457993861614,4472864.095784247
550.0,10.0,285.7142857142857,8.279376732631022,3942643.428821648
550.0,10.0,451.42857142857144,8.124844033957364,4138101.3239312368
550.0,10.0,617.1428571428571,7.939688122392555,4300162.730116503
550.0,10.0,782.8571428571429,7.746355481950885,4390084.705447632
550.0,10.0,948.5714285714287,7.559918330661869,4420587.34161714
550.0,10.0,1114.2857142857142,7.388508443260286,4409808.776804849
550.0,10.0,1280.0,7.235287764979638,4372951.83412408
550.0,10.0,1445.7142857142858,7.100480473746544,4320979.691798467
550.0,10.0,1611.4285714285716,6.9828304492890485,4261239.510288651
550.0,10.0,1777.1428571428573,6.880481832605634,4198435.639111953
550.0,10.0,1942.857142857143,6.791454345768646,4135472.1027104035
550.0,10.0,2108.5714285714284,6.7138735397794145,4074071.9706508364
550.0,10.0,2274.285714285714,6.646065338251837,4015201.357002805
550.0,10.0,2440.0,6.58658055750866,3959349.453395969
550.0,10.0,2605.714285714286,6.534186120479627,3906709.956770912
550.0,10.0,2771.4285714285716,6.487842462487885,3857297.324315302
550.0,10.0,2937.1428571428573,6.446676977989178,3811020.719315846
550.0,10.0,3102.857142857143,6.4099581596698885,3767730.732239355
550.0,10.0,3268.571428571429,6.377072375252775,3727248.654975691
550.0,10.0,3434.2857142857147,6.347503873106454,3689384.5957496683
550.0,10.0,3600.0,6.320817969140603,3653948.4664872317
550.0,57.142857142857146,120.0,8.36524427437859,5378114.372488947
550.0,57.142857142857146,285.7142857142857,8.265156525852841,4692743.25816264
550.0,57.142857142857146,451.42857142857144,8.111826778034489,4902956.60846897
550.0,57.142857142857146,617.1428571428571,7.9317905546157075,5113688.212730769
550.0,57.142857142857146,782.8571428571429,7.744393938553616,5259493.589819716
550.0,57.142857142857146,948.5714285714287,7.562392759383813,5344598.09629139
550.0,57.142857142857146,1114.2857142857142,7.392818678706571,5383678.013954597
550.0,57.142857142857146,1280.0,7.238656447623551,5390671.351594665
550.0,57.142857142857146,1445.7142857142858,7.100452110008637,5376405.422232673
550.0,57.142857142857146,1611.4285714285716,6.977459128419807,5348651.230394416
550.0,57.142857142857146,1777.1428571428573,6.868344806821689,5312769.84732957
550.0,57.142857142857146,1942.857142857143,6.771587703253546,5272375.516084468
550.0,57.142857142857146,2108.5714285714284,6.68568404901974,5229865.391271087
550.0,57.142857142857146,2274.285714285714,6.609244347870505,5186805.431957689
550.0,57.142857142857146,2440.0,6.541030085209439,5144199.884243757
550.0,57.142857142857146,2605.714285714286,6.4799594827834035,5102675.663716816
550.0,57.142857142857146,2771.4285714285716,6.4250984232272135,5062607.314425994
550.0,57.142857142857146,2937.1428571428573,6.375645233200549,5024201.375094721
550.0,57.142857142857146,3102.857142857143,6.330913828373945,4987553.29140871
550.0,57.142857142857146,3268.571428571429,6.290317421436068,4952685.82524694
550.0,57.142857142857146,3434.2857142857147,6.25335375699212,4919574.992133231
550.0,57.142857142857146,3600.0,6.219592191851228,4888167.575091887
550.0,104.28571428571429,120.0,8.360629033760619,5888344.088229308
550.0,104.28571428571429,285.7142857142857,8.261207788705711,5101583.0612979885
550.0,104.28571428571429,451.42857142857144,8.11427525251872,5305320.932603039
550.0,104.28571428571429,617.1428571428571,7.9443461279198955,5532998.772962842
550.0,104.28571428571429,782.8571428571429,7.768516127261924,5703016.645606014
550.0,104.28571428571429,948.5714285714287,7.597843335496799,5814093.200617266
550.0,104.28571428571429,1114.2857142857142,7.438397723894062,5878425.186531503
550.0,104.28571428571429,1280.0,7.292775871864507,5908798.011271358
550.0,104.28571428571429,1445.7142857142858,7.161483667328998,5915588.244132267
550.0,104.28571428571429,1611.4285714285716,7.043909443262521,5906495.813647312
550.0,104.28571428571429,1777.1428571428573,6.938923782001925,5887004.687159763
550.0,104.28571428571429,1942.857142857143,6.845219586718507,5860938.86837086
550.0,104.28571428571429,2108.5714285714284,6.7614914683397025,5830932.691552623
550.0,104.28571428571429,2274.285714285714,6.686522052877236,5798785.671220746
550.0,104.28571428571429,2440.0,6.619216867930757,5765717.293957887
550.0,104.28571428571429,2605.714285714286,6.558612126019294,5732545.755298284
550.0,104.28571428571429,2771.4285714285716,6.503869112842257,5699812.033283441
550.0,104.28571428571429,2937.1428571428573,6.454262686181885,5667865.693739623
550.0,104.28571428571429,3102.857142857143,6.409167862532122,5636924.225082145
550.0,104.28571428571429,3268.571428571429,6.368046500545002,5607114.143526304
550.0,104.28571428571429,3434.2857142857147,6.330435013593476,5578499.5454396345
550.0,104.28571428571429,3600.0,6.295933468653686,5551101.995868193
550.0,151.42857142857144,120.0,8.357489701083994,6272372.261886101
550.0,151.42857142857144,285.7142857142857,8.259574608032093,5409244.619845864
550.0,151.42857142857144,451.42857142857144,8.11864827691489,5605134.984338934
550.0,151.42857142857144,617.1428571428571,7.9575090141055105,5843460.808534066
550.0,151.42857142857144,782.8571428571429,7.7915879761513755,6030193.559473792
550.0,151.42857142857144,948.5714285714287,7.630723050653051,6159761.206151184
550.0,151.42857142857144,1114.2857142857142,7.480283760605344,6242422.225329327
550.0,151.42857142857144,1280.0,7.34256296397835,6290038.390875262
550.0,151.42857142857144,1445.7142857142858,7.218006219741597,6312591.180900533
550.0,151.42857142857144,1611.4285714285716,7.106068838580929,6317672.126834654
550.0,151.42857142857144,1777.1428571428573,7.005743343487933,6310807.396374346
550.0,151.42857142857144,1942.857142857143,6.9158594615448346,6295935.631007615
550.0,151.42857142857144,2108.5714285714284,6.835243516263023,6275834.247002831
550.0,151.42857142857144,2274.285714285714,6.7627961202514,6252450.513040875
550.0,151.42857142857144,2440.0,6.697524449499501,6227144.317139027
550.0,151.42857142857144,2605.714285714286,6.638550343925383,6200861.52469213
550.0,151.42857142857144,2771.4285714285716,6.585106278149729,6174256.307488305
550.0,151.42857142857144,2937.1428571428573,6.536525850846699,6147777.096795009
550.0,151.42857142857144,3102.857142857143,6.492232355187383,6121726.97245179
550.0,151.42857142857144,3268.571428571429,6.451727259506268,6096306.185297194
550.0,151.42857142857144,3434.2857142857147,6.414579470099995,6071642.200823668
550.0,151.42857142857144,3600.0,6.380415730624243,6047811.008572954
550.0,198.57142857142858,120.0,8.35513540163798,6587367.412832346
550.0,198.57142857142858,285.7142857142857,8.258899542355827,5664030.213079856
550.0,198.57142857142858,451.42857142857144,8.123264141749729,5852816.015136292
550.0,198.57142857142858,617.1428571428571,7.969562126777769,6099360.6274747625
550.0,198.57142857142858,782.8571428571429,7.811931684988548,6299409.495919304
550.0,198.57142857142858,948.5714285714287,7.65928578727641,6443845.685090097
550.0,198.57142857142858,1114.2857142857142,7.51646319784401,6541339.612326498
550.0,198.57142857142858,1280.0,7.385521182875049,6602997.117111665
550.0,198.57142857142858,1445.7142857142858,7.2668508983068625,6638469.698510004
550.0,198.57142857142858,1611.4285714285716,7.159949416921607,6655248.04912433
550.0,198.57142857142858,1777.1428571428573,7.063894128930675,6658878.343841753
550.0,198.57142857142858,1942.857142857143,6.977612994765233,6653378.566987053
550.0,198.57142857142858,2108.5714285714284,6.900028750268589,6641630.200244022
550.0,198.57142857142858,2274.285714285714,6.830129742014419,6625690.41262811
550.0,198.57142857142858,2440.0,6.76699981772135,6607025.057187786
550.0,198.57142857142858,2605.714285714286,6.7098262914711455,6586677.448269579
550.0,198.57142857142858,2771.4285714285716,6.657896804326947,6565388.98638212
550.0,198.57142857142858,2937.1428571428573,6.610591084211329,6543684.940401381
550.0,198.57142857142858,3102.857142857143,6.567370845106086,6521935.431221558
550.0,198.57142857142858,3268.571428571429,6.527769506052495,6500398.88411901
550.0,198.57142857142858,3434.2857142857147,6.491382544078152,6479253.103712923
550.0,198.57142857142858,3600.0,6.4578588232427565,6458617.594461328
550.0,245.71428571428572,120.0,8.35327825901318,6857295.1752858665
550.0,245.71428571428572,285.7142857142857,8.258708189495435,5885415.134285407
550.0,245.71428571428572,451.42857142857144,8.127712826455477,6068191.482712731
550.0,245.71428571428572,617.1428571428571,7.9803583308157755,6321767.771851279
550.0,245.71428571428572,782.8571428571429,7.829742283212614,6533190.736386867
550.0,245.71428571428572,948.5714285714287,7.684047828834161,6690321.610926163
550.0,245.71428571428572,1114.2857142857142,7.547696263432846,6800491.174772243
550.0,245.71428571428572,1280.0,7.42255766687855,6874172.992952252
550.0,245.71428571428572,1445.7142857142858,7.308977128630993,6920742.720556541
550.0,245.71428571428572,1611.4285714285716,7.2064810984417464,6947604.909251503
550.0,245.71428571428572,1777.1428571428573,7.114210836723944,6960319.280956088
550.0,245.71428571428572,1942.857142857143,7.031169577963446,6962966.527321165
550.0,245.71428571428572,2108.5714285714284,6.956354789832634,6958511.69795956
550.0,245.71428571428572,2274.285714285714,6.888823475541989,6949100.925615972
550.0,245.71428571428572,2440.0,6.82772001100823,6936286.36064923
550.0,245.71428571428572,2605.714285714286,6.772283835432958,6921191.100337856
550.0,245.71428571428572,2771.4285714285716,6.721846872280917,6904628.313093769
550.0,245.71428571428572,2937.1428571428573,6.675826180905428,6887186.783456523
550.0,245.71428571428572,3102.857142857143,6.633714821985033,6869292.300361303
550.0,245.71428571428572,3268.571428571429,6.595072494961808,6851251.805396955
550.0,245.71428571428572,3434.2857142857147,6.559516710751116,6833285.262114389
550.0,245.71428571428572,3600.0,6.526714827605521,6815548.767439568
550.0,292.8571428571429,120.0,8.351766704708222,7094893.681021381
550.0,292.8571428571429,285.7142857142857,8.258787490410036,6083430.457191225
550.0,292.8571428571429,451.42857142857144,8.131886060192567,6261279.183292465
550.0,292.8571428571429,617.1428571428571,7.9900196421326015,6521223.567682595
550.0,292.8571428571429,782.8571428571429,7.8454258491813,6742759.680676666
550.0,292.8571428571429,948.5714285714287,7.705694362597238,6911120.567214054
550.0,292.8571428571429,1114.2857142857142,7.574908277338552,7032483.9051799225
550.0,292.8571428571429,1280.0,7.4547852858307335,7116785.119284385
550.0,292.8571428571429,1445.7142857142858,7.345631713125689,7173167.394379972
550.0,292.8571428571429,1611.4285714285716,7.2469962448723475,7208963.725035282
550.0,292.8571428571429,1777.1428571428573,7.158070613761009,7229746.263703502
550.0,292.8571428571429,1942.857142857143,7.077918222369004,7239649.423130481
550.0,292.8571428571429,2108.5714285714284,7.005596728022607,7241709.502355579
550.0,292.8571428571429,2274.285714285714,6.9402187904645265,7238148.4575043935
550.0,292.8571428571429,2440.0,6.880978151117883,7230592.076014224
550.0,292.8571428571429,2605.714285714286,6.827157011263594,7220231.66350732
550.0,292.8571428571429,2771.4285714285716,6.778123832163335,7207941.886212526
550.0,292.8571428571429,2937.1428571428573,6.733326651448636,7194366.093057764
550.0,292.8571428571429,3102.857142857143,6.692284689192272,7179978.022623944
550.0,292.8571428571429,3268.571428571429,6.654579699935601,7165126.519210267
550.0,292.8571428571429,3434.2857142857147,6.619847789823692,7150068.057431544
550.0,292.8571428571429,3600.0,6.587772012603963,7134990.510339681
550.0,340.0,120.0,8.350509976529857,7307880.150515081
550.0,340.0,285.7142857142857,8.259027525413403,6263995.957741846
550.0,340.0,451.42857142857144,8.13576731680948,6437900.9523408925
550.0,340.0,617.1428571428571,7.99870466374994,6703807.9999505775
550.0,340.0,782.8571428571429,7.859351743333215,6934568.967373913
550.0,340.0,948.5714285714287,7.724804318072668,7113098.449748808
550.0,340.0,1114.2857142857142,7.598865033060693,7244566.745167979
550.0,340.0,1280.0,7.483124903152899,7338444.944732902
550.0,340.0,1445.7142857142858,7.377857406652581,7403678.668182842
550.0,340.0,1611.4285714285716,7.282628895138661,7447542.29300232
550.0,340.0,1777.1428571428573,7.196672349474902,7475621.274575703
550.0,340.0,1942.857142857143,7.119100725932745,7492098.43014876
550.0,340.0,2108.5714285714284,7.049021521365683,7500073.2175613595
550.0,340.0,2274.285714285714,6.985593700991345,7501834.462459009
550.0,340.0,2440.0,6.928052263397424,7499072.785759555
550.0,340.0,2605.714285714286,6.875715305767156,7493039.5407595225
550.0,340.0,2771.4285714285716,6.82798209355933,7484663.573309204
550.0,340.0,2937.1428571428573,6.784326893662098,7474636.362012375
550.0,340.0,3102.857142857143,6.74429116955308,7463474.004179071
550.0,340.0,3268.571428571429,6.707475508512484,7451562.42330391
550.0,340.0,3434.2857142857147,6.673531961687143,7439190.459985312
550.0,340.0,3600.0,6.6421570975033095,7426574.207884342
550.0,387.14285714285717,120.0,8.349449027709673,7501341.612114807
550.0,387.14285714285717,285.7142857142857,8.259366300194781,6430927.757212333
550.0,387.14285714285717,451.42857142857144,8.139370370992264,6601763.202519019
550.0,387.14285714285717,617.1428571428571,8.006558268336816,6873368.948679319
550.0,387.14285714285717,782.8571428571429,7.871820066457128,7112692.741813202
550.0,387.14285714285717,948.5714285714287,7.741832792847482,7300582.2172729615
550.0,387.14285714285717,1114.2857142857142,7.620162130169581,7441317.541002031
550.0,387.14285714285717,1280.0,7.508291929117441,7543964.798043837
550.0,387.14285714285717,1445.7142857142858,7.406467552163032,7617300.505253006
550.0,387.14285714285717,1611.4285714285716,7.31426987187209,7668551.566962242
550.0,387.14285714285717,1777.1428571428573,7.230966421789554,7703318.342719659
550.0,387.14285714285717,1942.857142857143,7.1557118965545845,7725828.693508433
550.0,387.14285714285717,2108.5714285714284,7.087655942153204,7739239.573544564
550.0,387.14285714285717,2274.285714285714,7.025996828093806,7745900.212202088
550.0,387.14285714285717,2440.0,6.9700046961873126,7747559.600874138
550.0,387.14285714285717,2605.714285714286,6.919028326336595,7745523.083171818
550.0,387.14285714285717,2771.4285714285716,6.872493404898647,7740768.206765705
550.0,387.14285714285717,2937.1428571428573,6.829896772186926,7734029.729964382
550.0,387.14285714285717,3102.857142857143,6.790799099258428,7725861.869416322
550.0,387.14285714285717,3268.571428571429,6.754817290052234,7716683.950539753
550.0,387.14285714285717,3434.2857142857147,6.7216172561077805,7706814.004188909
550.0,387.14285714285717,3600.0,6.690907352142855,7696493.608010331
550.0,434.28571428571433,120.0,8.348543139325285,7678836.410089987
550.0,434.28571428571433,285.7142857142857,8.259766618251309,6586844.458075555
550.0,434.28571428571433,451.42857142857144,8.142718317239218,6755383.229694021
550.0,434.28571428571433,617.1428571428571,8.013702635079197,7032507.47248209
550.0,434.28571428571433,782.8571428571429,7.883068898514113,7279880.052081981
550.0,434.28571428571433,948.5714285714287,7.757133754157879,7476490.7168372
550.0,434.28571428571433,1114.2857142857142,7.639259566247534,7625826.039939049
550.0,434.28571428571433,1280.0,7.530838188864333,7736595.790458698
550.0,434.28571428571433,1445.7142857142858,7.432090666347982,7817430.929888604
550.0,434.28571428571433,1611.4285714285716,7.342610110106473,7875520.4278365495
550.0,434.28571428571433,1777.1428571428573,7.261693552713549,7916481.363403133
550.0,434.28571428571433,1942.857142857143,7.188531466885683,7944584.405920211
550.0,434.28571428571433,2108.5714285714284,7.122309742892079,7963039.848845304
550.0,434.28571428571433,2274.285714285714,7.062260547764137,7974252.449979855
550.0,434.28571428571433,2440.0,7.0076844192916035,7980024.63155694
550.0,434.28571428571433,2605.714285714286,6.957956750757287,7981711.056444117
550.0,434.28571428571433,2771.4285714285716,6.9125262097892355,7980333.721329281
550.0,434.28571428571433,2937.1428571428573,6.870909326124282,7976666.877780157
550.0,434.28571428571433,3102.857142857143,6.832683570668255,7971299.5359328715
550.0,434.28571428571433,3268.571428571429,6.797480157659119,7964681.525661845
550.0,434.28571428571433,3434.2857142857147,6.764977187547556,7957157.5557498345
550.0,434.28571428571433,3600.0,6.73489340768402,7948992.514767974
550.0,481.42857142857144,120.0,8.347762985907499,7842966.085393044
550.0,481.42857142857144,285.7142857142857,8.260205137463945,6733628.865471118
550.0,481.42857142857144,451.42857142857144,8.145835845637043,6900555.575293138
550.0,481.42857142857144,617.1428571428571,8.020238521809986,7183070.772126723
550.0,481.42857142857144,782.8571428571429,7.893287109256077,7438080.447582842
550.0,481.42857142857144,948.5714285714287,7.770984188658811,7642893.5340903755
550.0,481.42857142857144,1114.2857142857142,7.656515424159132,7800283.996296843
550.0,481.42857142857144,1280.0,7.5511927079031445,7918645.951480064
550.0,481.42857142857144,1445.7142857142858,7.455215844144641,8006484.557982414
550.0,481.42857142857144,1611.4285714285716,7.368188459302782,8070959.034251633
550.0,481.42857142857144,1777.1428571428573,7.289433153957057,8117704.990870428
550.0,481.42857142857144,1942.857142857143,7.218171506544065,8151034.356905634
550.0,481.42857142857144,2108.5714285714284,7.153620998461005,8174207.597112116
550.0,481.42857142857144,2274.285714285714,7.095043414197985,8189681.196781782
550.0,481.42857142857144,2440.0,7.041765913302916,8199307.114457485
550.0,481.42857142857144,2605.714285714286,6.993187253452405,8204485.622472154
550.0,481.42857142857144,2771.4285714285716,6.948776325728881,8206279.770174818
550.0,481.42857142857144,2937.1428571428573,6.908067027174201,8205500.264609348
550.0,481.42857142857144,3102.857142857143,6.870651681644154,8202768.230477598
550.0,481.42857142857144,3268.571428571429,6.836174184349665,8198561.65983758
550.0,481.42857142857144,3434.2857142857147,6.804323461372237,8193249.901730549
550.0,481.42857142857144,3600.0,6.774827511001882,8187119.387682158
550.0,528.5714285714286,120.0,8.347086724123086,7995698.995380312
550.0,528.5714285714286,285.7142857142857,8.260666714946618,6872684.841690981
550.0,528.5714285714286,451.42857142857144,8.148746382605484,7038608.7182349935
550.0,528.5714285714286,617.1428571428571,8.026248715067291,7326422.068008333
550.0,528.5714285714286,782.8571428571429,7.902625686264958,7588731.068491702
550.0,528.5714285714286,948.5714285714287,7.783603262111164,7801316.088949396
550.0,528.5714285714286,1114.2857142857142,7.67221186661563,7966307.477670135
550.0,528.5714285714286,1280.0,7.5696931496473,8091818.169594713
550.0,528.5714285714286,1445.7142857142858,7.476228197978075,8186244.298265305
550.0,528.5714285714286,1611.4285714285716,7.391429809621416,8256722.391739312
550.0,528.5714285714286,1777.1428571428573,7.314643021180625,8308908.310410763
550.0,528.5714285714286,1942.857142857143,7.245116771930422,8347154.133755787
550.0,528.5714285714286,2108.5714285714284,7.182096389363598,8374768.010615143
550.0,528.5714285714286,2274.285714285714,7.124869817939156,8394255.110653093
550.0,528.5714285714286,2440.0,7.072787779296174,8407513.781333297
550.0,528.5714285714286,2605.714285714286,7.025269752433205,8415986.888145372
550.0,528.5714285714286,2771.4285714285716,6.981802600575105,8420775.758932665
550.0,528.5714285714286,2937.1428571428573,6.941935685824651,8422725.065473212
550.0,528.5714285714286,3102.857142857143,6.905274584533259,8422485.843203299
550.0,528.5714285714286,3268.571428571429,6.871474528774681,8420562.3136654
550.0,528.5714285714286,3434.2857142857147,6.840234141634823,8417346.780110884
550.0,528.5714285714286,3600.0,6.811289723781387,8413145.75030832
550.0,575.7142857142858,120.0,8.346497639304035,8138565.824483128
550.0,575.7142857142858,285.7142857142857,8.261141282220308,7005090.071742636
550.0,575.7142857142858,451.42857142857144,8.1514711409442,7170556.307558492
550.0,575.7142857142858,617.1428571428571,8.03180147216072,7463598.862813267
550.0,575.7142857142858,782.8571428571429,7.911206563056966,7732924.682408767
550.0,575.7142857142858,948.5714285714287,7.79516653060056,7952918.145732833
550.0,575.7142857142858,1114.2857142857142,7.68657413935029,8125125.531541997
550.0,575.7142857142858,1280.0,7.586608768143893,8257408.186436883
550.0,575.7142857142858,1445.7142857142858,7.495434876679925,8358067.633365038
550.0,575.7142857142858,1611.4285714285716,7.412673361200421,8434223.84354935
550.0,575.7142857142858,1777.1428571428573,7.33768914962417,8491554.518977985
550.0,575.7142857142858,1942.857142857143,7.269755485103955,8534451.072284946
550.0,575.7142857142858,2108.5714285714284,7.208142473764083,8566267.335537879
550.0,575.7142857142858,2274.285714285714,7.152161379381689,8589554.673172552
550.0,575.7142857142858,2440.0,7.101183964404961,8606255.226300824
550.0,575.7142857142858,2605.714285714286,7.054648244747743,8617851.953738593
550.0,575.7142857142858,2771.4285714285716,7.0120571896778205,8625482.153809935
550.0,575.7142857142858,2937.1428571428573,6.972974044960132,8630022.384164428
550.0,575.7142857142858,3102.857142857143,6.937016305005714,8632151.74638878
550.0,575.7142857142858,3268.571428571429,6.903849414733526,8632399.069716984
550.0,575.7142857142858,3434.2857142857147,6.873180747609385,8631178.193429785
550.0,575.7142857142858,3600.0,6.844754108704304,8628814.465093574
550.0,622.8571428571429,120.0,8.345982655470008,8272783.942025376
550.0,622.8571428571429,285.7142857142857,8.261622025035383,7131691.846433786
550.0,622.8571428571429,451.42857142857144,8.154028939871509,7297191.18833711
550.0,622.8571428571429,617.1428571428571,8.036953427797542,7595410.941072493
550.0,622.8571428571429,782.8571428571429,7.919129259978287,7871513.570491912
550.0,622.8571428571429,948.5714285714287,7.805816323378016,8098604.145700499
550.0,622.8571428571429,1114.2857142857142,7.69978432582914,8277696.847827213
550.0,622.8571428571429,1280.0,7.602157000343554,8416427.126777306
550.0,622.8571428571429,1445.7142857142858,7.513083930061704,8523014.404005744
550.0,622.8571428571429,1611.4285714285716,7.432193234274437,8604567.459732236
550.0,622.8571428571429,1777.1428571428573,7.358867630636262,8666787.295935856
550.0,622.8571428571429,1942.857142857143,7.29240213207504,8714104.041793063
550.0,622.8571428571429,2108.5714285714284,7.232089073353602,8749915.57018318
550.0,622.8571428571429,2274.285714285714,7.177260669967551,8776817.366790384
550.0,622.8571428571429,2440.0,7.1273076184070145,8796793.190361911
550.0,622.8571428571429,2605.714285714286,7.081684641604999,8811363.988056766
550.0,622.8571428571429,2771.4285714285716,7.039909247671123,8821701.07887425
550.0,622.8571428571429,2937.1428571428573,7.001557234569046,8828711.145323576
550.0,622.8571428571429,3102.857142857143,6.966256888389174,8833099.788821885
550.0,622.8571428571429,3268.571428571429,6.933682915718255,8835419.066128261
550.0,622.8571428571429,3434.2857142857147,6.903550637302543,8836103.143192917
550.0,622.8571428571429,3600.0,6.875610683903263,8835495.150961762
550.0,670.0,120.0,8.345531352421743,8399339.868683016
550.0,670.0,285.7142857142857,8.262104276974934,7253169.746123838
550.0,670.0,451.42857142857144,8.156436328726471,7419146.47319265
550.0,670.0,617.1428571428571,8.041751919493864,7722503.797443849
550.0,670.0,782.8571428571429,7.9264758446206525,8005176.675452054
550.0,670.0,948.5714285714287,7.815669346827719,8239094.5090214275
550.0,670.0,1114.2857142857142,7.711991352856095,8424785.184237538
550.0,670.0,1280.0,7.616515521192801,8569680.776273174
550.0,670.0,1445.7142857142858,7.529378038606915,8681929.559762547
550.0,670.0,1611.4285714285716,7.450213521744857,8768633.850687793
550.0,670.0,1777.1428571428573,7.378420718203559,8835519.280903365
550.0,670.0,1942.857142857143,7.313314282239031,8887054.221257249
550.0,670.0,2108.5714285714284,7.25420663033921,8926679.214207368
550.0,670.0,2274.285714285714,7.200448931885771,8957032.113546673
550.0,670.0,2440.0,7.151449035738042,8980136.445353316
550.0,670.0,2605.714285714286,7.106676820904667,8997549.348686071
550.0,670.0,2771.4285714285716,7.0656630031077965,9010474.494571539
550.0,670.0,2937.1428571428573,7.027994799022434,9019847.179770196
550.0,670.0,3102.857142857143,6.993310325399021,9026398.159135021
550.0,670.0,3268.571428571429,6.961292737159226,9030701.528310195
550.0,670.0,3434.2857142857147,6.931664614096395,9033210.736524355
550.0,670.0,3600.0,6.904182829737681,9034285.785129778
550.0,717.1428571428572,120.0,8.345135294919448,8519045.880835619
550.0,717.1428571428572,285.7142857142857,8.262584822892622,7370078.14587837
550.0,717.1428571428572,451.42857142857144,8.158707816840517,7536936.675105088
550.0,717.1428571428572,617.1428571428571,8.04623681362058,7845401.225099731
550.0,717.1428571428572,782.8571428571429,7.933314650992862,8134464.63624532
550.0,717.1428571428572,948.5714285714287,7.824822303673002,8374973.4497877555
550.0,717.1428571428572,1114.2857142857142,7.723318345973101,8567009.96718953
550.0,717.1428571428572,1280.0,7.629831095580482,8717822.802833268
550.0,717.1428571428572,1445.7142857142858,7.544484605689518,8835498.756438663
550.0,717.1428571428572,1611.4285714285716,7.466919379977629,8927137.871106358
550.0,717.1428571428572,1777.1428571428573,7.3965487047702,8998491.619670464
550.0,717.1428571428572,1942.857142857143,7.332705067511086,9054066.242402276
550.0,717.1428571428572,2108.5714285714284,7.274719138840815,9097343.789906152
550.0,717.1428571428572,2274.285714285714,7.2219593380189835,9131002.982737813
550.0,717.1428571428572,2440.0,7.173849143670848,9157105.521974387
550.0,717.1428571428572,2605.714285714286,7.129872262869751,9177243.18775198
550.0,717.1428571428572,2771.4285714285716,7.0895714768435445,9192650.559168812
550.0,717.1428571428572,2937.1428571428573,7.052544446618857,9204290.237389475
550.0,717.1428571428572,3102.857142857143,7.0184382918866985,9212916.961132688
550.0,717.1428571428572,3268.571428571429,6.986943914017439,9219125.83067386
550.0,717.1428571428572,3434.2857142857147,6.957790556765212,9223388.669231225
550.0,717.1428571428572,3600.0,6.930740831412399,9226081.551751655
550.0,764.2857142857143,120.0,8.344787561577169,8632580.006579762
550.0,764.2857142857143,285.7142857142857,8.263061447298355,7482875.913803736
550.0,764.2857142857143,451.42857142857144,8.160856125437842,7650986.272750901
550.0,764.2857142857143,617.1428571428571,8.050441933107434,7964534.81179382
550.0,764.2857142857143,782.8571428571429,7.939703091026842,8259830.948236808
550.0,764.2857142857143,948.5714285714287,7.833356093265254,8506722.057476992
550.0,764.2857142857143,1114.2857142857142,7.733868104238047,8704881.314165954
550.0,764.2857142857143,1280.0,7.642226160020562,8861391.615278142
550.0,764.2857142857143,1445.7142857142858,7.558543266364405,8984286.887988217
550.0,764.2857142857143,1611.4285714285716,7.482465294437955,9080668.642240731
550.0,764.2857142857143,1777.1428571428573,7.413418792543191,9156315.295465803
550.0,764.2857142857143,1942.857142857143,7.35075252996224,9215770.66103735
550.0,764.2857142857143,2108.5714285714284,7.29381386066589,9262557.301747587
550.0,764.2857142857143,2274.285714285714,7.241986986629805,9299393.504965711
550.0,764.2857142857143,2440.0,7.19470970299736,9328377.762183554
550.0,764.2857142857143,2605.714285714286,7.151478397498399,9351135.142474908
550.0,764.2857142857143,2771.4285714285716,7.111846928355725,9368929.871426264
550.0,764.2857142857143,2937.1428571428573,7.075422556149622,9382750.708170492
550.0,764.2857142857143,3102.857142857143,7.041860684601313,9393375.350009317
550.0,764.2857142857143,3268.571428571429,7.010859350848695,9401418.993859235
550.0,764.2857142857143,3434.2857142857147,6.982153943948057,9407371.037544796
550.0,764.2857142857143,3600.0,6.955512372023505,9411622.928186134
550.0,811.4285714285714,120.0,8.344482405842472,8740514.994782506
550.0,811.4285714285714,285.7142857142857,8.263532634184411,7591947.699545836
550.0,811.4285714285714,451.42857142857144,8.162892426961742,7761650.075087614
550.0,811.4285714285714,617.1428571428571,8.054396176111062,8080264.917798055
550.0,811.4285714285714,782.8571428571429,7.945689801171566,8381654.1063402165
550.0,811.4285714285714,948.5714285714287,7.841338989472777,8634741.804427424
550.0,811.4285714285714,1114.2857142857142,7.743727227652177,8838824.929237831
550.0,811.4285714285714,1280.0,7.6538037796506115,9000836.57872297
550.0,811.4285714285714,1445.7142857142858,7.57167154492144,9128765.509743242
550.0,811.4285714285714,1611.4285714285716,7.496981315222861,9229718.055255312
550.0,811.4285714285714,1777.1428571428573,7.429171797735233,9309500.584699783
550.0,811.4285714285714,1942.857142857143,7.367606700856023,9372694.24550974
550.0,811.4285714285714,2108.5714285714284,7.311648700174275,9422861.24942908
550.0,811.4285714285714,2274.285714285714,7.260696506557452,9462758.314254923
550.0,811.4285714285714,2440.0,7.214201089695093,9494519.507043157
550.0,811.4285714285714,2605.714285714286,7.171670518644918,9519801.996628104
550.0,811.4285714285714,2771.4285714285716,7.1326688663297695,9539898.54353363
550.0,811.4285714285714,2937.1428571428573,7.096812254789422,9555823.053196264
550.0,811.4285714285714,3102.857142857143,7.063763742679216,9568375.27548073
550.0,811.4285714285714,3268.571428571429,7.033227967677782,9578189.700530415
550.0,811.4285714285714,3434.2857142857147,7.004946008858905,9585772.592591524
550.0,811.4285714285714,3600.0,6.97869068354762,9591530.148830555
550.0,858.5714285714287,120.0,8.34421500683139,8843339.750935283
550.0,858.5714285714287,285.7142857142857,8.26399736322953,7697619.536463161
550.0,858.5714285714287,451.42857142857144,8.164826559254099,7869228.072906613
550.0,858.5714285714287,617.1428571428571,8.0581243971482,8192895.942529868
550.0,858.5714285714287,782.8571428571429,7.951316298520165,8500253.708185082
550.0,858.5714285714287,948.5714285714287,7.848829073965977,8759371.640865296
550.0,858.5714285714287,1114.2857142857142,7.752969267845933,8969200.21342417
550.0,858.5714285714287,1280.0,7.664651428667916,9136537.094611786
550.0,858.5714285714287,1445.7142857142858,7.58396917064966,9269332.809146611
550.0,858.5714285714287,1611.4285714285716,7.510577818202694,9374701.541268617
550.0,858.5714285714287,1777.1428571428573,7.443927276630777,9458478.534215301
550.0,858.5714285714287,1942.857142857143,7.383395022221787,9525282.074407244
550.0,858.5714285714287,2108.5714285714284,7.328357862738552,9578713.267337764
550.0,858.5714285714287,2274.285714285714,7.278227903710458,9621566.259471824
550.0,858.5714285714287,2440.0,7.232468289064031,9656009.619019518
550.0,858.5714285714287,2605.714285714286,7.190597892575583,9683731.56070105
550.0,858.5714285714287,2771.4285714285716,7.152190244380888,9706052.393323777
550.0,858.5714285714287,2937.1428571428573,7.116869678667503,9724010.269405788
550.0,858.5714285714287,3102.857142857143,7.084306354808767,9738426.185055003
550.0,858.5714285714287,3268.571428571429,7.054211038832621,9749953.207808053
550.0,858.5714285714287,3434.2857142857147,7.026330097597059,9759113.836654468
550.0,858.5714285714287,3600.0,7.000440914674449,9766328.463306114
550.0,905.7142857142858,120.0,8.343981282802282,8941475.497727066
550.0,905.7142857142858,285.7142857142857,8.264454968891146,7800170.500135309
550.0,905.7142857142858,451.42857142857144,8.166667211759192,7973976.4870802695
550.0,905.7142857142858,617.1428571428571,8.061648105786922,8302687.660404052
550.0,905.7142857142858,782.8571428571429,7.956618271817269,8615902.403811252
550.0,905.7142857142858,948.5714285714287,7.855876120850555,8880900.680584732
550.0,905.7142857142858,1114.2857142857142,7.761657161832082,9096313.707828505
550.0,905.7142857142858,1280.0,7.674843908004213,9268816.769998655
550.0,905.7142857142858,1445.7142857142858,7.595521409112422,9406328.44422161
550.0,905.7142857142858,1611.4285714285716,7.523349182757101,9515973.512207638
550.0,905.7142857142858,1777.1428571428573,7.4577874895619,9603616.936735565
550.0,905.7142857142858,1942.857142857143,7.3982265449372635,9673913.98244087
550.0,905.7142857142858,2108.5714285714284,7.34405624274495,9730503.982454663
550.0,905.7142857142858,2274.285714285714,7.294701102007846,9776217.62227153
550.0,905.7142857142858,2440.0,7.249635558901708,9813257.014355041
550.0,905.7142857142858,2605.714285714286,7.208388517994202,9843340.478990654
550.0,905.7142857142858,2771.4285714285716,7.170542296999355,9867814.991682554
550.0,905.7142857142858,2937.1428571428573,7.135728867494639,9887742.147586526
550.0,905.7142857142858,3102.857142857143,7.103624998348837,9903963.466920411
550.0,905.7142857142858,3268.571428571429,7.073947164873658,9917149.952853642
550.0,905.7142857142858,3434.2857142857147,7.046446664271497,9927839.772246053
550.0,905.7142857142858,3600.0,7.020905141209363,9936467.012371503
550.0,952.8571428571429,120.0,8.343777749239608,9035288.160626682
550.0,952.8571428571429,285.7142857142857,8.264905041436386,7899841.570249743
550.0,952.8571428571429,451.42857142857144,8.16842208505501,8076116.13277963
550.0,952.8571428571429,617.1428571428571,8.064986024720238,8409863.788599677
550.0,952.8571428571429,782.8571428571429,7.96162659792235,8728834.922608556
550.0,952.8571428571429,948.5714285714287,7.862523072242845,8999577.783921612
550.0,952.8571428571429,1114.2857142857142,7.76984513299452,9220429.251553232
550.0,952.8571428571429,1280.0,7.68444562245213,9397954.128464025
550.0,952.8571428571429,1445.7142857142858,7.606401662218946,9540044.765583176
550.0,952.8571428571429,1611.4285714285716,7.535376663911642,9653839.044153426
550.0,952.8571428571429,1777.1428571428573,7.4708404993612065,9745232.42473349
550.0,952.8571428571429,1942.857142857143,7.412195213779058,9818917.01654758
550.0,952.8571428571429,2108.5714285714284,7.358842861466636,9878569.788577173
550.0,952.8571428571429,2274.285714285714,7.310219505711248,9927057.170072002
550.0,952.8571428571429,2440.0,7.2658100926499,9966613.960152276
550.0,952.8571428571429,2605.714285714286,7.225152870376525,9998987.740567895
550.0,952.8571428571429,2771.4285714285716,7.187838348815818,10025551.361147964
550.0,952.8571428571429,2937.1428571428573,7.153505625305691,10047389.135863485
550.0,952.8571428571429,3102.857142857143,7.1218376404154595,10065362.458634946
550.0,952.8571428571429,3268.571428571429,7.092556204808092,10080159.689706445
550.0,952.8571428571429,3434.2857142857147,7.065417226708066,10092334.152306177
550.0,952.8571428571429,3600.0,7.040206338945086,10102333.17863971
550.0,1000.0,120.0,8.343601409313369,9125097.999931114
550.0,1000.0,285.7142857142857,8.265347356480355,7996842.469868203
550.0,1000.0,451.42857142857144,8.170098026564276,8175838.851135638
550.0,1000.0,617.1428571428571,8.068154538846077,8514618.56556938
550.0,1000.0,782.8571428571429,7.966368149723781,8839255.0012044
550.0,1000.0,948.5714285714287,7.868807205345524,9115618.912470352
550.0,1000.0,1114.2857142857142,7.7775801914339295,9341775.779565785
550.0,1000.0,1280.0,7.693512376505381,9524190.835458683
550.0,1000.0,1445.7142857142858,7.616673518757832,9670735.437870499
550.0,1000.0,1611.4285714285716,7.546730658476175,9788562.857171537
550.0,1000.0,1777.1428571428573,7.483162617883726,9883599.769958917
550.0,1000.0,1942.857142857143,7.425382463671718,9960575.018193569
550.0,1000.0,2108.5714285714284,7.372803586897318,10023202.677569507
550.0,1000.0,2274.285714285714,7.324872820819979,10074384.205982912
550.0,1000.0,2440.0,7.281084923930987,10116386.316282688
550.0,1000.0,2605.714285714286,7.240986874301978,10150985.089817706
550.0,1000.0,2771.4285714285716,7.204176841968141,10179578.534760946
550.0,1000.0,2937.1428571428573,7.170300592257529,10203273.029219422
550.0,1000.0,3102.857142857143,7.1390468452965905,10222949.252011895
550.0,1000.0,3268.571428571429,7.110142411789492,10239312.39625373
550.0,1000.0,3434.2857142857147,7.0833475243288255,10252930.477719156
550.0,1000.0,3600.0,7.058451558631613,10264263.664601492
585.7142857142858,10.0,120.0,8.368650366802592,5001086.311133632
585.7142857142858,10.0,285.7142857142857,8.266681444249325,4341901.238290109
585.7142857142858,10.0,451.42857142857144,8.103573177352523,4519851.7760099955
585.7142857142858,10.0,617.1428571428571,7.909102209949157,4678125.920108628
585.7142857142858,10.0,782.8571428571429,7.7064392764570755,4765110.841277404
585.7142857142858,10.0,948.5714285714287,7.511165827767632,4791254.40961147
585.7142857142858,10.0,1114.2857142857142,7.331693185894769,4774743.498890598
585.7142857142858,10.0,1280.0,7.17128602027472,4731295.5029162485
585.7142857142858,10.0,1445.7142857142858,7.030161993064386,4672356.473992809
585.7142857142858,10.0,1611.4285714285716,6.907001633261812,4605620.144343676
585.7142857142858,10.0,1777.1428571428573,6.799862232042575,4536010.039671475
585.7142857142858,10.0,1942.857142857143,6.706671954118354,4466555.23240095
585.7142857142858,10.0,2108.5714285714284,6.625469575938563,4399040.834327925
585.7142857142858,10.0,2274.285714285714,6.554503120306531,4334455.229872871
585.7142857142858,10.0,2440.0,6.492255553392719,4273285.948911791
585.7142857142858,10.0,2605.714285714286,6.437435720997636,4215711.391752278
585.7142857142858,10.0,2771.4285714285716,6.388954833309997,4161723.576795363
585.7142857142858,10.0,2937.1428571428573,6.345898776349525,4111206.0791217126
585.7142857142858,10.0,3102.857142857143,6.307501115223558,4063983.141679861
585.7142857142858,10.0,3268.571428571429,6.273118831014052,4019850.3288587676
585.7142857142858,10.0,3434.2857142857147,6.242211417329866,3978593.391652964
585.7142857142858,10.0,3600.0,6.214323293222098,3939999.6192355626
585.7142857142858,57.142857142857146,120.0,8.360143173531426,5885441.947757105
585.7142857142858,57.142857142857146,285.7142857142857,8.255879723064707,5080635.492882632
585.7142857142858,57.142857142857146,451.42857142857144,8.097980860376536,5272826.403719975
585.7142857142858,57.142857142857146,617.1428571428571,7.9133218947811805,5480636.327531291
585.7142857142858,57.142857142857146,782.8571428571429,7.721467501370862,5625440.790760227
585.7142857142858,57.142857142857146,948.5714285714287,7.535336613145091,5708694.086615936
585.7142857142858,57.142857142857146,1114.2857142857142,7.3620457765784915,5744744.709586031
585.7142857142858,57.142857142857146,1280.0,7.204600445711296,5747808.040643258
585.7142857142858,57.142857142857146,1445.7142857142858,7.063527985119479,5729065.904311959
585.7142857142858,57.142857142857146,1611.4285714285716,6.938043785329309,5696579.421085626
585.7142857142858,57.142857142857146,1777.1428571428573,6.826770340575364,5655914.836282659
585.7142857142858,57.142857142857146,1942.857142857143,6.72814161591211,5610820.104524257
585.7142857142858,57.142857142857146,2108.5714285714284,6.640612800445133,5563773.710723464
585.7142857142858,57.142857142857146,2274.285714285714,6.5627581760304805,5516386.975870357
585.7142857142858,57.142857142857146,2440.0,6.49330801333919,5469685.769957013
585.7142857142858,57.142857142857146,2605.714285714286,6.43115399861784,5424303.446224519
585.7142857142858,57.142857142857146,2771.4285714285716,6.3753396247510485,5380611.580460332
585.7142857142858,57.142857142857146,2937.1428571428573,6.325044394327383,5338808.163205157
585.7142857142858,57.142857142857146,3102.857142857143,6.279566413604044,5298977.005118358
585.7142857142858,57.142857142857146,3268.571428571429,6.238305609746377,5261127.746751174
585.7142857142858,57.142857142857146,3434.2857142857147,6.200748543741076,5225222.805464685
585.7142857142858,57.142857142857146,3600.0,6.166455135167164,5191195.510321905
585.7142857142858,104.28571428571429,120.0,8.356069334700086,6379543.504482406
585.7142857142858,104.28571428571429,285.7142857142857,8.253462933617449,5484497.537242962
585.7142857142858,104.28571428571429,451.42857142857144,8.10321954581265,5672017.279487312
585.7142857142858,104.28571428571429,617.1428571428571,7.929982758417741,5898320.399827971
585.7142857142858,104.28571428571429,782.8571428571429,7.750974135404167,6068963.054006938
585.7142857142858,104.28571428571429,948.5714285714287,7.57736034284073,6179839.903075071
585.7142857142858,104.28571428571429,1114.2857142857142,7.4152706780755135,6242739.454340374
585.7142857142858,104.28571428571429,1280.0,7.267316631047971,6270669.209463154
585.7142857142858,104.28571428571429,1445.7142857142858,7.13399089186789,6274333.108371218
585.7142857142858,104.28571428571429,1611.4285714285716,7.014654514412794,6261714.292657112
585.7142857142858,104.28571428571429,1777.1428571428573,6.908145807937612,6238507.044716996
585.7142857142858,104.28571428571429,1942.857142857143,6.813125467198719,6208680.307696107
585.7142857142858,104.28571428571429,2108.5714285714284,6.728258410933663,6174963.33329392
585.7142857142858,104.28571428571429,2274.285714285714,6.652301037810604,6139214.8360606
585.7142857142858,104.28571428571429,2440.0,6.584136266762742,6102688.939085088
585.7142857142858,104.28571428571429,2605.714285714286,6.5227810929208125,6066221.993991807
585.7142857142858,104.28571428571429,2771.4285714285716,6.467380594093463,6030362.302229817
585.7142857142858,104.28571428571429,2937.1428571428573,6.417196010902564,5995459.786905924
585.7142857142858,104.28571428571429,3102.857142857143,6.371590933955929,5961727.941162348
585.7142857142858,104.28571428571429,3268.571428571429,6.330017630676683,5929286.68327777
585.7142857142858,104.28571428571429,3434.2857142857147,6.292004450796385,5898192.0701141395
585.7142857142858,104.28571428571429,3600.0,6.25714466632099,5868456.947846029
585.7142857142858,151.42857142857144,120.0,8.353351096225232,6749867.777039346
585.7142857142858,151.42857142857144,285.7142857142857,8.252810140265769,5789218.498645899
585.7142857142858,151.42857142857144,451.42857142857144,8.109207213335148,5971010.321810919
585.7142857142858,151.42857142857144,617.1428571428571,7.945375025508948,6209493.555852083
585.7142857142858,151.42857142857144,782.8571428571429,7.776844722041518,6398257.778541046
585.7142857142858,151.42857142857144,948.5714285714287,7.613549682325578,6528950.542223289
585.7142857142858,151.42857142857144,1114.2857142857142,7.460914893094889,6611407.014207004
585.7142857142858,151.42857142857144,1280.0,7.321250503135744,6657695.999561905
585.7142857142858,151.42857142857144,1445.7142857142858,7.194994527188992,6678121.192273451
585.7142857142858,151.42857142857144,1611.4285714285716,7.081581835680507,6680560.609151414
585.7142857142858,151.42857142857144,1777.1428571428573,6.97997950576725,6670759.072085786
585.7142857142858,151.42857142857144,1942.857142857143,6.888991295879027,6652810.810560753
585.7142857142858,151.42857142857144,2108.5714285714284,6.807419278464079,6629599.334373272
585.7142857142858,151.42857142857144,2274.285714285714,6.734142460326895,6603141.817466108
585.7142857142858,151.42857142857144,2440.0,6.668149277016579,6574842.537894053
585.7142857142858,151.42857142857144,2605.714285714286,6.6085455640053965,6545674.146095578
585.7142857142858,151.42857142857144,2771.4285714285716,6.554550247916319,6516305.637235187
585.7142857142858,151.42857142857144,2937.1428571428573,6.505485511253707,6487192.249866761
585.7142857142858,151.42857142857144,3102.857142857143,6.460765045028407,6458638.582214036
585.7142857142858,151.42857142857144,3268.571428571429,6.41988224132031,6430842.98618529
585.7142857142858,151.42857142857144,3434.2857142857147,6.382399205448808,6403928.888510992
585.7142857142858,151.42857142857144,3600.0,6.347936942467431,6377966.967439739
585.7142857142858,198.57142857142858,120.0,8.351343976095206,7052758.645635732
585.7142857142858,198.57142857142858,285.7142857142857,8.252841301554703,6042090.681123452
585.7142857142858,198.57142857142858,451.42857142857144,8.114906225412092,6218905.233878681
585.7142857142858,198.57142857142858,617.1428571428571,7.958856749015055,6467036.737157615
585.7142857142858,198.57142857142858,782.8571428571429,7.7989251371433985,6670350.296390832
585.7142857142858,198.57142857142858,948.5714285714287,7.64411759156276,6817029.267972843
585.7142857142858,198.57142857142858,1114.2857142857142,7.499329203115031,6915331.437937018
585.7142857142858,198.57142857142858,1280.0,7.366637757064294,6976570.21699212
585.7142857142858,198.57142857142858,1445.7142857142858,7.246431252133176,7010722.269455935
585.7142857142858,198.57142857142858,1611.4285714285716,7.138190940793864,7025571.294710627
585.7142857142858,198.57142857142858,1777.1428571428573,7.040973093834804,7026890.882533388
585.7142857142858,198.57142857142858,1942.857142857143,6.95368350568995,7018864.195632608
585.7142857142858,198.57142857142858,2108.5714285714284,6.875223884109608,7004488.264445335
585.7142857142858,198.57142857142858,2274.285714285714,6.8045636444832125,6985898.945545081
585.7142857142858,198.57142857142858,2440.0,6.740770087436641,6964614.3516117055
585.7142857142858,198.57142857142858,2605.714285714286,6.683016310384915,6941711.479404166
585.7142857142858,198.57142857142858,2771.4285714285716,6.630577860215518,6917952.516210455
585.7142857142858,198.57142857142858,2937.1428571428573,6.582824231094319,6893874.652239183
585.7142857142858,198.57142857142858,3102.857142857143,6.539208498213534,6869853.892682474
585.7142857142858,198.57142857142858,3268.571428571429,6.499256791491704,6846150.483486183
585.7142857142858,198.57142857142858,3434.2857142857147,6.462558432382765,6822941.358342085
585.7142857142858,198.57142857142858,3600.0,6.428757077635504,6800343.4105249625
585.7142857142858,245.71428571428572,120.0,8.3497825126913,7311744.217739398
585.7142857142858,245.71428571428572,285.7142857142857,8.253192563847707,6262165.712885049
585.7142857142858,245.71428571428572,451.42857142857144,8.120143249378108,6435027.69475618
585.7142857142858,245.71428571428572,617.1428571428571,7.970657177652525,6691513.021946095
585.7142857142858,245.71428571428572,782.8571428571429,7.8179269726016685,6907299.447835171
585.7142857142858,245.71428571428572,948.5714285714287,7.670229934987583,7067645.54528644
585.7142857142858,245.71428571428572,1114.2857142857142,7.532045481049019,7179492.193560138
585.7142857142858,245.71428571428572,1280.0,7.4052670028150605,7253528.346197974
585.7142857142858,245.71428571428572,1445.7142857142858,7.290239704424147,7299461.337850354
585.7142857142858,245.71428571428572,1611.4285714285716,7.186477480781748,7324996.383300496
585.7142857142858,245.71428571428572,1777.1428571428573,7.093103447222332,7335929.11291636
585.7142857142858,245.71428571428572,1942.857142857143,7.009101238521591,7336514.011086068
585.7142857142858,245.71428571428572,2108.5714285714284,6.9334494371305215,7329839.867464723
585.7142857142858,245.71428571428572,2274.285714285714,6.86518786941054,7318138.9681661045
585.7142857142858,245.71428571428572,2440.0,6.803445783942653,7303022.343960919
585.7142857142858,245.71428571428572,2605.714285714286,6.747449545096266,7285652.544052301
585.7142857142858,245.71428571428572,2771.4285714285716,6.69651989794865,7266868.496628689
585.7142857142858,245.71428571428572,2937.1428571428573,6.650064402264236,7247275.166201973
585.7142857142858,245.71428571428572,3102.857142857143,6.607568069144998,7227307.860248973
585.7142857142858,245.71428571428572,3268.571428571429,6.568583782787803,7207278.438150479
585.7142857142858,245.71428571428572,3434.2857142857147,6.532723280707606,7187408.632127585
585.7142857142858,245.71428571428572,3600.0,6.499649023038997,7167854.180055699
585.7142857142858,292.8571428571429,120.0,8.348528247841283,7539291.785266577
585.7142857142858,292.8571428571429,285.7142857142857,8.253706492360564,6459254.859453055
585.7142857142858,292.8571428571429,451.42857142857144,8.124921440857515,6629156.956059273
585.7142857142858,292.8571428571429,617.1428571428571,7.981068449178151,6893236.450945682
585.7142857142858,292.8571428571429,782.8571428571429,7.83448343356383,7120129.281750245
585.7142857142858,292.8571428571429,948.5714285714287,7.692851947210141,7292570.171876433
585.7142857142858,292.8571428571429,1114.2857142857142,7.560316917461845,7416375.7468026765
585.7142857142858,292.8571428571429,1280.0,7.438621538546674,7501708.368073937
585.7142857142858,292.8571428571429,1445.7142857142858,7.3280746886422365,7558051.1182399485
585.7142857142858,292.8571428571429,1611.4285714285716,7.228214889677576,7593045.657128341
585.7142857142858,292.8571428571429,1777.1428571428573,7.138217888036966,7612508.104459231
585.7142857142858,292.8571428571429,1942.857142857143,7.057129337183198,7620754.463775656
585.7142857142858,292.8571428571429,2108.5714285714284,6.983989544975967,7620952.011637054
585.7142857142858,292.8571428571429,2274.285714285714,6.917895243254346,7615415.367783437
585.7142857142858,292.8571428571429,2440.0,6.858026049305462,7605834.931420123
585.7142857142858,292.8571428571429,2605.714285714286,6.803651889563749,7593446.434640783
585.7142857142858,292.8571428571429,2771.4285714285716,6.754130682378001,7579154.58259508
585.7142857142858,292.8571428571429,2937.1428571428573,6.708901469763159,7563622.5657445025
585.7142857142858,292.8571428571429,3102.857142857143,6.667475821831833,7547336.765893308
585.7142857142858,292.8571428571429,3268.571428571429,6.629428994992354,7530653.609334076
585.7142857142858,292.8571428571429,3434.2857142857147,6.59439157396487,7513833.6118726535
585.7142857142858,292.8571428571429,3600.0,6.562041914921091,7497066.228486403
585.7142857142858,340.0,120.0,8.347498929519968,7742935.788145161
585.7142857142858,340.0,285.7142857142857,8.25430507543065,6639149.490319058
585.7142857142858,340.0,451.42857142857144,8.129284683812497,6806986.412640368
585.7142857142858,340.0,617.1428571428571,7.990338226533998,7078171.819371413
585.7142857142858,340.0,782.8571428571429,7.84907995457936,7315198.39224501
585.7142857142858,340.0,948.5714285714287,7.712703195634625,7498589.665822758
585.7142857142858,340.0,1114.2857142857142,7.585071800548176,7633186.941620129
585.7142857142858,340.0,1280.0,7.467803939483332,7728701.808987236
585.7142857142858,340.0,1445.7142857142858,7.361177475376524,7794428.840929589
585.7142857142858,340.0,1611.4285714285716,7.264750397084394,7837959.103663899
585.7142857142858,340.0,1777.1428571428573,7.1777413294834735,7865129.630524448
585.7142857142858,340.0,1942.857142857143,7.0992468790068814,7880311.957602345
585.7142857142858,340.0,2108.5714285714284,7.028358353874249,7886743.018977344
585.7142857142858,340.0,2274.285714285714,6.96421973375743,7886810.091681691
585.7142857142858,340.0,2440.0,6.906052647660308,7882273.475316315
585.7142857142858,340.0,2605.714285714286,6.853163516933812,7874433.334154651
585.7142857142858,340.0,2771.4285714285716,6.804941537198934,7864252.318968921
585.7142857142858,340.0,2937.1428571428573,6.7608523522247035,7852444.970755191
585.7142857142858,340.0,3102.857142857143,6.720430068361485,7839542.779000625
585.7142857142858,340.0,3268.571428571429,6.683269004781522,7825941.594311335
585.7142857142858,340.0,3434.2857142857147,6.64901587182585,7811936.300458323
585.7142857142858,340.0,3600.0,6.617362682127376,7797746.2846381385
585.7142857142858,387.14285714285717,120.0,8.346641416376388,7927632.77049232
585.7142857142858,387.14285714285717,285.7142857142857,8.254946265389929,6805584.710870259
585.7142857142858,387.14285714285717,451.42857142857144,8.133282718029122,6972147.523245185
585.7142857142858,387.14285714285717,617.1428571428571,7.998662808209346,7250104.044712217
585.7142857142858,387.14285714285717,782.8571428571429,7.862082250848166,7496533.621412955
585.7142857142858,387.14285714285717,948.5714285714287,7.7303170412937865,7690000.773178964
585.7142857142858,387.14285714285717,1114.2857142857142,7.606995074327367,7834490.396634423
585.7142857142858,387.14285714285717,1280.0,7.493628577671587,7939323.745647373
585.7142857142858,387.14285714285717,1445.7142857142858,7.3904686861684805,8013635.746449432
585.7142857142858,387.14285714285717,1611.4285714285716,7.297089297599561,8064977.89949083
585.7142857142858,387.14285714285717,1777.1428571428573,7.212744859161998,8099209.338208563
585.7142857142858,387.14285714285717,1942.857142857143,7.136574812340201,8120753.219393386
585.7142857142858,387.14285714285717,2108.5714285714284,7.0677135276069905,8132909.886634644
585.7142857142858,387.14285714285717,2274.285714285714,7.005345031407398,8138132.244953338
585.7142857142858,387.14285714285717,2440.0,6.948726690501614,8138243.517234341
585.7142857142858,387.14285714285717,2605.714285714286,6.897196080301922,8134601.78793392
585.7142857142858,387.14285714285717,2771.4285714285716,6.850169188586561,8128221.781102278
585.7142857142858,387.14285714285717,2937.1428571428573,6.80713452372914,8119864.199781828
585.7142857142858,387.14285714285717,3102.857142857143,6.767645627361743,8110101.113224088
585.7142857142858,387.14285714285717,3268.571428571429,6.731313312982285,8099363.874012914
585.7142857142858,387.14285714285717,3434.2857142857147,6.6977982896737265,8087978.350293454
585.7142857142858,387.14285714285717,3600.0,6.666804463860744,8076190.948532554
585.7142857142858,434.28571428571433,120.0,8.34591928388839,8096844.138390912
585.7142857142858,434.28571428571433,285.7142857142857,8.255606124244784,6961125.159757276
585.7142857142858,434.28571428571433,451.42857142857144,8.13696154291733,7127111.33398623
585.7142857142858,434.28571428571433,617.1428571428571,8.006196252517256,7411598.080082485
585.7142857142858,434.28571428571433,782.8571428571429,7.873768313243808,7666859.7338639
585.7142857142858,434.28571428571433,948.5714285714287,7.7460943876787915,7869710.386592596
585.7142857142858,434.28571428571433,1114.2857142857142,7.626599730581828,8023375.887896846
585.7142857142858,434.28571428571433,1280.0,7.516705457484096,8136836.452270477
585.7142857142858,434.28571428571433,1445.7142857142858,7.4166394444043044,8219091.075365222
585.7142857142858,434.28571428571433,1611.4285714285716,7.3259889179541435,8277661.058779674
585.7142857142858,434.28571428571433,1777.1428571428573,7.2440388377720675,8318429.08159687
585.7142857142858,434.28571428571433,1942.857142857143,7.169965307554703,8345867.228779304
585.7142857142858,434.28571428571433,2108.5714285714284,7.102939682896107,8363334.622711722
585.7142857142858,434.28571428571433,2274.285714285714,7.042180492575429,8373344.470526763
585.7142857142858,434.28571428571433,2440.0,6.986975984747016,8377777.569971971
585.7142857142858,434.28571428571433,2605.714285714286,6.936690733409603,8378044.894121603
585.7142857142858,434.28571428571433,2771.4285714285716,6.890764010965821,8375208.675030065
585.7142857142858,434.28571428571433,2937.1428571428573,6.8487042528263995,8370071.723337385
585.7142857142858,434.28571428571433,3102.857142857143,6.810081985843418,8363243.133746235
585.7142857142858,434.28571428571433,3268.571428571429,6.774522477938827,8355186.669213458
585.7142857142858,434.28571428571433,3434.2857142857147,6.741698738794993,8346256.505156546
585.7142857142858,434.28571428571433,3600.0,6.7113251537041405,8336723.754371756
585.7142857142858,481.42857142857144,120.0,8.345306440302677,8253097.230191748
585.7142857142858,481.42857142857144,285.7142857142857,8.256270540354581,7107616.224084652
585.7142857142858,481.42857142857144,451.42857142857144,8.14036120223488,7273642.685084546
585.7142857142858,481.42857142857144,617.1428571428571,8.013060178997025,7564479.835770283
585.7142857142858,481.42857142857144,782.8571428571429,7.884352688628823,7828114.08889366
585.7142857142858,481.42857142857144,948.5714285714287,7.76034203347092,8039785.084323665
585.7142857142858,481.42857142857144,1114.2857142857142,7.644277172604222,8202040.939325613
585.7142857142858,481.42857142857144,1280.0,7.53749988284664,8323561.808137172
585.7142857142858,481.42857142857144,1445.7142857142858,7.440217612971525,8413230.549923154
585.7142857142858,481.42857142857144,1611.4285714285716,7.352028974185032,8478546.261830194
585.7142857142858,481.42857142857144,1777.1428571428573,7.272245319590181,8525416.65505429
585.7142857142858,481.42857142857144,1942.857142857143,7.20007458783692,8558360.81098213
585.7142857142858,481.42857142857144,2108.5714285714284,7.13472034170943,8580793.073163543
585.7142857142858,481.42857142857144,2274.285714285714,7.07543123321184,8595282.782220606
585.7142857142858,481.42857142857144,2440.0,7.021522539754804,8603764.08397762
585.7142857142858,481.42857142857144,2605.714285714286,6.972382523951899,8607696.837855693
585.7142857142858,481.42857142857144,2771.4285714285716,6.92747093739748,8608187.13421438
585.7142857142858,481.42857142857144,2937.1428571428573,6.886313783270032,8606076.63621427
585.7142857142858,481.42857142857144,3102.857142857143,6.848496597744853,8602008.599774836
585.7142857142858,481.42857142857144,3268.571428571429,6.813657451183256,8596476.698379947
585.7142857142858,481.42857142857144,3434.2857142857147,6.781480272855632,8589861.243202658
585.7142857142858,481.42857142857144,3600.0,6.751688771332192,8582456.171674944
585.7142857142858,528.5714285714286,120.0,8.344783544188834,8398302.261293648
585.7142857142858,528.5714285714286,285.7142857142857,8.256931034565508,7246435.010253732
585.7142857142858,528.5714285714286,451.42857142857144,8.143515838338452,7413050.42535863
585.7142857142858,528.5714285714286,617.1428571428571,8.019351623999999,7710099.849585522
585.7142857142858,528.5714285714286,782.8571428571429,7.894003636534236,7981728.276737291
585.7142857142858,528.5714285714286,948.5714285714287,7.773298965017588,8201751.756126732
585.7142857142858,528.5714285714286,1114.2857142857142,7.660331510516895,8372109.711716691
585.7142857142858,528.5714285714286,1280.0,7.556373228621011,8501216.849179335
585.7142857142858,528.5714285714286,1445.7142857142858,7.461613475973128,8597856.641361205
585.7142857142858,528.5714285714286,1611.4285714285716,7.375660738392632,8669512.852630671
585.7142857142858,528.5714285714286,1777.1428571428573,7.297849488908556,8722119.659189623
585.7142857142858,528.5714285714286,1942.857142857143,7.227415639915765,8760241.70505085
585.7142857142858,528.5714285714286,2108.5714285714284,7.16359112296606,8787345.742220674
585.7142857142858,528.5714285714286,2274.285714285714,7.105651181977795,8806053.89649168
585.7142857142858,528.5714285714286,2440.0,7.052935006181495,8818350.23938555
585.7142857142858,528.5714285714286,2605.714285714286,7.00485185880916,8825740.258584265
585.7142857142858,528.5714285714286,2771.4285714285716,6.960879684531742,8829370.919219142
585.7142857142858,528.5714285714286,2937.1428571428573,6.920560125148788,8830120.066607889
585.7142857142858,528.5714285714286,3102.857142857143,6.883492104935433,8828662.760783242
585.7142857142858,528.5714285714286,3268.571428571429,6.849325136561559,8825520.52262889
585.7142857142858,528.5714285714286,3434.2857142857147,6.817752927910699,8821098.00214048
585.7142857142858,528.5714285714286,3600.0,6.788507552760953,8815710.400373666
585.7142857142858,575.7142857142858,120.0,8.344335859118196,8533943.49336115
585.7142857142858,575.7142857142858,285.7142857142857,8.257582492157997,7378639.605319756
585.7142857142858,575.7142857142858,451.42857142857144,8.146454392019862,7546334.967276481
585.7142857142858,575.7142857142858,617.1428571428571,8.025148923763007,7849488.142701872
585.7142857142858,575.7142857142858,782.8571428571429,7.90285513847079,8128793.265226423
585.7142857142858,575.7142857142858,948.5714285714287,7.785154417782289,8356773.85063996
585.7142857142858,575.7142857142858,1114.2857142857142,7.675003007602187,8534820.058665456
585.7142857142858,575.7142857142858,1280.0,7.573610856620943,8671110.778771125
585.7142857142858,575.7142857142858,1445.7142857142858,7.481151175340281,8774344.445257764
585.7142857142858,575.7142857142858,1611.4285714285716,7.39724112262166,8851995.442397853
585.7142857142858,575.7142857142858,1777.1428571428573,7.321235637711557,8910025.752572816
585.7142857142858,575.7142857142858,1942.857142857143,7.252395460224898,8953044.487638665
585.7142857142858,575.7142857142858,2108.5714285714284,7.1899777511869445,8984568.531745367
585.7142857142858,575.7142857142858,2274.285714285714,7.133281449122884,9007270.049221825
585.7142857142858,575.7142857142858,2440.0,7.081667089611557,9023180.21092345
585.7142857142858,575.7142857142858,2605.714285714286,7.034562717890809,9033847.429942628
585.7142857142858,575.7142857142858,2771.4285714285716,6.991462579267866,9040457.062369507
585.7142857142858,575.7142857142858,2937.1428571428573,6.951922352556629,9043920.905931935
585.7142857142858,575.7142857142858,3102.857142857143,6.915553000240352,9044943.85135623
585.7142857142858,575.7142857142858,3268.571428571429,6.882014341493303,9044073.535410602
585.7142857142858,575.7142857142858,3434.2857142857147,6.851008907228634,9041737.435367823
585.7142857142858,575.7142857142858,3600.0,6.822276331676159,9038270.699986976
585.7142857142858,622.8571428571429,120.0,8.343951901496876,8661200.650475351
585.7142857142858,622.8571428571429,285.7142857142857,8.258221871625832,7505062.668888489
585.7142857142858,622.8571428571429,451.42857142857144,8.14920140895951,7674280.117470288
585.7142857142858,622.8571428571429,617.1428571428571,8.030516051497674,7983450.254883946
585.7142857142858,622.8571428571429,782.8571428571429,7.911015377122305,8270161.68259347
585.7142857142858,622.8571428571429,948.5714285714287,7.796060461176184,8505760.520108378
585.7142857142858,622.8571428571429,1114.2857142857142,7.688484355945729,8691139.423403045
585.7142857142858,622.8571428571429,1280.0,7.589441506182539,8834267.13317611
585.7142857142858,622.8571428571429,1445.7142857142858,7.499090614256635,8943769.46791972
585.7142857142858,622.8571428571429,1611.4285714285716,7.417056536631607,9027116.62842363
585.7142857142858,622.8571428571429,1777.1428571428573,7.3427124916587685,9090299.640901852
585.7142857142858,622.8571428571429,1942.857142857143,7.275341441638326,9137971.228861142
585.7142857142858,622.8571428571429,2108.5714285714284,7.214223170545436,9173696.53039142
585.7142857142858,622.8571428571429,2274.285714285714,7.158677899344669,9200195.455646971
585.7142857142858,622.8571428571429,2440.0,7.108085368494751,9219543.902058173
585.7142857142858,622.8571428571429,2605.714285714286,7.06189054856154,9233330.93038298
585.7142857142858,622.8571428571429,2771.4285714285716,7.0196023977525135,9242778.188247046
585.7142857142858,622.8571428571429,2937.1428571428573,6.980789284769927,9248829.536299668
585.7142857142858,622.8571428571429,3102.857142857143,6.945073072035804,9252218.019860828
585.7142857142858,622.8571428571429,3268.571428571429,6.91212292507173,9253515.917845907
585.7142857142858,622.8571428571429,3434.2857142857147,6.881649387978675,9253172.245752385
585.7142857142858,622.8571428571429,3600.0,6.85339897170035,9251540.975724697
585.7142857142858,670.0,120.0,8.343622552274773,8781029.325306969
585.7142857142858,670.0,285.7142857142857,8.258847438869843,7626372.691436414
585.7142857142858,670.0,451.42857142857144,8.151777780024215,7797512.783167739
585.7142857142858,670.0,617.1428571428571,8.035505820465799,8112629.49453477
585.7142857142858,670.0,782.8571428571429,7.918572810018865,8406514.044306163
585.7142857142858,670.0,948.5714285714287,7.806140923128026,8649437.285298625
585.7142857142858,670.0,1114.2857142857142,7.700932182542953,8841839.910411416
585.7142857142858,670.0,1280.0,7.604051004786477,8991502.972110601
585.7142857142858,670.0,1445.7142857142858,7.515642975757418,9106990.532181665
585.7142857142858,670.0,1611.4285714285716,7.435339844326185,9195773.178203132
585.7142857142858,670.0,1777.1428571428573,7.362531279931852,9263872.114846101
585.7142857142858,670.0,1942.857142857143,7.296520282713942,9315982.993826982
585.7142857142858,670.0,2108.5714285714284,7.236607067313683,9355717.632056799
585.7142857142858,670.0,2274.285714285714,7.182131103501552,9385841.743416041
585.7142857142858,670.0,2440.0,7.132489527077781,9408473.93220127
585.7142857142858,670.0,2605.714285714286,7.08714266151981,9425241.961682262
585.7142857142858,670.0,2771.4285714285716,7.045612830287406,9437401.973552737
585.7142857142858,670.0,2937.1428571428573,7.007479946012689,9445928.270097572
585.7142857142858,670.0,3102.857142857143,6.97237580062474,9451580.61019659
585.7142857142858,670.0,3268.571428571429,6.939978085605058,9454954.645540057
585.7142857142858,670.0,3434.2857142857147,6.910004664765817,9456519.817640621
585.7142857142858,670.0,3600.0,6.882208338985298,9456647.950366884
585.7142857142858,717.1428571428572,120.0,8.34334045305887,8894216.100443168
585.7142857142858,717.1428571428572,285.7142857142857,8.259458297741837,7743115.541254071
585.7142857142858,717.1428571428572,451.42857142857144,8.154201371137635,7916543.227096389
585.7142857142858,717.1428571428572,617.1428571428571,8.040162269605121,8237548.797325211
585.7142857142858,717.1428571428572,782.8571428571429,7.925600589884212,8538403.244495856
585.7142857142858,717.1428571428572,948.5714285714287,7.815497833478391,8788393.506820941
585.7142857142858,717.1428571428572,1114.2857142857142,7.712475334463397,8987548.738629287
585.7142857142858,717.1428571428572,1280.0,7.617592139876457,9143482.135290978
585.7142857142858,717.1428571428572,1445.7142857142858,7.53098191166567,9264705.575336434
585.7142857142858,717.1428571428572,1611.4285714285716,7.452282616966635,9358694.080611316
585.7142857142858,717.1428571428572,1777.1428571428573,7.380898829891633,9431500.07182774
585.7142857142858,717.1428571428572,1942.857142857143,7.316151734400982,9487861.57367579
585.7142857142858,717.1428571428572,2108.5714285714284,7.257360111194838,9531435.74256366
585.7142857142858,717.1428571428572,2274.285714285714,7.203880945559707,9565032.43028537
585.7142857142858,717.1428571428572,2440.0,7.155127223225044,9590811.208363881
585.7142857142858,717.1428571428572,2605.714285714286,7.11057327499844,9610436.86246332
585.7142857142858,717.1428571428572,2771.4285714285716,7.069753634069633,9625198.472354226
585.7142857142858,717.1428571428572,2937.1428571428573,7.032258772477613,9636099.375797853
585.7142857142858,717.1428571428572,3102.857142857143,6.997729576299153,9643924.79324895
585.7142857142858,717.1428571428572,3268.571428571429,6.965851555395878,9649292.644557834
585.7142857142858,717.1428571428572,3434.2857142857147,6.936349294006499,9652691.827934507
585.7142857142858,717.1428571428572,3600.0,6.9089813748798985,9654511.17092278
585.7142857142858,764.2857142857143,120.0,8.34309958356662,9001417.452021832
585.7142857142858,764.2857142857143,285.7142857142857,8.260054094410828,7855743.500570244
585.7142857142858,764.2857142857143,451.42857142857144,8.156487542970707,8031793.052006997
585.7142857142858,764.2857142857143,617.1428571428571,8.044522459854203,8358639.7582702385
585.7142857142858,764.2857142857143,782.8571428571429,7.93215983278464,8666285.389780361
585.7142857142858,764.2857142857143,948.5714285714287,7.824216156407026,8923115.283746976
585.7142857142858,764.2857142857143,1114.2857142857142,7.723220949845371,9128783.22010539
585.7142857142858,764.2857142857143,1280.0,7.630191890893039,9290752.186316606
585.7142857142858,764.2857142857143,1445.7142857142858,7.545251747457364,9417490.382386845
585.7142857142858,764.2857142857143,1611.4285714285716,7.468044133614287,9516480.87222248
585.7142857142858,764.2857142857143,1777.1428571428573,7.397987206167494,9593808.241258714
585.7142857142858,764.2857142857143,1942.857142857143,7.334418743710465,9654252.429153409
585.7142857142858,764.2857142857143,2108.5714285714284,7.276674491500982,9701514.779387748
585.7142857142858,764.2857142857143,2274.285714285714,7.224127458853281,9738447.837350743
585.7142857142858,764.2857142857143,2440.0,7.176205149197073,9767250.627993701
585.7142857142858,764.2857142857143,2605.714285714286,7.132394738630221,9789623.493826248
585.7142857142858,764.2857142857143,2771.4285714285716,7.092241970393208,9806887.092807705
585.7142857142858,764.2857142857143,2937.1428571428573,7.055347022683799,9820072.56718309
585.7142857142858,764.2857142857143,3102.857142857143,7.021359150479301,9829989.50129242
585.7142857142858,764.2857142857143,3268.571428571429,6.989971066635746,9837277.11329072
585.7142857142858,764.2857142857143,3434.2857142857147,6.9609135537100135,9842442.905877922
585.7142857142858,764.2857142857143,3600.0,6.933950532919623,9845891.96372631
585.7142857142858,811.4285714285714,120.0,8.342894958597492,9103187.898164421
585.7142857142858,811.4285714285714,285.7142857142857,8.260634827072485,7964636.085440362
585.7142857142858,811.4285714285714,451.42857142857144,8.158649574471253,8143615.1716341125
585.7142857142858,811.4285714285714,617.1428571428571,8.048617842580043,8476263.308272652
585.7142857142858,811.4285714285714,782.8571428571429,7.938302070817132,8790541.744235117
585.7142857142858,811.4285714285714,948.5714285714287,7.832367322122819,9054008.868217226
585.7142857142858,811.4285714285714,1114.2857142857142,7.733258979157326,9265975.66365957
585.7142857142858,811.4285714285714,1280.0,7.641956813560563,9433770.72924008
585.7142857142858,811.4285714285714,1445.7142857142858,7.558573595061473,9565826.193964845
585.7142857142858,811.4285714285714,1611.4285714285716,7.482758095345798,9669636.399071231
585.7142857142858,811.4285714285714,1777.1428571428573,7.413940913332269,9751318.96314209
585.7142857142858,811.4285714285714,1942.857142857143,7.351475047935269,9815695.357965678
585.7142857142858,811.4285714285714,2108.5714285714284,7.294711821513414,9866510.112239076
585.7142857142858,811.4285714285714,2274.285714285714,7.243038973097369,9906657.200867789
585.7142857142858,811.4285714285714,2440.0,7.195897365820938,9938373.773156634
585.7142857142858,811.4285714285714,2605.714285714286,7.152786009372786,9963394.439027265
585.7142857142858,811.4285714285714,2771.4285714285716,7.1132609853000295,9983070.236141138
585.7142857142858,811.4285714285714,2937.1428571428573,7.076931432716666,9998459.024742017
585.7142857142858,811.4285714285714,3102.857142857143,7.043454341049237,10010393.782921746
585.7142857142858,811.4285714285714,3268.571428571429,7.012529086953769,10019534.1689055
585.7142857142858,811.4285714285714,3434.2857142857147,6.983892193121221,10026405.534852847
585.7142857142858,811.4285714285714,3600.0,6.95731252951655,10031428.560387269
585.7142857142858,858.5714285714287,120.0,8.342722406043846,9200000.807784546
585.7142857142858,858.5714285714287,285.7142857142857,8.26120072128651,8070115.309447218
585.7142857142858,858.5714285714287,451.42857142857144,8.160699006773411,8252308.3899232885
585.7142857142858,858.5714285714287,617.1428571428571,8.052475314139489,8590724.781558821
585.7142857142858,858.5714285714287,782.8571428571429,7.944071118647173,8911494.71191245
585.7142857142858,858.5714285714287,948.5714285714287,7.840011901484125,9181417.718492823
585.7142857142858,858.5714285714287,1114.2857142857142,7.742665602865514,9399491.518040828
585.7142857142858,858.5714285714287,1280.0,7.652977108489748,9572924.589936255
585.7142857142858,858.5714285714287,1445.7142857142858,7.571049974286991,9710119.83972815
585.7142857142858,858.5714285714287,1611.4285714285716,7.496537706549438,9818585.803406993
585.7142857142858,858.5714285714287,1777.1428571428573,7.428882354187579,9904473.929232784
585.7142857142858,858.5714285714287,1942.857142857143,7.3674509385518725,9972646.897404023
585.7142857142858,858.5714285714287,2108.5714285714284,7.311609147804867,10026891.543011628
585.7142857142858,858.5714285714287,2274.285714285714,7.260758319002404,10070142.155000582
585.7142857142858,858.5714285714287,2440.0,7.2143516609745335,10104672.83094181
585.7142857142858,858.5714285714287,2605.714285714286,7.171899129793007,10132251.30504334
585.7142857142858,858.5714285714287,2771.4285714285716,7.132966379717249,10154257.930592835
585.7142857142858,858.5714285714287,2937.1428571428573,7.097170855327483,10171776.319941297
585.7142857142858,858.5714285714287,3102.857142857143,7.064176721684037,10185661.9814461
585.7142857142858,858.5714285714287,3268.571428571429,7.033689543645752,10196594.248653514
585.7142857142858,858.5714285714287,3434.2857142857147,7.005451179319177,10205115.6496733
585.7142857142858,858.5714285714287,3600.0,6.979235102684751,10211661.867788723
585.7142857142858,905.7142857142858,120.0,8.342578401218649,9292264.074854817
585.7142857142858,905.7142857142858,285.7142857142857,8.261752147168648,8172457.093320234
585.7142857142858,905.7142857142858,451.42857142857144,8.162645922679964,8358128.257486062
585.7142857142858,905.7142857142858,617.1428571428571,8.056118037624199,8702285.118076159
585.7142857142858,905.7142857142858,782.8571428571429,7.949504512398053,9029419.713645143
585.7142857142858,905.7142857142858,948.5714285714287,7.847201659014163,9305635.171469461
585.7142857142858,905.7142857142858,1114.2857142857142,7.751505850365502,9529642.858214295
585.7142857142858,905.7142857142858,1280.0,7.663329737732812,9708544.079930313
585.7142857142858,905.7142857142858,1445.7142857142858,7.58276835414746,9850718.717255572
585.7142857142858,905.7142857142858,1611.4285714285716,7.509479571834412,9963692.145348622
585.7142857142858,905.7142857142858,1777.1428571428573,7.442916020399247,10053650.374512995
585.7142857142858,905.7142857142858,1942.857142857143,7.38245769214166,10125497.016850898
585.7142857142858,905.7142857142858,2108.5714285714284,7.327483576215289,10183060.436832825
585.7142857142858,905.7142857142858,2274.285714285714,7.277407611492027,10229314.245906528
585.7142857142858,905.7142857142858,2440.0,7.231694458670034,10266568.441929922
585.7142857142858,905.7142857142858,2605.714285714286,7.189864237091676,10296622.86312086
585.7142857142858,905.7142857142858,2771.4285714285716,7.151491497053024,10320886.227421671
585.7142857142858,905.7142857142858,2937.1428571428573,7.116201408503089,10340467.035066329
585.7142857142858,905.7142857142858,3102.857142857143,7.083664816907874,10356242.551252829
585.7142857142858,905.7142857142858,3268.571428571429,7.053593053295278,10368911.099169642
585.7142857142858,905.7142857142858,3434.2857142857147,7.025732951581217,10379031.778419238
585.7142857142858,905.7142857142858,3600.0,6.999862283059355,10387054.744780896
585.7142857142858,952.8571428571429,120.0,8.34245994117147,9380332.1218587
585.7142857142858,952.8571428571429,285.7142857142857,8.262289563813505,8271899.940898319
585.7142857142858,952.8571428571429,451.42857142857144,8.164499174505716,8461295.298641236
585.7142857142858,952.8571428571429,617.1428571428571,8.059566089934533,8811169.34092981
585.7142857142858,952.8571428571429,782.8571428571429,7.954634632118172,9144554.170926975
585.7142857142858,952.8571428571429,948.5714285714287,7.853981148343447,9426914.028586093
585.7142857142858,952.8571428571429,1114.2857142857142,7.759835632054121,9656698.589281395
585.7142857142858,952.8571428571429,1280.0,7.6730808420209184,9840913.792481693
585.7142857142858,952.8571428571429,1445.7142857142858,7.593803900295292,9987922.134110745
585.7142857142858,952.8571428571429,1611.4285714285716,7.5216667213597805,10105268.236946318
585.7142857142858,952.8571428571429,1777.1428571428573,7.456131748842668,10199173.348515043
585.7142857142858,952.8571428571429,1942.857142857143,7.396591017140815,10274581.774548855
585.7142857142858,952.8571428571429,2108.5714285714284,7.3424358745257985,10335362.717071356
585.7142857142858,952.8571428571429,2274.285714285714,7.293091979378659,10384528.222935086
585.7142857142858,952.8571428571429,2440.0,7.248034651643605,10424423.250638397
585.7142857142858,952.8571428571429,2605.714285714286,7.206793478627119,10456878.826269401
585.7142857142858,952.8571428571429,2771.4285714285716,7.168951305114222,10483331.17751595
585.7142857142858,952.8571428571429,2937.1428571428573,7.134140510096053,10504912.914764438
585.7142857142858,952.8571428571429,3102.857142857143,7.102038178118796,10522522.36336554
585.7142857142858,952.8571428571429,3268.571428571429,7.072361029826065,10536876.217938377
585.7142857142858,952.8571428571429,3434.2857142857147,7.044860553704903,10548549.604118783
585.7142857142858,952.8571428571429,3600.0,7.019318544057841,10558006.670457017
585.7142857142858,1000.0,120.0,8.342364447943602,9464515.2280516
585.7142857142858,1000.0,285.7142857142857,8.262813481737183,8368651.637552206
585.7142857142858,1000.0,451.42857142857144,8.166266570643325,8562001.343637612
585.7142857142858,1000.0,617.1428571428571,8.062836976342266,8917573.073332379
585.7142857142858,1000.0,782.8571428571429,7.959489587032412,9257104.409550443
585.7142857142858,1000.0,948.5714285714287,7.860388966166043,9545473.922170827
585.7142857142858,1000.0,1114.2857142857142,7.767703334176223,9780892.289372053
585.7142857142858,1000.0,1280.0,7.682287637150938,9970280.903221376
585.7142857142858,1000.0,1445.7142857142858,7.604221630878612,10121990.031482365
585.7142857142858,1000.0,1611.4285714285716,7.533170986064571,10243585.747854695
585.7142857142858,1000.0,1777.1428571428573,7.468607280190429,10341325.161289424
585.7142857142858,1000.0,1942.857142857143,7.409933764506503,10420193.064223835
585.7142857142858,1000.0,2108.5714285714284,7.356553308573655,10484098.87640263
585.7142857142858,1000.0,2274.285714285714,7.3079025045231285,10536092.281802645
585.7142857142858,1000.0,2440.0,7.26346662484078,10578552.3523339
585.7142857142858,1000.0,2605.714285714286,7.222784104145679,10613340.474845655
585.7142857142858,1000.0,2771.4285714285716,7.185445544136595,10641919.614132104
585.7142857142858,1000.0,2937.1428571428573,7.151090070903953,10665445.787189204
585.7142857142858,1000.0,3102.857142857143,7.119400612786399,10684837.748742335
585.7142857142858,1000.0,3268.571428571429,7.090098942393114,10700830.004652914
585.7142857142858,1000.0,3434.2857142857147,7.062940914413035,10714013.211932318
585.7142857142858,1000.0,3600.0,7.0377120996498315,10724865.076520875
621.4285714285714,10.0,120.0,8.363057482923052,5523506.015556244
621.4285714285714,10.0,285.7142857142857,8.255082979980715,4743947.424078542
621.4285714285714,10.0,451.42857142857144,8.084456906494282,4905682.13899029
621.4285714285714,10.0,617.1428571428571,7.881800513217297,5060963.688447739
621.4285714285714,10.0,782.8571428571429,7.670902997443434,5145535.267175339
621.4285714285714,10.0,948.5714285714287,7.467799571345416,5167638.27925231
621.4285714285714,10.0,1114.2857142857142,7.281158646225823,5145565.667344473
621.4285714285714,10.0,1280.0,7.114345088994238,5095597.065980925
621.4285714285714,10.0,1445.7142857142858,6.967577808914779,5029696.823901511
621.4285714285714,10.0,1611.4285714285716,6.8394859989861745,4955929.821801033
621.4285714285714,10.0,1777.1428571428573,6.728053033609546,4879455.146801227
621.4285714285714,10.0,1942.857142857143,6.631127740779023,4803437.578399454
621.4285714285714,10.0,2108.5714285714284,6.546672963743479,4729731.084044394
621.4285714285714,10.0,2274.285714285714,6.472868120962559,4659350.603389393
621.4285714285714,10.0,2440.0,6.408136151583402,4592784.645790527
621.4285714285714,10.0,2605.714285714286,6.351134341453224,4530197.894826023
621.4285714285714,10.0,2771.4285714285716,6.300730079043914,4471560.828188006
621.4285714285714,10.0,2937.1428571428573,6.255972215691581,4416731.895392942
621.4285714285714,10.0,3102.857142857143,6.216063095853982,4365509.178910658
621.4285714285714,10.0,3268.571428571429,6.180333392258504,4317662.530779534
621.4285714285714,10.0,3434.2857142857147,6.148220407952792,4272953.255326566
621.4285714285714,10.0,3600.0,6.119249808966948,4231145.868566285
621.4285714285714,57.142857142857146,120.0,8.355492675811448,6380418.979688404
621.4285714285714,57.142857142857146,285.7142857142857,8.247582496654717,5469478.181329112
621.4285714285714,57.142857142857146,451.42857142857144,8.085735467057416,5646094.736202296
621.4285714285714,57.142857142857146,617.1428571428571,7.897055050795767,5852288.5802289285
621.4285714285714,57.142857142857146,782.8571428571429,7.70129689121173,5996909.233086288
621.4285714285714,57.142857142857146,948.5714285714287,7.511532846626828,6078827.771739404
621.4285714285714,57.142857142857146,1114.2857142857142,7.334963119695246,6112166.23635196
621.4285714285714,57.142857142857146,1280.0,7.174617431057721,6111483.685793112
621.4285714285714,57.142857142857146,1445.7142857142858,7.031010133453681,6088361.292592389
621.4285714285714,57.142857142857146,1611.4285714285716,6.903324762750289,6051180.538842595
621.4285714285714,57.142857142857146,1777.1428571428573,6.790144977790222,6005733.123829051
621.4285714285714,57.142857142857146,1942.857142857143,6.689865536066313,5955914.259781613
621.4285714285714,57.142857142857146,2108.5714285714284,6.600905274969586,5904292.795180751
621.4285714285714,57.142857142857146,2274.285714285714,6.521806262168421,5852531.432566073
621.4285714285714,57.142857142857146,2440.0,6.451270942234348,5801681.672680079
621.4285714285714,57.142857142857146,2605.714285714286,6.3881673161958705,5752385.965779887
621.4285714285714,57.142857142857146,2771.4285714285716,6.33151888008231,5705014.673529619
621.4285714285714,57.142857142857146,2937.1428571428573,6.28048832177021,5659758.382114883
621.4285714285714,57.142857142857146,3102.857142857143,6.23435962812422,5616689.99826497
621.4285714285714,57.142857142857146,3268.571428571429,6.19252086579921,5575806.492667694
621.4285714285714,57.142857142857146,3434.2857142857147,6.15444861744575,5537056.946527138
621.4285714285714,57.142857142857146,3600.0,6.119694388370573,5500361.368915336
621.4285714285714,104.28571428571429,120.0,8.3519785471545,6856114.477953225
621.4285714285714,104.28571428571429,285.7142857142857,8.246580633744612,5868123.223703258
621.4285714285714,104.28571428571429,451.42857142857144,8.093456814825965,6042382.499853847
621.4285714285714,104.28571428571429,617.1428571428571,7.9173067501880965,6268845.324962596
621.4285714285714,104.28571428571429,782.8571428571429,7.735470339052813,6441060.960389047
621.4285714285714,104.28571428571429,948.5714285714287,7.559223126597055,6552339.629815444
621.4285714285714,104.28571428571429,1114.2857142857142,7.3947569948106375,6614182.766033027
621.4285714285714,104.28571428571429,1280.0,7.244702838177034,6639895.60632036
621.4285714285714,104.28571428571429,1445.7142857142858,7.109544871816017,6640559.478275253
621.4285714285714,104.28571428571429,1611.4285714285716,6.988621306130267,6624474.2344580665
621.4285714285714,104.28571428571429,1777.1428571428573,6.880742113761976,6597566.964901637
621.4285714285714,104.28571428571429,1942.857142857143,6.784539169276374,6563966.675839415
621.4285714285714,104.28571428571429,2108.5714285714284,6.698650567259182,6526507.724069205
621.4285714285714,104.28571428571429,2274.285714285714,6.621808885726631,6487114.900974617
621.4285714285714,104.28571428571429,2440.0,6.55287644672305,6447081.615175028
621.4285714285714,104.28571428571429,2605.714285714286,6.490852708242536,6407265.517800673
621.4285714285714,104.28571428571429,2771.4285714285716,6.434867945072697,6368224.354466207
621.4285714285714,104.28571428571429,2937.1428571428573,6.384170958001339,6330309.828193486
621.4285714285714,104.28571428571429,3102.857142857143,6.338114901427748,6293732.380738109
621.4285714285714,104.28571428571429,3268.571428571429,6.296143286447112,6258605.946829681
621.4285714285714,104.28571428571429,3434.2857142857147,6.2577771061866265,6224978.930916328
621.4285714285714,104.28571428571429,3600.0,6.2226034388254945,6192855.690523308
621.4285714285714,151.42857142857144,120.0,8.349679531637875,7211509.904310357
621.4285714285714,151.42857142857144,285.7142857142857,8.246816410109263,6169915.5468209805
621.4285714285714,151.42857142857144,451.42857142857144,8.100858306396178,6340860.965041925
621.4285714285714,151.42857142857144,617.1428571428571,7.9346176711151095,6581160.049639211
621.4285714285714,151.42857142857144,782.8571428571429,7.763725538175771,6772971.96771164
621.4285714285714,151.42857142857144,948.5714285714287,7.598214298938933,6905434.335623881
621.4285714285714,151.42857142857144,1114.2857142857142,7.443568585600202,6988091.49099783
621.4285714285714,151.42857142857144,1280.0,7.3021200057832205,7033299.979304889
621.4285714285714,151.42857142857144,1445.7142857142858,7.1743028413481325,7051738.426123616
621.4285714285714,151.42857142857144,1611.4285714285716,7.059534843831289,7051606.487286158
621.4285714285714,151.42857142857144,1777.1428571428573,6.9567604634067175,7038891.251921517
621.4285714285714,151.42857142857144,1942.857142857143,6.864759849167687,7017858.464683719
621.4285714285714,151.42857142857144,2108.5714285714284,6.782312784259395,6991508.510942289
621.4285714285714,151.42857142857144,2274.285714285714,6.708278297311615,6961935.793351077
621.4285714285714,151.42857142857144,2440.0,6.641627434489739,6930593.967392349
621.4285714285714,151.42857142857144,2605.714285714286,6.581451150680732,6898485.8694310095
621.4285714285714,151.42857142857144,2771.4285714285716,6.526955762309688,6866297.635205059
621.4285714285714,151.42857142857144,2937.1428571428573,6.477452821184255,6834492.883343191
621.4285714285714,151.42857142857144,3102.857142857143,6.432347076739112,6803378.789266893
621.4285714285714,151.42857142857144,3268.571428571429,6.391124402728446,6773152.50838337
621.4285714285714,151.42857142857144,3434.2857142857147,6.353340576768521,6743933.883222404
621.4285714285714,151.42857142857144,3600.0,6.318611268515897,6715788.562650009
621.4285714285714,198.57142857142858,120.0,8.348010437062891,7501531.349795577
621.4285714285714,198.57142857142858,285.7142857142857,8.247480270356764,6420949.824977547
621.4285714285714,198.57142857142858,451.42857142857144,8.10749656323794,6589238.172396402
621.4285714285714,198.57142857142858,617.1428571428571,7.94931687137581,6840691.8643451035
621.4285714285714,198.57142857142858,782.8571428571429,7.787270293156542,7048327.4966794895
621.4285714285714,198.57142857142858,948.5714285714287,7.630460691247883,7197919.799259495
621.4285714285714,198.57142857142858,1114.2857142857142,7.483843605507093,7297453.483803704
621.4285714285714,198.57142857142858,1280.0,7.349520966341174,7358533.208860131
621.4285714285714,198.57142857142858,1445.7142857142858,7.227880697120834,7391515.02471716
621.4285714285714,198.57142857142858,1611.4285714285716,7.118390795892175,7404511.700694414
621.4285714285714,198.57142857142858,1777.1428571428573,7.020088528867591,7403548.4791768165
621.4285714285714,198.57142857142858,1942.857142857143,6.931859261573958,7392990.09014871
621.4285714285714,198.57142857142858,2108.5714285714284,6.852585101057169,7375960.248257806
621.4285714285714,198.57142857142858,2274.285714285714,6.7812177074458635,7354681.095488589
621.4285714285714,198.57142857142858,2440.0,6.7168088066839315,7330728.205628236
621.4285714285714,198.57142857142858,2605.714285714286,6.658518087180714,7305215.825925087
621.4285714285714,198.57142857142858,2771.4285714285716,6.6056096756360985,7278929.37817915
621.4285714285714,198.57142857142858,2937.1428571428573,6.557443397619393,7252419.648576196
621.4285714285714,198.57142857142858,3102.857142857143,6.513464165734125,7226069.664854106
621.4285714285714,198.57142857142858,3268.571428571429,6.473191223939456,7200142.257973993
621.4285714285714,198.57142857142858,3434.2857142857147,6.436208081039951,7174813.993494949
621.4285714285714,198.57142857142858,3600.0,6.4021534794849835,7150199.472961402
621.4285714285714,245.71428571428572,120.0,8.346732596383662,7749051.041330708
621.4285714285714,245.71428571428572,285.7142857142857,8.248313807561551,6639800.299833152
621.4285714285714,245.71428571428572,451.42857142857144,8.113412721381772,6806330.634958878
621.4285714285714,245.71428571428572,617.1428571428571,7.961967522005381,7067512.980487402
621.4285714285714,245.71428571428572,782.8571428571429,7.807269564932307,7288748.358175492
621.4285714285714,245.71428571428572,948.5714285714287,7.657694791761232,7452998.491118008
621.4285714285714,245.71428571428572,1114.2857142857142,7.5177845177005524,7566958.656664838
621.4285714285714,245.71428571428572,1280.0,7.3894585518156735,7641618.7207136145
621.4285714285714,245.71428571428572,1445.7142857142858,7.273064731236615,7687072.805677918
621.4285714285714,245.71428571428572,1611.4285714285716,7.168106426690211,7711363.385059993
621.4285714285714,245.71428571428572,1777.1428571428573,7.0736902465548495,7720546.613489794
621.4285714285714,245.71428571428572,1942.857142857143,6.988781552830513,7719067.450507488
621.4285714285714,245.71428571428572,2108.5714285714284,6.9123411239547,7710149.797071917
621.4285714285714,245.71428571428572,2274.285714285714,6.843392496168554,7696119.881504812
621.4285714285714,245.71428571428572,2440.0,6.781050522719886,7678652.970902683
621.4285714285714,245.71428571428572,2605.714285714286,6.724529101259587,7658954.7588264905
621.4285714285714,245.71428571428572,2771.4285714285716,6.673138306729152,7637892.480688941
621.4285714285714,245.71428571428572,2937.1428571428573,6.626276626530963,7616089.03530849
621.4285714285714,245.71428571428572,3102.857142857143,6.58342138326138,7593990.450484147
621.4285714285714,245.71428571428572,3268.571428571429,6.544118952603751,7571914.318302813
621.4285714285714,245.71428571428572,3434.2857142857147,6.5079755605174485,7550084.682655178
621.4285714285714,245.71428571428572,3600.0,6.474648993585408,7528657.273757552
621.4285714285714,292.8571428571429,120.0,8.345722518943996,7966163.713536387
621.4285714285714,292.8571428571429,285.7142857142857,8.24921183710616,6836039.645724496
621.4285714285714,292.8571428571429,451.42857142857144,8.118709685371591,7001682.893764692
621.4285714285714,292.8571428571429,617.1428571428571,7.973010922652599,7271724.732975136
621.4285714285714,292.8571428571429,782.8571428571429,7.824553515624232,7505080.991472215
621.4285714285714,292.8571428571429,948.5714285714287,7.68112310207072,7682305.033722016
621.4285714285714,292.8571428571429,1114.2857142857142,7.546925814704275,7809000.103232937
621.4285714285714,292.8571428571429,1280.0,7.423733004638769,7895642.238105502
621.4285714285714,292.8571428571429,1445.7142857142858,7.3118581858693945,7952110.076734831
621.4285714285714,292.8571428571429,1611.4285714285716,7.21083135511163,7986390.869754853
621.4285714285714,292.8571428571429,1777.1428571428573,7.119813571679856,8004569.566453959
621.4285714285714,292.8571428571429,1942.857142857143,7.037833780689119,8011160.647257291
621.4285714285714,292.8571428571429,2108.5714285714284,6.9639157831338165,8009473.9102489455
621.4285714285714,292.8571428571429,2274.285714285714,6.897141071988052,8001924.573716554
621.4285714285714,292.8571428571429,2440.0,6.836675709007803,7990273.12682416
621.4285714285714,292.8571428571429,2605.714285714286,6.78177781882406,7975803.521849355
621.4285714285714,292.8571428571429,2771.4285714285716,6.7317951732743175,7959453.133496944
621.4285714285714,292.8571428571429,2937.1428571428573,6.686158153102911,7941906.816005054
621.4285714285714,292.8571428571429,3102.857142857143,6.644370962137311,7923664.8513867995
621.4285714285714,292.8571428571429,3268.571428571429,6.606002600642267,7905092.107598717
621.4285714285714,292.8571428571429,3434.2857142857147,6.570678339378366,7886453.720863832
621.4285714285714,292.8571428571429,3600.0,6.538072015640245,7867941.10877331
621.4285714285714,340.0,120.0,8.344907338538528,8160167.2283959575
621.4285714285714,340.0,285.7142857142857,8.250125968890849,7015324.057215249
621.4285714285714,340.0,451.42857142857144,8.123484925093772,7180865.404204712
621.4285714285714,340.0,617.1428571428571,7.982772131671272,7459187.797690883
621.4285714285714,340.0,782.8571428571429,7.839707316545953,7703604.071757094
621.4285714285714,340.0,948.5714285714287,7.701585196949258,7892572.52971621
621.4285714285714,340.0,1114.2857142857142,7.572333810726761,8030755.685338611
621.4285714285714,340.0,1280.0,7.4536007624299,8128193.213704536
621.4285714285714,340.0,1445.7142857142858,7.345670042023221,8194584.658516752
621.4285714285714,340.0,1611.4285714285716,7.248092618817223,8237874.9173228685
621.4285714285714,340.0,1777.1428571428573,7.160073811195128,8264177.636607732
621.4285714285714,340.0,1942.857142857143,7.080694708462635,8278070.110219448
621.4285714285714,340.0,2108.5714285714284,7.0090311008418915,8282938.4290124895
621.4285714285714,340.0,2274.285714285714,6.944212529843122,8281276.37629114
621.4285714285714,340.0,2440.0,6.885447706861109,8274919.511860422
621.4285714285714,340.0,2605.714285714286,6.8320317542974385,8265220.692253313
621.4285714285714,340.0,2771.4285714285716,6.783344114847724,8253179.077119006
621.4285714285714,340.0,2937.1428571428573,6.738842077577421,8239534.152960817
621.4285714285714,340.0,3102.857142857143,6.698052620489202,8224834.108679793
621.4285714285714,340.0,3268.571428571429,6.660563990740113,8209485.622999522
621.4285714285714,340.0,3434.2857142857147,6.62601772679344,8193790.236020803
621.4285714285714,340.0,3600.0,6.594101431689182,8177971.036989187
621.4285714285714,387.14285714285717,120.0,8.344240251888353,8335856.836114437
621.4285714285714,387.14285714285717,285.7142857142857,8.251032496862688,7181305.602960295
621.4285714285714,387.14285714285717,451.42857142857144,8.127819848483087,7347439.79358939
621.4285714285714,387.14285714285717,617.1428571428571,7.991491816843168,7633632.351403487
621.4285714285714,387.14285714285717,782.8571428571429,7.853152638659211,7888306.989930106
621.4285714285714,387.14285714285717,948.5714285714287,7.719680687763542,8088078.304940922
621.4285714285714,387.14285714285717,1114.2857142857142,7.594768698169039,8236788.150358261
621.4285714285714,387.14285714285717,1280.0,7.479959241929705,8344101.165956869
621.4285714285714,387.14285714285717,1445.7142857142858,7.3755106993414215,8419566.955073591
621.4285714285714,387.14285714285717,1611.4285714285716,7.280991109046977,8471098.909985937
621.4285714285714,387.14285714285717,1777.1428571428573,7.195642692085191,8504840.103864498
621.4285714285714,387.14285714285717,1942.857142857143,7.118590313381769,8525426.151115311
621.4285714285714,387.14285714285717,2108.5714285714284,7.0489536103223145,8536312.57986724
621.4285714285714,387.14285714285717,2274.285714285714,6.9859028084852905,8540064.12942477
621.4285714285714,387.14285714285717,2440.0,6.92868286516493,8538583.927028697
621.4285714285714,387.14285714285717,2605.714285714286,6.876620457043216,8533286.758012585
621.4285714285714,387.14285714285717,2771.4285714285716,6.8291221314864154,8525227.29364989
621.4285714285714,387.14285714285717,2937.1428571428573,6.785668284635563,8515194.121070556
621.4285714285714,387.14285714285717,3102.857142857143,6.745805516923612,8503778.516334355
621.4285714285714,387.14285714285717,3268.571428571429,6.709138713589356,8491424.79925862
621.4285714285714,387.14285714285717,3434.2857142857147,6.675323521706607,8478467.320845015
621.4285714285714,387.14285714285717,3600.0,6.644059521581899,8465157.751752434
621.4285714285714,434.28571428571433,120.0,8.343689342421293,8496578.385431591
621.4285714285714,434.28571428571433,285.7142857142857,8.251919577868398,7336494.944000398
621.4285714285714,434.28571428571433,451.42857142857144,8.131780499450553,7503835.218205611
621.4285714285714,434.28571428571433,617.1428571428571,7.999351374119013,7797593.4166245535
621.4285714285714,434.28571428571433,782.8571428571429,7.865201289013926,8061897.318445282
621.4285714285714,434.28571428571433,948.5714285714287,7.735849932702998,8271724.896395649
621.4285714285714,434.28571428571433,1114.2857142857142,7.614787765889875,8430195.191657815
621.4285714285714,434.28571428571433,1280.0,7.503466874092611,8546647.581719799
621.4285714285714,434.28571428571433,1445.7142857142858,7.402123222162571,8630505.552841123
621.4285714285714,434.28571428571433,1611.4285714285716,7.310339088870952,8689660.151494477
621.4285714285714,434.28571428571433,1777.1428571428573,7.227388074316338,8730284.928776454
621.4285714285714,434.28571428571433,1942.857142857143,7.152432469656411,8757070.65190442
621.4285714285714,434.28571428571433,2108.5714285714284,7.0846295400571435,8773537.16819794
621.4285714285714,434.28571428571433,2274.285714285714,7.023184537915297,8782314.385937007
621.4285714285714,434.28571428571433,2440.0,6.967373721458669,8785367.234536598
621.4285714285714,434.28571428571433,2605.714285714286,6.9165510969611885,8784167.029988324
621.4285714285714,434.28571428571433,2771.4285714285716,6.870146755000297,8779819.072928594
621.4285714285714,434.28571428571433,2937.1428571428573,6.827661219238555,8773156.725352304
621.4285714285714,434.28571428571433,3102.857142857143,6.78865822976996,8764810.56532086
621.4285714285714,434.28571428571433,3268.571428571429,6.752757244501297,8755259.266330123
621.4285714285714,434.28571428571433,3434.2857142857147,6.719626301040447,8744867.147269357
621.4285714285714,434.28571428571433,3600.0,6.688975526431139,8733912.006655814
621.4285714285714,481.42857142857144,120.0,8.34323185075307,8644773.328152545
621.4285714285714,481.42857142857144,285.7142857142857,8.252781463381154,7482700.891478407
621.4285714285714,481.42857142857144,451.42857142857144,8.13542028722531,7651790.43859145
621.4285714285714,481.42857142857144,617.1428571428571,8.006490218390077,7952880.33754117
621.4285714285714,481.42857142857144,782.8571428571429,7.876089446508148,8226305.485280051
621.4285714285714,481.42857142857144,948.5714285714287,7.750424633640083,8445581.41732388
621.4285714285714,481.42857142857144,1114.2857142857142,7.632810077829577,8613185.798384804
621.4285714285714,481.42857142857144,1280.0,7.524618933328649,8738173.963100413
621.4285714285714,481.42857142857144,1445.7142857142858,7.4260673753183175,8829863.083418533
621.4285714285714,481.42857142857144,1611.4285714285716,7.336749794102508,8896129.64585713
621.4285714285714,481.42857142857144,1777.1428571428573,7.2559668927128085,8943178.826474478
621.4285714285714,481.42857142857144,1942.857142857143,7.182913432166992,8975754.219341481
621.4285714285714,481.42857142857144,2108.5714285714284,7.116779424055443,8997436.034676554
621.4285714285714,481.42857142857144,2274.285714285714,7.05680068702191,9010914.806213353
621.4285714285714,481.42857142857144,2440.0,7.00228086462731,9018212.700796634
621.4285714285714,481.42857142857144,2605.714285714286,6.9525979336708374,9020853.26589792
621.4285714285714,481.42857142857144,2771.4285714285716,6.907202684694407,9019988.525098572
621.4285714285714,481.42857142857144,2937.1428571428573,6.865613380567156,9016493.140358428
621.4285714285714,481.42857142857144,3102.857142857143,6.827408902876819,9011033.940335877
621.4285714285714,481.42857142857144,3268.571428571429,6.792221613161193,9004121.293452043
621.4285714285714,481.42857142857144,3434.2857142857147,6.7597305455121885,8996147.180191014
621.4285714285714,481.42857142857144,3600.0,6.729655208169053,8987413.530891297
621.4285714285714,528.5714285714286,120.0,8.342850973585804,8782286.208445579
621.4285714285714,528.5714285714286,285.7142857142857,8.253615676099928,7621274.976450541
621.4285714285714,528.5714285714286,451.42857142857144,8.138782639502857,7792597.6702052355
621.4285714285714,528.5714285714286,617.1428571428571,8.01301748461639,8100834.654137672
621.4285714285714,528.5714285714286,782.8571428571429,7.8859998472844515,8382961.534802523
621.4285714285714,528.5714285714286,948.5714285714287,7.763660239436369,8611180.39314293
621.4285714285714,528.5714285714286,1114.2857142857142,7.649157847698184,8787396.472157633
621.4285714285714,528.5714285714286,1280.0,7.54379624509572,8920415.776968194
621.4285714285714,528.5714285714286,1445.7142857142858,7.447773996162795,9019465.87130278
621.4285714285714,528.5714285714286,1611.4285714285716,7.360695953349749,9092415.354916189
621.4285714285714,528.5714285714286,1777.1428571428573,7.28188653040389,9145502.168659918
621.4285714285714,528.5714285714286,1942.857142857143,7.210568999648933,9183520.968380742
621.4285714285714,528.5714285714286,2108.5714285714284,7.145962202908769,9210109.182980303
621.4285714285714,528.5714285714286,2274.285714285714,7.087328932755458,9228014.312999496
621.4285714285714,528.5714285714286,2440.0,7.033997053381332,9239312.061113741
621.4285714285714,528.5714285714286,2605.714285714286,6.985365787813488,9245574.70301883
621.4285714285714,528.5714285714286,2771.4285714285716,6.940904312738552,9247997.789683608
621.4285714285714,528.5714285714286,2937.1428571428573,6.900146680046283,9247494.431009082
621.4285714285714,528.5714285714286,3102.857142857143,6.862685275687881,9244765.19434185
621.4285714285714,528.5714285714286,3268.571428571429,6.82816399272973,9240349.948345242
621.4285714285714,528.5714285714286,3434.2857142857147,6.796271711811075,9234666.426472254
621.4285714285714,528.5714285714286,3600.0,6.766736357633551,9228039.035010561
621.4285714285714,575.7142857142858,120.0,8.34253395450233,8910549.924296174
621.4285714285714,575.7142857142858,285.7142857142857,8.254421539773714,7753256.965731327
621.4285714285714,575.7142857142858,451.42857142857144,8.141903166065864,7927246.578240183
621.4285714285714,575.7142857142858,617.1428571428571,8.019020030709623,8242481.832144199
621.4285714285714,575.7142857142858,782.8571428571429,7.89507652420185,8532957.75446022
621.4285714285714,575.7142857142858,948.5714285714287,7.775757287807285,8769692.168980174
621.4285714285714,575.7142857142858,1114.2857142857142,7.664083652817529,8954077.127856184
621.4285714285714,575.7142857142858,1280.0,7.561297296562989,9094698.958328048
621.4285714285714,575.7142857142858,1445.7142857142858,7.4675809990567235,9200709.892012408
621.4285714285714,575.7142857142858,1611.4285714285716,7.382548765955055,9279976.41042794
621.4285714285714,575.7142857142858,1777.1428571428573,7.305545976361301,9338770.306056082
621.4285714285714,575.7142857142858,1942.857142857143,7.2358211921050986,9381935.920059491
621.4285714285714,575.7142857142858,2108.5714285714284,7.172618885825655,9413165.344125928
621.4285714285714,575.7142857142858,2274.285714285714,7.115225879631442,9435260.038153104
621.4285714285714,575.7142857142858,2440.0,7.062991656516586,9450346.179923318
621.4285714285714,575.7142857142858,2605.714285714286,7.015334439338179,9460041.864774348
621.4285714285714,575.7142857142858,2771.4285714285716,6.97173987742664,9465583.509268051
621.4285714285714,575.7142857142858,2937.1428571428573,6.931756194236293,9467920.288901081
621.4285714285714,575.7142857142858,3102.857142857143,6.894987918347098,9467784.406134456
621.4285714285714,575.7142857142858,3268.571428571429,6.861089329770738,9465743.387642602
621.4285714285714,575.7142857142858,3434.2857142857147,6.829758193665986,9462239.11420523
621.4285714285714,575.7142857142858,3600.0,6.800730041771067,9457617.072139151
621.4285714285714,622.8571428571429,120.0,8.342270885142522,9030703.27562558
621.4285714285714,622.8571428571429,285.7142857142857,8.25519937751071,7879466.149290583
621.4285714285714,622.8571428571429,451.42857142857144,8.144811336323084,8056514.012757163
621.4285714285714,622.8571428571429,617.1428571428571,8.024568011210457,8378625.528247672
621.4285714285714,622.8571428571429,782.8571428571429,7.903434856226075,8677149.598436298
621.4285714285714,622.8571428571429,948.5714285714287,7.786875856867692,8922033.139511343
621.4285714285714,622.8571428571429,1114.2857142857142,7.677788836004802,9114206.514887512
621.4285714285714,622.8571428571429,1280.0,7.577359978858377,9262062.011665996
621.4285714285714,622.8571428571429,1445.7142857142858,7.485757825867599,9374688.867045552
621.4285714285714,622.8571428571429,1611.4285714285716,7.4026044764335905,9459956.472144365
621.4285714285714,622.8571428571429,1777.1428571428573,7.327264015763724,9524171.486663222
621.4285714285714,622.8571428571429,1942.857142857143,7.25900763119389,9572226.83884826
621.4285714285714,622.8571428571429,2108.5714285714284,7.197102772075598,9607867.166268855
621.4285714285714,622.8571428571429,2274.285714285714,7.14085784062113,9633945.373387728
621.4285714285714,622.8571428571429,2440.0,7.089641768422885,9652635.540967692
621.4285714285714,622.8571428571429,2605.714285714286,7.042889899595707,9665599.131235763
621.4285714285714,622.8571428571429,2771.4285714285716,7.00010275186019,9674111.175451957
621.4285714285714,622.8571428571429,2937.1428571428573,6.960841360762012,9679154.895254936
621.4285714285714,622.8571428571429,3102.857142857143,6.924721250099127,9681492.341171665
621.4285714285714,622.8571428571429,3268.571428571429,6.891406119979143,9681717.12967954
621.4285714285714,622.8571428571429,3434.2857142857147,6.860601805408864,9680293.919460762
621.4285714285714,622.8571428571429,3600.0,6.832050758007083,9677588.08414165
621.4285714285714,670.0,120.0,8.342053920411306,9143668.740617527
621.4285714285714,670.0,285.7142857142857,8.25595005941947,8000561.121753569
621.4285714285714,670.0,451.42857142857144,8.147531761821638,8181022.430340556
621.4285714285714,670.0,617.1428571428571,8.029718835963717,8509908.798663829
621.4285714285714,670.0,782.8571428571429,7.911168588895051,8816221.159100873
621.4285714285714,670.0,948.5714285714287,7.797145604041821,9068935.958854806
621.4285714285714,670.0,1114.2857142857142,7.690436270957545,9268567.126489952
621.4285714285714,670.0,1280.0,7.592176681593454,9423335.31113794
621.4285714285714,670.0,1445.7142857142858,7.502522455515353,9542277.524388079
621.4285714285714,670.0,1611.4285714285716,7.421102914004743,9633270.483408116
621.4285714285714,670.0,1777.1428571428573,7.347298962633404,9702656.654640654
621.4285714285714,670.0,1942.857142857143,7.2804021815559565,9755376.660011685
621.4285714285714,670.0,2108.5714285714284,7.219700766146341,9795225.90185743
621.4285714285714,670.0,2274.285714285714,7.164522634958289,9825106.595857548
621.4285714285714,670.0,2440.0,7.114254335408407,9847238.534470448
621.4285714285714,670.0,2605.714285714286,7.068346742771048,9863324.451031344
621.4285714285714,670.0,2771.4285714285716,7.026313882206337,9874676.06359386
621.4285714285714,670.0,2937.1428571428573,6.987728445493424,9882308.906651592
621.4285714285714,670.0,3102.857142857143,6.952215973936032,9887013.34206589
621.4285714285714,670.0,3268.571428571429,6.919448762070872,9889407.725182183
621.4285714285714,670.0,3434.2857142857147,6.8891400175177475,9889978.310917014
621.4285714285714,670.0,3600.0,6.861038522389137,9889109.32937251
621.4285714285714,717.1428571428572,120.0,8.341876746704566,9250205.752647163
621.4285714285714,717.1428571428572,285.7142857142857,8.256674741107378,8117080.35047097
621.4285714285714,717.1428571428572,451.42857142857144,8.150085176524954,8301279.334284328
621.4285714285714,717.1428571428572,617.1428571428571,8.034520035693419,8636855.326075127
621.4285714285714,717.1428571428572,782.8571428571429,7.918354848613434,8950729.230674645
621.4285714285714,717.1428571428572,948.5714285714287,7.80667290189823,9210996.793185703
621.4285714285714,717.1428571428572,1114.2857142857142,7.702159424029205,9417795.63551568
621.4285714285714,717.1428571428572,1280.0,7.605905012871858,9579194.52543671
621.4285714285714,717.1428571428572,1445.7142857142858,7.518053501954368,9704187.73148831
621.4285714285714,717.1428571428572,1611.4285714285716,7.438240706747,9800663.204444211
621.4285714285714,717.1428571428572,1777.1428571428573,7.365862759916922,9875000.082596261
621.4285714285714,717.1428571428572,1942.857142857143,7.300229741315179,9932185.942612553
621.4285714285714,717.1428571428572,2108.5714285714284,7.240648696197213,9976065.43280458
621.4285714285714,717.1428571428572,2274.285714285714,7.1864653013614985,10009588.24791813
621.4285714285714,717.1428571428572,2440.0,7.137082155478373,10035018.003308479
621.4285714285714,717.1428571428572,2605.714285714286,7.091964304819005,10054096.892330185
621.4285714285714,717.1428571428572,2771.4285714285716,7.0506381155026405,10068171.650361763
621.4285714285714,717.1428571428572,2937.1428571428573,7.012686942884615,10078288.621081224
621.4285714285714,717.1428571428572,3102.857142857143,6.977745504457877,10085265.142310763
621.4285714285714,717.1428571428572,3268.571428571429,6.945493977316809,10089743.132511944
621.4285714285714,717.1428571428572,3434.2857142857147,6.9156523393843745,10092229.412880277
621.4285714285714,717.1428571428572,3600.0,6.88797519313579,10093126.170237692
621.4285714285714,764.2857142857143,120.0,8.34173421096619,9350948.276262866
621.4285714285714,764.2857142857143,285.7142857142857,8.257374710218722,8229470.544126746
621.4285714285714,764.2857142857143,451.42857142857144,8.152489190277977,8417704.72778607
621.4285714285714,764.2857142857143,617.1428571428571,8.039011373399997,8759898.05932929
621.4285714285714,764.2857142857143,782.8571428571429,7.925057796168515,9081133.899076214
621.4285714285714,764.2857142857143,948.5714285714287,7.81554601581715,9348708.124551848
621.4285714285714,764.2857142857143,1114.2857142857142,7.7130689209812715,9562417.920463715
621.4285714285714,764.2857142857143,1280.0,7.618675569526623,9730197.739520619
621.4285714285714,764.2857142857143,1445.7142857142858,7.5324989929132755,9861007.523069978
621.4285714285714,764.2857142857143,1611.4285714285716,7.454180885995822,9962749.935980821
621.4285714285714,764.2857142857143,1777.1428571428573,7.383131248038438,10041841.583689399
621.4285714285714,764.2857142857143,1942.857142857143,7.318677036994357,10103316.377623826
621.4285714285714,764.2857142857143,2108.5714285714284,7.260142520222847,10151066.901962817
621.4285714285714,764.2857142857143,2274.285714285714,7.206889620531088,10188088.740253352
621.4285714285714,764.2857142857143,2440.0,7.158335639552242,10216687.686118783
621.4285714285714,764.2857142857143,2605.714285714286,7.113958620273493,10238643.812479183
621.4285714285714,764.2857142857143,2771.4285714285716,7.073296260891902,10255337.41253821
621.4285714285714,764.2857142857143,2937.1428571428573,7.035941720265331,10267844.322507044
621.4285714285714,764.2857142857143,3102.857142857143,7.001538161840266,10277007.685165986
621.4285714285714,764.2857142857143,3268.571428571429,6.969773026302585,10283491.949640546
621.4285714285714,764.2857142857143,3434.2857142857147,6.940372537261741,10287823.59779173
621.4285714285714,764.2857142857143,3600.0,6.913096672457201,10290421.981032496
621.4285714285714,811.4285714285714,120.0,8.341622055437215,9446431.978527723
621.4285714285714,811.4285714285714,285.7142857142857,8.25805129587874,8338107.006257709
621.4285714285714,811.4285714285714,451.42857142857144,8.154758872628232,8530650.7301283
621.4285714285714,811.4285714285714,617.1428571428571,8.043226425580432,8879399.641786922
621.4285714285714,811.4285714285714,782.8571428571429,7.931331336829412,9207820.348700888
621.4285714285714,811.4285714285714,948.5714285714287,7.823838930549296,9482482.13605659
621.4285714285714,811.4285714285714,1114.2857142857142,7.723257394296341,9702874.042501748
621.4285714285714,811.4285714285714,1280.0,7.630597673315617,9876811.938412488
621.4285714285714,811.4285714285714,1445.7142857142858,7.545982856047556,10013228.960021859
621.4285714285714,811.4285714285714,1611.4285714285716,7.469059991756165,10120045.605569772
621.4285714285714,811.4285714285714,1777.1428571428573,7.399251773706262,10203716.67887294
621.4285714285714,811.4285714285714,1942.857142857143,7.335900636455634,10269321.899451552
621.4285714285714,811.4285714285714,2108.5714285714284,7.278346659830788,10320800.645894574
621.4285714285714,811.4285714285714,2274.285714285714,7.225966700745852,10361192.997411633
621.4285714285714,811.4285714285714,2440.0,7.178191592139538,10392845.481152944
621.4285714285714,811.4285714285714,2605.714285714286,7.134511351580974,10417574.65855742
621.4285714285714,811.4285714285714,2771.4285714285716,7.094474129745426,10436793.09403081
621.4285714285714,811.4285714285714,2937.1428571428573,7.057682137920094,10451604.953988826
621.4285714285714,811.4285714285714,3102.857142857143,7.023786346793127,10462878.151072597
621.4285714285714,811.4285714285714,3268.571428571429,6.992480918393301,10471298.751322675
621.4285714285714,811.4285714285714,3434.2857142857147,6.963497861698739,10477412.094831182
621.4285714285714,811.4285714285714,3600.0,6.936602138556249,10481653.99493055
621.4285714285714,858.5714285714287,120.0,8.341536723871366,9537114.304875229
621.4285714285714,858.5714285714287,285.7142857142857,8.258705815577619,8443308.566225268
621.4285714285714,858.5714285714287,451.42857142857144,8.156907209290878,8640415.914242176
621.4285714285714,858.5714285714287,617.1428571428571,8.047193784105618,8995667.319713384
621.4285714285714,858.5714285714287,782.8571428571429,7.937221163244135,9331114.768790338
621.4285714285714,858.5714285714287,948.5714285714287,7.831614225221538,9612667.769584438
621.4285714285714,858.5714285714287,1114.2857142857142,7.7328031209497725,9839536.469118133
621.4285714285714,858.5714285714287,1280.0,7.641763675742187,10019432.338025806
621.4285714285714,858.5714285714287,1445.7142857142858,7.558609789746486,10161268.473632937
621.4285714285714,858.5714285714287,1611.4285714285716,7.482993414158805,10272986.019045068
621.4285714285714,858.5714285714287,1777.1428571428573,7.414348917233374,10361078.649624446
621.4285714285714,858.5714285714287,1942.857142857143,7.3520329891947025,10430671.440719675
621.4285714285714,858.5714285714287,2108.5714285714284,7.29540029210409,10485749.562067788
621.4285714285714,858.5714285714287,2274.285714285714,7.243841470199599,10529396.358132029
621.4285714285714,858.5714285714287,2440.0,7.196799861952868,10563997.810515082
621.4285714285714,858.5714285714287,2605.714285714286,7.153776563294547,10591405.735550433
621.4285714285714,858.5714285714287,2771.4285714285716,7.1143294049828425,10613063.826233272
621.4285714285714,858.5714285714287,2937.1428571428573,7.07806899022723,10630103.545664672
621.4285714285714,858.5714285714287,3102.857142857143,7.044653534441831,10643416.654890614
621.4285714285714,858.5714285714287,3268.571428571429,7.013783442746462,10653710.022540914
621.4285714285714,858.5714285714287,3434.2857142857147,6.985196102914478,10661547.13106114
621.4285714285714,858.5714285714287,3600.0,6.9586611149209245,10667379.628189715
621.4285714285714,905.7142857142858,120.0,8.341475217284435,9623389.594343824
621.4285714285714,905.7142857142858,285.7142857142857,8.259339544703884,8545348.747078527
621.4285714285714,905.7142857142858,451.42857142857144,8.158945462338432,8747255.995744796
621.4285714285714,905.7142857142858,617.1428571428571,8.050937982197317,9108964.041964699
621.4285714285714,905.7142857142858,782.8571428571429,7.942766317889043,9451296.190920878
621.4285714285714,905.7142857142858,948.5714285714287,7.838925265663203,9739563.420073345
621.4285714285714,905.7142857142858,1114.2857142857142,7.741772793384828,9972723.639099527
621.4285714285714,905.7142857142858,1280.0,7.652252236891738,10158396.779288476
621.4285714285714,905.7142857142858,1445.7142857142858,7.570468974954925,10305482.020626044
621.4285714285714,905.7142857142858,1611.4285714285716,7.4960794674676245,10421943.698501393
621.4285714285714,905.7142857142858,1777.1428571428573,7.428528865593379,10514314.980687251
621.4285714285714,905.7142857142858,1942.857142857143,7.367187043998434,10587765.906291304
621.4285714285714,905.7142857142858,2108.5714285714284,7.311422165837024,10646326.547564575
621.4285714285714,905.7142857142858,2274.285714285714,7.260637653378415,10693122.419684466
621.4285714285714,905.7142857142858,2440.0,7.214288446556828,10730577.818441983
621.4285714285714,905.7142857142858,2605.714285714286,7.171885928678267,10760578.713672874
621.4285714285714,905.7142857142858,2771.4285714285716,7.132996927948882,10784598.905561509
621.4285714285714,905.7142857142858,2937.1428571428573,7.097239854959686,10803796.22898621
621.4285714285714,905.7142857142858,3102.857142857143,7.064279671363286,10819085.4679189
621.4285714285714,905.7142857142858,3268.571428571429,7.033822600992669,10831193.563349068
621.4285714285714,905.7142857142858,3434.2857142857147,7.005611049168116,10840701.49751609
621.4285714285714,905.7142857142858,3600.0,6.979418946183503,10848076.188800657
621.4285714285714,952.8571428571429,120.0,8.341434984787636,9705600.650372218
621.4285714285714,952.8571428571429,285.7142857142857,8.25995369992844,8644464.26302162
621.4285714285714,952.8571428571429,451.42857142857144,8.1608834569981,8851391.942329295
621.4285714285714,952.8571428571429,617.1428571428571,8.05448021668956,9219516.870950859
621.4285714285714,952.8571428571429,782.8571428571429,7.948000403841316,9568605.455546493
621.4285714285714,952.8571428571429,948.5714285714287,7.845817898680002,9863426.550930835
621.4285714285714,952.8571428571429,1114.2857142857142,7.750223658788745,10102710.239387954
621.4285714285714,952.8571428571429,1280.0,7.662130856484574,10293996.63641288
621.4285714285714,952.8571428571429,1445.7142857142858,7.581636941619734,10446176.572218195
621.4285714285714,952.8571428571429,1611.4285714285716,7.508402538498052,10567239.893840518
621.4285714285714,952.8571428571429,1777.1428571428573,7.441882795055968,10663759.835375454
621.4285714285714,952.8571428571429,1942.857142857143,7.381459824502621,10740951.056954565
621.4285714285714,952.8571428571429,2108.5714285714284,7.326514335004336,10802887.740824698
621.4285714285714,952.8571428571429,2274.285714285714,7.276461633107231,10852736.59293311
621.4285714285714,952.8571428571429,2440.0,7.230767458584294,10892959.200437022
621.4285714285714,952.8571428571429,2605.714285714286,7.188952779863506,10925474.69740796
621.4285714285714,952.8571428571429,2771.4285714285716,7.150592815774864,10951786.072788775
621.4285714285714,952.8571428571429,2937.1428571428573,7.115313264016896,10973076.700740108
621.4285714285714,952.8571428571429,3102.857142857143,7.082785388249706,10990283.644464528
621.4285714285714,952.8571428571429,3268.571428571429,7.052720852368754,11004153.258840097
621.4285714285714,952.8571428571429,3434.2857142857147,7.024866756527452,11015283.445983741
621.4285714285714,952.8571428571429,3600.0,6.999001086033769,11024155.88569087
621.4285714285714,1000.0,120.0,8.341413839750468,9784047.729848046
621.4285714285714,1000.0,285.7142857142857,8.260549431100067,8740861.58416568
621.4285714285714,1000.0,451.42857142857144,8.162729812000302,8953016.222311843
621.4285714285714,1000.0,617.1428571428571,8.057838917772846,9327523.456766404
621.4285714285714,1000.0,782.8571428571429,7.952952534271813,9683252.111364197
621.4285714285714,1000.0,948.5714285714287,7.852331777407803,9984481.092523983
621.4285714285714,1000.0,1114.2857142857142,7.758205190930793,10229735.113717154
621.4285714285714,1000.0,1280.0,7.671457851581671,10426485.213565677
621.4285714285714,1000.0,1445.7142857142858,7.592179809184973,10583618.96061988
621.4285714285714,1000.0,1611.4285714285716,7.5200355490136905,10709153.834783003
621.4285714285714,1000.0,1777.1428571428573,7.454489518855512,10809703.668280808
621.4285714285714,1000.0,1942.857142857143,7.394935230381015,10890527.440440075
621.4285714285714,1000.0,2108.5714285714284,7.340765086478846,10955742.7323621
621.4285714285714,1000.0,2274.285714285714,7.29140548211513,11008556.558349157
621.4285714285714,1000.0,2440.0,7.246332242219362,11051466.874333676
621.4285714285714,1000.0,2605.714285714286,7.2050752935077735,11086425.085241547
621.4285714285714,1000.0,2771.4285714285716,7.167217703145249,11114962.538543176
621.4285714285714,1000.0,2937.1428571428573,7.1323919904549475,11138287.394459633
621.4285714285714,1000.0,3102.857142857143,7.1002753232004565,11157358.321977783
621.4285714285714,1000.0,3268.571428571429,7.070584465792307,11172940.4931085
621.4285714285714,1000.0,3434.2857142857147,7.043070923505562,11185648.203870414
621.4285714285714,1000.0,3600.0,7.0175164892377975,11195977.433259439
657.1428571428571,10.0,120.0,8.35789483255378,6035462.212937637
657.1428571428571,10.0,285.7142857142857,8.24464779973107,5146973.747718552
657.1428571428571,10.0,451.42857142857144,8.067509615289621,5294351.946235332
657.1428571428571,10.0,617.1428571428571,7.857739679078204,5447676.391308557
657.1428571428571,10.0,782.8571428571429,7.639649809126409,5530500.963365463
657.1428571428571,10.0,948.5714285714287,7.429676846159606,5548983.457813341
657.1428571428571,10.0,1114.2857142857142,7.23672414780253,5521599.222347509
657.1428571428571,10.0,1280.0,7.064253365797816,5465245.495500581
657.1428571428571,10.0,1445.7142857142858,6.912491200858468,5392444.155410317
657.1428571428571,10.0,1611.4285714285716,6.7800263483820205,5311658.100945332
657.1428571428571,10.0,1777.1428571428573,6.664780197895794,5228299.959486521
657.1428571428571,10.0,1942.857142857143,6.564533658946514,5145682.080283923
657.1428571428571,10.0,2108.5714285714284,6.477183859544354,5065735.0470212605
657.1428571428571,10.0,2274.285714285714,6.400850433408617,4989505.399316601
657.1428571428571,10.0,2440.0,6.333903753285359,4917485.882695822
657.1428571428571,10.0,2605.714285714286,6.274955786755775,4849829.545315616
657.1428571428571,10.0,2771.4285714285716,6.222835293871864,4786486.632596633
657.1428571428571,10.0,2937.1428571428573,6.176558403762924,4727291.26844206
657.1428571428571,10.0,3102.857142857143,6.135299822374694,4672015.840383235
657.1428571428571,10.0,3268.571428571429,6.0983668949031475,4620404.734271235
657.1428571428571,10.0,3434.2857142857147,6.065177221146215,4572194.910867992
657.1428571428571,10.0,3600.0,6.035239796658755,4527128.123878534
657.1428571428571,57.142857142857146,120.0,8.351322942096445,6860557.38712468
657.1428571428571,57.142857142857146,285.7142857142857,8.24023218537903,5858701.830044937
657.1428571428571,57.142857142857146,451.42857142857144,8.074985937194459,6022586.4111221535
657.1428571428571,57.142857142857146,617.1428571428571,7.882814733556331,6228632.325511248
657.1428571428571,57.142857142857146,782.8571428571429,7.683641714716154,6373973.846813801
657.1428571428571,57.142857142857146,948.5714285714287,7.490682857299931,6455127.494221222
657.1428571428571,57.142857142857146,1114.2857142857142,7.311220893338315,6486105.679830886
657.1428571428571,57.142857142857146,1280.0,7.148312885085916,6481884.817356321
657.1428571428571,57.142857142857146,1445.7142857142858,7.002465122698686,6454494.3008968895
657.1428571428571,57.142857142857146,1611.4285714285716,6.872834743490986,6412668.632046236
657.1428571428571,57.142857142857146,1777.1428571428573,6.75797182888066,6362446.767183419
657.1428571428571,57.142857142857146,1942.857142857143,6.656236677677009,6307885.7204870805
657.1428571428571,57.142857142857146,2108.5714285714284,6.566015917435445,6251654.409533968
657.1428571428571,57.142857142857146,2274.285714285714,6.4858229443169515,6195473.400465811
657.1428571428571,57.142857142857146,2440.0,6.414335374637933,6140424.155361922
657.1428571428571,57.142857142857146,2605.714285714286,6.350400047337683,6087161.110936264
657.1428571428571,57.142857142857146,2771.4285714285716,6.293022580818646,6036055.334566434
657.1428571428571,57.142857142857146,2937.1428571428573,6.2413506284157485,5987291.272653128
657.1428571428571,57.142857142857146,3102.857142857143,6.194655555222141,5940931.748001085
657.1428571428571,57.142857142857146,3268.571428571429,6.152314830364264,5896961.578981308
657.1428571428571,57.142857142857146,3434.2857142857147,6.113796126482362,5855316.822171348
657.1428571428571,57.142857142857146,3600.0,6.078643441348291,5815904.338010478
657.1428571428571,104.28571428571429,120.0,8.348362695000528,7316425.209210876
657.1428571428571,104.28571428571429,285.7142857142857,8.24050716256041,6252280.335411715
657.1428571428571,104.28571428571429,451.42857142857144,8.084874040527573,6416525.015365616
657.1428571428571,104.28571428571429,617.1428571428571,7.906151066640324,6644790.938318081
657.1428571428571,104.28571428571429,782.8571428571429,7.721790042984534,6819580.219414648
657.1428571428571,104.28571428571429,948.5714285714287,7.543175570257937,6931889.602122719
657.1428571428571,104.28571428571429,1114.2857142857142,7.376564805096536,6993066.5393833015
657.1428571428571,104.28571428571429,1280.0,7.224611822777971,7016795.329029376
657.1428571428571,104.28571428571429,1445.7142857142858,7.08779636720833,7014587.777887942
657.1428571428571,104.28571428571429,1611.4285714285716,6.965437587031821,6995095.729823233
657.1428571428571,104.28571428571429,1777.1428571428573,6.856320488315945,6964502.64859463
657.1428571428571,104.28571428571429,1942.857142857143,6.759051035491649,6927113.387808421
657.1428571428571,104.28571428571429,2108.5714285714284,6.6722429687512435,6885878.008422539
657.1428571428571,104.28571428571429,2274.285714285714,6.594607122467863,6842794.5128362
657.1428571428571,104.28571428571429,2440.0,6.524986961183003,6799200.404907988
657.1428571428571,104.28571428571429,2605.714285714286,6.46236586076428,6755977.877958293
657.1428571428571,104.28571428571429,2771.4285714285716,6.405860511129459,6713696.302475462
657.1428571428571,104.28571428571429,2937.1428571428573,6.3547082952274,6672710.61869118
657.1428571428571,104.28571428571429,3102.857142857143,6.308252791169731,6633229.179237485
657.1428571428571,104.28571428571429,3268.571428571429,6.265929479743995,6595360.557609638
657.1428571428571,104.28571428571429,3434.2857142857147,6.227252612720608,6559145.894218086
657.1428571428571,104.28571428571429,3600.0,6.191803597850056,6524581.285298852
657.1428571428571,151.42857142857144,120.0,8.346467942548976,7656146.214612244
657.1428571428571,151.42857142857144,285.7142857142857,8.241533172101391,6551335.99505672
657.1428571428571,151.42857142857144,451.42857142857144,8.09349300678101,6714910.161472474
657.1428571428571,151.42857142857144,617.1428571428571,7.92508648883363,6958761.153911385
657.1428571428571,151.42857142857144,782.8571428571429,7.75204409857147,7154670.304689923
657.1428571428571,151.42857142857144,948.5714285714287,7.584500047579359,7289560.939033301
657.1428571428571,151.42857142857144,1114.2857142857142,7.428002023470612,7372828.471089626
657.1428571428571,151.42857142857144,1280.0,7.284906529818075,7417202.357500835
657.1428571428571,151.42857142857144,1445.7142857142858,7.155647282680304,7433791.261135938
657.1428571428571,151.42857142857144,1611.4285714285716,7.039627691059529,7431152.990021163
657.1428571428571,151.42857142857144,1777.1428571428573,6.935771946298564,7415541.307245086
657.1428571428571,151.42857142857144,1942.857142857143,6.842838579020813,7391409.865991006
657.1428571428571,151.42857142857144,2108.5714285714284,6.759586745006346,7361886.980575431
657.1428571428571,151.42857142857144,2274.285714285714,6.684856878456457,7329151.759529244
657.1428571428571,151.42857142857144,2440.0,6.617603788389076,7294712.305443255
657.1428571428571,151.42857142857144,2605.714285714286,6.556904510267702,7259605.080431016
657.1428571428571,151.42857142857144,2771.4285714285716,6.5019535543512434,7224535.690835002
657.1428571428571,151.42857142857144,2937.1428571428573,6.452052516666281,7189977.70554034
657.1428571428571,151.42857142857144,3102.857142857143,6.40659777378115,7156241.9245489575
657.1428571428571,151.42857142857144,3268.571428571429,6.365068162282017,7123524.9930437
657.1428571428571,151.42857142857144,3434.2857142857147,6.327013540852902,7091943.605570803
657.1428571428571,151.42857142857144,3600.0,6.29204459247169,7061558.644530085
657.1428571428571,198.57142857142858,120.0,8.345119865258946,7932830.628275324
657.1428571428571,198.57142857142858,285.7142857142857,8.242754831463388,6800696.502547543
657.1428571428571,198.57142857142858,451.42857142857144,8.100933673696344,6964085.319776181
657.1428571428571,198.57142857142858,617.1428571428571,7.940807609127329,7220655.310563472
657.1428571428571,198.57142857142858,782.8571428571429,7.776804312826275,7433692.904292298
657.1428571428571,198.57142857142858,948.5714285714287,7.618128811981536,7586876.261510785
657.1428571428571,198.57142857142858,1114.2857142857142,7.469800418854487,7688064.319846931
657.1428571428571,198.57142857142858,1280.0,7.333948158702625,7749240.307849841
657.1428571428571,198.57142857142858,1445.7142857142858,7.210962402599467,7781195.825752057
657.1428571428571,198.57142857142858,1611.4285714285716,7.100300006600195,7792409.869638575
657.1428571428571,198.57142857142858,1777.1428571428573,7.000980982879879,7789184.19778502
657.1428571428571,198.57142857142858,1942.857142857143,6.911871713541471,7776081.851182407
657.1428571428571,198.57142857142858,2108.5714285714284,6.8318358987813514,7756364.558938031
657.1428571428571,198.57142857142858,2274.285714285714,6.759808431766314,7732348.445770206
657.1428571428571,198.57142857142858,2440.0,6.69482628469935,7705671.790889779
657.1428571428571,198.57142857142858,2605.714285714286,6.63603642165738,7677489.6697229035
657.1428571428571,198.57142857142858,2771.4285714285716,6.582692122654705,7648613.176928219
657.1428571428571,198.57142857142858,2937.1428571428573,6.534144027194484,7619608.349591859
657.1428571428571,198.57142857142858,3102.857142857143,6.489829293108718,7590866.351440185
657.1428571428571,198.57142857142858,3268.571428571429,6.449260624609275,7562653.336057024
657.1428571428571,198.57142857142858,3434.2857142857147,6.412016013055068,7535145.976844807
657.1428571428571,198.57142857142858,3600.0,6.377729539385919,7508456.8772223005
657.1428571428571,245.71428571428572,120.0,8.344108672038152,8168554.778624698
657.1428571428571,245.71428571428572,285.7142857142857,8.244011132776887,7018448.451324
657.1428571428571,245.71428571428572,451.42857142857144,8.107427072299656,7182384.810953907
657.1428571428571,245.71428571428572,617.1428571428571,7.954167950868757,7450099.591218067
657.1428571428571,245.71428571428572,782.8571428571429,7.797626227315013,7677885.782727569
657.1428571428571,245.71428571428572,948.5714285714287,7.646279990052897,7846732.229376555
657.1428571428571,245.71428571428572,1114.2857142857142,7.50473546947534,7963239.527753134
657.1428571428571,245.71428571428572,1280.0,7.3749413899038245,8038787.088985075
657.1428571428571,245.71428571428572,1445.7142857142858,7.257250258074758,8083912.587036649
657.1428571428571,245.71428571428572,1611.4285714285716,7.151156570872314,8107033.277335032
657.1428571428571,245.71428571428572,1777.1428571428573,7.0557517682943,8114490.979104027
657.1428571428571,245.71428571428572,1942.857142857143,6.969984030312788,8110938.1002342
657.1428571428571,245.71428571428572,2108.5714285714284,6.892797225613286,8099745.177026001
657.1428571428571,245.71428571428572,2274.285714285714,6.823199338239867,8083340.239929537
657.1428571428571,245.71428571428572,2440.0,6.760291438872534,8063468.171428796
657.1428571428571,245.71428571428572,2605.714285714286,6.70327547032507,8041381.497501189
657.1428571428571,245.71428571428572,2771.4285714285716,6.651451267415286,8017978.288700144
657.1428571428571,245.71428571428572,2937.1428571428573,6.604208608331611,7993901.1052638395
657.1428571428571,245.71428571428572,3102.857142857143,6.5610174353779325,7969607.866650027
657.1428571428571,245.71428571428572,3268.571428571429,6.521417878551826,7945422.681522999
657.1428571428571,245.71428571428572,3434.2857142857147,6.485010877393178,7921572.418292831
657.1428571428571,245.71428571428572,3600.0,6.451449738612943,7898213.122451049
657.1428571428571,292.8571428571429,120.0,8.343326560517887,8374978.477569173
657.1428571428571,292.8571428571429,285.7142857142857,8.245244575823511,7213927.401917256
657.1428571428571,292.8571428571429,451.42857142857144,8.113163521086596,7379137.369600227
657.1428571428571,292.8571428571429,617.1428571428571,7.965737151748862,7657009.471021341
657.1428571428571,292.8571428571429,782.8571428571429,7.815507799581939,7897948.889844026
657.1428571428571,292.8571428571429,948.5714285714287,7.670364438469189,8080660.872546526
657.1428571428571,292.8571428571429,1114.2857142857142,7.534579074950996,8210688.838896901
657.1428571428571,292.8571428571429,1280.0,7.40995333320333,8298912.004755229
657.1428571428571,292.8571428571429,1445.7142857142858,7.29680702931328,8355661.695340286
657.1428571428571,292.8571428571429,1611.4285714285716,7.194662950888482,8389308.502857652
657.1428571428571,292.8571428571429,1777.1428571428573,7.102668519215127,8406231.533215383
657.1428571428571,292.8571428571429,1942.857142857143,7.0198368168128935,8411160.884649377
657.1428571428571,292.8571428571429,2108.5714285714284,6.945175827464258,8407560.551428601
657.1428571428571,292.8571428571429,2274.285714285714,6.877752373473466,8397954.342521805
657.1428571428571,292.8571428571429,2440.0,6.816719433423277,8384178.329535577
657.1428571428571,292.8571428571429,2605.714285714286,6.761323725891092,8367568.4685433535
657.1428571428571,292.8571428571429,2771.4285714285716,6.7109032100185795,8349097.411164734
657.1428571428571,292.8571428571429,2937.1428571428573,6.664879888537918,8329473.4679700155
657.1428571428571,292.8571428571429,3102.857142857143,6.622750840639819,8309212.046090882
657.1428571428571,292.8571428571429,3268.571428571429,6.584079017604635,8288687.282696489
657.1428571428571,292.8571428571429,3434.2857142857147,6.548484554628605,8268169.482794753
657.1428571428571,292.8571428571429,3600.0,6.515636924403033,8247852.378363462
657.1428571428571,340.0,120.0,8.342710291120813,8559131.52117157
657.1428571428571,340.0,285.7142857142857,8.246433553838134,7392658.379730235
657.1428571428571,340.0,451.42857142857144,8.118287082149942,7559803.636712547
657.1428571428571,340.0,617.1428571428571,7.975906321139243,7847158.568360064
657.1428571428571,340.0,782.8571428571429,7.831118427701748,8100100.050983331
657.1428571428571,340.0,948.5714285714287,7.691322420271119,8295362.0356885465
657.1428571428571,340.0,1114.2857142857142,7.560512862158759,8437583.87626975
657.1428571428571,340.0,1280.0,7.440368593212163,8537223.464077633
657.1428571428571,340.0,1445.7142857142858,7.3311811106553195,8604442.691320056
657.1428571428571,340.0,1611.4285714285716,7.232495431205647,8647578.193931794
657.1428571428571,340.0,1777.1428571428573,7.143504404372791,8673045.697989995
657.1428571428571,340.0,1942.857142857143,7.063274271432986,8685645.530325703
657.1428571428571,340.0,2108.5714285714284,6.990865847898299,8688924.739651877
657.1428571428571,340.0,2274.285714285714,6.925394684511231,8685491.722315427
657.1428571428571,340.0,2440.0,6.8660569478058875,8677262.891561335
657.1428571428571,340.0,2605.714285714286,6.812136774766264,8665647.666342864
657.1428571428571,340.0,2771.4285714285716,6.7630041209605976,8651684.395718718
657.1428571428571,340.0,2937.1428571428573,6.718108147565482,8636139.365454366
657.1428571428571,340.0,3102.857142857143,6.6769688988754075,8619578.739596404
657.1428571428571,340.0,3268.571428571429,6.6391687178862995,8602420.894549187
657.1428571428571,340.0,3434.2857142857147,6.604344116580068,8584974.609752733
657.1428571428571,340.0,3600.0,6.572178414857347,8567467.056798533
657.1428571428571,387.14285714285717,120.0,8.342219447874077,8725630.709652705
657.1428571428571,387.14285714285717,285.7142857142857,8.247570820724306,7558214.632909423
657.1428571428571,387.14285714285717,451.42857142857144,8.122906524106192,7727884.760001567
657.1428571428571,387.14285714285717,617.1428571428571,7.984953739705237,8024233.768381992
657.1428571428571,387.14285714285717,782.8571428571429,7.844926688164463,8288303.666519163
657.1428571428571,387.14285714285717,948.5714285714287,7.709808679333601,8495106.598534076
657.1428571428571,387.14285714285717,1114.2857142857142,7.583359329814245,8648498.739108568
657.1428571428571,387.14285714285717,1280.0,7.467153097948701,8758578.745182602
657.1428571428571,387.14285714285717,1445.7142857142858,7.361456765378584,8835368.460828478
657.1428571428571,387.14285714285717,1611.4285714285716,7.265833388225108,8887181.1974018
657.1428571428571,387.14285714285717,1777.1428571428573,7.179513639974131,8920469.548557863
657.1428571428571,387.14285714285717,1942.857142857143,7.101608346472283,8940098.97703466
657.1428571428571,387.14285714285717,2108.5714285714284,7.031222846873807,8949692.10861265
657.1428571428571,387.14285714285717,2274.285714285714,6.967513924093368,8951933.72732492
657.1428571428571,387.14285714285717,2440.0,6.9097144253017975,8948812.550534379
657.1428571428571,387.14285714285717,2605.714285714286,6.8571403814496055,8941804.015116327
657.1428571428571,387.14285714285717,2771.4285714285716,6.809189115227414,8932005.488931244
657.1428571428571,387.14285714285717,2937.1428571428573,6.765333095812139,8920235.355121974
657.1428571428571,387.14285714285717,3102.857142857143,6.725112142464667,8907105.421078496
657.1428571428571,387.14285714285717,3268.571428571429,6.688125351065264,8893073.884145774
657.1428571428571,387.14285714285717,3434.2857142857147,6.654023427753868,8878484.19510322
657.1428571428571,387.14285714285717,3600.0,6.622501732656415,8863593.697297929
657.1428571428571,434.28571428571433,120.0,8.34182659121126,8877696.524009634
657.1428571428571,434.28571428571433,285.7142857142857,8.24865531934879,7713056.662147623
657.1428571428571,434.28571428571433,451.42857142857144,8.12710511687228,7885774.867434721
657.1428571428571,434.28571428571433,617.1428571428571,7.993083845597371,8190748.197622313
657.1428571428571,434.28571428571433,782.8571428571429,7.857272551439718,8465258.684384422
657.1428571428571,434.28571428571433,948.5714285714287,7.726296167583419,8682801.560433201
657.1428571428571,434.28571428571433,1114.2857142857142,7.603712146202958,8846547.960740611
657.1428571428571,434.28571428571433,1280.0,7.4910048714307775,8966287.491535354
657.1428571428571,434.28571428571433,1445.7142857142858,7.388419374325676,9051925.8508076
657.1428571428571,434.28571428571433,1611.4285714285716,7.295533714050175,9111761.960376838
657.1428571428571,434.28571428571433,1777.1428571428573,7.211610687307835,9152285.92541914
657.1428571428571,434.28571428571433,1942.857142857143,7.1357992095644995,9178424.690797802
657.1428571428571,434.28571428571433,2108.5714285714284,7.067242807849564,9193870.844907824
657.1428571428571,434.28571428571433,2274.285714285714,7.005133748611142,9201379.303995758
657.1428571428571,434.28571428571433,2440.0,6.9487365437667,9203004.901689291
657.1428571428571,434.28571428571433,2605.714285714286,6.897394838913602,9200283.323660318
657.1428571428571,434.28571428571433,2771.4285714285716,6.850529720521965,9194365.754038855
657.1428571428571,434.28571428571433,2937.1428571428573,6.807633954199497,9186118.073892869
657.1428571428571,434.28571428571433,3102.857142857143,6.768264626979276,9176193.716290865
657.1428571428571,434.28571428571433,3268.571428571429,6.732035503605876,9165087.215180622
657.1428571428571,434.28571428571433,3434.2857142857147,6.698609752148144,9153173.683064144
657.1428571428571,434.28571428571433,3600.0,6.667693331683059,9140738.040498134
657.1428571428571,481.42857142857144,120.0,8.34151223052571,9017678.750304826
657.1428571428571,481.42857142857144,285.7142857142857,8.24968871933671,7858960.0022584135
657.1428571428571,481.42857142857144,451.42857142857144,8.130947703276403,8035191.811358329
657.1428571428571,481.42857142857144,617.1428571428571,8.000450977722034,8348500.483053809
657.1428571428571,481.42857142857144,782.8571428571429,7.868410107943427,8632894.737595188
657.1428571428571,481.42857142857144,948.5714285714287,7.741137021914187,8860524.828191174
657.1428571428571,481.42857142857144,1114.2857142857142,7.6220129188850505,9033958.293679336
657.1428571428571,481.42857142857144,1280.0,7.512443482363841,9162717.11925319
657.1428571428571,481.42857142857144,1445.7142857142858,7.412654447364681,9256610.658334792
657.1428571428571,481.42857142857144,1611.4285714285716,7.322236593844819,9323931.014198588
657.1428571428571,481.42857142857144,1777.1428571428573,7.240480434750741,9371206.604927404
657.1428571428571,481.42857142857144,1942.857142857143,7.166567911742778,9403423.13106671
657.1428571428571,481.42857142857144,2108.5714285714284,7.099675773233917,9424338.782787843
657.1428571428571,481.42857142857144,2274.285714285714,7.039027242247832,9436773.684973123
657.1428571428571,481.42857142857144,2440.0,6.983914528786374,9442843.880522897
657.1428571428571,481.42857142857144,2605.714285714286,6.933705495135787,9444140.704391606
657.1428571428571,481.42857142857144,2771.4285714285716,6.887842118896627,9441864.991188493
657.1428571428571,481.42857142857144,2937.1428571428573,6.845835051701149,9436926.423189819
657.1428571428571,481.42857142857144,3102.857142857143,6.8072566336864995,9430016.819113787
657.1428571428571,481.42857142857144,3268.571428571429,6.77173361717799,9421664.230827175
657.1428571428571,481.42857142857144,3434.2857142857147,6.7389402291040845,9412272.990799133
657.1428571428571,481.42857142857144,3600.0,6.708591855375128,9402153.485987669
657.1428571428571,528.5714285714286,120.0,8.341262025909549,9147352.805273805
657.1428571428571,528.5714285714286,285.7142857142857,8.250673842286572,7997253.418284466
657.1428571428571,528.5714285714286,451.42857142857144,8.134485622452637,8177415.164424147
657.1428571428571,528.5714285714286,617.1428571428571,8.007174372194367,8498827.555434555
657.1428571428571,528.5714285714286,782.8571428571429,7.878534017464736,8792644.868554316
657.1428571428571,528.5714285714286,948.5714285714287,7.754600116309295,9029819.163870994
657.1428571428571,528.5714285714286,1114.2857142857142,7.638598510194296,9212383.190899875
657.1428571428571,528.5714285714286,1280.0,7.531865393819276,9349626.119860567
657.1428571428571,528.5714285714286,1445.7142857142858,7.434609255563099,9451277.62211867
657.1428571428571,528.5714285714286,1611.4285714285716,7.346431830366903,9525629.45679282
657.1428571428571,528.5714285714286,1777.1428571428573,7.266647855940922,9579249.19928379
657.1428571428571,528.5714285714286,1942.857142857143,7.194468260389619,9617179.205837501
657.1428571428571,528.5714285714286,2108.5714285714284,7.129099032867632,9643239.788659647
657.1428571428571,528.5714285714286,2274.285714285714,7.069790710586286,9660312.308452489
657.1428571428571,528.5714285714286,2440.0,7.01585999864133,9670570.03319427
657.1428571428571,528.5714285714286,2605.714285714286,6.966696222783459,9675656.195886802
657.1428571428571,528.5714285714286,2771.4285714285716,6.921759916290834,9676817.871787114
657.1428571428571,528.5714285714286,2937.1428571428573,6.880577650610184,9675005.50894867
657.1428571428571,528.5714285714286,3102.857142857143,6.8427353701035125,9670946.64370603
657.1428571428571,528.5714285714286,3268.571428571429,6.807871434063975,9665200.518637557
657.1428571428571,528.5714285714286,3434.2857142857147,6.775669972274507,9658198.665173136
657.1428571428571,528.5714285714286,3600.0,6.745854828511689,9650275.185473584
657.1428571428571,575.7142857142858,120.0,8.341065125024665,9268098.153666258
657.1428571428571,575.7142857142858,285.7142857142857,8.25161391450556,8128960.741118986
657.1428571428571,575.7142857142858,451.42857142857144,8.137760146273326,8313426.987287993
657.1428571428571,575.7142857142858,617.1428571428571,8.013347973142857,8642753.702400237
657.1428571428571,575.7142857142858,782.8571428571429,7.887796551794702,8945606.143321587
657.1428571428571,575.7142857142858,948.5714285714287,7.76689515234566,9191865.291186329
657.1428571428571,575.7142857142858,1114.2857142857142,7.653731393779121,9383088.106537871
657.1428571428571,575.7142857142858,1280.0,7.549579562192189,9528360.61891721
657.1428571428571,575.7142857142858,1445.7142857142858,7.454632626164759,9637347.028373407
657.1428571428571,575.7142857142858,1611.4285714285716,7.368501876837438,9718344.337235795
657.1428571428571,575.7142857142858,1777.1428571428573,7.2905234543194215,9777960.11055935
657.1428571428571,575.7142857142858,1942.857142857143,7.219933988184436,9821291.700098293
657.1428571428571,575.7142857142858,2108.5714285714284,7.155965458723417,9852218.701741105
657.1428571428571,575.7142857142858,2274.285714285714,7.0978927339995685,9873680.440738533
657.1428571428571,575.7142857142858,2440.0,7.045054382684186,9887904.11228511
657.1428571428571,575.7142857142858,2605.714285714286,6.996858925282155,9896581.73072102
657.1428571428571,575.7142857142858,2771.4285714285716,6.952783520691144,9901003.77020105
657.1428571428571,575.7142857142858,2937.1428571428573,6.912369030585251,9902158.908037111
657.1428571428571,575.7142857142858,3102.857142857143,6.875213633055518,9900808.163228616
657.1428571428571,575.7142857142858,3268.571428571429,6.8409661435654865,9897540.015190724
657.1428571428571,575.7142857142858,3434.2857142857147,6.809319628424233,9892811.493889151
657.1428571428571,575.7142857142858,3600.0,6.780005576978616,9886978.940275492
657.1428571428571,622.8571428571429,120.0,8.340913122173763,9381011.450226072
657.1428571428571,622.8571428571429,285.7142857142857,8.252512206680052,8254889.918696213
657.1428571428571,622.8571428571429,451.42857142857144,8.140804911252348,8443999.692664655
657.1428571428571,622.8571428571429,617.1428571428571,8.019047056562188,8781083.35303273
657.1428571428571,622.8571428571429,782.8571428571429,7.896318962543118,9092639.537126616
657.1428571428571,622.8571428571429,948.5714285714287,7.778188666785346,9347589.547554296
657.1428571428571,622.8571428571429,1114.2857142857142,7.66761982011907,9547065.786532717
657.1428571428571,622.8571428571429,1280.0,7.5658311232277935,9699976.761304667
657.1428571428571,622.8571428571429,1445.7142857142858,7.473001492969141,9815933.462609699
657.1428571428571,622.8571428571429,1611.4285714285716,7.388750646786858,9903242.99978577
657.1428571428571,622.8571428571429,1777.1428571428573,7.312433807050239,9968553.722122444
657.1428571428571,622.8571428571429,1942.857142857143,7.243310590584337,10017016.635485701
657.1428571428571,622.8571428571429,2108.5714285714284,7.180636274702839,10052568.261693591
657.1428571428571,622.8571428571429,2274.285714285714,7.1237075778121675,10078203.151219092
657.1428571428571,622.8571428571429,2440.0,7.071882738285727,10096199.652609965
657.1428571428571,622.8571428571429,2605.714285714286,7.02458757507032,10108295.931681406
657.1428571428571,622.8571428571429,2771.4285714285716,6.981314255329623,10115823.457345681
657.1428571428571,622.8571428571429,2937.1428571428573,6.941616561966507,10119806.985308379
657.1428571428571,622.8571428571429,3102.857142857143,6.905103752587937,10121039.11808787
657.1428571428571,622.8571428571429,3268.571428571429,6.871434127233149,10120135.908364017
657.1428571428571,622.8571428571429,3434.2857142857147,6.840308870863698,10117578.434162019
657.1428571428571,622.8571428571429,3600.0,6.81146642918884,10113744.01359625
657.1428571428571,670.0,120.0,8.340799378927969,9486981.365305744
657.1428571428571,670.0,285.7142857142857,8.253371862881526,8375691.38138959
657.1428571428571,670.0,451.42857142857144,8.143647668907388,8569753.337302849
657.1428571428571,670.0,617.1428571428571,8.024332828204013,8914461.437980272
657.1428571428571,670.0,782.8571428571429,7.904199293142128,9234434.861195313
657.1428571428571,670.0,948.5714285714287,7.788614994859508,9497733.858311342
657.1428571428571,670.0,1114.2857142857142,7.680431620806472,9705111.238788407
657.1428571428571,670.0,1280.0,7.580817623670393,9865320.345333036
657.1428571428571,670.0,1445.7142857142858,7.489939127224669,9987929.648657974
657.1428571428571,670.0,1611.4285714285716,7.407423347367492,10081260.633286022
657.1428571428571,670.0,1777.1428571428573,7.332642654049678,10152003.17884876
657.1428571428571,670.0,1942.857142857143,7.26487737800494,10205360.841377238
657.1428571428571,670.0,2108.5714285714284,7.2034038303418075,10245325.079820797
657.1428571428571,670.0,2274.285714285714,7.14753849071073,10274943.343197616
657.1428571428571,670.0,2440.0,7.096657415097133,10296542.768468257
657.1428571428571,670.0,2605.714285714286,7.050202116324203,10311905.424627054
657.1428571428571,670.0,2771.4285714285716,7.007678398213276,10322401.715380378
657.1428571428571,670.0,2937.1428571428573,6.968651801323247,10329090.628194636
657.1428571428571,670.0,3102.857142857143,6.932741679595809,10332794.715591088
657.1428571428571,670.0,3268.571428571429,6.899614988208203,10334156.170155646
657.1428571428571,670.0,3434.2857142857147,6.868980331042572,10333678.866175855
657.1428571428571,670.0,3600.0,6.840582519235695,10331760.00840948
657.1428571428571,717.1428571428572,120.0,8.340718565084785,9586739.820442932
657.1428571428571,717.1428571428572,285.7142857142857,8.254195824994666,8491897.682153154
657.1428571428571,717.1428571428572,451.42857142857144,8.146311567387952,8691194.357294664
657.1428571428571,717.1428571428572,617.1428571428571,8.029255693730208,9043414.117341075
657.1428571428571,717.1428571428572,782.8571428571429,7.911517887678133,9371554.541517774
657.1428571428571,717.1428571428572,948.5714285714287,7.798283977844606,9642902.918167422
657.1428571428571,717.1428571428572,1114.2857142857142,7.692303907688479,9857872.300929999
657.1428571428571,717.1428571428572,1280.0,7.594700434193189,10025080.565592391
657.1428571428571,717.1428571428572,1445.7142857142858,7.505627975583185,10154063.06568612
657.1428571428571,717.1428571428572,1611.4285714285716,7.42472047348012,10253159.434344752
657.1428571428571,717.1428571428572,1777.1428571428573,7.351365812245233,10329101.7761365
657.1428571428571,717.1428571428572,1942.857142857143,7.284863109962756,10387145.274341956
657.1428571428571,717.1428571428572,2108.5714285714284,7.224507788480847,10431334.625390187
657.1428571428571,717.1428571428572,2274.285714285714,7.169634309559857,10464768.176535236
657.1428571428571,717.1428571428572,2440.0,7.119634966151321,10489819.813325994
657.1428571428571,717.1428571428572,2605.714285714286,7.073965592739656,10508313.564152513
657.1428571428571,717.1428571428572,2771.4285714285716,7.0321444544471445,10521656.98306806
657.1428571428571,717.1428571428572,2937.1428571428573,6.99374785041759,10530941.686857281
657.1428571428571,717.1428571428572,3102.857142857143,6.958404385081359,10537018.758249378
657.1428571428571,717.1428571428572,3268.571428571429,6.925788953780321,10540555.282017035
657.1428571428571,717.1428571428572,3434.2857142857147,6.895616974977838,10542076.8374599
657.1428571428571,717.1428571428572,3600.0,6.867639113876985,10541999.564002926
657.1428571428571,764.2857142857143,120.0,8.340666339308473,9680898.113029025
657.1428571428571,764.2857142857143,285.7142857142857,8.254986805911141,8603951.239373323
657.1428571428571,764.2857142857143,451.42857142857144,8.148816105378689,8808742.569420949
657.1428571428571,764.2857142857143,617.1428571428571,8.03385763482538,9168377.121509803
657.1428571428571,764.2857142857143,782.8571428571429,7.918341364045922,9504464.064278679
657.1428571428571,764.2857142857143,948.5714285714287,7.807286506730097,9783597.002358736
657.1428571428571,764.2857142857143,1114.2857142857142,7.703350044431338,10005884.81671172
657.1428571428571,764.2857142857143,1280.0,7.607612956821004,10179827.415428512
657.1428571428571,764.2857142857143,1445.7142857142858,7.520218903046897,10314935.372826554
657.1428571428571,764.2857142857143,1611.4285714285716,7.440807899025978,10419569.829532
657.1428571428571,764.2857142857143,1777.1428571428573,7.3687819500857294,10500505.758981464
657.1428571428571,764.2857142857143,1942.857142857143,7.303457312188443,10563049.189625558
657.1428571428571,764.2857142857143,2108.5714285714284,7.244146867553511,10611296.58637798
657.1428571428571,764.2857142857143,2274.285714285714,7.190201530073642,10648395.45688154
657.1428571428571,764.2857142857143,2440.0,7.1410284677726885,10676764.658107892
657.1428571428571,764.2857142857143,2605.714285714286,7.0960966522928866,10698268.480890514
657.1428571428571,764.2857142857143,2771.4285714285716,7.054935793636873,10714350.069116002
657.1428571428571,764.2857142857143,2937.1428571428573,7.017132084009516,10726132.265387952
657.1428571428571,764.2857142857143,3102.857142857143,6.982322644248041,10734493.437343147
657.1428571428571,764.2857142857143,3268.571428571429,6.95018968826514,10740124.466091512
657.1428571428571,764.2857142857143,3434.2857142857147,6.920454922778527,10743571.676283339
657.1428571428571,764.2857142857143,3600.0,6.892874420933858,10745269.303791335
657.1428571428571,811.4285714285714,120.0,8.340639121334297,9769973.031569231
657.1428571428571,811.4285714285714,285.7142857142857,8.255747287530303,8712224.2579587
657.1428571428571,811.4285714285714,451.42857142857144,8.151177852971198,8922750.491179734
657.1428571428571,811.4285714285714,617.1428571428571,8.038173968647055,9289715.998784084
657.1428571428571,811.4285714285714,782.8571428571429,7.924725536777998,9633553.715511294
657.1428571428571,811.4285714285714,948.5714285714287,7.815698590133337,9920235.394896626
657.1428571428571,811.4285714285714,1114.2857142857142,7.713664758758664,10149597.75924229
657.1428571428571,811.4285714285714,1280.0,7.619666645380949,10330038.410583615
657.1428571428571,811.4285714285714,1445.7142857142858,7.533837979232639,10471050.591082651
657.1428571428571,811.4285714285714,1611.4285714285716,7.4558242954859555,10581019.957540993
657.1428571428571,811.4285714285714,1777.1428571428573,7.385040520330824,10666764.948263211
657.1428571428571,811.4285714285714,1942.857142857143,7.3208186225840715,10733641.76631051
657.1428571428571,811.4285714285714,2108.5714285714284,7.2624875159955575,10785797.362940894
657.1428571428571,811.4285714285714,2274.285714285714,7.209413239524998,10826426.882485751
657.1428571428571,811.4285714285714,2440.0,7.161016652936297,10857992.591350561
657.1428571428571,811.4285714285714,2605.714285714286,7.116778834092308,10882397.548664281
657.1428571428571,811.4285714285714,2771.4285714285716,7.076240051766328,10901119.112068342
657.1428571428571,811.4285714285714,2937.1428571428573,7.038995635434563,10915310.110685728
657.1428571428571,811.4285714285714,3102.857142857143,7.004690580295002,10925875.096059078
657.1428571428571,811.4285714285714,3268.571428571429,6.973013874301934,10933527.775600594
657.1428571428571,811.4285714285714,3434.2857142857147,6.943693050624482,10938834.368847689
657.1428571428571,811.4285714285714,3600.0,6.916489198304392,10942246.464453949
657.1428571428571,858.5714285714287,120.0,8.34063392593882,9854406.147503903
657.1428571428571,858.5714285714287,285.7142857142857,8.256479530978028,8817033.355123162
657.1428571428571,858.5714285714287,451.42857142857144,8.153411004117006,9033517.480680818
657.1428571428571,858.5714285714287,617.1428571428571,8.042234672733331,9407740.91434434
657.1428571428571,858.5714285714287,782.8571428571429,7.9307176051837995,9759154.463132568
657.1428571428571,858.5714285714287,948.5714285714287,7.823584392648675,10053173.503554363
657.1428571428571,858.5714285714287,1114.2857142857142,7.723327958200814,10289391.587815858
657.1428571428571,858.5714285714287,1280.0,7.630955500071451,10476118.12190027
657.1428571428571,858.5714285714287,1445.7142857142858,7.546591548381436,10622835.710350605
657.1428571428571,858.5714285714287,1611.4285714285716,7.469886680189011,10737957.236705048
657.1428571428571,858.5714285714287,1777.1428571428573,7.400267700338599,10828345.155738877
657.1428571428571,858.5714285714287,1942.857142857143,7.337081049498324,10899405.264256805
657.1428571428571,858.5714285714287,2108.5714285714284,7.2796704262082566,10955333.871149078
657.1428571428571,858.5714285714287,2274.285714285714,7.227415834600831,10999372.410692135
657.1428571428571,858.5714285714287,2440.0,7.179750790264548,11034025.17518192
657.1428571428571,858.5714285714287,2605.714285714286,7.13616757338343,11061232.66651922
657.1428571428571,858.5714285714287,2771.4285714285716,7.096216233406433,11082505.233703304
657.1428571428571,858.5714285714287,2937.1428571428573,7.059500572429971,11099024.590157362
657.1428571428571,858.5714285714287,3102.857142857143,7.025672894557015,11111720.491003858
657.1428571428571,858.5714285714287,3268.571428571429,6.9944284815124576,11121328.6053109
657.1428571428571,858.5714285714287,3434.2857142857147,6.965500285022017,11128434.288649738
657.1428571428571,858.5714285714287,3600.0,6.938654063247063,11133505.818227995
657.1428571428571,905.7142857142858,120.0,8.340648239623961,9934578.338127334
657.1428571428571,905.7142857142858,285.7142857142857,8.257185592344065,8918650.508887343
657.1428571428571,905.7142857142858,451.42857142857144,8.155527805479535,9141300.291794065
657.1428571428571,905.7142857142858,617.1428571428571,8.04606539779065,9522717.68439893
657.1428571428571,905.7142857142858,782.8571428571429,7.936357817221523,9881549.793609079
657.1428571428571,905.7142857142858,948.5714285714287,7.830998540280042,10182715.61479302
657.1428571428571,905.7142857142858,1114.2857142857142,7.732407623433603,10425591.930447826
657.1428571428571,905.7142857142858,1280.0,7.641559475941035,10618412.738353463
657.1428571428571,905.7142857142858,1445.7142857142858,7.5585700765187145,10770656.05881951
657.1428571428571,905.7142857142858,1611.4285714285716,7.483094630108913,10890764.457067551
657.1428571428571,905.7142857142858,1777.1428571428573,7.41457090839303,10985644.91531517
657.1428571428571,905.7142857142858,1942.857142857143,7.35235873538883,11060752.316382304
657.1428571428571,905.7142857142858,2108.5714285714284,7.295815498955234,11120331.325570747
657.1428571428571,905.7142857142858,2274.285714285714,7.244334147652912,11167668.468232037
657.1428571428571,905.7142857142858,2440.0,7.197359939920103,11205308.828601928
657.1428571428571,905.7142857142858,2605.714285714286,7.154395560503443,11235229.167518174
657.1428571428571,905.7142857142858,2771.4285714285716,7.115000151843735,11258971.732323384
657.1428571428571,905.7142857142858,2937.1428571428573,7.07878540042957,11277746.134125972
657.1428571428571,905.7142857142858,3102.857142857143,7.045410418152411,11292506.45323209
657.1428571428571,905.7142857142858,3268.571428571429,7.014576354313519,11304009.544868235
657.1428571428571,905.7142857142858,3434.2857142857147,6.986021216748512,11312859.2193884
657.1428571428571,905.7142857142858,3600.0,6.9595151241963435,11319539.845710304
657.1428571428571,952.8571428571429,120.0,8.340679927489397,10010820.902985802
657.1428571428571,952.8571428571429,285.7142857142857,8.257867340369124,9017311.395333076
657.1428571428571,952.8571428571429,451.42857142857144,8.157538893274515,9246321.091799852
657.1428571428571,952.8571428571429,617.1428571428571,8.049688252414198,9634876.14895687
657.1428571428571,952.8571428571429,782.8571428571429,7.94168075252512,10000984.69024078
657.1428571428571,952.8571428571429,948.5714285714287,7.837987894646665,10309124.567953639
657.1428571428571,952.8571428571429,1114.2857142857142,7.740962033433453,10558479.96285278
657.1428571428571,952.8571428571429,1280.0,7.651547104372325,10757221.116462523
657.1428571428571,952.8571428571429,1445.7142857142858,7.56985111177968,10914826.967673827
657.1428571428571,952.8571428571429,1611.4285714285716,7.495533526749985,11039771.997700937
657.1428571428571,952.8571428571429,1777.1428571428573,7.428042284734893,11139008.190239767
657.1428571428571,952.8571428571429,1942.857142857143,7.366749632200969,11218039.06677422
657.1428571428571,952.8571428571429,2108.5714285714284,7.311025677698329,11281156.754863124
657.1428571428571,952.8571428571429,2274.285714285714,7.260275410370429,11331691.79687183
657.1428571428571,952.8571428571429,2440.0,7.213955021992768,11372228.961643452
657.1428571428571,952.8571428571429,2605.714285714286,7.171576893591957,11404780.205296045
657.1428571428571,952.8571428571429,2771.4285714285716,7.132708649259995,11430918.690432578
657.1428571428571,952.8571428571429,2937.1428571428573,7.096969336288137,11451881.037608821
657.1428571428571,952.8571428571429,3102.857142857143,7.064024427747513,11468644.860783225
657.1428571428571,952.8571428571429,3268.571428571429,7.033580560210194,11481987.501918329
657.1428571428571,952.8571428571429,3434.2857142857147,7.005380473804872,11492530.611206317
657.1428571428571,952.8571428571429,3600.0,6.979198371857887,11500774.110076547
657.1428571428571,1000.0,120.0,8.340727161855293,10083424.199561931
657.1428571428571,1000.0,285.7142857142857,8.258526474209154,9113221.8346846
657.1428571428571,1000.0,451.42857142857144,8.159453560705414,9348773.646539884
657.1428571428571,1000.0,617.1428571428571,8.05312241855981,9744416.624967972
657.1428571428571,1000.0,782.8571428571429,7.9467163243028045,10117672.55055209
657.1428571428571,1000.0,948.5714285714287,7.844592935865617,10432629.208259307
657.1428571428571,1000.0,1114.2857142857142,7.749041498713464,10688300.405086491
657.1428571428571,1000.0,1280.0,7.660977535053407,10892803.295057941
657.1428571428571,1000.0,1445.7142857142858,7.580501591252001,11055622.762267863
657.1428571428571,1000.0,1611.4285714285716,7.507277086367919,11185267.246594336
657.1428571428571,1000.0,1777.1428571428573,7.440761408072022,11288734.173789172
657.1428571428571,1000.0,1942.857142857143,7.380338372071939,11371575.307040513
657.1428571428571,1000.0,2108.5714285714284,7.325389946248319,11438129.43277711
657.1428571428571,1000.0,2274.285714285714,7.275332355508927,11491770.142602531
657.1428571428571,1000.0,2440.0,7.229632003240024,11535120.890735254
657.1428571428571,1000.0,2605.714285714286,7.187810334503155,11570227.867711807
657.1428571428571,1000.0,2771.4285714285716,7.149442908678132,11598694.262491075
657.1428571428571,1000.0,2937.1428571428573,7.114155665368518,11621782.90123713
657.1428571428571,1000.0,3102.857142857143,7.081620038750303,11640494.214649193
657.1428571428571,1000.0,3268.571428571429,7.051547811595871,11655625.39743525
657.1428571428571,1000.0,3434.2857142857147,7.023686165588807,11667815.381778123
657.1428571428571,1000.0,3600.0,6.997813140568699,11677579.152115174
692.8571428571429,10.0,120.0,8.353216371499926,6533716.570517516
692.8571428571429,10.0,285.7142857142857,8.235376180109723,5549940.595120488
692.8571428571429,10.0,451.42857142857144,8.052651794282035,5685261.479208427
692.8571428571429,10.0,617.1428571428571,7.836755161708115,5837842.982715741
692.8571428571429,10.0,782.8571428571429,7.6124355903316285,5919686.413115313
692.8571428571429,10.0,948.5714285714287,7.396483626261376,5935034.853180957
692.8571428571429,10.0,1114.2857142857142,7.198016272767266,5902638.153769404
692.8571428571429,10.0,1280.0,7.020587814947592,5840073.105807354
692.8571428571429,10.0,1445.7142857142858,6.864437958943552,5760461.639311248
692.8571428571429,10.0,1611.4285714285716,6.728124317290601,5672693.46513787
692.8571428571429,10.0,1777.1428571428573,6.609516927840853,5582453.99719578
692.8571428571429,10.0,1942.857142857143,6.506339099078363,5493215.918765593
692.8571428571429,10.0,2108.5714285714284,6.416431563385008,5406994.861765448
692.8571428571429,10.0,2274.285714285714,6.337862270780771,5324874.524262928
692.8571428571429,10.0,2440.0,6.268955918988048,5247355.544536639
692.8571428571429,10.0,2605.714285714286,6.208284949531825,5174581.731651094
692.8571428571429,10.0,2771.4285714285716,6.154644332168508,5106484.657703308
692.8571428571429,10.0,2937.1428571428573,6.107021504706854,5042875.121763914
692.8571428571429,10.0,3102.857142857143,6.064566892348884,4983500.444160249
692.8571428571429,10.0,3268.571428571429,6.02656731372631,4928079.92262302
692.8571428571429,10.0,3434.2857142857147,5.992423007565178,4876326.385434487
692.8571428571429,10.0,3600.0,5.961628263559076,4827958.9238034515
692.8571428571429,57.142857142857146,120.0,8.34763941936873,7324263.981226137
692.8571428571429,57.142857142857146,285.7142857142857,8.233769027238848,6248143.86610208
692.8571428571429,57.142857142857146,451.42857142857144,8.065600130610107,6402429.452512013
692.8571428571429,57.142857142857146,617.1428571428571,7.870398782502659,6609907.361809185
692.8571428571429,57.142857142857146,782.8571428571429,7.668235739918309,6756929.24663277
692.8571428571429,57.142857142857146,948.5714285714287,7.472463458407892,6837917.170992587
692.8571428571429,57.142857142857146,1114.2857142857142,7.290446075673501,6866902.738977274
692.8571428571429,57.142857142857146,1280.0,7.125270518330465,6859359.135112593
692.8571428571429,57.142857142857146,1445.7142857142858,6.9774391998486,6827815.972869434
692.8571428571429,57.142857142857146,1611.4285714285716,6.846087522120868,6781395.257516928
692.8571428571429,57.142857142857146,1777.1428571428573,6.729736509500861,6726406.1166545255
692.8571428571429,57.142857142857146,1942.857142857143,6.626716101149552,6667082.602585532
692.8571428571429,57.142857142857146,2108.5714285714284,6.535384300531556,6606203.844374498
692.8571428571429,57.142857142857146,2274.285714285714,6.454228906462407,6545555.031763201
692.8571428571429,57.142857142857146,2440.0,6.381905313296936,6486252.0959362
692.8571428571429,57.142857142857146,2605.714285714286,6.317241394881359,6428964.46197641
692.8571428571429,57.142857142857146,2771.4285714285716,6.259226739689058,6374065.893325879
692.8571428571429,57.142857142857146,2937.1428571428573,6.206995520285946,6321736.004295676
692.8571428571429,57.142857142857146,3102.857142857143,6.159807788348759,6272028.378947288
692.8571428571429,57.142857142857146,3268.571428571429,6.117031519695963,6224916.214286769
692.8571428571429,57.142857142857146,3434.2857142857147,6.07812641159614,6180322.859508861
692.8571428571429,57.142857142857146,3600.0,6.042629747987557,6138142.198509954
692.8571428571429,104.28571428571429,120.0,8.345210826128692,7759467.436607039
692.8571428571429,104.28571428571429,285.7142857142857,8.235174964821535,6637034.01876778
692.8571428571429,104.28571428571429,451.42857142857144,8.077348243692358,6794721.538726536
692.8571428571429,104.28571428571429,617.1428571428571,7.896342591864883,7026506.872217234
692.8571428571429,104.28571428571429,782.8571428571429,7.709716075110173,7204900.874091204
692.8571428571429,104.28571428571429,948.5714285714287,7.5289623458441355,7318881.848671282
692.8571428571429,104.28571428571429,1114.2857142857142,7.360405962964719,7379785.462484796
692.8571428571429,104.28571428571429,1280.0,7.206727266516837,7401760.737465607
692.8571428571429,104.28571428571429,1445.7142857142858,7.068404844696596,7396805.382815522
692.8571428571429,104.28571428571429,1611.4285714285716,6.944741943114386,7373959.837782858
692.8571428571429,104.28571428571429,1777.1428571428573,6.834501433829258,7339688.273170199
692.8571428571429,104.28571428571429,1942.857142857143,6.736265829207877,7298487.619011979
692.8571428571429,104.28571428571429,2108.5714285714284,6.648626609714846,7253434.492923178
692.8571428571429,104.28571428571429,2274.285714285714,6.570274633691352,7206607.381162629
692.8571428571429,104.28571428571429,2440.0,6.500035992789102,7159392.762172822
692.8571428571429,104.28571428571429,2605.714285714286,6.43687922576102,7112700.642469243
692.8571428571429,104.28571428571429,2771.4285714285716,6.379908482254287,7067114.202051984
692.8571428571429,104.28571428571429,2937.1428571428573,6.328350605415079,7022993.0655792635
692.8571428571429,104.28571428571429,3102.857142857143,6.281540337064148,6980544.441109919
692.8571428571429,104.28571428571429,3268.571428571429,6.238905753337502,6939872.14176966
692.8571428571429,104.28571428571429,3434.2857142857147,6.199954895500253,6901010.409479685
692.8571428571429,104.28571428571429,3600.0,6.164263952961816,6863947.28374232
692.8571428571429,151.42857142857144,120.0,8.343697286929388,8083071.046050209
692.8571428571429,151.42857142857144,285.7142857142857,8.236893198297247,6933627.058733446
692.8571428571429,151.42857142857144,451.42857142857144,8.087000548928934,7093472.852138212
692.8571428571429,151.42857142857144,617.1428571428571,7.91663308376115,7342664.503239041
692.8571428571429,151.42857142857144,782.8571428571429,7.74161987971931,7543739.137412238
692.8571428571429,151.42857142857144,948.5714285714287,7.572199113376695,7681721.115269955
692.8571428571429,151.42857142857144,1114.2857142857142,7.413984232814912,7766006.136422065
692.8571428571429,151.42857142857144,1280.0,7.269359408158011,7809785.194365771
692.8571428571429,151.42857142857144,1445.7142857142858,7.138760369347279,7824653.936102176
692.8571428571429,151.42857142857144,1611.4285714285716,7.021578462706982,7819565.8635453805
692.8571428571429,151.42857142857144,1777.1428571428573,6.9167195789013585,7801066.399446822
692.8571428571429,151.42857142857144,1942.857142857143,6.822922286370827,7773813.8183179125
692.8571428571429,151.42857142857144,2108.5714285714284,6.73892650374031,7741075.583894319
692.8571428571429,151.42857142857144,2274.285714285714,6.663555233945022,7705123.065253618
692.8571428571429,151.42857142857144,2440.0,6.595748021628433,7667523.907063049
692.8571428571429,151.42857142857144,2605.714285714286,6.534568797424099,7629351.632517059
692.8571428571429,151.42857142857144,2771.4285714285716,6.479200949180836,7591333.627824428
692.8571428571429,151.42857142857144,2937.1428571428573,6.4289366928367215,7553954.95335258
692.8571428571429,151.42857142857144,3102.857142857143,6.383164518494031,7517531.048730423
692.8571428571429,151.42857142857144,3268.571428571429,6.341356638066361,7482258.702278796
692.8571428571429,151.42857142857144,3434.2857142857147,6.303057342480088,7448251.864864939
692.8571428571429,151.42857142857144,3600.0,6.26787262817614,7415566.885264742
692.8571428571429,198.57142857142858,120.0,8.342648844307238,8346124.656367348
692.8571428571429,198.57142857142858,285.7142857142857,8.23860042484491,7181501.092763452
692.8571428571429,198.57142857142858,451.42857142857144,8.095117883005903,7343759.711005302
692.8571428571429,198.57142857142858,617.1428571428571,7.933199936318828,7607282.187107094
692.8571428571429,198.57142857142858,782.8571428571429,7.767373636186467,7826814.754879491
692.8571428571429,198.57142857142858,948.5714285714287,7.60694785432208,7984268.067511303
692.8571428571429,198.57142857142858,1114.2857142857142,7.457008291711749,8087528.805030321
692.8571428571429,198.57142857142858,1280.0,7.3197134187602835,8149049.01414154
692.8571428571429,198.57142857142858,1445.7142857142858,7.195458081621933,8180113.564110762
692.8571428571429,198.57142857142858,1611.4285714285716,7.083689704645008,8189605.69805549
692.8571428571429,198.57142857142858,1777.1428571428573,6.983412473693095,8184129.032803161
692.8571428571429,198.57142857142858,1942.857142857143,6.8934749748572735,8168461.921369857
692.8571428571429,198.57142857142858,2108.5714285714284,6.812723488953656,8146015.564803613
692.8571428571429,198.57142857142858,2274.285714285714,6.740076964912991,8119207.819199255
692.8571428571429,198.57142857142858,2440.0,6.674558308661464,8089744.921235473
692.8571428571429,198.57142857142858,2605.714285714286,6.6153023363867645,8058826.335721932
692.8571428571429,198.57142857142858,2771.4285714285716,6.561551966606063,8027291.239429823
692.8571428571429,198.57142857142858,2937.1428571428573,6.512649062755288,7995722.540455455
692.8571428571429,198.57142857142858,3102.857142857143,6.468023375754565,7964520.615449083
692.8571428571429,198.57142857142858,3268.571428571429,6.427181366400753,7933955.642311162
692.8571428571429,198.57142857142858,3434.2857142857147,6.389695762058051,7904204.844177709
692.8571428571429,198.57142857142858,3600.0,6.35519619978868,7875379.088289151
692.8571428571429,245.71428571428572,120.0,8.341884929425474,8569827.88143165
692.8571428571429,245.71428571428572,285.7142857142857,8.240223364013012,7398275.045466899
692.8571428571429,245.71428571428572,451.42857142857144,8.102096193752729,7563483.562970317
692.8571428571429,245.71428571428572,617.1428571428571,7.947144787090703,7839602.987688641
692.8571428571429,245.71428571428572,782.8571428571429,7.7888639052892295,8075052.599257887
692.8571428571429,245.71428571428572,948.5714285714287,7.635836436471299,8249187.730770695
692.8571428571429,245.71428571428572,1114.2857142857142,7.492735879211667,8368670.795736642
692.8571428571429,245.71428571428572,1280.0,7.361541842713567,8445362.002653787
692.8571428571429,245.71428571428572,1445.7142857142858,7.242613120057909,8490300.734504703
692.8571428571429,245.71428571428572,1611.4285714285716,7.135436653318863,8512317.326247562
692.8571428571429,245.71428571428572,1777.1428571428573,7.039089792076265,8518064.83115962
692.8571428571429,245.71428571428572,1942.857142857143,6.95250441983415,8512420.30735459
692.8571428571429,245.71428571428572,2108.5714285714284,6.874608227620163,8498912.561492164
692.8571428571429,245.71428571428572,2274.285714285714,6.804394256306722,8480079.328307215
692.8571428571429,245.71428571428572,2440.0,6.740950303621642,8457740.487572828
692.8571428571429,245.71428571428572,2605.714285714286,6.683466786272228,8433199.066837048
692.8571428571429,245.71428571428572,2771.4285714285716,6.631233661431195,8407386.469642904
692.8571428571429,245.71428571428572,2937.1428571428573,6.583632305961371,8380966.609813189
692.8571428571429,245.71428571428572,3102.857142857143,6.54012554454079,8354410.4336351175
692.8571428571429,245.71428571428572,3268.571428571429,6.500247486504375,8328049.314907009
692.8571428571429,245.71428571428572,3434.2857142857147,6.463593978519041,8302113.4260471435
692.8571428571429,245.71428571428572,3600.0,6.429814014538372,8276759.419871138
692.8571428571429,292.8571428571429,120.0,8.341313323508356,8765371.910471234
692.8571428571429,292.8571428571429,285.7142857142857,8.241747054829961,7593062.302556623
692.8571428571429,292.8571428571429,451.42857142857144,8.108201040000639,7761785.473123901
692.8571428571429,292.8571428571429,617.1428571428571,7.959145878869945,8049390.399681102
692.8571428571429,292.8571428571429,782.8571428571429,7.80722933113648,8299042.87487954
692.8571428571429,292.8571428571429,948.5714285714287,7.660446130087543,8487947.746531773
692.8571428571429,292.8571428571429,1114.2857142857142,7.523136217720741,8621747.392045613
692.8571428571429,292.8571428571429,1280.0,7.397133142968625,8711816.159410669
692.8571428571429,292.8571428571429,1445.7142857142858,7.282764331613619,8768996.500943376
692.8571428571429,292.8571428571429,1611.4285714285716,7.1795464010170775,8802080.832150863
692.8571428571429,292.8571428571429,1777.1428571428573,7.086613968763224,8817768.15008061
692.8571428571429,292.8571428571429,1942.857142857143,7.002964933518662,8821021.530522907
692.8571428571429,292.8571428571429,2108.5714285714284,6.927592020781029,8815470.946082063
692.8571428571429,292.8571428571429,2274.285714285714,6.859547847275093,8803756.830650091
692.8571428571429,292.8571428571429,2440.0,6.797972698774059,8787796.335163046
692.8571428571429,292.8571428571429,2605.714285714286,6.7421022177879575,8768981.186526887
692.8571428571429,292.8571428571429,2771.4285714285716,6.6912648313831555,8748321.893159812
692.8571428571429,292.8571428571429,2937.1428571428573,6.644874404152643,8726551.982159466
692.8571428571429,292.8571428571429,3102.857142857143,6.602421096631452,8704203.176970618
692.8571428571429,292.8571428571429,3268.571428571429,6.5634619887296175,8681659.67846332
692.8571428571429,292.8571428571429,3434.2857142857147,6.527612233824196,8659197.477476133
692.8571428571429,292.8571428571429,3600.0,6.494537073571099,8637012.943087246
692.8571428571429,340.0,120.0,8.340880209116758,8939502.682483364
692.8571428571429,340.0,285.7142857142857,8.243173607881708,7771267.57560498
692.8571428571429,340.0,451.42857142857144,8.113616312137466,7944033.794966262
692.8571428571429,340.0,617.1428571428571,7.969649786599211,8242351.224714351
692.8571428571429,340.0,782.8571428571429,7.823209313643576,8504964.056777008
692.8571428571429,340.0,948.5714285714287,7.681800342826653,8707236.779789675
692.8571428571429,340.0,1114.2857142857142,7.549485751113565,8853946.272257995
692.8571428571429,340.0,1280.0,7.4279770053798,8956061.150199449
692.8571428571429,340.0,1445.7142857142858,7.31757418103345,9024264.305841459
692.8571428571429,340.0,1611.4285714285716,7.217817173905537,9067322.736253586
692.8571428571429,340.0,1777.1428571428573,7.127887022363852,9091980.11650343
692.8571428571429,340.0,1942.857142857143,7.04683565025487,9103277.301486257
692.8571428571429,340.0,2108.5714285714284,6.9737093341583085,9104934.210042069
692.8571428571429,340.0,2274.285714285714,6.90760999722703,9099682.005198153
692.8571428571429,340.0,2440.0,6.84772156728557,9089523.556256453
692.8571428571429,340.0,2605.714285714286,6.793317456263375,9075928.702950206
692.8571428571429,340.0,2771.4285714285716,6.743758355553628,9059977.64118396
692.8571428571429,340.0,2937.1428571428573,6.698485490420069,9042465.281299755
692.8571428571429,340.0,3102.857142857143,6.65701213751681,9023977.007965675
692.8571428571429,340.0,3268.571428571429,6.618914879910097,9004943.734799225
692.8571428571429,340.0,3434.2857142857147,6.583825328816468,8985682.034909638
692.8571428571429,340.0,3600.0,6.551422630936919,8966423.515773876
692.8571428571429,387.14285714285717,120.0,8.340551346651193,9096650.678114468
692.8571428571429,387.14285714285717,285.7142857142857,8.244510265801576,7936393.300773174
692.8571428571429,387.14285714285717,451.42857142857144,8.118474036285592,8113680.841572061
692.8571428571429,387.14285714285717,617.1428571428571,7.978966171485507,8422142.076625353
692.8571428571429,387.14285714285717,782.8571428571429,7.837311116712788,8696769.16188178
692.8571428571429,387.14285714285717,948.5714285714287,7.700598946943291,8911333.105924038
692.8571428571429,387.14285714285717,1114.2857142857142,7.572657706733368,9069866.782327687
692.8571428571429,387.14285714285717,1280.0,7.45509492043289,9182995.858531907
692.8571428571429,387.14285714285717,1445.7142857142858,7.34818665768635,9261273.252563607
692.8571428571429,387.14285714285717,1611.4285714285716,7.251491666660379,9313450.940284189
692.8571428571429,387.14285714285717,1777.1428571428573,7.164229599058305,9346317.025545424
692.8571428571429,387.14285714285717,1942.857142857143,7.085497662510259,9364984.437503695
692.8571428571429,387.14285714285717,2108.5714285714284,7.014387242948358,9373254.931703081
692.8571428571429,387.14285714285717,2274.285714285714,6.950041968888909,9373941.601676943
692.8571428571429,387.14285714285717,2440.0,6.891682821707531,9369124.456853494
692.8571428571429,387.14285714285717,2605.714285714286,6.838615395893943,9360343.530540096
692.8571428571429,387.14285714285717,2771.4285714285716,6.790227970089601,9348741.618713478
692.8571428571429,387.14285714285717,2937.1428571428573,6.745985243312199,9335168.788566908
692.8571428571429,387.14285714285717,3102.857142857143,6.705420390390221,9320258.677008146
692.8571428571429,387.14285714285717,3268.571428571429,6.668126837528764,9304484.242544565
692.8571428571429,387.14285714285717,3434.2857142857147,6.6337504550222794,9288198.626874423
692.8571428571429,387.14285714285717,3600.0,6.601982475353442,9271665.230268419
692.8571428571429,434.28571428571433,120.0,8.34030358203478,9239906.99015113
692.8571428571429,434.28571428571433,285.7142857142857,8.245765418407673,8090855.858199327
692.8571428571429,434.28571428571433,451.42857142857144,8.12287205562203,8273093.838709386
692.8571428571429,434.28571428571433,617.1428571428571,7.987318587440162,8591263.039005445
692.8571428571429,434.28571428571433,782.8571428571429,7.849897781241806,8877157.64611243
692.8571428571429,434.28571428571433,948.5714285714287,7.717341358459237,9103157.408634104
692.8571428571429,434.28571428571433,1114.2857142857142,7.593275097018292,9272649.51257373
692.8571428571429,434.28571428571433,1280.0,7.47921668574181,9395967.244275915
692.8571428571429,434.28571428571433,1445.7142857142858,7.375420962860281,9483557.520546077
692.8571428571429,434.28571428571433,1611.4285714285716,7.281462320765452,9544166.000995629
692.8571428571429,434.28571428571433,1777.1428571428573,7.1965931775097225,9584625.448413145
692.8571428571429,434.28571428571433,1942.857142857143,7.119949410270077,9610116.719441235
692.8571428571429,434.28571428571433,2108.5714285714284,7.0506610841513755,9624517.288856035
692.8571428571429,434.28571428571433,2274.285714285714,6.987907711221897,9630715.45094006
692.8571428571429,434.28571428571433,2440.0,6.930942254638384,9630861.739982344
692.8571428571429,434.28571428571433,2605.714285714286,6.879098169913573,9626560.238952268
692.8571428571429,434.28571428571433,2771.4285714285716,6.831787687964214,9619010.818206541
692.8571428571429,434.28571428571433,2937.1428571428573,6.788495946465153,9609113.826530706
692.8571428571429,434.28571428571433,3102.857142857143,6.748773493848715,9597546.901410269
692.8571428571429,434.28571428571433,3268.571428571429,6.712228502706946,9584821.363987135
692.8571428571429,434.28571428571433,3434.2857142857147,6.678519360945374,9571323.747714516
692.8571428571429,434.28571428571433,3600.0,6.64734793893822,9557346.509794889
692.8571428571429,481.42857142857144,120.0,8.340120526762723,9371527.705490442
692.8571428571429,481.42857142857144,285.7142857142857,8.246947204858065,8236402.160391806
692.8571428571429,481.42857142857144,451.42857142857144,8.126884846180463,8423975.624212533
692.8571428571429,481.42857142857144,617.1428571428571,7.994873692232249,8751508.306918172
692.8571428571429,481.42857142857144,782.8571428571429,7.861237978534476,9048064.763084441
692.8571428571429,481.42857142857144,948.5714285714287,7.732396180725869,9284802.829489883
692.8571428571429,481.42857142857144,1114.2857142857142,7.611797551432147,9464545.395855734
692.8571428571429,481.42857142857144,1280.0,7.500881166296872,9597375.003201304
692.8571428571429,481.42857142857144,1445.7142857142858,7.39988294433038,9693652.370770367
692.8571428571429,481.42857142857144,1611.4285714285716,7.308390512014249,9762124.198926112
692.8571428571429,481.42857142857144,1777.1428571428573,7.225684538066664,9809668.362896023
692.8571428571429,481.42857142857144,1942.857142857143,7.150934417353863,9841530.51585738
692.8571428571429,481.42857142857144,2108.5714285714284,7.083303857996045,9861659.081834784
692.8571428571429,481.42857142857144,2274.285714285714,7.022003675040363,9873012.247806093
692.8571428571429,481.42857142857144,2440.0,6.966314806217335,9877805.819809979
692.8571428571429,481.42857142857144,2605.714285714286,6.915595139872734,9877703.027430806
692.8571428571429,481.42857142857144,2771.4285714285716,6.8692779642879875,9873956.387711244
692.8571428571429,481.42857142857144,2937.1428571428573,6.826866429201461,9867512.610558623
692.8571428571429,481.42857142857144,3102.857142857143,6.78792643037776,9859089.903948097
692.8571428571429,481.42857142857144,3268.571428571429,6.752079197343287,9849234.972014887
692.8571428571429,481.42857142857144,3434.2857142857147,6.718994226934677,9838365.162046108
692.8571428571429,481.42857142857144,3600.0,6.688382851585114,9826799.762145804
692.8571428571429,528.5714285714286,120.0,8.339990161459404,9493218.144910831
692.8571428571429,528.5714285714286,285.7142857142857,8.248063050959463,8374341.86274402
692.8571428571429,528.5714285714286,451.42857142857144,8.130570388763802,8567597.537754133
692.8571428571429,528.5714285714286,617.1428571428571,8.001759022258748,8904214.821641717
692.8571428571429,528.5714285714286,782.8571428571429,7.871536018981938,9210931.227930035
692.8571428571429,528.5714285714286,948.5714285714287,7.746043028429055,9457827.039307915
692.8571428571429,528.5714285714286,1114.2857142857142,7.628573542151815,9647229.480062924
692.8571428571429,528.5714285714286,1280.0,7.5204971203993285,9789005.252592864
692.8571428571429,528.5714285714286,1445.7142857142858,7.422032704754901,9893445.506530223
692.8571428571429,528.5714285714286,1611.4285714285716,7.33277929273054,9969304.262717608
692.8571428571429,528.5714285714286,1777.1428571428573,7.252042229236305,10023505.057812002
692.8571428571429,528.5714285714286,1942.857142857143,7.179020319455779,10061355.90425122
692.8571428571429,528.5714285714286,2108.5714285714284,7.112906880654861,10086872.35664795
692.8571428571429,528.5714285714286,2274.285714285714,7.052940347639291,10103078.204142815
692.8571428571429,528.5714285714286,2440.0,6.99842639902482,10112250.254471513
692.8571428571429,528.5714285714286,2605.714285714286,6.94874458008026,10116106.881825568
692.8571428571429,528.5714285714286,2771.4285714285716,6.903346884507872,10115949.623544833
692.8571428571429,528.5714285714286,2937.1428571428573,6.861752496123694,10112768.330015644
692.8571428571429,528.5714285714286,3102.857142857143,6.823541000918466,10107318.954158332
692.8571428571429,528.5714285714286,3268.571428571429,6.788345299160584,10100181.12233213
692.8571428571429,528.5714285714286,3434.2857142857147,6.755844836993122,10091800.861517001
692.8571428571429,528.5714285714286,3600.0,6.72575943776174,10082522.443664718
692.8571428571429,575.7142857142858,120.0,8.339903415967381,9606303.952598874
692.8571428571429,575.7142857142858,285.7142857142857,8.249119562932972,8505685.782270955
692.8571428571429,575.7142857142858,451.42857142857144,8.133974693397723,8704937.42093114
692.8571428571429,575.7142857142858,617.1428571428571,8.00807432071769,9050409.186318416
692.8571428571429,575.7142857142858,782.8571428571429,7.880950807180565,9366862.3951199
692.8571428571429,575.7142857142858,948.5714285714287,7.75849888521687,9623424.635693246
692.8571428571429,575.7142857142858,1114.2857142857142,7.643873321272003,9821986.226661902
692.8571428571429,575.7142857142858,1280.0,7.538381654406905,9972227.742682237
692.8571428571429,575.7142857142858,1445.7142857142858,7.442227493325409,10084384.920687316
692.8571428571429,575.7142857142858,1611.4285714285716,7.355019732495966,10167224.513832081
692.8571428571429,575.7142857142858,1777.1428571428573,7.276085505869023,10227716.299160454
692.8571428571429,575.7142857142858,1942.857142857143,7.204649690929017,10271228.702970762
692.8571428571429,575.7142857142858,2108.5714285714284,7.139931922642051,10301841.28699813
692.8571428571429,575.7142857142858,2274.285714285714,7.081195240147363,10322639.904470846
692.8571428571429,575.7142857142858,2440.0,7.027767407364499,10335958.826974833
692.8571428571429,575.7142857142858,2605.714285714286,6.9790473400849695,10343568.245968405
692.8571428571429,575.7142857142858,2771.4285714285716,6.93450379462306,10346815.695286537
692.8571428571429,575.7142857142858,2937.1428571428573,6.893670350298503,10346731.47340608
692.8571428571429,575.7142857142858,3102.857142857143,6.856138906677538,10344106.910525654
692.8571428571429,575.7142857142858,3268.571428571429,6.82155287992764,10339552.488678195
692.8571428571429,575.7142857142858,3434.2857142857147,6.789600696681369,10333541.118549764
692.8571428571429,575.7142857142858,3600.0,6.760009857550716,10326440.498461166
692.8571428571429,622.8571428571429,120.0,8.339853283199908,9711839.567473967
692.8571428571429,622.8571428571429,285.7142857142857,8.250122556928819,8631232.895320335
692.8571428571429,622.8571428571429,451.42857142857144,8.137134873757148,8836765.904887233
692.8571428571429,622.8571428571429,617.1428571428571,8.013899039225581,9190899.308057189
692.8571428571429,622.8571428571429,782.8571428571429,7.889608299241023,9516727.462856168
692.8571428571429,622.8571428571429,948.5714285714287,7.769935387594323,9782534.581991626
692.8571428571429,622.8571428571429,1114.2857142857142,7.657910525477516,9989825.03730333
692.8571428571429,622.8571428571429,1280.0,7.554785489101998,10148118.891162163
692.8571428571429,622.8571428571429,1445.7142857142858,7.46074995881847,10267608.666445019
692.8571428571429,622.8571428571429,1611.4285714285716,7.375421536954544,10357078.554499723
692.8571428571429,622.8571428571429,1777.1428571428573,7.2981467748260975,10423545.147946913
692.8571428571429,622.8571428571429,1942.857142857143,7.228173865499142,10472435.701408071
692.8571428571429,622.8571428571429,2108.5714285714284,7.164746033854983,10507891.18293452
692.8571428571429,622.8571428571429,2274.285714285714,7.107148416979531,10533056.543380117
692.8571428571429,622.8571428571429,2440.0,7.054728650815866,10550320.540031621
692.8571428571429,622.8571428571429,2605.714285714286,7.006903111127818,10561502.372353733
692.8571428571429,622.8571428571429,2771.4285714285716,6.963155689272339,10567993.011343783
692.8571428571429,622.8571428571429,2937.1428571428573,6.923032983931539,10570860.919690363
692.8571428571429,622.8571428571429,3102.857142857143,6.886138049207265,10570930.792339284
692.8571428571429,622.8571428571429,3268.571428571429,6.8521238424704025,10568842.207046364
692.8571428571429,622.8571428571429,3434.2857142857147,6.820686951141306,10565093.425889172
692.8571428571429,622.8571428571429,3600.0,6.791561862991535,10560074.242422387
692.8571428571429,670.0,120.0,8.339834242342384,9810679.949137084
692.8571428571429,670.0,285.7142857142857,8.251077135688382,8751627.416483963
692.8571428571429,670.0,451.42857142857144,8.140081294721638,8963702.76854621
692.8571428571429,670.0,617.1428571428571,8.019297467947922,9326334.130119972
692.8571428571429,670.0,782.8571428571429,7.8976099658994725,9661224.085797686
692.8571428571429,670.0,948.5714285714287,7.780490542338044,9935910.179948451
692.8571428571429,670.0,1114.2857142857142,7.670856822890724,10151555.519338114
692.8571428571429,670.0,1280.0,7.569910109517956,10317541.984329611
692.8571428571429,670.0,1445.7142857142858,7.477827363357175,10444029.505631004
692.8571428571429,670.0,1611.4285714285716,7.394233919561943,10539823.83874538
692.8571428571429,670.0,1777.1428571428573,7.318493770468806,10611988.946322486
692.8571428571429,670.0,1942.857142857143,7.2498761167059405,10666009.596097393
692.8571428571429,670.0,2108.5714285714284,7.187645482204919,10706085.964039562
692.8571428571429,670.0,2274.285714285714,7.131106991577459,10735419.576288735
692.8571428571429,670.0,2440.0,7.0796262846764595,10756451.134910306
692.8571428571429,670.0,2605.714285714286,7.03263558091042,10771046.444450978
692.8571428571429,670.0,2771.4285714285716,6.9896325266416985,10780637.719226051
692.8571428571429,670.0,2937.1428571428573,6.950175570469575,10786329.62463815
692.8571428571429,670.0,3102.857142857143,6.91387793390984,10788978.48884233
692.8571428571429,670.0,3268.571428571429,6.880401283601229,10789251.468544558
692.8571428571429,670.0,3434.2857142857147,6.849449666587514,10787670.854506496
692.8571428571429,670.0,3600.0,6.8207639662104835,10784647.384703452
692.8571428571429,717.1428571428572,120.0,8.339841870100656,9903529.686651072
692.8571428571429,717.1428571428572,285.7142857142857,8.251987776111758,8867397.604653118
692.8571428571429,717.1428571428572,451.42857142857144,8.142839109084784,9086255.103424625
692.8571428571429,717.1428571428572,617.1428571428571,8.024322341427908,9457244.009399125
692.8571428571429,717.1428571428572,782.8571428571429,7.905038706381793,9800922.022988003
692.8571428571429,717.1428571428572,948.5714285714287,7.790276898094501,10084166.335691335
692.8571428571429,717.1428571428572,1114.2857142857142,7.682852126012895,10307838.34101873
692.8571428571429,717.1428571428572,1280.0,7.583919733543002,10481201.392183466
692.8571428571429,717.1428571428572,1445.7142857142858,7.493645011316163,10614392.162257474
692.8571428571429,717.1428571428572,1611.4285714285716,7.411660216524171,10716241.615890624
692.8571428571429,717.1428571428572,1777.1428571428573,7.3373451151877696,10793861.61154383
692.8571428571429,717.1428571428572,1942.857142857143,7.269987960204311,10852793.322565796
692.8571428571429,717.1428571428572,2108.5714285714284,7.208872628434354,10897294.250600806
692.8571428571429,717.1428571428572,2274.285714285714,7.153322434995349,10930620.326467475
692.8571428571429,717.1428571428572,2440.0,7.102719429513439,10955262.00400746
692.8571428571429,717.1428571428572,2605.714285714286,7.056510292899134,10973129.614399455
692.8571428571429,717.1428571428572,2771.4285714285716,7.014205244039354,10985694.714136314
692.8571428571429,717.1428571428572,2937.1428571428573,6.975373577415209,10994096.468677154
692.8571428571429,717.1428571428572,3102.857142857143,6.939637832784603,10999221.333982535
692.8571428571429,717.1428571428572,3268.571428571429,6.906667668982163,11001762.725060498
692.8571428571429,717.1428571428572,3434.2857142857147,6.876173987145805,11002265.808042992
692.8571428571429,717.1428571428572,3600.0,6.847903554301424,11001161.260521552
692.8571428571429,764.2857142857143,120.0,8.339872570884804,9990977.622500647
692.8571428571429,764.2857142857143,285.7142857142857,8.252858413264704,8978982.949336959
692.8571428571429,764.2857142857143,451.42857142857144,8.145429380659257,9204843.957760675
692.8571428571429,764.2857142857143,617.1428571428571,8.029017433600613,9584068.861500613
692.8571428571429,764.2857142857143,782.8571428571429,7.91196308225761,9936293.54489732
692.8571428571429,764.2857142857143,948.5714285714287,7.799387384590665,10227812.484915214
692.8571428571429,764.2857142857143,1114.2857142857142,7.694011887673025,10459220.66456079
692.8571428571429,764.2857142857143,1280.0,7.596949867528931,10639680.356937932
692.8571428571429,764.2857142857143,1445.7142857142858,7.508355860122133,10779313.247950515
692.8571428571429,764.2857142857143,1611.4285714285716,7.4278683622356665,10886978.753843239
692.8571428571429,764.2857142857143,1777.1428571428573,7.354881491766036,10969837.12298528
692.8571428571429,764.2857142857143,1942.857142857143,7.288700880274071,11033484.98958297
692.8571428571429,764.2857142857143,2108.5714285714284,7.228628087653023,11082235.551460287
692.8571428571429,764.2857142857143,2274.285714285714,7.174003074315285,11119397.256692406
692.8571428571429,764.2857142857143,2440.0,7.12422292622197,11147508.399182731
692.8571428571429,764.2857142857143,2605.714285714286,7.078747592753386,11168522.021438457
692.8571428571429,764.2857142857143,2771.4285714285716,7.037098842759218,11183947.358982075
692.8571428571429,764.2857142857143,2937.1428571428573,6.998855946786422,11194956.585608978
692.8571428571429,764.2857142857143,3102.857142857143,6.963650025869725,11202464.964348672
692.8571428571429,764.2857142857143,3268.571428571429,6.931158107621534,11207191.008334171
692.8571428571429,764.2857142857143,3434.2857142857147,6.901097419909782,11209701.744607005
692.8571428571429,764.2857142857143,3600.0,6.873220166861442,11210446.905463569
692.8571428571429,811.4285714285714,120.0,8.339923384783127,10073521.883349556
692.8571428571429,811.4285714285714,285.7142857142857,8.253692515656441,9086753.711253468
692.8571428571429,811.4285714285714,451.42857142857144,8.147869920550486,9319823.428579401
692.8571428571429,811.4285714285714,617.1428571428571,8.033419464165256,9707178.300882943
692.8571428571429,811.4285714285714,782.8571428571429,7.918440413081926,10067735.180808343
692.8571428571429,811.4285714285714,948.5714285714287,7.807899574481151,10367276.139246657
692.8571428571429,811.4285714285714,1114.2857142857142,7.704432424302064,10606161.490170695
692.8571428571429,811.4285714285714,1280.0,7.609113551569699,10793468.03032077
692.8571428571429,811.4285714285714,1445.7142857142858,7.522087542465658,10939309.839724831
692.8571428571429,811.4285714285714,1611.4285714285716,7.442998552804478,11052577.688890252
692.8571428571429,811.4285714285714,1777.1428571428573,7.3712538284467115,11140480.67815613
692.8571428571429,811.4285714285714,1942.857142857143,7.306174934085268,11208670.087533265
692.8571428571429,811.4285714285714,2108.5714285714284,7.24707966706808,11261513.386665186
692.8571428571429,811.4285714285714,2274.285714285714,7.193323292894559,11302369.884741545
692.8571428571429,811.4285714285714,2440.0,7.144316740513552,11333824.034594152
692.8571428571429,811.4285714285714,2605.714285714286,7.099532189402379,11357869.991059138
692.8571428571429,811.4285714285714,2771.4285714285716,7.0585020668840235,11376053.20161795
692.8571428571429,811.4285714285714,2937.1428571428573,7.020814860002478,11389577.53082336
692.8571428571429,811.4285714285714,3102.857142857143,6.986109626469402,11399385.880776014
692.8571428571429,811.4285714285714,3268.571428571429,6.954070216517168,11406220.83551498
692.8571428571429,811.4285714285714,3434.2857142857147,6.924419722002592,11410670.383767638
692.8571428571429,811.4285714285714,3600.0,6.896915391678099,11413202.527282687
692.8571428571429,858.5714285714287,120.0,8.339991847899757,10151588.371831149
692.8571428571429,858.5714285714287,285.7142857142857,8.254493150593573,9191025.282481402
692.8571428571429,858.5714285714287,451.42857142857144,8.150175920246163,9431494.654053047
692.8571428571429,858.5714285714287,617.1428571428571,8.037559524610693,9826886.38363945
692.8571428571429,858.5714285714287,782.8571428571429,7.924519082069393,10195583.630556103
692.8571428571429,858.5714285714287,948.5714285714287,7.815878852312836,10502920.11249699
692.8571428571429,858.5714285714287,1114.2857142857142,7.714194872626507,10749050.199642466
692.8571428571429,858.5714285714287,1280.0,7.6205060031101395,10942979.261129305
692.8571428571429,858.5714285714287,1445.7142857142858,7.534947591670018,11094820.40204891
692.8571428571429,858.5714285714287,1611.4285714285716,7.457168954611616,11213498.360756874
692.8571428571429,858.5714285714287,1777.1428571428573,7.386589403371732,11306271.52064407
692.8571428571429,858.5714285714287,1942.857142857143,7.322545177163971,11378845.097400533
692.8571428571429,858.5714285714287,2108.5714285714284,7.264369049551105,11435639.576839698
692.8571428571429,858.5714285714287,2274.285714285714,7.211430419760262,11480063.664396785
692.8571428571429,858.5714285714287,2440.0,7.163153015023491,11514746.482020162
692.8571428571429,858.5714285714287,2605.714285714286,7.11902033445345,11541721.877790969
692.8571428571429,858.5714285714287,2771.4285714285716,7.078574680976151,11562570.207506541
692.8571428571429,858.5714285714287,2937.1428571428573,7.041413090105372,11578525.854308935
692.8571428571429,858.5714285714287,3102.857142857143,7.0071819884740885,11590558.319127161
692.8571428571429,858.5714285714287,3268.571428571429,6.975571567180289,11599433.341073649
692.8571428571429,858.5714285714287,3434.2857142857147,6.946310373303487,11605759.068023521
692.8571428571429,858.5714285714287,3600.0,6.91916035302712,11610021.06966063
692.8571428571429,905.7142857142858,120.0,8.340075888830723,10225544.688601082
692.8571428571429,905.7142857142858,285.7142857142857,8.255263040050322,9292068.946151158
692.8571428571429,905.7142857142858,451.42857142857144,8.152360438023818,9540116.272282584
692.8571428571429,905.7142857142858,617.1428571428571,8.041464162151788,9943462.61549047
692.8571428571429,905.7142857142858,782.8571428571429,7.930240281736942,10320127.640156692
692.8571428571429,905.7142857142858,948.5714285714287,7.823380809975194,10635055.375891235
692.8571428571429,905.7142857142858,1114.2857142857142,7.723368179346866,10888220.395737356
692.8571428571429,905.7142857142858,1280.0,7.631208126545449,11088569.365979483
692.8571428571429,905.7142857142858,1445.7142857142858,7.547027393543741,11246220.408882463
692.8571428571429,905.7142857142858,1611.4285714285716,7.470480025440378,11370134.596469434
692.8571428571429,905.7142857142858,1777.1428571428573,7.4009964701755395,11467619.997037202
692.8571428571429,905.7142857142858,1942.857142857143,7.337926537724424,11544435.137844464
692.8571428571429,905.7142857142858,2108.5714285714284,7.280616869714187,11605052.405609995
692.8571428571429,905.7142857142858,2274.285714285714,7.228449968257594,11652928.597095555
692.8571428571429,905.7142857142858,2440.0,7.180861438105571,11690736.174012743
692.8571428571429,905.7142857142858,2605.714285714286,7.1373452943965265,11720547.409828115
692.8571428571429,905.7142857142858,2771.4285714285716,7.097453023690844,11743976.402632311
692.8571428571429,905.7142857142858,2937.1428571428573,7.060789618692519,11762287.004640834
692.8571428571429,905.7142857142858,3102.857142857143,7.027008371741245,11776474.383293511
692.8571428571429,905.7142857142858,3268.571428571429,6.995805387235082,11787326.611176655
692.8571428571429,905.7142857142858,3434.2857142857147,6.966914304205499,11795471.274683721
692.8571428571429,905.7142857142858,3600.0,6.940101457308375,11801410.88094766
692.8571428571429,952.8571428571429,120.0,8.34017375063206,10295710.790271485
692.8571428571429,952.8571428571429,285.7142857142857,8.256004608090219,9390120.077378644
692.8571428571429,952.8571428571429,451.42857142857144,8.154434777653934,9645912.375739658
692.8571428571429,952.8571428571429,617.1428571428571,8.04515621550335,10057140.316015655
692.8571428571429,952.8571428571429,782.8571428571429,7.935639354977605,10441617.021638326
692.8571428571429,952.8571428571429,948.5714285714287,7.830453084228291,10763950.820669925
692.8571428571429,952.8571428571429,1114.2857142857142,7.732011393518841,11023960.412609397
692.8571428571429,952.8571428571429,1280.0,7.641289204749595,11230545.348815335
692.8571428571429,952.8571428571429,1445.7142857142858,7.558405218727042,11393834.21257118
692.8571428571429,952.8571428571429,1611.4285714285716,7.4830178327204075,11522826.561573189
692.8571428571429,952.8571428571429,1777.1428571428573,7.414567813234764,11624880.523697222
692.8571428571429,952.8571428571429,1942.857142857143,7.3524175667772385,11705807.385003317
692.8571428571429,952.8571428571429,2108.5714285714284,7.295926623232889,11770130.435885705
692.8571428571429,952.8571428571429,2274.285714285714,7.244489674787267,11821353.39459558
692.8571428571429,952.8571428571429,2440.0,7.19755338723574,11862190.869121052
692.8571428571429,952.8571428571429,2605.714285714286,7.15462157819766,11894752.418755181
692.8571428571429,952.8571428571429,2771.4285714285716,7.115254302647826,11920684.83481437
692.8571428571429,952.8571428571429,2937.1428571428573,7.079063984106717,11941280.493463507
692.8571428571429,952.8571428571429,3102.857142857143,7.045710332078611,11957559.388321778
692.8571428571429,952.8571428571429,3268.571428571429,7.014894982674434,11970331.18427221
692.8571428571429,952.8571428571429,3434.2857142857147,6.98635634227231,11980242.255589431
692.8571428571429,952.8571428571429,3600.0,6.959864857590856,11987811.477139914
692.8571428571429,1000.0,120.0,8.340283931120815,10362367.27035473
692.8571428571429,1000.0,285.7142857142857,8.256720021011207,9485384.489574658
692.8571428571429,1000.0,451.42857142857144,8.15640878680065,9749078.655025955
692.8571428571429,1000.0,617.1428571428571,8.048655467634605,10168123.07346348
692.8571428571429,1000.0,782.8571428571429,7.94074683891528,10560269.611140424
692.8571428571429,1000.0,948.5714285714287,7.837136784955094,10889840.78810673
692.8571428571429,1000.0,1114.2857142857142,7.740175447578767,11156521.42270225
692.8571428571429,1000.0,1280.0,7.650808990477078,11369174.555732857
692.8571428571429,1000.0,1445.7142857142858,7.5691485800083385,11537944.2013482
692.8571428571429,1000.0,1611.4285714285716,7.494856634817676,11671870.369229464
692.8571428571429,1000.0,1777.1428571428573,7.427383515514471,11778361.596439574
692.8571428571429,1000.0,1942.857142857143,7.366103360200651,11863281.434869662
692.8571428571429,1000.0,2108.5714285714284,7.310387715730382,11931203.181527471
692.8571428571429,1000.0,2274.285714285714,7.259642651521766,11985676.421408676
692.8571428571429,1000.0,2440.0,7.213325166420325,12029456.83132433
692.8571428571429,1000.0,2605.714285714286,7.17094824351395,12064690.226602685
692.8571428571429,1000.0,2771.4285714285716,7.13207995629007,12093055.142931508
692.8571428571429,1000.0,2937.1428571428573,7.096339688035611,12115871.624872668
692.8571428571429,1000.0,3102.857142857143,7.063393163549209,12134183.73092162
692.8571428571429,1000.0,3268.571428571429,7.032947208376867,12148822.046258494
692.8571428571429,1000.0,3434.2857142857147,7.004744704745069,12160451.142677523
692.8571428571429,1000.0,3600.0,6.9785599629372355,12169605.745455517
728.5714285714286,10.0,120.0,8.34904438208811,7016130.252968939
728.5714285714286,10.0,285.7142857142857,8.227221668734593,5952380.746015084
728.5714285714286,10.0,451.42857142857144,8.0397425681779,6078280.4759856565
728.5714285714286,10.0,617.1428571428571,7.818606634428205,6231462.890297828
728.5714285714286,10.0,782.8571428571429,7.588926255092522,6313157.323876256
728.5714285714286,10.0,948.5714285714287,7.3678024253467935,6325897.890845056
728.5714285714286,10.0,1114.2857142857142,7.1645457337115666,6288814.066792903
728.5714285714286,10.0,1280.0,6.9827984164640196,6220229.775035549
728.5714285714286,10.0,1445.7142857142858,6.822817114209735,6133912.363636788
728.5714285714286,10.0,1611.4285714285716,6.6831362892467965,6039208.768996438
728.5714285714286,10.0,1777.1428571428573,6.561583849553035,5942097.445214626
728.5714285714286,10.0,1942.857142857143,6.455834585309739,5846224.839771969
728.5714285714286,10.0,2108.5714285714284,6.363681119277519,5753700.523654904
728.5714285714286,10.0,2274.285714285714,6.283146973723444,5665651.237333252
728.5714285714286,10.0,2440.0,6.212517380182402,5582589.404241754
728.5714285714286,10.0,2605.714285714286,6.150330498051231,5504652.1643795
728.5714285714286,10.0,2771.4285714285716,6.095351904967894,5431754.105134202
728.5714285714286,10.0,2937.1428571428573,6.046544024703136,5363683.799431858
728.5714285714286,10.0,3102.857142857143,6.003036074301305,5300164.202799696
728.5714285714286,10.0,3268.571428571429,5.964096915747228,5240889.960373393
728.5714285714286,10.0,3434.2857142857147,5.9291115806965795,5185550.023614947
728.5714285714286,10.0,3600.0,5.897561463471491,5133840.955885614
728.5714285714286,57.142857142857146,120.0,8.344430319098208,7770559.139370819
728.5714285714286,57.142857142857146,285.7142857142857,8.228118101786189,6637895.527055218
728.5714285714286,57.142857142857146,451.42857142857144,8.057434492376075,6785932.509498166
728.5714285714286,57.142857142857146,617.1428571428571,7.859597826185999,6996498.89764572
728.5714285714286,57.142857142857146,782.8571428571429,7.654809624351862,7146193.226255337
728.5714285714286,57.142857142857146,948.5714285714287,7.456552161803678,7227627.883486985
728.5714285714286,57.142857142857146,1114.2857142857142,7.2722698081227755,7254991.920590336
728.5714285714286,57.142857142857146,1280.0,7.10508132497814,7244339.245259215
728.5714285714286,57.142857142857146,1445.7142857142858,6.955488694000462,7208754.141255524
728.5714285714286,57.142857142857146,1611.4285714285716,6.822609482388805,7157782.002168431
728.5714285714286,57.142857142857146,1777.1428571428573,6.704939472459453,7098025.857462
728.5714285714286,57.142857142857146,1942.857142857143,6.600781723780223,7033912.510617152
728.5714285714286,57.142857142857146,2108.5714285714284,6.508468673439814,6968341.719186201
728.5714285714286,57.142857142857146,2274.285714285714,6.4264651534636394,6903170.209289888
728.5714285714286,57.142857142857146,2440.0,6.353406572734376,6839552.968125881
728.5714285714286,57.142857142857146,2605.714285714286,6.288103729692306,6778177.445819548
728.5714285714286,57.142857142857146,2771.4285714285716,6.229531775274147,6719422.10053942
728.5714285714286,57.142857142857146,2937.1428571428573,6.176812742616126,6663463.015102781
728.5714285714286,57.142857142857146,3102.857142857143,6.129196501090348,6610345.3643096285
728.5714285714286,57.142857142857146,3268.571428571429,6.086042489032276,6560031.234645394
728.5714285714286,57.142857142857146,3434.2857142857147,6.04680323824839,6512431.563211022
728.5714285714286,57.142857142857146,3600.0,6.011010007270939,6467427.407188275
728.5714285714286,104.28571428571429,120.0,8.342501212647026,8184625.126260394
728.5714285714286,104.28571428571429,285.7142857142857,8.230510818345847,7022575.165263808
728.5714285714286,104.28571428571429,451.42857142857144,8.070756266002611,7177326.292083317
728.5714285714286,104.28571428571429,617.1428571428571,7.887713234730616,7414398.226253732
728.5714285714286,104.28571428571429,782.8571428571429,7.699040966032913,7597445.353427714
728.5714285714286,104.28571428571429,948.5714285714287,7.5163419504393145,7713741.948373393
728.5714285714286,104.28571428571429,1114.2857142857142,7.346009750913794,7774761.351026949
728.5714285714286,104.28571428571429,1280.0,7.1907534216480835,7795206.434975245
728.5714285714286,104.28571428571429,1445.7142857142858,7.051053083505041,7787618.084360573
728.5714285714286,104.28571428571429,1611.4285714285716,6.926198672055823,7761462.966948629
728.5714285714286,104.28571428571429,1777.1428571428573,6.814933271114012,7723510.86747739
728.5714285714286,104.28571428571429,1942.857142857143,6.715817990597857,7678467.332367399
728.5714285714286,104.28571428571429,2108.5714285714284,6.6274238076356236,7629546.545883697
728.5714285714286,104.28571428571429,2274.285714285714,6.548423093643083,7578914.819036208
728.5714285714286,104.28571428571429,2440.0,6.477625823059528,7528012.500772886
728.5714285714286,104.28571428571429,2605.714285714286,6.413986754138902,7477780.669587953
728.5714285714286,104.28571428571429,2771.4285714285716,6.356598385394839,7428818.472142328
728.5714285714286,104.28571428571429,2937.1428571428573,6.304677769438236,7381491.630008855
728.5714285714286,104.28571428571429,3102.857142857143,6.257551444671424,7336007.113957416
728.5714285714286,104.28571428571429,3268.571428571429,6.214640618699026,7292464.54049408
728.5714285714286,104.28571428571429,3434.2857142857147,6.175447577935001,7250891.583107206
728.5714285714286,104.28571428571429,3600.0,6.1395436820731755,7211268.395991901
728.5714285714286,151.42857142857144,120.0,8.341341629772364,8491836.783965016
728.5714285714286,151.42857142857144,285.7142857142857,8.232828129595571,7316988.714467525
728.5714285714286,151.42857142857144,451.42857142857144,8.08127438243386,7476886.239872568
728.5714285714286,151.42857142857144,617.1428571428571,7.909118018140875,7733246.994217454
728.5714285714286,151.42857142857144,782.8571428571429,7.732285413451034,7940566.860313149
728.5714285714286,151.42857142857144,948.5714285714287,7.5611202504490675,8082303.134983022
728.5714285714286,151.42857142857144,1114.2857142857142,7.401303816048992,8168007.111173149
728.5714285714286,151.42857142857144,1280.0,7.255250128193137,8211422.827057227
728.5714285714286,151.42857142857144,1445.7142857142858,7.123398992262406,8224691.390256333
728.5714285714286,151.42857142857144,1611.4285714285716,7.005131534623211,8217200.381167235
728.5714285714286,151.42857142857144,1777.1428571428573,6.899336943046498,8195812.328985776
728.5714285714286,151.42857142857144,1942.857142857143,6.804735186458263,8165407.083401394
728.5714285714286,151.42857142857144,2108.5714285714284,6.720048098417222,8129402.591236613
728.5714285714286,151.42857142857144,2274.285714285714,6.644082220701734,8090170.076252291
728.5714285714286,151.42857142857144,2440.0,6.575762649471174,8049341.818044314
728.5714285714286,151.42857142857144,2605.714285714286,6.51414089712976,8008031.811647019
728.5714285714286,151.42857142857144,2771.4285714285716,6.458389807938759,7966991.496691735
728.5714285714286,151.42857142857144,2937.1428571428573,6.407792706948001,7926718.926046273
728.5714285714286,151.42857142857144,3102.857142857143,6.36173061250126,7887535.153103205
728.5714285714286,151.42857142857144,3268.571428571429,6.319669464572411,7849637.723168982
728.5714285714286,151.42857142857144,3434.2857142857147,6.281148287407453,7813138.210694838
728.5714285714286,151.42857142857144,3600.0,6.2457686488265995,7778088.629581223
728.5714285714286,198.57142857142858,120.0,8.340569629956144,8741051.135886787
728.5714285714286,198.57142857142858,285.7142857142857,8.2349538577204,7563540.126315711
728.5714285714286,198.57142857142858,451.42857142857144,8.089955719728149,7728562.712418339
728.5714285714286,198.57142857142858,617.1428571428571,7.926375149649856,8000909.210161713
728.5714285714286,198.57142857142858,782.8571428571429,7.758838501079658,8228039.5714324545
728.5714285714286,198.57142857142858,948.5714285714287,7.596760445290715,8390441.1204431
728.5714285714286,198.57142857142858,1114.2857142857142,7.445295072718095,8496187.294907244
728.5714285714286,198.57142857142858,1280.0,7.306632129168985,8558291.794851163
728.5714285714286,198.57142857142858,1445.7142857142858,7.181172534224032,8588591.850697394
728.5714285714286,198.57142857142858,1611.4285714285716,7.068355643472555,8596413.7303521
728.5714285714286,198.57142857142858,1777.1428571428573,6.967170965928975,8588688.66631904
728.5714285714286,198.57142857142858,1942.857142857143,6.876450257016126,8570427.540794529
728.5714285714286,198.57142857142858,2108.5714285714284,6.795023188311138,8545202.584793795
728.5714285714286,198.57142857142858,2274.285714285714,6.721793445150917,8515541.16818402
728.5714285714286,198.57142857142858,2440.0,6.655770440225819,8483222.733217511
728.5714285714286,198.57142857142858,2605.714285714286,6.596077325574587,8449494.67103504
728.5714285714286,198.57142857142858,2771.4285714285716,6.541947067812475,8415226.615509618
728.5714285714286,198.57142857142858,2937.1428571428573,6.492713102255637,8381019.927632967
728.5714285714286,198.57142857142858,3102.857142857143,6.4477980694990675,8347285.2351966305
728.5714285714286,198.57142857142858,3268.571428571429,6.4067024406158355,8314297.404809999
728.5714285714286,198.57142857142858,3434.2857142857147,6.368993896741863,8282234.616324387
728.5714285714286,198.57142857142858,3600.0,6.3342978186514,8251206.230657133
728.5714285714286,245.71428571428572,120.0,8.34003301070678,8952551.554496985
728.5714285714286,245.71428571428572,285.7142857142857,8.23689216379509,7779419.5244655935
728.5714285714286,245.71428571428572,451.42857142857144,8.097337098588318,7949886.17163872
728.5714285714286,245.71428571428572,617.1428571428571,7.940795028445346,8236316.977617302
728.5714285714286,245.71428571428572,782.8571428571429,7.7808631682862055,8480552.73336161
728.5714285714286,245.71428571428572,948.5714285714287,7.626231118458668,8660669.057800522
728.5714285714286,245.71428571428572,1114.2857142857142,7.481641427556885,8783551.906798735
728.5714285714286,245.71428571428572,1280.0,7.349106105779387,8861635.995017268
728.5714285714286,245.71428571428572,1445.7142857142858,7.228991490239307,8906521.87966059
728.5714285714286,245.71428571428572,1611.4285714285716,7.120778004810164,8927491.999128627
728.5714285714286,245.71428571428572,1777.1428571428573,7.023529765081424,8931536.611929791
728.5714285714286,245.71428571428572,1942.857142857143,6.9361630696518555,8923774.841498544
728.5714285714286,245.71428571428572,2108.5714285714284,6.857590026745217,8907905.50252757
728.5714285714286,245.71428571428572,2274.285714285714,6.786789234177836,8886583.974407965
728.5714285714286,245.71428571428572,2440.0,6.722835639294028,8861710.517522862
728.5714285714286,245.71428571428572,2605.714285714286,6.664908491319413,8834642.311373025
728.5714285714286,245.71428571428572,2771.4285714285716,6.612288175358162,8806346.561306616
728.5714285714286,245.71428571428572,2937.1428571428573,6.5643479282948825,8777510.193476899
728.5714285714286,245.71428571428572,3102.857142857143,6.520543681496956,8748618.28177599
728.5714285714286,245.71428571428572,3268.571428571429,6.480403716829922,8720010.180233445
728.5714285714286,245.71428571428572,3434.2857142857147,6.443518955036155,8691919.813248271
728.5714285714286,245.71428571428572,3600.0,6.409534222056042,8664504.703901986
728.5714285714286,292.8571428571429,120.0,8.339654483859533,9137046.062630007
728.5714285714286,292.8571428571429,285.7142857142857,8.238665350154747,7973540.918561009
728.5714285714286,292.8571428571429,451.42857142857144,8.103747838883683,8149842.809851915
728.5714285714286,292.8571428571429,617.1428571428571,7.953146424861247,8449118.738628365
728.5714285714286,292.8571428571429,782.8571428571429,7.79961425653245,8708625.61593544
728.5714285714286,292.8571428571429,948.5714285714287,7.6512535359742415,8904429.811169587
728.5714285714286,292.8571428571429,1114.2857142857142,7.512473682755417,9042436.594042124
728.5714285714286,292.8571428571429,1280.0,7.385141426472603,9134609.822475186
728.5714285714286,292.8571428571429,1445.7142857142858,7.269592805989984,9192362.811178233
728.5714285714286,292.8571428571429,1611.4285714285716,7.1653390731736994,9224949.006044222
728.5714285714286,292.8571428571429,1777.1428571428573,7.071502695647079,9239413.436910637
728.5714285714286,292.8571428571429,1942.857142857143,6.987066926984629,9240969.738465492
728.5714285714286,292.8571428571429,2108.5714285714284,6.911009684065516,9233425.755785724
728.5714285714286,292.8571428571429,2274.285714285714,6.842369757143261,9219546.629339801
728.5714285714286,292.8571428571429,2440.0,6.780275061283809,9201336.096228745
728.5714285714286,292.8571428571429,2605.714285714286,6.723950438234096,9180245.410106363
728.5714285714286,292.8571428571429,2771.4285714285716,6.6727150194109734,9157325.493772756
728.5714285714286,292.8571428571429,2937.1428571428573,6.625974735113609,9133336.823490396
728.5714285714286,292.8571428571429,3102.857142857143,6.583213003589977,9108828.600890217
728.5714285714286,292.8571428571429,3268.571428571429,6.543981186463546,9084195.855953272
728.5714285714286,292.8571428571429,3434.2857142857147,6.50788958856675,9059720.754660266
728.5714285714286,292.8571428571429,3600.0,6.474599336886591,9035602.600064676
728.5714285714286,340.0,120.0,8.339389165836353,9300991.000511413
728.5714285714286,340.0,285.7142857142857,8.240296180165272,8151203.280227247
728.5714285714286,340.0,451.42857142857144,8.109405372754924,8333728.17038521
728.5714285714286,340.0,617.1428571428571,7.963921793906507,8644975.815332877
728.5714285714286,340.0,782.8571428571429,7.815888450626242,8918419.44478136
728.5714285714286,340.0,948.5714285714287,7.672918681650374,9128423.228719532
728.5714285714286,340.0,1114.2857142857142,7.539144996088007,9280067.453283561
728.5714285714286,340.0,1280.0,7.416312532363655,9384926.416114168
728.5714285714286,340.0,1445.7142857142858,7.3047307541238435,9454263.974210134
728.5714285714286,340.0,1611.4285714285716,7.2039350707838095,9497316.850174224
728.5714285714286,340.0,1777.1428571428573,7.1130952172879525,9521182.95995564
728.5714285714286,340.0,1942.857142857143,7.031249215691225,9531161.417453326
728.5714285714286,340.0,2108.5714285714284,6.957429150523642,9531157.048765533
728.5714285714286,340.0,2274.285714285714,6.890723611107116,9524031.996010145
728.5714285714286,340.0,2440.0,6.830304537941726,9511881.206974998
728.5714285714286,340.0,2605.714285714286,6.77543483461832,9496238.79788613
728.5714285714286,340.0,2771.4285714285716,6.725466116176079,9478229.453868208
728.5714285714286,340.0,2937.1428571428573,6.679831835396002,9458678.513762685
728.5714285714286,340.0,3102.857142857143,6.638038643955791,9438191.80426408
728.5714285714286,340.0,3268.571428571429,6.599657489872854,9417213.591133067
728.5714285714286,340.0,3434.2857142857147,6.564315193188168,9396068.771567589
728.5714285714286,340.0,3600.0,6.531686823804148,9374993.719906943
728.5714285714286,387.14285714285717,120.0,8.339208623590885,9448628.342509894
728.5714285714286,387.14285714285717,285.7142857142857,8.241804452609184,8315848.134953514
728.5714285714286,387.14285714285717,451.42857142857144,8.11446121192015,8504958.231591487
728.5714285714286,387.14285714285717,617.1428571428571,7.973456582730497,8827527.943514042
728.5714285714286,387.14285714285717,782.8571428571429,7.830224411765128,9113889.566272037
728.5714285714286,387.14285714285717,948.5714285714287,7.691962742599418,9336948.766119849
728.5714285714286,387.14285714285717,1114.2857142857142,7.562569168500271,9501082.809385445
728.5714285714286,387.14285714285717,1280.0,7.443685152890163,9617539.876189662
728.5714285714286,387.14285714285717,1445.7142857142858,7.335596713887124,9697464.141457086
728.5714285714286,387.14285714285717,1611.4285714285716,7.237858797793607,9750085.758782482
728.5714285714286,387.14285714285717,1777.1428571428573,7.149680433735377,9782554.775191525
728.5714285714286,387.14285714285717,1942.857142857143,7.070145535996089,9800249.457447777
728.5714285714286,387.14285714285717,2108.5714285714284,6.998331808713265,9807162.862342754
728.5714285714286,387.14285714285717,2274.285714285714,6.933369957230369,9806244.728684593
728.5714285714286,387.14285714285717,2440.0,6.87446929673239,9799672.09001844
728.5714285714286,387.14285714285717,2605.714285714286,6.820925159056696,9789053.52698632
728.5714285714286,387.14285714285717,2771.4285714285716,6.772116930997452,9775579.987430492
728.5714285714286,387.14285714285717,2937.1428571428573,6.727501675198854,9760135.095372329
728.5714285714286,387.14285714285717,3102.857142857143,6.686606039973498,9743375.596528249
728.5714285714286,387.14285714285717,3268.571428571429,6.649017886002586,9725790.073980045
728.5714285714286,387.14285714285717,3434.2857142857147,6.614378339898275,9707741.9312954
728.5714285714286,387.14285714285717,3600.0,6.582374588196713,9689500.990513287
728.5714285714286,434.28571428571433,120.0,8.339093703339762,9582919.144469144
728.5714285714286,434.28571428571433,285.7142857142857,8.243206711432997,8469854.78257022
728.5714285714286,434.28571428571433,451.42857142857144,8.11902535554063,8665881.807650808
728.5714285714286,434.28571428571433,617.1428571428571,7.981989960661167,8999271.096574105
728.5714285714286,434.28571428571433,782.8571428571429,7.843003760983962,9297745.005498149
728.5714285714286,434.28571428571433,948.5714285714287,7.708906229564682,9532949.854489641
728.5714285714286,434.28571428571433,1114.2857142857142,7.583392419510257,9708658.31412013
728.5714285714286,434.28571428571433,1280.0,7.468014057649438,9835843.392159885
728.5714285714286,434.28571428571433,1445.7142857142858,7.363036332265603,9925553.628102483
728.5714285714286,434.28571428571433,1611.4285714285716,7.268030376193007,9987021.08120788
728.5714285714286,434.28571428571433,1777.1428571428573,7.1822385453983735,10027447.74223486
728.5714285714286,434.28571428571433,1942.857142857143,7.104783934917616,10052286.385443129
728.5714285714286,434.28571428571433,2108.5714285714284,7.03478336237925,10065611.671768835
728.5714285714286,434.28571428571433,2274.285714285714,6.971403769507546,10070453.727017943
728.5714285714286,434.28571428571433,2440.0,6.913886731209092,10069064.622968003
728.5714285714286,434.28571428571433,2605.714285714286,6.861555654288455,10063120.88204387
728.5714285714286,434.28571428571433,2771.4285714285716,6.81381403934735,10053873.86288811
728.5714285714286,434.28571428571433,2937.1428571428573,6.770139507435164,10042260.321329849
728.5714285714286,434.28571428571433,3102.857142857143,6.730076167502355,10028983.434771407
728.5714285714286,434.28571428571433,3268.571428571429,6.693226688366964,10014572.222270621
728.5714285714286,434.28571428571433,3434.2857142857147,6.659244756652922,9999425.248936769
728.5714285714286,434.28571428571433,3600.0,6.627828224504174,9983842.906857701
728.5714285714286,481.42857142857144,120.0,8.339030894850655,9706025.82186688
728.5714285714286,481.42857142857144,285.7142857142857,8.244516660922761,8614946.699750371
728.5714285714286,481.42857142857144,451.42857142857144,8.123180284119666,8818192.746191103
728.5714285714286,481.42857142857144,617.1428571428571,7.989698595088187,9162001.2798058
728.5714285714286,481.42857142857144,782.8571428571429,7.854506828733219,9471932.920959638
728.5714285714286,481.42857142857144,948.5714285714287,7.724130752282316,9718541.13180156
728.5714285714286,481.42857142857144,1114.2857142857142,7.602088473745111,9905075.290596606
728.5714285714286,481.42857142857144,1280.0,7.489853079477975,10042275.0821187
728.5714285714286,481.42857142857144,1445.7142857142858,7.387671121614825,10141113.225389162
728.5714285714286,481.42857142857144,1611.4285714285716,7.295127402860966,10210830.83198511
728.5714285714286,481.42857142857144,1777.1428571428573,7.211493000074079,10258681.940999871
728.5714285714286,481.42857142857144,1942.857142857143,7.135924964318026,10290190.295119796
728.5714285714286,481.42857142857144,2108.5714285714284,7.067574133857734,10309506.975706
728.5714285714286,481.42857142857144,2274.285714285714,7.005639063338575,10319736.798427703
728.5714285714286,481.42857142857144,2440.0,6.949389548483714,10323201.269928867
728.5714285714286,481.42857142857144,2605.714285714286,6.898173619934652,10321639.644353807
728.5714285714286,481.42857142857144,2771.4285714285716,6.851415980944757,10316358.998737043
728.5714285714286,481.42857142857144,2937.1428571428573,6.808612373162687,10308345.07429562
728.5714285714286,481.42857142857144,3102.857142857143,6.769322332428253,10298343.858301483
728.5714285714286,481.42857142857144,3268.571428571429,6.733161641509306,10286921.663955163
728.5714285714286,481.42857142857144,3434.2857142857147,6.69979513562046,10274509.502934571
728.5714285714286,481.42857142857144,3600.0,6.668930155372933,10261435.995512446
728.5714285714286,528.5714285714286,120.0,8.339010320814202,9819583.910671622
728.5714285714286,528.5714285714286,285.7142857142857,8.245745675743455,8752418.363178823
728.5714285714286,528.5714285714286,451.42857142857144,8.12698947844874,8963158.579073882
728.5714285714286,528.5714285714286,617.1428571428571,7.996716734049265,9317059.97169827
728.5714285714286,528.5714285714286,782.8571428571429,7.864945590480274,9637906.229843153
728.5714285714286,528.5714285714286,948.5714285714287,7.737924334934062,9895299.677624036
728.5714285714286,528.5714285714286,1114.2857142857142,7.6190147843029115,10092034.839336107
728.5714285714286,528.5714285714286,1280.0,7.509620388000105,10238653.097683301
728.5714285714286,528.5714285714286,1445.7142857142858,7.409970914250496,10346067.956283148
728.5714285714286,528.5714285714286,1611.4285714285716,7.31966289115733,10423535.669313515
728.5714285714286,528.5714285714286,1777.1428571428573,7.237992472501122,10478362.578029323
728.5714285714286,528.5714285714286,1942.857142857143,7.164146501692921,10516140.616443269
728.5714285714286,528.5714285714286,2108.5714285714284,7.097305759920307,10541093.12504685
728.5714285714286,528.5714285714286,2274.285714285714,7.036696698438903,10556394.997191837
728.5714285714286,528.5714285714286,2440.0,6.981614075775293,10564432.614830386
728.5714285714286,528.5714285714286,2605.714285714286,6.931427753059306,10567003.707893021
728.5714285714286,528.5714285714286,2771.4285714285716,6.885581272086932,10565467.226253567
728.5714285714286,528.5714285714286,2937.1428571428573,6.843586508919658,10560854.488573411
728.5714285714286,528.5714285714286,3102.857142857143,6.805016763917489,10553951.30730408
728.5714285714286,528.5714285714286,3268.571428571429,6.769499544492099,10545358.694205334
728.5714285714286,528.5714285714286,3434.2857142857147,6.736709673263818,10535537.85930812
728.5714285714286,528.5714285714286,3600.0,6.706363007711721,10524843.707471525
728.5714285714286,575.7142857142858,120.0,8.339024548960808,9924865.643011156
728.5714285714286,575.7142857142858,285.7142857142857,8.246903253420236,8883270.62565603
728.5714285714286,575.7142857142858,451.42857142857144,8.130502860353374,9101756.272620212
728.5714285714286,575.7142857142858,617.1428571428571,8.003148789065241,9465479.474384582
728.5714285714286,575.7142857142858,782.8571428571429,7.8744841858005525,9796781.943532392
728.5714285714286,575.7142857142858,948.5714285714287,7.750509614636186,10064437.302966706
728.5714285714286,575.7142857142858,1114.2857142857142,7.634447555504521,10270843.73519296
728.5714285714286,575.7142857142858,1280.0,7.527639244814036,10426374.083937148
728.5714285714286,575.7142857142858,1445.7142857142858,7.430299243041953,10541896.752675522
728.5714285714286,575.7142857142858,1611.4285714285716,7.342034266298169,10626688.380107656
728.5714285714286,575.7142857142858,1777.1428571428573,7.262162603454047,10688107.936011737
728.5714285714286,575.7142857142858,1942.857142857143,7.189897507630191,10731813.313164195
728.5714285714286,575.7142857142858,2108.5714285714284,7.124446376613334,10762096.699436132
728.5714285714286,575.7142857142858,2274.285714285714,7.065060516488646,10782199.25751128
728.5714285714286,575.7142857142858,2440.0,7.01105697365744,10794568.463527659
728.5714285714286,575.7142857142858,2605.714285714286,6.961825139527951,10801056.982336173
728.5714285714286,575.7142857142858,2771.4285714285716,6.916825442077995,10803072.428362517
728.5714285714286,575.7142857142858,2937.1428571428573,6.875584246864487,10801688.847469058
728.5714285714286,575.7142857142858,3102.857142857143,6.837687238153674,10797729.37532036
728.5714285714286,575.7142857142858,3268.571428571429,6.802772490935903,10791827.541767377
728.5714285714286,575.7142857142858,3434.2857142857147,6.770523845454132,10784472.862686727
728.5714285714286,575.7142857142858,3600.0,6.740664862335248,10776044.888250018
728.5714285714286,622.8571428571429,120.0,8.339067852716058,10022883.659049824
728.5714285714286,622.8571428571429,285.7142857142857,8.247997382574637,9008295.904517002
728.5714285714286,622.8571428571429,451.42857142857144,8.133760406439093,9234757.26330488
728.5714285714286,622.8571428571429,617.1428571428571,8.009077559487155,9608073.766497433
728.5714285714286,622.8571428571429,782.8571428571429,7.883252261923629,9949440.054657545
728.5714285714286,622.8571428571429,948.5714285714287,7.7620621550913995,10226908.142464228
728.5714285714286,622.8571428571429,1114.2857142857142,7.648604502084834,10442530.554813817
728.5714285714286,622.8571428571429,1280.0,7.544164532405096,10606537.224472819
728.5714285714286,622.8571428571429,1445.7142857142858,7.448942950607733,10729763.601681963
728.5714285714286,622.8571428571429,1611.4285714285716,7.362555421718835,10821511.263042485
728.5714285714286,622.8571428571429,1777.1428571428573,7.284339954199448,10889192.163563415
728.5714285714286,622.8571428571429,1942.857142857143,7.213533418054651,10938528.323453471
728.5714285714286,622.8571428571429,2108.5714285714284,7.149367071489621,10973877.931285363
728.5714285714286,622.8571428571429,2274.285714285714,7.091114547494452,10998545.22233538
728.5714285714286,622.8571428571429,2440.0,7.038112951226771,11015035.581476862
728.5714285714286,622.8571428571429,2605.714285714286,6.9897692825215785,11025253.617141556
728.5714285714286,622.8571428571429,2771.4285714285716,6.945559220174818,11030652.891500197
728.5714285714286,622.8571428571429,2937.1428571428573,6.9050222379568185,11032347.758838497
728.5714285714286,622.8571428571429,3102.857142857143,6.867755241833801,11031196.550592193
728.5714285714286,622.8571428571429,3268.571428571429,6.833405897960016,11027863.457158266
728.5714285714286,622.8571428571429,3434.2857142857147,6.801666243825656,11022864.685149966
728.5714285714286,622.8571428571429,3600.0,6.7722668531676895,11016603.028665695
728.5714285714286,670.0,120.0,8.33913573117643,10114459.592103662
728.5714285714286,670.0,285.7142857142857,8.24903483416462,9128134.139028877
728.5714285714286,670.0,451.42857142857144,8.136794628037652,9362783.093912281
728.5714285714286,670.0,617.1428571428571,8.014569799125791,9745497.83471215
728.5714285714286,670.0,782.8571428571429,7.891353963787115,10096588.068148544
728.5714285714286,670.0,948.5714285714287,7.772722768665002,10383478.85859715
728.5714285714286,670.0,1114.2857142857142,7.661660167005607,10607921.46915938
728.5714285714286,670.0,1280.0,7.559400631370081,10780025.23861868
728.5714285714286,670.0,1445.7142857142858,7.466132178608261,10910603.229020618
728.5714285714286,670.0,1611.4285714285716,7.381478407632417,11008985.943522176
728.5714285714286,670.0,1777.1428571428573,7.304795034460721,11082638.685980862
728.5714285714286,670.0,1942.857142857143,7.23534020822881,11137346.07605512
728.5714285714286,670.0,2108.5714285714284,7.172366733128959,11177529.892438624
728.5714285714286,670.0,2274.285714285714,7.1151684406610975,11206554.722104602
728.5714285714286,670.0,2440.0,7.063100613354699,11226981.138964074
728.5714285714286,670.0,2605.714285714286,7.015586233648458,11240763.134973606
728.5714285714286,670.0,2771.4285714285716,6.97211484456063,11249397.89017735
728.5714285714286,670.0,2937.1428571428573,6.932237854304797,11254037.989132464
728.5714285714286,670.0,3102.857142857143,6.895562400769475,11255575.128022974
728.5714285714286,670.0,3268.571428571429,6.861744907909157,11254702.556425476
728.5714285714286,670.0,3434.2857142857147,6.830484908758622,11251961.777131539
728.5714285714286,670.0,3600.0,6.801519398671333,11247777.616316238
728.5714285714286,717.1428571428572,120.0,8.339224586355556,10200271.033364898
728.5714285714286,717.1428571428572,285.7142857142857,8.250021390045886,9243310.87713751
728.5714285714286,717.1428571428572,451.42857142857144,8.139632320790819,9486343.15060982
728.5714285714286,717.1428571428572,617.1428571428571,8.019680096345006,9878287.852268135
728.5714285714286,717.1428571428572,782.8571428571429,7.898874174081188,10238804.67223543
728.5714285714286,717.1428571428572,948.5714285714287,7.782606057745987,10534776.14604133
728.5714285714286,717.1428571428572,1114.2857142857142,7.673756540536927,10767691.538724894
728.5714285714286,717.1428571428572,1280.0,7.573513825473365,10947559.219480645
728.5714285714286,717.1428571428572,1445.7142857142858,7.4820542584312575,11085179.137612697
728.5714285714286,717.1428571428572,1611.4285714285716,7.399008529049242,11189914.243644053
728.5714285714286,717.1428571428572,1777.1428571428573,7.3237483641028085,11269283.547872145
728.5714285714286,717.1428571428572,1942.857142857143,7.255551211707109,11329132.975862743
728.5714285714286,717.1428571428572,2108.5714285714284,7.193689456044328,11373945.829175806
728.5714285714286,717.1428571428572,2274.285714285714,7.13747531484181,11407144.70287709
728.5714285714286,717.1428571428572,2440.0,7.086280642532598,11431343.011124084
728.5714285714286,717.1428571428572,2605.714285714286,7.039543013868307,11448541.913933033
728.5714285714286,717.1428571428572,2771.4285714285716,6.996764647954344,11460280.189363133
728.5714285714286,717.1428571428572,2937.1428571428573,6.957507879665478,11467746.847671509
728.5714285714286,717.1428571428572,3102.857142857143,6.921389227326538,11471865.357377991
728.5714285714286,717.1428571428572,3268.571428571429,6.888073154365132,11473356.632523194
728.5714285714286,717.1428571428572,3434.2857142857147,6.85726608334711,11472786.255782401
728.5714285714286,717.1428571428572,3600.0,6.828710919423951,11470600.027041696
728.5714285714286,764.2857142857143,120.0,8.339331499681853,10280884.649987046
728.5714285714286,764.2857142857143,285.7142857142857,8.250962022530413,9354263.987137217
728.5714285714286,764.2857142857143,451.42857142857144,8.142295828599094,9605861.048924826
728.5714285714286,764.2857142857143,617.1428571428571,8.024453647295871,10006889.232248496
728.5714285714286,764.2857142857143,782.8571428571429,7.905882956045977,10376570.212172799
728.5714285714286,764.2857142857143,948.5714285714287,7.791806488030456,10681319.875598095
728.5714285714286,764.2857142857143,1114.2857142857142,7.685010610715751,10922400.506946163
728.5714285714286,764.2857142857143,1280.0,7.586641128343322,11109736.910828635
728.5714285714286,764.2857142857143,1445.7142857142858,7.49686360655318,11254124.13461972
728.5714285714286,764.2857142857143,1611.4285714285716,7.415315116792804,11364960.705773264
728.5714285714286,764.2857142857143,1777.1428571428573,7.341381950166905,11449819.685660612
728.5714285714286,764.2857142857143,1942.857142857143,7.274359159112434,11514607.19686403
728.5714285714286,764.2857142857143,2108.5714285714284,7.213537020911717,11563866.2715114
728.5714285714286,764.2857142857143,2274.285714285714,7.158244581160843,11601075.4732194
728.5714285714286,764.2857142857143,2440.0,7.10786888293151,11628899.007672101
728.5714285714286,764.2857142857143,2605.714285714286,7.061860893144831,11649383.267077457
728.5714285714286,764.2857142857143,2771.4285714285716,7.019734479463002,11664106.859812595
728.5714285714286,764.2857142857143,2937.1428571428573,6.981062030286505,11674293.64027901
728.5714285714286,764.2857142857143,3102.857142857143,6.94546870533704,11680897.451821525
728.5714285714286,764.2857142857143,3268.571428571429,6.912626382948543,11684665.647344427
728.5714285714286,764.2857142857143,3434.2857142857147,6.882247847382485,11686186.819257176
728.5714285714286,764.2857142857143,3600.0,6.854081467021758,11685926.808836246
728.5714285714286,811.4285714285714,120.0,8.339454073275864,10356780.132200232
728.5714285714286,811.4285714285714,285.7142857142857,8.251861036159394,9461362.877465094
728.5714285714286,811.4285714285714,451.42857142857144,8.14480397572763,9721693.568300657
728.5714285714286,811.4285714285714,617.1428571428571,8.028928281502141,10131676.733465659
728.5714285714286,811.4285714285714,782.8571428571429,7.91243878697318,10510288.518995833
728.5714285714286,811.4285714285714,948.5714285714287,7.800402803037028,10823546.831878362
728.5714285714286,811.4285714285714,1114.2857142857142,7.695519850957024,11072518.437430248
728.5714285714286,811.4285714285714,1280.0,7.598896702226183,11267060.12946797
728.5714285714286,811.4285714285714,1445.7142857142858,7.510688927367599,11417969.37542333
728.5714285714286,811.4285714285714,1611.4285714285716,7.430539377235233,11534683.079181533
728.5714285714286,811.4285714285714,1777.1428571428573,7.357847662558682,11624828.681413174
728.5714285714286,811.4285714285714,1942.857142857143,7.291924976534883,11694371.540682113
728.5714285714286,811.4285714285714,2108.5714285714284,7.232078029268868,11747912.850886453
728.5714285714286,811.4285714285714,2274.285714285714,7.177651342553203,11788985.353193967
728.5714285714286,811.4285714285714,2440.0,7.1280459461203165,11820302.2422141
728.5714285714286,811.4285714285714,2605.714285714286,7.082725154396604,11843953.436401688
728.5714285714286,811.4285714285714,2771.4285714285716,7.041213587679808,11861555.81457374
728.5714285714286,811.4285714285714,2937.1428571428573,7.003092925335906,11874366.677882113
728.5714285714286,811.4285714285714,3102.857142857143,6.967996321986182,11883369.008224346
728.5714285714286,811.4285714285714,3268.571428571429,6.9356025236333325,11889335.511912977
728.5714285714286,811.4285714285714,3434.2857142857147,6.905630213015495,11892876.842248082
728.5714285714286,811.4285714285714,3600.0,6.877832829229756,11894478.054360142
728.5714285714286,858.5714285714287,120.0,8.339590314745944,10428367.888784796
728.5714285714286,858.5714285714287,285.7142857142857,8.252722180408767,9564922.635586372
728.5714285714286,858.5714285714287,451.42857142857144,8.147172766709597,9834144.54811429
728.5714285714286,858.5714285714287,617.1428571428571,8.033135969668562,10252969.19977367
728.5714285714286,858.5714285714287,782.8571428571429,7.918590957218553,10640302.903770434
728.5714285714286,858.5714285714287,948.5714285714287,7.808461295279366,10961828.103205439
728.5714285714286,858.5714285714287,1114.2857142857142,7.705366285674024,11218444.496076597
728.5714285714286,858.5714285714287,1280.0,7.610376615536754,11419954.858684942
728.5714285714286,858.5714285714287,1445.7142857142858,7.5236385561901615,11577165.6510006
728.5714285714286,858.5714285714287,1611.4285714285716,7.44480022118337,11699554.672121016
728.5714285714286,858.5714285714287,1777.1428571428573,7.373273460755381,11794804.052407654
728.5714285714286,858.5714285714287,1942.857142857143,7.308384334656271,11868937.545488827
728.5714285714286,858.5714285714287,2108.5714285714284,7.24945471173048,11926613.122292446
728.5714285714286,858.5714285714287,2274.285714285714,7.195843408508215,11971416.11623523
728.5714285714286,858.5714285714287,2440.0,7.1469643890171755,12006107.112564052
728.5714285714286,858.5714285714287,2605.714285714286,7.10229239909931,12032818.041349335
728.5714285714286,858.5714285714287,2771.4285714285716,7.061362024817827,12053202.665234212
728.5714285714286,858.5714285714287,2937.1428571428573,7.0237635657463455,12068550.48854122
728.5714285714286,858.5714285714287,3102.857142857143,6.989137601889214,12079872.530339273
728.5714285714286,858.5714285714287,3268.571428571429,6.95716926413155,12087965.882320099
728.5714285714286,858.5714285714287,3434.2857142857147,6.927582724429856,12093462.411622314
728.5714285714286,858.5714285714287,3600.0,6.900136145302692,12096865.647745814
728.5714285714286,905.7142857142858,120.0,8.339738551960389,10496002.37315003
728.5714285714286,905.7142857142858,285.7142857142857,8.25354873996594,9665214.632399892
728.5714285714286,905.7142857142858,451.42857142857144,8.149415920344095,9943475.287994841
728.5714285714286,905.7142857142858,617.1428571428571,8.03710396498389,10371040.580635674
728.5714285714286,905.7142857142858,782.8571428571429,7.924381380494924,10766908.110822884
728.5714285714286,905.7142857142858,948.5714285714287,7.816038271738415,11096482.075407721
728.5714285714286,905.7142857142858,1114.2857142857142,7.714619553845653,11360520.985077668
728.5714285714286,905.7142857142858,1280.0,7.621162429039701,11568786.26395815
728.5714285714286,905.7142857142858,1445.7142857142858,7.535804489489663,11732099.299286962
728.5714285714286,905.7142857142858,1611.4285714285716,7.458198664515612,11859981.063599216
728.5714285714286,905.7142857142858,1777.1428571428573,7.387768099549817,11960168.669252662
728.5714285714286,905.7142857142858,1942.857142857143,7.323852603529264,12038743.522860102
728.5714285714286,905.7142857142858,2108.5714285714284,7.265788084567089,12100419.140967568
728.5714285714286,905.7142857142858,2274.285714285714,7.212946614113493,12148832.036057137
728.5714285714286,905.7142857142858,2440.0,7.164754162866365,12186788.757151451
728.5714285714286,905.7142857142858,2605.714285714286,7.120696099393174,12216461.892160704
728.5714285714286,905.7142857142858,2771.4285714285716,7.08031627991012,12239540.846881349
728.5714285714286,905.7142857142858,2937.1428571428573,7.043213030402052,12257346.214994797
728.5714285714286,905.7142857142858,3102.857142857143,7.009033851391019,12270916.065334018
728.5714285714286,905.7142857142858,3268.571428571429,6.977469830082993,12281071.006299267
728.5714285714286,905.7142857142858,3434.2857142857147,6.9482502638740105,12288463.358061256
728.5714285714286,905.7142857142858,3600.0,6.921137729595757,12293614.45970581
728.5714285714286,952.8571428571429,120.0,8.339897368925959,10559992.28799736
728.5714285714286,952.8571428571429,285.7142857142857,8.254343607601792,9762474.612566808
728.5714285714286,952.8571428571429,451.42857142857144,8.15154528294645,10049912.467595566
728.5714285714286,952.8571428571429,617.1428571428571,8.040855679937497,10486128.315762931
728.5714285714286,952.8571428571429,782.8571428571429,7.92984598064247,10890359.407900523
728.5714285714286,952.8571428571429,948.5714285714287,7.823181940357676,11227784.311288564
728.5714285714286,952.8571428571429,1114.2857142857142,7.723339252563464,11499044.012876252
728.5714285714286,952.8571428571429,1280.0,7.631323939916281,11713870.110254405
728.5714285714286,952.8571428571429,1445.7142857142858,7.547265470523546,11883104.305545177
728.5714285714286,952.8571428571429,1611.4285714285716,7.470821200010878,12016312.815364625
728.5714285714286,952.8571428571429,1777.1428571428573,7.40142473785791,12121288.008697899
728.5714285714286,952.8571428571429,1942.857142857143,7.338428655994576,12204168.285315622
728.5714285714286,952.8571428571429,2108.5714285714284,7.281181911942006,12269721.605013119
728.5714285714286,952.8571428571429,2274.285714285714,7.229068911220281,12321634.39158952
728.5714285714286,952.8571428571429,2440.0,7.1815268085325865,12362757.876187095
728.5714285714286,952.8571428571429,2605.714285714286,7.13805087700651,12395304.087289315
728.5714285714286,952.8571428571429,2771.4285714285716,7.098193624446894,12420996.957226804
728.5714285714286,952.8571428571429,2937.1428571428573,7.061560874539041,12441187.165697033
728.5714285714286,952.8571428571429,3102.857142857143,7.02780659822214,12456938.941047136
728.5714285714286,952.8571428571429,3268.571428571429,6.996627456469394,12469095.62452377
728.5714285714286,952.8571428571429,3434.2857142857147,6.967757546988401,12478329.302230874
728.5714285714286,952.8571428571429,3600.0,6.940963584319652,12485178.521974115
728.5714285714286,1000.0,120.0,8.340065556818512,10620608.516569933
728.5714285714286,1000.0,285.7142857142857,8.255109343442923,9856908.961038861
728.5714285714286,1000.0,451.42857142857144,8.15357115225617,10153654.270773306
728.5714285714286,1000.0,617.1428571428571,8.044411368961338,10598439.813570457
728.5714285714286,1000.0,782.8571428571429,7.935015768375096,11010879.606765045
728.5714285714286,1000.0,948.5714285714287,7.829933873176763,11355975.179173721
728.5714285714286,1000.0,1114.2857142857142,7.73157675415104,11634271.732541326
728.5714285714286,1000.0,1280.0,7.64092130988043,11855481.57783783
728.5714285714286,1000.0,1445.7142857142858,7.558089383548913,12030471.646821897
728.5714285714286,1000.0,1611.4285714285716,7.4827424153967295,12168855.29053854
728.5714285714286,1000.0,1777.1428571428573,7.414323742967596,12278480.392328477
728.5714285714286,1000.0,1942.857142857143,7.352197825654743,12365541.75444004
728.5714285714286,1000.0,2108.5714285714284,7.295725790108392,12434860.787149746
728.5714285714286,1000.0,2274.285714285714,7.24430355583381,12490172.681794295
728.5714285714286,1000.0,2440.0,7.197378727923573,12534372.19402623
728.5714285714286,1000.0,2605.714285714286,7.154455842824254,12569709.692453867
728.5714285714286,1000.0,2771.4285714285716,7.115095506939339,12597942.625639457
728.5714285714286,1000.0,2937.1428571428573,7.078910568422093,12620450.85075577
728.5714285714286,1000.0,3102.857142857143,7.045561065280173,12638323.948897978
728.5714285714286,1000.0,3268.571428571429,7.014748889036026,12652427.283257285
728.5714285714286,1000.0,3434.2857142857147,6.986212645676097,12663452.082254734
728.5714285714286,1000.0,3600.0,6.959722938719235,12671953.556661239
764.2857142857143,10.0,120.0,8.345377766484424,7481360.538745569
764.2857142857143,10.0,285.7142857142857,8.220107993092459,6354224.257894064
764.2857142857143,10.0,451.42857142857144,8.02860630653005,6473599.397796601
764.2857142857143,10.0,617.1428571428571,7.803014263505186,6628820.346979336
764.2857142857143,10.0,782.8571428571429,7.568743120089223,6711240.2178791035
764.2857142857143,10.0,948.5714285714287,7.343165849099315,6721919.753157473
764.2857142857143,10.0,1114.2857142857142,7.135768059854627,6680484.08884748
764.2857142857143,10.0,1280.0,6.950274939461171,6606076.750490054
764.2857142857143,10.0,1445.7142857142858,6.786962839349281,6513158.368892379
764.2857142857143,10.0,1611.4285714285716,6.644349584728936,6411564.908837086
764.2857142857143,10.0,1777.1428571428573,6.520228777991294,6307588.933007526
764.2857142857143,10.0,1942.857142857143,6.4122345230023035,6205064.57693136
764.2857142857143,10.0,2108.5714285714284,6.318118552846739,6106204.54635062
764.2857142857143,10.0,2274.285714285714,6.2358663331911695,6012184.697960674
764.2857142857143,10.0,2440.0,6.16372911429694,5923533.250914312
764.2857142857143,10.0,2605.714285714286,6.100215429176313,5840383.318860424
764.2857142857143,10.0,2771.4285714285716,6.044065384772145,5762634.23663029
764.2857142857143,10.0,2937.1428571428573,5.994219681460774,5690053.474425782
764.2857142857143,10.0,3102.857142857143,5.94978908639689,5622340.337957242
764.2857142857143,10.0,3268.571428571429,5.910026818379457,5559165.2600438865
764.2857142857143,10.0,3434.2857142857147,5.87430464582568,5500193.570752569
764.2857142857143,10.0,3600.0,5.842092705099755,5445099.436896759
764.2857142857143,57.142857142857146,120.0,8.341672945991668,8198848.413179556
764.2857142857143,57.142857142857146,285.7142857142857,8.223198260070395,7028180.936812086
764.2857142857143,57.142857142857146,451.42857142857144,8.050345265592643,7173490.956389608
764.2857142857143,57.142857142857146,617.1428571428571,7.850208437578148,7388857.146274393
764.2857142857143,57.142857142857146,782.8571428571429,7.643105703443252,7542235.227538827
764.2857142857143,57.142857142857146,948.5714285714287,7.442643309507258,7624733.002597345
764.2857142857143,57.142857142857146,1114.2857142857142,7.256344609726578,7650842.987507792
764.2857142857143,57.142857142857146,1280.0,7.087361657201194,7637287.507874525
764.2857142857143,57.142857142857146,1445.7142857142858,6.936198766444908,7597761.978779338
764.2857142857143,57.142857142857146,1611.4285714285716,6.801958874095559,7542272.189171212
764.2857142857143,57.142857142857146,1777.1428571428573,6.683115692442847,7477739.42856763
764.2857142857143,57.142857142857146,1942.857142857143,6.577948318043636,7408799.306392529
764.2857142857143,57.142857142857146,2108.5714285714284,6.484766199174871,7338482.800353527
764.2857142857143,57.142857142857146,2274.285714285714,6.402013428610739,7268725.162921703
764.2857142857143,57.142857142857146,2440.0,6.3283073305511905,7200725.045226289
764.2857142857143,57.142857142857146,2605.714285714286,6.262443238951927,7135190.948574674
764.2857142857143,57.142857142857146,2771.4285714285716,6.203383228171701,7072507.997144434
764.2857142857143,57.142857142857146,2937.1428571428573,6.150238340813887,7012850.007354919
764.2857142857143,57.142857142857146,3102.857142857143,6.102249234598572,6956254.535724191
764.2857142857143,57.142857142857146,3268.571428571429,6.058767631947714,6902673.030493361
764.2857142857143,57.142857142857146,3434.2857142857147,6.019239596345014,6852004.274942558
764.2857142857143,57.142857142857146,3600.0,5.983190954227218,6804116.614727679
764.2857142857143,104.28571428571429,120.0,8.340206187340609,8591500.4808042
764.2857142857143,104.28571428571429,285.7142857142857,8.226441501459114,7409131.945698736
764.2857142857143,104.28571428571429,451.42857142857144,8.064981025729075,7564705.565970323
764.2857142857143,104.28571428571429,617.1428571428571,7.880106624919475,7808871.337822383
764.2857142857143,104.28571428571429,782.8571428571429,7.689573977839012,7997631.283003083
764.2857142857143,104.28571428571429,948.5714285714287,7.505093977565315,8116886.881134932
764.2857142857143,104.28571428571429,1114.2857142857142,7.33313031837995,8178404.8757301895
764.2857142857143,104.28571428571429,1280.0,7.176422655732805,8197534.1034351485
764.2857142857143,104.28571428571429,1445.7142857142858,7.0354547790402515,8187417.480772049
764.2857142857143,104.28571428571429,1611.4285714285716,6.909505409839462,8157986.406811983
764.2857142857143,104.28571428571429,1777.1428571428573,6.797299762588395,8116341.6586371735
764.2857142857143,104.28571428571429,1942.857142857143,6.6973792366797875,8067414.181750218
764.2857142857143,104.28571428571429,2108.5714285714284,6.608295766367326,8014566.84761719
764.2857142857143,104.28571428571429,2274.285714285714,6.528704481807284,7960061.167859885
764.2857142857143,104.28571428571429,2440.0,6.457400295927229,7905396.250686244
764.2857142857143,104.28571428571429,2605.714285714286,6.393325078626664,7851547.475826042
764.2857142857143,104.28571428571429,2771.4285714285716,6.335560430769781,7799132.0734825805
764.2857142857143,104.28571428571429,2937.1428571428573,6.283314251387511,7748523.230358648
764.2857142857143,104.28571428571429,3102.857142857143,6.235905414939182,7699928.542752214
764.2857142857143,104.28571428571429,3268.571428571429,6.1927487185840695,7653443.951701728
764.2857142857143,104.28571428571429,3434.2857142857147,6.153341084024202,7609090.852617944
764.2857142857143,104.28571428571429,3600.0,6.117249374590727,7566841.649430625
764.2857142857143,151.42857142857144,120.0,8.339371893754848,8882120.30597707
764.2857142857143,151.42857142857144,285.7142857142857,8.229272304702423,7701606.978212959
764.2857142857143,151.42857142857144,451.42857142857144,8.076215971089406,7865461.988271962
764.2857142857143,151.42857142857144,617.1428571428571,7.9024145572732865,8130856.039401086
764.2857142857143,151.42857142857144,782.8571428571429,7.723889969893512,8345510.696839156
764.2857142857143,151.42857142857144,948.5714285714287,7.551092392998516,8491663.411253149
764.2857142857143,151.42857142857144,1114.2857142857142,7.389772483084455,8579181.992620545
764.2857142857143,151.42857142857144,1280.0,7.242375777033226,8622457.681043493
764.2857142857143,151.42857142857144,1445.7142857142858,7.109347770769887,8634236.924817672
764.2857142857143,151.42857142857144,1611.4285714285716,6.99006083785949,8624380.537550244
764.2857142857143,151.42857142857144,1777.1428571428573,6.883388752000342,8600094.019326074
764.2857142857143,151.42857142857144,1942.857142857143,6.788033993918613,8566495.96363657
764.2857142857143,151.42857142857144,2108.5714285714284,6.702701260576319,8527166.23135249
764.2857142857143,151.42857142857144,2274.285714285714,6.6261814377531385,8484583.525042474
764.2857142857143,151.42857142857144,2440.0,6.557385855042132,8440449.844517069
764.2857142857143,151.42857142857144,2605.714285714286,6.495354183956061,8395923.039927788
764.2857142857143,151.42857142857144,2771.4285714285716,6.4392492144326585,8351780.840874092
764.2857142857143,151.42857142857144,2937.1428571428573,6.388345796022242,8308535.753232879
764.2857142857143,151.42857142857144,3102.857142857143,6.34201782883759,8266515.37770275
764.2857142857143,151.42857142857144,3268.571428571429,6.299725282644845,8225918.591591535
764.2857142857143,151.42857142857144,3434.2857142857147,6.261002173331202,8186854.924044345
764.2857142857143,151.42857142857144,3600.0,6.225445861971375,8149372.21973062
764.2857142857143,198.57142857142858,120.0,8.338853087518926,9117314.668537596
764.2857142857143,198.57142857142858,285.7142857142857,8.231755969520783,7946945.110996076
764.2857142857143,198.57142857142858,451.42857142857144,8.08536229380991,8118748.213560313
764.2857142857143,198.57142857142858,617.1428571428571,7.920227005922775,8401826.186537245
764.2857142857143,198.57142857142858,782.8571428571429,7.75107487519091,8637668.027118107
764.2857142857143,198.57142857142858,948.5714285714287,7.587427691121647,8805696.6744679
764.2857142857143,198.57142857142858,1114.2857142857142,7.4345094035376995,8914336.723082168
764.2857142857143,198.57142857142858,1280.0,7.294542419225698,8977258.893435309
764.2857142857143,198.57142857142858,1445.7142857142858,7.167934964657316,9006913.21383014
764.2857142857143,198.57142857142858,1611.4285714285716,7.054119395388457,9013108.498651635
764.2857142857143,198.57142857142858,1777.1428571428573,6.952071458048223,9003129.762883965
764.2857142857143,198.57142857142858,1942.857142857143,6.860606855619019,8982237.851519847
764.2857142857143,198.57142857142858,2108.5714285714284,6.778539311408428,8954177.687280532
764.2857142857143,198.57142857142858,2274.285714285714,6.704757808413652,8921593.974569773
764.2857142857143,198.57142857142858,2440.0,6.638258743053759,8886344.61060074
764.2857142857143,198.57142857142858,2605.714285714286,6.578154009150793,8849728.430862986
764.2857142857143,198.57142857142858,2771.4285714285716,6.523666967574663,8812647.872212254
764.2857142857143,198.57142857142858,2937.1428571428573,6.474122921391804,8775724.297033638
764.2857142857143,198.57142857142858,3102.857142857143,6.428937654418267,8739379.588211272
764.2857142857143,198.57142857142858,3268.571428571429,6.3876058658881885,8703893.932201833
764.2857142857143,198.57142857142858,3434.2857142857147,6.349690378498492,8669446.841296671
764.2857142857143,198.57142857142858,3600.0,6.314812479075747,8636146.371131543
764.2857142857143,245.71428571428572,120.0,8.338524323890336,9316437.285478616
764.2857142857143,245.71428571428572,285.7142857142857,8.233963910573936,8161956.320435688
764.2857142857143,245.71428571428572,451.42857142857144,8.093075406838238,8341790.679431477
764.2857142857143,245.71428571428572,617.1428571428571,7.935027520193315,8640477.749104751
764.2857142857143,245.71428571428572,782.8571428571429,7.773519125833967,8894635.361626016
764.2857142857143,245.71428571428572,948.5714285714287,7.617347805242573,9081427.93684426
764.2857142857143,245.71428571428572,1114.2857142857142,7.471326449508347,9208132.074206786
764.2857142857143,245.71428571428572,1280.0,7.337500600796001,9287853.231558716
764.2857142857143,245.71428571428572,1445.7142857142858,7.21624509508498,9332813.953569269
764.2857142857143,245.71428571428572,1611.4285714285716,7.107034637741761,9352788.559624167
764.2857142857143,245.71428571428572,1777.1428571428573,7.008920781765889,9355130.90764759
764.2857142857143,245.71428571428572,1942.857142857143,6.9208048075822655,9345219.832583481
764.2857142857143,245.71428571428572,2108.5714285714284,6.841583721517632,9326936.012958815
764.2857142857143,245.71428571428572,2274.285714285714,6.7702220881847675,9303060.464942664
764.2857142857143,245.71428571428572,2440.0,6.705782355054804,9275579.226129679
764.2857142857143,245.71428571428572,2605.714285714286,6.647432904501172,9245907.269966107
764.2857142857143,245.71428571428572,2771.4285714285716,6.594444808076047,9215050.05246255
764.2857142857143,245.71428571428572,2937.1428571428573,6.546183385539693,9183719.145353623
764.2857142857143,245.71428571428572,3102.857142857143,6.502097867533927,9152414.823433409
764.2857142857143,245.71428571428572,3268.571428571429,6.461710875299982,9121485.108640306
764.2857142857143,245.71428571428572,3434.2857142857147,6.424608548571975,9091168.099089336
764.2857142857143,245.71428571428572,3600.0,6.390431671476462,9061622.426583325
764.2857142857143,292.8571428571429,120.0,8.338322268117677,9489709.893516846
764.2857142857143,292.8571428571429,285.7142857142857,8.235950589907679,8355381.565778731
764.2857142857143,292.8571428571429,451.42857142857144,8.099737912757655,8543454.777327439
764.2857142857143,292.8571428571429,617.1428571428571,7.947659247666784,8856381.22165018
764.2857142857143,292.8571428571429,782.8571428571429,7.792572111719649,9126899.396011433
764.2857142857143,292.8571428571429,948.5714285714287,7.642687266909473,9330314.055343404
764.2857142857143,292.8571428571429,1114.2857142857142,7.502484708584346,9472962.785722125
764.2857142857143,292.8571428571429,1280.0,7.3738652680513335,9567495.918375283
764.2857142857143,292.8571428571429,1445.7142857142858,7.257174345415049,9625958.74982129
764.2857142857143,292.8571428571429,1611.4285714285716,7.151918436792999,9658105.744765406
764.2857142857143,292.8571428571429,1777.1428571428573,7.057208364061939,9671354.553901779
764.2857142857143,292.8571428571429,1942.857142857143,6.972013159110938,9671187.203536168
764.2857142857143,292.8571428571429,2108.5714285714284,6.895296290159919,9661601.44103487
764.2857142857143,292.8571428571429,2274.285714285714,6.82608302969626,9645495.26191396
764.2857142857143,292.8571428571429,2440.0,6.763489188392633,9624964.522398453
764.2857142857143,292.8571428571429,2605.714285714286,6.706729037899047,9601523.761311965
764.2857142857143,292.8571428571429,2771.4285714285716,6.655112614352117,9576266.862685492
764.2857142857143,292.8571428571429,2937.1428571428573,6.608038088211931,9549982.966896022
764.2857142857143,292.8571428571429,3102.857142857143,6.564982287643462,9523239.894772049
764.2857142857143,292.8571428571429,3268.571428571429,6.525490989037725,9496444.249017335
764.2857142857143,292.8571428571429,3434.2857142857147,6.489169765228052,9469884.838619161
764.2857142857143,292.8571428571429,3600.0,6.455675730826994,9443764.177091327
764.2857142857143,340.0,120.0,8.338210324590573,9643299.104284216
764.2857142857143,340.0,285.7142857142857,8.237756509496558,8532430.017465776
764.2857142857143,340.0,451.42857142857144,8.105595108219633,8728982.903202511
764.2857142857143,340.0,617.1428571428571,7.958652035975335,9055173.421114868
764.2857142857143,340.0,782.8571428571429,7.8090766524705675,9340625.549414936
764.2857142857143,340.0,948.5714285714287,7.664591062276406,9559087.59608323
764.2857142857143,340.0,1114.2857142857142,7.529398324020385,9716114.806109864
764.2857142857143,340.0,1280.0,7.405277998959367,9823984.791225426
764.2857142857143,340.0,1445.7142857142858,7.292549530933123,9894603.775106192
764.2857142857143,340.0,1611.4285714285716,7.1907443139884615,9937718.38821426
764.2857142857143,340.0,1777.1428571428573,7.099021164021236,9960807.553652551
764.2857142857143,340.0,1942.857142857143,7.016404523008651,9969446.649136815
764.2857142857143,340.0,2108.5714285714284,6.941912558052602,9967737.599324387
764.2857142857143,340.0,2274.285714285714,6.874620762191137,9958681.81997393
764.2857142857143,340.0,2440.0,6.813689295762809,9944471.998651262
764.2857142857143,340.0,2605.714285714286,6.7583707355576195,9926710.396910572
764.2857142857143,340.0,2771.4285714285716,6.708007779797256,9906568.829603814
764.2857142857143,340.0,2937.1428571428573,6.6620262492366455,9884904.857735153
764.2857142857143,340.0,3102.857142857143,6.61992629440289,9862345.956813332
764.2857142857143,340.0,3268.571428571429,6.581273337560378,9839350.543143885
764.2857142857143,340.0,3434.2857142857147,6.545689504163686,9816252.351452526
764.2857142857143,340.0,3600.0,6.512845872789509,9793292.837330187
764.2857142857143,387.14285714285717,120.0,8.33816541497167,9781259.133333234
764.2857142857143,387.14285714285717,285.7142857142857,8.239412210676827,8696492.690071475
764.2857142857143,387.14285714285717,451.42857142857144,8.110814611993042,8901767.04390676
764.2857142857143,387.14285714285717,617.1428571428571,7.968362197784683,9240490.151089737
764.2857142857143,387.14285714285717,782.8571428571429,7.82359645385925,9539784.616674833
764.2857142857143,387.14285714285717,948.5714285714287,7.683824053899197,9772082.30860116
764.2857142857143,387.14285714285717,1114.2857142857142,7.553012897719499,9942278.4597997
764.2857142857143,387.14285714285717,1280.0,7.432839002013172,10062342.047133446
764.2857142857143,387.14285714285717,1445.7142857142858,7.323598805150205,10144070.183802053
764.2857142857143,387.14285714285717,1611.4285714285716,7.224843818625385,10197211.572827982
764.2857142857143,387.14285714285717,1777.1428571428573,7.13577274473602,10229305.14141367
764.2857142857143,387.14285714285717,1942.857142857143,7.055456451457124,10246012.661980506
764.2857142857143,387.14285714285717,2108.5714285714284,6.982959173293283,10251530.836603094
764.2857142857143,387.14285714285717,2274.285714285714,6.917398877938592,10248954.482211398
764.2857142857143,387.14285714285717,2440.0,6.857973378299415,10240563.439620627
764.2857142857143,387.14285714285717,2605.714285714286,6.803967889146351,10228038.810922904
764.2857142857143,387.14285714285717,2771.4285714285716,6.754753035045853,10212622.426069114
764.2857142857143,387.14285714285717,2937.1428571428573,6.709778357782315,10195233.335387573
764.2857142857143,387.14285714285717,3102.857142857143,6.668564082129483,10176552.663899895
764.2857142857143,387.14285714285717,3268.571428571429,6.630692595062345,10157085.471040584
764.2857142857143,387.14285714285717,3434.2857142857147,6.595800361400208,10137205.98035147
764.2857142857143,387.14285714285717,3600.0,6.563570594800542,10117190.787406785
764.2857142857143,434.28571428571433,120.0,8.338172056392166,9906421.926549708
764.2857142857143,434.28571428571433,285.7142857142857,8.240941191151851,8849918.9650303
764.2857142857143,434.28571428571433,451.42857142857144,8.115516428202307,9064145.836781172
764.2857142857143,434.28571428571433,617.1428571428571,7.97704145575691,9414831.792003125
764.2857142857143,434.28571428571433,782.8571428571429,7.8365278231396225,9727103.76317039
764.2857142857143,434.28571428571433,948.5714285714287,7.700923214660671,9972272.909786358
764.2857142857143,434.28571428571433,1114.2857142857142,7.573992578512092,10154672.925533777
764.2857142857143,434.28571428571433,1280.0,7.457322182477131,10286015.476064984
764.2857142857143,434.28571428571433,1445.7142857142858,7.351187942725215,10378012.690374006
764.2857142857143,434.28571428571433,1611.4285714285716,7.255158019939999,10440423.589426292
764.2857142857143,434.28571428571433,1777.1428571428573,7.168464936582917,10480846.49610426
764.2857142857143,434.28571428571433,1942.857142857143,7.0902191962656715,10505024.42757767
764.2857142857143,434.28571428571433,2108.5714285714284,7.0195245342700385,10517241.721040769
764.2857142857143,434.28571428571433,2274.285714285714,6.955535468315736,10520678.898639338
764.2857142857143,434.28571428571433,2440.0,6.897482316351884,10517695.4691471
764.2857142857143,434.28571428571433,2605.714285714286,6.844678554895201,10510044.469298577
764.2857142857143,434.28571428571433,2771.4285714285716,6.796519061198887,10499031.56239374
764.2857142857143,434.28571428571433,2937.1428571428573,6.752474036272257,10485631.853816772
764.2857142857143,434.28571428571433,3102.857142857143,6.7120812367052505,10470575.392999943
764.2857142857143,434.28571428571433,3268.571428571429,6.674937906039654,10454409.800539615
764.2857142857143,434.28571428571433,3434.2857142857147,6.640693100282826,10437546.274882806
764.2857142857143,434.28571428571433,3600.0,6.609040716926881,10420293.531404266
764.2857142857143,481.42857142857144,120.0,8.338219369128263,10020857.096167622
764.2857142857143,481.42857142857144,285.7142857142857,8.242361887990485,8994414.021764366
764.2857142857143,481.42857142857144,451.42857142857144,8.119789600328424,9217809.893963719
764.2857142857143,481.42857142857144,617.1428571428571,7.984874475682396,9580002.042907245
764.2857142857143,481.42857142857144,782.8571428571429,7.848160226322194,9904547.940371687
764.2857142857143,481.42857142857144,948.5714285714287,7.716280186738353,10161801.385376872
764.2857142857143,481.42857142857144,1114.2857142857142,7.592821821778608,10355615.713822942
764.2857142857143,481.42857142857144,1280.0,7.479292640515417,10497487.351724928
764.2857142857143,481.42857142857144,1445.7142857142858,7.3759501315592955,10599063.279534694
764.2857142857143,481.42857142857144,1611.4285714285716,7.282376499158842,10670119.775711628
764.2857142857143,481.42857142857144,1777.1428571428573,7.1978334049696455,10718314.31277296
764.2857142857143,481.42857142857144,1942.857142857143,7.121465703576238,10749467.200986281
764.2857142857143,481.42857142857144,2108.5714285714284,7.0524114922926,10767944.809764814
764.2857142857143,481.42857142857144,2274.285714285714,6.989857181480273,10777007.274857169
764.2857142857143,481.42857142857144,2440.0,6.933061530932362,10779087.81453173
764.2857142857143,481.42857142857144,2605.714285714286,6.881362810950081,10776005.878985573
764.2857142857143,481.42857142857144,2771.4285714285716,6.8341772291156975,10769126.004403228
764.2857142857143,481.42857142857144,2937.1428571428573,6.790993200816829,10759474.976204926
764.2857142857143,481.42857142857144,3102.857142857143,6.751363976693694,10747827.95263185
764.2857142857143,481.42857142857144,3268.571428571429,6.71489996081175,10734771.809850207
764.2857142857143,481.42857142857144,3434.2857142857147,6.681261388607428,10720751.868017161
764.2857142857143,481.42857142857144,3600.0,6.650151664973193,10706106.503754832
764.2857142857143,528.5714285714286,120.0,8.33829942688183,10126131.12899996
764.2857142857143,528.5714285714286,285.7142857142857,8.243689026077838,9131260.966251511
764.2857142857143,528.5714285714286,451.42857142857144,8.123702103351096,9364027.111391567
764.2857142857143,528.5714285714286,617.1428571428571,7.992000838763968,9737351.143708404
764.2857142857143,528.5714285714286,782.8571428571429,7.858711594768885,10073586.476534178
764.2857142857143,528.5714285714286,948.5714285714287,7.730189406552039,10342268.399560843
764.2857142857143,528.5714285714286,1114.2857142857142,7.609864816147828,10546838.11420035
764.2857142857143,528.5714285714286,1280.0,7.499175499191737,10698611.953169415
764.2857142857143,528.5714285714286,1445.7142857142858,7.398362294120815,10809188.340711057
764.2857142857143,528.5714285714286,1611.4285714285716,7.307019435835997,10888366.71752531
764.2857142857143,528.5714285714286,1777.1428571428573,7.224434022854907,10943863.663485993
764.2857142857143,528.5714285714286,1942.857142857143,7.149781050118753,10981573.661414456
764.2857142857143,528.5714285714286,2108.5714285714284,7.082228863221289,11005940.60434256
764.2857142857143,528.5714285714286,2274.285714285714,7.020992022222985,11020299.30303554
764.2857142857143,528.5714285714286,2440.0,6.965354451751197,11027151.831840796
764.2857142857143,528.5714285714286,2605.714285714286,6.914676409496774,11028379.540810954
764.2857142857143,528.5714285714286,2771.4285714285716,6.868393060721068,11025401.771190204
764.2857142857143,528.5714285714286,2937.1428571428573,6.826009043799201,11019293.390678914
764.2857142857143,528.5714285714286,3102.857142857143,6.787091438273346,11010871.52050086
764.2857142857143,528.5714285714286,3268.571428571429,6.751262418378619,11000759.560441079
764.2857142857143,528.5714285714286,3434.2857142857147,6.718192237959105,10989434.588881485
764.2857142857143,528.5714285714286,3600.0,6.687592838699178,10977262.60264144
764.2857142857143,575.7142857142858,120.0,8.338406284945894,10223463.436042374
764.2857142857143,575.7142857142858,285.7142857142857,8.244934550782032,9261453.583923554
764.2857142857143,575.7142857142858,451.42857142857144,8.127307045764217,9503776.696088314
764.2857142857143,575.7142857142858,617.1428571428571,7.998528646821165,9887920.225176489
764.2857142857143,575.7142857142858,782.8571428571429,7.868350103234993,10235351.147651235
764.2857142857143,575.7142857142858,948.5714285714287,7.742877773228302,10514906.056787198
764.2857142857143,575.7142857142858,1114.2857142857142,7.625402162580112,10729672.266511656
764.2857142857143,575.7142857142858,1280.0,7.517298479847573,10890815.84260974
764.2857142857143,575.7142857142858,1445.7142857142858,7.418792432342801,11009900.73630095
764.2857142857143,575.7142857142858,1611.4285714285716,7.329488694688888,11096754.626316734
764.2857142857143,575.7142857142858,1777.1428571428573,7.248696814062775,11159153.272987545
764.2857142857143,575.7142857142858,1942.857142857143,7.175618505466045,11203062.808820425
764.2857142857143,575.7142857142858,2108.5714285714284,7.1094490073528025,11233000.946273971
764.2857142857143,575.7142857142858,2274.285714285714,7.049427966124066,11252373.088214792
764.2857142857143,575.7142857142858,2440.0,6.994861780904823,11263746.136703493
764.2857142857143,575.7142857142858,2605.714285714286,6.945130386003061,11269059.583801154
764.2857142857143,575.7142857142858,2771.4285714285716,6.899685945125628,11269784.180139206
764.2857142857143,575.7142857142858,2937.1428571428573,6.858047670589604,11267039.865226619
764.2857142857143,575.7142857142858,3102.857142857143,6.819795088098418,11261683.085095119
764.2857142857143,575.7142857142858,3268.571428571429,6.784560984296855,11254371.467248693
764.2857142857143,575.7142857142858,3434.2857142857147,6.752024661962051,11245611.858078064
764.2857142857143,575.7142857142858,3600.0,6.721905786843868,11235796.15260827
764.2857142857143,622.8571428571429,120.0,8.338535376986307,10313825.315149503
764.2857142857143,622.8571428571429,285.7142857142857,8.246108286565805,9385779.98509267
764.2857142857143,622.8571428571429,451.42857142857144,8.130646729965962,9637833.2755561
764.2857142857143,622.8571428571429,617.1428571428571,8.004543332860887,10032531.71751439
764.2857142857143,622.8571428571429,782.8571428571429,7.87720822243992,10390735.097856764
764.2857142857143,622.8571428571429,948.5714285714287,7.754523778264598,10680685.997805525
764.2857142857143,622.8571428571429,1114.2857142857142,7.639654542185999,10905168.236949539
764.2857142857143,622.8571428571429,1280.0,7.533919419679633,11075223.264321173
764.2857142857143,622.8571428571429,1445.7142857142858,7.437530294827166,11202392.661668707
764.2857142857143,622.8571428571429,1611.4285714285716,7.350101000387719,11296536.749916205
764.2857142857143,622.8571428571429,1777.1428571428573,7.270961079193418,11365490.607413994
764.2857142857143,622.8571428571429,1942.857142857143,7.199336142653045,11415289.93635382
764.2857142857143,622.8571428571429,2108.5714285714284,7.13444554188,11450523.172276616
764.2857142857143,622.8571428571429,2274.285714285714,7.0755514637668515,11474662.879203606
764.2857142857143,622.8571428571429,2440.0,7.021980539959147,11490337.390500786
764.2857142857143,622.8571428571429,2605.714285714286,6.973130450685967,11499541.163612643
764.2857142857143,622.8571428571429,2771.4285714285716,6.928468716970044,11503793.481565027
764.2857142857143,622.8571428571429,2937.1428571428573,6.887527740325831,11504256.79975899
764.2857142857143,622.8571428571429,3102.857142857143,6.8498983286374,11501824.644861491
764.2857142857143,622.8571428571429,3268.571428571429,6.8152229039835905,11497186.9154947
764.2857142857143,622.8571428571429,3434.2857142857147,6.783188997992438,11490878.526992427
764.2857142857143,622.8571428571429,3600.0,6.753523311320617,11483315.800032038
764.2857142857143,670.0,120.0,8.338683124417086,10398005.41256974
764.2857142857143,670.0,285.7142857142857,8.247218411761512,9504877.61660572
764.2857142857143,670.0,451.42857142857144,8.133755406669835,9766822.02165019
764.2857142857143,670.0,617.1428571428571,8.010113580216245,10171848.501206527
764.2857142857143,670.0,782.8571428571429,7.885392128163769,10540457.511199132
764.2857142857143,670.0,948.5714285714287,7.7652703030855985,10840390.057145482
764.2857142857143,670.0,1114.2857142857142,7.6527985572087225,11074170.557105506
764.2857142857143,670.0,1280.0,7.549244712433677,11252738.154547075
764.2857142857143,670.0,1445.7142857142858,7.454807963811214,11387622.576885862
764.2857142857143,670.0,1611.4285714285716,7.369110253044745,11488720.641203776
764.2857142857143,670.0,1777.1428571428573,7.291499075792243,11563926.915857831
764.2857142857143,670.0,1942.857142857143,7.2212215764519865,11619344.929242209
764.2857142857143,670.0,2108.5714285714284,7.157518884170377,11659631.213687073
764.2857142857143,670.0,2274.285714285714,7.0996735827468544,11688322.571272485
764.2857142857143,670.0,2440.0,7.047030643989855,11708105.864800805
764.2857142857143,670.0,2605.714285714286,6.999003860627352,11721027.796922335
764.2857142857143,670.0,2771.4285714285716,6.955074719410786,11728653.714615637
764.2857142857143,670.0,2937.1428571428573,6.914787634254743,11732186.392253613
764.2857142857143,670.0,3102.857142857143,6.877743703867885,11732554.504899524
764.2857142857143,670.0,3268.571428571429,6.84359415186877,11730478.53493156
764.2857142857143,670.0,3434.2857142857147,6.812034037245161,11726519.999091024
764.2857142857143,670.0,3600.0,6.78279650479118,11721118.369921444
764.2857142857143,717.1428571428572,120.0,8.338846674407746,10476654.561731819
764.2857142857143,717.1428571428572,285.7142857142857,8.248271807482858,9619270.749118906
764.2857142857143,717.1428571428572,451.42857142857144,8.136661199785989,9891256.09987142
764.2857142857143,717.1428571428572,617.1428571428571,8.015295423204552,10306414.031952692
764.2857142857143,717.1428571428572,782.8571428571429,7.892988199147156,10685107.452000888
764.2857142857143,717.1428571428572,948.5714285714287,7.775233448924484,10994658.151306989
764.2857142857143,717.1428571428572,1114.2857142857142,7.664977663767148,11237370.103090301
764.2857142857143,717.1428571428572,1280.0,7.563442047738148,11424099.744378563
764.2857142857143,717.1428571428572,1445.7142857142858,7.470814097117189,11566374.170074863
764.2857142857143,717.1428571428572,1611.4285714285716,7.386722991621277,11674130.091953123
764.2857142857143,717.1428571428572,1777.1428571428573,7.310532457308447,11755321.756782848
764.2857142857143,717.1428571428572,1942.857142857143,7.241509169744725,11816119.036928594
764.2857142857143,717.1428571428572,2108.5714285714284,7.178914052875428,11861244.30591545
764.2857142857143,717.1428571428572,2274.285714285714,7.122048262043088,11894296.083870461
764.2857142857143,717.1428571428572,2440.0,7.070273494220606,11918017.255277853
764.2857142857143,717.1428571428572,2605.714285714286,7.023018257684873,11934504.41271313
764.2857142857143,717.1428571428572,2771.4285714285716,6.979776812358791,11945366.826141153
764.2857142857143,717.1428571428572,2937.1428571428573,6.940104574050188,11951845.680424368
764.2857142857143,717.1428571428572,3102.857142857143,6.903612079341781,11954903.117956603
764.2857142857143,717.1428571428572,3268.571428571429,6.86995863451793,11955288.734748056
764.2857142857143,717.1428571428572,3434.2857142857147,6.838846220020785,11953589.36858653
764.2857142857143,717.1428571428572,3600.0,6.8100139135281665,11950266.531080648
764.2857142857143,764.2857142857143,120.0,8.339023718887454,10550317.412121926
764.2857142857143,764.2857142857143,285.7142857142857,8.24927431859436,9729396.798097728
764.2857142857143,764.2857142857143,451.42857142857144,8.139387486056954,10011562.893361606
764.2857142857143,764.2857142857143,617.1428571428571,8.020135163109586,10436680.40119798
764.2857142857143,764.2857142857143,782.8571428571429,7.9000676241003145,10825174.504532736
764.2857142857143,764.2857142857143,948.5714285714287,7.784508791326326,11144021.739952138
764.2857142857143,764.2857142857143,1114.2857142857142,7.676309916943926,11395340.346638583
764.2857142857143,764.2857142857143,1280.0,7.576649442968869,11589921.421002382
764.2857142857143,764.2857142857143,1445.7142857142858,7.485704036977159,11739297.580570275
764.2857142857143,764.2857142857143,1611.4285714285716,7.403109384982009,11853448.449686108
764.2857142857143,764.2857142857143,1777.1428571428573,7.328243975442336,11940388.147483116
764.2857142857143,764.2857142857143,1942.857142857143,7.260392301910915,12006351.61466228
764.2857142857143,764.2857142857143,2108.5714285714284,7.198833381342875,12056125.107672404
764.2857142857143,764.2857142857143,2274.285714285714,7.142885370849918,12093366.669812685
764.2857142857143,764.2857142857143,2440.0,7.091925300911179,12120873.018540842
764.2857142857143,764.2857142857143,2605.714285714286,7.045395189284461,12140788.577292355
764.2857142857143,764.2857142857143,2771.4285714285716,7.002801037548991,12154764.664519839
764.2857142857143,764.2857142857143,2937.1428571428573,6.963708387768125,12164079.202296015
764.2857142857143,764.2857142857143,3102.857142857143,6.927736473965586,12169726.324498232
764.2857142857143,764.2857142857143,3268.571428571429,6.89455205994432,12172483.448464721
764.2857142857143,764.2857142857143,3434.2857142857147,6.863863519770004,12172961.606148671
764.2857142857143,764.2857142857143,3600.0,6.835415417853768,12171643.36764851
764.2857142857143,811.4285714285714,120.0,8.339212366301197,10619455.307258166
764.2857142857143,811.4285714285714,285.7142857142857,8.250230952043356,9835625.283072917
764.2857142857143,811.4285714285714,451.42857142857144,8.141953905691413,10128102.847736033
764.2857142857143,811.4285714285714,617.1428571428571,8.024671488882197,10563028.477057537
764.2857142857143,811.4285714285714,782.8571428571429,7.906689742926324,10961070.752330089
764.2857142857143,811.4285714285714,948.5714285714287,7.793175911930332,11288927.823463213
764.2857142857143,811.4285714285714,1114.2857142857142,7.6868935827999,11548563.35324808
764.2857142857143,811.4285714285714,1280.0,7.588981791664387,11750718.601899566
764.2857142857143,811.4285714285714,1445.7142857142858,7.499607146348288,11906938.974851279
764.2857142857143,811.4285714285714,1611.4285714285716,7.418411217874882,12027249.70587178
764.2857142857143,811.4285714285714,1777.1428571428573,7.344785994055962,12119724.979398817
764.2857142857143,811.4285714285714,1942.857142857143,7.278032306868477,12190663.694859698
764.2857142857143,811.4285714285714,2108.5714285714284,7.2174457929825175,12244914.275350502
764.2857142857143,811.4285714285714,2274.285714285714,7.162360249535998,12286192.358438326
764.2857142857143,811.4285714285714,2440.0,7.112166831060788,12317346.56766918
764.2857142857143,811.4285714285714,2605.714285714286,7.066320014798186,12340567.341964621
764.2857142857143,811.4285714285714,2771.4285714285716,7.0243366444267705,12357546.393452028
764.2857142857143,811.4285714285714,2937.1428571428573,6.9857916233764,12369596.902416987
764.2857142857143,811.4285714285714,3102.857142857143,6.950312235269933,12377743.688189192
764.2857142857143,811.4285714285714,3268.571428571429,6.917572153573953,12382790.844521264
764.2857142857143,811.4285714285714,3434.2857142857147,6.887285682668772,12385372.59806845
764.2857142857143,811.4285714285714,3600.0,6.859202481466308,12385991.706783673
764.2857142857143,858.5714285714287,120.0,8.339411048730996,10684463.196127435
764.2857142857143,858.5714285714287,285.7142857142857,8.251146029779454,9938271.789395574
764.2857142857143,858.5714285714287,451.42857142857144,8.144377116894395,10241183.319607295
764.2857142857143,858.5714285714287,617.1428571428571,8.028937049955255,10685782.68975437
764.2857142857143,858.5714285714287,782.8571428571429,7.912904518251447,11093146.904319378
764.2857142857143,858.5714285714287,948.5714285714287,7.801301747527371,11429756.545341797
764.2857142857143,858.5714285714287,1114.2857142857142,7.696811285595563,11697448.851049855
764.2857142857143,858.5714285714287,1280.0,7.600535705131698,11906929.181734888
764.2857142857143,858.5714285714287,1445.7142857142858,7.512632237484713,12069762.246083077
764.2857142857143,858.5714285714287,1611.4285714285716,7.432747806213406,12196021.311157985
764.2857142857143,858.5714285714287,1777.1428571428573,7.360286802626094,12293840.81473361
764.2857142857143,858.5714285714287,1942.857142857143,7.294565108967653,12369582.64066215
764.2857142857143,858.5714285714287,2108.5714285714284,7.234893696061921,12428155.86192103
764.2857142857143,858.5714285714287,2274.285714285714,7.180620810648192,12473332.00170766
764.2857142857143,858.5714285714287,2440.0,7.131150672226213,12508009.880223205
764.2857142857143,858.5714285714287,2605.714285714286,7.085949296585855,12534424.339345988
764.2857142857143,858.5714285714287,2771.4285714285716,7.0445435792870175,12554306.013278944
764.2857142857143,858.5714285714287,2937.1428571428573,7.00651711218139,12569002.02383277
764.2857142857143,858.5714285714287,3102.857142857143,6.971504657668158,12579566.711857665
764.2857142857143,858.5714285714287,3268.571428571429,6.939186315440243,12586829.826129159
764.2857142857143,858.5714285714287,3434.2857142857147,6.909281910762344,12591447.895480504
764.2857142857143,858.5714285714287,3600.0,6.881545849926004,12593943.087482708
764.2857142857143,905.7142857142858,120.0,8.339618453328862,10745682.37354777
764.2857142857143,905.7142857142858,285.7142857142857,8.252023308209889,10037608.450274708
764.2857142857143,905.7142857142858,451.42857142857144,8.146671368693085,10351068.954335356
764.2857142857143,905.7142857142858,617.1428571428571,8.032959642980787,10805222.100981202
764.2857142857143,905.7142857142858,782.8571428571429,7.918754395665322,11221704.361600574
764.2857142857143,905.7142857142858,948.5714285714287,7.8089431084646685,11566834.360101588
764.2857142857143,905.7142857142858,1114.2857142857142,7.706133126120555,11842348.494508045
764.2857142857143,905.7142857142858,1280.0,7.6113931543506785,12058928.827631416
764.2857142857143,905.7142857142858,1445.7142857142858,7.52487165821732,12228165.248915574
764.2857142857143,905.7142857142858,1611.4285714285716,7.44622045363971,12360181.248669174
764.2857142857143,905.7142857142858,1777.1428571428573,7.3748553774896415,12463171.698880984
764.2857142857143,905.7142857142858,1942.857142857143,7.310106232653973,12543560.60517957
764.2857142857143,905.7142857142858,2108.5714285714284,7.251298194438677,12606316.34002015
764.2857142857143,905.7142857142858,2274.285714285714,7.197792911322324,12655264.788006319
764.2857142857143,905.7142857142858,2440.0,7.149006734062026,12693353.439085837
764.2857142857143,905.7142857142858,2605.714285714286,7.104416403872034,12722860.096170431
764.2857142857143,905.7142857142858,2771.4285714285716,7.063558169476785,12745552.998303099
764.2857142857143,905.7142857142858,2937.1428571428573,7.026023715287675,12762812.029099582
764.2857142857143,905.7142857142858,3102.857142857143,6.9914547763421035,12775720.007088855
764.2857142857143,905.7142857142858,3268.571428571429,6.95953744931927,12785131.419214042
764.2857142857143,905.7142857142858,3434.2857142857147,6.9299967163486675,12791724.294585193
764.2857142857143,905.7142857142858,3600.0,6.902591422069053,12796039.510556182
764.2857142857143,952.8571428571429,120.0,8.339833470834622,10803410.240069643
764.2857142857143,952.8571428571429,285.7142857142857,8.252866072626594,10133871.951447712
764.2857142857143,952.8571428571429,451.42857142857144,8.148848942317343,10457989.59796488
764.2857142857143,952.8571428571429,617.1428571428571,8.03676312103883,10921588.835872943
764.2857142857143,952.8571428571429,782.8571428571429,7.924275725599881,11347004.404601516
764.2857142857143,952.8571428571429,948.5714285714287,7.816148601860552,11700444.055940486
764.2857142857143,952.8571428571429,1114.2857142857142,7.7149190627469935,11983566.719903901
764.2857142857143,952.8571428571429,1280.0,7.621624251723153,12207042.619904872
764.2857142857143,952.8571428571429,1445.7142857142858,7.536404415008753,12382492.156630324
764.2857142857143,952.8571428571429,1611.4285714285716,7.458915860208981,12520091.031709697
764.2857142857143,952.8571428571429,1777.1428571428573,7.38858502674786,12628094.723864647
764.2857142857143,952.8571428571429,1942.857142857143,7.324754641108233,12712988.591004016
764.2857142857143,952.8571428571429,2108.5714285714284,7.266763084088832,12779799.094785625
764.2857142857143,952.8571428571429,2274.285714285714,7.213984477791869,12832405.112895124
764.2857142857143,952.8571428571429,2440.0,7.16584647602077,12873801.4327791
764.2857142857143,952.8571428571429,2605.714285714286,7.121835823166749,12906307.521284645
764.2857142857143,952.8571428571429,2771.4285714285716,7.081497499660825,12931728.036304662
764.2857142857143,952.8571428571429,2937.1428571428573,7.044430751804229,12951474.560163148
764.2857142857143,952.8571428571429,3102.857142857143,7.010283835931058,12966657.447617216
764.2857142857143,952.8571428571429,3268.571428571429,6.978748462453994,12978155.096166357
764.2857142857143,952.8571428571429,3434.2857142857147,6.949554444942201,12986666.310757274
764.2857142857143,952.8571428571429,3600.0,6.922464789773495,12992750.04578509
764.2857142857143,1000.0,120.0,8.340055156335941,10857907.890568053
764.2857142857143,1000.0,285.7142857142857,8.253677212658438,10227269.737106418
764.2857142857143,1000.0,451.42857142857144,8.150920495838267,10562146.42219837
764.2857142857143,1000.0,617.1428571428571,8.040368099788232,11035094.605448341
764.2857142857143,1000.0,782.8571428571429,7.9294998652089905,11469275.296264768
764.2857142857143,1000.0,948.5714285714287,7.822960120684353,11830832.501656614
764.2857142857143,1000.0,1114.2857142857142,7.723220754710778,12121369.134776995
764.2857142857143,1000.0,1280.0,7.631289405128723,12351554.048196226
764.2857142857143,1000.0,1445.7142857142858,7.547298592572464,12533043.011640817
764.2857142857143,1000.0,1611.4285714285716,7.470908765106693,12676065.750765786
764.2857142857143,1000.0,1777.1428571428573,7.401556218317429,12788938.514626218
764.2857142857143,1000.0,1942.857142857143,7.338595717086496,12878207.322398523
764.2857142857143,1000.0,2108.5714285714284,7.2813779592077115,12948955.633768857
764.2857142857143,1000.0,2274.285714285714,7.229288713722603,13005114.084125126
764.2857142857143,1000.0,2440.0,7.1817661987833175,13049723.518329784
764.2857142857143,1000.0,2605.714285714286,7.138306516940788,13085143.894032862
764.2857142857143,1000.0,2771.4285714285716,7.098462824634353,13113215.214491503
764.2857142857143,1000.0,2937.1428571428573,7.061841454959556,13135379.797744453
764.2857142857143,1000.0,3102.857142857143,7.028096780989085,13152774.68132309
764.2857142857143,1000.0,3268.571428571429,6.996925782937914,13166301.422460914
764.2857142857143,1000.0,3434.2857142857147,6.9680628134397455,13176678.944227278
764.2857142857143,1000.0,3600.0,6.941274791811247,13184483.703175433
800.0,10.0,120.0,8.342199576493103,7928598.607697022
800.0,10.0,285.7142857142857,8.213942633900418,6755649.451278842
800.0,10.0,451.42857142857144,8.019052920619702,6871605.277648909
800.0,10.0,617.1428571428571,7.789685771525965,7030372.311365857
800.0,10.0,782.8571428571429,7.551496439271222,7114418.684457427
800.0,10.0,948.5714285714287,7.322096052989928,7123592.378039721
800.0,10.0,1114.2857142857142,7.111128301415525,7078139.670288191
800.0,10.0,1280.0,6.922396191726665,6998100.534371905
800.0,10.0,1445.7142857142858,6.756197581164591,6898679.012078559
800.0,10.0,1611.4285714285716,6.611038883907563,6790233.135234247
800.0,10.0,1777.1428571428573,6.484685916707557,6679391.331554809
800.0,10.0,1942.857142857143,6.374738739430879,6570189.729518168
800.0,10.0,2108.5714285714284,6.278914386717471,6464953.569704999
800.0,10.0,2274.285714285714,6.195165774793976,6364914.000402341
800.0,10.0,2440.0,6.121714943435159,6270619.088663547
800.0,10.0,2605.714285714286,6.057044869598968,6182200.57158048
800.0,10.0,2771.4285714285716,5.999873632694715,6099544.251259952
800.0,10.0,2937.1428571428573,5.949123109754678,6022397.595949638
800.0,10.0,3102.857142857143,5.903888056783869,5950436.948965245
800.0,10.0,3268.571428571429,5.863408100686852,5883308.941824187
800.0,10.0,3434.2857142857147,5.8270434745479625,5820655.509515926
800.0,10.0,3600.0,5.794254515578566,5762128.5256920345
800.0,57.142857142857146,120.0,8.339338628427182,8608750.292237176
800.0,57.142857142857146,285.7142857142857,8.218928354895864,7419266.26562934
800.0,57.142857142857146,451.42857142857144,8.044195725562663,7565518.139499514
800.0,57.142857142857146,617.1428571428571,7.842041170018198,7787439.510626723
800.0,57.142857142857146,782.8571428571429,7.6328866736814405,7945525.582271695
800.0,57.142857142857146,948.5714285714287,7.430457269444398,8029702.624951528
800.0,57.142857142857146,1114.2857142857142,7.242353968430942,8054919.484301714
800.0,57.142857142857146,1280.0,7.071763113987944,8038657.899138076
800.0,57.142857142857146,1445.7142857142858,6.9191935175906,7995282.63995477
800.0,57.142857142857146,1611.4285714285716,6.783736075151197,7935297.867639407
800.0,57.142857142857146,1777.1428571428573,6.663845034045557,7865968.016342824
800.0,57.142857142857146,1942.857142857143,6.557777947578031,7792153.827943677
800.0,57.142857142857146,2108.5714285714284,6.463823429313899,7717028.216771236
800.0,57.142857142857146,2274.285714285714,6.38040670476778,7642611.99249034
800.0,57.142857142857146,2440.0,6.306128617989179,7570152.072193584
800.0,57.142857142857146,2605.714285714286,6.239770403279109,7500381.003782638
800.0,57.142857142857146,2771.4285714285716,6.180282215008951,7433692.506006901
800.0,57.142857142857146,2937.1428571428573,6.126765084164152,7370259.346706905
800.0,57.142857142857146,3102.857142857143,6.078451285701837,7310112.2074679835
800.0,57.142857142857146,3268.571428571429,6.0346855290649755,7253192.3248572145
800.0,57.142857142857146,3434.2857142857147,5.994908006890111,7199386.543963023
800.0,57.142857142857146,3600.0,5.9586396227581915,7148550.574993296
800.0,104.28571428571429,120.0,8.338295650038265,8979793.010557039
800.0,104.28571428571429,285.7142857142857,8.222897435002263,7796907.549455489
800.0,104.28571428571429,451.42857142857144,8.059915108786825,7957192.843707623
800.0,104.28571428571429,617.1428571428571,7.873381601116561,8210297.363830414
800.0,104.28571428571429,782.8571428571429,7.681144470551221,8405840.306461716
800.0,104.28571428571429,948.5714285714287,7.495022352491695,8528697.546242254
800.0,104.28571428571429,1114.2857142857142,7.321549781024996,8591090.886523055
800.0,104.28571428571429,1280.0,7.1634984134647155,8609110.050614845
800.0,104.28571428571429,1445.7142857142858,7.021357368572733,8596560.33502965
800.0,104.28571428571429,1611.4285714285716,6.894395823663273,8563877.18807264
800.0,104.28571428571429,1777.1428571428573,6.781322677180659,8518518.19736773
800.0,104.28571428571429,1942.857142857143,6.680661003833354,8465656.714684006
800.0,104.28571428571429,2108.5714285714284,6.590944902314801,8408815.519690232
800.0,104.28571428571429,2274.285714285714,6.510813298954587,8350358.730301608
800.0,104.28571428571429,2440.0,6.439046929795942,8291849.093440235
800.0,104.28571428571429,2605.714285714286,6.374575527798282,8234299.489480707
800.0,104.28571428571429,2771.4285714285716,6.31647043355525,8178347.309525024
800.0,104.28571428571429,2937.1428571428573,6.2639309333137385,8124374.530685517
800.0,104.28571428571429,3102.857142857143,6.216268697072942,8072590.1947779665
800.0,104.28571428571429,3268.571428571429,6.172892502774612,8023087.047689858
800.0,104.28571428571429,3434.2857142857147,6.13329424139651,7975880.459183732
800.0,104.28571428571429,3600.0,6.097036565870995,7930935.183304954
800.0,151.42857142857144,120.0,8.33775843101171,9253636.816129234
800.0,151.42857142857144,285.7142857142857,8.22616503846359,8087609.425143664
800.0,151.42857142857144,451.42857142857144,8.071736701154075,8259455.183658752
800.0,151.42857142857144,617.1428571428571,7.896410239616024,8535785.018475557
800.0,151.42857142857144,782.8571428571429,7.7163008282803895,8758876.080429155
800.0,151.42857142857144,948.5714285714287,7.541965661363581,8910108.58772457
800.0,151.42857142857144,1114.2857142857142,7.3792258221472204,8999833.45130856
800.0,151.42857142857144,1280.0,7.230559602450786,9043185.937404199
800.0,151.42857142857144,1445.7142857142858,7.096419425669381,9053579.129061816
800.0,151.42857142857144,1611.4285714285716,6.976170062893587,9041387.008086113
800.0,151.42857142857144,1777.1428571428573,6.868670902593802,9014184.338585932
800.0,151.42857142857144,1942.857142857143,6.77260783744728,8977345.852812702
800.0,151.42857142857144,2108.5714285714284,6.686669205381472,8934624.865426607
800.0,151.42857142857144,2274.285714285714,6.6096309029404985,8888615.222862259
800.0,151.42857142857144,2440.0,6.5403910626698325,8841093.732994867
800.0,151.42857142857144,2605.714285714286,6.4779780008405,8793265.46608004
800.0,151.42857142857144,2771.4285714285716,6.421544867146864,8745936.649450514
800.0,151.42857142857144,2937.1428571428573,6.3703583890309705,8699635.669298379
800.0,151.42857142857144,3102.857142857143,6.323785650482273,8654697.573028889
800.0,151.42857142857144,3268.571428571429,6.2812809098974585,8611323.111815935
800.0,151.42857142857144,3434.2857142857147,6.242373397141662,8569620.06944954
800.0,151.42857142857144,3600.0,6.206656458063739,8529632.258298099
800.0,198.57142857142858,120.0,8.337470605163373,9474625.661064614
800.0,198.57142857142858,285.7142857142857,8.22895308651756,8331770.209434847
800.0,198.57142857142858,451.42857142857144,8.081262283370926,8514500.616194893
800.0,198.57142857142858,617.1428571428571,7.914662312556608,8810259.001896774
800.0,198.57142857142858,782.8571428571429,7.743974711913358,9055940.926073512
800.0,198.57142857142858,948.5714285714287,7.578829148054081,9230279.348331606
800.0,198.57142857142858,1114.2857142857142,7.424520444702058,9342220.10599838
800.0,198.57142857142858,1280.0,7.283304678653003,9406188.98283057
800.0,198.57142857142858,1445.7142857142858,7.155598310359861,9435310.66595368
800.0,198.57142857142858,1611.4285714285716,7.040827518472955,9439916.833364407
800.0,198.57142857142858,1777.1428571428573,6.937955006347834,9427672.89651731
800.0,198.57142857142858,1942.857142857143,6.845781047647138,9404107.342676675
800.0,198.57142857142858,2108.5714285714284,6.763103954950599,9373149.575715736
800.0,198.57142857142858,2274.285714285714,6.688798471489517,9337569.513709601
800.0,198.57142857142858,2440.0,6.621848374999519,9299308.776360786
800.0,198.57142857142858,2605.714285714286,6.561354642733294,9259721.156896466
800.0,198.57142857142858,2771.4285714285716,6.506531323539643,9219744.224109134
800.0,198.57142857142858,2937.1428571428573,6.456695841035906,9180020.867298681
800.0,198.57142857142858,3102.857142857143,6.411257340180341,9140985.203051278
800.0,198.57142857142858,3268.571428571429,6.369704936587354,9102923.343228335
800.0,198.57142857142858,3434.2857142857147,6.331596757441835,9066016.48364635
800.0,198.57142857142858,3600.0,6.2965501369985075,9030371.552611925
800.0,245.71428571428572,120.0,8.33733147253173,9661184.4802244
800.0,245.71428571428572,285.7142857142857,8.231390617344756,8545871.322430395
800.0,245.71428571428572,451.42857142857144,8.08924578056166,8739318.183119748
800.0,245.71428571428572,617.1428571428571,7.929762994073358,9052252.022617944
800.0,245.71428571428572,782.8571428571429,7.766741139502722,9317485.367091972
800.0,245.71428571428572,948.5714285714287,7.60908648596909,9511655.767022353
800.0,245.71428571428572,1114.2857142857142,7.461683140844653,9642603.417593554
800.0,245.71428571428572,1280.0,7.326610984239884,9724203.51306259
800.0,245.71428571428572,1445.7142857142858,7.2042540528950925,9769362.872222446
800.0,245.71428571428572,1611.4285714285716,7.094081937045833,9788388.305059165
800.0,245.71428571428572,1777.1428571428573,6.995134146093803,9789024.14047817
800.0,245.71428571428572,1942.857142857143,6.906297390245201,9776926.842713626
800.0,245.71428571428572,2108.5714285714284,6.826453961675675,9756170.959658997
800.0,245.71428571428572,2274.285714285714,6.754554727996506,9729671.213526368
800.0,245.71428571428572,2440.0,6.689649928584888,9699504.849791614
800.0,245.71428571428572,2605.714285714286,6.630897332341513,9667148.286682462
800.0,245.71428571428572,2771.4285714285716,6.5775589174363045,9633647.674185779
800.0,245.71428571428572,2937.1428571428573,6.528992277974136,9599740.84951618
800.0,245.71428571428572,3102.857142857143,6.484640110561948,9565944.344477234
800.0,245.71428571428572,3268.571428571429,6.444019521134296,9532615.51793739
800.0,245.71428571428572,3434.2857142857147,6.406711995307925,9499997.044724617
800.0,245.71428571428572,3600.0,6.372354386400303,9468248.885777455
800.0,292.8571428571429,120.0,8.337290518016827,9823051.219735233
800.0,292.8571428571429,285.7142857142857,8.233559507230124,8738507.370153777
800.0,292.8571428571429,451.42857142857144,8.096113740866254,8942685.461402325
800.0,292.8571428571429,617.1428571428571,7.942615653508444,9271291.964575676
800.0,292.8571428571429,782.8571428571429,7.786025227632754,9553999.76218699
800.0,292.8571428571429,948.5714285714287,7.634662336963112,9765745.151829798
800.0,292.8571428571429,1114.2857142857142,7.493078271132353,9913473.537678825
800.0,292.8571428571429,1280.0,7.363208602009971,10010621.557206577
800.0,292.8571428571429,1445.7142857142858,7.245408626618954,10069929.148022536
800.0,292.8571428571429,1611.4285714285716,7.139180534341318,10101692.659544628
800.0,292.8571428571429,1777.1428571428573,7.043623883253321,10113729.463099616
800.0,292.8571428571429,1942.857142857143,6.957693813222019,10111808.108269952
800.0,292.8571428571429,2108.5714285714284,6.880339631200714,10100128.446559638
800.0,292.8571428571429,2274.285714285714,6.810573343847395,10081729.572516479
800.0,292.8571428571429,2440.0,6.747498878862825,10058805.043723227
800.0,292.8571428571429,2605.714285714286,6.690320132583839,10032936.464069445
800.0,292.8571428571429,2771.4285714285716,6.63833821725912,10005263.230648804
800.0,292.8571428571429,2937.1428571428573,6.590943694334972,9976604.858354466
800.0,292.8571428571429,3102.857142857143,6.547606934651961,9947548.91842782
800.0,292.8571428571429,3268.571428571429,6.507868246283637,9918514.317486301
800.0,292.8571428571429,3434.2857142857147,6.471328573108524,9889796.961933076
800.0,292.8571428571429,3600.0,6.437641108281596,9861602.83868327
800.0,340.0,120.0,8.337318722119914,9966105.015508594
800.0,340.0,285.7142857142857,8.235515319672963,8914813.356384235
800.0,340.0,451.42857142857144,8.102134307274389,9129810.350895882
800.0,340.0,617.1428571428571,7.953780143685824,9473010.790955218
800.0,340.0,782.8571428571429,7.802706300135515,9771673.698469743
800.0,340.0,948.5714285714287,7.656744016173393,9999332.788856994
800.0,340.0,1114.2857142857142,7.520167473772328,10162196.145904675
800.0,340.0,1280.0,7.3947911611603185,10273345.323972493
800.0,340.0,1445.7142857142858,7.280944913078063,10345391.928153716
800.0,340.0,1611.4285714285716,7.178156445076549,10388633.60471775
800.0,340.0,1777.1428571428573,7.085573938130257,10410957.596925925
800.0,340.0,1942.857142857143,7.00220850013842,10418233.877056671
800.0,340.0,2108.5714285714284,6.927064597515809,10414773.853121031
800.0,340.0,2274.285714285714,6.859204819750037,10403726.62193205
800.0,340.0,2440.0,6.7977777190393125,10387388.335564865
800.0,340.0,2605.714285714286,6.742025699009849,10367433.302854365
800.0,340.0,2771.4285714285716,6.6912826781883386,10345083.123494893
800.0,340.0,2937.1428571428573,6.644966967554142,10321229.37776811
800.0,340.0,3102.857142857143,6.602572325368991,10296522.393672084
800.0,340.0,3268.571428571429,6.563658745062703,10271435.529651355
800.0,340.0,3434.2857142857147,6.527843743749077,10246311.862682264
800.0,340.0,3600.0,6.494794485438541,10221398.234474294
800.0,387.14285714285717,120.0,8.337397881735054,10094214.06306828
800.0,387.14285714285717,285.7142857142857,8.237297688202997,9078139.716567656
800.0,387.14285714285717,451.42857142857144,8.107488237752774,9304072.364035469
800.0,387.14285714285717,617.1428571428571,7.963629382616561,9661052.346306168
800.0,387.14285714285717,782.8571428571429,7.817367647363668,9974505.506754871
800.0,387.14285714285717,948.5714285714287,7.676118523244536,10216798.786565982
800.0,387.14285714285717,1114.2857142857142,7.543920662921166,10393525.542369891
800.0,387.14285714285717,1280.0,7.422485032146269,10517476.957063517
800.0,387.14285714285717,1445.7142857142858,7.312118804633964,10601166.45025067
800.0,387.14285714285717,1611.4285714285716,7.212370310311213,10654902.619580662
800.0,387.14285714285717,1777.1428571428573,7.1224281367458575,10686640.790260987
800.0,387.14285714285717,1942.857142857143,7.041350290360757,10702344.760136472
800.0,387.14285714285717,2108.5714285714284,6.968187701161446,10706427.434288736
800.0,387.14285714285717,2274.285714285714,6.90204574868592,10702137.269623114
800.0,387.14285714285717,2440.0,6.842110879467055,10691862.773886004
800.0,387.14285714285717,2605.714285714286,6.787658314717371,10677361.588526944
800.0,387.14285714285717,2771.4285714285716,6.738050028760524,10659929.179238426
800.0,387.14285714285717,2937.1428571428573,6.692728143773204,10640521.902856918
800.0,387.14285714285717,3102.857142857143,6.651206552301017,10619846.537149193
800.0,387.14285714285717,3268.571428571429,6.6130622497863945,10598425.467946606
800.0,387.14285714285717,3434.2857142857147,6.577927113096106,10576644.292427925
800.0,387.14285714285717,3600.0,6.545480449299702,10554786.725567924
800.0,434.28571428571433,120.0,8.337515845534933,10210082.466274427
800.0,434.28571428571433,285.7142857142857,8.23893598031062,9230812.600577824
800.0,434.28571428571433,451.42857142857144,8.112303661219723,9467807.538840871
800.0,434.28571428571433,617.1428571428571,7.97242500620522,9837929.210396454
800.0,434.28571428571433,782.8571428571429,7.830416929140499,10165248.318725403
800.0,434.28571428571433,948.5714285714287,7.693335343381233,10421156.94257609
800.0,434.28571428571433,1114.2857142857142,7.565015428417478,10610732.166973388
800.0,434.28571428571433,1280.0,7.447078301237199,10746526.503205657
800.0,434.28571428571433,1445.7142857142858,7.339810846682997,10840979.395236569
800.0,434.28571428571433,1611.4285714285716,7.242778442831373,10904418.407384427
800.0,434.28571428571433,1777.1428571428573,7.155203936396664,10944865.912028013
800.0,434.28571428571433,1942.857142857143,7.076185378283147,10968373.870469196
800.0,434.28571428571433,2108.5714285714284,7.004813547776915,10979449.018739028
800.0,434.28571428571433,2274.285714285714,6.940230655545652,10981430.984064914
800.0,434.28571428571433,2440.0,6.881655871244449,10976792.700249119
800.0,434.28571428571433,2605.714285714286,6.828392841824463,10967367.846760418
800.0,434.28571428571433,2771.4285714285716,6.77982791411017,10954519.239339503
800.0,434.28571428571433,2937.1428571428573,6.735423954353077,10939262.292786565
800.0,434.28571428571433,3102.857142857143,6.694712444692244,10922355.269130683
800.0,434.28571428571433,3268.571428571429,6.657285274295899,10904365.297004908
800.0,434.28571428571433,3434.2857142857147,6.622786932890998,10885716.809312712
800.0,434.28571428571433,3600.0,6.590907421571602,10866727.230498085
800.0,481.42857142857144,120.0,8.337664115029838,10315687.926042194
800.0,481.42857142857144,285.7142857142857,8.240452619018365,9374523.594551446
800.0,481.42857142857144,451.42857142857144,8.116674929317714,9622708.483584864
800.0,481.42857142857144,617.1428571428571,7.980357950558422,10005458.10856813
800.0,481.42857142857144,782.8571428571429,7.842150593477561,10345890.21349271
800.0,481.42857142857144,948.5714285714287,7.708793623496257,10614581.897285074
800.0,481.42857142857144,1114.2857142857142,7.5839441041589755,10816174.984173909
800.0,481.42857142857144,1280.0,7.469144204286984,10963025.610007022
800.0,481.42857142857144,1445.7142857142858,7.364662531217455,11067519.105285129
800.0,481.42857142857144,1611.4285714285716,7.270078830934993,11140008.734126987
800.0,481.42857142857144,1777.1428571428573,7.184645465851547,11188583.31560312
800.0,481.42857142857144,1942.857142857143,7.107495197439942,11219378.604090769
800.0,481.42857142857144,2108.5714285714284,7.037753478604394,11236989.137637537
800.0,481.42857142857144,2274.285714285714,6.974594667297464,11244839.221131524
800.0,481.42857142857144,2440.0,6.917266574981222,11245479.8950501
800.0,481.42857142857144,2605.714285714286,6.8650977946555365,11240815.039672412
800.0,481.42857142857144,2771.4285714285716,6.817496116301884,11232269.588247709
800.0,481.42857142857144,2937.1428571428573,6.773942701846502,11220913.40670379
800.0,481.42857142857144,3102.857142857143,6.733984584129862,11207552.229413083
800.0,481.42857142857144,3268.571428571429,6.697226850550799,11192794.456493607
800.0,481.42857142857144,3434.2857142857147,6.663325193605123,11177100.363648305
800.0,481.42857142857144,3600.0,6.631979134362306,11160818.508405462
800.0,528.5714285714286,120.0,8.337836526482617,10412528.483707055
800.0,528.5714285714286,285.7142857142857,8.241865145220022,9510547.858546074
800.0,528.5714285714286,451.42857142857144,8.120673638697696,9770047.210182603
800.0,528.5714285714286,617.1428571428571,7.98757194905241,10165001.839096278
800.0,528.5714285714286,782.8571428571429,7.852791072992021,10517920.717914814
800.0,528.5714285714286,948.5714285714287,7.722792519143939,10798701.66520748
800.0,528.5714285714286,1114.2857142857142,7.601075715744269,11011619.212091379
800.0,528.5714285714286,1280.0,7.489112743298899,11168868.39394652
800.0,528.5714285714286,1445.7142857142858,7.387155646041853,11282797.013137994
800.0,528.5714285714286,1611.4285714285716,7.294796467083894,11363789.753773157
800.0,528.5714285714286,1777.1428571428573,7.211313332974809,11420001.54012322
800.0,528.5714285714286,1942.857142857143,7.135869465944939,11457648.450344227
800.0,528.5714285714286,2108.5714285714284,7.067620849200612,11481407.962569032
800.0,528.5714285714286,2274.285714285714,7.005770223779887,11494783.788501274
800.0,528.5714285714286,2440.0,6.94959075139038,11500399.922775239
800.0,528.5714285714286,2605.714285714286,6.898433155309197,11500225.670719707
800.0,528.5714285714286,2771.4285714285716,6.851724290514122,11495743.789284786
800.0,528.5714285714286,2937.1428571428573,6.8089616205167705,11488074.804947833
800.0,528.5714285714286,3102.857142857143,6.769706063008247,11478068.615056993
800.0,528.5714285714286,3268.571428571429,6.733574513941939,11466372.02099681
800.0,528.5714285714286,3434.2857142857147,6.700232709163662,11453478.661027748
800.0,528.5714285714286,3600.0,6.669388721304752,11439766.08610729
800.0,575.7142857142858,120.0,8.33802847695102,10501771.114689212
800.0,575.7142857142858,285.7142857142857,8.24318755825299,9639874.674094178
800.0,575.7142857142858,451.42857142857144,8.124355457348152,9910807.941333083
800.0,575.7142857142858,617.1428571428571,7.994177957964968,10317613.153564546
800.0,575.7142857142858,782.8571428571429,7.862509558849759,10682489.152162822
800.0,575.7142857142858,948.5714285714287,7.73556201455608,10974771.407736033
800.0,575.7142857142858,1114.2857142857142,7.616693948430624,11198425.10271573
800.0,575.7142857142858,1280.0,7.507314671596193,11365514.063884696
800.0,575.7142857142858,1445.7142857142858,7.407661136198562,11488362.62134776
800.0,575.7142857142858,1611.4285714285716,7.317336045951386,11577391.789577032
800.0,575.7142857142858,1777.1428571428573,7.235640263776347,11640822.415041454
800.0,575.7142857142858,1942.857142857143,7.161764020448212,11684948.081718776
800.0,575.7142857142858,2108.5714285714284,7.094890449753127,11714525.20575967
800.0,575.7142857142858,2274.285714285714,7.034247594854397,11733132.542899985
800.0,575.7142857142858,2440.0,6.979131265247498,11743462.761539591
800.0,575.7142857142858,2605.714285714286,6.92891199586571,11747546.613113835
800.0,575.7142857142858,2771.4285714285716,6.88303374281844,11746921.091779416
800.0,575.7142857142858,2937.1428571428573,6.841008619883156,11742754.211049309
800.0,575.7142857142858,3102.857142857143,6.80241004627113,11735937.254591791
800.0,575.7142857142858,3268.571428571429,6.766865569312954,11727153.011908913
800.0,575.7142857142858,3434.2857142857147,6.7340500001033785,11716926.394452492
800.0,575.7142857142858,3600.0,6.703679151993644,11705662.140763598
800.0,622.8571428571429,120.0,8.33823644538304,10584345.995558199
800.0,622.8571428571429,285.7142857142857,8.244431220663479,9763289.807479931
800.0,622.8571428571429,451.42857142857144,8.127764550080263,10045770.60115749
800.0,622.8571428571429,617.1428571428571,8.000263434993892,10464125.04278462
800.0,622.8571428571429,782.8571428571429,7.871440610003373,10840503.90856712
800.0,622.8571428571429,948.5714285714287,7.747282685363664,11143782.357177963
800.0,622.8571428571429,1114.2857142857142,7.631021513685988,11377666.287590591
800.0,622.8571428571429,1280.0,7.524009766701455,11554113.990730816
800.0,622.8571428571429,1445.7142857142858,7.426470575472316,11685438.388083983
800.0,622.8571428571429,1611.4285714285716,7.338015986309706,11782101.079632582
800.0,622.8571428571429,1777.1428571428573,7.257967113170013,11852388.749673532
800.0,622.8571428571429,1942.857142857143,7.185538345238099,11902670.154894687
800.0,622.8571428571429,2108.5714285714284,7.119937166283154,11937777.29846247
800.0,622.8571428571429,2274.285714285714,7.060414360826965,11961360.310125416
800.0,622.8571428571429,2440.0,7.006286133804064,11976176.920285784
800.0,622.8571428571429,2605.714285714286,6.956940894318537,11984315.960773602
800.0,622.8571428571429,2771.4285714285716,6.911838054414756,11987365.622579893
800.0,622.8571428571429,2937.1428571428573,6.870502991335175,11986538.710564965
800.0,622.8571428571429,3102.857142857143,6.832520461222812,11982765.531670574
800.0,622.8571428571429,3268.571428571429,6.79752768621912,11976762.80613128
800.0,622.8571428571429,3434.2857142857147,6.765207733687988,11969084.93418262
800.0,622.8571428571429,3600.0,6.735283470097886,11960162.297123997
800.0,670.0,120.0,8.338457683420838,10661008.882392615
800.0,670.0,285.7142857142857,8.245605488276487,9881429.74524256
800.0,670.0,451.42857142857144,8.130936556608471,10175565.623134125
800.0,670.0,617.1428571428571,8.00589853834182,10605209.910573054
800.0,670.0,782.8571428571429,7.879691888811978,10992697.469046596
800.0,670.0,948.5714285714287,7.758098861345722,11306533.131404601
800.0,670.0,1114.2857142857142,7.644236387503897,11550207.265203822
800.0,670.0,1280.0,7.539405695179986,11735594.929165399
800.0,670.0,1445.7142857142858,7.443817200066426,11875008.103404105
800.0,670.0,1611.4285714285716,7.3570912124349235,11978952.692286143
800.0,670.0,1777.1428571428573,7.278567027641449,12055781.195448173
800.0,670.0,1942.857142857143,7.207480807548146,12111935.5790978
800.0,670.0,2108.5714285714284,7.143062033877526,12152320.586765734
800.0,670.0,2274.285714285714,7.08458207605269,12180654.592410723
800.0,670.0,2440.0,7.031375633035155,12199757.300323278
800.0,670.0,2605.714285714286,6.982847348666191,12211772.738899373
800.0,670.0,2771.4285714285716,6.938470695660828,12218337.685975794
800.0,670.0,2937.1428571428573,6.897783135991493,12220707.419605026
800.0,670.0,3102.857142857143,6.860379770703101,12219849.234527886
800.0,670.0,3268.571428571429,6.82590666307599,12216512.006713482
800.0,670.0,3434.2857142857147,6.7940544360920585,12211278.083344037
800.0,670.0,3600.0,6.764552419818115,12204602.151690394
800.0,717.1428571428572,120.0,8.338690008621365,10732383.854049053
800.0,717.1428571428572,285.7142857142857,8.246718160769559,9994818.69604294
800.0,717.1428571428572,451.42857142857144,8.133900658878842,10300711.241508275
800.0,717.1428571428572,617.1428571428571,8.011140401661967,10741419.778811773
800.0,717.1428571428572,782.8571428571429,7.8873508583477525,11139670.54891235
800.0,717.1428571428572,948.5714285714287,7.768127675627996,11463678.139078388
800.0,717.1428571428572,1114.2857142857142,7.6564829782467045,11716755.995758606
800.0,717.1428571428572,1280.0,7.553670999611565,11910715.515373342
800.0,717.1428571428572,1445.7142857142858,7.459890408226439,12057876.905458057
800.0,717.1428571428572,1611.4285714285716,7.374768883331271,12168793.64999647
800.0,717.1428571428572,1777.1428571428573,7.297662156754875,12251884.080233213
800.0,717.1428571428572,1942.857142857143,7.2278261421630345,12313661.69693016
800.0,717.1428571428572,2108.5714285714284,7.164510320944632,12359101.53567998
800.0,717.1428571428572,2274.285714285714,7.107004810794106,12391987.514026023
800.0,717.1428571428572,2440.0,7.054661181677023,12415198.63963365
800.0,717.1428571428572,2605.714285714286,7.006898909810697,12430931.639076756
800.0,717.1428571428572,2771.4285714285716,6.963204332636407,12440869.612179758
800.0,717.1428571428572,2937.1428571428573,6.923125984484021,12446308.295479288
800.0,717.1428571428572,3102.857142857143,6.886268457599881,12448250.199892238
800.0,717.1428571428572,3268.571428571429,6.852285937578161,12447474.810035517
800.0,717.1428571428572,3434.2857142857147,6.820875997719452,12444591.074348196
800.0,717.1428571428572,3600.0,6.791773921417074,12440076.817814315
800.0,764.2857142857143,120.0,8.338931662003993,10798993.474814352
800.0,764.2857142857143,285.7142857142857,8.247775811307108,10103894.599942729
800.0,764.2857142857143,451.42857142857144,8.136681054459094,10421639.641885398
800.0,764.2857142857143,617.1428571428571,8.016036162288904,10873214.445804399
800.0,764.2857142857143,782.8571428571429,7.894489515431024,11281922.99303453
800.0,764.2857142857143,948.5714285714287,7.777465455477478,11615761.44793539
800.0,764.2857142857143,1114.2857142857142,7.667880015597764,11877900.698807467
800.0,764.2857142857143,1280.0,7.566944279840835,12080105.80033637
800.0,764.2857142857143,1445.7142857142858,7.474846022444784,12234713.286220223
800.0,764.2857142857143,1611.4285714285716,7.391219540051583,12352327.12462949
800.0,764.2857142857143,1777.1428571428573,7.315435513870327,12441431.518604137
800.0,764.2857142857143,1942.857142857143,7.246767879741391,12508610.057160305
800.0,764.2857142857143,2108.5714285714284,7.18448440376402,12558905.939568913
800.0,764.2857142857143,2274.285714285714,7.127892372157176,12596166.272798914
800.0,764.2857142857143,2440.0,7.07635882703787,12623327.03563891
800.0,764.2857142857143,2605.714285714286,7.0293168660028575,12642635.467495406
800.0,764.2857142857143,2771.4285714285716,6.986264656547408,12655819.006269505
800.0,764.2857142857143,2937.1428571428573,6.946760927907409,12664212.0798017
800.0,764.2857142857143,3102.857142857143,6.910419022277675,12668850.859204557
800.0,764.2857142857143,3268.571428571429,6.876900622317624,12670544.07726212
800.0,764.2857142857143,3434.2857142857147,6.845909724221221,12669926.098855369
800.0,764.2857142857143,3600.0,6.817187119310594,12667496.85687335
800.0,811.4285714285714,120.0,8.339181207390657,10861280.62069963
800.0,811.4285714285714,285.7142857142857,8.248784032510427,10209027.883128798
800.0,811.4285714285714,451.42857142857144,8.139298030650387,10538715.778335107
800.0,811.4285714285714,617.1428571428571,8.020625156376136,11000981.725256803
800.0,811.4285714285714,782.8571428571429,7.901167813895334,11419875.968545377
800.0,811.4285714285714,948.5714285714287,7.7861923413127805,11763241.104488185
800.0,811.4285714285714,1114.2857142857142,7.678526253185889,12034136.273876697
800.0,811.4285714285714,1280.0,7.579340834046709,12244295.636666624
800.0,811.4285714285714,1445.7142857142858,7.48881371950952,12406079.259363132
800.0,811.4285714285714,1611.4285714285716,7.406585185820716,12530144.186354943
800.0,811.4285714285714,1777.1428571428573,7.3320395841643045,12625040.546918
800.0,811.4285714285714,1942.857142857143,7.264467378655683,12697420.75630667
800.0,811.4285714285714,2108.5714285714284,7.203153135183163,12752394.309767615
800.0,811.4285714285714,2274.285714285714,7.147419937837256,12793869.433155693
800.0,811.4285714285714,2440.0,7.096649084924474,12824837.021869447
800.0,811.4285714285714,2605.714285714286,7.0502862408958755,12847592.900447262
800.0,811.4285714285714,2771.4285714285716,7.007840500779027,12863907.092662448
800.0,811.4285714285714,2937.1428571428573,6.968880022057465,12875151.155006075
800.0,811.4285714285714,3102.857142857143,6.933026248155206,12882393.541297669
800.0,811.4285714285714,3268.571428571429,6.899947810715472,12886471.02671929
800.0,811.4285714285714,3434.2857142857147,6.8693546657544795,12888042.341366157
800.0,811.4285714285714,3600.0,6.840992720850834,12887628.611362617
800.0,858.5714285714287,120.0,8.339437458697002,10919624.620186936
800.0,858.5714285714287,285.7142857142857,8.249747623205264,10310535.28312886
800.0,858.5714285714287,451.42857142857144,8.14176876306873,10652251.218803208
800.0,858.5714285714287,617.1428571428571,8.024940542348668,11125052.322714014
800.0,858.5714285714287,782.8571428571429,7.907436190925633,11553888.267478319
800.0,858.5714285714287,948.5714285714287,7.7943756930425785,11906506.993134081
800.0,858.5714285714287,1114.2857142857142,7.688504674322634,12185883.699813142
800.0,858.5714285714287,1280.0,7.590957559201662,12403735.522146292
800.0,858.5714285714287,1445.7142857142858,7.501902517639942,12572452.514621353
800.0,858.5714285714287,1611.4285714285716,7.420985259175445,12702747.124120086
800.0,858.5714285714287,1777.1428571428573,7.347602694978118,12803235.468479924
800.0,858.5714285714287,1942.857142857143,7.281060516680512,12880637.67774981
800.0,858.5714285714287,2108.5714285714284,7.22065879404985,12940127.8905776
800.0,858.5714285714287,2274.285714285714,7.165735210601817,12985673.616191544
800.0,858.5714285714287,2440.0,7.115684255817388,13020318.842863189
800.0,858.5714285714287,2605.714285714286,7.069963235880952,13046406.26710211
800.0,858.5714285714287,2771.4285714285716,7.028091380336969,13065746.939651448
800.0,858.5714285714287,2937.1428571428573,6.989645600245415,13079748.153917653
800.0,858.5714285714287,3102.857142857143,6.954254868515683,13089509.418336406
800.0,858.5714285714287,3268.571428571429,6.921594282009549,13095894.474407291
800.0,858.5714285714287,3434.2857142857147,6.891379347234714,13099585.478353495
800.0,858.5714285714287,3600.0,6.863360741305191,13101123.931652177
800.0,905.7142857142858,120.0,8.339699426393686,10974353.41913895
800.0,905.7142857142858,285.7142857142857,8.250670732393885,10408690.23845683
800.0,905.7142857142858,451.42857142857144,8.144107919710047,10762514.532704016
800.0,905.7142857142858,617.1428571428571,8.029010522870978,11245710.986330444
800.0,905.7142857142858,782.8571428571429,7.9133374647583565,11684268.51948339
800.0,905.7142857142858,948.5714285714287,7.8020726469482815,12045894.21020673
800.0,905.7142857142858,1114.2857142857142,7.697885648960146,12333504.559900533
800.0,905.7142857142858,1280.0,7.601876631138363,12558812.205927053
800.0,905.7142857142858,1445.7142857142858,7.514204900042827,12734243.007014737
800.0,905.7142857142858,1611.4285714285716,7.434521126652383,12870566.911070125
800.0,905.7142857142858,1777.1428571428573,7.362233811886771,12976466.090474935
800.0,905.7142857142858,1942.857142857143,7.296662734112059,13058727.403157027
800.0,905.7142857142858,2108.5714285714284,7.237122328027129,13122588.158129213
800.0,905.7142857142858,2274.285714285714,7.182963821442536,13172073.509357166
800.0,905.7142857142858,2440.0,7.1335939558684665,13210278.908035636
800.0,905.7142857142858,2605.714285714286,7.088480862209401,13239592.389988044
800.0,905.7142857142858,2771.4285714285716,7.047153203162301,13261864.636936206
800.0,905.7142857142858,2937.1428571428573,7.009196045818586,13278537.43173698
800.0,905.7142857142858,3102.857142857143,6.974245385483451,13290740.235640151
800.0,905.7142857142858,3268.571428571429,6.941982354588705,13299362.790161638
800.0,905.7142857142858,3434.2857142857147,6.912127646100583,13305109.833617223
800.0,905.7142857142858,3600.0,6.88443639790389,13308542.50709492
800.0,952.8571428571429,120.0,8.339966277408745,11025752.903875599
800.0,952.8571428571429,285.7142857142857,8.251556971773896,10503730.830132795
800.0,952.8571428571429,451.42857142857144,8.146328124914051,10869739.219111705
800.0,952.8571428571429,617.1428571428571,8.0328592790626,11363205.0103124
800.0,952.8571428571429,782.8571428571429,7.918908282689705,11811284.499900358
800.0,952.8571428571429,948.5714285714287,7.809332065273389,12181693.253533393
800.0,952.8571428571429,1114.2857142857142,7.706729340744818,12477312.106312746
800.0,952.8571428571429,1280.0,7.6121683114916845,12709860.575901167
800.0,952.8571428571429,1445.7142857142858,7.525799962065484,12891805.593716808
800.0,952.8571428571429,1611.4285714285716,7.447279514301519,13033976.51064567
800.0,952.8571428571429,1777.1428571428573,7.376026205074754,13145121.620437436
800.0,952.8571428571429,1942.857142857143,7.311372892495498,13232093.626084683
800.0,952.8571428571429,2108.5714285714284,7.252647368841175,13300191.68526749
800.0,952.8571428571429,2274.285714285714,7.199213471479868,13353497.124566445
800.0,952.8571428571429,2440.0,7.150489360735245,13395155.392412119
800.0,952.8571428571429,2605.714285714286,7.105953266357584,13427598.484557437
800.0,952.8571428571429,2771.4285714285716,7.065142660227295,13452715.456261283
800.0,952.8571428571429,2937.1428571428573,7.027650233159887,13471981.455236837
800.0,952.8571428571429,3102.857142857143,6.993118550544535,13486554.901446292
800.0,952.8571428571429,3268.571428571429,6.96123439665918,13497350.663860548
800.0,952.8571428571429,3434.2857142857147,6.931723325398798,13505095.300114736
800.0,952.8571428571429,3600.0,6.904344658969803,13510368.925472403
800.0,1000.0,120.0,8.3402373046397,11074074.153277162
800.0,1000.0,285.7142857142857,8.252409504757443,10595865.944159647
800.0,1000.0,451.42857142857144,8.148440320611329,10974129.850714596
800.0,1000.0,617.1428571428571,8.036507694719546,11477750.819499802
800.0,1000.0,782.8571428571429,7.924180241517445,11935170.333510723
800.0,1000.0,948.5714285714287,7.816196043712739,12314157.905508408
800.0,1000.0,1114.2857142857142,7.715087568105315,12617579.818239287
800.0,1000.0,1280.0,7.621893118648217,12857172.852608811
800.0,1000.0,1445.7142857142858,7.536755846593876,13045449.807875713
800.0,1000.0,1611.4285714285716,7.459335164951223,13193301.169047162
800.0,1000.0,1777.1428571428573,7.389060290650988,13309541.417030716
800.0,1000.0,1942.857142857143,7.325276267438503,13401088.304932611
800.0,1000.0,2108.5714285714284,7.267323349090766,13473301.64611381
800.0,1000.0,2274.285714285714,7.214577149787808,13530317.609699667
800.0,1000.0,2440.0,7.166466505341894,13575330.316082975
800.0,1000.0,2605.714285714286,7.1224790959390445,13610814.47279346
800.0,1000.0,2771.4285714285716,7.082160644559808,13638696.369979704
800.0,1000.0,2937.1428571428573,7.045110989057829,13660483.501106422
800.0,1000.0,3102.857142857143,7.010978859368782,13677362.343325455
800.0,1000.0,3268.571428571429,6.979456347166754,13690272.101174498
800.0,1000.0,3434.2857142857147,6.950273574722398,13699960.458848296
800.0,1000.0,3600.0,6.923193799833197,13707025.900990868
