sigma0,K,tau,wrmse,scale
50.0,10.0,120.0,28.968903372834514,126720.81995577757
50.0,10.0,285.7142857142857,28.966945599390584,4732993.939378838
50.0,10.0,451.42857142857144,28.958433487378315,7746902.829489108
50.0,10.0,617.1428571428571,28.951641744616502,6157187.7531137485
50.0,10.0,782.8571428571429,28.946120913869454,4716869.822559235
50.0,10.0,948.5714285714287,28.941676431896187,3760034.3526281505
50.0,10.0,1114.2857142857142,28.938208182250563,3116381.8515311065
50.0,10.0,1280.0,28.935528590743292,2665697.381474991
50.0,10.0,1445.7142857142858,28.93345001690191,2337882.7599472892
50.0,10.0,1611.4285714285716,28.931820214040528,2091493.006678482
50.0,10.0,1777.1428571428573,28.93052500680824,1901078.981585116
50.0,10.0,1942.857142857143,28.929481155855697,1750404.215926448
50.0,10.0,2108.5714285714284,28.92862832953629,1628743.3633578392
50.0,10.0,2274.285714285714,28.927922593402442,1528789.2450669925
50.0,10.0,2440.0,28.927331642023223,1445425.472644614
50.0,10.0,2605.714285714286,28.926831436550106,1374981.765264146
50.0,10.0,2771.4285714285716,28.926403861512167,1314767.9163880402
50.0,10.0,2937.1428571428573,28.926035091306403,1262773.8537285333
50.0,10.0,3102.857142857143,28.925714444074057,1217471.6425845798
50.0,10.0,3268.571428571429,28.925433569870155,1177681.7504519024
50.0,10.0,3434.2857142857147,28.92518586929783,1142480.8159812014
50.0,10.0,3600.0,28.924966072371504,1111136.8252840533
50.0,57.142857142857146,120.0,28.968100396945076,2604049.1456472953
50.0,57.142857142857146,285.7142857142857,28.93398584290018,5703373.022584265
50.0,57.142857142857146,451.42857142857144,28.808414048909512,6660504.052288757
50.0,57.142857142857146,617.1428571428571,28.58150299830922,7189480.230526902
50.0,57.142857142857146,782.8571428571429,28.286824745308298,7416111.579036937
50.0,57.142857142857146,948.5714285714287,27.967012486357746,7437852.633496517
50.0,57.142857142857146,1114.2857142857142,27.653443286505237,7337500.3773436565
50.0,57.142857142857146,1280.0,27.363255808645977,7173228.289506953
50.0,57.142857142857146,1445.7142857142858,27.10324505819322,6981381.554281625
50.0,57.142857142857146,1611.4285714285716,26.87424924130092,6782973.897193754
50.0,57.142857142857146,1777.1428571428573,26.674209415397033,6589367.40550381
50.0,57.142857142857146,1942.857142857143,26.49993921244736,6406203.828427292
50.0,57.142857142857146,2108.5714285714284,26.348036094602893,6235867.224483791
50.0,57.142857142857146,2274.285714285714,26.215300705936933,6078951.072290129
50.0,57.142857142857146,2440.0,26.09889768701647,5935107.853410008
50.0,57.142857142857146,2605.714285714286,25.996389904745502,5803531.528040996
50.0,57.142857142857146,2771.4285714285716,25.90571594256735,5683226.443593193
50.0,57.142857142857146,2937.1428571428573,25.8251460556922,5573153.481139624
50.0,57.142857142857146,3102.857142857143,25.753233435826907,5472306.238560132
50.0,57.142857142857146,3268.571428571429,25.688768235260223,5379747.716198634
50.0,57.142857142857146,3434.2857142857147,25.63073715136901,5294625.022876684
50.0,57.142857142857146,3600.0,25.578289172037337,5216172.149270291
50.0,104.28571428571429,120.0,28.962529510903348,5248522.845884595
50.0,104.28571428571429,285.7142857142857,28.814389509263865,8540915.886059485
50.0,104.28571428571429,451.42857142857144,28.430753684458864,9485151.048898704
50.0,104.28571428571429,617.1428571428571,27.885850825183375,9782536.333266811
50.0,104.28571428571429,782.8571428571429,27.278717639917925,9748443.635382092
50.0,104.28571428571429,948.5714285714287,26.681433708420812,9541922.897942454
50.0,104.28571428571429,1114.2857142857142,26.13256121665605,9256693.477093464
50.0,104.28571428571429,1280.0,25.646623927162466,8946001.68416905
50.0,104.28571428571429,1445.7142857142858,25.224682734032978,8638115.937407589
50.0,104.28571428571429,1611.4285714285716,24.861566227782767,8346763.812485368
50.0,104.28571428571429,1777.1428571428573,24.549917531341073,8077630.491744424
50.0,104.28571428571429,1942.857142857143,24.282181585295557,7832154.3212467125
50.0,104.28571428571429,2108.5714285714284,24.05145484875537,7609653.035498698
50.0,104.28571428571429,2274.285714285714,23.851764082360084,7408480.02540587
50.0,104.28571428571429,2440.0,23.678082290249193,7226636.019333304
50.0,104.28571428571429,2605.714285714286,23.526237699731304,7062081.213774771
50.0,104.28571428571429,2771.4285714285716,23.39279015183165,6912885.125068583
50.0,104.28571428571429,2937.1428571428573,23.274907936013758,6777289.955776439
50.0,104.28571428571429,3102.857142857143,23.17025798877101,6653728.972865675
50.0,104.28571428571429,3268.571428571429,23.076913027138445,6540822.454813474
50.0,104.28571428571429,3434.2857142857147,22.993275137848226,6437363.349095689
50.0,104.28571428571429,3600.0,22.9180138217486,6342299.0657077255
50.0,151.42857142857144,120.0,28.94834162421572,7576594.584832732
50.0,151.42857142857144,285.7142857142857,28.636267302375337,10804708.097527523
50.0,151.42857142857144,451.42857142857144,28.02059522888804,11276653.521679264
50.0,151.42857142857144,617.1428571428571,27.279779741917434,11139549.64187479
50.0,151.42857142857144,782.8571428571429,26.530301017579696,10801904.856827103
50.0,151.42857142857144,948.5714285714287,25.83265168309604,10401790.08289144
50.0,151.42857142857144,1114.2857142857142,25.211284087402085,9997342.390174055
50.0,151.42857142857144,1280.0,24.670522866879104,9614091.886890767
50.0,151.42857142857144,1445.7142857142858,24.205087687756755,9262101.205072988
50.0,151.42857142857144,1611.4285714285716,23.806056639434214,8943857.81770648
50.0,151.42857142857144,1777.1428571428573,23.46385701363615,8658262.299084028
50.0,151.42857142857144,1942.857142857143,23.169585898922445,8402677.179494847
50.0,151.42857142857144,2108.5714285714284,22.91547910201549,8173962.250646054
50.0,151.42857142857144,2274.285714285714,22.694980868354424,7968977.042361273
50.0,151.42857142857144,2440.0,22.50264613166635,7784806.006278984
50.0,151.42857142857144,2605.714285714286,22.333987095028416,7618842.248962223
50.0,151.42857142857144,2771.4285714285716,22.185314563431177,7468801.548737844
50.0,151.42857142857144,2937.1428571428573,22.0535943688804,7332704.143840231
50.0,151.42857142857144,3102.857142857143,21.93632513160763,7208843.562165965
50.0,151.42857142857144,3268.571428571429,21.83143740472675,7095752.12113935
50.0,151.42857142857144,3434.2857142857147,21.73721184238948,6992167.661491167
50.0,151.42857142857144,3600.0,21.652213369301265,6897003.453102558
50.0,198.57142857142858,120.0,28.92476169577898,9671033.950267201
50.0,198.57142857142858,285.7142857142857,28.44097714080177,12514955.78111929
50.0,198.57142857142858,451.42857142857144,27.66314461047213,12419982.764741316
50.0,198.57142857142858,617.1428571428571,26.826870256859664,11909949.208831217
50.0,198.57142857142858,782.8571428571429,26.029129737151244,11361546.74012417
50.0,198.57142857142858,948.5714285714287,25.30837438890565,10849284.48886291
50.0,198.57142857142858,1114.2857142857142,24.67542564301376,10388318.772332596
50.0,198.57142857142858,1280.0,24.127563853272573,9979095.696510302
50.0,198.57142857142858,1445.7142857142858,23.656270249897965,9617629.890511971
50.0,198.57142857142858,1611.4285714285716,23.251323069322915,9298639.93735949
50.0,198.57142857142858,1777.1428571428573,22.90275467878074,9016745.07683192
50.0,198.57142857142858,1942.857142857143,22.601650826732758,8766954.187784595
50.0,198.57142857142858,2108.5714285714284,22.340373194697786,8544841.704042364
50.0,198.57142857142858,2274.285714285714,22.11252035453913,8346576.673131735
50.0,198.57142857142858,2440.0,21.912786841085932,8168885.565191785
50.0,198.57142857142858,2605.714285714286,21.736796331834764,8008989.380505355
50.0,198.57142857142858,2771.4285714285716,21.580942185054525,7864535.042911124
50.0,198.57142857142858,2937.1428571428573,21.442247729886926,7733530.317457522
50.0,198.57142857142858,3102.857142857143,21.318249043725945,7614285.954220881
50.0,198.57142857142858,3268.571428571429,21.206898839518338,7505366.009238401
50.0,198.57142857142858,3434.2857142857147,21.10648862456087,7405546.012385454
50.0,198.57142857142858,3600.0,21.01558603709552,7313778.128826639
50.0,245.71428571428572,120.0,28.89225875710982,11644550.415980492
50.0,245.71428571428572,285.7142857142857,28.249310960332775,13850122.157631842
50.0,245.71428571428572,451.42857142857144,27.368868237454556,13210748.859189272
50.0,245.71428571428572,617.1428571428571,26.493878305919647,12415159.880723562
50.0,245.71428571428572,782.8571428571429,25.68949640585043,11728170.140976597
50.0,245.71428571428572,948.5714285714287,24.97474842402099,11152240.93193494
50.0,245.71428571428572,1114.2857142857142,24.351047246609046,10665512.011291327
50.0,245.71428571428572,1280.0,23.811674269420216,10249632.6879932
50.0,245.71428571428572,1445.7142857142858,23.34673610476068,9890950.794680266
50.0,245.71428571428572,1611.4285714285716,22.945805593488625,9579159.816411234
50.0,245.71428571428572,1777.1428571428573,22.5991701280005,9306258.609939974
50.0,245.71428571428572,1942.857142857143,22.298306106302597,9065901.327730138
50.0,245.71428571428572,2108.5714285714284,22.035964049499423,8852981.351620732
50.0,245.71428571428572,2274.285714285714,21.806079469183626,8663347.197818188
50.0,245.71428571428572,2440.0,21.60362040955726,8493597.229320837
50.0,245.71428571428572,2605.714285714286,21.42442466341166,8340925.526417778
50.0,245.71428571428572,2771.4285714285716,21.26504948486768,8203003.429041338
50.0,245.71428571428572,2937.1428571428573,21.12264172874137,8077887.195267285
50.0,245.71428571428572,3102.857142857143,20.994829443264443,7963945.352769476
50.0,245.71428571428572,3268.571428571429,20.879633054047375,7859801.157360972
50.0,245.71428571428572,3434.2857142857147,20.77539332334664,7764286.7614764795
50.0,245.71428571428572,3600.0,20.680713194301504,7676406.522479547
50.0,292.8571428571429,120.0,28.851585227249462,13557209.770929446
50.0,292.8571428571429,285.7142857142857,28.069064173112956,14938825.281105882
50.0,292.8571428571429,451.42857142857144,27.12796157364421,13808903.038674437
50.0,292.8571428571429,617.1428571428571,26.24402598711241,12796259.508989878
50.0,292.8571428571429,782.8571428571429,25.450708446899476,12015536.718439395
50.0,292.8571428571429,948.5714285714287,24.75253072622077,11401798.441716254
50.0,292.8571428571429,1114.2857142857142,24.144910735498176,10903538.494889386
50.0,292.8571428571429,1280.0,23.618985770884148,10488588.728518613
50.0,292.8571428571429,1445.7142857142858,23.164406819538897,10136561.68671767
50.0,292.8571428571429,1611.4285714285716,22.770973327731625,9833785.980281908
50.0,292.8571428571429,1777.1428571428573,22.429423281390946,9570570.692675158
50.0,292.8571428571429,1942.857142857143,22.131710036159536,9339736.438014843
50.0,292.8571428571429,2108.5714285714284,21.871011246388502,9135787.722197283
50.0,292.8571428571429,2274.285714285714,21.641617957180586,8954416.073411208
50.0,292.8571428571429,2440.0,21.438783121547573,8792182.579141714
50.0,292.8571428571429,2605.714285714286,21.258568009053597,8646303.893760137
50.0,292.8571428571429,2771.4285714285716,21.097702957160816,8514501.693326969
50.0,292.8571428571429,2937.1428571428573,20.95346782946822,8394893.224712286
50.0,292.8571428571429,3102.857142857143,20.82359236207355,8285909.709755594
50.0,292.8571428571429,3268.571428571429,20.706174427056975,8186234.325991419
50.0,292.8571428571429,3434.2857142857147,20.59961357104828,8094754.3395623155
50.0,292.8571428571429,3600.0,20.502557193207238,8010523.696625102
50.0,340.0,120.0,28.80359341863083,15433149.85573155
50.0,340.0,285.7142857142857,27.902391003298373,15860281.843390867
50.0,340.0,451.42857142857144,26.928698614591525,14296765.789852988
50.0,340.0,617.1428571428571,26.051215391162394,13115782.811710838
50.0,340.0,782.8571428571429,25.27618578213443,12268676.430049503
50.0,340.0,948.5714285714287,24.597911638683243,11631115.523920886
50.0,340.0,1114.2857142857142,24.00809373425204,11128010.348418282
50.0,340.0,1280.0,23.496782253539536,10716817.711724533
50.0,340.0,1445.7142857142858,23.053615073377674,10372271.541403774
50.0,340.0,1611.4285714285716,22.66877531589148,10078327.172987344
50.0,340.0,1777.1428571428573,22.333485526955126,9824132.624818334
50.0,340.0,1942.857142857143,22.04016270811257,9601955.759428103
50.0,340.0,2108.5714285714284,21.7823846114071,9406059.426063089
50.0,340.0,2274.285714285714,21.554770764652645,9232053.04412436
50.0,340.0,2440.0,21.35283671669658,9076496.06700056
50.0,340.0,2605.714285714286,21.172850570028572,8936642.19624561
50.0,340.0,2771.4285714285716,21.01170423097432,8810266.687995357
50.0,340.0,2937.1428571428573,20.866803210560562,8695545.282195687
50.0,340.0,3102.857142857143,20.735974737009354,8590966.687600097
50.0,340.0,3268.571428571429,20.61739225096241,8495267.73968186
50.0,340.0,3434.2857142857147,20.509513848528773,8407384.38277213
50.0,340.0,3600.0,20.411032278222425,8326413.996811023
50.0,387.14285714285717,120.0,28.749194180477087,17278244.07131707
50.0,387.14285714285717,285.7142857142857,27.74927411291009,16662504.684698602
50.0,387.14285714285717,451.42857142857144,26.761549140447336,14717376.54242062
50.0,387.14285714285717,617.1428571428571,25.898373438753964,13402508.251776611
50.0,387.14285714285717,782.8571428571429,25.1441653955779,12506196.391122723
50.0,387.14285714285717,948.5714285714287,24.486222785717786,11852712.457236014
50.0,387.14285714285717,1114.2857142857142,23.913992027833338,11347975.768767504
50.0,387.14285714285717,1280.0,23.417039496593375,10941420.291478235
50.0,387.14285714285717,1445.7142857142858,22.985201969522134,10604099.476852445
50.0,387.14285714285717,1611.4285714285716,22.6090899977293,10318209.813756522
50.0,387.14285714285717,1777.1428571428573,22.28038899733112,10072053.796267785
50.0,387.14285714285717,1942.857142857143,21.991938055302317,9857506.799900722
50.0,387.14285714285717,2108.5714285714284,21.73767249064945,9668668.76101575
50.0,387.14285714285717,2274.285714285714,21.512503639674062,9501102.76276922
50.0,387.14285714285717,2440.0,21.312180435167505,9351379.867028298
50.0,387.14285714285717,2605.714285714286,21.133155596273415,9216792.486502592
50.0,387.14285714285717,2771.4285714285716,20.972466238871505,9095165.439745095
50.0,387.14285714285717,2937.1428571428573,20.827631797449847,8984726.429545466
50.0,387.14285714285717,3102.857142857143,20.696568819766608,8884014.291009884
50.0,387.14285714285717,3268.571428571429,20.57752080720888,8791812.193969807
50.0,387.14285714285717,3434.2857142857147,20.469000867423304,8707097.894911049
50.0,387.14285714285717,3600.0,20.36974499887797,8629005.976553278
50.0,434.28571428571433,120.0,28.689312199004732,19090405.575035684
50.0,434.28571428571433,285.7142857142857,27.608911658546848,17375483.550913695
50.0,434.28571428571433,451.42857142857144,26.619403456443717,15094134.219887499
50.0,434.28571428571433,617.1428571428571,25.774365721291044,13670258.383066807
50.0,434.28571428571433,782.8571428571429,25.04137020001532,12735998.512040595
50.0,434.28571428571433,948.5714285714287,24.403019136963806,12071282.68698404
50.0,434.28571428571433,1114.2857142857142,23.847443541074405,11566480.719632398
50.0,434.28571428571433,1280.0,23.3640750690121,11164644.883813232
50.0,434.28571428571433,1445.7142857142858,22.943047684874852,10833950.227798726
50.0,434.28571428571433,1611.4285714285716,22.575396224327232,10555233.40213794
50.0,434.28571428571433,1777.1428571428573,22.253230307662527,10316150.284063332
50.0,434.28571428571433,1942.857142857143,21.96976504088333,10108280.952117957
50.0,434.28571428571433,2108.5714285714284,21.719250859205193,9925607.222161386
50.0,434.28571428571433,2274.285714285714,21.496855531195173,9763663.588630013
50.0,434.28571428571433,2440.0,21.298533370704565,9619036.688016677
50.0,434.28571428571433,2605.714285714286,21.120900211500707,9489054.840114826
50.0,434.28571428571433,2771.4285714285716,20.961122200905674,9371586.566509265
50.0,434.28571428571433,2937.1428571428573,20.816820712255154,9264904.57061833
50.0,434.28571428571433,3102.857142857143,20.685992857548655,9167590.750615563
50.0,434.28571428571433,3268.571428571429,20.566945895937067,9078467.933749206
50.0,434.28571428571433,3434.2857142857147,20.458243488795766,8996549.60857313
50.0,434.28571428571433,3600.0,20.358661805897572,8921002.141201025
50.0,481.42857142857144,120.0,28.624842746362603,20864667.678273074
50.0,481.42857142857144,285.7142857142857,27.480249380658886,18018851.75327976
50.0,481.42857142857144,451.42857142857144,26.497030050220154,15440384.042233756
50.0,481.42857142857144,617.1428571428571,25.671769696623716,13925957.333786653
50.0,481.42857142857144,782.8571428571429,24.959400778610384,12961454.714657461
50.0,481.42857142857144,948.5714285714287,24.339466192363197,12288436.156104648
50.0,481.42857142857144,1114.2857142857142,23.799389853377598,11784328.741448618
50.0,481.42857142857144,1280.0,23.328672634891177,11386981.87124589
50.0,481.42857142857144,1445.7142857142858,22.917786314841813,11062250.457438875
50.0,481.42857142857144,1611.4285714285716,22.55816809820365,10789882.591860753
50.0,481.42857142857144,1777.1428571428573,22.242310465094867,10557019.58605405
50.0,481.42857142857144,1942.857142857143,21.963761607236183,10355008.634914858
50.0,481.42857142857144,2108.5714285714284,21.717049164347287,10177740.481315685
50.0,481.42857142857144,2274.285714285714,21.497566183445834,10020730.119647713
50.0,481.42857142857144,2440.0,21.30144772003283,9880579.910300514
50.0,481.42857142857144,2605.714285714286,21.12545367038916,9754650.011982292
50.0,481.42857142857144,2771.4285714285716,20.966864693796907,9640846.83577439
50.0,481.42857142857144,2937.1428571428573,20.823393150859022,9537481.803508239
50.0,481.42857142857144,3102.857142857143,20.69310852639898,9443173.761913847
50.0,481.42857142857144,3268.571428571429,20.57437575922297,9356779.54204851
50.0,481.42857142857144,3434.2857142857147,20.465804594197213,9277343.282784797
50.0,481.42857142857144,3600.0,20.3662081206165,9204058.640247412
50.0,528.5714285714286,120.0,28.55662399194888,22595422.664018948
50.0,528.5714285714286,285.7142857142857,27.362189881687748,18606107.10735665
50.0,528.5714285714286,451.42857142857144,26.39054189278793,15764126.237292651
50.0,528.5714285714286,617.1428571428571,25.5854898410479,14173213.510116225
50.0,528.5714285714286,782.8571428571429,24.892738343006023,13183959.587617489
50.0,528.5714285714286,948.5714285714287,24.289928846374195,12504557.404484108
50.0,528.5714285714286,1114.2857142857142,23.764176191360335,12001500.323387275
50.0,528.5714285714286,1280.0,23.305169395565567,11608306.841196202
50.0,528.5714285714286,1445.7142857142858,22.903728891154696,11288914.678819645
50.0,528.5714285714286,1611.4285714285716,22.551665833900998,11022175.63195883
50.0,528.5714285714286,1777.1428571428573,22.24181667183499,10794808.291071977
50.0,528.5714285714286,1942.857142857143,21.96802491444249,10597969.195393877
50.0,528.5714285714286,2108.5714285714284,21.72506281436124,10425475.309783941
50.0,528.5714285714286,2274.285714285714,21.50852210389171,10272826.916804962
50.0,528.5714285714286,2440.0,21.314697530768292,10136640.777111348
50.0,528.5714285714286,2605.714285714286,21.140476685869203,10014304.77837702
50.0,528.5714285714286,2771.4285714285716,20.983242152108538,9903758.051133174
50.0,528.5714285714286,2937.1428571428573,20.840787666224358,9803345.385428593
50.0,528.5714285714286,3102.857142857143,20.71124778717619,9711717.474905068
50.0,528.5714285714286,3268.571428571429,20.59303961645151,9627760.48967276
50.0,528.5714285714286,3434.2857142857147,20.484814832041454,9550545.052973602
50.0,528.5714285714286,3600.0,20.3854203380913,9479288.441259554
50.0,575.7142857142858,120.0,28.485426080290676,24277310.296596967
50.0,575.7142857142858,285.7142857142857,27.253679849722076,19146941.485020112
50.0,575.7142857142858,451.42857142857144,26.297003047027673,16070393.047787763
50.0,575.7142857142858,617.1428571428571,25.511923441125674,14413977.992110522
50.0,575.7142857142858,782.8571428571429,24.837626422702048,13404030.958684418
50.0,575.7142857142858,948.5714285714287,24.25067314306946,12719561.21348222
50.0,575.7142857142858,1114.2857142857142,23.738131567527457,12217705.662070533
50.0,575.7142857142858,1280.0,23.289946821821168,11828314.664246524
50.0,575.7142857142858,1445.7142857142858,22.897283406781774,11513709.173448361
50.0,575.7142857142858,1611.4285714285716,22.552296920643244,11251986.032379992
50.0,575.7142857142858,1777.1428571428573,22.24813292073679,11029507.667352472
50.0,575.7142857142858,1942.857142857143,21.978897716569854,10837269.904480249
50.0,575.7142857142858,2108.5714285714284,21.73958051218996,10669027.613552576
50.0,575.7142857142858,2274.285714285714,21.5259492440218,10520268.968521485
50.0,575.7142857142858,2440.0,21.334440532617307,10387623.355945053
50.0,575.7142857142858,2605.714285714286,21.16205574186855,10268502.675150428
50.0,575.7142857142858,2771.4285714285716,21.00626859524815,10160874.37266699
50.0,575.7142857142858,2937.1428571428573,20.864945897660917,10063112.152223203
50.0,575.7142857142858,3102.857142857143,20.73628090345051,9973894.353097066
50.0,575.7142857142858,3268.571428571429,20.61873799209708,9892132.66525661
50.0,575.7142857142858,3434.2857142857147,20.511007043300733,9816920.796240428
50.0,575.7142857142858,3600.0,20.41196593365045,9747496.652621862
50.0,622.8571428571429,120.0,28.41195133448446,25905537.064973157
50.0,622.8571428571429,285.7142857142857,27.15374738514385,19648568.673228618
50.0,622.8571428571429,451.42857142857144,26.214158403485097,16362494.695661765
50.0,622.8571428571429,617.1428571428571,25.448454506262074,14649344.00460205
50.0,622.8571428571429,782.8571428571429,24.791427326315354,13621800.788360681
50.0,622.8571428571429,948.5714285714287,24.21914138197294,12933205.870526513
50.0,622.8571428571429,1114.2857142857142,23.718790770630164,12432600.36269163
50.0,622.8571428571429,1280.0,23.280613542158594,12046682.697200412
50.0,622.8571428571429,1445.7142857142858,22.896105875146645,11736387.533466937
50.0,622.8571428571429,1611.4285714285716,22.557739546905804,11479164.051021304
50.0,622.8571428571429,1777.1428571428573,22.258938599228898,11261068.510336267
50.0,622.8571428571429,1942.857142857143,21.994044334436165,11072958.162934178
50.0,622.8571428571429,2108.5714285714284,21.758239483169756,10908534.100132704
50.0,622.8571428571429,2274.285714285714,21.547449192866935,10763273.869361391
50.0,622.8571428571429,2440.0,21.358236878481623,10633817.699050808
50.0,622.8571428571429,2605.714285714286,21.187705849295067,10517598.293166965
50.0,622.8571428571429,2771.4285714285716,21.033411755154134,10412607.7329147
50.0,622.8571428571429,2937.1428571428573,20.893287318681214,10317244.957061242
50.0,622.8571428571429,3102.857142857143,20.76557895268828,10230212.50088679
50.0,622.8571428571429,3268.571428571429,20.64879403267874,10150444.44704558
50.0,622.8571428571429,3434.2857142857147,20.541657331829487,10077054.806830114
50.0,622.8571428571429,3600.0,20.443075146029834,10009299.672427248
50.0,670.0,120.0,28.336839392171033,27475987.120376896
50.0,670.0,285.7142857142857,27.061516063358223,20116518.24658794
50.0,670.0,451.42857142857144,26.14024952780831,16642700.817397878
50.0,670.0,617.1428571428571,25.393139442586428,14879948.039468847
50.0,670.0,782.8571428571429,24.752239096120533,13837239.88928334
50.0,670.0,948.5714285714287,24.19353144182589,13145222.665876921
50.0,670.0,1114.2857142857142,23.704450199210218,12645866.204210142
50.0,670.0,1280.0,23.2755438491438,12263127.898209412
50.0,670.0,1445.7142857142858,22.89862417872525,11956737.408619938
50.0,670.0,1611.4285714285716,22.566453040476894,11703580.001151385
50.0,670.0,1777.1428571428573,22.272706258508233,11489444.52963149
50.0,670.0,1942.857142857143,22.01193635136869,11305066.657899475
50.0,670.0,2108.5714285714284,21.779499687793766,11144099.917915799
50.0,670.0,2274.285714285714,21.5714625237625,11002012.141054656
50.0,670.0,2440.0,21.38450226469062,10875452.782739056
50.0,670.0,2605.714285714286,21.215814086621545,10761872.647756161
50.0,670.0,2771.4285714285716,21.063027676079876,10659285.397986803
50.0,670.0,2937.1428571428573,20.924135514510482,10566112.173913345
50.0,670.0,3102.857142857143,20.79743237120351,10481076.869431619
50.0,670.0,3268.571428571429,20.681464874912262,10403133.38996335
50.0,670.0,3434.2857142857147,20.574989774974608,10331413.76553533
50.0,670.0,3600.0,20.476939512533946,10265190.264143836
50.0,717.1428571428572,120.0,28.260673065622406,28985269.52248061
50.0,717.1428571428572,285.7142857142857,26.976206812514373,20555135.258610193
50.0,717.1428571428572,451.42857142857144,26.073887277881457,16912629.61613726
50.0,717.1428571428572,617.1428571428571,25.344505854422508,15106178.91647705
50.0,717.1428571428572,782.8571428571429,24.718659203683163,14050262.454248907
50.0,717.1428571428572,948.5714285714287,24.1725430739264,13355367.301145392
50.0,717.1428571428572,1114.2857142857142,23.69390400763378,12857237.351728763
50.0,717.1428571428572,1280.0,23.27360634980358,12477422.366797725
50.0,717.1428571428572,1445.7142857142858,22.903760005366426,12174592.783714708
50.0,717.1428571428572,1611.4285714285716,22.577393211515535,11925136.94125462
50.0,717.1428571428572,1777.1428571428573,22.288410327367544,11714607.167526413
50.0,717.1428571428572,1942.857142857143,22.031554693209173,11533631.003557062
50.0,717.1428571428572,2108.5714285714284,21.802339347555566,11375819.286216563
50.0,717.1428571428572,2274.285714285714,21.5969579293005,11236630.75788573
50.0,717.1428571428572,2440.0,21.41219090361397,11112722.714174988
50.0,717.1428571428572,2605.714285714286,21.245316682822047,11001561.807929045
50.0,717.1428571428572,2771.4285714285716,21.094032206080588,10901180.753944464
50.0,717.1428571428572,2937.1428571428573,20.9563843914419,10810020.388688987
50.0,717.1428571428572,3102.857142857143,20.830712191253465,10726823.62150034
50.0,717.1428571428572,3268.571428571429,20.715598213706464,10650562.057317348
50.0,717.1428571428572,3434.2857142857147,20.60982861418317,10580383.855470102
50.0,717.1428571428572,3600.0,20.512359959645597,10515575.79619954
50.0,764.2857142857143,120.0,28.1839829002478,30430747.177686702
50.0,764.2857142857143,285.7142857142857,26.897133153004006,20967909.658132397
50.0,764.2857142857143,451.42857142857144,26.013961673584987,17173479.289816562
50.0,764.2857142857143,617.1428571428571,25.30141964598519,15328290.515978262
50.0,764.2857142857143,782.8571428571429,24.689633575674144,14260774.665040819
50.0,764.2857142857143,948.5714285714287,24.155219172741376,13563437.752072664
50.0,764.2857142857143,1114.2857142857142,23.686281391858206,13066504.808309505
50.0,764.2857142857143,1280.0,23.273998310670112,12689393.113547659
50.0,764.2857142857143,1445.7142857142858,22.91076027024719,12389833.36430994
50.0,764.2857142857143,1611.4285714285716,22.589840567619323,12143771.698211072
50.0,764.2857142857143,1777.1428571428573,22.305351823332856,11936549.11137772
50.0,764.2857142857143,1942.857142857143,22.052210622477986,11758695.998863922
50.0,764.2857142857143,2108.5714285714284,21.826072110955163,11603784.45949079
50.0,764.2857142857143,2274.285714285714,21.62324553803776,11467264.641460225
50.0,764.2857142857143,2440.0,21.440605039869457,11345800.526360132
50.0,764.2857142857143,2605.714285714286,21.275504831971812,11236872.7493372
50.0,764.2857142857143,2771.4285714285716,21.125703242323887,11138530.984575287
50.0,764.2857142857143,2937.1428571428573,20.989297005644442,11049233.687210785
50.0,764.2857142857143,3102.857142857143,20.864665616987978,10967740.836944772
50.0,764.2857142857143,3268.571428571429,20.750424792871378,10893039.97322256
50.0,764.2857142857143,3434.2857142857147,20.645387827278483,10824293.811770871
50.0,764.2857142857143,3600.0,20.548533619659636,10760802.258216957
50.0,811.4285714285714,120.0,28.10724994528501,31810553.817256328
50.0,811.4285714285714,285.7142857142857,26.823693039536668,21357701.498382807
50.0,811.4285714285714,451.42857142857144,25.959576656750084,17426170.59766281
50.0,811.4285714285714,617.1428571428571,25.262994599798166,15546464.2491298
50.0,811.4285714285714,782.8571428571429,24.66435695996234,14468696.589730563
50.0,811.4285714285714,948.5714285714287,24.140843064206024,13769277.784787307
50.0,811.4285714285714,1114.2857142857142,23.680942756196767,13273512.640545413
50.0,811.4285714285714,1280.0,23.276141007381415,12898916.418286795
50.0,811.4285714285714,1445.7142857142858,22.91909137916921,12602379.648035021
50.0,811.4285714285714,1611.4285714285716,22.60329309376456,12359451.798530849
50.0,811.4285714285714,1777.1428571428573,22.323049293333582,12155283.50834052
50.0,811.4285714285714,1942.857142857143,22.073434575596615,11980317.189927567
50.0,811.4285714285714,2108.5714285714284,21.85023361752242,11828089.530253321
50.0,811.4285714285714,2274.285714285714,21.649861115811383,11694042.523388576
50.0,811.4285714285714,2440.0,21.469276761730097,11574845.896248864
50.0,811.4285714285714,2605.714285714286,21.30590413325459,11467992.724969108
50.0,811.4285714285714,2771.4285714285716,21.15755785023192,11371547.905029893
50.0,811.4285714285714,2937.1428571428573,21.02238043336881,11283985.780086847
50.0,811.4285714285714,3102.857142857143,20.898788731074635,11204081.776135469
50.0,811.4285714285714,3268.571428571429,20.785429041122665,11130837.890260309
50.0,811.4285714285714,3434.2857142857147,20.681139790243463,11063430.075959131
50.0,811.4285714285714,3600.0,20.584920615166048,11001170.19958125
50.0,858.5714285714287,120.0,28.03090707450681,33123594.281881455
50.0,858.5714285714287,285.7142857142857,26.75535932352182,21726898.941828556
50.0,858.5714285714287,451.42857142857144,25.910001927352177,17671437.22793387
50.0,858.5714285714287,617.1428571428571,25.22852922374316,15760844.279460423
50.0,858.5714285714287,782.8571428571429,24.642205255942205,14673971.04415768
50.0,858.5714285714287,948.5714285714287,24.128870022988586,13972774.528678631
50.0,858.5714285714287,1114.2857142857142,23.677411410372795,13478151.546660626
50.0,858.5714285714287,1280.0,23.279611573231666,13105910.861112349
50.0,858.5714285714287,1445.7142857142858,22.928370876569765,12812187.013922576
50.0,858.5714285714287,1611.4285714285716,22.617397304009422,12572171.282468818
50.0,858.5714285714287,1777.1428571428573,22.341168930890177,12370841.710038384
50.0,858.5714285714287,1942.857142857143,22.094905090985065,12198560.527318617
50.0,858.5714285714287,2108.5714285714284,21.874509062327558,12048831.878779924
50.0,858.5714285714287,2274.285714285714,21.676492158903788,11917090.026934993
50.0,858.5714285714287,2440.0,21.49789256705965,11800009.689082487
50.0,858.5714285714287,2605.714285714286,21.336197612374324,11695095.109304821
50.0,858.5714285714287,2771.4285714285716,21.18927375082649,11600424.956064455
50.0,858.5714285714287,2937.1428571428573,21.055305754009577,11514488.012765935
50.0,858.5714285714287,3102.857142857143,20.93274501622744,11436073.787108012
50.0,858.5714285714287,3268.571428571429,20.820266183085973,11364197.489583822
50.0,858.5714285714287,3434.2857142857147,20.716731033541492,11298047.19805991
50.0,858.5714285714287,3600.0,20.621158518897968,11236945.754291398
50.0,905.7142857142858,120.0,27.9553394933903,34369523.570691116
50.0,905.7142857142858,285.7142857142857,26.691670075092155,22077531.044102896
50.0,905.7142857142858,451.42857142857144,25.864636818382344,17909884.326928508
50.0,905.7142857142858,617.1428571428571,25.197461652365828,15971557.449014368
50.0,905.7142857142858,782.8571428571429,24.6226884049905,14876566.011376932
50.0,905.7142857142858,948.5714285714287,24.118880415616754,14173853.814116968
50.0,905.7142857142858,1114.2857142857142,23.67532744107045,13680352.00467887
50.0,905.7142857142858,1280.0,23.284097432395097,13310330.552758144
50.0,905.7142857142858,1445.7142857142858,22.9383220904832,13019240.045441078
50.0,905.7142857142858,1611.4285714285716,22.6319027446233,12781946.513532946
50.0,905.7142857142858,1777.1428571428573,22.3594786419894,12583270.661313437
50.0,905.7142857142858,1942.857142857143,22.116402213391606,12413501.283990627
50.0,905.7142857142858,2108.5714285714284,21.898685779860354,12266112.50753701
50.0,905.7142857142858,2274.285714285714,21.70292955244987,12136531.283347277
50.0,905.7142857142858,2440.0,21.526244033171427,12021436.72022279
50.0,905.7142857142858,2605.714285714286,21.36617537129382,11918343.176961781
50.0,905.7142857142858,2771.4285714285716,21.22063794181732,11825341.88244884
50.0,905.7142857142858,2937.1428571428573,21.087855650468736,11740934.839386905
50.0,905.7142857142858,3102.857142857143,20.966311954227816,11663924.48294071
50.0,905.7142857142858,3268.571428571429,20.854707864081167,11593338.181355748
50.0,905.7142857142858,3434.2857142857147,20.75192692473961,11528375.189873552
50.0,905.7142857142858,3600.0,20.657006129230094,11468368.485849677
50.0,952.8571428571429,120.0,27.880885059212815,35548703.63119854
50.0,952.8571428571429,285.7142857142857,26.632219475878276,22411349.16993241
50.0,952.8571428571429,451.42857142857144,25.8229828648467,18142026.983252417
50.0,952.8571428571429,617.1428571428571,25.169336842709125,16178724.36727106
50.0,952.8571428571429,782.8571428571429,24.605416905515206,15076473.891987868
50.0,952.8571428571429,948.5714285714287,24.1105469308019,14372474.909422612
50.0,952.8571428571429,1114.2857142857142,23.67441585579223,13880077.844920648
50.0,952.8571428571429,1280.0,23.28936514483359,13512159.061441083
50.0,952.8571428571429,1445.7142857142858,22.948743363097247,13223547.464229852
50.0,952.8571428571429,1611.4285714285716,22.646631309275097,12988812.353702614
50.0,952.8571428571429,1777.1428571428573,22.377817196526834,12792630.350537565
50.0,952.8571428571429,1942.857142857143,22.13777629181235,12625222.721125735
50.0,952.8571428571429,2108.5714285714284,21.922621551137333,12480035.824065195
50.0,952.8571428571429,2274.285714285714,21.72903529239227,12352489.721509064
50.0,952.8571428571429,2440.0,21.5541948927825,12239267.442783369
50.0,952.8571428571429,2605.714285714286,21.395700982678036,12137892.587039365
50.0,952.8571428571429,2771.4285714285716,21.251512393783155,12046467.922604948
50.0,952.8571428571429,2937.1428571428573,21.11988940395539,11963507.636577232
50.0,952.8571428571429,3102.857142857143,20.999345325946035,11887826.108394649
50.0,952.8571428571429,3268.571428571429,20.8886057687507,11818461.961859759
50.0,952.8571428571429,3434.2857142857147,20.786574623722334,11754624.818143345
50.0,952.8571428571429,3600.0,20.692305782932593,11695657.069037426
50.0,1000.0,120.0,27.807834887638606,36662140.33437978
50.0,1000.0,285.7142857142857,26.57664963916911,22729886.222605333
50.0,1000.0,451.42857142857144,25.78462277536671,18368315.775585238
50.0,1000.0,617.1428571428571,25.143782349775726,16382465.28878102
50.0,1000.0,782.8571428571429,24.590077597168033,15273709.255769672
50.0,1000.0,948.5714285714287,24.10361123876056,14568625.36466169
50.0,1000.0,1114.2857142857142,23.674464168746603,14077320.51606412
50.0,1000.0,1280.0,23.295238703790396,13711404.13411748
50.0,1000.0,1445.7142857142858,22.959486788230528,13425137.734433485
50.0,1000.0,1611.4285714285716,22.661456166199894,13192818.790372461
50.0,1000.0,1777.1428571428573,22.39607314018964,12998991.462052627
50.0,1000.0,1942.857142857143,22.158926718660993,12833814.707121795
50.0,1000.0,2108.5714285714284,21.94622305456514,12690709.143059198
50.0,1000.0,2274.285714285714,21.754720566522476,12565088.363658568
50.0,1000.0,2440.0,21.581658690336244,12453638.950406568
50.0,1000.0,2605.714285714286,21.424688686862485,12353893.013157088
50.0,1000.0,2771.4285714285716,21.28181076829136,12263963.994263276
50.0,1000.0,2937.1428571428573,21.151319124908092,12182377.381339414
50.0,1000.0,3102.857142857143,21.031754954806395,12107958.654397493
50.0,1000.0,3268.571428571429,20.921866882583316,12039756.915960364
50.0,1000.0,3434.2857142857147,20.820577871829663,11976991.45257097
50.0,1000.0,3600.0,20.726957684226132,11919013.446481097
85.71428571428572,10.0,120.0,28.968882347679266,527713.9431380576
85.71428571428572,10.0,285.7142857142857,28.966037486478076,4090023.060472839
85.71428571428572,10.0,451.42857142857144,28.96001757245906,3872982.9507204
85.71428571428572,10.0,617.1428571428571,28.951892501142346,3360841.4696722915
85.71428571428572,10.0,782.8571428571429,28.942756554708108,2971952.891117461
85.71428571428572,10.0,948.5714285714287,28.933801023191755,2667824.51471424
85.71428571428572,10.0,1114.2857142857142,28.925686958849145,2423586.5272699143
85.71428571428572,10.0,1280.0,28.918628522555966,2225072.6476175496
85.71428571428572,10.0,1445.7142857142858,28.91260181025203,2062336.7571596853
85.71428571428572,10.0,1611.4285714285716,28.907488499849087,1927769.290904496
85.71428571428572,10.0,1777.1428571428573,28.903148482895173,1815465.172960115
85.71428571428572,10.0,1942.857142857143,28.899450255205142,1720853.8983874104
85.71428571428572,10.0,2108.5714285714284,28.896280823650837,1640405.2512287304
85.71428571428572,10.0,2274.285714285714,28.89354686241124,1571388.4275772811
85.71428571428572,10.0,2440.0,28.891172642604566,1511681.3286474668
85.71428571428572,10.0,2605.714285714286,28.88909712043223,1459623.9453791166
85.71428571428572,10.0,2771.4285714285716,28.887271120213214,1413907.5987806655
85.71428571428572,10.0,2937.1428571428573,28.885654918651202,1373491.94336382
85.71428571428572,10.0,3102.857142857143,28.88421627975184,1337542.885506678
85.71428571428572,10.0,3268.571428571429,28.882928896082426,1305386.0415050793
85.71428571428572,10.0,3434.2857142857147,28.881771166625953,1276471.6792146415
85.71428571428572,10.0,3600.0,28.88072524259322,1250348.144103923
85.71428571428572,57.142857142857146,120.0,28.967335239329035,2707793.1091242
85.71428571428572,57.142857142857146,285.7142857142857,28.918029236854096,5193372.644789523
85.71428571428572,57.142857142857146,451.42857142857144,28.750812021344405,6370483.95794032
85.71428571428572,57.142857142857146,617.1428571428571,28.464080661416492,7044459.712297365
85.71428571428572,57.142857142857146,782.8571428571429,28.102012366800395,7372628.249368485
85.71428571428572,57.142857142857146,948.5714285714287,27.714869524376997,7468761.40189136
85.71428571428572,57.142857142857146,1114.2857142857142,27.33841435413063,7423088.40927766
85.71428571428572,57.142857142857146,1280.0,26.991766293998513,7298719.911646678
85.71428571428572,57.142857142857146,1445.7142857142858,26.68221027689184,7135809.445488806
85.71428571428572,57.142857142857146,1611.4285714285716,26.410276586950527,6958306.2516039405
85.71428571428572,57.142857142857146,1777.1428571428573,26.173242290622383,6779770.103071171
85.71428571428572,57.142857142857146,1942.857142857143,25.96715026453043,6607450.385427604
85.71428571428572,57.142857142857146,2108.5714285714284,25.78784626410044,6444891.89843759
85.71428571428572,57.142857142857146,2274.285714285714,25.63145306333694,6293521.925315646
85.71428571428572,57.142857142857146,2440.0,25.494548499695043,6153592.050007275
85.71428571428572,57.142857142857146,2605.714285714286,25.374198713948598,6024728.2502271775
85.71428571428572,57.142857142857146,2771.4285714285716,25.26792686906318,5906248.142460993
85.71428571428572,57.142857142857146,2937.1428571428573,25.17365786184456,5797341.272339202
85.71428571428572,57.142857142857146,3102.857142857143,25.089658386436863,5697169.3227204485
85.71428571428572,57.142857142857146,3268.571428571429,25.01448085824272,5604919.721472142
85.71428571428572,57.142857142857146,3434.2857142857147,24.946914333800013,5519832.314797968
85.71428571428572,57.142857142857146,3600.0,24.885943023513576,5441210.653433786
85.71428571428572,104.28571428571429,120.0,28.958174909560856,5181528.047108356
85.71428571428572,104.28571428571429,285.7142857142857,28.761584018540383,8327731.715909667
85.71428571428572,104.28571428571429,451.42857142857144,28.304790981642483,9353799.93460026
85.71428571428572,104.28571428571429,617.1428571428571,27.692085161744824,9680036.235838156
85.71428571428572,104.28571428571429,782.8571428571429,27.02946750719393,9667557.38805623
85.71428571428572,104.28571428571429,948.5714285714287,26.38751509999788,9484508.571707774
85.71428571428572,104.28571428571429,1114.2857142857142,25.802092574372164,9223442.231226565
85.71428571428572,104.28571428571429,1280.0,25.285642888811864,8935580.98672745
85.71428571428572,104.28571428571429,1445.7142857142858,24.837833575075525,8648079.779732056
85.71428571428572,104.28571428571429,1611.4285714285716,24.452554459155536,8374342.632127944
85.71428571428572,104.28571428571429,1777.1428571428573,24.12177936252449,8120166.540682623
85.71428571428572,104.28571428571429,1942.857142857143,23.83744631105029,7887286.164753041
85.71428571428572,104.28571428571429,2108.5714285714284,23.59225033391294,7675363.714995768
85.71428571428572,104.28571428571429,2274.285714285714,23.379891563981317,7483081.803645604
85.71428571428572,104.28571428571429,2440.0,23.195073269688105,7308730.753016879
85.71428571428572,104.28571428571429,2605.714285714286,23.03339916291254,7150515.204857881
85.71428571428572,104.28571428571429,2771.4285714285716,22.89124137180311,7006706.6289000455
85.71428571428572,104.28571428571429,2937.1428571428573,22.7656107667806,6875712.278872856
85.71428571428572,104.28571428571429,3102.857142857143,22.65404192944229,6756099.685386447
85.71428571428572,104.28571428571429,3268.571428571429,22.55449600877116,6646598.242548997
85.71428571428572,104.28571428571429,3434.2857142857147,22.465280788038903,6546089.696040618
85.71428571428572,104.28571428571429,3600.0,22.384985823307815,6453593.921680934
85.71428571428572,151.42857142857144,120.0,28.93662891404052,7695542.438513554
85.71428571428572,151.42857142857144,285.7142857142857,28.548505510639604,10764983.185311157
85.71428571428572,151.42857142857144,451.42857142857144,27.859620402376507,11207971.77716407
85.71428571428572,151.42857142857144,617.1428571428571,27.070907547924595,11052119.793125216
85.71428571428572,151.42857142857144,782.8571428571429,26.29117821032471,10717474.486886876
85.71428571428572,151.42857142857144,948.5714285714287,25.57278756626064,10333184.947994055
85.71428571428572,151.42857142857144,1114.2857142857142,24.935488226848225,9949472.881035926
85.71428571428572,151.42857142857144,1280.0,24.38132895477842,9587452.005086718
85.71428571428572,151.42857142857144,1445.7142857142858,23.904020753047437,9255171.949478544
85.71428571428572,151.42857142857144,1611.4285714285716,23.49421405993151,8954405.237217087
85.71428571428572,151.42857142857144,1777.1428571428573,23.14215120069118,8683960.036197105
85.71428571428572,151.42857142857144,1942.857142857143,22.8388362361919,8441372.068655947
85.71428571428572,151.42857142857144,2108.5714285714284,22.576442222676164,8223765.199551445
85.71428571428572,151.42857142857144,2274.285714285714,22.348358359886053,8028273.970207628
85.71428571428572,151.42857142857144,2440.0,22.149085600294747,7852235.657523646
85.71428571428572,151.42857142857144,2605.714285714286,21.974082442195563,7693263.057594988
85.71428571428572,151.42857142857144,2771.4285714285716,21.81960720250939,7549257.501458072
85.71428571428572,151.42857142857144,2937.1428571428573,21.682575568776755,7418393.686125247
85.71428571428572,151.42857142857144,3102.857142857143,21.560439196250314,7299092.829716779
85.71428571428572,151.42857142857144,3268.571428571429,21.451085325888826,7189992.553448506
85.71428571428572,151.42857142857144,3434.2857142857147,21.3527551247643,7089917.5646907
85.71428571428572,151.42857142857144,3600.0,21.263977814775764,6997852.932130522
85.71428571428572,198.57142857142858,120.0,28.901863725147273,10179614.215802753
85.71428571428572,198.57142857142858,285.7142857142857,28.32348599832007,12655580.625116559
85.71428571428572,198.57142857142858,451.42857142857144,27.484679614786824,12430000.827099845
85.71428571428572,198.57142857142858,617.1428571428571,26.619904972781217,11872679.629054261
85.71428571428572,198.57142857142858,782.8571428571429,25.808838997230257,11318019.916269898
85.71428571428572,198.57142857142858,948.5714285714287,25.080657845662838,10816690.24178348
85.71428571428572,198.57142857142858,1114.2857142857142,24.442181143165065,10372600.773418663
85.71428571428572,198.57142857142858,1280.0,23.889179516386392,9981215.32825655
85.71428571428572,198.57142857142858,1445.7142857142858,23.412683054566084,9636499.13116712
85.71428571428572,198.57142857142858,1611.4285714285716,23.002423659807608,9332461.059036743
85.71428571428572,198.57142857142858,1777.1428571428573,22.648514571101217,9063602.206558479
85.71428571428572,198.57142857142858,1942.857142857143,22.342141192093447,8825056.709057186
85.71428571428572,198.57142857142858,2108.5714285714284,22.075747265992256,8612608.140184794
85.71428571428572,198.57142857142858,2274.285714285714,21.84298816004036,8422647.898085872
85.71428571428572,198.57142857142858,2440.0,21.638592445926577,8252108.946160112
85.71428571428572,198.57142857142858,2605.714285714286,21.45820026062127,8098393.027401289
85.71428571428572,198.57142857142858,2771.4285714285716,21.29820891724319,7959300.688878701
85.71428571428572,198.57142857142858,2937.1428571428573,21.155637320954455,7832968.328082495
85.71428571428572,198.57142857142858,3102.857142857143,21.028011831691526,7717813.632336864
85.71428571428572,198.57142857142858,3268.571428571429,20.913272349281296,7612489.323556725
85.71428571428572,198.57142857142858,3434.2857142857147,20.809695985274892,7515844.4540819
85.71428571428572,198.57142857142858,3600.0,20.71583541103656,7426892.262603596
85.71428571428572,245.71428571428572,120.0,28.854700756309636,12628016.13368622
85.71428571428572,245.71428571428572,285.7142857142857,28.106699339941777,14164756.366555914
85.71428571428572,245.71428571428572,451.42857142857144,27.18025486422445,13306697.866069349
85.71428571428572,245.71428571428572,617.1428571428571,26.29111955739449,12441862.836347613
85.71428571428572,245.71428571428572,782.8571428571429,25.483510157359966,11740011.16766101
85.71428571428572,245.71428571428572,948.5714285714287,24.768394179637784,11169179.560568945
85.71428571428572,245.71428571428572,1114.2857142857142,24.14438593020481,10694381.04999125
85.71428571428572,245.71428571428572,1280.0,23.603971721527856,10292024.829097467
85.71428571428572,245.71428571428572,1445.7142857142858,23.137192901951998,9946379.642894492
85.71428571428572,245.71428571428572,1611.4285714285716,22.733786392487538,9646390.305822011
85.71428571428572,245.71428571428572,1777.1428571428573,22.384242940318053,9383874.041277912
85.71428571428572,245.71428571428572,1942.857142857143,22.080216960099055,9152537.640273273
85.71428571428572,245.71428571428572,2108.5714285714284,21.814596212806233,8947413.584677035
85.71428571428572,245.71428571428572,2274.285714285714,21.581414941586708,8764510.746841721
85.71428571428572,245.71428571428572,2440.0,21.375708760616806,8600581.56661766
85.71428571428572,245.71428571428572,2605.714285714286,21.19335955079398,8452957.634657048
85.71428571428572,245.71428571428572,2771.4285714285716,21.030951661640657,8319428.715109875
85.71428571428572,245.71428571428572,2937.1428571428573,20.885647076100916,8198151.208354627
85.71428571428572,245.71428571428572,3102.857142857143,20.75508072479862,8087577.555269073
85.71428571428572,245.71428571428572,3268.571428571429,20.63727435521245,7986401.04946628
85.71428571428572,245.71428571428572,3434.2857142857147,20.530566396223023,7893512.251339034
85.71428571428572,245.71428571428572,3600.0,20.43355513783743,7807964.279995615
85.71428571428572,292.8571428571429,120.0,28.7965997388572,15030798.100948595
85.71428571428572,292.8571428571429,285.7142857142857,27.905660932265963,15404249.283031818
85.71428571428572,292.8571428571429,451.42857142857144,26.933038066728155,13984449.967011603
85.71428571428572,292.8571428571429,617.1428571428571,26.045117818915553,12885391.739444451
85.71428571428572,292.8571428571429,782.8571428571429,25.254628735759468,12082002.094102442
85.71428571428572,292.8571428571429,948.5714285714287,24.55991446294523,11467665.493243758
85.71428571428572,292.8571428571429,1114.2857142857142,23.954696484205645,10976551.85959579
85.71428571428572,292.8571428571429,1280.0,23.42985221989255,10571043.25137267
85.71428571428572,292.8571428571429,1445.7142857142858,22.975214817949972,10228594.76497123
85.71428571428572,292.8571428571429,1611.4285714285716,22.580862127424254,9934709.689155443
85.71428571428572,292.8571428571429,1777.1428571428573,22.23779072046726,9679434.563682077
85.71428571428572,292.8571428571429,1942.857142857143,21.93816156247757,9455565.668601535
85.71428571428572,292.8571428571429,2108.5714285714284,21.675308107850196,9257678.686579207
85.71428571428572,292.8571428571429,2274.285714285714,21.4436338407039,9081568.158934582
85.71428571428572,292.8571428571429,2440.0,21.2384706595927,8923902.024172083
85.71428571428572,292.8571428571429,2605.714285714286,21.05593394693331,8781996.056935292
85.71428571428572,292.8571428571429,2771.4285714285716,20.892790171845363,8653659.33229697
85.71428571428572,292.8571428571429,2937.1428571428573,20.74634250623093,8537084.201451227
85.71428571428572,292.8571428571429,3102.857142857143,20.61433495204479,8430765.565322075
85.71428571428572,292.8571428571429,3268.571428571429,20.49487333458743,8333440.23603264
85.71428571428572,292.8571428571429,3434.2857142857147,20.386360794177957,8244040.53396853
85.71428571428572,292.8571428571429,3600.0,20.28744535343197,8161658.242977278
85.71428571428572,340.0,120.0,28.72924694457877,17374384.38342409
85.71428571428572,340.0,285.7142857142857,27.72234593688965,16447028.194855466
85.71428571428572,340.0,451.42857142857144,26.73012030644,14539797.574402269
85.71428571428572,340.0,617.1428571428571,25.855850276029802,13259772.169013403
85.71428571428572,340.0,782.8571428571429,25.087360989363155,12383637.654918402
85.71428571428572,340.0,948.5714285714287,24.414672747365156,11740638.592643326
85.71428571428572,340.0,1114.2857142857142,23.828682635366164,11240622.520909447
85.71428571428572,340.0,1280.0,23.31956630447941,10835439.162332369
85.71428571428572,340.0,1445.7142857142858,22.877303485284802,10497581.228836058
85.71428571428572,340.0,1611.4285714285716,22.492419148387864,10210100.059206495
85.71428571428572,340.0,1777.1428571428573,22.156418367524434,9961806.01169482
85.71428571428572,340.0,1942.857142857143,21.861934432430264,9744875.451365188
85.71428571428572,340.0,2108.5714285714284,21.602704329489256,9553585.200058635
85.71428571428572,340.0,2274.285714285714,21.37346212424218,9383600.365077395
85.71428571428572,340.0,2440.0,21.169804427050735,9231548.717209194
85.71428571428572,340.0,2605.714285714286,20.988055921382557,9094751.941915162
85.71428571428572,340.0,2771.4285714285716,20.82514743370429,8971047.596826369
85.71428571428572,340.0,2937.1428571428573,20.678510758887317,8858666.279998343
85.71428571428572,340.0,3102.857142857143,20.54599041853916,8756143.999994451
85.71428571428572,340.0,3268.571428571429,20.42577078019218,8662257.921330055
85.71428571428572,340.0,3434.2857142857147,20.31631638098345,8575978.181135243
85.71428571428572,340.0,3600.0,20.216323269790433,8496431.083626851
85.71428571428572,387.14285714285717,120.0,28.654350023631753,19645185.160647836
85.71428571428572,387.14285714285717,285.7142857142857,27.556395229175454,17341861.20967911
85.71428571428572,387.14285714285717,451.42857142857144,26.561373596935965,15014964.623127209
85.71428571428572,387.14285714285717,617.1428571428571,25.706545781805797,13592495.670025745
85.71428571428572,387.14285714285717,782.8571428571429,24.96118267651099,12662398.454365985
85.71428571428572,387.14285714285717,948.5714285714287,24.309995671312446,11999677.730506763
85.71428571428572,387.14285714285717,1114.2857142857142,23.74232371803188,11494809.149418825
85.71428571428572,387.14285714285717,1280.0,23.24813485489098,11091532.66907871
85.71428571428572,387.14285714285717,1445.7142857142858,22.81771224129721,10758598.2026163
85.71428571428572,387.14285714285717,1611.4285714285716,22.442043632692545,10477234.988705114
85.71428571428572,387.14285714285717,1777.1428571428573,22.11310563140387,10235347.720106442
85.71428571428572,387.14285714285717,1942.857142857143,21.823953021481636,10024667.142403219
85.71428571428572,387.14285714285717,2108.5714285714284,21.56867743620438,9839262.30372127
85.71428571428572,387.14285714285717,2274.285714285714,21.342302019669965,9674715.047788383
85.71428571428572,387.14285714285717,2440.0,21.14065495456555,9527634.754987543
85.71428571428572,387.14285714285717,2605.714285714286,20.960244692924533,9395357.591274457
85.71428571428572,387.14285714285717,2771.4285714285716,20.798147209238806,9275751.128190469
85.71428571428572,387.14285714285717,2937.1428571428573,20.651908730287214,9167082.1293892
85.71428571428572,387.14285714285717,3102.857142857143,20.519463984197156,9067923.920325793
85.71428571428572,387.14285714285717,3268.571428571429,20.39906851510308,8977089.566473339
85.71428571428572,387.14285714285717,3434.2857142857147,20.28924310696712,8893582.475559061
85.71428571428572,387.14285714285717,3600.0,20.188728336938585,8816559.123720918
85.71428571428572,434.28571428571433,120.0,28.57353377684168,21831355.300843455
85.71428571428572,434.28571428571433,285.7142857142857,27.406525439333574,18122428.91896273
85.71428571428572,434.28571428571433,451.42857142857144,26.419231497073135,15434610.004366202
85.71428571428572,434.28571428571433,617.1428571428571,25.586217558116797,13897966.78801684
85.71428571428572,434.28571428571433,782.8571428571429,24.863491975539667,12926631.42685258
85.71428571428572,434.28571428571433,948.5714285714287,24.232510126790732,12249854.157906063
85.71428571428572,434.28571428571433,1114.2857142857142,23.681830835733155,11742462.215728126
85.71428571428572,434.28571428571433,1280.0,23.20148558529118,11341798.800416881
85.71428571428572,434.28571428571433,1445.7142857142858,22.78212345218819,11013703.093339968
85.71428571428572,434.28571428571433,1611.4285714285716,22.415175420189605,10738001.44850934
85.71428571428572,434.28571428571433,1777.1428571428573,22.09304308776383,10501908.185460988
85.71428571428572,434.28571428571433,1942.857142857143,21.809152483714147,10296819.238766408
85.71428571428572,434.28571428571433,2108.5714285714284,21.557904825484705,10116651.850949371
85.71428571428572,434.28571428571433,2274.285714285714,21.33457502891789,9956931.390704038
85.71428571428572,434.28571428571433,2440.0,21.135193236343095,9814260.06092049
85.71428571428572,434.28571428571433,2605.714285714286,20.956428738938595,9685991.487499587
85.71428571428572,434.28571428571433,2771.4285714285716,20.795485186746443,9570022.009218868
85.71428571428572,434.28571428571433,2937.1428571428573,20.650010075893913,9464651.278917966
85.71428571428572,434.28571428571433,3102.857142857143,20.518018517691697,9368485.831243964
85.71428571428572,434.28571428571433,3268.571428571429,20.397829966943963,9280370.336640636
85.71428571428572,434.28571428571433,3434.2857142857147,20.28801613310975,9199337.321464507
85.71428571428572,434.28571428571433,3600.0,20.187358272030853,9124569.584558064
85.71428571428572,481.42857142857144,120.0,28.48829290057263,23923381.650254887
85.71428571428572,481.42857142857144,285.7142857142857,27.271160509316168,18812720.586530145
85.71428571428572,481.42857142857144,451.42857142857144,26.298077962016432,15813915.43834325
85.71428571428572,481.42857142857144,617.1428571428571,25.487466065313843,14184252.217220597
85.71428571428572,481.42857142857144,782.8571428571429,24.786222983954318,13180612.720352665
85.71428571428572,481.42857142857144,948.5714285714287,24.173935148912822,12493533.319896936
85.71428571428572,481.42857142857144,1114.2857142857142,23.638862876409355,11985016.8586387
85.71428571428572,481.42857142857144,1280.0,23.17124881545285,11587251.956980053
85.71428571428572,481.42857142857144,1445.7142857142858,22.762124557509786,11263754.680130206
85.71428571428572,481.42857142857144,1611.4285714285716,22.403332322317354,10993239.119575296
85.71428571428572,481.42857142857144,1777.1428571428573,22.087653147020063,10762376.01554845
85.71428571428572,481.42857142857144,1942.857142857143,21.808839527967354,10562300.568326646
85.71428571428572,481.42857142857144,2108.5714285714284,21.561563408917472,10386814.529665608
85.71428571428572,481.42857142857144,2274.285714285714,21.341319680786157,10231403.230573544
85.71428571428572,481.42857142857144,2440.0,21.144315244481305,10092667.665790629
85.71428571428572,481.42857142857144,2605.714285714286,20.9673606281274,9967979.466438742
85.71428571428572,481.42857142857144,2771.4285714285716,20.807772087794007,9855261.592107886
85.71428571428572,481.42857142857144,2937.1428571428573,20.6632868947211,9752843.229675582
85.71428571428572,481.42857142857144,3102.857142857143,20.53199182749294,9659360.356795544
85.71428571428572,481.42857142857144,3268.571428571429,20.41226367604752,9573685.490022503
85.71428571428572,481.42857142857144,3434.2857142857147,20.302720140524105,9494876.730565585
85.71428571428572,481.42857142857144,3600.0,20.202179474858436,9422139.962635031
85.71428571428572,528.5714285714286,120.0,28.399974725988056,25914172.945602953
85.71428571428572,528.5714285714286,285.7142857142857,27.148714987905944,19430287.910911392
85.71428571428572,528.5714285714286,451.42857142857144,26.193714602828205,16162678.03513012
85.71428571428572,528.5714285714286,617.1428571428571,25.40516467719634,14456147.461792251
85.71428571428572,528.5714285714286,782.8571428571429,24.724016372359362,13426680.75367217
85.71428571428572,528.5714285714286,948.5714285714287,24.128923026604376,12731887.163761945
85.71428571428572,528.5714285714286,1114.2857142857142,23.60814579856731,12223117.728279755
85.71428571428572,528.5714285714286,1280.0,23.15221638046245,11828330.171111468
85.71428571428572,528.5714285714286,1445.7142857142858,22.752543109336244,11509145.663471613
85.71428571428572,528.5714285714286,1611.4285714285716,22.40134458629829,11243374.842295464
85.71428571428572,528.5714285714286,1777.1428571428573,22.091740087196445,11017248.97984348
85.71428571428572,528.5714285714286,1942.857142857143,21.817770084259227,10821694.24108437
85.71428571428572,528.5714285714286,2108.5714285714284,21.574344468659625,10650421.581525613
85.71428571428572,528.5714285714286,2274.285714285714,21.357151451544727,10498886.888152469
85.71428571428572,528.5714285714286,2440.0,21.16255356324734,10363693.193101902
85.71428571428572,528.5714285714286,2605.714285714286,20.987486066969815,10242229.63287186
85.71428571428572,528.5714285714286,2771.4285714285716,20.829365051779845,10132443.483897513
85.71428571428572,528.5714285714286,2937.1428571428573,20.686007732470472,10032690.404982494
85.71428571428572,528.5714285714286,3102.857142857143,20.55556501580146,9941632.552905312
85.71428571428572,528.5714285714286,3268.571428571429,20.436465262373375,9858167.111040777
85.71428571428572,528.5714285714286,3434.2857142857147,20.327367767455108,9781374.797978181
85.71428571428572,528.5714285714286,3600.0,20.22712444183711,9710481.90309876
85.71428571428572,575.7142857142858,120.0,28.309775891954807,27798964.596723802
85.71428571428572,575.7142857142858,285.7142857142857,27.037714810880058,19988277.600397598
85.71428571428572,575.7142857142858,451.42857142857144,26.10296609408939,16487489.939237894
85.71428571428572,575.7142857142858,617.1428571428571,25.335667844430528,14716663.71710181
85.71428571428572,575.7142857142858,782.8571428571429,24.673193867569417,13666199.983193656
85.71428571428572,575.7142857142858,948.5714285714287,24.09389514271441,12965538.480096813
85.71428571428572,575.7142857142858,1114.2857142857142,23.58621901801519,12457076.40472653
85.71428571428572,575.7142857142858,1280.0,23.141023768928708,12065243.640566109
85.71428571428572,575.7142857142858,1445.7142857142858,22.750078124619147,11750087.334249154
85.71428571428572,575.7142857142858,1611.4285714285716,22.405943318319135,11488669.422914537
85.71428571428572,575.7142857142858,1777.1428571428573,22.10204073631125,11266858.093647223
85.71428571428572,575.7142857142858,1942.857142857143,21.83266613192286,11075407.914394861
85.71428571428572,575.7142857142858,2108.5714285714284,21.592939836489773,10907956.532960534
85.71428571428572,575.7142857142858,2274.285714285714,21.378721094219667,10759937.525677886
85.71428571428572,575.7142857142858,2440.0,21.18651038264968,10627957.742644118
85.71428571428572,575.7142857142858,2605.714285714286,21.01335383998771,10509422.913839603
85.71428571428572,575.7142857142858,2771.4285714285716,20.85675660003874,10402302.456452316
85.71428571428572,575.7142857142858,2937.1428571428573,20.714607457706308,10304975.82647524
85.71428571428572,575.7142857142858,3102.857142857143,20.58511497943121,10216128.590210004
85.71428571428572,575.7142857142858,3268.571428571429,20.466754100912635,10134679.938098993
85.71428571428572,575.7142857142858,3434.2857142857147,20.358221859022517,10059730.751354601
85.71428571428572,575.7142857142858,3600.0,20.258400852717624,9990525.510176579
85.71428571428572,622.8571428571429,120.0,28.218744817731086,29575149.406074557
85.71428571428572,622.8571428571429,285.7142857142857,26.936840431428685,20496746.225818634
85.71428571428572,622.8571428571429,451.42857142857144,26.023399796990265,16792956.80531987
85.71428571428572,622.8571428571429,617.1428571428571,25.27632237281534,14967791.72626223
85.71428571428572,622.8571428571429,782.8571428571429,24.631159611411977,13900023.11440881
85.71428571428572,622.8571428571429,948.5714285714287,24.066383436221155,13194850.935772331
85.71428571428572,622.8571428571429,1114.2857142857142,23.570740246202778,12687066.258576442
85.71428571428572,622.8571428571429,1280.0,23.135428843275527,12298117.606774455
85.71428571428572,622.8571428571429,1445.7142857142858,22.75255744245294,11986724.46350674
85.71428571428572,622.8571428571429,1611.4285714285716,22.414998779713333,11729317.880361969
85.71428571428572,622.8571428571429,1777.1428571428573,22.116445041159764,11511460.65348846
85.71428571428572,622.8571428571429,1942.857142857143,21.851419540849534,11323763.738393554
85.71428571428572,622.8571428571429,2108.5714285714284,21.615229921967565,11159804.304262385
85.71428571428572,622.8571428571429,2274.285714285714,21.403887763279467,11014998.613006137
85.71428571428572,622.8571428571429,2440.0,21.21401663708212,10885958.304278567
85.71428571428572,622.8571428571429,2605.714285714286,21.04276187667403,10770104.66968201
85.71428571428572,622.8571428571429,2771.4285714285716,20.8877085263415,10665427.314407103
85.71428571428572,622.8571428571429,2937.1428571428573,20.74680983821594,10570327.19620201
85.71428571428572,622.8571428571429,3102.857142857143,20.61832649131221,10483510.955873245
85.71428571428572,622.8571428571429,3268.571428571429,20.50077567851049,10403917.568230463
85.71428571428572,622.8571428571429,3434.2857142857147,20.39288881754564,10330666.035578279
85.71428571428572,622.8571428571429,3600.0,20.29357658008643,10263017.19231364
85.71428571428572,670.0,120.0,28.12778664600166,31242066.722626705
85.71428571428572,670.0,285.7142857142857,26.84493315992786,20963536.046645567
85.71428571428572,670.0,451.42857142857144,25.953127810593674,17082408.948781874
85.71428571428572,670.0,617.1428571428571,25.2251571180299,15210914.392891685
85.71428571428572,670.0,782.8571428571429,24.596036948783297,14128724.126301704
85.71428571428572,670.0,948.5714285714287,24.04464135319781,13420065.209377121
85.71428571428572,670.0,1114.2857142857142,23.560081901065605,12913207.789184585
85.71428571428572,670.0,1280.0,23.13389800647031,12527051.778676301
85.71428571428572,670.0,1445.7142857142858,22.758515028452898,12219182.205933204
85.71428571428572,670.0,1611.4285714285716,22.427089125341833,11965491.028809184
85.71428571428572,670.0,1777.1428571428573,22.13355623060876,11751280.332491498
85.71428571428572,670.0,1942.857142857143,21.872643649667744,11567038.954043783
85.71428571428572,670.0,2108.5714285714284,21.639826791118782,11406293.285186674
85.71428571428572,670.0,2274.285714285714,21.431253786463948,11264445.897819951
85.71428571428572,670.0,2440.0,21.243658750858287,11138113.736794554
85.71428571428572,670.0,2605.714285714286,21.07427631300219,11024732.635634506
85.71428571428572,670.0,2771.4285714285716,20.920763654088926,10922310.674130486
85.71428571428572,670.0,2937.1428571428573,20.781132391539387,10829268.353212874
85.71428571428572,670.0,3102.857142857143,20.653690545456797,10744331.418590525
85.71428571428572,670.0,3268.571428571429,20.536993827646867,10666456.76515924
85.71428571428572,670.0,3434.2857142857147,20.42980510602989,10594779.8090693
85.71428571428572,670.0,3600.0,20.33106082575737,10528576.205381358
85.71428571428572,717.1428571428572,120.0,28.03766967884847,32800761.085606523
85.71428571428572,717.1428571428572,285.7142857142857,26.760985023625505,21394872.202093016
85.71428571428572,717.1428571428572,451.42857142857144,25.89066642407889,17358332.11199247
85.71428571428572,717.1428571428572,617.1428571428571,25.18068043755358,15447039.370753245
85.71428571428572,717.1428571428572,782.8571428571429,24.56644023387185,14352720.61185105
85.71428571428572,717.1428571428572,948.5714285714287,24.027405030198384,13641364.692641484
85.71428571428572,717.1428571428572,1114.2857142857142,23.553087224228108,13135606.105202181
85.71428571428572,717.1428571428572,1280.0,23.135358859260908,12752144.463255454
85.71428571428572,717.1428571428572,1445.7142857142858,22.766940260811808,12447584.668657798
85.71428571428572,717.1428571428572,1611.4285714285716,22.441245935732937,12197352.538581423
85.71428571428572,717.1428571428572,1777.1428571428573,22.15243216339432,11986524.794614544
85.71428571428572,717.1428571428572,1942.857142857143,21.89541010041122,11805485.050278025
85.71428571428572,717.1428571428572,2108.5714285714284,21.665806294019383,11647716.447992425
85.71428571428572,717.1428571428572,2274.285714285714,21.459892014532134,11508610.580663536
85.71428571428572,717.1428571428572,2440.0,21.27450123725052,11384789.952385945
85.71428571428572,717.1428571428572,2605.714285714286,21.10694943853484,11273703.986324383
85.71428571428572,717.1428571428572,2771.4285714285716,20.954959279369263,11173377.746880317
85.71428571428572,717.1428571428572,2937.1428571428573,20.81659550314463,11082249.606377488
85.71428571428572,717.1428571428572,3102.857142857143,20.690209347329606,10999062.74713768
85.71428571428572,717.1428571428572,3268.571428571429,20.574391794275133,10922790.410889994
85.71428571428572,717.1428571428572,3434.2857142857147,20.46793460010339,10852582.98950493
85.71428571428572,717.1428571428572,3600.0,20.369797960113637,10787729.667941475
85.71428571428572,764.2857142857143,120.0,27.949033181389037,34253719.9781822
85.71428571428572,764.2857142857143,285.7142857142857,26.684122311655706,21795777.695399337
85.71428571428572,764.2857142857143,451.42857142857144,25.834835348666147,17622636.78668628
85.71428571428572,764.2857142857143,617.1428571428571,25.141744599362102,15676934.935630534
85.71428571428572,764.2857142857143,782.8571428571429,24.541326994317377,14572340.049198225
85.71428571428572,764.2857142857143,948.5714285714287,24.01374173373866,13858907.5365043
85.71428571428572,764.2857142857143,1114.2857142857142,23.548917720376078,13354366.759226168
85.71428571428572,764.2857142857143,1280.0,23.139047075981797,12973501.370601963
85.71428571428572,764.2857142857143,1445.7142857142858,22.777123873337562,12672061.378738856
85.71428571428572,764.2857142857143,1611.4285714285716,22.456798667928172,12425065.433576722
85.71428571428572,764.2857142857143,1777.1428571428573,22.172427774246373,12217393.368034653
85.71428571428572,764.2857142857143,1942.857142857143,21.9190888880883,12039337.113245394
85.71428571428572,764.2857142857143,2108.5714285714284,21.69254545347195,11884342.532229092
85.71428571428572,764.2857142857143,2274.285714285714,21.48918039473378,11747792.31963432
85.71428571428572,764.2857142857143,2440.0,21.305918389036236,11626314.639852554
85.71428571428572,764.2857142857143,2605.714285714286,21.140148500770078,11517371.638931738
85.71428571428572,764.2857142857143,2771.4285714285716,20.989653131784884,11419004.07230303
85.71428571428572,764.2857142857143,2937.1428571428573,20.85254561786097,11329666.751130499
85.71428571428572,764.2857142857143,3102.857142857143,20.72721683048392,11248118.872465635
85.71428571428572,764.2857142857143,3268.571428571429,20.612290186632347,11173348.687288618
85.71428571428572,764.2857142857143,3434.2857142857147,20.50658408249359,11104520.341813784
85.71428571428572,764.2857142857143,3600.0,20.409080678109966,11040935.455039933
85.71428571428572,811.4285714285714,120.0,27.862396544461248,35604602.756181136
85.71428571428572,811.4285714285714,285.7142857142857,26.61358778627419,22170366.448650125
85.71428571428572,811.4285714285714,451.42857142857144,25.784684685823027,17876831.221832726
85.71428571428572,811.4285714285714,617.1428571428571,25.10745295560053,15901211.743201334
85.71428571428572,811.4285714285714,782.8571428571429,24.519899564083822,14787856.502672384
85.71428571428572,811.4285714285714,948.5714285714287,24.002950870675473,14072842.06857251
85.71428571428572,811.4285714285714,1114.2857142857142,23.546954843891857,13569601.592275081
85.71428571428572,811.4285714285714,1280.0,23.14440870978338,13191237.720171964
85.71428571428572,811.4285714285714,1445.7142857142858,22.7885603889066,12892748.566185068
85.71428571428572,811.4285714285714,1611.4285714285716,22.473276665921347,12648793.977304403
85.71428571428572,811.4285714285714,1777.1428571428573,22.193096185177005,12444080.188549837
85.71428571428572,811.4285714285714,1942.857142857143,21.943248207881453,12268818.479215663
85.71428571428572,811.4285714285714,2108.5714285714284,21.719620790682818,12116422.251877958
85.71428571428572,811.4285714285714,2274.285714285714,21.518698607896614,11982266.933150291
85.71428571428572,811.4285714285714,2440.0,21.337489130803657,11862986.356917815
85.71428571428572,811.4285714285714,2605.714285714286,21.173448729746323,11756054.611387454
85.71428571428572,811.4285714285714,2771.4285714285716,21.024414567236732,11659527.016905563
85.71428571428572,811.4285714285714,2937.1428571428573,20.88854462419437,11571873.588523362
85.71428571428572,811.4285714285714,3102.857142857143,20.764266274618915,11491868.317114007
85.71428571428572,811.4285714285714,3268.571428571429,20.650232881691053,11418513.316352863
85.71428571428572,811.4285714285714,3434.2857142857147,20.54528750025442,11350985.4405206
85.71428571428572,811.4285714285714,3600.0,20.448432673967073,11288597.803958053
85.71428571428572,858.5714285714287,120.0,27.77816965195868,36857973.77172539
85.71428571428572,858.5714285714287,285.7142857142857,26.548723857016533,22522053.30115016
85.71428571428572,858.5714285714287,451.42857142857144,25.739441424401885,18122135.210968923
85.71428571428572,858.5714285714287,617.1428571428571,25.077095126684412,16120373.254133577
85.71428571428572,858.5714285714287,782.8571428571429,24.501538098679337,14999511.212086305
85.71428571428572,858.5714285714287,948.5714285714287,23.9944977124954,14283313.810398107
85.71428571428572,858.5714285714287,1114.2857142857142,23.546735005571048,13781429.968707627
85.71428571428572,858.5714285714287,1280.0,23.151036234339333,13405477.497115767
85.71428571428572,858.5714285714287,1445.7142857142858,22.800884716028584,13109788.302062178
85.71428571428572,858.5714285714287,1611.4285714285716,22.490345829280002,12868703.575155899
85.71428571428572,858.5714285714287,1777.1428571428573,22.21412504028893,12666775.247302353
85.71428571428572,858.5714285714287,1942.857142857143,21.967590144162617,12494143.051598843
85.71428571428572,858.5714285714287,2108.5714285714284,21.746743143106396,12344191.875456776
85.71428571428572,858.5714285714287,2274.285714285714,21.548161861460073,12212291.174369752
85.71428571428572,858.5714285714287,2440.0,21.368929689739517,12095080.403513664
85.71428571428572,858.5714285714287,2605.714285714286,21.206564831693754,11990044.891288884
85.71428571428572,858.5714285714287,2771.4285714285716,21.058954860965855,11895253.537256643
85.71428571428572,858.5714285714287,2937.1428571428573,20.924298945998537,11809190.487901276
85.71428571428572,858.5714285714287,3102.857142857143,20.801058211190952,11730643.471006313
85.71428571428572,858.5714285714287,3268.571428571429,20.68791377110424,11658627.471683592
85.71428571428572,858.5714285714287,3434.2857142857147,20.58373158481814,11592331.148081085
85.71428571428572,858.5714285714287,3600.0,20.487533173759996,11531078.298588866
85.71428571428572,905.7142857142858,120.0,27.696664129369914,38019051.39358184
85.71428571428572,905.7142857142858,285.7142857142857,26.48895763453874,22853706.62097617
85.71428571428572,905.7142857142858,451.42857142857144,25.698469834846254,18359556.52503153
85.71428571428572,905.7142857142858,617.1428571428571,25.050100948487522,16334847.494230004
85.71428571428572,905.7142857142858,782.8571428571429,24.485754031865763,15207524.183752194
85.71428571428572,905.7142857142858,948.5714285714287,23.987968060622944,14490468.218533678
85.71428571428572,905.7142857142858,1114.2857142857142,23.547905651455228,13989977.95874454
85.71428571428572,905.7142857142858,1280.0,23.158625735505513,13616351.61358365
85.71428571428572,905.7142857142858,1445.7142857142858,22.81383002902426,13323326.854627794
85.71428571428572,905.7142857142858,1611.4285714285716,22.507766779319955,13084959.88407769
85.71428571428572,905.7142857142858,1777.1428571428573,22.235294624595813,12885664.479503041
85.71428571428572,905.7142857142858,1942.857142857143,21.991908484965897,12715516.42532099
85.71428571428572,905.7142857142858,2108.5714285714284,21.77371498600184,12567875.359043183
85.71428571428572,905.7142857142858,2274.285714285714,21.577377585720967,12438105.807124093
85.71428571428572,905.7142857142858,2440.0,21.40004957818011,12322852.75977369
85.71428571428572,905.7142857142858,2605.714285714286,21.239306203009193,12219612.152257154
85.71428571428572,905.7142857142858,2771.4285714285716,21.09308162305968,12126465.59429284
85.71428571428572,905.7142857142858,2937.1428571428573,20.95961314795172,12041910.42483097
85.71428571428572,905.7142857142858,3102.857142857143,20.837393220532885,11964747.185786374
85.71428571428572,905.7142857142858,3268.571428571429,20.72512876102002,11894002.869220985
85.71428571428572,905.7142857142858,3434.2857142857147,20.621707072056044,11828877.148838276
85.71428571428572,905.7142857142858,3600.0,20.52616739763115,11768703.799679093
85.71428571428572,952.8571428571429,120.0,27.61810504961008,39093481.79010833
85.71428571428572,952.8571428571429,285.7142857142857,26.433788091895757,23167760.783518333
85.71428571428572,952.8571428571429,451.42857142857144,25.661241856317975,18589943.266830977
85.71428571428572,952.8571428571429,617.1428571428571,25.02600723956687,16545007.435469322
85.71428571428572,952.8571428571429,782.8571428571429,24.472157158302455,15412100.672752198
85.71428571428572,952.8571428571429,948.5714285714287,23.983036650898857,14694451.27723261
85.71428571428572,952.8571428571429,1114.2857142857142,23.550195010478557,14195376.70654412
85.71428571428572,952.8571428571429,1280.0,23.166947707238805,13823995.780584803
85.71428571428572,952.8571428571429,1445.7142857142858,22.827199253881542,13533512.877294587
85.71428571428572,952.8571428571429,1611.4285714285716,22.525366706823092,13297727.677816022
85.71428571428572,952.8571428571429,1777.1428571428573,22.256449804362177,13100929.441704003
85.71428571428572,952.8571428571429,1942.857142857143,22.016060546776316,12933136.397536268
85.71428571428572,952.8571428571429,2108.5714285714284,21.800401987170673,12787685.656876497
85.71428571428572,952.8571428571429,2274.285714285714,21.60621660782702,12659937.658396875
85.71428571428572,952.8571428571429,2440.0,21.43072231051126,12546542.813826136
85.71428571428572,952.8571428571429,2605.714285714286,21.271547139978658,12445007.090074867
85.71428571428572,952.8571428571429,2771.4285714285716,21.126668470659734,12353424.034396581
85.71428571428572,952.8571428571429,2937.1428571428573,20.994359054557634,12270303.34900612
85.71428571428572,952.8571428571429,3102.857142857143,20.873140492683707,12194457.577264236
85.71428571428572,952.8571428571429,3268.571428571429,20.761743777528057,12124924.957690228
85.71428571428572,952.8571428571429,3434.2857142857147,20.65907616064075,12060915.486296207
85.71428571428572,952.8571428571429,3600.0,20.564193483199418,12001772.292627629
85.71428571428572,1000.0,120.0,27.542642654462973,40087142.9628288
85.71428571428572,1000.0,285.7142857142857,26.382775237951254,23466300.271816008
85.71428571428572,1000.0,451.42857142857144,25.627314740764596,18814020.41293912
85.71428571428572,1000.0,617.1428571428571,25.004433481846604,16751184.309694778
85.71428571428572,1000.0,782.8571428571429,24.460431984073782,15613434.742918767
85.71428571428572,1000.0,948.5714285714287,23.9794447676593,14895409.063222334
85.71428571428572,1000.0,1114.2857142857142,23.553390906355887,14397760.58494571
85.71428571428572,1000.0,1280.0,23.17582679531445,14028548.453306224
85.71428571428572,1000.0,1445.7142857142858,22.84084544773067,13740495.698224725
85.71428571428572,1000.0,1611.4285714285716,22.54302012254727,13507169.718805611
85.71428571428572,1000.0,1777.1428571428573,22.277480932655987,13312746.846996676
85.71428571428572,1000.0,1942.857142857143,22.039948067648215,13147193.169514444
85.71428571428572,1000.0,2108.5714285714284,21.826713762224635,13003825.556424988
85.71428571428572,1000.0,2274.285714285714,21.634593677972514,12878001.037328457
85.71428571428572,1000.0,2440.0,21.460865635903996,12766375.310706012
85.71428571428572,1000.0,2605.714285714286,21.30320673427062,12666463.848214442
85.71428571428572,1000.0,2771.4285714285716,21.15963455802151,12576371.441614997
85.71428571428572,1000.0,2937.1428571428573,21.028454898246633,12494619.41767488
85.71428571428572,1000.0,3102.857142857143,20.90821658564724,12420031.599278273
85.71428571428572,1000.0,3268.571428571429,20.79767313352754,12351656.796682496
85.71428571428572,1000.0,3434.2857142857147,20.695750490564123,12288714.713419912
85.71428571428572,1000.0,3600.0,20.60152008204056,12230557.28180384
121.42857142857143,10.0,120.0,28.96880917092579,944644.063156212
121.42857142857143,10.0,285.7142857142857,28.96666167416155,1971430.3676759177
121.42857142857143,10.0,451.42857142857144,28.96017511613939,2165289.2553267316
121.42857142857143,10.0,617.1428571428571,28.94868334995147,2257444.72946077
121.42857142857143,10.0,782.8571428571429,28.933485875455652,2283643.4110966125
121.42857142857143,10.0,948.5714285714287,28.916688503916575,2261733.07876735
121.42857142857143,10.0,1114.2857142857142,28.89998271820531,2211754.5803855862
121.42857142857143,10.0,1280.0,28.88434116349246,2148673.8756694417
121.42857142857143,10.0,1445.7142857142858,28.870178847760023,2081691.7979607692
121.42857142857143,10.0,1611.4285714285716,28.857580749448676,2015848.7105267218
121.42857142857143,10.0,1777.1428571428573,28.846467184131946,1953625.9067758
121.42857142857143,10.0,1942.857142857143,28.8366907331754,1896051.8259781941
121.42857142857143,10.0,2108.5714285714284,28.828086687463102,1843374.4397689956
121.42857142857143,10.0,2274.285714285714,28.820496746779668,1795446.1618520557
121.42857142857143,10.0,2440.0,28.813778617783345,1751936.6132760632
121.42857142857143,10.0,2605.714285714286,28.807808644886492,1712446.9353191848
121.42857142857143,10.0,2771.4285714285716,28.80248124604542,1676569.1224851315
121.42857142857143,10.0,2937.1428571428573,28.7977070612032,1643915.1271717555
121.42857142857143,10.0,3102.857142857143,28.793410736812913,1614129.5962279772
121.42857142857143,10.0,3268.571428571429,28.789528766102077,1586893.934397799
121.42857142857143,10.0,3434.2857142857147,28.786007553944394,1561925.9397055637
121.42857142857143,10.0,3600.0,28.782801754679788,1538977.3334696116
121.42857142857143,57.142857142857146,120.0,28.965634903572326,2863534.091570584
121.42857142857143,57.142857142857146,285.7142857142857,28.888889871747097,5252169.9788963385
121.42857142857143,57.142857142857146,451.42857142857144,28.661672427794702,6498049.814436372
121.42857142857143,57.142857142857146,617.1428571428571,28.29928540871391,7205342.374793114
121.42857142857143,57.142857142857146,782.8571428571429,27.859424609829887,7553097.178992076
121.42857142857143,57.142857142857146,948.5714285714287,27.399560758405137,7663519.777165687
121.42857142857143,57.142857142857146,1114.2857142857142,26.958381972961167,7628892.711031247
121.42857142857143,57.142857142857146,1280.0,26.55561330568888,7512883.862043572
121.42857142857143,57.142857142857146,1445.7142857142858,26.198047409813668,7356030.404509038
121.42857142857143,57.142857142857146,1611.4285714285716,25.88528907461457,7182692.293089415
121.42857142857143,57.142857142857146,1777.1428571428573,25.613590980179602,7006833.483764429
121.42857142857143,57.142857142857146,1942.857142857143,25.3780264622472,6836059.298253723
121.42857142857143,57.142857142857146,2108.5714285714284,25.173586429858002,6674205.803224107
121.42857142857143,57.142857142857146,2274.285714285714,24.995667219638186,6522928.136933738
121.42857142857143,57.142857142857146,2440.0,24.840241550619808,6382651.31662773
121.42857142857143,57.142857142857146,2605.714285714286,24.703876757832884,6253131.140421301
121.42857142857143,57.142857142857146,2771.4285714285716,24.583686796772795,6133781.397064319
121.42857142857143,57.142857142857146,2937.1428571428573,24.477261273510624,6023862.399011131
121.42857142857143,57.142857142857146,3102.857142857143,24.38259187044483,5922587.646083315
121.42857142857143,57.142857142857146,3268.571428571429,24.298004869087226,5829182.3407926485
121.42857142857143,57.142857142857146,3434.2857142857147,24.222102744696798,5742913.731343364
121.42857142857143,57.142857142857146,3600.0,24.15371514352556,5663105.117814653
121.42857142857143,104.28571428571429,120.0,28.948717363545157,5804401.458171808
121.42857142857143,104.28571428571429,285.7142857142857,28.67767117432049,8751203.579430033
121.42857142857143,104.28571428571429,451.42857142857144,28.129293434389016,9649683.62448331
121.42857142857143,104.28571428571429,617.1428571428571,27.441910016723607,9878746.619947812
121.42857142857143,104.28571428571429,782.8571428571429,26.7238316145904,9808779.602353647
121.42857142857143,104.28571428571429,948.5714285714287,26.040567292576718,9596844.747263726
121.42857142857143,104.28571428571429,1114.2857142857142,25.42328125121151,9323873.258528568
121.42857142857143,104.28571428571429,1280.0,24.881303557933567,9033226.744822254
121.42857142857143,104.28571428571429,1445.7142857142858,24.412413134407913,8747452.728975859
121.42857142857143,104.28571428571429,1611.4285714285716,24.009351329944714,8477436.039266547
121.42857142857143,104.28571428571429,1777.1428571428573,23.663359201356073,8227658.726916477
121.42857142857143,104.28571428571429,1942.857142857143,23.365875149728748,7999200.934065905
121.42857142857143,104.28571428571429,2108.5714285714284,23.10923094218826,7791422.1275370065
121.42857142857143,104.28571428571429,2274.285714285714,22.88684877893121,7602885.098236261
121.42857142857143,104.28571428571429,2440.0,22.693211541379352,7431852.624734689
121.42857142857143,104.28571428571429,2605.714285714286,22.52374404361187,7276546.025979178
121.42857142857143,104.28571428571429,2771.4285714285716,22.374670993361388,7135272.529872081
121.42857142857143,104.28571428571429,2937.1428571428573,22.24288057232499,7006481.3491618335
121.42857142857143,104.28571428571429,3102.857142857143,22.125804548890372,6888781.821248338
121.42857142857143,104.28571428571429,3268.571428571429,22.02131746194259,6780942.089579386
121.42857142857143,104.28571428571429,3434.2857142857147,21.927653816780573,6681878.480401869
121.42857142857143,104.28571428571429,3600.0,21.843340931178435,6590641.0764856255
121.42857142857143,151.42857142857144,120.0,28.91252226762947,8897830.338629406
121.42857142857143,151.42857142857144,285.7142857142857,28.41467114548418,11429344.753926111
121.42857142857143,151.42857142857144,451.42857142857144,27.64069842293712,11574334.72853452
121.42857142857143,151.42857142857144,617.1428571428571,26.803442489101574,11264205.875025788
121.42857142857143,151.42857142857144,782.8571428571429,25.99639760961971,10855720.089489538
121.42857142857143,151.42857142857144,948.5714285714287,25.261213383250155,10438830.360262128
121.42857142857143,151.42857142857144,1114.2857142857142,24.612092981658616,10043041.254842866
121.42857142857143,151.42857142857144,1280.0,24.048489115639562,9678899.30374512
121.42857142857143,151.42857142857144,1445.7142857142858,23.56297380407077,9349114.730524438
121.42857142857143,151.42857142857144,1611.4285714285716,23.14572382313418,9052779.08813983
121.42857142857143,151.42857142857144,1777.1428571428573,22.786792987050138,8787371.474201096
121.42857142857143,151.42857142857144,1942.857142857143,22.477110272659864,8549787.73483486
121.42857142857143,151.42857142857144,2108.5714285714284,22.208813701389836,8336863.21814943
121.42857142857143,151.42857142857144,2274.285714285714,21.975268313512846,8145621.848339295
121.42857142857143,151.42857142857144,2440.0,21.77095157489356,7973378.564385452
121.42857142857143,151.42857142857144,2605.714285714286,21.591296620264718,7817765.67041885
121.42857142857143,151.42857142857144,2771.4285714285716,21.43253473818259,7676721.880406608
121.42857142857143,151.42857142857144,2937.1428571428573,21.29155388889864,7548464.9510453865
121.42857142857143,151.42857142857144,3102.857142857143,21.165778267381146,7431458.834147414
121.42857142857143,151.42857142857144,3268.571428571429,21.053068657638512,7324380.810665873
121.42857142857143,151.42857142857144,3434.2857142857147,20.951641254057527,7226091.117698468
121.42857142857143,151.42857142857144,3600.0,20.860002057901376,7135606.02509431
121.42857142857143,198.57142857142858,120.0,28.857401462312502,11990558.46925777
121.42857142857143,198.57142857142858,285.7142857142857,28.150693071179827,13486196.736315265
121.42857142857143,198.57142857142858,451.42857142857144,27.246649336787463,12842496.733634833
121.42857142857143,198.57142857142858,617.1428571428571,26.35619811369179,12109363.082541293
121.42857142857143,198.57142857142858,782.8571428571429,25.53538463118744,11479475.272557253
121.42857142857143,198.57142857142858,948.5714285714287,24.803135467098375,10946669.549571909
121.42857142857143,198.57142857142858,1114.2857142857142,24.162208109585,10490979.722310046
121.42857142857143,198.57142857142858,1280.0,23.606894568168705,10097173.246140897
121.42857142857143,198.57142857142858,1445.7142857142858,23.12779271374115,9754199.789275464
121.42857142857143,198.57142857142858,1611.4285714285716,22.714598400826414,9453654.057736559
121.42857142857143,198.57142857142858,1777.1428571428573,22.357515702836363,9188865.97690882
121.42857142857143,198.57142857142858,1942.857142857143,22.04784217207444,8954409.54364896
121.42857142857143,198.57142857142858,2108.5714285714284,21.778118428001427,8745813.605633143
121.42857142857143,198.57142857142858,2274.285714285714,21.542072652476357,8559368.216301396
121.42857142857143,198.57142857142858,2440.0,21.334483603084173,8391981.21692057
121.42857142857143,198.57142857142858,2605.714285714286,21.151023392853222,8241065.804470301
121.42857142857143,198.57142857142858,2771.4285714285716,20.98810772507954,8104450.107549608
121.42857142857143,198.57142857142858,2937.1428571428573,20.84276422320405,7980303.765447869
121.42857142857143,198.57142857142858,3102.857142857143,20.712521323866458,7867078.142550461
121.42857142857143,198.57142857142858,3268.571428571429,20.59531659891553,7763457.610964111
121.42857142857143,198.57142857142858,3434.2857142857147,20.48942203017635,7668319.83262387
121.42857142857143,198.57142857142858,3600.0,20.393383481980113,7580703.346886069
121.42857142857143,245.71428571428572,120.0,28.78588827790306,15015848.213922897
121.42857142857143,245.71428571428572,285.7142857142857,27.90555565537795,15101885.668862063
121.42857142857143,245.71428571428572,451.42857142857144,26.935529591686915,13751329.450401478
121.42857142857143,245.71428571428572,617.1428571428571,26.036967002433137,12705261.96535232
121.42857142857143,245.71428571428572,782.8571428571429,25.229730964580796,11930437.12691265
121.42857142857143,245.71428571428572,948.5714285714287,24.51699610434061,11329451.718041617
121.42857142857143,245.71428571428572,1114.2857142857142,23.89495587599653,10843017.829901962
121.42857142857143,245.71428571428572,1280.0,23.355499772140828,10437409.349358944
121.42857142857143,245.71428571428572,1445.7142857142858,22.888691125863314,10092328.939118642
121.42857142857143,245.71428571428572,1611.4285714285716,22.484468034750044,9794565.630073188
121.42857142857143,245.71428571428572,1777.1428571428573,22.133542097389302,9534894.88067137
121.42857142857143,245.71428571428572,1942.857142857143,21.82775658573573,9306519.849993637
121.42857142857143,245.71428571428572,2108.5714285714284,21.560145518856906,9104236.765596235
121.42857142857143,245.71428571428572,2274.285714285714,21.32485055975143,8923953.025865674
121.42857142857143,245.71428571428572,2440.0,21.116983508325518,8762387.516537977
121.42857142857143,245.71428571428572,2605.714285714286,20.93247875681539,8616871.810365772
121.42857142857143,245.71428571428572,2771.4285714285716,20.767955802299245,8485211.319799546
121.42857142857143,245.71428571428572,2937.1428571428573,20.620599299729374,8365584.470504355
121.42857142857143,245.71428571428572,3102.857142857143,20.48805801954871,8256467.3437125245
121.42857142857143,245.71428571428572,3268.571428571429,20.368361373823728,8156576.135912891
121.42857142857143,245.71428571428572,3434.2857142857147,20.259851193062275,8064822.50371771
121.42857142857143,245.71428571428572,3600.0,20.1611262705284,7980278.463735793
121.42857142857143,292.8571428571429,120.0,28.701167530955843,17929875.89183217
121.42857142857143,292.8571428571429,285.7142857142857,27.685024020143697,16402291.863886531
121.42857142857143,292.8571428571429,451.42857142857144,26.68822657936895,14450382.333506666
121.42857142857143,292.8571428571429,617.1428571428571,25.801879962619633,13172482.95415905
121.42857142857143,292.8571428571429,782.8571428571429,25.01757441911026,12299455.759404488
121.42857142857143,292.8571428571429,948.5714285714287,24.328541011270456,11656206.986378234
121.42857142857143,292.8571428571429,1114.2857142857142,23.727399243311694,11153322.649307938
121.42857142857143,292.8571428571429,1280.0,23.205036555607393,10743756.56038213
121.42857142857143,292.8571428571429,1445.7142857142858,22.751584133590427,10400809.117498381
121.42857142857143,292.8571428571429,1611.4285714285716,22.357447250019163,10108037.616463892
121.42857142857143,292.8571428571429,1777.1428571428573,22.013902400516187,9854544.780513387
121.42857142857143,292.8571428571429,1942.857142857143,21.71332856601878,9632663.301208805
121.42857142857143,292.8571428571429,2108.5714285714284,21.449221366984847,9436743.936837755
121.42857142857143,292.8571428571429,2274.285714285714,21.216101740330473,9262477.56654219
121.42857142857143,292.8571428571429,2440.0,21.009385141129773,9106490.603310967
121.42857142857143,292.8571428571429,2605.714285714286,20.825245537698525,8966088.894844476
121.42857142857143,292.8571428571429,2771.4285714285716,20.660489885692208,8839087.1577374
121.42857142857143,292.8571428571429,2937.1428571428573,20.5124488527104,8723690.480112024
121.42857142857143,292.8571428571429,3102.857142857143,20.378884673132205,8618409.135450808
121.42857142857143,292.8571428571429,3268.571428571429,20.25791483364816,8521995.643537618
121.42857142857143,292.8571428571429,3434.2857142857147,20.147949498748474,8433397.236055976
121.42857142857143,292.8571428571429,3600.0,20.0476404630969,8351719.31211888
121.42857142857143,340.0,120.0,28.606454042576587,20702035.785093315
121.42857142857143,340.0,285.7142857142857,27.489170807328087,17472966.813112274
121.42857142857143,340.0,451.42857142857144,26.488865631349768,15018675.382643916
121.42857142857143,340.0,617.1428571428571,25.62351239553615,13566184.082587073
121.42857142857143,340.0,782.8571428571429,24.864540297260394,12624142.280921083
121.42857142857143,340.0,948.5714285714287,24.199196807473946,11953492.319297923
121.42857142857143,340.0,1114.2857142857142,23.618251919908545,11441684.763360001
121.42857142857143,340.0,1280.0,23.11229549963172,11031847.433684513
121.42857142857143,340.0,1445.7142857142858,22.67177156367275,10692677.049217004
121.42857142857143,340.0,1611.4285714285716,22.2875987809035,10405451.443438701
121.42857142857143,340.0,1777.1428571428573,21.951586833565376,10158115.624419523
121.42857142857143,340.0,1942.857142857143,21.656595028842535,9942414.33603433
121.42857142857143,340.0,2108.5714285714284,21.396524369322115,9752408.898416525
121.42857142857143,340.0,2274.285714285714,21.166226387176618,9583659.648531301
121.42857142857143,340.0,2440.0,20.961381072169065,9432747.190609952
121.42857142857143,340.0,2605.714285714286,20.778371851703515,9296976.066915993
121.42857142857143,340.0,2771.4285714285716,20.61417061434777,9174182.101337634
121.42857142857143,340.0,2937.1428571428573,20.46623757134541,9062601.730106084
121.42857142857143,340.0,3102.857142857143,20.33243663386739,8960780.156043109
121.42857142857143,340.0,3268.571428571429,20.210965123988966,8867504.845793169
121.42857142857143,340.0,3434.2857142857147,20.1002959530567,8781756.178446129
121.42857142857143,340.0,3600.0,19.999130291865782,8702670.067220727
121.42857142857143,387.14285714285717,120.0,28.504723808451175,23312021.802315935
121.42857142857143,387.14285714285717,285.7142857142857,27.315972348018,18372595.22468701
121.42857142857143,387.14285714285717,451.42857142857144,26.325697214075184,15500556.76080207
121.42857142857143,387.14285714285717,617.1428571428571,25.484642093680616,13914033.125880659
121.42857142857143,387.14285714285717,782.8571428571429,24.750670354596497,12921903.371653037
121.42857142857143,387.14285714285717,948.5714285714287,24.10760523922647,12232860.471500231
121.42857142857143,387.14285714285717,1114.2857142857142,23.545357800382888,11716347.502061583
121.42857142857143,387.14285714285717,1280.0,23.05457649607978,11308049.65182991
121.42857142857143,387.14285714285717,1445.7142857142858,22.62610775351486,10973235.639502777
121.42857142857143,387.14285714285717,1611.4285714285716,22.25136590194572,10691508.271541964
121.42857142857143,387.14285714285717,1777.1428571428573,21.922639451323768,10449973.74878883
121.42857142857143,387.14285714285717,1942.857142857143,21.63320745468049,10239959.357127272
121.42857142857143,387.14285714285717,2108.5714285714284,21.37732139476487,10055328.161882633
121.42857142857143,387.14285714285717,2274.285714285714,21.150117789185455,9891557.95712544
121.42857142857143,387.14285714285717,2440.0,20.947504963618183,9745207.75593701
121.42857142857143,387.14285714285717,2605.714285714286,20.766047843406575,9613591.871680073
121.42857142857143,387.14285714285717,2771.4285714285716,20.602862032824085,9494571.097490773
121.42857142857143,387.14285714285717,2937.1428571428573,20.455521396022085,9386413.200729303
121.42857142857143,387.14285714285717,3102.857142857143,20.3219797502598,9287696.304691318
121.42857142857143,387.14285714285717,3268.571428571429,20.200505628703716,9197239.888169853
121.42857142857143,387.14285714285717,3434.2857142857147,20.089628448567627,9114054.213151291
121.42857142857143,387.14285714285717,3600.0,19.988094311038626,9037302.43800691
121.42857142857143,434.28571428571433,120.0,28.3986008158554,25748029.901471816
121.42857142857143,434.28571428571433,285.7142857142857,27.16281474670695,19142188.99333656
121.42857142857143,434.28571428571433,451.42857142857144,26.19022985699138,15922378.217365162
121.42857142857143,434.28571428571433,617.1428571428571,25.37414852558573,14231062.627427429
121.42857142857143,434.28571428571433,782.8571428571429,24.66380323839803,13201590.11500305
121.42857142857143,434.28571428571433,948.5714285714287,24.041222682554277,12499886.083963744
121.42857142857143,434.28571428571433,1114.2857142857142,23.49603153693737,11981152.683230715
121.42857142857143,434.28571428571433,1280.0,23.019114919631622,11575298.279161315
121.42857142857143,434.28571428571433,1445.7142857142858,22.60174212749775,11244961.17997877
121.42857142857143,434.28571428571433,1611.4285714285716,22.235784325908966,10968470.65942436
121.42857142857143,434.28571428571433,1777.1428571428573,21.91395322280054,10732302.040217
121.42857142857143,434.28571428571433,1942.857142857143,21.62989282292135,10527474.021896768
121.42857142857143,434.28571428571433,2108.5714285714284,21.378157525775816,10347708.021826195
121.42857142857143,434.28571428571433,2274.285714285714,21.1541299531934,10188427.792663293
121.42857142857143,434.28571428571433,2440.0,20.953916011879656,10046184.007946199
121.42857142857143,434.28571428571433,2605.714285714286,20.77423827025357,9918305.744383167
121.42857142857143,434.28571428571433,2771.4285714285716,20.612337774937956,9802679.355337203
121.42857142857143,434.28571428571433,2937.1428571428573,20.4658881653219,9697602.27621324
121.42857142857143,434.28571428571433,3102.857142857143,20.332922695574663,9601682.830128837
121.42857142857143,434.28571428571433,3268.571428571429,20.211773259659193,9513769.391269518
121.42857142857143,434.28571428571433,3434.2857142857147,20.101019931664265,9432898.949556042
121.42857142857143,434.28571428571433,3600.0,19.99944941863096,9358258.900469514
121.42857142857143,481.42857142857144,120.0,28.29031907385489,28005214.692339547
121.42857142857143,481.42857142857144,285.7142857142857,27.027103664700665,19811014.251685683
121.42857142857143,481.42857142857144,451.42857142857144,26.076308344939324,16300617.868684338
121.42857142857143,481.42857142857144,617.1428571428571,25.284620053448705,14526024.52998493
121.42857142857143,481.42857142857144,782.8571428571429,24.596195581640046,13468089.312922528
121.42857142857143,481.42857142857144,948.5714285714287,23.992302283134936,12757524.2462759
121.42857142857143,481.42857142857144,1114.2857142857142,23.462610056548357,12238093.285080643
121.42857142857143,481.42857142857144,1280.0,22.99832520332436,11835123.683026087
121.42857142857143,481.42857142857144,1445.7142857142858,22.5911296019526,11509183.44023063
121.42857142857143,481.42857142857144,1611.4285714285716,22.233307810636177,11237605.817138772
121.42857142857143,481.42857142857144,1777.1428571428573,21.917944328133093,11006376.899543393
121.42857142857143,481.42857142857144,1942.857142857143,21.639001281553735,10806279.681959538
121.42857142857143,481.42857142857144,2108.5714285714284,21.39129622921154,10630930.871331064
121.42857142857143,481.42857142857144,2274.285714285714,21.17042564779835,10475717.972416297
121.42857142857143,481.42857142857144,2440.0,20.9726675260299,10337190.849948548
121.42857142857143,481.42857142857144,2605.714285714286,20.79488221624062,10212695.412296515
121.42857142857143,481.42857142857144,2771.4285714285716,20.634420883932968,10100142.810288588
121.42857142857143,481.42857142857144,2937.1428571428573,20.489045190896466,9997858.005055735
121.42857142857143,481.42857142857144,3102.857142857143,20.356858852058288,9904476.796331692
121.42857142857143,481.42857142857144,3268.571428571429,20.2362502903388,9818873.582736453
121.42857142857143,481.42857142857144,3434.2857142857147,20.125845054614576,9740109.290561868
121.42857142857143,481.42857142857144,3600.0,20.024466542653716,9667392.951264227
121.42857142857143,528.5714285714286,120.0,28.18172389639893,30084262.829025418
121.42857142857143,528.5714285714286,285.7142857142857,26.90648859868393,20400396.014443964
121.42857142857143,528.5714285714286,451.42857142857144,25.97941641132766,16646055.70515895
121.42857142857143,528.5714285714286,617.1428571428571,25.210965521812422,14804333.53391766
121.42857142857143,528.5714285714286,782.8571428571429,24.542724907084754,13724308.775026573
121.42857142857143,528.5714285714286,948.5714285714287,23.95585285413614,13007490.116191177
121.42857142857143,528.5714285714286,1114.2857142857142,23.440254525082345,12488323.045167703
121.42857142857143,528.5714285714286,1280.0,22.98749175612425,12088433.847185344
121.42857142857143,528.5714285714286,1445.7142857142858,22.58963567070802,11766725.706576983
121.42857142857143,528.5714285714286,1611.4285714285716,22.239342412908552,11499734.340600811
121.42857142857143,528.5714285714286,1777.1428571428573,21.930025494492572,11273056.705372784
121.42857142857143,528.5714285714286,1942.857142857143,21.65592585598397,11077290.832695408
121.42857142857143,528.5714285714286,2108.5714285714284,21.412091277688095,10905973.835909832
121.42857142857143,528.5714285714286,2274.285714285714,21.19430548276255,10754468.543100296
121.42857142857143,528.5714285714286,2440.0,20.99899748614628,10619328.392648682
121.42857142857143,528.5714285714286,2605.714285714286,20.823148962649697,10497916.739189714
121.42857142857143,528.5714285714286,2771.4285714285716,20.664208419000083,10388168.243285311
121.42857142857143,528.5714285714286,2937.1428571428573,20.520015663552954,10288433.223451212
121.42857142857143,528.5714285714286,3102.857142857143,20.388737259207,10197372.46326083
121.42857142857143,528.5714285714286,3268.571428571429,20.26881230036345,10113883.865032986
121.42857142857143,528.5714285714286,3434.2857142857147,20.15890731113083,10037049.89363961
121.42857142857143,528.5714285714286,3600.0,20.05787893002521,9966099.01115686
121.42857142857143,575.7142857142858,120.0,28.074294933959774,31990082.44552055
121.42857142857143,575.7142857142858,285.7142857142857,26.798922790378253,20926186.94120402
121.42857142857143,575.7142857142858,451.42857142857144,25.896189662230434,16966032.464542244
121.42857142857143,575.7142857142858,617.1428571428571,25.14959055122662,15069526.978153711
121.42857142857143,575.7142857142858,782.8571428571429,24.499888949678283,13972104.06969451
121.42857142857143,575.7142857142858,948.5714285714287,23.92854169082036,13250872.494106334
121.42857142857143,575.7142857142858,1114.2857142857142,23.42579459570337,12732588.933013473
121.42857142857143,575.7142857142858,1280.0,22.983572203813164,12335841.366285408
121.42857142857143,575.7142857142858,1445.7142857142858,22.594306858491148,12018169.55857026
121.42857142857143,575.7142857142858,1611.4285714285716,22.250988272027474,11755457.785238259
121.42857142857143,575.7142857142858,1777.1428571428573,21.9473215213342,11532986.848601136
121.42857142857143,575.7142857142858,1942.857142857143,21.677793471883202,11341206.321437482
121.42857142857143,575.7142857142858,2108.5714285714284,21.437654801266355,11173591.395286212
121.42857142857143,575.7142857142858,2274.285714285714,21.222854451684395,11025487.999194134
121.42857142857143,575.7142857142858,2440.0,21.02995501022351,10893455.71674212
121.42857142857143,575.7142857142858,2605.714285714286,20.856045780494764,10774875.229192883
121.42857142857143,575.7142857142858,2771.4285714285716,20.698661927270116,10667703.261969646
121.42857142857143,575.7142857142858,2937.1428571428573,20.5557130963424,10570313.464614717
121.42857142857143,575.7142857142858,3102.857142857143,20.425422245954554,10481389.3978142
121.42857142857143,575.7142857142858,3268.571428571429,20.306274134855855,10399850.29100062
121.42857142857143,575.7142857142858,3434.2857142857147,20.196972378705112,10324798.10529449
121.42857142857143,575.7142857142858,3600.0,20.0964038460569,10255478.870310018
121.42857142857143,622.8571428571429,120.0,27.969181306952166,33730634.24331353
121.42857142857143,622.8571428571429,285.7142857142857,26.702655905716252,21400394.536042392
121.42857142857143,622.8571428571429,451.42857142857144,25.82408184987083,17265728.880519956
121.42857142857143,622.8571428571429,617.1428571428571,25.097894440553905,15324032.368167406
121.42857142857143,622.8571428571429,782.8571428571429,24.465223832464236,14212739.540450444
121.42857142857143,622.8571428571429,948.5714285714287,23.90807462926608,13488424.887896502
121.42857142857143,622.8571428571429,1114.2857142857142,23.41708737785594,12971428.503944604
121.42857142857143,622.8571428571429,1280.0,22.98454184677161,12577808.970851094
121.42857142857143,622.8571428571429,1445.7142857142858,22.603202855879566,12263971.772949073
121.42857142857143,622.8571428571429,1611.4285714285716,22.266359941880836,12005259.959697887
121.42857142857143,622.8571428571429,1777.1428571428573,21.967977833376693,11786692.77702269
121.42857142857143,622.8571428571429,1942.857142857143,21.702761722289257,11598598.325045783
121.42857142857143,622.8571428571429,2108.5714285714284,21.466142384909045,11434402.66221739
121.42857142857143,622.8571428571429,2274.285714285714,21.254215623031655,11289440.18503205
121.42857142857143,622.8571428571429,2440.0,21.063663025392007,11160278.112402774
121.42857142857143,622.8571428571429,2605.714285714286,20.891670056129723,11044313.963783808
121.42857142857143,622.8571428571429,2771.4285714285716,20.735849551637497,10939525.089993255
121.42857142857143,622.8571428571429,2937.1428571428573,20.594173968442792,10844306.637846848
121.42857142857143,622.8571428571429,3102.857142857143,20.46491716983706,10757363.014923861
121.42857142857143,622.8571428571429,3268.571428571429,20.346605288950503,10677632.905155422
121.42857142857143,622.8571428571429,3434.2857142857147,20.237975679681565,10604236.02499527
121.42857142857143,622.8571428571429,3600.0,20.137942818427497,10536434.392286144
121.42857142857143,670.0,120.0,27.867242740908708,35315926.96476676
121.42857142857143,670.0,285.7142857142857,26.61620228202821,21832272.285065234
121.42857142857143,670.0,451.42857142857144,25.761135907868912,17548920.011347033
121.42857142857143,670.0,617.1428571428571,25.053953726034273,15569591.473557942
121.42857142857143,670.0,782.8571428571429,24.43695242129913,14447130.198324492
121.42857142857143,670.0,948.5714285714287,23.892830301865644,13720711.093045041
121.42857142857143,670.0,1114.2857142857142,23.412645331459746,13205264.619493378
121.42857142857143,670.0,1280.0,22.989017388864113,12814717.561275845
121.42857142857143,670.0,1445.7142857142858,22.615016150592215,12504518.716465829
121.42857142857143,670.0,1611.4285714285716,22.284201332263176,12249554.791115742
121.42857142857143,670.0,1777.1428571428573,21.990770076439244,12034625.221118554
121.42857142857143,670.0,1942.857142857143,21.729622610369354,11849957.04130324
121.42857142857143,670.0,2108.5714285714284,21.49635064551491,11688936.647435844
121.42857142857143,670.0,2274.285714285714,21.28718141710448,11546890.680225905
121.42857142857143,670.0,2440.0,21.098903252596624,11420394.816921296
121.42857142857143,670.0,2605.714285714286,20.928788096016373,11306862.748350302
121.42857142857143,670.0,2771.4285714285716,20.774518840235366,11204291.084735412
121.42857142857143,670.0,2937.1428571428573,20.634124770611653,11111094.831584133
121.42857142857143,670.0,3102.857142857143,20.505925957072744,11025997.55871274
121.42857142857143,670.0,3268.571428571429,20.388486214506703,10947955.789430657
121.42857142857143,670.0,3434.2857142857147,20.28057373005201,10876105.504017053
121.42857142857143,670.0,3600.0,20.18112830014485,10809723.36088826
121.42857142857143,717.1428571428572,120.0,27.769092495658576,36757187.7428842
121.42857142857143,717.1428571428572,285.7142857142857,26.53830326663157,22229064.336048678
121.42857142857143,717.1428571428572,451.42857142857144,25.70582538073768,17818436.20172473
121.42857142857143,717.1428571428572,617.1428571428571,25.016317584309583,15807504.929572292
121.42857142857143,717.1428571428572,782.8571428571429,24.413764422061615,14675974.53168785
121.42857142857143,717.1428571428572,948.5714285714287,23.881636165556422,13948181.288440855
121.42857142857143,717.1428571428572,1114.2857142857142,23.411411700286394,13434452.787863249
121.42857142857143,717.1428571428572,1280.0,22.996032219624492,13046899.275070045
121.42857142857143,717.1428571428572,1445.7142857142858,22.628846549602475,12740152.77890594
121.42857142857143,717.1428571428572,1611.4285714285716,22.303658629000562,12488710.184073199
121.42857142857143,717.1428571428572,1777.1428571428573,22.014874675023066,12277183.622631285
121.42857142857143,717.1428571428572,1942.857142857143,21.757570161202867,12095714.787526555
121.42857142857143,717.1428571428572,2108.5714285714284,21.527481498222315,11937657.555772843
121.42857142857143,717.1428571428572,2274.285714285714,21.32095428475662,11798333.506142434
121.42857142857143,717.1428571428572,2440.0,21.13487317958618,11674327.17366795
121.42857142857143,717.1428571428572,2605.714285714286,20.966588368291738,11563067.676003348
121.42857142857143,717.1428571428572,2771.4285714285716,20.813846297131363,11462569.61423916
121.42857142857143,717.1428571428572,2937.1428571428573,20.67472795124085,11371266.393306393
121.42857142857143,717.1428571428572,3102.857142857143,20.547595560324815,11287899.271004973
121.42857142857143,717.1428571428572,3268.571428571429,20.431047424552446,11211441.209316548
121.42857142857143,717.1428571428572,3434.2857142857147,20.32388003584671,11141043.16544384
121.42857142857143,717.1428571428572,3600.0,20.225056507508818,11075995.279104745
121.42857142857143,764.2857142857143,120.0,27.67513915694422,38066204.38597822
121.42857142857143,764.2857142857143,285.7142857142857,26.467891228629313,22596522.72796186
121.42857142857143,764.2857142857143,451.42857142857144,25.65694321633294,18076453.881670628
121.42857142857143,764.2857142857143,617.1428571428571,24.983872178023322,16038778.715823883
121.42857142857143,764.2857142857143,782.8571428571429,24.394674682087548,14899830.360972766
121.42857142857143,764.2857142857143,948.5714285714287,23.873626849660333,14171213.340409616
121.42857142857143,764.2857142857143,1114.2857142857142,23.412620380931124,13659305.624797273
121.42857142857143,764.2857142857143,1280.0,23.004897577820262,13274654.075351784
121.42857142857143,764.2857142857143,1445.7142857142858,22.64406288670613,12971185.72625342
121.42857142857143,764.2857142857143,1611.4285714285716,22.324141742512897,12723060.543983059
121.42857142857143,764.2857142857143,1777.1428571428573,22.03972933660237,12514729.054110747
121.42857142857143,764.2857142857143,1942.857142857143,21.78605945667143,12336259.90871686
121.42857142857143,764.2857142857143,2108.5714285714284,21.558999348610204,12180979.933289997
121.42857142857143,764.2857142857143,2274.285714285714,21.35500181040319,12044207.578965643
121.42857142857143,764.2857142857143,2440.0,21.171038927474772,11922536.36212397
121.42857142857143,764.2857142857143,2605.714285714286,21.004532060282465,11813410.058298517
121.42857142857143,764.2857142857143,2771.4285714285716,20.853285612714004,11714860.091974461
121.42857142857143,764.2857142857143,2937.1428571428573,20.715427840321027,11625336.966085862
121.42857142857143,764.2857142857143,3102.857142857143,20.589359623782315,11543598.329651136
121.42857142857143,764.2857142857143,3268.571428571429,20.473710964936153,11468632.360126838
121.42857142857143,764.2857142857143,3434.2857142857147,20.367304448170074,11399603.87242852
121.42857142857143,764.2857142857143,3600.0,20.26912474193728,11335815.48178067
121.42857142857143,811.4285714285714,120.0,27.585625361707155,39254825.93374182
121.42857142857143,811.4285714285714,285.7142857142857,26.40405792218113,22939272.898112062
121.42857142857143,811.4285714285714,451.42857142857144,25.61352270050919,18324684.371833768
121.42857142857143,811.4285714285714,617.1428571428571,24.95574863858089,16264214.87565566
121.42857142857143,811.4285714285714,782.8571428571429,24.378929441975917,15119159.726973087
121.42857142857143,811.4285714285714,948.5714285714287,23.86815201230217,14390135.993413681
121.42857142857143,811.4285714285714,1114.2857142857142,23.415705913989314,13880105.86764768
121.42857142857143,811.4285714285714,1280.0,23.01511423142283,13498258.314338014
121.42857142857143,811.4285714285714,1445.7142857142858,22.660215687453103,13197905.71971452
121.42857142857143,811.4285714285714,1611.4285714285716,22.34523727483916,12952913.72449338
121.42857142857143,811.4285714285714,1777.1428571428573,22.064945752883105,12747591.818330893
121.42857142857143,811.4285714285714,1942.857142857143,21.814718635200293,12571945.355138175
121.42857142857143,811.4285714285714,2108.5714285714284,21.59054207487868,12419278.337932603
121.42857142857143,811.4285714285714,2274.285714285714,21.388966459072165,12284907.477720343
121.42857142857143,811.4285714285714,2440.0,21.207043622049582,12165435.21196522
121.42857142857143,811.4285714285714,2605.714285714286,21.04225999169525,12058319.20865395
121.42857142857143,811.4285714285714,2771.4285714285716,20.892473079463254,11961606.643909493
121.42857142857143,811.4285714285714,2937.1428571428573,20.755854559723627,11873763.95346208
121.42857142857143,811.4285714285714,3102.857142857143,20.630840902092523,11793564.029663702
121.42857142857143,811.4285714285714,3268.571428571429,20.516091371476147,11720009.18921562
121.42857142857143,811.4285714285714,3434.2857142857147,20.410452698524463,11652277.12339259
121.42857142857143,811.4285714285714,3600.0,20.312929550102012,11589682.042774484
121.42857142857143,858.5714285714287,120.0,27.500662339585503,40334601.12779263
121.42857142857143,858.5714285714287,285.7142857142857,26.346027743427587,23261076.356980033
121.42857142857143,858.5714285714287,451.42857142857144,25.574780459700673,18564499.744027905
121.42857142857143,858.5714285714287,617.1428571428571,24.931259346047536,16484469.46161545
121.42857142857143,858.5714285714287,782.8571428571429,24.365942842348836,15334356.34990476
121.42857142857143,858.5714285714287,948.5714285714287,23.86471490225121,14605242.323813971
121.42857142857143,858.5714285714287,1114.2857142857142,23.42024419026845,14097113.50762805
121.42857142857143,858.5714285714287,1280.0,23.026314847783315,13717969.299517937
121.42857142857143,858.5714285714287,1445.7142857142858,22.676980601337405,13420581.19006434
121.42857142857143,858.5714285714287,1611.4285714285716,22.366652459100923,13178555.138690325
121.42857142857143,858.5714285714287,1777.1428571428573,22.090253591721854,12976076.23557523
121.42857142857143,858.5714285714287,1942.857142857143,21.843292586398952,12803094.328100892
121.42857142857143,858.5714285714287,2108.5714285714284,21.621864168117437,12652893.891796187
121.42857142857143,858.5714285714287,2274.285714285714,21.422607980733332,12520790.88225378
121.42857142857143,858.5714285714287,2440.0,21.242648939594282,12403396.472859263
121.42857142857143,858.5714285714287,2605.714285714286,21.07953322424639,12298181.476266302
121.42857142857143,858.5714285714287,2771.4285714285716,20.93116722119418,12203207.835423468
121.42857142857143,858.5714285714287,2937.1428571428573,20.795762652484964,12116956.870196102
121.42857142857143,858.5714285714287,3102.857142857143,20.67178888793904,12038215.693240872
121.42857142857143,858.5714285714287,3268.571428571429,20.557932306784323,11965999.8063639
121.42857142857143,858.5714285714287,3434.2857142857147,20.453062064687998,11899498.909777181
121.42857142857143,858.5714285714287,3600.0,20.356201444670027,11838038.032788977
121.42857142857143,905.7142857142858,120.0,27.420259782996926,41316531.57097847
121.42857142857143,905.7142857142858,285.7142857142857,26.293135556955086,23565022.55918775
121.42857142857143,905.7142857142858,451.42857142857144,25.540074809231253,18797018.802347634
121.42857142857143,905.7142857142858,617.1428571428571,24.909852967027415,16700090.634827543
121.42857142857143,905.7142857142858,782.8571428571429,24.35525301183363,15545762.980411848
121.42857142857143,905.7142857142858,948.5714285714287,23.862930486305153,14816797.820624387
121.42857142857143,905.7142857142858,1114.2857142857142,23.425912510313502,14310569.843287893
121.42857142857143,905.7142857142858,1280.0,23.038225541539738,13934027.844504606
121.42857142857143,905.7142857142858,1445.7142857142858,22.69412094310203,13639463.12652991
121.42857142857143,905.7142857142858,1611.4285714285716,22.388178252194713,13400250.387441233
121.42857142857143,905.7142857142858,1777.1428571428573,22.115463781901223,13200463.884845002
121.42857142857143,905.7142857142858,1942.857142857143,21.871606150984924,13030004.237063494
121.42857142857143,905.7142857142858,2108.5714285714284,21.652799641743844,12882138.969234211
121.42857142857143,905.7142857142858,2274.285714285714,21.455765881412415,12752183.963541493
121.42857142857143,905.7142857142858,2440.0,21.277697037007304,12636758.857931323
121.42857142857143,905.7142857142858,2605.714285714286,21.116194382613592,12533346.886196766
121.42857142857143,905.7142857142858,2771.4285714285716,20.969209462611225,12440023.850691302
121.42857142857143,905.7142857142858,2937.1428571428573,20.834991077991056,12355285.006252367
121.42857142857143,905.7142857142858,3102.857142857143,20.71203912402026,12277930.767831389
121.42857142857143,905.7142857142858,3268.571428571429,20.59906519044751,12206988.970161622
121.42857142857143,905.7142857142858,3434.2857142857147,20.494959327824837,12141660.549749754
121.42857142857143,905.7142857142858,3600.0,20.39876220218941,12081280.663934056
121.42857142857143,952.8571428571429,120.0,27.344351013258994,42210916.408585414
121.42857142857143,952.8571428571429,285.7142857142857,26.244808475901902,23853671.260109846
121.42857142857143,952.8571428571429,451.42857142857144,25.508874912559097,19023167.18665474
121.42857142857143,952.8571428571429,617.1428571428571,24.891082178239667,16911544.421116024
121.42857142857143,952.8571428571429,782.8571428571429,24.346491118617287,15753682.731586289
121.42857142857143,952.8571428571429,948.5714285714287,23.862496345636938,15025045.436909867
121.42857142857143,952.8571428571429,1114.2857142857142,23.432462140711742,14520699.9051398
121.42857142857143,952.8571428571429,1280.0,23.050639706077742,14146659.803125627
121.42857142857143,952.8571428571429,1445.7142857142858,22.71146239940302,13854786.561468842
121.42857142857143,952.8571428571429,1611.4285714285716,22.40966456698158,13618247.093891507
121.42857142857143,952.8571428571429,1777.1428571428573,22.140443988146647,13421015.962385355
121.42857142857143,952.8571428571429,1942.857142857143,21.89953962021396,13252949.640596487
121.42857142857143,952.8571428571429,2108.5714285714284,21.683237391863855,13107300.719714224
121.42857142857143,952.8571428571429,2274.285714285714,21.488334525354862,12979385.459112275
121.42857142857143,952.8571428571429,2440.0,21.31208531133032,12865831.62980006
121.42857142857143,952.8571428571429,2605.714285714286,21.152142013487314,12764134.190016849
121.42857142857143,952.8571428571429,2771.4285714285716,21.006498050157226,12672381.962364852
121.42857142857143,952.8571428571429,2937.1428571428573,20.87343667195687,12589083.272569373
121.42857142857143,952.8571428571429,3102.857142857143,20.75148619065857,12513051.008634431
121.42857142857143,952.8571428571429,3268.571428571429,20.63938171096965,12443324.571745869
121.42857142857143,952.8571428571429,3434.2857142857147,20.53603281142156,12379115.441487508
121.42857142857143,952.8571428571429,3600.0,20.440496435946635,12319768.284414455
121.42857142857143,1000.0,120.0,27.272813709877543,43027267.3075865
121.42857142857143,1000.0,285.7142857142857,26.200550938069597,24129159.714439746
121.42857142857143,1000.0,451.42857142857144,25.48073765522004,19243720.309179507
121.42857142857143,1000.0,617.1428571428571,24.874580127058326,17119232.600141548
121.42857142857143,1000.0,782.8571428571429,24.339359180721633,15958386.739936488
121.42857142857143,1000.0,948.5714285714287,23.86317208497643,15230208.90198751
121.42857142857143,1000.0,1114.2857142857142,23.43969911703013,14727714.015846763
121.42857142857143,1000.0,1280.0,23.063399886399594,14356077.096953051
121.42857142857143,1000.0,1445.7142857142858,22.72887565068615,14066771.648280298
121.42857142857143,1000.0,1611.4285714285716,22.431003366784594,13832776.302966697
121.42857142857143,1000.0,1777.1428571428573,22.165101955605397,13637975.116283016
121.42857142857143,1000.0,1942.857142857143,21.927012157921265,13472184.549093934
121.42857142857143,1000.0,2108.5714285714284,21.71310456695999,13328643.831199078
121.42857142857143,1000.0,2274.285714285714,21.520246356674544,13202669.87034249
121.42857142857143,1000.0,2440.0,21.345749404467593,13090898.196965337
121.42857142857143,1000.0,2605.714285714286,21.18731332508314,12990834.82434302
121.42857142857143,1000.0,2771.4285714285716,21.042970493711124,12900580.816225026
121.42857142857143,1000.0,2937.1428571428573,20.91103626951011,12818656.778177686
121.42857142857143,1000.0,3102.857142857143,20.790065498302777,12743887.317507075
121.42857142857143,1000.0,3268.571428571429,20.67881528228137,12675322.707929946
121.42857142857143,1000.0,3434.2857142857147,20.576213501217385,12612184.345962977
121.42857142857143,1000.0,3600.0,20.481332382243195,12553825.84918874
157.14285714285714,10.0,120.0,28.96875190699392,812701.1942404645
157.14285714285714,10.0,285.7142857142857,28.965999187988537,1362733.3570131862
157.14285714285714,10.0,451.42857142857144,28.956010529486598,1752589.0465740238
157.14285714285714,10.0,617.1428571428571,28.936531014455902,2035620.6223059264
157.14285714285714,10.0,782.8571428571429,28.9090511042075,2219397.0743224267
157.14285714285714,10.0,948.5714285714287,28.87707450945845,2322589.8887492884
157.14285714285714,10.0,1114.2857142857142,28.843893752315974,2368899.672417233
157.14285714285714,10.0,1280.0,28.8117209128002,2378447.3691978687
157.14285714285714,10.0,1445.7142857142858,28.781741940215312,2365676.435213292
157.14285714285714,10.0,1611.4285714285716,28.754438264302852,2340143.301925515
157.14285714285714,10.0,1777.1428571428573,28.729880651213076,2307896.456889875
157.14285714285714,10.0,1942.857142857143,28.70792892844657,2272657.5999528784
157.14285714285714,10.0,2108.5714285714284,28.688350790692713,2236663.3285003197
157.14285714285714,10.0,2274.285714285714,28.67088673034113,2201220.9364134697
157.14285714285714,10.0,2440.0,28.655282863457415,2167062.727524661
157.14285714285714,10.0,2605.714285714286,28.64130580788892,2134568.25027879
157.14285714285714,10.0,2771.4285714285716,28.628748005895954,2103902.739485424
157.14285714285714,10.0,2937.1428571428573,28.617428221921298,2075103.147985956
157.14285714285714,10.0,3102.857142857143,28.60718979240149,2048131.55302256
157.14285714285714,10.0,3268.571428571429,28.597897988251713,2022908.2518424871
157.14285714285714,10.0,3434.2857142857147,28.5894371809262,1999332.1837756243
157.14285714285714,10.0,3600.0,28.581708141495923,1977293.421384059
157.14285714285714,57.142857142857146,120.0,28.96085012177217,3625306.318978643
157.14285714285714,57.142857142857146,285.7142857142857,28.833394913507213,5960915.428079167
157.14285714285714,57.142857142857146,451.42857142857144,28.51808203403678,7128067.609402229
157.14285714285714,57.142857142857146,617.1428571428571,28.059075485367373,7749827.461861321
157.14285714285714,57.142857142857146,782.8571428571429,27.52943173002873,8026415.070207574
157.14285714285714,57.142857142857146,948.5714285714287,26.99196152357333,8083254.547545492
157.14285714285714,57.142857142857146,1114.2857142857142,26.485802729502677,8009481.850897649
157.14285714285714,57.142857142857146,1280.0,26.029301897482473,7864779.740953768
157.14285714285714,57.142857142857146,1445.7142857142858,25.62743773929921,7686476.396674778
157.14285714285714,57.142857142857146,1611.4285714285716,25.278093782033125,7496672.842452262
157.14285714285714,57.142857142857146,1777.1428571428573,24.976052257023497,7307819.000655943
157.14285714285714,57.142857142857146,1942.857142857143,24.715183952647894,7126517.9614394875
157.14285714285714,57.142857142857146,2108.5714285714284,24.489515118474003,6955938.253960148
157.14285714285714,57.142857142857146,2274.285714285714,24.29367433858243,6797283.1779227285
157.14285714285714,57.142857142857146,2440.0,24.123024477430352,6650665.3311741045
157.14285714285714,57.142857142857146,2605.714285714286,23.973647767603172,6515619.338354481
157.14285714285714,57.142857142857146,2771.4285714285716,23.842271009167703,6391398.600250846
157.14285714285714,57.142857142857146,2937.1428571428573,23.726173437817327,6277144.37137501
157.14285714285714,57.142857142857146,3102.857142857143,23.623096639594166,6171979.808462811
157.14285714285714,57.142857142857146,3268.571428571429,23.531164256936382,6075060.158809048
157.14285714285714,57.142857142857146,3434.2857142857147,23.44881364580927,5985597.5001445245
157.14285714285714,57.142857142857146,3600.0,23.374739138027387,5902870.901473862
157.14285714285714,104.28571428571429,120.0,28.92700695532075,7438109.196942688
157.14285714285714,104.28571428571429,285.7142857142857,28.54264513943321,9863915.079186907
157.14285714285714,104.28571428571429,451.42857142857144,27.883150610657093,10392165.531283282
157.14285714285714,104.28571428571429,617.1428571428571,27.116790690884905,10388935.057697367
157.14285714285714,104.28571428571429,782.8571428571429,26.345707133110352,10181304.00480235
157.14285714285714,104.28571428571429,948.5714285714287,25.626132582567642,9889027.50417425
157.14285714285714,104.28571428571429,1114.2857142857142,24.98270382862389,9569068.287913306
157.14285714285714,104.28571428571429,1280.0,24.420852346652318,9250651.754758023
157.14285714285714,104.28571428571429,1445.7142857142858,23.93614222869584,8948222.150993755
157.14285714285714,104.28571428571429,1611.4285714285716,23.520052333488596,8668044.777285356
157.14285714285714,104.28571428571429,1777.1428571428573,23.16307659552786,8411953.167689506
157.14285714285714,104.28571428571429,1942.857142857143,22.85618448657527,8179491.652606017
157.14285714285714,104.28571428571429,2108.5714285714284,22.59139299298814,7969116.59876427
157.14285714285714,104.28571428571429,2274.285714285714,22.361899140182448,7778851.854630917
157.14285714285714,104.28571428571429,2440.0,22.16201607174569,7606633.890635035
157.14285714285714,104.28571428571429,2605.714285714286,21.987035550153237,7450483.775333025
157.14285714285714,104.28571428571429,2771.4285714285716,21.833075083826337,7308584.348087601
157.14285714285714,104.28571428571429,2937.1428571428573,21.696934845485018,7179306.742777406
157.14285714285714,104.28571428571429,3102.857142857143,21.575973410555346,7061210.862189473
157.14285714285714,104.28571428571429,3268.571428571429,21.46800388813087,6953033.34375353
157.14285714285714,104.28571428571429,3434.2857142857147,21.371208875249035,6853670.346167794
157.14285714285714,104.28571428571429,3600.0,21.28407159180046,6762159.018375727
157.14285714285714,151.42857142857144,120.0,28.863482062007055,11355321.906378742
157.14285714285714,151.42857142857144,285.7142857142857,28.21833047794266,12719678.529586459
157.14285714285714,151.42857142857144,451.42857142857144,27.355335143464018,12299511.713057457
157.14285714285714,151.42857142857144,617.1428571428571,26.47468580485484,11718752.88036878
157.14285714285714,151.42857142857144,782.8571428571429,25.646294549130115,11175453.03884874
157.14285714285714,151.42857142857144,948.5714285714287,24.899620318008644,10688846.193228832
157.14285714285714,151.42857142857144,1114.2857142857142,24.2432479988544,10256051.539592467
157.14285714285714,151.42857142857144,1280.0,23.674160106203065,9871971.036355922
157.14285714285714,151.42857142857144,1445.7142857142858,23.183900169950924,9531409.0716978
157.14285714285714,151.42857142857144,1611.4285714285716,22.762251605860033,9229317.696804877
157.14285714285714,151.42857142857144,1777.1428571428573,22.399140361674494,8960945.879546566
157.14285714285714,151.42857142857144,1942.857142857143,22.085469267719866,8721959.78952135
157.14285714285714,151.42857142857144,2108.5714285714284,21.813382550324466,8508504.021579823
157.14285714285714,151.42857142857144,2274.285714285714,21.576256506719012,8317209.014025966
157.14285714285714,151.42857142857144,2440.0,21.368575682262865,8145163.550242822
157.14285714285714,151.42857142857144,2605.714285714286,21.185774205157088,7989869.585952345
157.14285714285714,151.42857142857144,2771.4285714285716,21.02407900845532,7849191.099141824
157.14285714285714,151.42857142857144,2937.1428571428573,20.88036978752163,7721303.718566965
157.14285714285714,151.42857142857144,3102.857142857143,20.752059963423694,7604648.501186057
157.14285714285714,151.42857142857144,3268.571428571429,20.636998166617833,7497891.186541639
157.14285714285714,151.42857142857144,3434.2857142857147,20.533387887978236,7399887.132669001
157.14285714285714,151.42857142857144,3600.0,20.43972244727214,7309651.578943443
157.14285714285714,198.57142857142858,120.0,28.77472233366834,15163782.284173345
157.14285714285714,198.57142857142858,285.7142857142857,27.91454277740607,14830338.335471055
157.14285714285714,198.57142857142858,451.42857142857144,26.952859020534426,13527831.179516323
157.14285714285714,198.57142857142858,617.1428571428571,26.045181554395043,12530060.299187064
157.14285714285714,198.57142857142858,782.8571428571429,25.220531595317418,11781107.697039522
157.14285714285714,198.57142857142858,948.5714285714287,24.488360715143934,11190548.72269421
157.14285714285714,198.57142857142858,1114.2857142857142,23.848109131284094,10705576.918192029
157.14285714285714,198.57142857142858,1280.0,23.293008020911824,10296603.41216392
157.14285714285714,198.57142857142858,1445.7142857142858,22.81343728455274,9945771.995936465
157.14285714285714,198.57142857142858,1611.4285714285716,22.39916803667386,9641261.782290092
157.14285714285714,198.57142857142858,1777.1428571428573,22.04055717100182,9374616.517865423
157.14285714285714,198.57142857142858,1942.857142857143,21.72905272572886,9139447.412391001
157.14285714285714,198.57142857142858,2108.5714285714284,21.45731872974541,8930752.880430711
157.14285714285714,198.57142857142858,2274.285714285714,21.219176334268393,8744526.511192935
157.14285714285714,198.57142857142858,2440.0,21.00947078423177,8577509.350102175
157.14285714285714,198.57142857142858,2605.714285714286,20.82391984530445,8427021.005916582
157.14285714285714,198.57142857142858,2771.4285714285716,20.658969310964995,8290837.912854152
157.14285714285714,198.57142857142858,2937.1428571428573,20.51166563113282,8167102.189892569
157.14285714285714,198.57142857142858,3102.857142857143,20.379548095662106,8054251.662196414
157.14285714285714,198.57142857142858,3268.571428571429,20.26055958942137,7950965.204864967
157.14285714285714,198.57142857142858,3434.2857142857147,20.1529736289358,7856119.533248012
157.14285714285714,198.57142857142858,3600.0,20.055335093169926,7768754.727420212
157.14285714285714,245.71428571428572,120.0,28.667085774068383,18761056.348738056
157.14285714285714,245.71428571428572,285.7142857142857,27.64633599812561,16432760.37691208
157.14285714285714,245.71428571428572,451.42857142857144,26.646738477687187,14396627.229098622
157.14285714285714,245.71428571428572,617.1428571428571,25.747593079737182,13106223.574834468
157.14285714285714,245.71428571428572,782.8571428571429,24.945702610009224,12228140.829683486
157.14285714285714,245.71428571428572,948.5714285714287,24.238371055103737,11578803.196490133
157.14285714285714,245.71428571428572,1114.2857142857142,23.62036247118643,11068360.859437667
157.14285714285714,245.71428571428572,1280.0,23.083432875930303,10650474.288060794
157.14285714285714,245.71428571428572,1445.7142857142858,22.617882995540192,10299079.666316867
157.14285714285714,245.71428571428572,1611.4285714285716,22.213954766059285,9998139.154250665
157.14285714285714,245.71428571428572,1777.1428571428573,21.862632024318497,9736972.796088504
157.14285714285714,245.71428571428572,1942.857142857143,21.55597468086569,9508007.735313311
157.14285714285714,245.71428571428572,2108.5714285714284,21.287179676459534,9305616.141249092
157.14285714285714,245.71428571428572,2274.285714285714,21.050507315900354,9125470.024565864
157.14285714285714,245.71428571428572,2440.0,20.84115397093669,8964156.722439935
157.14285714285714,245.71428571428572,2605.714285714286,20.655113309761514,8818934.560040722
157.14285714285714,245.71428571428572,2771.4285714285716,20.489045700813648,8687568.900687745
157.14285714285714,245.71428571428572,2937.1428571428573,20.340163445023162,8568217.180754447
157.14285714285714,245.71428571428572,3102.857142857143,20.20613353468656,8459345.450801378
157.14285714285714,245.71428571428572,3268.571428571429,20.084996932690494,8359666.132347574
157.14285714285714,245.71428571428572,3434.2857142857147,19.975102328296227,8268090.608231515
157.14285714285714,245.71428571428572,3600.0,19.875052097839443,8183692.502278149
157.14285714285714,292.8571428571429,120.0,28.546799821664194,22092466.945802107
157.14285714285714,292.8571428571429,285.7142857142857,27.414458692987317,17685315.039003417
157.14285714285714,292.8571428571429,451.42857142857144,26.410073898837023,15059788.932736145
157.14285714285714,292.8571428571429,617.1428571428571,25.533322758630383,13561164.17873053
157.14285714285714,292.8571428571429,782.8571428571429,24.759113070099282,12598525.196420928
157.14285714285714,292.8571428571429,948.5714285714287,24.077885138739603,11914150.319071813
157.14285714285714,292.8571428571429,1114.2857142857142,23.482140806987402,11391028.178293044
157.14285714285714,292.8571428571429,1280.0,22.963199788784333,10971121.429525023
157.14285714285714,292.8571428571429,1445.7142857142858,22.5116777183661,10622815.395717993
157.14285714285714,292.8571428571429,1611.4285714285716,22.1183919449156,10327291.240243036
157.14285714285714,292.8571428571429,1777.1428571428573,21.774938553940768,10072439.142179467
157.14285714285714,292.8571428571429,1942.857142857143,21.473933953651166,9849948.91999207
157.14285714285714,292.8571428571429,2108.5714285714284,21.209046095441735,9653821.281789185
157.14285714285714,292.8571428571429,2274.285714285714,20.974919259283553,9479553.219034763
157.14285714285714,292.8571428571429,2440.0,20.767056337247865,9323662.909668397
157.14285714285714,292.8571428571429,2605.714285714286,20.581692787913987,9183395.945104145
157.14285714285714,292.8571428571429,2771.4285714285716,20.415678451393084,9056534.062641928
157.14285714285714,292.8571428571429,2937.1428571428573,20.26637359372638,8941265.013348274
157.14285714285714,292.8571428571429,3102.857142857143,20.131560583242536,8836090.719468283
157.14285714285714,292.8571428571429,3268.571428571429,20.00937031018434,8739760.475548955
157.14285714285714,292.8571428571429,3434.2857142857147,19.898221565677847,8651221.155435015
157.14285714285714,292.8571428571429,3600.0,19.796771390116206,8569579.3404434
157.14285714285714,340.0,120.0,28.419259101587343,25133337.78877816
157.14285714285714,340.0,285.7142857142857,27.215144599638496,18691861.140301857
157.14285714285714,340.0,451.42857142857144,26.223489593834426,15596700.569008969
157.14285714285714,340.0,617.1428571428571,25.373819174819506,13946537.422025826
157.14285714285714,340.0,782.8571428571429,24.62730856327625,12926355.153284753
157.14285714285714,340.0,948.5714285714287,23.970743885305104,12220274.404639624
157.14285714285714,340.0,1114.2857142857142,23.39564362639346,11691095.724286875
157.14285714285714,340.0,1280.0,22.893366648115048,11272353.68432075
157.14285714285714,340.0,1445.7142857142858,22.454971934379866,10928515.055363646
157.14285714285714,340.0,1611.4285714285716,22.071837590736415,10638830.706116328
157.14285714285714,340.0,1777.1428571428573,21.736106926759895,10390217.027954692
157.14285714285714,340.0,1942.857142857143,21.440878083796406,10173875.311541792
157.14285714285714,340.0,2108.5714285714284,21.180221712239796,9983571.585177464
157.14285714285714,340.0,2274.285714285714,20.94910929455099,9814702.805263268
157.14285714285714,340.0,2440.0,20.74330535359594,9663758.387122957
157.14285714285714,340.0,2605.714285714286,20.55925269553534,9527992.061720118
157.14285714285714,340.0,2771.4285714285716,20.393964737579456,9405211.773254044
157.14285714285714,340.0,2937.1428571428573,20.244930546486138,9293639.219169173
157.14285714285714,340.0,3102.857142857143,20.110033882078426,9191812.409043368
157.14285714285714,340.0,3268.571428571429,19.987485507686994,9098515.920091841
157.14285714285714,340.0,3434.2857142857147,19.87576721588681,9012729.65032871
157.14285714285714,340.0,3600.0,19.773585815350472,8933590.327150693
157.14285714285714,387.14285714285717,120.0,28.2888235081498,27879444.71270833
157.14285714285714,387.14285714285717,285.7142857142857,27.043681965424675,19521311.99620656
157.14285714285714,387.14285714285717,451.42857142857144,26.073631570051433,16051258.04111154
157.14285714285714,387.14285714285717,617.1428571428571,25.251777297423658,14288287.63391676
157.14285714285714,387.14285714285717,782.8571428571429,24.531313080112255,13227676.139135068
157.14285714285714,387.14285714285717,948.5714285714287,23.89727398637588,12507823.572402466
157.14285714285714,387.14285714285717,1114.2857142857142,23.340877052841744,11976231.268970136
157.14285714285714,387.14285714285717,1280.0,22.85373494102962,11560175.472367667
157.14285714285714,387.14285714285717,1445.7142857142858,22.427373439851998,11221251.470087511
157.14285714285714,387.14285714285717,1611.4285714285716,22.053681864558868,10937312.204115776
157.14285714285714,387.14285714285717,1777.1428571428573,21.72528045911385,10694579.407342903
157.14285714285714,387.14285714285717,1942.857142857143,21.435680074735014,10483914.390320111
157.14285714285714,387.14285714285717,2108.5714285714284,21.17929432863641,10298927.56688426
157.14285714285714,387.14285714285717,2274.285714285714,20.95137326517803,10134957.184146902
157.14285714285714,387.14285714285717,2440.0,20.747904747689258,9988484.480921932
157.14285714285714,387.14285714285717,2605.714285714286,20.565509401303373,9856780.483856399
157.14285714285714,387.14285714285717,2771.4285714285716,20.40134175451408,9737682.25099113
157.14285714285714,387.14285714285717,2937.1428571428573,20.253002748953065,9629444.997214708
157.14285714285714,387.14285714285717,3102.857142857143,20.118464886363856,9530640.700378956
157.14285714285714,387.14285714285717,3268.571428571429,19.99600942249755,9440086.338561064
157.14285714285714,387.14285714285717,3434.2857142857147,19.88417425460381,9356791.705636568
157.14285714285714,387.14285714285717,3600.0,19.7817109430286,9279920.579900064
157.14285714285714,434.28571428571433,120.0,28.158835098154764,30340193.102850296
157.14285714285714,434.28571428571433,285.7142857142857,26.89562978110071,20220359.40672259
157.14285714285714,434.28571428571433,451.42857142857144,25.951270174984202,16449286.06730716
157.14285714285714,434.28571428571433,617.1428571428571,25.156280284442897,14600607.30682087
157.14285714285714,434.28571428571433,782.8571428571429,24.459740060123362,13510852.07133733
157.14285714285714,434.28571428571433,948.5714285714287,23.846055209476013,12782178.881031213
157.14285714285714,434.28571428571433,1114.2857142857142,23.30650569745895,12250265.305617528
157.14285714285714,434.28571428571433,1280.0,22.833047976913786,11837614.376774805
157.14285714285714,434.28571428571433,1445.7142857142858,22.417656704042265,11503649.71275013
157.14285714285714,434.28571428571433,1611.4285714285716,22.05267651123448,11225175.78597092
157.14285714285714,434.28571428571433,1777.1428571428573,21.731141236594535,10987899.742192745
157.14285714285714,434.28571428571433,1942.857142857143,21.446916078194764,10782436.743628325
157.14285714285714,434.28571428571433,2108.5714285714284,21.19470831880743,10602290.041266367
157.14285714285714,434.28571428571433,2274.285714285714,20.970006748043183,10442763.269985624
157.14285714285714,434.28571428571433,2440.0,20.768991226600427,10300340.407405192
157.14285714285714,434.28571428571433,2605.714285714286,20.58843590506163,10172313.581204223
157.14285714285714,434.28571428571433,2771.4285714285716,20.42561777806482,10056549.007445648
157.14285714285714,434.28571428571433,2937.1428571428573,20.278235447257426,9951333.562779425
157.14285714285714,434.28571428571433,3102.857142857143,20.144339373479653,9855270.472299729
157.14285714285714,434.28571428571433,3268.571428571429,20.022273161716587,9767206.097801337
157.14285714285714,434.28571428571433,3434.2857142857147,19.91062469266308,9686177.121186735
157.14285714285714,434.28571428571433,3600.0,19.808185702566192,9611371.528647978
157.14285714285714,481.42857142857144,120.0,28.031732536474117,32533452.981734022
157.14285714285714,481.42857142857144,285.7142857142857,26.76716081390902,20821379.541226935
157.14285714285714,481.42857142857144,451.42857142857144,25.849920024668222,16806818.32619657
157.14285714285714,481.42857142857144,617.1428571428571,25.080171790828864,14891842.29814563
157.14285714285714,481.42857142857144,782.8571428571429,24.405418952805952,13780642.995182514
157.14285714285714,481.42857142857144,948.5714285714287,23.810094697785207,13046357.470131205
157.14285714285714,481.42857142857144,1114.2857142857142,23.285733477396416,12515357.939710177
157.14285714285714,481.42857142857144,1280.0,22.824664502550792,12106421.217893202
157.14285714285714,481.42857142857144,1445.7142857142858,22.419278289255466,11777284.04920561
157.14285714285714,481.42857142857144,1611.4285714285716,22.062322083194537,11503941.205723913
157.14285714285714,481.42857142857144,1777.1428571428573,21.747189275989765,11271706.534450887
157.14285714285714,481.42857142857144,1942.857142857143,21.46805128128042,11071011.067816306
157.14285714285714,481.42857142857144,2108.5714285714284,21.219868911946257,10895281.98453439
157.14285714285714,481.42857142857144,2274.285714285714,20.998337404404232,10739802.95993376
157.14285714285714,481.42857142857144,2440.0,20.799803153591153,10601066.583626207
157.14285714285714,481.42857142857144,2605.714285714286,20.621174006251753,10476387.316438768
157.14285714285714,481.42857142857144,2771.4285714285716,20.459834096735946,10363659.389838755
157.14285714285714,481.42857142857144,2937.1428571428573,20.31356789656676,10261199.072127735
157.14285714285714,481.42857142857144,3102.857142857143,20.180494784916178,10167638.121160055
157.14285714285714,481.42857142857144,3268.571428571429,20.05901380088478,10081849.49098207
157.14285714285714,481.42857142857144,3434.2857142857147,19.94775753226197,10002894.072817776
157.14285714285714,481.42857142857144,3600.0,19.845553876827797,9929981.584745802
157.14285714285714,528.5714285714286,120.0,27.909201501498035,34481727.37008567
157.14285714285714,528.5714285714286,285.7142857142857,26.65509098493248,21347338.71437085
157.14285714285714,528.5714285714286,451.42857142857144,25.764930857120614,17134284.766535915
157.14285714285714,528.5714285714286,617.1428571428571,25.018596418149595,15167215.51776531
157.14285714285714,528.5714285714286,782.8571428571429,24.36364561630271,14039976.1355204
157.14285714285714,528.5714285714286,948.5714285714287,23.784917321405686,13302218.747566242
157.14285714285714,528.5714285714286,1114.2857142857142,23.274295956439573,12772870.879061863
157.14285714285714,528.5714285714286,1280.0,22.824482401259157,12367740.896226725
157.14285714285714,528.5714285714286,1445.7142857142858,22.42824612992591,12043224.906067293
157.14285714285714,528.5714285714286,1611.4285714285716,22.07869023389035,11774676.64458116
157.14285714285714,528.5714285714286,1777.1428571428573,21.769522345900754,11547101.289362406
157.14285714285714,528.5714285714286,1942.857142857143,21.495180564912754,11350788.26055256
157.14285714285714,528.5714285714286,2108.5714285714284,21.250846519531365,11179109.351035938
157.14285714285714,528.5714285714286,2274.285714285714,21.032395602550753,11027337.454977926
157.14285714285714,528.5714285714286,2440.0,20.836319972962475,10891976.87952222
157.14285714285714,528.5714285714286,2605.714285714286,20.659644928966486,10770364.37577783
157.14285714285714,528.5714285714286,2771.4285714285716,20.49984911408623,10660420.591501614
157.14285714285714,528.5714285714286,2937.1428571428573,20.354793082677944,10560488.899875095
157.14285714285714,528.5714285714286,3102.857142857143,20.222657563529747,10469227.086355904
157.14285714285714,528.5714285714286,3268.571428571429,20.101891184021152,10385532.220457464
157.14285714285714,528.5714285714286,3434.2857142857147,19.99116672863252,10308487.076701216
157.14285714285714,528.5714285714286,3600.0,19.889344780954296,10237320.9830036
157.14285714285714,575.7142857142858,120.0,27.792328075815302,36209431.317349695
157.14285714285714,575.7142857142858,285.7142857142857,26.55680713538123,21814879.6381045
157.14285714285714,575.7142857142858,451.42857142857144,25.692899343438878,17438750.50012267
157.14285714285714,575.7142857142858,617.1428571428571,24.968158763416145,15430177.56893464
157.14285714285714,575.7142857142858,782.8571428571429,24.33122479786943,14290779.913113395
157.14285714285714,575.7142857142858,948.5714285714287,23.76755154159074,13551010.093078079
157.14285714285714,575.7142857142858,1114.2857142857142,23.269414679273545,13023750.554680672
157.14285714285714,575.7142857142858,1280.0,22.82987119994117,12622402.278508702
157.14285714285714,575.7142857142858,1445.7142857142858,22.442033453825466,12302274.449600859
157.14285714285714,575.7142857142858,1611.4285714285716,22.0993198460222,12038202.249551333
157.14285714285714,575.7142857142858,1777.1428571428573,21.795714375983998,11814942.970213944
157.14285714285714,575.7142857142858,1942.857142857143,21.525889233774038,11622674.440634718
157.14285714285714,575.7142857142858,2108.5714285714284,21.2852200139936,11454727.225883774
157.14285714285714,575.7142857142858,2274.285714285714,21.069740692715623,11306369.294968348
157.14285714285714,575.7142857142858,2440.0,20.876072109967264,11174118.196868867
157.14285714285714,575.7142857142858,2605.714285714286,20.701343601606606,11055332.294616157
157.14285714285714,575.7142857142858,2771.4285714285716,20.54311783724104,10947956.924524736
157.14285714285714,575.7142857142858,2937.1428571428573,20.39932328138895,10850360.411723347
157.14285714285714,575.7142857142858,3102.857142857143,20.268195648010682,10761224.323963469
157.14285714285714,575.7142857142858,3268.571428571429,20.148228198346075,10679467.679610783
157.14285714285714,575.7142857142858,3434.2857142857147,20.038130057159012,10604193.129757466
157.14285714285714,575.7142857142858,3600.0,19.936791492558747,10534647.7969923
157.14285714285714,622.8571428571429,120.0,27.681738340973258,37741061.73782014
157.14285714285714,622.8571428571429,285.7142857142857,26.47017237880446,22236300.719485458
157.14285714285714,622.8571428571429,451.42857142857144,25.631285963089834,17725173.226634067
157.14285714285714,622.8571428571429,617.1428571428571,24.92642068665769,15683118.817721251
157.14285714285714,622.8571428571429,782.8571428571429,24.305920586882525,14534404.090576578
157.14285714285714,622.8571428571429,948.5714285714287,23.755961671695573,13793631.829099854
157.14285714285714,622.8571428571429,1114.2857142857142,23.26922145700383,13268709.20817041
157.14285714285714,622.8571428571429,1280.0,22.83909104257612,12871053.414777601
157.14285714285714,622.8571428571429,1445.7142857142858,22.458992255469166,12555076.692568608
157.14285714285714,622.8571428571429,1611.4285714285716,22.122623982438043,12295186.679697104
157.14285714285714,622.8571428571429,1777.1428571428573,21.824214840893386,12075937.488481099
157.14285714285714,622.8571428571429,1942.857142857143,21.558644044833304,11887417.064207029
157.14285714285714,622.8571428571429,2108.5714285714284,21.321458921379485,11722924.64407776
157.14285714285714,622.8571428571429,2274.285714285714,21.108834157441006,11577727.033015432
157.14285714285714,622.8571428571429,2440.0,20.917505087724713,11448355.614843229
157.14285714285714,622.8571428571429,2605.714285714286,20.74469390602963,11332189.378157051
157.14285714285714,622.8571428571429,2771.4285714285716,20.588038531358833,11227196.638855705
157.14285714285714,622.8571428571429,2937.1428571428573,20.445528460064104,11131768.702620277
157.14285714285714,622.8571428571429,3102.857142857143,20.315449003113617,11044608.927911516
157.14285714285714,622.8571428571429,3268.571428571429,20.196333833637297,10964656.39177823
157.14285714285714,622.8571428571429,3434.2857142857147,20.08692510654524,10891031.88807047
157.14285714285714,622.8571428571429,3600.0,19.986140177613738,10822998.77513396
157.14285714285714,670.0,120.0,27.577717068612177,39100046.7679258
157.14285714285714,670.0,285.7142857142857,26.393436875020114,22620852.322494037
157.14285714285714,670.0,451.42857142857144,25.57816154893328,17997140.674384598
157.14285714285714,670.0,617.1428571428571,24.891590283563353,15927765.0610856
157.14285714285714,670.0,782.8571428571429,24.28612766423301,14771843.982756296
157.14285714285714,670.0,948.5714285714287,23.748715423070923,14030773.939364864
157.14285714285714,670.0,1114.2857142857142,23.272426213761342,13508316.114096615
157.14285714285714,670.0,1280.0,22.850960997635696,13114229.061737426
157.14285714285714,670.0,1445.7142857142858,22.478020946042808,12802172.950013554
157.14285714285714,670.0,1611.4285714285716,22.147555538785443,12546196.804507362
157.14285714285714,670.0,1777.1428571428573,21.854011250920276,12330685.086490082
157.14285714285714,670.0,1942.857142857143,21.59245165728285,12145651.85403521
157.14285714285714,670.0,2108.5714285714284,21.358577233077074,11984372.046644567
157.14285714285714,670.0,2274.285714285714,21.148688423867803,11842113.702456398
157.14285714285714,670.0,2440.0,20.959623162550137,11715422.072694022
157.14285714285714,670.0,2605.714285714286,20.788687094371024,11601695.64947336
157.14285714285714,670.0,2771.4285714285716,20.63358597324526,11498924.101522824
157.14285714285714,670.0,2937.1428571428573,20.492364489797083,11405519.930140276
157.14285714285714,670.0,3102.857142857143,20.36335295572709,11320206.521401701
157.14285714285714,670.0,3268.571428571429,20.245121834372977,11241941.3579246
157.14285714285714,670.0,3434.2857142857147,20.136443453892436,11169861.870801313
157.14285714285714,670.0,3600.0,20.036260001428584,11103246.306497574
157.14285714285714,717.1428571428572,120.0,27.48030402634288,40308088.702968456
157.14285714285714,717.1428571428572,285.7142857142857,26.32516208919473,22975603.73112881
157.14285714285714,717.1428571428572,451.42857142857144,25.53203650039877,18257319.97341166
157.14285714285714,717.1428571428572,617.1428571428571,24.86232338790312,16165407.703476194
157.14285714285714,717.1428571428572,782.8571428571429,24.270667402399397,15003866.314128248
157.14285714285714,717.1428571428572,948.5714285714287,23.744781567705594,14262990.546934765
157.14285714285714,717.1428571428572,1114.2857142857142,23.278117570157065,13743046.301915338
157.14285714285714,717.1428571428572,1280.0,22.864661906662512,13352386.655882206
157.14285714285714,717.1428571428572,1445.7142857142858,22.498368243854465,13044031.86581244
157.14285714285714,717.1428571428572,1611.4285714285716,22.17341095915345,12791725.38871691
157.14285714285714,717.1428571428572,1777.1428571428573,21.884431681905436,12579707.584490074
157.14285714285714,717.1428571428572,1942.857142857143,21.6266592120479,12397930.58915707
157.14285714285714,717.1428571428572,2108.5714285714284,21.39593149519301,12239650.085910957
157.14285714285714,717.1428571428572,2274.285714285714,21.18866210786015,12100136.831749383
157.14285714285714,717.1428571428572,2440.0,21.00178151080033,11975949.636381986
157.14285714285714,717.1428571428572,2605.714285714286,20.832670813507917,11864505.32975944
157.14285714285714,717.1428571428572,2771.4285714285716,20.679097286039557,11763813.412604703
157.14285714285714,717.1428571428572,2937.1428571428573,20.53915581798586,11672305.97134881
157.14285714285714,717.1428571428572,3102.857142857143,20.411217770955652,11588724.855608374
157.14285714285714,717.1428571428572,3268.571428571429,20.293887270188595,11512044.500722459
157.14285714285714,717.1428571428572,3434.2857142857147,20.185964336339104,11441417.659255365
157.14285714285714,717.1428571428572,3600.0,20.08641401747916,11376136.292048506
157.14285714285714,764.2857142857143,120.0,27.38936941724556,41384848.925372556
157.14285714285714,764.2857142857143,285.7142857142857,26.264159262595363,23306034.88432577
157.14285714285714,764.2857142857143,451.42857142857144,25.49174350390094,18507741.005509034
157.14285714285714,764.2857142857143,617.1428571428571,24.837593303198073,16397043.225535294
157.14285714285714,764.2857142857143,782.8571428571429,24.258657338107245,15231083.162199346
157.14285714285714,764.2857142857143,948.5714285714287,23.743402608101892,14490742.584357517
157.14285714285714,764.2857142857143,1114.2857142857142,23.285638948167215,13973308.093331072
157.14285714285714,764.2857142857143,1280.0,22.87961508390032,13585926.758869538
157.14285714285714,764.2857142857143,1445.7142857142858,22.519513389895895,13281066.89609884
157.14285714285714,764.2857142857143,1611.4285714285716,22.199710971805494,13032207.754459875
157.14285714285714,764.2857142857143,1777.1428571428573,21.91502522030688,12823465.315839602
157.14285714285714,764.2857142857143,1942.857142857143,21.66083387085276,12644738.846071115
157.14285714285714,764.2857142857143,2108.5714285714284,21.433098998287754,12489268.402152117
157.14285714285714,764.2857142857143,2274.285714285714,21.228336550531658,12352328.32274438
157.14285714285714,764.2857142857143,2440.0,21.04356091635011,12230490.458761083
157.14285714285714,764.2857142857143,2605.714285714286,20.87622182893578,12121188.817918349
157.14285714285714,764.2857142857143,2771.4285714285716,20.724142644795467,12022451.322898721
157.14285714285714,764.2857142857143,2937.1428571428573,20.585464144170412,11932728.191602118
157.14285714285714,764.2857142857143,3102.857142857143,20.45859531741647,11850778.344103687
157.14285714285714,764.2857142857143,3268.571428571429,20.342171231058447,11775591.88412064
157.14285714285714,764.2857142857143,3434.2857142857147,20.235017430796695,11706335.727734402
157.14285714285714,764.2857142857143,3600.0,20.136120095484173,11642314.520037465
157.14285714285714,811.4285714285714,120.0,27.304671317167806,42347858.4998669
157.14285714285714,811.4285714285714,285.7142857142857,26.209440389531817,23616448.10576377
157.14285714285714,811.4285714285714,451.42857142857144,25.456355500144543,18749980.6417034
157.14285714285714,811.4285714285714,617.1428571428571,24.816603140529153,16623460.85248134
157.14285714285714,811.4285714285714,782.8571428571429,24.24942525356648,15453997.268304717
157.14285714285714,811.4285714285714,948.5714285714287,23.744012275398777,14714423.454589313
157.14285714285714,811.4285714285714,1114.2857142857142,23.29450927212231,14199459.577421438
157.14285714285714,811.4285714285714,1280.0,22.89540542133468,13815205.475878187
157.14285714285714,811.4285714285714,1445.7142857142858,22.54109077327522,13513647.262769708
157.14285714285714,811.4285714285714,1611.4285714285716,22.226125951322,13268032.585125776
157.14285714285714,811.4285714285714,1777.1428571428573,21.945487430715726,13062368.431379847
157.14285714285714,811.4285714285714,1942.857142857143,21.694687908378757,12886508.100939546
157.14285714285714,811.4285714285714,2108.5714285714284,21.469802143004898,12733678.63292819
157.14285714285714,811.4285714285714,2274.285714285714,21.267439210474965,12599158.377499126
157.14285714285714,811.4285714285714,2440.0,21.08469002340527,12479531.584029846
157.14285714285714,811.4285714285714,2605.714285714286,20.919067033324254,12372248.30946017
157.14285714285714,811.4285714285714,2771.4285714285716,20.76844498141779,12275353.595436828
157.14285714285714,811.4285714285714,2937.1428571428573,20.63100679529976,12187314.4761111
157.14285714285714,811.4285714285714,3102.857142857143,20.505196110835257,12106905.695228407
157.14285714285714,811.4285714285714,3268.571428571429,20.38967655429484,12033131.882517818
157.14285714285714,811.4285714285714,3434.2857142857147,20.28329729129732,11965173.091451688
157.14285714285714,811.4285714285714,3600.0,20.185064104056256,11902345.7405884
157.14285714285714,858.5714285714287,120.0,27.225898341864287,43212569.434720516
157.14285714285714,858.5714285714287,285.7142857142857,26.160179455390693,23910259.800504643
157.14285714285714,858.5714285714287,451.42857142857144,25.42512729300839,18985285.913735382
157.14285714285714,858.5714285714287,617.1428571428571,24.7987254808744,16845299.542744093
157.14285714285714,858.5714285714287,782.8571428571429,24.242451204900483,15673030.925423173
157.14285714285714,858.5714285714287,948.5714285714287,23.746180680016963,14934375.216593148
157.14285714285714,858.5714285714287,1114.2857142857142,23.304370871229633,14421819.0566764
157.14285714285714,858.5714285714287,1280.0,22.911731354478317,14040542.52673519
157.14285714285714,858.5714285714287,1445.7142857142858,22.562841257807953,13742105.32489268
157.14285714285714,858.5714285714287,1611.4285714285716,22.252427998141936,13499549.429858541
157.14285714285714,858.5714285714287,1777.1428571428573,21.975612701686067,13296784.934765505
157.14285714285714,858.5714285714287,1942.857142857143,21.728030952592817,13123624.464942051
157.14285714285714,858.5714285714287,2108.5714285714284,21.505860300478798,12973283.897553273
157.14285714285714,858.5714285714287,2274.285714285714,21.305794947877253,12841045.71909861
157.14285714285714,858.5714285714287,2440.0,21.124995908527318,12723505.861944767
157.14285714285714,858.5714285714287,2605.714285714286,20.96103321669874,12618129.348214446
157.14285714285714,858.5714285714287,2771.4285714285716,20.811828897738813,12522977.135172347
157.14285714285714,858.5714285714287,2937.1428571428573,20.675604751967633,12436531.879330214
157.14285714285714,858.5714285714287,3102.857142857143,20.550836442384345,12357583.026569666
157.14285714285714,858.5714285714287,3268.571428571429,20.436214057431414,12285148.710404111
157.14285714285714,858.5714285714287,3434.2857142857147,20.330608698472886,12218421.206373915
157.14285714285714,858.5714285714287,3600.0,20.233044395525646,12156727.895611953
157.14285714285714,905.7142857142858,120.0,27.152700620289423,43992487.04952554
157.14285714285714,905.7142857142858,285.7142857142857,26.115681831219852,24190210.61078991
157.14285714285714,905.7142857142858,451.42857142857144,25.397453298842194,19214658.471913844
157.14285714285714,905.7142857142858,617.1428571428571,24.783459989233094,17063086.199234817
157.14285714285714,905.7142857142858,782.8571428571429,24.23732753310326,15888545.104062645
157.14285714285714,905.7142857142858,948.5714285714287,23.749577002791163,15150899.287758164
157.14285714285714,905.7142857142858,1114.2857142857142,23.314954452884766,14640672.06897704
157.14285714285714,905.7142857142858,1280.0,22.928371548404723,14262226.850896852
157.14285714285714,905.7142857142858,1445.7142857142858,22.584580028786768,13966741.878301004
157.14285714285714,905.7142857142858,1611.4285714285716,22.278459476208152,13727074.239579631
157.14285714285714,905.7142857142858,1777.1428571428573,22.005263099475123,13527046.704642108
157.14285714285714,905.7142857142858,1942.857142857143,21.760738867362626,13356435.290284418
157.14285714285714,905.7142857142858,2108.5714285714284,21.541158510062136,13208446.005754184
157.14285714285714,905.7142857142858,2274.285714285714,21.343294382319186,13078365.382030405
157.14285714285714,905.7142857142858,2440.0,21.164371989099106,12962800.280346997
157.14285714285714,905.7142857142858,2605.714285714286,21.002014451001543,12859229.654212495
157.14285714285714,905.7142857142858,2771.4285714285716,20.85418747785842,12765729.264253588
157.14285714285714,905.7142857142858,2937.1428571428573,20.71914885980739,12680796.30159177
157.14285714285714,905.7142857142858,3102.857142857143,20.59540397489702,12603233.90031857
157.14285714285714,905.7142857142858,3268.571428571429,20.481667515632964,12532072.777752021
157.14285714285714,905.7142857142858,3434.2857142857147,20.376831022219488,12466516.609969316
157.14285714285714,905.7142857142858,3600.0,20.279935563397,12405903.014062978
157.14285714285714,952.8571428571429,120.0,27.084711756108867,44699343.317657754
157.14285714285714,952.8571428571429,285.7142857142857,26.075360059360495,24458519.19782105
157.14285714285714,952.8571428571429,451.42857142857144,25.372836503132234,19438913.85369124
157.14285714285714,952.8571428571429,617.1428571428571,24.770403083569846,17277262.038216338
157.14285714285714,952.8571428571429,782.8571428571429,24.233730725520658,16100852.579937963
157.14285714285714,952.8571428571429,948.5714285714287,23.753943592072417,15364263.855095329
157.14285714285714,952.8571428571429,1114.2857142857142,23.326055062681643,14856276.38282199
157.14285714285714,952.8571428571429,1280.0,22.94516225846492,14480520.744288424
157.14285714285714,952.8571428571429,1445.7142857142858,22.60617492184284,14187830.189403595
157.14285714285714,952.8571428571429,1611.4285714285716,22.30411194602348,13950893.658976244
157.14285714285714,952.8571428571429,1777.1428571428573,22.034347615645835,13753454.205309821
157.14285714285714,952.8571428571429,1942.857142857143,21.792733091965513,13585254.356418084
157.14285714285714,952.8571428571429,2108.5714285714284,21.575626743893856,13439491.123248443
157.14285714285714,952.8571428571429,2274.285714285714,21.379872960079265,13311454.834728519
157.14285714285714,952.8571428571429,2440.0,21.2027568056974,13197762.510517918
157.14285714285714,952.8571428571429,2605.714285714286,21.04195052641156,13095906.05366211
157.14285714285714,952.8571428571429,2771.4285714285716,20.895460337404675,13003974.998436026
157.14285714285714,952.8571428571429,2937.1428571428573,20.761577465801377,12920480.07580716
157.14285714285714,952.8571428571429,3102.857142857143,20.63883495160609,12844237.187049381
157.14285714285714,952.8571428571429,3268.571428571429,20.525970436587635,12774288.80089402
157.14285714285714,952.8571428571429,3434.2857142857147,20.421894562588736,12709849.252406089
157.14285714285714,952.8571428571429,3600.0,20.325664353525234,12650265.739693088
157.14285714285714,1000.0,120.0,27.02156399275584,45343285.218821615
157.14285714285714,1000.0,285.7142857142857,26.038714619380332,24716996.39920282
157.14285714285714,1000.0,451.42857142857144,25.35086532478709,19658723.967444617
157.14285714285714,1000.0,617.1428571428571,24.759225861406254,17488201.279667813
157.14285714285714,1000.0,782.8571428571429,24.23140125665218,16310227.258427419
157.14285714285714,1000.0,948.5714285714287,23.759077644580817,15574709.23815694
157.14285714285714,1000.0,1114.2857142857142,23.33751527644187,15068865.7402286
157.14285714285714,1000.0,1280.0,22.961981661214963,14695663.07625703
157.14285714285714,1000.0,1445.7142857142858,22.627531553169707,14405619.210611366
157.14285714285714,1000.0,1611.4285714285716,22.32931181086902,14171268.486598352
157.14285714285714,1000.0,1777.1428571428573,22.062808104113337,13976280.296841975
157.14285714285714,1000.0,1942.857142857143,21.823966695399697,13810366.063368632
157.14285714285714,1000.0,2108.5714285714284,21.60922594763493,13666714.344936186
157.14285714285714,1000.0,2274.285714285714,21.415496884512393,13540618.911623627
157.14285714285714,1000.0,2440.0,21.240119771881318,13428706.169504639
157.14285714285714,1000.0,2605.714285714286,21.080812470713145,13328480.040738113
157.14285714285714,1000.0,2771.4285714285716,20.9356188781848,13238042.878068943
157.14285714285714,1000.0,2937.1428571428573,20.802861385653742,13155918.039270898
157.14285714285714,1000.0,3102.857142857143,20.6810988624957,13080933.352423174
157.14285714285714,1000.0,3268.571428571429,20.569090418678243,13012142.280819153
157.14285714285714,1000.0,3434.2857142857147,20.465764597500165,12948769.14567703
157.14285714285714,1000.0,3600.0,20.37019340267762,12890170.132603575
192.85714285714286,10.0,120.0,28.968510900670616,927637.7360556296
192.85714285714286,10.0,285.7142857142857,28.96224146407931,1524066.056778339
192.85714285714286,10.0,451.42857142857144,28.941448266621105,2002701.788437448
192.85714285714286,10.0,617.1428571428571,28.902693480064617,2370334.363108911
192.85714285714286,10.0,782.8571428571429,28.84908411362706,2627794.9074965157
192.85714285714286,10.0,948.5714285714287,28.787047936079688,2790931.631984043
192.85714285714286,10.0,1114.2857142857142,28.72261268271125,2883280.9437013497
192.85714285714286,10.0,1280.0,28.659914501617337,2926651.0142797013
192.85714285714286,10.0,1445.7142857142858,28.601248974800658,2937849.2254266934
192.85714285714286,10.0,1611.4285714285716,28.547608272287594,2928733.945657035
192.85714285714286,10.0,1777.1428571428573,28.49919835313774,2907291.0053198854
192.85714285714286,10.0,1942.857142857143,28.455804664491495,2878758.1730217314
192.85714285714286,10.0,2108.5714285714284,28.41701759231022,2846513.1962789586
192.85714285714286,10.0,2274.285714285714,28.38236014173618,2812704.5138555537
192.85714285714286,10.0,2440.0,28.351355147203638,2778677.7520536487
192.85714285714286,10.0,2605.714285714286,28.323557515765394,2745257.407896148
192.85714285714286,10.0,2771.4285714285716,28.298567211366294,2712930.9253416304
192.85714285714286,10.0,2937.1428571428573,28.2760321295434,2681968.5387910013
192.85714285714286,10.0,3102.857142857143,28.25564600262042,2652501.2832526127
192.85714285714286,10.0,3268.571428571429,28.23714413727795,2624571.842057589
192.85714285714286,10.0,3434.2857142857147,28.22029846101397,2598167.74041853
192.85714285714286,10.0,3600.0,28.20491261820354,2573243.02906698
192.85714285714286,57.142857142857146,120.0,28.94721853875269,5287993.540440265
192.85714285714286,57.142857142857146,285.7142857142857,28.731027571532685,7334912.924248359
192.85714285714286,57.142857142857146,451.42857142857144,28.29476501044519,8232451.292732714
192.85714285714286,57.142857142857146,617.1428571428571,27.72083002876483,8637442.635635655
192.85714285714286,57.142857142857146,782.8571428571429,27.09466493580242,8753019.071407735
192.85714285714286,57.142857142857146,948.5714285714287,26.480017236625446,8694048.552617865
192.85714285714286,57.142857142857146,1114.2857142857142,25.913125217574358,8537387.575474473
192.85714285714286,57.142857142857146,1280.0,25.408850798868553,8332729.1586954435
192.85714285714286,57.142857142857146,1445.7142857142858,24.96916559525765,8110233.334880373
192.85714285714286,57.142857142857146,1611.4285714285716,24.58961016446351,7887117.767076126
192.85714285714286,57.142857142857146,1777.1428571428573,24.263203617225038,7672564.442399558
192.85714285714286,57.142857142857146,1942.857142857143,23.98250061439673,7470989.205687667
192.85714285714286,57.142857142857146,2108.5714285714284,23.740541759779084,7284081.868948922
192.85714285714286,57.142857142857146,2274.285714285714,23.531211664878054,7112030.565900757
192.85714285714286,57.142857142857146,2440.0,23.34930627890529,6954238.355551869
192.85714285714286,57.142857142857146,2605.714285714286,23.19047157294144,6809734.483616736
192.85714285714286,57.142857142857146,2771.4285714285716,23.051095389136982,6677405.533811579
192.85714285714286,57.142857142857146,2937.1428571428573,22.92819118128019,6556121.608500453
192.85714285714286,57.142857142857146,3102.857142857143,22.819290317902148,6444801.922118785
192.85714285714286,57.142857142857146,3268.571428571429,22.72234880874042,6342445.81641552
192.85714285714286,57.142857142857146,3434.2857142857147,22.635669303659956,6248144.371028949
192.85714285714286,57.142857142857146,3600.0,22.557837101004434,6161081.427597711
192.85714285714286,104.28571428571429,120.0,28.878707535339267,10328661.801729174
192.85714285714286,104.28571428571429,285.7142857142857,28.337741667075832,11560894.49032422
192.85714285714286,104.28571428571429,451.42857142857144,27.559665801057953,11451917.946067305
192.85714285714286,104.28571428571429,617.1428571428571,26.720745088080566,11101637.40389497
192.85714285714286,104.28571428571429,782.8571428571429,25.90578938370381,10699245.16395282
192.85714285714286,104.28571428571429,948.5714285714287,25.158536322005254,10293820.04252239
192.85714285714286,104.28571428571429,1114.2857142857142,24.496426539272843,9905812.895302271
192.85714285714286,104.28571428571429,1280.0,23.92100778229705,9545033.434259843
192.85714285714286,104.28571428571429,1445.7142857142858,23.425792206244644,9215301.953657249
192.85714285714286,104.28571428571429,1611.4285714285716,23.001167008175194,8916911.68688642
192.85714285714286,104.28571428571429,1777.1428571428573,22.637026456461605,8648249.831935495
192.85714285714286,104.28571428571429,1942.857142857143,22.323992021090696,8406819.835834807
192.85714285714286,104.28571428571429,2108.5714285714284,22.053863622236964,8189838.41893235
192.85714285714286,104.28571428571429,2274.285714285714,21.819691812079743,7994557.638499863
192.85714285714286,104.28571428571429,2440.0,21.615683446813488,7818421.86093279
192.85714285714286,104.28571428571429,2605.714285714286,21.437048537871373,7659131.111199891
192.85714285714286,104.28571428571429,2771.4285714285716,21.279839031688475,7514654.133722797
192.85714285714286,104.28571428571429,2937.1428571428573,21.14080103810591,7383216.255181739
192.85714285714286,104.28571428571429,3102.857142857143,21.01724775092128,7263276.058166194
192.85714285714286,104.28571428571429,3268.571428571429,20.90695375234632,7153498.401560786
192.85714285714286,104.28571428571429,3434.2857142857147,20.808068691986485,7052727.643668383
192.85714285714286,104.28571428571429,3600.0,20.719047473153488,6959962.880658135
192.85714285714286,151.42857142857144,120.0,28.769065832234286,15193783.760714581
192.85714285714286,151.42857142857144,285.7142857142857,27.95214341781557,14430904.985932592
192.85714285714286,151.42857142857144,451.42857142857144,27.012844522221545,13218097.112026934
192.85714285714286,151.42857142857144,617.1428571428571,26.102229423647792,12295832.82558609
192.85714285714286,151.42857142857144,782.8571428571429,25.262055419119324,11587635.979587821
192.85714285714286,151.42857142857144,948.5714285714287,24.51051576351799,11014753.278100947
192.85714285714286,151.42857142857144,1114.2857142857142,23.85166466616425,10534120.782084767
192.85714285714286,151.42857142857144,1280.0,23.280707713691022,10122277.594119832
192.85714285714286,151.42857142857144,1445.7142857142858,22.7885617483547,9764965.458236525
192.85714285714286,151.42857142857144,1611.4285714285716,22.36485055850016,9452405.457600588
192.85714285714286,151.42857142857144,1777.1428571428573,21.99951388389748,9177267.16667152
192.85714285714286,151.42857142857144,1942.857142857143,21.683519181557774,8933759.54459224
192.85714285714286,151.42857142857144,2108.5714285714284,21.409078477122808,8717178.658292534
192.85714285714286,151.42857142857144,2274.285714285714,21.169623309169204,8523647.621743672
192.85714285714286,151.42857142857144,2440.0,20.95967804705079,8349944.693461717
192.85714285714286,151.42857142857144,2605.714285714286,20.774702987502604,8193377.712038051
192.85714285714286,151.42857142857144,2771.4285714285716,20.61094054108718,8051686.964383473
192.85714285714286,151.42857142857144,2937.1428571428573,20.46527805394905,7922967.870684087
192.85714285714286,151.42857142857144,3102.857142857143,20.335131128549705,7805608.625706429
192.85714285714286,151.42857142857144,3268.571428571429,20.21834690732793,7698239.596086951
192.85714285714286,151.42857142857144,3434.2857142857147,20.113125040045666,7599692.125049285
192.85714285714286,151.42857142857144,3600.0,20.017953587314004,7508964.918065839
192.85714285714286,198.57142857142858,120.0,28.631759161235372,19653249.234511826
192.85714285714286,198.57142857142858,285.7142857142857,27.619128106439565,16438880.036134245
192.85714285714286,198.57142857142858,451.42857142857144,26.6210511997992,14323764.452489529
192.85714285714286,198.57142857142858,617.1428571428571,25.709067389807366,13025301.910218524
192.85714285714286,198.57142857142858,782.8571428571429,24.887798025050976,12143472.460642258
192.85714285714286,198.57142857142858,948.5714285714287,24.1599699012637,11487344.207530504
192.85714285714286,198.57142857142858,1114.2857142857142,23.523139999021378,10967594.41736667
192.85714285714286,198.57142857142858,1280.0,22.970180233772926,10539198.729144694
192.85714285714286,198.57142857142858,1445.7142857142858,22.491599978490207,10177074.732456561
192.85714285714286,198.57142857142858,1611.4285714285716,22.07742385167287,9865769.366882991
192.85714285714286,198.57142857142858,1777.1428571428573,21.71825759240357,9594903.130734598
192.85714285714286,198.57142857142858,1942.857142857143,21.405754623497664,9357027.207266573
192.85714285714286,198.57142857142858,2108.5714285714284,21.132735921597764,9146536.711716084
192.85714285714286,198.57142857142858,2274.285714285714,20.893137533667854,8959072.711164078
192.85714285714286,198.57142857142858,2440.0,20.681886463755966,8791165.70039888
192.85714285714286,198.57142857142858,2605.714285714286,20.494757360823474,8640007.209834794
192.85714285714286,198.57142857142858,2771.4285714285716,20.328234734622853,8503294.569372986
192.85714285714286,198.57142857142858,2937.1428571428573,20.179390710748375,8379120.429247883
192.85714285714286,198.57142857142858,3102.857142857143,20.04578100642015,8265891.371103338
192.85714285714286,198.57142857142858,3268.571428571429,19.925358439380382,8162266.389329756
192.85714285714286,198.57142857142858,3434.2857142857147,19.816401942154627,8067109.48441112
192.85714285714286,198.57142857142858,3600.0,19.71745870311873,7979452.582647645
192.85714285714286,245.71428571428572,120.0,28.479148472337503,23626332.483387593
192.85714285714286,245.71428571428572,285.7142857142857,27.34156782304077,17903173.312146254
192.85714285714286,245.71428571428572,451.42857142857144,26.334949330041752,15098228.402025774
192.85714285714286,245.71428571428572,617.1428571428571,25.445633492188357,13551121.574591052
192.85714285714286,245.71428571428572,782.8571428571429,24.654043324062208,12565771.412340082
192.85714285714286,245.71428571428572,948.5714285714287,23.954691965119288,11865375.13129758
192.85714285714286,245.71428571428572,1114.2857142857142,23.342201667209086,11328578.119575419
192.85714285714286,245.71428571428572,1280.0,22.808755978357375,10896316.711563695
192.85714285714286,245.71428571428572,1445.7142857142858,22.345148917652814,10536750.94259629
192.85714285714286,245.71428571428572,1611.4285714285716,21.94204790004095,10231004.045171263
192.85714285714286,245.71428571428572,1777.1428571428573,21.590769205614233,9966919.430959076
192.85714285714286,245.71428571428572,1942.857142857143,21.283620532353073,9736123.066381805
192.85714285714286,245.71428571428572,2108.5714285714284,21.013978727425584,9532538.058734903
192.85714285714286,245.71428571428572,2274.285714285714,20.776232604515222,9351578.224432157
192.85714285714286,245.71428571428572,2440.0,20.565669275952224,9189679.458885623
192.85714285714286,245.71428571428572,2605.714285714286,20.378345855319953,9044009.896957587
192.85714285714286,245.71428571428572,2771.4285714285716,20.210966617173888,8912280.600576643
192.85714285714286,245.71428571428572,2937.1428571428573,20.060773860045042,8792616.09572927
192.85714285714286,245.71428571428572,3102.857142857143,19.92545470964061,8683462.447347514
192.85714285714286,245.71428571428572,3268.571428571429,19.80306328698405,8583519.981697338
192.85714285714286,245.71428571428572,3434.2857142857147,19.69195652269981,8491692.836998632
192.85714285714286,245.71428571428572,3600.0,19.590741583391083,8407050.384328678
192.85714285714286,292.8571428571429,120.0,28.320778820531196,27104084.335961655
192.85714285714286,292.8571428571429,285.7142857142857,27.11182529394105,19015552.277201675
192.85714285714286,292.8571428571429,451.42857142857144,26.120236814621745,15689838.371006537
192.85714285714286,292.8571428571429,617.1428571428571,25.260809957565378,13973596.38629358
192.85714285714286,292.8571428571429,782.8571428571429,24.499890067436976,12923359.969691757
192.85714285714286,292.8571428571429,948.5714285714287,23.827905823333722,12198287.120153487
192.85714285714286,292.8571428571429,1114.2857142857142,23.238264074500126,11654549.602782104
192.85714285714286,292.8571428571429,1280.0,22.72312877592339,11223584.74817539
192.85714285714286,292.8571428571429,1445.7142857142858,22.273776178932067,10869092.400885604
192.85714285714286,292.8571428571429,1611.4285714285716,21.881513739205875,10569984.644558972
192.85714285714286,292.8571428571429,1777.1428571428573,21.53829229302057,10312986.080892608
192.85714285714286,292.8571428571429,1942.857142857143,21.236981545766362,10089161.55683789
192.85714285714286,292.8571428571429,2108.5714285714284,20.97142883481188,9892165.781905238
192.85714285714286,292.8571428571429,2274.285714285714,20.736404804280784,9717299.55303519
192.85714285714286,292.8571428571429,2440.0,20.527500986783103,9560967.84492004
192.85714285714286,292.8571428571429,2605.714285714286,20.341014749635736,9420350.173565965
192.85714285714286,292.8571428571429,2771.4285714285716,20.173838927776604,9293189.489701461
192.85714285714286,292.8571428571429,2937.1428571428573,20.023363402174585,9177650.796599654
192.85714285714286,292.8571428571429,3102.857142857143,19.887390687898517,9072222.795876846
192.85714285714286,292.8571428571429,3268.571428571429,19.764065120398048,8975647.255762935
192.85714285714286,292.8571428571429,3434.2857142857147,19.651814194750475,8886866.931417892
192.85714285714286,292.8571428571429,3600.0,19.549300306274986,8804986.3148121
192.85714285714286,340.0,120.0,28.163365190302603,30115415.77289161
192.85714285714286,340.0,285.7142857142857,26.921011477929188,19892701.01613057
192.85714285714286,340.0,451.42857142857144,25.954889325035115,16172028.735212568
192.85714285714286,340.0,617.1428571428571,25.126284908936665,14337185.126010004
192.85714285714286,340.0,782.8571428571429,24.39412246210219,13244591.576750226
192.85714285714286,340.0,948.5714285714287,23.747003221303945,12505460.758426482
192.85714285714286,340.0,1114.2857142857142,23.177955077209823,11959786.720219258
192.85714285714286,340.0,1280.0,22.679391753038136,11532319.325611709
192.85714285714286,340.0,1445.7142857142858,22.24310117510402,11183665.928737598
192.85714285714286,340.0,1611.4285714285716,21.860966824351703,10891228.151202556
192.85714285714286,340.0,1777.1428571428573,21.52548330793631,10640981.781647712
192.85714285714286,340.0,1942.857142857143,21.229993338861984,10423628.91092308
192.85714285714286,340.0,2108.5714285714284,20.968738011501554,10232662.38699184
192.85714285714286,340.0,2274.285714285714,20.736807661033232,10063326.401968507
192.85714285714286,340.0,2440.0,20.53004967444923,9912023.742222397
192.85714285714286,340.0,2605.714285714286,20.344964549090662,9775958.690277219
192.85714285714286,340.0,2771.4285714285716,20.178605732997248,9652911.011803359
192.85714285714286,340.0,2937.1428571428573,20.028489897171468,9541086.540910859
192.85714285714286,340.0,3102.857142857143,19.892519638778467,9439014.601393312
192.85714285714286,340.0,3268.571428571429,19.768918361230167,9345475.269857515
192.85714285714286,340.0,3434.2857142857147,19.656176112002303,9259446.366510428
192.85714285714286,340.0,3600.0,19.553004852788487,9180063.918382198
192.85714285714286,387.14285714285717,120.0,28.0112783858547,32707223.093209293
192.85714285714286,387.14285714285717,285.7142857142857,26.761383861295904,20607636.85649263
192.85714285714286,387.14285714285717,451.42857142857144,25.82467962937417,16584281.503936844
192.85714285714286,387.14285714285717,617.1428571428571,25.025494102088377,14663962.460276442
192.85714285714286,387.14285714285717,782.8571428571429,24.319462189703277,13542835.66198115
192.85714285714286,387.14285714285717,948.5714285714287,23.694584545436086,12795750.97045408
192.85714285714286,387.14285714285717,1114.2857142857142,23.143920285699114,12250744.151712803
192.85714285714286,387.14285714285717,1280.0,22.66023208413709,11827687.819104224
192.85714285714286,387.14285714285717,1445.7142857142858,22.235791890544917,11484954.699499836
192.85714285714286,387.14285714285717,1611.4285714285716,21.862986401951982,11198866.35459282
192.85714285714286,387.14285714285717,1777.1428571428573,21.53477283714121,10954872.23796801
192.85714285714286,387.14285714285717,1942.857142857143,21.244892628845854,10743427.802126026
192.85714285714286,387.14285714285717,2108.5714285714284,20.98791819185696,10557924.011264753
192.85714285714286,387.14285714285717,2274.285714285714,20.75920938757415,10393578.254316354
192.85714285714286,387.14285714285717,2440.0,20.554830195441625,10246804.594487488
192.85714285714286,387.14285714285717,2605.714285714286,20.371454010675727,10114836.74309455
192.85714285714286,387.14285714285717,2771.4285714285716,20.206271864994253,9995491.297031831
192.85714285714286,387.14285714285717,2937.1428571428573,20.056909812728886,9887012.600523382
192.85714285714286,387.14285714285717,3102.857142857143,19.921357459946297,9787967.223004036
192.85714285714286,387.14285714285717,3268.571428571429,19.79790751923156,9697169.820079803
192.85714285714286,387.14285714285717,3434.2857142857147,19.685105355037486,9613629.57029064
192.85714285714286,387.14285714285717,3600.0,19.581707175839274,9536510.541495573
192.85714285714286,434.28571428571433,120.0,27.867121916374092,34932457.67520622
192.85714285714286,434.28571428571433,285.7142857142857,26.626722490599178,21207513.478288665
192.85714285714286,434.28571428571433,451.42857142857144,25.72018191597336,16949349.164509486
192.85714285714286,434.28571428571433,617.1428571428571,24.948232319637448,14965940.847592432
192.85714285714286,434.28571428571433,782.8571428571429,24.265713356116354,13825126.486824341
192.85714285714286,434.28571428571433,948.5714285714287,23.66068832161328,13073753.393078784
192.85714285714286,434.28571428571433,1114.2857142857142,23.12644550602068,12530798.680846939
192.85714285714286,434.28571428571433,1280.0,22.656120936283937,12112467.52307241
192.85714285714286,434.28571428571433,1445.7142857142858,22.242425879069785,11775460.802154848
192.85714285714286,434.28571428571433,1611.4285714285716,21.878183460770938,11495297.951550797
192.85714285714286,434.28571428571433,1777.1428571428573,21.556745908846434,11257043.222304087
192.85714285714286,434.28571428571433,1942.857142857143,21.272193493563115,11050977.282825818
192.85714285714286,434.28571428571433,2108.5714285714284,21.01938021441144,10870424.868649216
192.85714285714286,434.28571428571433,2274.285714285714,20.79389559159148,10710593.006982839
192.85714285714286,434.28571428571433,2440.0,20.591988901743996,10567913.262979105
192.85714285714286,434.28571428571433,2605.714285714286,20.410482185169982,10439649.647945499
192.85714285714286,434.28571428571433,2771.4285714285716,20.24668541511429,10323653.764618209
192.85714285714286,434.28571428571433,2937.1428571428573,20.098319778316128,10218205.401199596
192.85714285714286,434.28571428571433,3102.857142857143,19.963451040189955,10121904.857134638
192.85714285714286,434.28571428571433,3268.571428571429,19.840432991970307,10033597.822152663
192.85714285714286,434.28571428571433,3434.2857142857147,19.727860094721905,9952321.471446345
192.85714285714286,434.28571428571433,3600.0,19.624528123784412,9877264.831708295
192.85714285714286,481.42857142857144,120.0,27.732247008170607,36843364.317606024
192.85714285714286,481.42857142857144,285.7142857142857,26.512159429369735,21723722.18631813
192.85714285714286,481.42857142857144,451.42857142857144,25.63496958390624,17281128.02599734
192.85714285714286,481.42857142857144,617.1428571428571,24.887923449969207,15250172.052885447
192.85714285714286,481.42857142857144,782.8571428571429,24.226535183288007,14095523.434660662
192.85714285714286,481.42857142857144,948.5714285714287,23.639281679863497,13342131.300525315
192.85714285714286,481.42857142857144,1114.2857142857142,23.1197696490874,12801957.147080408
192.85714285714286,481.42857142857144,1280.0,22.661499923741832,12388374.029640142
192.85714285714286,481.42857142857144,1445.7142857142858,22.2575761650624,12056794.235433932
192.85714285714286,481.42857142857144,1611.4285714285716,21.90120045594875,11782121.9591726
192.85714285714286,481.42857142857144,1777.1428571428573,21.586064776679294,11549129.664976059
192.85714285714286,481.42857142857144,1942.857142857143,21.306540185249382,11347969.656619174
192.85714285714286,481.42857142857144,2108.5714285714284,21.05772259762259,11171922.499675337
192.85714285714286,481.42857142857144,2274.285714285714,20.835399396219426,11016194.129808925
192.85714285714286,481.42857142857144,2440.0,20.635980109968894,10877236.199048273
192.85714285714286,481.42857142857144,2605.714285714286,20.45641590494633,10752342.198354894
192.85714285714286,481.42857142857144,2771.4285714285716,20.294120581063726,10639396.288552875
192.85714285714286,481.42857142857144,2937.1428571428573,20.146898800145127,10536710.588394623
192.85714285714286,481.42857142857144,3102.857142857143,20.012883520071945,10442915.86047503
192.85714285714286,481.42857142857144,3268.571428571429,19.89048272732379,10356885.671263546
192.85714285714286,481.42857142857144,3434.2857142857147,19.778334705862942,10277682.269320589
192.85714285714286,481.42857142857144,3600.0,19.67527076686014,10204516.99961453
192.85714285714286,528.5714285714286,120.0,27.607160461269565,38488030.20132839
192.85714285714286,528.5714285714286,285.7142857142857,26.41390677311456,22177752.070776813
192.85714285714286,528.5714285714286,451.42857142857144,25.564538515886223,17588532.08183143
192.85714285714286,528.5714285714286,617.1428571428571,24.840164548313584,15521069.185089296
192.85714285714286,528.5714285714286,782.8571428571429,24.197809952391093,14356562.774295878
192.85714285714286,528.5714285714286,948.5714285714287,23.626540729745184,13602583.030233195
192.85714285714286,528.5714285714286,1114.2857142857142,23.120314568383744,13065548.26051539
192.85714285714286,528.5714285714286,1280.0,22.672974720940708,12656592.352555968
192.85714285714286,528.5714285714286,1445.7142857142858,22.27797344224446,12330108.16437792
192.85714285714286,528.5714285714286,1611.4285714285716,21.92884336249681,12060514.518955648
192.85714285714286,528.5714285714286,1777.1428571428573,21.61957111374945,11832356.056821685
192.85714285714286,528.5714285714286,1942.857142857143,21.344779762589976,11635687.723142838
192.85714285714286,528.5714285714286,2108.5714285714284,21.099775224683306,11463759.949006684
192.85714285714286,528.5714285714286,2274.285714285714,20.880517134262004,11311782.794448419
192.85714285714286,528.5714285714286,2440.0,20.683555030329856,11176228.680469979
192.85714285714286,528.5714285714286,2605.714285714286,20.505953348580064,11054419.018706795
192.85714285714286,528.5714285714286,2771.4285714285716,20.345217360234063,10944267.961642286
192.85714285714286,528.5714285714286,2937.1428571428573,20.19922560343742,10844117.044019673
192.85714285714286,528.5714285714286,3102.857142857143,20.06617078375227,10752624.572945511
192.85714285714286,528.5714285714286,3268.571428571429,19.94450931444239,10668689.239068642
192.85714285714286,528.5714285714286,3434.2857142857147,19.832918836267662,10591395.852421997
192.85714285714286,528.5714285714286,3600.0,19.73026274170791,10519975.827866487
192.85714285714286,575.7142857142858,120.0,27.491826143960793,39908946.45260045
192.85714285714286,575.7142857142858,285.7142857142857,26.329008414412954,22584687.105165422
192.85714285714286,575.7142857142858,451.42857142857144,25.505651689513044,17877523.193382412
192.85714285714286,575.7142857142858,617.1428571428571,24.801909905527364,15781549.097702477
192.85714285714286,575.7142857142858,782.8571428571429,24.176765385409723,14609941.153475316
192.85714285714286,575.7142857142858,948.5714285714287,23.619949254880577,13856282.635969704
192.85714285714286,575.7142857142858,1114.2857142857142,23.125773087915313,13322531.083363961
192.85714285714286,575.7142857142858,1280.0,22.688395286841217,12918012.054321531
192.85714285714286,575.7142857142858,1445.7142857142858,22.301577640688574,12596292.903923607
192.85714285714286,575.7142857142858,1611.4285714285716,21.959142772121208,12331399.77526442
192.85714285714286,575.7142857142858,1777.1428571428573,21.65533495613049,12107694.487018244
192.85714285714286,575.7142857142858,1942.857142857143,21.384997674818614,11915155.875350244
192.85714285714286,575.7142857142858,2108.5714285714284,21.143620877061153,11747013.326186104
192.85714285714286,575.7142857142858,2274.285714285714,20.92731557952602,11598483.854108805
192.85714285714286,575.7142857142858,2440.0,20.732754780645724,11466060.316153575
192.85714285714286,575.7142857142858,2605.714285714286,20.557103162180123,11347090.198453784
192.85714285714286,575.7142857142858,2771.4285714285716,20.397947263228385,11239515.167409305
192.85714285714286,575.7142857142858,2937.1428571428573,20.253231522116934,11141703.530062908
192.85714285714286,575.7142857142858,3102.857142857143,20.12120216297303,11052338.566252729
192.85714285714286,575.7142857142858,3268.571428571429,20.00035916231106,10970341.703810323
192.85714285714286,575.7142857142858,3434.2857142857147,19.88941572022346,10894818.156810826
192.85714285714286,575.7142857142858,3600.0,19.787264345397293,10825017.490609022
192.85714285714286,622.8571428571429,120.0,27.385877730746643,41142716.0150319
192.85714285714286,622.8571428571429,285.7142857142857,26.255141711417874,22955354.553337336
192.85714285714286,622.8571428571429,451.42857142857144,25.455929857069595,18152234.251594566
192.85714285714286,622.8571428571429,617.1428571428571,24.77099295753591,16033632.238394363
192.85714285714286,622.8571428571429,782.8571428571429,24.161477425087643,14856861.334771745
192.85714285714286,622.8571428571429,948.5714285714287,23.617799090453733,14104096.660809487
192.85714285714286,622.8571428571429,1114.2857142857142,23.13461110761434,13573644.413711919
192.85714285714286,622.8571428571429,1280.0,22.706359086686714,13173341.075309886
192.85714285714286,622.8571428571429,1445.7142857142858,22.327080195043656,12856071.201875264
192.85714285714286,622.8571428571429,1611.4285714285716,21.990853023857216,12595535.880192026
192.85714285714286,622.8571428571429,1777.1428571428573,21.692148882241423,12375946.46386384
192.85714285714286,622.8571428571429,1942.857142857143,21.426005659486854,12187220.527446812
192.85714285714286,622.8571428571429,2108.5714285714284,21.18807596891548,12022572.341503825
192.85714285714286,622.8571428571429,2274.285714285714,20.97460500291925,11877227.258363545
192.85714285714286,622.8571428571429,2440.0,20.782375529271626,11747697.697389118
192.85714285714286,622.8571428571429,2605.714285714286,20.608641658668326,11631355.3046161
192.85714285714286,622.8571428571429,2771.4285714285716,20.45106268253557,11526166.95040384
192.85714285714286,622.8571428571429,2937.1428571428573,20.307642246850495,11430525.345580876
192.85714285714286,622.8571428571429,3102.857142857143,20.17667483670902,11343136.483845936
192.85714285714286,622.8571428571429,3268.571428571429,20.056699860317398,11262942.457104595
192.85714285714286,622.8571428571429,3434.2857142857147,19.946462828348835,11189067.022518046
192.85714285714286,622.8571428571429,3600.0,19.84488280935216,11120776.247400578
192.85714285714286,670.0,120.0,27.288763554061187,42220360.889871955
192.85714285714286,670.0,285.7142857142857,26.190466349091558,23297682.119439144
192.85714285714286,670.0,451.42857142857144,25.413588964885438,18415620.30417014
192.85714285714286,670.0,617.1428571428571,24.745834930227172,16278775.611488497
192.85714285714286,670.0,782.8571428571429,24.15057570677154,15098218.213047436
192.85714285714286,670.0,948.5714285714287,23.618899807585255,14346698.22388991
192.85714285714286,670.0,1114.2857142857142,23.145782306199973,13819484.712531874
192.85714285714286,670.0,1280.0,22.7259293337517,13423165.584048476
192.85714285714286,670.0,1445.7142857142858,22.353623803803774,13110049.468475452
192.85714285714286,670.0,1611.4285714285716,22.023171602380625,12853562.62469768
192.85714285714286,670.0,1777.1428571428573,21.72924553662121,12637789.612128325
192.85714285714286,670.0,1942.857142857143,21.46705626936212,12452597.261959791
192.85714285714286,670.0,2108.5714285714284,21.23240129853812,12291188.581736006
192.85714285714286,670.0,2274.285714285714,21.021645646264833,12148797.748081533
192.85714285714286,670.0,2440.0,20.831670400468028,12021955.590293795
192.85714285714286,670.0,2605.714285714286,20.659810020100682,11908056.03718074
192.85714285714286,670.0,2771.4285714285716,20.50378936958568,11805089.043322029
192.85714285714286,670.0,2937.1428571428573,20.361665633401905,11711469.60938346
192.85714285714286,670.0,3102.857142857143,20.231777080999322,11625924.45579273
192.85714285714286,670.0,3268.571428571429,20.11269901480773,11547414.530003158
192.85714285714286,670.0,3434.2857142857147,20.003206457698784,11475080.517063903
192.85714285714286,670.0,3600.0,19.90224282171151,11408203.559943225
192.85714285714286,717.1428571428572,120.0,27.19984219758854,43167901.4171014
192.85714285714286,717.1428571428572,285.7142857142857,26.133511089082464,23617577.830498148
192.85714285714286,717.1428571428572,451.42857142857144,25.377267317594864,18669851.741208866
192.85714285714286,717.1428571428572,617.1428571428571,24.725261052220958,16518066.734979685
192.85714285714286,717.1428571428572,782.8571428571429,24.143062291446554,15334704.496430757
192.85714285714286,717.1428571428572,948.5714285714287,23.622403123069603,14584630.85544955
192.85714285714286,717.1428571428572,1114.2857142857142,23.15855784335415,14060549.683632547
192.85714285714286,717.1428571428572,1280.0,22.74646847635471,13667984.01216079
192.85714285714286,717.1428571428572,1445.7142857142858,22.38063803001903,13358747.760216285
192.85714285714286,717.1428571428572,1611.4285714285716,22.05557537945117,13106030.218270397
192.85714285714286,717.1428571428572,1777.1428571428573,21.766133340075523,12893806.704636406
192.85714285714286,717.1428571428572,1942.857142857143,21.507677175524325,12711900.823628632
192.85714285714286,717.1428571428572,2108.5714285714284,21.276134321843873,12553506.773861606
192.85714285714286,717.1428571428572,2274.285714285714,21.067977545623126,12413867.479976363
192.85714285714286,717.1428571428572,2440.0,20.88017658178225,12289530.898501938
192.85714285714286,717.1428571428572,2605.714285714286,20.710138538794443,12177911.450692086
192.85714285714286,717.1428571428572,2771.4285714285716,20.555647743643792,12077020.24345147
192.85714285714286,717.1428571428572,2937.1428571428573,20.41481007375291,11985292.679913703
192.85714285714286,717.1428571428572,3102.857142857143,20.286003739191838,11901474.452607466
192.85714285714286,717.1428571428572,3268.571428571429,20.167836884399932,11824543.777907005
192.85714285714286,717.1428571428572,3434.2857142857147,20.059111617281832,11753656.857290072
192.85714285714286,717.1428571428572,3600.0,19.95879376018141,11688108.665980231
192.85714285714286,764.2857142857143,120.0,27.118443599117086,44007022.28803078
192.85714285714286,764.2857142857143,285.7142857142857,26.083089209578173,23919514.29901387
192.85714285714286,764.2857142857143,451.42857142857144,25.345909059264685,18916560.389311556
192.85714285714286,764.2857142857143,617.1428571428571,24.708381047817223,16752341.536203384
192.85714285714286,764.2857142857143,782.8571428571429,24.138196344900738,15566873.761232644
192.85714285714286,764.2857142857143,948.5714285714287,23.627692974844123,14818346.304755207
192.85714285714286,764.2857142857143,1114.2857142857142,23.17242108981819,14297264.313788125
192.85714285714286,764.2857142857143,1280.0,22.767536286304825,13908227.904819444
192.85714285714286,764.2857142857143,1445.7142857142858,22.407739442081642,13602618.75610476
192.85714285714286,764.2857142857143,1611.4285714285716,22.08772168811393,13353418.068298804
192.85714285714286,764.2857142857143,1777.1428571428573,21.802497612286636,13144505.069951156
192.85714285714286,764.2857142857143,1942.857142857143,21.54757167297419,12965665.529387247
192.85714285714286,764.2857142857143,2108.5714285714284,21.318988560204037,12810086.331655473
192.85714285714286,764.2857142857143,2274.285714285714,21.113318507283413,12673018.718605623
192.85714285714286,764.2857142857143,2440.0,20.927611646841722,12551026.446245892
192.85714285714286,764.2857142857143,2605.714285714286,20.75934115023449,12441542.745207662
192.85714285714286,764.2857142857143,2771.4285714285716,20.606345560671816,12342598.118076269
192.85714285714286,764.2857142857143,2937.1428571428573,20.466775272261525,12252646.681411909
192.85714285714286,764.2857142857143,3102.857142857143,20.339045109344596,12170451.543282025
192.85714285714286,764.2857142857143,3268.571428571429,20.2217934055236,12095006.788689148
192.85714285714286,764.2857142857143,3434.2857142857147,20.11384723440942,12025482.893717943
192.85714285714286,764.2857142857143,3600.0,20.01419313234134,11961187.57393286
192.85714285714286,811.4285714285714,120.0,27.043906636185696,44755727.34878028
192.85714285714286,811.4285714285714,285.7142857142857,26.038235184206393,24206925.26845959
192.85714285714286,811.4285714285714,451.42857142857144,25.318683876808716,19156998.51568531
192.85714285714286,811.4285714285714,617.1428571428571,24.694509313893363,16982258.789652735
192.85714285714286,811.4285714285714,782.8571428571429,24.135418614882422,15795179.796505509
192.85714285714286,811.4285714285714,948.5714285714287,23.634314615623992,15048228.161402393
192.85714285714286,811.4285714285714,1114.2857142857142,23.18700055819256,14529997.440716943
192.85714285714286,811.4285714285714,1280.0,22.788825578330687,14144275.606286053
192.85714285714286,811.4285714285714,1445.7142857142858,22.43466912160349,13842060.628832076
192.85714285714286,811.4285714285714,1611.4285714285716,22.119386776781965,13596147.858467238
192.85714285714286,811.4285714285714,1777.1428571428573,21.838139307853556,13390330.360176709
192.85714285714286,811.4285714285714,1942.857142857143,21.58655719652206,13214359.925328536
192.85714285714286,811.4285714285714,2108.5714285714284,21.3607915289901,13061416.954008847
192.85714285714286,811.4285714285714,2274.285714285714,21.15750118875022,12926760.352986367
192.85714285714286,811.4285714285714,2440.0,20.973809610978098,12806968.354135482
192.85714285714286,811.4285714285714,2605.714285714286,20.807250347798107,12699491.427280284
192.85714285714286,811.4285714285714,2771.4285714285716,20.655711618001508,12602377.873233195
192.85714285714286,811.4285714285714,2937.1428571428573,20.517384705270196,12514099.00542793
192.85714285714286,811.4285714285714,3102.857142857143,20.390718148585638,12433433.95977348
192.85714285714286,811.4285714285714,3268.571428571429,20.274378149165855,12359391.446753273
192.85714285714286,811.4285714285714,3434.2857142857147,20.167214884031086,12291155.1173753
192.85714285714286,811.4285714285714,3600.0,20.06823410643302,12228044.462042332
192.85714285714286,858.5714285714287,120.0,26.97560102605246,45428936.684040025
192.85714285714286,858.5714285714287,285.7142857142857,25.998156974884594,24482480.180610083
192.85714285714286,858.5714285714287,451.42857142857144,25.294930544663675,19392144.518877156
192.85714285714286,858.5714285714287,617.1428571428571,24.68311031621155,17208348.75382028
192.85714285714286,858.5714285714287,782.8571428571429,24.134300693566953,16020002.187530458
192.85714285714286,858.5714285714287,948.5714285714287,23.64192765991433,15274607.370689461
192.85714285714286,858.5714285714287,1114.2857142857142,23.202026030747323,14759072.926497832
192.85714285714286,858.5714285714287,1280.0,22.81012059119422,14376461.811063292
192.85714285714286,858.5714285714287,1445.7142857142858,22.46125253584371,14077426.30152317
192.85714285714286,858.5714285714287,1611.4285714285716,22.15042653851816,13834593.151586834
192.85714285714286,858.5714285714287,1777.1428571428573,21.87293610266449,13631676.788880654
192.85714285714286,858.5714285714287,1942.857142857143,21.624526384677104,13458397.766648844
192.85714285714286,858.5714285714287,2108.5714285714284,21.40144549871668,13307930.360216042
192.85714285714286,858.5714285714287,2274.285714285714,21.20043335555566,13175540.354092982
192.85714285714286,858.5714285714287,2440.0,21.01868054288729,13057819.164641337
192.85714285714286,858.5714285714287,2605.714285714286,20.85377605458454,12952233.041690025
192.85714285714286,858.5714285714287,2771.4285714285716,20.70365382627242,12856846.629576432
192.85714285714286,858.5714285714287,2937.1428571428573,20.566542858802,12770147.071896005
192.85714285714286,858.5714285714287,3102.857142857143,20.440922861133103,12690928.28916776
192.85714285714286,858.5714285714287,3268.571428571429,20.325485857552504,12618212.507505305
192.85714285714286,858.5714285714287,3434.2857142857147,20.21910348231249,12551195.573105587
192.85714285714286,858.5714285714287,3600.0,20.120799377064888,12489207.89204377
192.85714285714286,905.7142857142858,120.0,26.912938978805364,46039008.40658039
192.85714285714286,905.7142857142858,285.7142857142857,25.96219981114948,24748277.779050604
192.85714285714286,905.7142857142858,451.42857142857144,25.274116499949706,19622774.994329605
192.85714285714286,905.7142857142858,617.1428571428571,24.673760432999945,17431045.952946153
192.85714285714286,905.7142857142858,782.8571428571429,24.134510151091522,16241663.5961878
192.85714285714286,905.7142857142858,948.5714285714287,23.650274264274255,15497772.90729884
192.85714285714286,905.7142857142858,1114.2857142857142,23.21729918841021,14984777.596654624
192.85714285714286,905.7142857142858,1280.0,22.831269418163586,14605084.586332586
192.85714285714286,905.7142857142858,1445.7142857142858,22.487373188058317,14309030.428150304
192.85714285714286,905.7142857142858,1611.4285714285716,22.180750900726927,14069086.739804639
192.85714285714286,905.7142857142858,1777.1428571428573,21.90681714451145,13868895.02799262
192.85714285714286,905.7142857142858,1942.857142857143,21.661421902536908,13698146.517642526
192.85714285714286,905.7142857142858,2108.5714285714284,21.440902175372887,13550009.388503116
192.85714285714286,905.7142857142858,2274.285714285714,21.24207226266654,13419755.437954204
192.85714285714286,905.7142857142858,2440.0,21.062184536012836,13303988.023237882
192.85714285714286,905.7142857142858,2605.714285714286,20.898879108202443,13200187.820476692
192.85714285714286,905.7142857142858,2771.4285714285716,20.750132157108766,13106434.490107188
192.85714285714286,905.7142857142858,2937.1428571428573,20.614207608112334,13021229.769557368
192.85714285714286,905.7142857142858,3102.857142857143,20.489614093186905,12943381.2449068
192.85714285714286,905.7142857142858,3268.571428571429,20.37506764850811,12871923.661840815
192.85714285714286,905.7142857142858,3434.2857142857147,20.269459902367363,12806064.183983106
192.85714285714286,905.7142857142858,3600.0,20.17183119981527,12745143.36408165
192.85714285714286,952.8571428571429,120.0,26.855380306104223,46596182.97364804
192.85714285714286,952.8571428571429,285.7142857142857,25.929818458904666,25005984.91080274
192.85714285714286,952.8571428571429,451.42857142857144,25.255808410014215,19849515.014572464
192.85714285714286,952.8571428571429,617.1428571428571,24.666120776906922,17650711.90626767
192.85714285714286,952.8571428571429,782.8571428571429,24.13578608674269,16460441.847846007
192.85714285714286,952.8571428571429,948.5714285714287,23.659157114820733,15717979.432102803
192.85714285714286,952.8571428571429,1114.2857142857142,23.23267354043924,15207367.140963497
192.85714285714286,952.8571428571429,1280.0,22.852165373254707,14830410.759053066
192.85714285714286,952.8571428571429,1445.7142857142858,22.51295497399891,14537154.856176458
192.85714285714286,952.8571428571429,1611.4285714285716,22.210306805168397,14299926.453509599
192.85714285714286,952.8571428571429,1777.1428571428573,21.9397463677171,14102298.473070383
192.85714285714286,952.8571428571429,1942.857142857143,21.69721986979355,13933934.101830453
192.85714285714286,952.8571428571429,2108.5714285714284,21.479146076022907,13787995.218879377
192.85714285714286,952.8571428571429,2274.285714285714,21.282407855824,13659758.730063971
192.85714285714286,952.8571428571429,2440.0,21.104314647861983,13545838.74564354
192.85714285714286,952.8571428571429,2605.714285714286,20.9425538764059,13443729.112715447
192.85714285714286,952.8571428571429,2771.4285714285716,20.795140893223675,13351523.29366113
192.85714285714286,952.8571428571429,2937.1428571428573,20.660372075325554,13267736.497221306
192.85714285714286,952.8571428571429,3102.857142857143,20.536782982323516,13191188.963306386
192.85714285714286,952.8571428571429,3268.571428571429,20.423112049131888,13120927.058894781
192.85714285714286,952.8571428571429,3434.2857142857147,20.318269590856698,13056168.474595495
192.85714285714286,952.8571428571429,3600.0,20.22131159386518,12996263.21787721
192.85714285714286,1000.0,120.0,26.802433466110507,47108955.37621116
192.85714285714286,1000.0,285.7142857142857,25.90055580580004,25256937.560696445
192.85714285714286,1000.0,451.42857142857144,25.239650414914763,20072873.947135784
192.85714285714286,1000.0,617.1428571428571,24.659917499915903,17867651.29902797
192.85714285714286,1000.0,782.8571428571429,24.13792167154388,16676578.658756418
192.85714285714286,1000.0,948.5714285714287,23.66842391636079,15935452.991568306
192.85714285714286,1000.0,1114.2857142857142,23.248040457017797,15427070.666810349
192.85714285714286,1000.0,1280.0,22.872734171268135,15052680.18907155
192.85714285714286,1000.0,1445.7142857142858,22.537950164473852,14762053.024464734
192.85714285714286,1000.0,1611.4285714285716,22.23906671073011,14527379.86548989
192.85714285714286,1000.0,1777.1428571428573,21.971711293565868,14332168.323093856
192.85714285714286,1000.0,1942.857142857143,21.731918787784664,14166054.370373372
192.85714285714286,1000.0,2108.5714285714284,21.51618345353997,14022193.215497322
192.85714285714286,1000.0,2274.285714285714,21.32145159839633,13895865.954470849
192.85714285714286,1000.0,2440.0,21.145085559372294,13783696.321835874
192.85714285714286,1000.0,2605.714285714286,20.98481669931857,13683190.171190381
192.85714285714286,1000.0,2771.4285714285716,20.83869681904704,13592453.653554695
192.85714285714286,1000.0,2937.1428571428573,20.70505254552612,13510014.426195532
192.85714285714286,1000.0,3102.857142857143,20.582444584782976,13434704.464387815
192.85714285714286,1000.0,3268.571428571429,20.469632326510645,13365580.942687703
192.85714285714286,1000.0,3434.2857142857147,20.365543599195707,13301871.363546224
192.85714285714286,1000.0,3600.0,20.269249074340873,13242934.56352255
228.57142857142858,10.0,120.0,28.967141010464843,1607062.1046640896
228.57142857142858,10.0,285.7142857142857,28.94869182203474,2261280.282501198
228.57142857142858,10.0,451.42857142857144,28.90000495994082,2787882.9866187107
228.57142857142858,10.0,617.1428571428571,28.819170350545903,3194934.456590623
228.57142857142858,10.0,782.8571428571429,28.714239621743527,3480490.2344070943
228.57142857142858,10.0,948.5714285714287,28.597245312043956,3660243.5359262647
228.57142857142858,10.0,1114.2857142857142,28.47853442159205,3759407.7863146313
228.57142857142858,10.0,1280.0,28.364847926922078,3802176.672332232
228.57142857142858,10.0,1445.7142857142858,28.259711246858444,3807643.475557402
228.57142857142858,10.0,1611.4285714285716,28.164459929238355,3789513.79830778
228.57142857142858,10.0,1777.1428571428573,28.079149866485235,3757133.671950907
228.57142857142858,10.0,1942.857142857143,28.003180457121623,3716686.2847071798
228.57142857142858,10.0,2108.5714285714284,27.935670215341275,3672180.049385225
228.57142857142858,10.0,2274.285714285714,27.875664413411393,3626169.434829488
228.57142857142858,10.0,2440.0,27.82224065737327,3580251.4903096836
228.57142857142858,10.0,2605.714285714286,27.774556441480488,3535398.2232408947
228.57142857142858,10.0,2771.4285714285716,27.731865419173182,3492175.9934095223
228.57142857142858,10.0,2937.1428571428573,27.693517760482983,3450889.4228759888
228.57142857142858,10.0,3102.857142857143,27.65895309999556,3411675.584007549
228.57142857142858,10.0,3268.571428571429,27.627690618430393,3374565.622113748
228.57142857142858,10.0,3434.2857142857147,27.599318581977574,3339525.07122009
228.57142857142858,10.0,3600.0,27.57348444957345,3306480.2083727513
228.57142857142858,57.142857142857146,120.0,28.910805265082633,8214740.220936226
228.57142857142858,57.142857142857146,285.7142857142857,28.555726430128413,9331100.134750934
228.57142857142858,57.142857142857146,451.42857142857144,27.97381550702409,9684656.394524775
228.57142857142858,57.142857142857146,617.1428571428571,27.280609187509942,9733500.155671706
228.57142857142858,57.142857142857146,782.8571428571429,26.563687465873198,9612203.39415492
228.57142857142858,57.142857142857146,948.5714285714287,25.881508459288863,9393579.84855156
228.57142857142858,57.142857142857146,1114.2857142857142,25.264323018920894,9127300.009457257
228.57142857142858,57.142857142857146,1280.0,24.722162168465278,8845610.583881646
228.57142857142858,57.142857142857146,1445.7142857142858,24.25350444758076,8567570.339899745
228.57142857142858,57.142857142857146,1611.4285714285716,23.85145460663584,8303332.724442123
228.57142857142858,57.142857142857146,1777.1428571428573,23.50733937187927,8057546.281285202
228.57142857142858,57.142857142857146,1942.857142857143,23.212524293108473,7831674.972876519
228.57142857142858,57.142857142857146,2108.5714285714284,22.95920012935747,7625451.179508136
228.57142857142858,57.142857142857146,2274.285714285714,22.74063290745544,7437738.663938263
228.57142857142858,57.142857142857146,2440.0,22.551160390941792,7267025.659821106
228.57142857142858,57.142857142857146,2605.714285714286,22.386083749973533,7111696.374536585
228.57142857142858,57.142857142857146,2771.4285714285716,22.241527666184975,6970173.469474979
228.57142857142858,57.142857142857146,2937.1428571428573,22.11430221906048,6840987.042387983
228.57142857142858,57.142857142857146,3102.857142857143,22.001779854206916,6722802.673907869
228.57142857142858,57.142857142857146,3268.571428571429,21.90179115745432,6614427.356290407
228.57142857142858,57.142857142857146,3434.2857142857147,21.81253890524468,6514804.048173435
228.57142857142858,57.142857142857146,3600.0,21.732528221234872,6423000.905150316
228.57142857142858,104.28571428571429,120.0,28.779758311714808,14665301.024392666
228.57142857142858,104.28571428571429,285.7142857142857,28.052706216624337,13635577.889160458
228.57142857142858,104.28571428571429,451.42857142857144,27.169950127512855,12643415.021691838
228.57142857142858,104.28571428571429,617.1428571428571,26.277031336247376,11877074.357425543
228.57142857142858,104.28571428571429,782.8571428571429,25.433122069139554,11257232.223993294
228.57142857142858,104.28571428571429,948.5714285714287,24.669195055683304,10729704.48143583
228.57142857142858,104.28571428571429,1114.2857142857142,23.99647795163391,10269257.316860534
228.57142857142858,104.28571428571429,1280.0,23.413518654568808,9863448.891575033
228.57142857142858,104.28571428571429,1445.7142857142858,22.912399264150963,9504521.222717926
228.57142857142858,104.28571428571429,1611.4285714285716,22.482830480020414,9186441.451970112
228.57142857142858,104.28571428571429,1777.1428571428573,22.114384167367646,8904000.965100285
228.57142857142858,104.28571428571429,1942.857142857143,21.79752244190051,8652588.001600033
228.57142857142858,104.28571428571429,2108.5714285714284,21.52395962741575,8428135.865659608
228.57142857142858,104.28571428571429,2274.285714285714,21.2866936527057,8227095.293942029
228.57142857142858,104.28571428571429,2440.0,21.079893574532367,8046396.796556236
228.57142857142858,104.28571428571429,2605.714285714286,20.8987386195888,7883402.515279476
228.57142857142858,104.28571428571429,2771.4285714285716,20.739253755900563,7735853.7081357725
228.57142857142858,104.28571428571429,2937.1428571428573,20.598160683739543,7601819.083191992
228.57142857142858,104.28571428571429,3102.857142857143,20.47275031180914,7479647.091151065
228.57142857142858,104.28571428571429,3268.571428571429,20.36077690117757,7367923.58047686
228.57142857142858,104.28571428571429,3434.2857142857147,20.260371660128076,7265435.139064809
228.57142857142858,104.28571428571429,3600.0,20.16997284761049,7171137.855484503
228.57142857142858,151.42857142857144,120.0,28.604571283412536,20315741.400379613
228.57142857142858,151.42857142857144,285.7142857142857,27.623612667119136,16296907.410007585
228.57142857142858,151.42857142857144,451.42857142857144,26.63628618483002,14162658.731947629
228.57142857142858,151.42857142857144,617.1428571428571,25.713709705965933,12884865.484208431
228.57142857142858,151.42857142857144,782.8571428571429,24.872252046954973,12013039.328553256
228.57142857142858,151.42857142857144,948.5714285714287,24.12216239619795,11356197.616026355
228.57142857142858,151.42857142857144,1114.2857142857142,23.464845671881637,10829192.378190495
228.57142857142858,151.42857142857144,1280.0,22.89472263338465,10390263.165052425
228.57142857142858,151.42857142857144,1445.7142857142858,22.402611462462694,10016370.442043096
228.57142857142858,151.42857142857144,1611.4285714285716,21.97826652788568,9693221.596973402
228.57142857142858,151.42857142857144,1777.1428571428573,21.611807687803584,9411044.013032425
228.57142857142858,151.42857142857144,1942.857142857143,21.29436685502179,9162670.295479003
228.57142857142858,151.42857142857144,2108.5714285714284,21.018286635366184,8942593.967234815
228.57142857142858,151.42857142857144,2274.285714285714,20.777095084804838,8746456.180096371
228.57142857142858,151.42857142857144,2440.0,20.56538465215331,8570738.069456493
228.57142857142858,151.42857142857144,2605.714285714286,20.378661842143533,8412559.89882241
228.57142857142858,151.42857142857144,2771.4285714285716,20.21319919290759,8269540.917008732
228.57142857142858,151.42857142857144,2937.1428571428573,20.06590268931246,8139696.823928127
228.57142857142858,151.42857142857144,3102.857142857143,19.9341985357866,8021362.2754352745
228.57142857142858,151.42857142857144,3268.571428571429,19.81593895785342,7913131.001430963
228.57142857142858,151.42857142857144,3434.2857142857147,19.7093249714042,7813808.811036379
228.57142857142858,151.42857142857144,3600.0,19.612843558995806,7722376.288452847
228.57142857142858,198.57142857142858,120.0,28.411176920528913,25079636.495610815
228.57142857142858,198.57142857142858,285.7142857142857,27.28312680761349,18053406.32753579
228.57142857142858,198.57142857142858,451.42857142857144,26.276771752993966,15096374.92850786
228.57142857142858,198.57142857142858,617.1428571428571,25.373476922949777,13511750.391855765
228.57142857142858,198.57142857142858,782.8571428571429,24.56182856939207,12507760.292281857
228.57142857142858,198.57142857142858,948.5714285714287,23.841564818236822,11792194.398605838
228.57142857142858,198.57142857142858,1114.2857142857142,23.209947642850512,11241022.525958695
228.57142857142858,198.57142857142858,1280.0,22.66020241138709,10795001.908508332
228.57142857142858,198.57142857142858,1445.7142857142858,22.183305222900227,10422511.444509165
228.57142857142858,198.57142857142858,1611.4285714285716,21.76970141695215,10104845.938801955
228.57142857142858,198.57142857142858,1777.1428571428573,21.41033221908017,9829914.720907286
228.57142857142858,198.57142857142858,1942.857142857143,21.09710335457546,9589329.296541858
228.57142857142858,198.57142857142858,2108.5714285714284,20.823019340800833,9376950.943343611
228.57142857142858,198.57142857142858,2274.285714285714,20.582146923736413,9188108.877528626
228.57142857142858,198.57142857142858,2440.0,20.369504722450998,9019147.100982035
228.57142857142858,198.57142857142858,2605.714285714286,20.1809307169127,8867143.36089636
228.57142857142858,198.57142857142858,2771.4285714285716,20.012952547788924,8729724.349899763
228.57142857142858,198.57142857142858,2937.1428571428573,19.862671167591156,8604938.192245016
228.57142857142858,198.57142857142858,3102.857142857143,19.72766105439745,8491163.017481394
228.57142857142858,198.57142857142858,3268.571428571429,19.605886741728433,8387039.410480191
228.57142857142858,198.57142857142858,3434.2857142857147,19.495633976347328,8291419.317714098
228.57142857142858,198.57142857142858,3600.0,19.395453376354812,8203326.678538358
228.57142857142858,245.71428571428572,120.0,28.21636560129721,29023325.635291886
228.57142857142858,245.71428571428572,285.7142857142857,27.015159490955593,19290887.216912206
228.57142857142858,245.71428571428572,451.42857142857144,26.024424656945843,15753917.481618315
228.57142857142858,245.71428571428572,617.1428571428571,25.153324212454006,13978140.849917691
228.57142857142858,245.71428571428572,782.8571428571429,24.375391529696,12899821.592393884
228.57142857142858,245.71428571428572,948.5714285714287,23.685442082899453,12155785.08080822
228.57142857142858,245.71428571428572,1114.2857142857142,23.07908329237124,11596639.017235668
228.57142857142858,245.71428571428572,1280.0,22.54938139631821,11152232.365719829
228.57142857142858,245.71428571428572,1445.7142857142858,22.087819950371554,10785756.289553985
228.57142857142858,245.71428571428572,1611.4285714285716,21.68557974933577,10475914.403336126
228.57142857142858,245.71428571428572,1777.1428571428573,21.334349631646052,10209301.519108087
228.57142857142858,245.71428571428572,1942.857142857143,21.02670340674923,9976871.361653058
228.57142857142858,245.71428571428572,2108.5714285714284,20.75620601861674,9772173.306267854
228.57142857142858,245.71428571428572,2274.285714285714,20.51737823312073,9590408.210192794
228.57142857142858,245.71428571428572,2440.0,20.305599138421016,9427888.31549256
228.57142857142858,245.71428571428572,2605.714285714286,20.11698953078187,9281708.955787593
228.57142857142858,245.71428571428572,2771.4285714285716,19.948297407649594,9149537.930620886
228.57142857142858,245.71428571428572,2937.1428571428573,19.79679473366103,9029473.935286218
228.57142857142858,245.71428571428572,3102.857142857143,19.660188412287706,8919947.61540338
228.57142857142858,245.71428571428572,3268.571428571429,19.536545395312295,8819650.148333658
228.57142857142858,245.71428571428572,3434.2857142857147,19.424230573868716,8727480.316658933
228.57142857142858,245.71428571428572,3600.0,19.32185567306924,8642504.430610029
228.57142857142858,292.8571428571429,120.0,28.029727243352564,32263591.268447895
228.57142857142858,292.8571428571429,285.7142857142857,26.80236398265783,20214789.77130951
228.57142857142858,292.8571428571429,451.42857142857144,25.840391418537788,16264800.686000148
228.57142857142858,292.8571428571429,617.1428571428571,25.003192317136328,14364616.8055504
228.57142857142858,292.8571428571429,782.8571428571429,24.257061115287264,13242102.72368193
228.57142857142858,292.8571428571429,948.5714285714287,23.594686847549596,12484009.113453442
228.57142857142858,292.8571428571429,1114.2857142857142,23.011114653869356,11923801.705059161
228.57142857142858,292.8571428571429,1280.0,22.499619946841822,11484138.425192991
228.57142857142858,292.8571428571429,1445.7142857142858,22.05224198380411,11124851.84154427
228.57142857142858,292.8571428571429,1611.4285714285716,21.660816861193126,10822999.692386866
228.57142857142858,292.8571428571429,1777.1428571428573,21.31766289862946,10564364.61486435
228.57142857142858,292.8571428571429,1942.857142857143,21.015905408864192,10339513.159523914
228.57142857142858,292.8571428571429,2108.5714285714284,20.749569446173137,10141828.753682049
228.57142857142858,292.8571428571429,2274.285714285714,20.513549090680794,9966461.57004461
228.57142857142858,292.8571428571429,2440.0,20.303521447807945,9809731.964600265
228.57142857142858,292.8571428571429,2605.714285714286,20.115843009559747,9668771.736254597
228.57142857142858,292.8571428571429,2771.4285714285716,19.94744722873901,9541297.075804438
228.57142857142858,292.8571428571429,2937.1428571428573,19.79575163108641,9425458.248510113
228.57142857142858,292.8571428571429,3102.857142857143,19.65857726926266,9319736.142160177
228.57142857142858,292.8571428571429,3268.571428571429,19.534080618399514,9222868.687134095
228.57142857142858,292.8571428571429,3434.2857142857147,19.420696820533998,9133797.05551835
228.57142857142858,292.8571428571429,3600.0,19.31709276954158,9051625.401117966
228.57142857142858,340.0,120.0,27.856050694527628,34923762.22524631
228.57142857142858,340.0,285.7142857142857,26.631084476949198,20939897.188184813
228.57142857142858,340.0,451.42857142857144,25.701840161725944,16690267.158957647
228.57142857142858,340.0,617.1428571428571,24.89671332079168,14705921.385742817
228.57142857142858,340.0,782.8571428571429,24.17920045106279,13556048.322341876
228.57142857142858,340.0,948.5714285714287,23.541259502214235,12791326.622136632
228.57142857142858,340.0,1114.2857142857142,22.97786432135053,12233193.678998725
228.57142857142858,340.0,1280.0,22.482620298739736,11799330.366280569
228.57142857142858,340.0,1445.7142857142858,22.048084963879184,11447268.339117145
228.57142857142858,340.0,1611.4285714285716,21.666654579731695,11152952.557239983
228.57142857142858,340.0,1777.1428571428573,21.33117116765029,10901629.207633965
228.57142857142858,340.0,1942.857142857143,21.035214963867194,10683621.034414155
228.57142857142858,340.0,2108.5714285714284,20.773190287407832,10492218.886953222
228.57142857142858,340.0,2274.285714285714,20.540299939494233,10322558.047585914
228.57142857142858,340.0,2440.0,20.33246884584358,10170982.53283243
228.57142857142858,340.0,2605.714285714286,20.14625087299151,10034665.338501979
228.57142857142858,340.0,2771.4285714285716,19.978736034597052,9911370.154812686
228.57142857142858,340.0,2937.1428571428573,19.82746583977149,9799295.170557285
228.57142857142858,340.0,3102.857142857143,19.69035951494319,9696966.693322055
228.57142857142858,340.0,3268.571428571429,19.565651336507404,9603164.263405602
228.57142857142858,340.0,3434.2857142857147,19.451838186914408,9516866.426257893
228.57142857142858,340.0,3600.0,19.347636034280942,9437210.508489894
228.57142857142858,387.14285714285717,120.0,27.697190410671926,37115503.72809203
228.57142857142858,387.14285714285717,285.7142857142857,26.491278916240066,21533608.150622454
228.57142857142858,387.14285714285717,451.42857142857144,25.59479069648004,17062212.982883643
228.57142857142858,387.14285714285717,617.1428571428571,24.818934965384663,15019020.07312537
228.57142857142858,387.14285714285717,782.8571428571429,24.126859493471216,13851725.64349634
228.57142857142858,387.14285714285717,948.5714285714287,23.510489349552095,13084413.510894839
228.57142857142858,387.14285714285717,1114.2857142857142,22.964947523966252,12529787.55982287
228.57142857142858,387.14285714285717,1280.0,22.48419407463625,12101937.764884582
228.57142857142858,387.14285714285717,1445.7142857142858,22.06124698160759,11756743.913213365
228.57142857142858,387.14285714285717,1611.4285714285716,21.688977788360592,11469359.30543395
228.57142857142858,387.14285714285717,1777.1428571428573,21.360666477234727,11224656.034723468
228.57142857142858,387.14285714285717,1942.857142857143,21.07027238093982,11012794.66357979
228.57142857142858,387.14285714285717,2108.5714285714284,20.81251626623249,10827012.92086867
228.57142857142858,387.14285714285717,2274.285714285714,20.582859487983253,10662448.394009257
228.57142857142858,387.14285714285717,2440.0,20.377435599529825,10515474.253923802
228.57142857142858,387.14285714285717,2605.714285714286,20.19296564600702,10383304.180875495
228.57142857142858,387.14285714285717,2771.4285714285716,20.02667315210687,10263745.939580843
228.57142857142858,387.14285714285717,2937.1428571428573,19.876206132711044,10155040.98182889
228.57142857142858,387.14285714285717,3102.857142857143,19.73956880775654,10055756.034482336
228.57142857142858,387.14285714285717,3268.571428571429,19.615063367121483,9964707.36950004
228.57142857142858,387.14285714285717,3434.2857142857147,19.501241058821034,9880906.371636702
228.57142857142858,387.14285714285717,3600.0,19.39686146410882,9803519.440325078
228.57142857142858,434.28571428571433,120.0,27.553325804098517,38933046.27594947
228.57142857142858,434.28571428571433,285.7142857142857,26.37565262550956,22037324.59281037
228.57142857142858,434.28571428571433,451.42857142857144,25.510310595806754,17398583.72255665
228.57142857142858,434.28571428571433,617.1428571428571,24.76084347411349,15313050.441985944
228.57142857142858,434.28571428571433,782.8571428571429,24.09136369643043,14134449.800551794
228.57142857142858,434.28571428571433,948.5714285714287,23.494107106087206,13366810.155983312
228.57142857142858,434.28571428571433,1114.2857142857142,22.964439290576166,12816297.917881174
228.57142857142858,434.28571428571433,1280.0,22.496662110966348,12394317.680192124
228.57142857142858,434.28571428571433,1445.7142857142858,22.084196259045445,12055515.236329453
228.57142857142858,434.28571428571433,1611.4285714285716,21.72031794139324,11774455.913527386
228.57142857142858,434.28571428571433,1777.1428571428573,21.3986770761987,11535738.58512917
228.57142857142858,434.28571428571433,1942.857142857143,21.11355289528903,11329410.634330783
228.57142857142858,434.28571428571433,2108.5714285714284,20.85993377566609,11148678.844377931
228.57142857142858,434.28571428571433,2274.285714285714,20.633500554598008,10988691.327799521
228.57142857142858,434.28571428571433,2440.0,20.43056472932605,10845851.470635325
228.57142857142858,434.28571428571433,2605.714285714286,20.247990702690792,10717411.177439094
228.57142857142858,434.28571428571433,2771.4285714285716,20.08311715283318,10601218.260588752
228.57142857142858,434.28571428571433,2937.1428571428573,19.93368452261292,10495552.881393347
228.57142857142858,434.28571428571433,3102.857142857143,19.79777126882029,10399017.644760609
228.57142857142858,434.28571428571433,3268.571428571429,19.673739301531665,10310461.288716523
228.57142857142858,434.28571428571433,3434.2857142857147,19.560188013897772,10228924.160174718
228.57142857142858,434.28571428571433,3600.0,19.455915896294268,10153598.27461705
228.57142857142858,481.42857142857144,120.0,27.42375005771233,40453053.17962086
228.57142857142858,481.42857142857144,285.7142857142857,26.278875281958886,22477504.381863143
228.57142857142858,481.42857142857144,451.42857142857144,25.44246894320782,17710131.200192675
228.57142857142858,481.42857142857144,617.1428571428571,24.716725690415952,15593343.553316304
228.57142857142858,481.42857142857144,782.8571428571429,24.067392076276256,14407316.113859486
228.57142857142858,481.42857142857144,948.5714285714287,23.487173928337302,13640628.025481332
228.57142857142858,481.42857142857144,1114.2857142857142,22.971711597728127,13094416.027712507
228.57142857142858,481.42857142857144,1280.0,22.51562225788614,12678012.041462868
228.57142857142858,481.42857142857144,1445.7142857142858,22.1126776512309,12345107.503091631
228.57142857142858,481.42857142857144,1611.4285714285716,21.756501003198576,12069814.33625362
228.57142857142858,481.42857142857144,1777.1428571428573,21.441058137514915,11836523.517580356
228.57142857142858,481.42857142857144,1942.857142857143,21.160901583354573,11635199.83503771
228.57142857142858,481.42857142857144,2108.5714285714284,20.91124893166673,11459031.89264073
228.57142857142858,481.42857142857144,2274.285714285714,20.68796970465966,11303181.954660289
228.57142857142858,481.42857142857144,2440.0,20.48752903842303,11164082.67472972
228.57142857142858,481.42857142857144,2605.714285714286,20.306915701227997,11039021.08994547
228.57142857142858,481.42857142857144,2771.4285714285716,20.143568773632673,10925881.116022233
228.57142857142858,481.42857142857144,2937.1428571428573,19.995309712504604,10822977.502106616
228.57142857142858,481.42857142857144,3102.857142857143,19.860282401182253,10728944.77094614
228.57142857142858,481.42857142857144,3268.571428571429,19.7369016817306,10642660.483312612
228.57142857142858,481.42857142857144,3434.2857142857147,19.623809871175297,10563190.678339802
228.57142857142858,481.42857142857144,3600.0,19.519840361148223,10489750.095584666
228.57142857142858,528.5714285714286,120.0,27.307340268921397,41736691.73663642
228.57142857142858,528.5714285714286,285.7142857142857,26.19700365429872,22871645.075145263
228.57142857142858,528.5714285714286,451.42857142857144,25.38719351319938,18003641.916923627
228.57142857142858,528.5714285714286,617.1428571428571,24.682807652610958,15863224.546441825
228.57142857142858,528.5714285714286,782.8571428571429,24.05153107768082,14672283.28561314
228.57142857142858,528.5714285714286,948.5714285714287,23.48660142831698,13907255.820757141
228.57142857142858,528.5714285714286,1114.2857142857142,22.983936176231822,13365311.015304916
228.57142857142858,528.5714285714286,1280.0,22.53843775877044,12954134.882151544
228.57142857142858,528.5714285714286,1445.7142857142858,22.1441845120191,12626657.568406701
228.57142857142858,528.5714285714286,1611.4285714285716,21.795099700509024,12356629.429984545
228.57142857142858,528.5714285714286,1777.1428571428573,21.485421765697257,12128277.228111349
228.57142857142858,528.5714285714286,1942.857142857143,21.209939385730024,11931502.78134407
228.57142857142858,528.5714285714286,2108.5714285714284,20.96406875279931,11759483.893235154
228.57142857142858,528.5714285714286,2274.285714285714,20.7438434485839,11607398.161968302
228.57142857142858,528.5714285714286,2440.0,20.545862725328476,11471705.670088055
228.57142857142858,528.5714285714286,2605.714285714286,20.367224374402614,11349725.409194086
228.57142857142858,528.5714285714286,2771.4285714285716,20.2054558836787,11239373.76595929
228.57142857142858,528.5714285714286,2937.1428571428573,20.058450373362433,11138996.444974137
228.57142857142858,528.5714285714286,3102.857142857143,19.92440987588207,11047256.474613504
228.57142857142858,528.5714285714286,3268.571428571429,19.80179650658962,10963057.139841279
228.57142857142858,528.5714285714286,3434.2857142857147,19.689291109358912,10885487.413167905
228.57142857142858,528.5714285714286,3600.0,19.585758563115288,10813782.3305855
228.57142857142858,575.7142857142858,120.0,27.202826031670433,42832285.32692538
228.57142857142858,575.7142857142858,285.7142857142857,26.127078573315767,23231667.5747342
228.57142857142858,575.7142857142858,451.42857142857144,25.341606047829526,18283591.72646508
228.57142857142858,575.7142857142858,617.1428571428571,24.65650898230064,16124888.267374335
228.57142857142858,575.7142857142858,782.8571428571429,24.04150886021672,14930680.617627237
228.57142857142858,575.7142857142858,948.5714285714287,23.490385456102157,14167681.506808704
228.57142857142858,575.7142857142858,1114.2857142857142,22.99932153912034,13629855.759604093
228.57142857142858,575.7142857142858,1280.0,22.563475417247783,13223547.920309564
228.57142857142858,575.7142857142858,1445.7142857142858,22.177194297399982,12901063.577165697
228.57142857142858,575.7142857142858,1611.4285714285716,21.83466299894659,12635855.83916782
228.57142857142858,575.7142857142858,1777.1428571428573,21.53035751515101,12412017.19626863
228.57142857142858,575.7142857142858,1942.857142857143,21.259272663704184,12219399.324482827
228.57142857142858,575.7142857142858,2108.5714285714284,21.016998483832577,12051173.398910128
228.57142857142858,575.7142857142858,2274.285714285714,20.799712644475502,11902532.205346668
228.57142857142858,575.7142857142858,2440.0,20.60413261380155,11769961.063096454
228.57142857142858,575.7142857142858,2605.714285714286,20.427452647567552,11650807.877873834
228.57142857142858,575.7142857142858,2771.4285714285716,20.267278765899377,11543018.242916983
228.57142857142858,575.7142857142858,2937.1428571428573,20.12156800553573,11444965.644311542
228.57142857142858,575.7142857142858,3102.857142857143,19.988574476940144,11355338.679168886
228.57142857142858,575.7142857142858,3268.571428571429,19.8668028122768,11273063.713231185
228.57142857142858,575.7142857142858,3434.2857142857147,19.754968655532892,11197250.311513534
228.57142857142858,575.7142857142858,3600.0,19.651965452796773,11127151.753510261
228.57142857142858,622.8571428571429,120.0,27.108935725014415,43777852.19164297
228.57142857142858,622.8571428571429,285.7142857142857,26.06684691735355,23565906.23114469
228.57142857142858,622.8571428571429,451.42857142857144,25.303620508790097,18553045.20766613
228.57142857142858,622.8571428571429,617.1428571428571,24.636013394111075,16379855.231875947
228.57142857142858,622.8571428571429,782.8571428571429,24.03576656798426,15183464.182729248
228.57142857142858,622.8571428571429,948.5714285714287,23.497185509928542,14422651.883861698
228.57142857142858,622.8571428571429,1114.2857142857142,23.01670023072027,13888738.543844478
228.57142857142858,622.8571428571429,1280.0,22.58969781809635,13486948.747170879
228.57142857142858,622.8571428571429,1445.7142857142858,22.210762453031847,13169062.388415137
228.57142857142858,622.8571428571429,1611.4285714285716,21.87430874133324,12908281.328068394
228.57142857142858,622.8571428571429,1777.1428571428573,21.575021496229773,12688584.704405358
228.57142857142858,622.8571428571429,1942.857142857143,21.308077119003517,12499782.514398845
228.57142857142858,622.8571428571429,2108.5714285714284,21.069219210551655,12335041.511945765
228.57142857142858,622.8571428571429,2274.285714285714,20.854753111912522,12189568.801470889
228.57142857142858,622.8571428571429,2440.0,20.66150138798467,12059872.658419134
228.57142857142858,622.8571428571429,2605.714285714286,20.48674434982979,11943327.083797636
228.57142857142858,622.8571428571429,2771.4285714285716,20.328158323761407,11837903.971185043
228.57142857142858,622.8571428571429,2937.1428571428573,20.183757774348646,11742001.817100218
228.57142857142858,622.8571428571429,3102.857142857143,20.051843774715785,11654332.250779418
228.57142857142858,622.8571428571429,3268.571428571429,19.930959440319377,11573842.45008078
228.57142857142858,622.8571428571429,3434.2857142857147,19.81985203292662,11499660.571238184
228.57142857142858,622.8571428571429,3600.0,19.717441053281515,11431056.386193324
228.57142857142858,670.0,120.0,27.024470802277282,44603284.55651908
228.57142857142858,670.0,285.7142857142857,26.014569106688597,23880321.13707981
228.57142857142858,670.0,451.42857142857144,25.271691693081475,18814169.49492415
228.57142857142858,670.0,617.1428571428571,24.620010407629223,16629223.224821521
228.57142857142858,670.0,782.8571428571429,24.03320677262246,15431354.912263006
228.57142857142858,670.0,948.5714285714287,23.506082373338042,14672757.69687271
228.57142857142858,670.0,1114.2857142857142,23.035294256336865,14142523.069413258
228.57142857142858,670.0,1280.0,22.616434005663567,13744919.478261128
228.57142857142858,670.0,1445.7142857142858,22.244295767959652,13431273.83661952
228.57142857142858,670.0,1611.4285714285716,21.913497486543065,13174570.204895666
228.57142857142858,670.0,1777.1428571428573,21.618908992175342,12958689.18937471
228.57142857142858,670.0,1942.857142857143,21.355867934601562,12773404.693682503
228.57142857142858,670.0,2108.5714285714284,21.12025464854815,12611880.02907548
228.57142857142858,670.0,2274.285714285714,20.908488490465654,12469335.366982602
228.57142857142858,670.0,2440.0,20.717486168060454,12342299.700560663
228.57142857142858,670.0,2605.714285714286,20.544605320946257,12228170.550532889
228.57142857142858,670.0,2771.4285714285716,20.387585654051417,12124943.53000858
228.57142857142858,670.0,2937.1428571428573,20.244493568819696,12031039.720239649
228.57142857142858,670.0,3102.857142857143,20.11367274974152,11945191.57992948
228.57142857142858,670.0,3268.571428571429,19.99370134544379,11866365.138397425
228.57142857142858,670.0,3434.2857142857147,19.88335549717553,11793705.418401362
228.57142857142858,670.0,3600.0,19.781578584488212,11726497.177746898
228.57142857142858,717.1428571428572,120.0,26.948338827137427,45332122.81017682
228.57142857142858,717.1428571428572,285.7142857142857,25.968884428194176,24179260.039574943
228.57142857142858,717.1428571428572,451.42857142857144,25.244652984144718,19068540.702063758
228.57142857142858,717.1428571428572,617.1428571428571,24.607534156308958,16873813.25837408
228.57142857142858,717.1428571428572,782.8571428571429,24.033039889852255,15674917.436002795
228.57142857142858,717.1428571428572,948.5714285714287,23.516432620324597,14918482.17185403
228.57142857142858,717.1428571428572,1114.2857142857142,23.054576155954305,14391683.315702347
228.57142857142858,717.1428571428572,1280.0,22.643245103499776,13997955.985086545
228.57142857142858,717.1428571428572,1445.7142857142858,22.277420620015434,13688228.33690004
228.57142857142858,717.1428571428572,1611.4285714285716,21.95190177680938,13435291.276567103
228.57142857142858,717.1428571428572,1777.1428571428573,21.661723499403884,13222937.475885898
228.57142857142858,717.1428571428572,1942.857142857143,21.402367660953427,13040908.390672866
228.57142857142858,717.1428571428572,2108.5714285714284,21.169837214518605,12882364.090159869
228.57142857142858,717.1428571428572,2274.285714285714,20.960654044423915,12742536.374018816
228.57142857142858,717.1428571428572,2440.0,20.771819756219937,12617972.819121609
228.57142857142858,717.1428571428572,2605.714285714286,20.600761925244637,12506092.127910508
228.57142857142858,717.1428571428572,2771.4285714285716,20.44527774260098,12404911.339338137
228.57142857142858,717.1428571428572,2937.1428571428573,20.30348085590917,12312871.987129752
228.57142857142858,717.1428571428572,3102.857142857143,20.17375382680121,12228725.4352723
228.57142857142858,717.1428571428572,3268.571428571429,20.054706861767563,12151454.858007262
228.57142857142858,717.1428571428572,3434.2857142857147,19.945142607822152,12080220.646641066
228.57142857142858,717.1428571428572,3600.0,19.84402642669775,12014321.237832088
228.57142857142858,764.2857142857143,120.0,26.87956360502071,45982960.0937652
228.57142857142858,764.2857142857143,285.7142857142857,25.928715595384038,24465950.70372861
228.57142857142858,764.2857142857143,451.42857142857144,25.22160870446439,19317333.604476884
228.57142857142858,764.2857142857143,617.1428571428571,24.597859510444195,17114258.046581242
228.57142857142858,764.2857142857143,782.8571428571429,24.034687159485365,15914607.48020731
228.57142857142858,764.2857142857143,948.5714285714287,23.527778169673763,15160230.451294387
228.57142857142858,764.2857142857143,1114.2857142857142,23.07418379291316,14636625.280493394
228.57142857142858,764.2857142857143,1280.0,22.66984278925429,14246486.833683316
228.57142857142858,764.2857142857143,1445.7142857142858,22.30990372087308,13940385.406050067
228.57142857142858,764.2857142857143,1611.4285714285716,21.989327982961875,13690937.091793153
228.57142857142858,764.2857142857143,1777.1428571428573,21.703298761231387,13481854.244611137
228.57142857142858,764.2857142857143,1942.857142857143,21.44742775594897,13302848.187101092
228.57142857142858,764.2857142857143,2108.5714285714284,21.217828578707582,13147075.452659065
228.57142857142858,764.2857142857143,2274.285714285714,21.01111588228332,13009777.95736215
228.57142857142858,764.2857142857143,2440.0,20.824368291267966,12887519.858903412
228.57142857142858,764.2857142857143,2605.714285714286,20.65507699469835,12777738.924123337
228.57142857142858,764.2857142857143,2771.4285714285716,20.5010916123375,12678471.574294744
228.57142857142858,764.2857142857143,2937.1428571428573,20.360568996226153,12588177.912329746
228.57142857142858,764.2857142857143,3102.857142857143,20.23192735429308,12505626.516359627
228.57142857142858,764.2857142857143,3268.571428571429,20.11380636549427,12429816.209984409
228.57142857142858,764.2857142857143,3434.2857142857147,20.005033110507245,12359921.442403117
228.57142857142858,764.2857142857143,3600.0,19.90459326956407,12295253.186508024
228.57142857142858,811.4285714285714,120.0,26.817283159355433,46570537.697508454
228.57142857142858,811.4285714285714,285.7142857142857,25.893200180409767,24742827.096156072
228.57142857142858,811.4285714285714,451.42857142857144,25.201860917943602,19561442.968348388
228.57142857142858,811.4285714285714,617.1428571428571,24.590433231311945,17351057.76837536
228.57142857142858,811.4285714285714,782.8571428571429,24.037717518679532,16150801.72913924
228.57142857142858,811.4285714285714,948.5714285714287,23.539788343115227,15398348.480215868
228.57142857142858,811.4285714285714,1114.2857142857142,23.093866497950984,14877701.426962335
228.57142857142858,811.4285714285714,1280.0,22.696038354105905,14490886.363484016
228.57142857142858,811.4285714285714,1445.7142857142858,22.341603045660335,14188146.840250717
228.57142857142858,811.4285714285714,1611.4285714285716,22.025668246417563,13941937.895076534
228.57142857142858,811.4285714285714,1777.1428571428573,21.743551052814354,13735897.039863573
228.57142857142858,811.4285714285714,1942.857142857143,21.490980708382423,13559706.853322854
228.57142857142858,811.4285714285714,2108.5714285714284,21.264171257555358,13406519.727040108
228.57142857142858,811.4285714285714,2274.285714285714,21.059821755585983,13271586.175418599
228.57142857142858,811.4285714285714,2440.0,20.875081072419896,13151485.073218152
228.57142857142858,811.4285714285714,2605.714285714286,20.70749855825549,13043671.33441087
228.57142857142858,811.4285714285714,2771.4285714285716,20.5549718848743,12946198.936041366
228.57142857142858,811.4285714285714,2937.1428571428573,20.415697598710373,12857544.878643915
228.57142857142858,811.4285714285714,3102.857142857143,20.288126737768025,12776493.459453514
228.57142857142858,811.4285714285714,3268.571428571429,20.17092619108829,12702057.832306212
228.57142857142858,811.4285714285714,3434.2857142857147,20.062945652383938,12633425.34971099
228.57142857142858,811.4285714285714,3600.0,19.963189652312774,12569918.514832629
228.57142857142858,858.5714285714287,120.0,26.760741740064866,47106592.883753344
228.57142857142858,858.5714285714287,285.7142857142857,25.86164067500288,25011750.34538606
228.57142857142858,858.5714285714287,451.42857142857144,25.184858552436935,19801563.445613135
228.57142857142858,858.5714285714287,617.1428571428571,24.584827202426652,17584616.46356086
228.57142857142858,858.5714285714287,782.8571428571429,24.041805452872776,16383817.456985904
228.57142857142858,858.5714285714287,948.5714285714287,23.55222176241693,15633135.755922744
228.57142857142858,858.5714285714287,1114.2857142857142,23.113450137364126,15115220.824937392
228.57142857142858,858.5714285714287,1280.0,22.721710057910876,14731484.201374024
228.57142857142858,858.5714285714287,1445.7142857142858,22.37243669861131,14431866.529863678
228.57142857142858,858.5714285714287,1611.4285714285716,22.06087022076438,14188672.155198492
228.57142857142858,858.5714285714287,1777.1428571428573,21.78244930250548,13985467.666105442
228.57142857142858,858.5714285714287,1942.857142857143,21.53301016297605,13811907.637388892
228.57142857142858,858.5714285714287,2108.5714285714284,21.308858464329585,13661139.519902868
228.57142857142858,858.5714285714287,2274.285714285714,21.106770434417154,13528420.940878354
228.57142857142858,858.5714285714287,2440.0,20.92395931857035,13410343.765901491
228.57142857142858,858.5714285714287,2605.714285714286,20.758027889129515,13304378.317992225
228.57142857142858,858.5714285714287,2771.4285714285716,20.60691805417082,13208594.491537558
228.57142857142858,858.5714285714287,2937.1428571428573,20.46886298442102,13121484.693909632
228.57142857142858,858.5714285714287,3102.857142857143,20.3423440763825,13041847.612458158
228.57142857142858,858.5714285714287,3268.571428571429,20.226053436671474,12968709.560811598
228.57142857142858,858.5714285714287,3434.2857142857147,20.118861762682542,12901269.77133597
228.57142857142858,858.5714285714287,3600.0,20.019791132784608,12838861.38612144
228.57142857142858,905.7142857142858,120.0,26.70927935048542,47600513.115825295
228.57142857142858,905.7142857142858,285.7142857142857,25.83346763641688,25274161.45411531
228.57142857142858,905.7142857142858,451.42857142857144,25.170161333165048,20038243.5665278
228.57142857142858,905.7142857142858,617.1428571428571,24.580705955815183,17815266.54886998
228.57142857142858,905.7142857142858,782.8571428571429,24.046702205236265,16613925.942946851
228.57142857142858,905.7142857142858,948.5714285714287,23.564900711673168,15864854.331155378
228.57142857142858,905.7142857142858,1114.2857142857142,23.132813939403988,15349456.602925126
228.57142857142858,905.7142857142858,1280.0,22.746781749084143,14968572.47221433
228.57142857142858,905.7142857142858,1445.7142857142858,22.40236274439308,14671858.029664071
228.57142857142858,905.7142857142858,1611.4285714285716,22.094917640125004,14431474.752150113
228.57142857142858,905.7142857142858,1777.1428571428573,21.81999602554627,14230921.07713312
228.57142857142858,905.7142857142858,1942.857142857143,21.573531936133094,14059823.8571707
228.57142857142858,905.7142857142858,2108.5714285714284,21.351914995796967,13911324.689525912
228.57142857142858,905.7142857142858,2274.285714285714,21.151992310823868,13780686.883255035
228.57142857142858,905.7142857142858,2440.0,20.971036378389645,13664513.69959711
228.57142857142858,905.7142857142858,2605.714285714286,20.806699245191332,13560289.292119324
228.57142857142858,905.7142857142858,2771.4285714285716,20.656963706323268,13466097.997527238
228.57142857142858,905.7142857142858,2937.1428571428573,20.520096853960194,13380446.294372601
228.57142857142858,905.7142857142858,3102.857142857143,20.394608260449438,13302146.072659876
228.57142857142858,905.7142857142858,3268.571428571429,20.27921348474476,13230235.761587918
228.57142857142858,905.7142857142858,3434.2857142857147,20.172802797378765,13163925.560987301
228.57142857142858,905.7142857142858,3600.0,20.074414662427717,13102558.457465528
228.57142857142858,952.8571428571429,120.0,26.662320697433564,48059840.83081416
228.57142857142858,952.8571428571429,285.7142857142857,25.808212146886195,25531188.771676496
228.57142857142858,952.8571428571429,451.42857142857144,25.15741375814273,20271923.08726495
228.57142857142858,952.8571428571429,617.1428571428571,24.577803680020704,18043285.809784476
228.57142857142858,952.8571428571429,782.8571428571429,24.052215709708815,16841361.962811414
228.57142857142858,952.8571428571429,948.5714285714287,23.577693534561867,16093735.423702324
228.57142857142858,952.8571428571429,1114.2857142857142,23.151874815316162,15580651.631161634
228.57142857142858,952.8571428571429,1280.0,22.77120859721159,15202411.43965051
228.57142857142858,952.8571428571429,1445.7142857142858,22.431365911629946,14908400.55513285
228.57142857142858,952.8571428571429,1611.4285714285716,22.12781763499515,14670643.49150177
228.57142857142858,952.8571428571429,1777.1428571428573,21.856214970633637,14472572.45495116
228.57142857142858,952.8571428571429,1942.857142857143,21.612581777612984,14303786.533439416
228.57142857142858,952.8571428571429,2108.5714285714284,21.393384947147727,14157420.496677916
228.57142857142858,952.8571428571429,2274.285714285714,21.19553694766351,14028741.970634252
228.57142857142858,952.8571428571429,2440.0,21.016365026803697,13914364.139463793
228.57142857142858,952.8571428571429,2605.714285714286,20.853566852127845,13811783.550612932
228.57142857142858,952.8571428571429,2771.4285714285716,20.705163147720558,13719097.650456073
228.57142857142858,952.8571428571429,2937.1428571428573,20.569452533503608,13634825.786883848
228.57142857142858,952.8571428571429,3102.857142857143,20.444970819152875,13557791.986504646
228.57142857142858,952.8571428571429,3268.571428571429,20.33045544355444,13487045.857790506
228.57142857142858,952.8571428571429,3434.2857142857147,20.22481497222364,13421807.750423102
228.57142857142858,952.8571428571429,3600.0,20.12710321343978,13361429.783757102
228.57142857142858,1000.0,120.0,26.619364553867623,48490663.57040931
228.57142857142858,1000.0,285.7142857142857,25.785484988571362,25783724.88034023
228.57142857142858,1000.0,451.42857142857144,25.14632601628107,20502959.37282601
228.57142857142858,1000.0,617.1428571428571,24.575907654288255,18268909.486087147
228.57142857142858,1000.0,782.8571428571429,24.058196350079687,17066330.71637974
228.57142857142858,1000.0,948.5714285714287,23.590502329773432,16319984.431300394
228.57142857142858,1000.0,1114.2857142857142,23.170576566380625,15809022.985602986
228.57142857142858,1000.0,1280.0,22.79496741732196,15433234.027694896
228.57142857142858,1000.0,1445.7142857142858,22.459448697355693,15141743.829545282
228.57142857142858,1000.0,1611.4285714285716,22.15959234283439,14906444.381169891
228.57142857142858,1000.0,1777.1428571428573,21.89114302098067,14710702.940120813
228.57142857142858,1000.0,1942.857142857143,21.650207396194272,14544090.559042893
228.57142857142858,1000.0,2108.5714285714284,21.43332373696819,14399734.180532986
228.57142857142858,1000.0,2274.285714285714,21.237465009751805,14272904.453897342
228.57142857142858,1000.0,2440.0,21.06000923423115,14160223.126531558
228.57142857142858,1000.0,2605.714285714286,20.898696461971923,14059197.82914966
228.57142857142858,1000.0,2771.4285714285716,20.751582718810624,13967937.909651348
228.57142857142858,1000.0,2937.1428571428573,20.616996020942626,13884974.499478577
228.57142857142858,1000.0,3102.857142857143,20.493496684666884,13809142.80059264
228.57142857142858,1000.0,3268.571428571429,20.37984262115143,13739502.757347504
228.57142857142858,1000.0,3434.2857142857147,20.274959543462426,13675284.13312293
228.57142857142858,1000.0,3600.0,20.177915666394753,13615847.539214822
264.2857142857143,10.0,120.0,28.960110369568124,3255972.340282549
264.2857142857143,10.0,285.7142857142857,28.906810178458752,3682024.178475041
264.2857142857143,10.0,451.42857142857144,28.797437393978292,4143188.471034981
264.2857142857143,10.0,617.1428571428571,28.637938913763595,4509918.70608808
264.2857142857143,10.0,782.8571428571429,28.446055227742416,4757293.980366598
264.2857142857143,10.0,948.5714285714287,28.242266297337995,4896532.852167802
264.2857142857143,10.0,1114.2857142857142,28.042332415368,4953467.465940396
264.2857142857143,10.0,1280.0,27.855583326047785,4953977.763781939
264.2857142857143,10.0,1445.7142857142858,27.686231124522962,4918597.515363251
264.2857142857143,10.0,1611.4285714285716,27.535248199769928,4861944.90350482
264.2857142857143,10.0,1777.1428571428573,27.40185199088713,4793817.816733819
264.2857142857143,10.0,1942.857142857143,27.284457505544594,4720532.444803615
264.2857142857143,10.0,2108.5714285714284,27.181219662816567,4646036.212674484
264.2857142857143,10.0,2274.285714285714,27.090313592950658,4572717.286740594
264.2857142857143,10.0,2440.0,27.010063228199922,4501957.863799662
264.2857142857143,10.0,2605.714285714286,26.938987885060516,4434500.448738236
264.2857142857143,10.0,2771.4285714285716,26.875807355188194,4370686.23302888
264.2857142857143,10.0,2937.1428571428573,26.819427842483716,4310608.779366083
264.2857142857143,10.0,3102.857142857143,26.76892053233539,4254212.524702782
264.2857142857143,10.0,3268.571428571429,26.72349871048581,4201355.606215527
264.2857142857143,10.0,3434.2857142857147,26.6824961869921,4151849.69375503
264.2857142857143,10.0,3600.0,26.64534812916758,4105485.0177852786
264.2857142857143,57.142857142857146,120.0,28.825509195473273,12697499.442115821
264.2857142857143,57.142857142857146,285.7142857142857,28.285964047662148,11782960.600661539
264.2857142857143,57.142857142857146,451.42857142857144,27.557293294770247,11282897.77056517
264.2857142857143,57.142857142857146,617.1428571428571,26.760470461945978,10865742.96027215
264.2857142857143,57.142857142857146,782.8571428571429,25.97160122755252,10466331.95670347
264.2857142857143,57.142857142857146,948.5714285714287,25.239065757527854,10072808.656353593
264.2857142857143,57.142857142857146,1114.2857142857142,24.585915399501815,9692002.837045105
264.2857142857143,57.142857142857146,1280.0,24.01741684559808,9332557.81272212
264.2857142857143,57.142857142857146,1445.7142857142858,23.52899144590604,8999901.765551686
264.2857142857143,57.142857142857146,1611.4285714285716,23.111782908991962,8696057.140850203
264.2857142857143,57.142857142857146,1777.1428571428573,22.75583645233204,8420685.942210287
264.2857142857143,57.142857142857146,1942.857142857143,22.45165635898735,8172112.445739863
264.2857142857143,57.142857142857146,2108.5714285714284,22.190836513163323,7948040.61560206
264.2857142857143,57.142857142857146,2274.285714285714,21.96621704078001,7745990.41550326
264.2857142857143,57.142857142857146,2440.0,21.771823876974796,7563538.015229532
264.2857142857143,57.142857142857146,2605.714285714286,21.60272485155109,7398434.142609049
264.2857142857143,57.142857142857146,2771.4285714285716,21.454866844175502,7248651.793412139
264.2857142857143,57.142857142857146,2937.1428571428573,21.324922399365693,7112395.307948145
264.2857142857143,57.142857142857146,3102.857142857143,21.210156230377184,6988089.755496909
264.2857142857143,57.142857142857146,3268.571428571429,21.108313632929104,6874361.40574871
264.2857142857143,57.142857142857146,3434.2857142857147,21.01752924014851,6770015.195994898
264.2857142857143,57.142857142857146,3600.0,20.936253295332715,6674012.280552
264.2857142857143,104.28571428571429,120.0,28.60273694813054,20290399.861170158
264.2857142857143,104.28571428571429,285.7142857142857,27.69665343152136,15795075.084719852
264.2857142857143,104.28571428571429,451.42857142857144,26.742851170013527,13785507.601176422
264.2857142857143,104.28571428571429,617.1428571428571,25.82068554150311,12599418.11579557
264.2857142857143,104.28571428571429,782.8571428571429,24.96383448211781,11774990.465769026
264.2857142857143,104.28571428571429,948.5714285714287,24.19354067733199,11137225.88015955
264.2857142857143,104.28571428571429,1114.2857142857142,23.516998735421762,10613118.428855319
264.2857142857143,104.28571428571429,1280.0,22.931090563663464,10168487.67835523
264.2857142857143,104.28571428571429,1445.7142857142858,22.427264408180626,9784744.080983132
264.2857142857143,104.28571428571429,1611.4285714285716,21.995035059377965,9450107.420520963
264.2857142857143,104.28571428571429,1777.1428571428573,21.623949206668918,9156170.52488584
264.2857142857143,104.28571428571429,1942.857142857143,21.30449880948203,8896470.599046482
264.2857142857143,104.28571428571429,2108.5714285714284,21.028436579678846,8665832.854036817
264.2857142857143,104.28571428571429,2274.285714285714,20.78879131705796,8460024.234403908
264.2857142857143,104.28571428571429,2440.0,20.57975190770981,8275541.381566159
264.2857142857143,104.28571428571429,2605.714285714286,20.39650744679366,8109463.93181044
264.2857142857143,104.28571428571429,2771.4285714285716,20.235085157394128,7959344.674873161
264.2857142857143,104.28571428571429,2937.1428571428573,20.092203709101916,7823123.668215612
264.2857142857143,104.28571428571429,3102.857142857143,19.96514759425845,7699059.610207778
264.2857142857143,104.28571428571429,3268.571428571429,19.851662687671595,7585674.420940394
264.2857142857143,104.28571428571429,3434.2857142857147,19.74987083856783,7481708.242555937
264.2857142857143,104.28571428571429,3600.0,19.65820064621815,7386082.774993915
264.2857142857143,151.42857142857144,120.0,28.356014355676276,26178412.0387592
264.2857142857143,151.42857142857144,285.7142857142857,27.258117286405387,18050222.661963508
264.2857142857143,151.42857142857144,451.42857142857144,26.256521400138205,15009341.484383497
264.2857142857143,151.42857142857144,617.1428571428571,25.338442056113994,13414271.236275146
264.2857142857143,151.42857142857144,782.8571428571429,24.50400509645388,12403369.054458085
264.2857142857143,151.42857142857144,948.5714285714287,23.759800031023246,11677311.269083764
264.2857142857143,151.42857142857144,1114.2857142857142,23.106509346895503,11112948.28136682
264.2857142857143,151.42857142857144,1280.0,22.538682860054067,10652625.278789543
264.2857142857143,151.42857142857144,1445.7142857142858,22.047496762731008,10265866.780080825
264.2857142857143,151.42857142857144,1611.4285714285716,21.623075152269337,9934629.250734437
264.2857142857143,151.42857142857144,1777.1428571428573,21.25584888866212,9647142.508097863
264.2857142857143,151.42857142857144,1942.857142857143,20.937189077577397,9395129.980318053
264.2857142857143,151.42857142857144,2108.5714285714284,20.65961334848656,9172448.0502667
264.2857142857143,151.42857142857144,2274.285714285714,20.416773726647907,8974361.225621674
264.2857142857143,151.42857142857144,2440.0,20.203348294719426,8797122.350115338
264.2857142857143,151.42857142857144,2605.714285714286,20.01490134228434,8637710.189966707
264.2857142857143,151.42857142857144,2771.4285714285716,19.847743377447177,8493654.487084817
264.2857142857143,151.42857142857144,2937.1428571428573,19.69880445947742,8362913.235706902
264.2857142857143,151.42857142857144,3102.857142857143,19.565525235413634,8243783.207468914
264.2857142857143,151.42857142857144,3268.571428571429,19.445765770895573,8134832.815617371
264.2857142857143,151.42857142857144,3434.2857142857147,19.337730452686294,8034850.647022283
264.2857142857143,151.42857142857144,3600.0,19.239906657867678,7942805.353629657
264.2857142857143,198.57142857142858,120.0,28.11669580851095,30693582.65586234
264.2857142857143,198.57142857142858,285.7142857142857,26.936306085567296,19472479.1314064
264.2857142857143,198.57142857142858,451.42857142857144,25.946523697783476,15766541.227199817
264.2857142857143,198.57142857142858,617.1428571428571,25.06104457940691,13945400.410859738
264.2857142857143,198.57142857142858,782.8571428571429,24.26268555824628,12844217.768603547
264.2857142857143,198.57142857142858,948.5714285714287,23.55151462585082,12082694.785395166
264.2857142857143,198.57142857142858,1114.2857142857142,22.92572503876592,11507882.541515172
264.2857142857143,198.57142857142858,1280.0,22.379400831037525,11048980.595809544
264.2857142857143,198.57142857142858,1445.7142857142858,21.9042075600443,10669146.242513757
264.2857142857143,198.57142857142858,1611.4285714285716,21.49111361077725,10347118.141451051
264.2857142857143,198.57142857142858,1777.1428571428573,21.131443856635066,10069482.825809037
264.2857142857143,198.57142857142858,1942.857142857143,20.8173792314884,9827138.987659309
264.2857142857143,198.57142857142858,2108.5714285714284,20.54211862679142,9613551.868414281
264.2857142857143,198.57142857142858,2274.285714285714,20.29986445361818,9423825.419889571
264.2857142857143,198.57142857142858,2440.0,20.085729037111864,9254173.195887571
264.2857142857143,198.57142857142858,2605.714285714286,19.895614373897804,9101596.400231661
264.2857142857143,198.57142857142858,2771.4285714285716,19.72609124708779,8963676.41633969
264.2857142857143,198.57142857142858,2937.1428571428573,19.574289139982255,8838434.431259634
264.2857142857143,198.57142857142858,3102.857142857143,19.43780087120993,8724232.566848619
264.2857142857143,198.57142857142858,3268.571428571429,19.314602236267415,8619701.952163497
264.2857142857143,198.57142857142858,3434.2857142857147,19.202985352192794,8523689.02011684
264.2857142857143,198.57142857142858,3600.0,19.101503851868603,8435214.566618748
264.2857142857143,245.71428571428572,120.0,27.897677180463084,34164909.245390855
264.2857142857143,245.71428571428572,285.7142857142857,26.695416727998882,20459189.69640624
264.2857142857143,245.71428571428572,451.42857142857144,25.736467782227027,16315823.802504301
264.2857142857143,245.71428571428572,617.1428571428571,24.887877762633178,14361116.754716044
264.2857142857143,245.71428571428572,782.8571428571429,24.12471404892541,13212436.066417774
264.2857142857143,245.71428571428572,948.5714285714287,23.444259939116584,12436390.498438379
264.2857142857143,245.71428571428572,1114.2857142857142,22.843792391603007,11861436.796942787
264.2857142857143,245.71428571428572,1280.0,22.317503638100217,11408811.715878936
264.2857142857143,245.71428571428572,1445.7142857142858,21.857655944476036,11037902.435034974
264.2857142857143,245.71428571428572,1611.4285714285716,21.455973968234755,10725590.088537253
264.2857142857143,245.71428571428572,1777.1428571428573,21.104526615153233,10457547.945130613
264.2857142857143,245.71428571428572,1942.857142857143,20.796152589310676,10224246.361524617
264.2857142857143,245.71428571428572,2108.5714285714284,20.524600811221372,10018974.912898118
264.2857142857143,245.71428571428572,2274.285714285714,20.284519324526425,9836792.790125826
264.2857142857143,245.71428571428572,2440.0,20.071374851303048,9673934.615787175
264.2857142857143,245.71428571428572,2605.714285714286,19.881348134064115,9527453.466134472
264.2857142857143,245.71428571428572,2771.4285714285716,19.711227786928415,9394994.632688703
264.2857142857143,245.71428571428572,2937.1428571428573,19.55831289871597,9274645.381550219
264.2857142857143,245.71428571428572,3102.857142857143,19.420328083047945,9164831.119891891
264.2857142857143,245.71428571428572,3268.571428571429,19.295351441649277,9064241.193557166
264.2857142857143,245.71428571428572,3434.2857142857147,19.181754456231573,8971774.367227368
264.2857142857143,245.71428571428572,3600.0,19.07815228884819,8886497.835960845
264.2857142857143,292.8571428571429,120.0,27.702690930311373,36860578.78314384
264.2857142857143,292.8571428571429,285.7142857142857,26.51062897875709,21198845.958520126
264.2857142857143,292.8571428571429,451.42857142857144,25.58717490149605,16758394.70456221
264.2857142857143,292.8571428571429,617.1428571428571,24.773486063391495,14720118.641088521
264.2857142857143,292.8571428571429,782.8571428571429,24.041838008460843,13545037.365664748
264.2857142857143,292.8571428571429,948.5714285714287,23.388436679150193,12763789.424535453
264.2857142857143,292.8571428571429,1114.2857142857142,22.81028917389266,12192576.71366454
264.2857142857143,292.8571428571429,1280.0,22.30186717521557,11747463.43857207
264.2857142857143,292.8571428571429,1445.7142857142858,21.855986515701257,11385416.358338086
264.2857142857143,292.8571428571429,1611.4285714285716,21.465003889166457,11082144.025508042
264.2857142857143,292.8571428571429,1777.1428571428573,21.1215918276215,10822761.128926264
264.2857142857143,292.8571428571429,1942.857142857143,20.819118236257484,10597493.267334517
264.2857142857143,292.8571428571429,2108.5714285714284,20.55177474514637,10399547.189655682
264.2857142857143,292.8571428571429,2274.285714285714,20.31456983550469,10223981.533884363
264.2857142857143,292.8571428571429,2440.0,20.103259029982887,10067070.150236055
264.2857142857143,292.8571428571429,2605.714285714286,19.914252331560554,9925922.389191236
264.2857142857143,292.8571428571429,2771.4285714285716,19.744519415737113,9798244.838203317
264.2857142857143,292.8571428571429,2937.1428571428573,19.59150200446527,9682184.91773235
264.2857142857143,292.8571428571429,3102.857142857143,19.45303696974199,9576224.098015323
264.2857142857143,292.8571428571429,3268.571428571429,19.327290770897893,9479102.495236984
264.2857142857143,292.8571428571429,3434.2857142857147,19.212704476076734,9389764.081866859
264.2857142857143,292.8571428571429,3600.0,19.10794809394743,9307315.903951166
264.2857142857143,340.0,120.0,27.531299348032697,38983566.17035409
264.2857142857143,340.0,285.7142857142857,26.365595579649423,21788913.77984709
264.2857142857143,340.0,451.42857142857144,25.47709176459462,17140117.789653067
264.2857142857143,340.0,617.1428571428571,24.694870851601888,15047026.267322874
264.2857142857143,340.0,782.8571428571429,23.9909091772482,13856779.061627176
264.2857142857143,340.0,948.5714285714287,23.3611329362056,13074770.91202554
264.2857142857143,340.0,1114.2857142857142,22.80255436911338,12508723.303479612
264.2857142857143,340.0,1280.0,22.309960072069813,12071139.297915766
264.2857142857143,340.0,1445.7142857142858,21.87664751059832,11717327.377411561
264.2857142857143,340.0,1611.4285714285716,21.495496623343957,11422201.658953615
264.2857142857143,340.0,1777.1428571428573,21.159672707761008,11170508.329585824
264.2857142857143,340.0,1942.857142857143,20.862974612803306,10952322.140818322
264.2857142857143,340.0,2108.5714285714284,20.59995539260783,10760810.72786318
264.2857142857143,340.0,2274.285714285714,20.365919295718278,10591049.58043722
264.2857142857143,340.0,2440.0,20.15686040950478,10439355.570648966
264.2857142857143,340.0,2605.714285714286,19.969379577623467,10302891.3342546
264.2857142857143,340.0,2771.4285714285716,19.800598473294777,10179418.66075849
264.2857142857143,340.0,2937.1428571428573,19.64807965151059,10067137.890573386
264.2857142857143,340.0,3102.857142857143,19.509756014004097,9964579.205845516
264.2857142857143,340.0,3268.571428571429,19.383870390711625,9870526.53168514
264.2857142857143,340.0,3434.2857142857147,19.26892466313385,9783962.70026169
264.2857142857143,340.0,3600.0,19.163637341011924,9704028.945234826
264.2857142857143,387.14285714285717,120.0,27.381388360654224,40682897.16633894
264.2857142857143,387.14285714285717,285.7142857142857,26.249459018361527,22283504.366677035
264.2857142857143,387.14285714285717,451.42857142857144,25.393555868619934,17484180.79589673
264.2857142857143,387.14285714285717,617.1428571428571,24.639326739053,15353658.835547954
264.2857142857143,387.14285714285717,782.8571428571429,23.959668582003015,14154559.591608968
264.2857142857143,387.14285714285717,948.5714285714287,23.350602683129328,13373965.497689186
264.2857142857143,387.14285714285717,1114.2857142857142,22.809262167626763,12813474.115678517
264.2857142857143,387.14285714285717,1280.0,22.330736934534855,12383013.265024308
264.2857142857143,387.14285714285717,1445.7142857142858,21.908736611249296,12036692.209522603
264.2857142857143,387.14285714285717,1611.4285714285716,21.536577002809807,11748854.330307506
264.2857142857143,387.14285714285717,1777.1428571428573,21.207831099889898,11503986.703512842
264.2857142857143,387.14285714285717,1942.857142857143,20.916654356128124,11292064.678666666
264.2857142857143,387.14285714285717,2108.5714285714284,20.657899880768138,11106238.347176667
264.2857142857143,387.14285714285717,2274.285714285714,20.42711867137321,10941606.274264267
264.2857142857143,387.14285714285717,2440.0,20.220505009525187,10794526.909556616
264.2857142857143,387.14285714285717,2605.714285714286,20.034820928204013,10662211.151204044
264.2857142857143,387.14285714285717,2771.4285714285716,19.867317381039896,10542469.558701511
264.2857142857143,387.14285714285717,2937.1428571428573,19.715660458423773,10433548.67981221
264.2857142857143,387.14285714285717,3102.857142857143,19.577865986414295,10334020.977254301
264.2857142857143,387.14285714285717,3268.571428571429,19.452243282940877,10242708.288992574
264.2857142857143,387.14285714285717,3434.2857142857147,19.337347628944645,10158627.035195513
264.2857142857143,387.14285714285717,3600.0,19.231940508603827,10080947.993184028
264.2857142857143,434.28571428571433,120.0,27.250349116987945,42066863.480024286
264.2857142857143,434.28571428571433,285.7142857142857,26.154842750857874,22714461.790068362
264.2857142857143,434.28571428571433,451.42857142857144,25.32870500793878,17803343.583910253
264.2857142857143,434.28571428571433,617.1428571428571,24.59933906118918,15646320.278640559
264.2857142857143,434.28571428571433,782.8571428571429,23.941123382148174,14442045.104178963
264.2857142857143,434.28571428571433,948.5714285714287,23.350344954231964,13663905.095797637
264.2857142857143,434.28571428571433,1114.2857142857142,22.82430178018865,13108905.160207974
264.2857142857143,434.28571428571433,1280.0,22.358360334175586,12685029.568961238
264.2857142857143,434.28571428571433,1445.7142857142858,21.94658256445343,12345479.097089713
264.2857142857143,434.28571428571433,1611.4285714285716,21.58265117867632,12064165.862129692
264.2857142857143,434.28571428571433,1777.1428571428573,21.260481333392153,11825384.187543482
264.2857142857143,434.28571428571433,1942.857142857143,20.97452821177512,11619039.538826248
264.2857142857143,434.28571428571433,2108.5714285714284,20.719898000799517,11438275.184969425
264.2857142857143,434.28571428571433,2274.285714285714,20.49235076117917,11278214.016012173
264.2857142857143,434.28571428571433,2440.0,20.288251271170598,11135252.745436242
264.2857142857143,434.28571428571433,2605.714285714286,20.104499610201525,11006645.251949871
264.2857142857143,434.28571428571433,2771.4285714285716,19.938458105591884,10890244.971900815
264.2857142857143,434.28571428571433,2937.1428571428573,19.787882593531677,10784338.843738303
264.2857142857143,434.28571428571433,3102.857142857143,19.65086124184664,10687536.196089499
264.2857142857143,434.28571428571433,3268.571428571429,19.52576175864226,10598691.898114458
264.2857142857143,434.28571428571433,3434.2857142857147,19.411186646099868,10516851.638142534
264.2857142857143,434.28571428571433,3600.0,19.30593566574468,10441211.956678573
264.2857142857143,481.42857142857144,120.0,27.13560430104218,43214134.321605295
264.2857142857143,481.42857142857144,285.7142857142857,26.076607124352403,23101450.49509997
264.2857142857143,481.42857142857144,451.42857142857144,25.277428708886454,18105120.869917944
264.2857142857143,481.42857142857144,617.1428571428571,24.570216774692764,15928674.257879807
264.2857142857143,481.42857142857144,782.8571428571429,23.931048818513634,14721404.50018605
264.2857142857143,481.42857142857144,948.5714285714287,23.35654663589937,13946161.805755708
264.2857142857143,481.42857142857144,1114.2857142857142,22.84418391302673,13396386.78305376
264.2857142857143,481.42857142857144,1280.0,22.3895738649537,12978540.129450472
264.2857142857143,481.42857142857144,1445.7142857142858,21.987080983660956,12645105.665137129
264.2857142857143,481.42857142857144,1611.4285714285716,21.63070030388021,12369654.80350444
264.2857142857143,481.42857142857144,1777.1428571428573,21.314638026097015,12136330.978957891
264.2857142857143,481.42857142857144,1942.857142857143,21.033604828730567,11934987.205451872
264.2857142857143,481.42857142857144,2108.5714285714284,20.782923377360863,11758765.013085429
264.2857142857143,481.42857142857144,2274.285714285714,20.55853330968956,11602810.595333915
264.2857142857143,481.42857142857144,2440.0,20.356946527567064,11463555.082606455
264.2857142857143,481.42857142857144,2605.714285714286,20.175182813476123,11338290.383620113
264.2857142857143,481.42857142857144,2771.4285714285716,20.010701560464646,11224907.645607233
264.2857142857143,481.42857142857144,2937.1428571428573,19.861337232477332,11121729.2546022
264.2857142857143,481.42857142857144,3102.857142857143,19.7252417207749,11027396.880820174
264.2857142857143,481.42857142857144,3268.571428571429,19.600834454677663,10940794.38616107
264.2857142857143,481.42857142857144,3434.2857142857147,19.48676000519965,10860993.175230429
264.2857142857143,481.42857142857144,3600.0,19.381852437655017,10787212.455018792
264.2857142857143,528.5714285714286,120.0,27.034817916891594,44182140.64633081
264.2857142857143,528.5714285714286,285.7142857142857,26.011083091109352,23457112.547684662
264.2857142857143,528.5714285714286,451.42857142857144,25.236276153198144,18394192.663636163
264.2857142857143,528.5714285714286,617.1428571428571,24.548901210872906,16203008.763158424
264.2857142857143,528.5714285714286,782.8571428571429,23.92677369815499,14994041.469969764
264.2857142857143,528.5714285714286,948.5714285714287,23.366868250886437,14221814.98715075
264.2857142857143,528.5714285714286,1114.2857142857142,22.866829743242594,13676915.139957583
264.2857142857143,528.5714285714286,1280.0,22.4224896634274,13264566.696915306
264.2857142857143,528.5714285714286,1445.7142857142858,22.028474023442946,12936666.730393268
264.2857142857143,528.5714285714286,1611.4285714285716,21.679046589726873,12666506.64352517
264.2857142857143,528.5714285714286,1777.1428571428573,21.368664123486493,12438106.169769425
264.2857142857143,528.5714285714286,1942.857142857143,21.0922578082675,12241276.301873818
264.2857142857143,528.5714285714286,2108.5714285714284,20.84533777200715,12069158.865225412
264.2857142857143,528.5714285714286,2274.285714285714,20.623999756692758,11916921.321604677
264.2857142857143,528.5714285714286,2440.0,20.42488408377181,11781025.382938731
264.2857142857143,528.5714285714286,2605.714285714286,20.245115470228196,11658796.536608886
264.2857142857143,528.5714285714286,2771.4285714285716,20.08223877679039,11548159.176176079
264.2857142857143,528.5714285714286,2937.1428571428573,19.934158015308107,11447466.946591428
264.2857142857143,528.5714285714286,3102.857142857143,19.79908170429424,11355390.067743937
264.2857142857143,528.5714285714286,3268.571428571429,19.675475453694215,11270838.031423654
264.2857142857143,528.5714285714286,3434.2857142857147,19.562021580124803,11192905.012280442
264.2857142857143,528.5714285714286,3600.0,19.45758508162663,11120830.320950301
264.2857142857143,575.7142857142858,120.0,26.945957307026266,45013126.7734708
264.2857142857143,575.7142857142858,285.7142857142857,25.95559249112344,23789857.02977456
264.2857142857143,575.7142857142858,451.42857142857144,25.202841459330777,18673613.84352687
264.2857142857143,575.7142857142858,617.1428571428571,24.53332551250531,16470842.650763862
264.2857142857143,575.7142857142858,782.8571428571429,23.926545972502407,15260934.091606176
264.2857142857143,575.7142857142858,948.5714285714287,23.379822853456428,14491663.868833972
264.2857142857143,575.7142857142858,1114.2857142857142,22.890961019980885,13951263.498365885
264.2857142857143,575.7142857142858,1280.0,22.455984623477185,13543923.638059556
264.2857142857143,575.7142857142858,1445.7142857142858,22.06974736026775,13221045.38595298
264.2857142857143,575.7142857142858,1611.4285714285716,21.72674650550588,12955681.836915174
264.2857142857143,575.7142857142858,1777.1428571428573,21.421656846420976,12731747.05161964
264.2857142857143,575.7142857142858,1942.857142857143,21.14960194967606,12539016.216090513
264.2857142857143,575.7142857142858,2108.5714285714284,20.906256026051025,12370631.797099164
264.2857142857143,575.7142857142858,2274.285714285714,20.687851935952203,12221780.08589499
264.2857142857143,575.7142857142858,2440.0,20.4911432204279,12088949.767838698
264.2857142857143,575.7142857142858,2605.714285714286,20.313347465064105,11969495.970305065
264.2857142857143,575.7142857142858,2771.4285714285716,20.152085467072098,11861372.484952018
264.2857142857143,575.7142857142858,2937.1428571428573,20.005323276924134,11762960.65372399
264.2857142857143,575.7142857142858,3102.857142857143,19.87132013121935,11672956.046114888
264.2857142857143,575.7142857142858,3268.571428571429,19.74858317230306,11590290.95838983
264.2857142857143,575.7142857142858,3434.2857142857147,19.635828805978967,11514079.866189651
264.2857142857143,575.7142857142858,3600.0,19.53195008647606,11443580.039002473
264.2857142857143,622.8571428571429,120.0,26.867289765637256,45738440.80400161
264.2857142857143,622.8571428571429,285.7142857142857,25.908140864191203,24105442.867431153
264.2857142857143,622.8571428571429,451.42857142857144,25.175401119922157,18945460.296133522
264.2857142857143,622.8571428571429,617.1428571428571,24.52205082882762,16733238.052739803
264.2857142857143,622.8571428571429,782.8571428571429,23.929181426988052,15522805.45233831
264.2857142857143,622.8571428571429,948.5714285714287,23.394438678443585,14756333.512273984
264.2857142857143,622.8571428571429,1114.2857142857142,22.915773756101462,14220058.898520695
264.2857142857143,622.8571428571429,1280.0,22.489381017575766,13817282.558489805
264.2857142857143,622.8571428571429,1445.7142857142858,22.11031379660113,13498974.19474597
264.2857142857143,622.8571428571429,1611.4285714285716,21.773274086318462,13237977.808954336
264.2857142857143,622.8571428571429,1777.1428571428573,21.473128190585864,13018113.907644007
264.2857142857143,622.8571428571429,1942.857142857143,21.205169127102195,12829125.470949542
264.2857142857143,622.8571428571429,2108.5714285714284,20.965216074749165,12664155.013069613
264.2857142857143,622.8571428571429,2274.285714285714,20.749623433548205,12518405.115026075
264.2857142857143,622.8571428571429,2440.0,20.55524543862375,12388388.1283412
264.2857142857143,622.8571428571429,2605.714285714286,20.379382554156493,12271485.353863986
264.2857142857143,622.8571428571429,2771.4285714285716,20.21972358189091,12165676.656723186
264.2857142857143,622.8571428571429,2937.1428571428573,20.07429032714974,12069368.028607124
264.2857142857143,622.8571428571429,3102.857142857143,19.941387770615727,11981277.66599973
264.2857142857143,622.8571428571429,3268.571428571429,19.81956064963611,11900358.273331998
264.2857142857143,622.8571428571429,3434.2857142857147,19.707556340810815,11825742.536771886
264.2857142857143,622.8571428571429,3600.0,19.60429348315013,11756703.870226359
264.2857142857143,670.0,120.0,26.797353183728575,46381561.19519337
264.2857142857143,670.0,285.7142857142857,25.867216006013077,24407914.762611035
264.2857142857143,670.0,451.42857142857144,25.152691403071852,19211192.673257787
264.2857142857143,670.0,617.1428571428571,24.51405001780643,16990971.292259365
264.2857142857143,670.0,782.8571428571429,23.933859518030523,15780215.526881041
264.2857142857143,670.0,948.5714285714287,23.410066656148917,15016332.116302527
264.2857142857143,670.0,1114.2857142857142,22.940754816762624,14483824.872499134
264.2857142857143,670.0,1280.0,22.522269090184707,14085210.004085273
264.2857142857143,670.0,1445.7142857142858,22.149839042042206,13771072.516227888
264.2857142857143,670.0,1611.4285714285716,21.818347587243778,13514068.09208818
264.2857142857143,670.0,1777.1428571428573,21.522830672893974,13297931.88637401
264.2857142857143,670.0,1942.857142857143,21.258731822322186,13112376.618529141
264.2857142857143,670.0,2108.5714285714284,21.021999349217147,12950543.741205812
264.2857142857143,670.0,2274.285714285714,20.809096244982868,12807649.634848338
264.2857142857143,670.0,2440.0,20.61696698780437,12680227.321880236
264.2857142857143,670.0,2605.714285714286,20.44298654956094,12565681.22667528
264.2857142857143,670.0,2771.4285714285716,20.284905059820062,12462014.402828554
264.2857142857143,670.0,2937.1428571428573,20.140794763734743,12367654.866916398
264.2857142857143,670.0,3102.857142857143,20.00900215722969,12281341.106846353
264.2857142857143,670.0,3268.571428571429,19.888106206792877,12202044.184256151
264.2857142857143,670.0,3434.2857142857147,19.776882578505475,12128913.208733607
264.2857142857143,670.0,3600.0,19.674273357821832,12061236.188171769
264.2857142857143,717.1428571428572,120.0,26.73491909149507,46960235.60562718
264.2857142857143,717.1428571428572,285.7142857142857,25.831652792169603,24700176.707995154
264.2857142857143,717.1428571428572,451.42857142857144,25.133766860883508,19471870.556051224
264.2857142857143,717.1428571428572,617.1428571428571,24.508573958524188,17244631.39304363
264.2857142857143,717.1428571428572,782.8571428571429,23.939999808862325,16033613.80437633
264.2857142857143,717.1428571428572,948.5714285714287,23.42626597351066,15272084.405422078
264.2857142857143,717.1428571428572,1114.2857142857142,22.965574526315095,14743007.373090029
264.2857142857143,717.1428571428572,1280.0,22.554404473008315,14348191.46660822
264.2857142857143,717.1428571428572,1445.7142857142858,22.188141935385957,14037871.202461192
264.2857142857143,717.1428571428572,1611.4285714285716,21.861830876959065,13784528.88142142
264.2857142857143,717.1428571428572,1777.1428571428573,21.570658633224596,13571819.856040584
264.2857142857143,717.1428571428572,1942.857142857143,21.31020339735684,13389427.466140553
264.2857142857143,717.1428571428572,2108.5714285714284,21.076529348907574,13230490.72629832
264.2857142857143,717.1428571428572,2274.285714285714,20.866197184898205,13090237.44724427
264.2857142857143,717.1428571428572,2440.0,20.67623280888937,12965218.623751443
264.2857142857143,717.1428571428572,2605.714285714286,20.504078610597354,12852859.114678692
264.2857142857143,717.1428571428572,2771.4285714285716,20.347540369332584,12751182.64536629
264.2857142857143,717.1428571428572,2937.1428571428573,20.20473623050604,12658636.9805479
264.2857142857143,717.1428571428572,3102.857142857143,20.0740505769864,12573978.880124155
264.2857142857143,717.1428571428572,3268.571428571429,19.954093702663794,12496195.992571006
264.2857142857143,717.1428571428572,3434.2857142857147,19.843667239758943,12424452.30948173
264.2857142857143,717.1428571428572,3600.0,19.741734857287558,12358049.09572227
264.2857142857143,764.2857142857143,120.0,26.678956220363894,47488000.705325924
264.2857142857143,764.2857142857143,285.7142857142857,25.800540495127592,24984354.539021935
264.2857142857143,764.2857142857143,451.42857142857144,25.117907635210315,19728283.528473955
264.2857142857143,764.2857142857143,617.1428571428571,24.5050661249705,17494679.51986936
264.2857142857143,764.2857142857143,782.8571428571429,23.947184555464155,16283371.161100138
264.2857142857143,764.2857142857143,948.5714285714287,23.442733628716486,15523952.44448751
264.2857142857143,764.2857142857143,1114.2857142857142,22.99002159457097,14997991.723400898
264.2857142857143,764.2857142857143,1280.0,22.585646856495263,14606647.790570559
264.2857142857143,764.2857142857143,1445.7142857142858,22.22513543000309,14299829.987115134
264.2857142857143,764.2857142857143,1611.4285714285716,21.90367557099583,14049858.049586235
264.2857142857143,764.2857142857143,1777.1428571428573,21.616590610931254,13840311.249418387
264.2857142857143,764.2857142857143,1942.857142857143,21.3595800368688,13660843.738730708
264.2857142857143,764.2857142857143,2108.5714285714284,21.128812657829105,13504590.596302146
264.2857142857143,764.2857142857143,2274.285714285714,20.920937630523913,13366788.846070483
264.2857142857143,764.2857142857143,2440.0,20.733054769836055,13244005.027905954
264.2857142857143,764.2857142857143,2605.714285714286,20.56266782041109,13133682.056610923
264.2857142857143,764.2857142857143,2771.4285714285716,20.407633337707615,13033862.121768631
264.2857142857143,764.2857142857143,2937.1428571428573,20.26611145588317,12943010.748275544
264.2857142857143,764.2857142857143,3102.857142857143,20.13652130573407,12859901.209013755
264.2857142857143,764.2857142857143,3268.571428571429,20.01750198741998,12783536.199147388
264.2857142857143,764.2857142857143,3434.2857142857147,19.90787907164937,12713093.251976175
264.2857142857143,764.2857142857143,3600.0,19.80663617750203,12647885.726795226
264.2857142857143,811.4285714285714,120.0,26.62859779836876,47975270.227698825
264.2857142857143,811.4285714285714,285.7142857142857,25.77315796123847,25262031.491091136
264.2857142857143,811.4285714285714,451.42857142857144,25.104557102390498,19981034.167571872
264.2857142857143,811.4285714285714,617.1428571428571,24.50310640058224,17741486.339899745
264.2857142857143,811.4285714285714,782.8571428571429,23.95510874096993,16529800.164786547
264.2857142857143,811.4285714285714,948.5714285714287,23.45925975902275,15772249.419281585
264.2857142857143,811.4285714285714,1114.2857142857142,23.013962527380496,15249114.402909921
264.2857142857143,811.4285714285714,1280.0,22.615922294280676,14860947.021733874
264.2857142857143,811.4285714285714,1445.7142857142858,22.26079075730633,14557350.312973863
264.2857142857143,811.4285714285714,1611.4285714285716,21.943886212337855,14310489.315015417
264.2857142857143,811.4285714285714,1777.1428571428573,21.660654886809194,14103869.660988051
264.2857142857143,811.4285714285714,1942.857142857143,21.406906156602687,13927116.060986457
264.2857142857143,811.4285714285714,2108.5714285714284,21.178903855704615,13773358.126218595
264.2857142857143,811.4285714285714,2274.285714285714,20.97337767506556,13637840.038029114
264.2857142857143,811.4285714285714,2440.0,20.78749488030151,13517141.697460748
264.2857142857143,811.4285714285714,2605.714285714286,20.618815341277042,13408721.963452095
264.2857142857143,811.4285714285714,2771.4285714285716,20.465242171576342,13310639.543103414
264.2857142857143,811.4285714285714,2937.1428571428573,20.32497409684955,13221375.974675555
264.2857142857143,811.4285714285714,3102.857142857143,20.196462259519574,13139719.501404146
264.2857142857143,811.4285714285714,3268.571428571429,20.07837235993616,13064686.515692998
264.2857142857143,811.4285714285714,3434.2857142857147,19.96955212594152,12995466.91855163
264.2857142857143,811.4285714285714,3600.0,19.869003685581855,12931385.145297157
264.2857142857143,858.5714285714287,120.0,26.583113501808864,48430120.57388992
264.2857142857143,858.5714285714287,285.7142857142857,25.748927439891574,25534405.007013004
264.2857142857143,858.5714285714287,451.42857142857144,25.093278935126055,20230592.19212153
264.2857142857143,858.5714285714287,617.1428571428571,24.502373180253397,17985356.384315975
264.2857142857143,858.5714285714287,782.8571428571429,23.963546981385946,16773168.613851478
264.2857142857143,858.5714285714287,948.5714285714287,23.47569857758599,16017249.24773165
264.2857142857143,858.5714285714287,1114.2857142857142,23.037315678214714,15496671.65974146
264.2857142857143,858.5714285714287,1280.0,22.645199492409418,15111413.328664226
264.2857142857143,858.5714285714287,1445.7142857142858,22.29511519598,14810785.127576925
264.2857142857143,858.5714285714287,1611.4285714285716,21.982498904489525,14566803.117325297
264.2857142857143,858.5714285714287,1777.1428571428573,21.702908498250594,14362900.832572175
264.2857142857143,858.5714285714287,1942.857142857143,21.452253434569013,14188673.000949208
264.2857142857143,858.5714285714287,2108.5714285714284,21.226884293484034,14037242.251934452
264.2857142857143,858.5714285714287,2274.285714285714,21.023604450362036,13903858.027706211
264.2857142857143,858.5714285714287,2440.0,20.839643021906568,13785111.622731322
264.2857142857143,858.5714285714287,2605.714285714286,20.672611456909532,13678475.95774268
264.2857142857143,858.5714285714287,2771.4285714285716,20.520455748923077,13582024.531746108
264.2857142857143,858.5714285714287,2937.1428571428573,20.381410243151564,13494253.35253326
264.2857142857143,858.5714285714287,3102.857142857143,20.25395569195745,13413964.272376955
264.2857142857143,858.5714285714287,3268.571428571429,20.136782452896984,13340186.19087701
264.2857142857143,858.5714285714287,3434.2857142857147,20.028758836402222,13272120.341581553
264.2857142857143,858.5714285714287,3600.0,19.928904200917867,13209101.337668177
264.2857142857143,905.7142857142858,120.0,26.541885972371436,48858863.1393532
264.2857142857143,905.7142857142858,285.7142857142857,25.727381145394304,25802393.406304434
264.2857142857143,905.7142857142858,451.42857142857144,25.08372691476153,20477330.7533974
264.2857142857143,905.7142857142858,617.1428571428571,24.50261723262002,18226544.469575122
264.2857142857143,905.7142857142858,782.8571428571429,23.97233110369504,17013708.942163344
264.2857142857143,905.7142857142858,948.5714285714287,23.491949040598,16259193.58378613
264.2857142857143,905.7142857142858,1114.2857142857142,23.060034308021685,15740926.052645946
264.2857142857143,905.7142857142858,1280.0,22.673474607859283,15358333.934409484
264.2857142857143,905.7142857142858,1445.7142857142858,22.328138047270837,15060446.559893355
264.2857142857143,905.7142857142858,1611.4285714285716,22.01956800641983,14819135.156078007
264.2857142857143,905.7142857142858,1777.1428571428573,21.743424295168513,14617762.05640602
264.2857142857143,905.7142857142858,1942.857142857143,21.49570795376647,14445891.286495358
264.2857142857143,905.7142857142858,2108.5714285714284,21.272849117648747,14296637.027583504
264.2857142857143,905.7142857142858,2274.285714285714,21.07171888216861,14165252.237639356
264.2857142857143,905.7142857142858,2440.0,20.889603326315434,14048337.828046791
264.2857142857143,905.7142857142858,2605.714285714286,20.724161497683657,13943379.096980017
264.2857142857143,905.7142857142858,2771.4285714285716,20.573379040503966,13848462.798310326
264.2857142857143,905.7142857142858,2937.1428571428573,20.43552330260315,13762098.037551444
264.2857142857143,905.7142857142858,3102.857142857143,20.309102525064734,13683099.067838226
264.2857142857143,905.7142857142858,3268.571428571429,20.192830001184802,13610506.240300858
264.2857142857143,905.7142857142858,3434.2857142857147,20.085593224417085,13543531.202765988
264.2857142857143,905.7142857142858,3600.0,19.986427643279523,13481517.949331319
264.2857142857143,952.8571428571429,120.0,26.50439140969435,49266465.0498641
264.2857142857143,952.8571428571429,285.7142857142857,25.708136668314715,26066709.870445542
264.2857142857143,952.8571428571429,451.42857142857144,25.07562331023817,20721551.351335905
264.2857142857143,952.8571428571429,617.1428571428571,24.503643313874743,18465267.104557063
264.2857142857143,952.8571428571429,782.8571428571429,23.98133464813492,17251624.992191914
264.2857142857143,952.8571428571429,948.5714285714287,23.507941735554333,16498297.108965125
264.2857142857143,952.8571428571429,1114.2857142857142,23.0820953269141,15982111.571194017
264.2857142857143,952.8571428571429,1280.0,22.700761350468003,15601964.630997917
264.2857142857143,952.8571428571429,1445.7142857142858,22.35990167511021,15306612.056414947
264.2857142857143,952.8571428571429,1611.4285714285716,22.055157767298233,15067783.214350602
264.2857142857143,952.8571428571429,1777.1428571428573,21.782282898843498,14868769.675099472
264.2857142857143,952.8571428571429,1942.857142857143,21.5373622772402,14699103.9358343
264.2857142857143,952.8571428571429,2108.5714285714284,21.31689930473515,14551890.32737444
264.2857142857143,952.8571428571429,2274.285714285714,21.117827568013563,14422383.719708147
264.2857142857143,952.8571428571429,2440.0,20.937485811957725,14307193.033599036
264.2857142857143,952.8571428571429,2605.714285714286,20.77357717614597,14203814.431781918
264.2857142857143,952.8571428571429,2771.4285714285716,20.62412410269793,14110346.547710486
264.2857142857143,952.8571428571429,2937.1428571428573,20.487424623963232,14025310.359619912
264.2857142857143,952.8571428571429,3102.857142857143,20.362012585513966,13947531.443652127
264.2857142857143,952.8571428571429,3268.571428571429,20.246622682854305,13876060.6609768
264.2857142857143,952.8571428571429,3434.2857142857147,20.14016034198967,13810119.25469623
264.2857142857143,952.8571428571429,3600.0,20.04167607954073,13749059.888801398
264.2857142857143,1000.0,120.0,26.470183637899662,49656861.229552
264.2857142857143,1000.0,285.7142857142857,25.690878640081166,26327914.665001743
264.2857142857143,1000.0,451.42857142857144,25.068743132287516,20963501.318857197
264.2857142857143,1000.0,617.1428571428571,24.505297004281214,18701710.63393404
264.2857142857143,1000.0,782.8571428571429,23.990461964845313,17487097.049127776
264.2857142857143,1000.0,948.5714285714287,23.52362983683946,16734751.648952756
264.2857142857143,1000.0,1114.2857142857142,23.10349169817403,16220437.736446582
264.2857142857143,1000.0,1280.0,22.727084459362466,15842534.246579051
264.2857142857143,1000.0,1445.7142857142858,22.39045573410254,15549529.362102842
264.2857142857143,1000.0,1611.4285714285716,22.089337044574158,15313012.6893579
264.2857142857143,1000.0,1777.1428571428573,21.819567703578457,15116205.145263307
264.2857142857143,1000.0,1942.857142857143,21.57731057381406,14948606.814306716
264.2857142857143,1000.0,2108.5714285714284,21.35913679010937,14803310.847434256
264.2857142857143,1000.0,2274.285714285714,21.16203781859645,14675572.55302528
264.2857142857143,1000.0,2440.0,20.98340127158285,14562007.403050762
264.2857142857143,1000.0,2605.714285714286,20.820971272783087,14460121.061045814
264.2857142857143,1000.0,2771.4285714285716,20.672804527764583,14368022.80431093
264.2857142857143,1000.0,2937.1428571428573,20.53722768880452,14284244.384908013
264.2857142857143,1000.0,3102.857142857143,20.412798523468595,14207621.73580809
264.2857142857143,1000.0,3268.571428571429,20.298271756510747,14137215.38444657
264.2857142857143,1000.0,3434.2857142857147,20.19256962391217,14072255.435098732
264.2857142857143,1000.0,3600.0,20.094756790379698,14012102.584097821
300.0,10.0,120.0,28.932260971473877,6409497.298054983
300.0,10.0,285.7142857142857,28.800290628033608,5903912.182486963
300.0,10.0,451.42857142857144,28.583766691773643,6058018.568116873
300.0,10.0,617.1428571428571,28.303212572121833,6240934.777719871
300.0,10.0,782.8571428571429,27.98920467071299,6348865.69374111
300.0,10.0,948.5714285714287,27.67144153991574,6371621.34976163
300.0,10.0,1114.2857142857142,27.370363943286645,6328089.936296368
300.0,10.0,1280.0,27.09655501659071,6241277.288027033
300.0,10.0,1445.7142857142858,26.85353377801352,6129935.085324511
300.0,10.0,1611.4285714285716,26.640725486236935,6007193.56977958
300.0,10.0,1777.1428571428573,26.45557877528259,5881497.640269882
300.0,10.0,1942.857142857143,26.294826365319466,5757941.97249878
300.0,10.0,2108.5714285714284,26.15514904828923,5639398.320535269
300.0,10.0,2274.285714285714,26.03348329011749,5527327.800100179
300.0,10.0,2440.0,25.927135098427577,5422325.375526506
300.0,10.0,2605.714285714286,25.83379668946914,5324470.987066644
300.0,10.0,2771.4285714285716,25.751519080673386,5233550.718777366
300.0,10.0,2937.1428571428573,25.678668225498722,5149193.7399834795
300.0,10.0,3102.857142857143,25.613878214083332,5070955.73621321
300.0,10.0,3268.571428571429,25.556007605926943,4998368.743920274
300.0,10.0,3434.2857142857147,25.504101168707194,4930970.06631123
300.0,10.0,3600.0,25.45735746259977,4868318.264052035
300.0,57.142857142857146,120.0,28.659097134869725,18613371.801156066
300.0,57.142857142857146,285.7142857142857,27.922758004348797,14367228.235817717
300.0,57.142857142857146,451.42857142857144,27.07567434560986,12797700.53387027
300.0,57.142857142857146,617.1428571428571,26.2059702711853,11880618.59479748
300.0,57.142857142857146,782.8571428571429,25.370208385133903,11209886.088273065
300.0,57.142857142857146,948.5714285714287,24.606189213050172,10656256.318494745
300.0,57.142857142857146,1114.2857142857142,23.930916784402044,10175342.632454079
300.0,57.142857142857146,1280.0,23.346171205885188,9750304.880921036
300.0,57.142857142857146,1445.7142857142858,22.845355589472742,9372865.289078828
300.0,57.142857142857146,1611.4285714285716,22.418420710422946,9037282.449557966
300.0,57.142857142857146,1777.1428571428573,22.054678387115985,8738641.858085133
300.0,57.142857142857146,1942.857142857143,21.744158407740088,8472476.684774362
300.0,57.142857142857146,2108.5714285714284,21.47813074799622,8234735.293468562
300.0,57.142857142857146,2274.285714285714,21.249203390613744,8021801.2252454255
300.0,57.142857142857146,2440.0,21.051229150071997,7830494.973475777
300.0,57.142857142857146,2605.714285714286,20.879142788767894,7658051.933434269
300.0,57.142857142857146,2771.4285714285716,20.728786617278164,7502085.274159674
300.0,57.142857142857146,2937.1428571428573,20.59674967949198,7360542.49178146
300.0,57.142857142857146,3102.857142857143,20.48022922500112,7231661.521533941
300.0,57.142857142857146,3268.571428571429,20.37691555859272,7113929.668835246
300.0,57.142857142857146,3434.2857142857147,20.284898177071057,7006046.841919934
300.0,57.142857142857146,3600.0,20.202590064732107,6906893.510306523
300.0,104.28571428571429,120.0,28.335852611035616,26522170.7862011
300.0,104.28571428571429,285.7142857142857,27.301282590082824,17745668.7365885
300.0,104.28571428571429,451.42857142857144,26.31680287048117,14753529.13136184
300.0,104.28571428571429,617.1428571428571,25.387777229526506,13204106.555467432
300.0,104.28571428571429,782.8571428571429,24.530527634130127,12213066.733885938
300.0,104.28571428571429,948.5714285714287,23.76114221143187,11489242.911586953
300.0,104.28571428571429,1114.2857142857142,23.08512509574183,10917136.21527306
300.0,104.28571428571429,1280.0,22.49892825228211,10444144.87247472
300.0,104.28571428571429,1445.7142857142858,21.994043540756014,10042804.646098731
300.0,104.28571428571429,1611.4285714285716,21.560175244284608,9696749.113847246
300.0,104.28571428571429,1777.1428571428573,21.18707220263759,9395077.326874517
300.0,104.28571428571429,1942.857142857143,20.865394982999746,9129915.026994383
300.0,104.28571428571429,2108.5714285714284,20.58702208704434,8895261.220001617
300.0,104.28571428571429,2274.285714285714,20.345069781634717,8686384.750813236
300.0,104.28571428571429,2440.0,20.13378431081398,8499473.852012455
300.0,104.28571428571429,2605.714285714286,19.948390022562442,8331412.435320755
300.0,104.28571428571429,2771.4285714285716,19.784933846049288,8179626.162994996
300.0,104.28571428571429,2937.1428571428573,19.640143573065583,8041970.670332441
300.0,104.28571428571429,3102.857142857143,19.511305826361898,7916647.3783342345
300.0,104.28571428571429,3268.571428571429,19.39616414671897,7802138.523328503
300.0,104.28571428571429,3434.2857142857147,19.29283532709446,7697156.179152581
300.0,104.28571428571429,3600.0,19.19974136874193,7600601.782516165
300.0,151.42857142857144,120.0,28.036694079795073,31912924.174513854
300.0,151.42857142857144,285.7142857142857,26.89103991426817,19509667.307087842
300.0,151.42857142857144,451.42857142857144,25.902572491394537,15701254.112939436
300.0,151.42857142857144,617.1428571428571,24.999701053257187,13857771.439900324
300.0,151.42857142857144,782.8571428571429,24.176884886716334,12742822.610172838
300.0,151.42857142857144,948.5714285714287,23.4406213402411,11966922.39714834
300.0,151.42857142857144,1114.2857142857142,22.792257695019188,11376700.21236179
300.0,151.42857142857144,1280.0,22.227074451862048,10902206.478313915
300.0,151.42857142857144,1445.7142857142858,21.73688543295719,10507335.64672459
300.0,151.42857142857144,1611.4285714285716,21.31232071656898,10171261.97855988
300.0,151.42857142857144,1777.1428571428573,20.944191031888476,9880766.642111072
300.0,151.42857142857144,1942.857142857143,20.624142564829114,9626789.537593707
300.0,151.42857142857144,2108.5714285714284,20.34488714993083,9402750.850911295
300.0,151.42857142857144,2274.285714285714,20.100211229773755,9203666.760740245
300.0,151.42857142857144,2440.0,19.884884266058368,9025646.269140001
300.0,151.42857142857144,2605.714285714286,19.694531475269994,8865583.737074338
300.0,151.42857142857144,2771.4285714285716,19.52550300064839,8720958.933146408
300.0,151.42857142857144,2937.1428571428573,19.37475378574046,8589700.116881484
300.0,151.42857142857144,3102.857142857143,19.23973922739782,8470086.353570063
300.0,151.42857142857144,3268.571428571429,19.118327241159207,8360675.553535357
300.0,151.42857142857144,3434.2857142857147,19.00872541932005,8260250.131543076
300.0,151.42857142857144,3600.0,18.90942126737943,8167775.170326185
300.0,198.57142857142858,120.0,27.778467816476617,35699913.42759981
300.0,198.57142857142858,285.7142857142857,26.608584172521997,20604568.738578342
300.0,198.57142857142858,451.42857142857144,25.650396787881892,16313647.953302575
300.0,198.57142857142858,617.1428571428571,24.7866883302872,14318211.956775587
300.0,198.57142857142858,782.8571428571429,24.002547262095685,13148178.72548495
300.0,198.57142857142858,948.5714285714287,23.300432921675974,12355435.846456666
300.0,198.57142857142858,1114.2857142857142,22.680126202332314,11765382.132610539
300.0,198.57142857142858,1280.0,22.13680373064817,11298716.259998662
300.0,198.57142857142858,1445.7142857142858,21.662905177586342,10914820.039277172
300.0,198.57142857142858,1611.4285714285716,21.24994957424284,10590622.086613446
300.0,198.57142857142858,1777.1428571428573,20.889650924057687,10311797.527318623
300.0,198.57142857142858,1942.857142857143,20.574462717511448,10068771.414851677
300.0,198.57142857142858,2108.5714285714284,20.29777309808608,9854758.211221239
300.0,198.57142857142858,2274.285714285714,20.053914775639477,9664728.134889198
300.0,198.57142857142858,2440.0,19.838088961489504,9494823.826386716
300.0,198.57142857142858,2605.714285714286,19.646257597728813,9342009.754599204
300.0,198.57142857142858,2771.4285714285716,19.475031262696234,9203849.267357549
300.0,198.57142857142858,2937.1428571428573,19.321565247998468,9078355.70777236
300.0,198.57142857142858,3102.857142857143,19.183468503288594,8963888.816361459
300.0,198.57142857142858,3268.571428571429,19.05872628803984,8859080.160554815
300.0,198.57142857142858,3434.2857142857147,18.94563561846712,8762777.956621654
300.0,198.57142857142858,3600.0,18.842751930164205,8674005.314758858
300.0,245.71428571428572,120.0,27.56051786119646,38445372.293104
300.0,245.71428571428572,285.7142857142857,26.40519078886736,21375496.02483586
300.0,245.71428571428572,451.42857142857144,25.484570031103814,16783124.655357473
300.0,245.71428571428572,617.1428571428571,24.658837758895555,14701761.119034164
300.0,245.71428571428572,782.8571428571429,23.9096681482056,13505119.406644799
300.0,245.71428571428572,948.5714285714287,23.237798927738268,12708297.135256486
300.0,245.71428571428572,1114.2857142857142,22.64240419585368,12123771.835715566
300.0,245.71428571428572,1280.0,22.11884463972104,11666643.79260026
300.0,245.71428571428572,1445.7142857142858,21.660152836151347,11293632.617069876
300.0,245.71428571428572,1611.4285714285716,21.25857658146538,10980371.47452769
300.0,245.71428571428572,1777.1428571428573,20.906543782406448,10711924.300299693
300.0,245.71428571428572,1942.857142857143,20.59714005538329,10478457.586403972
300.0,245.71428571428572,2108.5714285714284,20.324283923216257,10273109.115528686
300.0,245.71428571428572,2274.285714285714,20.082739538930078,10090863.897837533
300.0,245.71428571428572,2440.0,19.86805268086525,9927922.469287012
300.0,245.71428571428572,2605.714285714286,19.676457468323544,9781324.50980696
300.0,245.71428571428572,2771.4285714285716,19.504778089807765,9648712.397169348
300.0,245.71428571428572,2937.1428571428573,19.3503368684755,9528175.550942454
300.0,245.71428571428572,3102.857142857143,19.210873106744383,9418143.729593081
300.0,245.71428571428572,3268.571428571429,19.084473691021554,9317311.328974813
300.0,245.71428571428572,3434.2857142857147,18.969514826323998,9224582.105845422
300.0,245.71428571428572,3600.0,18.86461362468853,9139027.834776977
300.0,292.8571428571429,120.0,27.377425152290964,40499899.39014459
300.0,292.8571428571429,285.7142857142857,26.253131550839917,21971501.149299238
300.0,292.8571428571429,451.42857142857144,25.369392934115822,17180846.52596848
300.0,292.8571428571429,617.1428571428571,24.577655938771553,15047356.590270419
300.0,292.8571428571429,782.8571428571429,23.858919050281983,13837348.150015742
300.0,292.8571428571429,948.5714285714287,23.21321504923753,13041555.338321703
300.0,292.8571428571429,1114.2857142857142,22.63950010681804,12464009.5548343
300.0,292.8571428571429,1280.0,22.13338562332972,12016166.540265867
300.0,292.8571428571429,1445.7142857142858,21.688410672923858,11653021.740036061
300.0,292.8571428571429,1611.4285714285716,21.297409947251055,11349380.947643429
300.0,292.8571428571429,1777.1428571428573,20.95337784720484,11089931.166104475
300.0,292.8571428571429,1942.857142857143,20.649900771850557,10864694.060819624
300.0,292.8571428571429,2108.5714285714284,20.38131907796891,10666781.519552829
300.0,292.8571428571429,2274.285714285714,20.142742420788267,10491211.366673095
300.0,292.8571428571429,2440.0,19.929994897750433,10334243.38537103
300.0,292.8571428571429,2605.714285714286,19.739532653112597,10192985.776291816
300.0,292.8571428571429,2771.4285714285716,19.568356025500794,10065149.824196728
300.0,292.8571428571429,2937.1428571428573,19.413926704675877,9948889.892594907
300.0,292.8571428571429,3102.857142857143,19.27409413856386,9842694.844542632
300.0,292.8571428571429,3268.571428571429,19.147032261338968,9745311.788103657
300.0,292.8571428571429,3434.2857142857147,19.03118610913527,9655690.92891006
300.0,292.8571428571429,3600.0,18.925227264539974,9572944.68220699
300.0,340.0,120.0,27.223192545390567,42085686.738338426
300.0,340.0,285.7142857142857,26.135944852424146,22465090.04340062
300.0,340.0,451.42857142857144,25.286123819783903,17537953.4534003
300.0,340.0,617.1428571428571,24.5242604045091,15370949.302338595
300.0,340.0,782.8571428571429,23.831918985869915,14154204.578115659
300.0,340.0,948.5714285714287,23.208894782603018,13361515.518656159
300.0,340.0,1114.2857142857142,22.65409288689915,12791049.093389649
300.0,340.0,1280.0,22.163373935241687,12351720.438255535
300.0,340.0,1445.7142857142858,21.730700724101123,11997321.715074021
300.0,340.0,1611.4285714285716,21.349384773720697,11702085.544405604
300.0,340.0,1777.1428571428573,21.012877897355406,11450444.613342876
300.0,340.0,1942.857142857143,20.715171338089704,11232331.225840587
300.0,340.0,2108.5714285714284,20.450947992890313,11040852.314356705
300.0,340.0,2274.285714285714,20.21559980776985,10871061.96975023
300.0,340.0,2440.0,20.005179925342482,10719274.206299307
300.0,340.0,2605.714285714286,19.816328665213277,10582657.037849555
300.0,340.0,2771.4285714285716,19.646193739070927,10458980.755471652
300.0,340.0,2937.1428571428573,19.49235449600857,10346454.838021474
300.0,340.0,3102.857142857143,19.352754267770223,10243618.095233886
300.0,340.0,3268.571428571429,19.225641939050384,10149262.101812396
300.0,340.0,3434.2857142857147,19.109522450225178,10062376.233980214
300.0,340.0,3600.0,19.00311533409883,9982107.19842521
300.0,387.14285714285717,120.0,27.092500218753546,43346471.30146757
300.0,387.14285714285717,285.7142857142857,26.043377573131885,22894813.361912988
300.0,387.14285714285717,451.42857142857144,25.22407649123581,17869818.67364762
300.0,387.14285714285717,617.1428571428571,24.48843859011551,15680106.698051266
300.0,387.14285714285717,782.8571428571429,23.819128858222026,14460084.231938621
300.0,387.14285714285717,948.5714285714287,23.21592460705366,13671247.488110865
300.0,387.14285714285717,1114.2857142857142,22.67775252543566,13107472.996992517
300.0,387.14285714285717,1280.0,22.200700621673725,12675799.366958516
300.0,387.14285714285717,1445.7142857142858,21.77908645506595,12329124.981421381
300.0,387.14285714285717,1611.4285714285716,21.4066146180874,12041257.451057537
300.0,387.14285714285717,1777.1428571428573,21.077113198861962,11796443.998654742
300.0,387.14285714285717,1942.857142857143,20.784907271940412,11584556.202188857
300.0,387.14285714285717,2108.5714285714284,20.52496343728605,11398704.265269566
300.0,387.14285714285717,2274.285714285714,20.292908727200313,11233976.698177429
300.0,387.14285714285717,2440.0,20.08498820256075,11086735.274025897
300.0,387.14285714285717,2605.714285714286,19.897997525913766,10954199.580340635
300.0,387.14285714285717,2771.4285714285716,19.729209579376505,10834190.373889659
300.0,387.14285714285717,2937.1428571428573,19.576304376203318,10724964.122667184
300.0,387.14285714285717,3102.857142857143,19.437306184267342,10625102.183996521
300.0,387.14285714285717,3268.571428571429,19.31052901730185,10533434.027504183
300.0,387.14285714285717,3434.2857142857147,19.19453030431738,10448982.447805293
300.0,387.14285714285717,3600.0,19.08807196054324,10370923.451351276
300.0,434.28571428571433,120.0,26.980961116747487,44377299.91933866
300.0,434.28571428571433,285.7142857142857,25.968760122764422,23282632.888822697
300.0,434.28571428571433,451.42857142857144,25.176753898974823,18184763.85880251
300.0,434.28571428571433,617.1428571428571,24.464248802046182,15978859.01629828
300.0,434.28571428571433,782.8571428571429,23.815204870962845,14757381.03423427
300.0,434.28571428571433,948.5714285714287,23.229483349308964,13972531.79276336
300.0,434.28571428571433,1114.2857142857142,22.70606273766552,13414899.879263368
300.0,434.28571428571433,1280.0,22.241232205103035,12990066.659732426
300.0,434.28571428571433,1445.7142857142858,21.82960858006778,12650230.35335381
300.0,434.28571428571433,1611.4285714285716,21.4652253381426,12368864.59270408
300.0,434.28571428571433,1777.1428571428573,21.142225416901375,12130071.775678296
300.0,434.28571428571433,1942.857142857143,20.855214037677946,11923677.948425813
300.0,434.28571428571433,2108.5714285714284,20.599396878086196,11742799.015012652
300.0,434.28571428571433,2274.285714285714,20.37060004624958,11582554.194873128
300.0,434.28571428571433,2440.0,20.165231986684685,11439346.654454475
300.0,434.28571428571433,2605.714285714286,19.980221350457484,11310440.347146982
300.0,434.28571428571433,2771.4285714285716,19.812948804372457,11193699.358719843
300.0,434.28571428571433,2937.1428571428573,19.66118156917461,11087420.509721175
300.0,434.28571428571433,3102.857142857143,19.52301446869838,10990221.739221795
300.0,434.28571428571433,3268.571428571429,19.39681866075263,10900965.152824279
300.0,434.28571428571433,3434.2857142857147,19.2811979370337,10818702.381000532
300.0,434.28571428571433,3600.0,19.1749519100232,10742634.763597406
300.0,481.42857142857144,120.0,26.885056293665485,45242391.40559582
300.0,481.42857142857144,285.7142857142857,25.907588135170116,23641769.86489045
300.0,481.42857142857144,451.42857142857144,25.139999424610945,18487637.867244735
300.0,481.42857142857144,617.1428571428571,24.448033482278117,16269567.926356861
300.0,481.42857142857144,782.8571428571429,23.816975054847138,15047567.06552859
300.0,481.42857142857144,948.5714285714287,23.2468130029667,14266550.46805242
300.0,481.42857142857144,1114.2857142857142,22.73658799072694,13714479.81121881
300.0,481.42857142857144,1280.0,22.28276523228227,13295754.178229455
300.0,481.42857142857144,1445.7142857142858,21.88021640092201,12961997.670388281
300.0,481.42857142857144,1611.4285714285716,21.523253955129093,12686408.158732263
300.0,481.42857142857144,1777.1428571428573,21.20628825495997,12452968.060539907
300.0,481.42857142857144,1942.857142857143,20.924163204996578,12251465.928041164
300.0,481.42857142857144,2108.5714285714284,20.672288973734425,12075023.062478848
300.0,481.42857142857144,2274.285714285714,20.446662689026255,11918785.183418365
300.0,481.42857142857144,2440.0,20.243833805187315,11779191.066015016
300.0,481.42857142857144,2605.714285714286,20.06084630590366,11653542.873155277
300.0,481.42857142857144,2771.4285714285716,19.895174799814104,11539742.087538281
300.0,481.42857142857144,2937.1428571428573,19.74466290514086,11436120.443306688
300.0,481.42857142857144,3102.857142857143,19.607467581283135,11341327.61058289
300.0,481.42857142857144,3268.571428571429,19.48201058248355,11254254.074359676
300.0,481.42857142857144,3434.2857142857147,19.366936979135566,11173976.601233445
300.0,481.42857142857144,3600.0,19.261080139666973,11099718.666226558
300.0,528.5714285714286,120.0,26.80198899481847,45986025.17289367
300.0,528.5714285714286,285.7142857142857,25.856720285170287,23980551.733456478
300.0,528.5714285714286,451.42857142857144,25.11104168160507,18781443.59483333
300.0,528.5714285714286,617.1428571428571,24.437437973278914,16553733.630329242
300.0,528.5714285714286,782.8571428571429,23.82247003630858,15331640.78193543
300.0,528.5714285714286,948.5714285714287,23.266268744557863,14554167.79514349
300.0,528.5714285714286,1114.2857142857142,22.767937881467976,14007097.529901424
300.0,528.5714285714286,1280.0,22.32409634244192,13593832.60673797
300.0,528.5714285714286,1445.7142857142858,21.929834904627718,13265507.686649365
300.0,528.5714285714286,1611.4285714285716,21.57970560451995,12995083.274237763
300.0,528.5714285714286,1777.1428571428573,21.26834891181325,12766437.35359295
300.0,528.5714285714286,1942.857142857143,20.990814752685747,12569325.041608209
300.0,528.5714285714286,2108.5714285714284,20.742690446834132,12396871.451762874
300.0,528.5714285714286,2274.285714285714,20.520121859301952,12244244.65048875
300.0,528.5714285714286,2440.0,20.319781585541108,12107913.91538714
300.0,528.5714285714286,2605.714285714286,20.138814753403135,11985214.388890635
300.0,528.5714285714286,2771.4285714285716,19.97477871345566,11874080.000539675
300.0,528.5714285714286,2937.1428571428573,19.82558467075336,11772872.902084406
300.0,528.5714285714286,3102.857142857143,19.689444802332787,11680270.505843967
300.0,528.5714285714286,3268.571428571429,19.56482603264979,11595188.185876776
300.0,528.5714285714286,3434.2857142857147,19.450410457269733,11516724.815527586
300.0,528.5714285714286,3600.0,19.345061868173943,11444123.387641212
300.0,575.7142857142858,120.0,26.729537691689156,46639309.42306856
300.0,575.7142857142858,285.7142857142857,25.813904644434565,24304425.604508664
300.0,575.7142857142858,451.42857142857144,25.087968836504967,19068139.48836247
300.0,575.7142857142858,617.1428571428571,24.43089032038599,16832376.389608487
300.0,575.7142857142858,782.8571428571429,23.830422905065383,15610332.775287868
300.0,575.7142857142858,948.5714285714287,23.286839127659263,14836058.42554731
300.0,575.7142857142858,1114.2857142857142,22.799302506836437,14293467.906389238
300.0,575.7142857142858,1280.0,22.364566278908608,13885096.012268048
300.0,575.7142857142858,1445.7142857142858,21.97791131891796,13561646.289993847
300.0,575.7142857142858,1611.4285714285716,21.634097649226383,13295867.807164345
300.0,575.7142857142858,1777.1428571428573,21.327965988250213,13071543.971690683
300.0,575.7142857142858,1942.857142857143,21.054746099314283,12878398.244850311
300.0,575.7142857142858,2108.5714285714284,20.810180461165224,12709557.404624624
300.0,575.7142857142858,2274.285714285714,20.590545674617683,12560207.983537158
300.0,575.7142857142858,2440.0,20.392622969572596,12426845.301232709
300.0,575.7142857142858,2605.714285714286,20.213647036864455,12306833.028429795
300.0,575.7142857142858,2771.4285714285716,20.05124877384165,12198133.380958583
300.0,575.7142857142858,2937.1428571428573,19.903399693551428,12099135.174263429
300.0,575.7142857142858,3102.857142857143,19.768361437100097,12008540.244251816
300.0,575.7142857142858,3268.571428571429,19.64464155360128,11925285.955506684
300.0,575.7142857142858,3434.2857142857147,19.530955572713953,11848490.774300702
300.0,575.7142857142858,3600.0,19.426194872540133,11777415.039573835
300.0,622.8571428571429,120.0,26.665931198832915,47224475.79090317
300.0,622.8571428571429,285.7142857142857,25.77748803206141,24617070.94300678
300.0,622.8571428571429,451.42857142857144,25.069423821408154,19349061.21573447
300.0,622.8571428571429,617.1428571428571,24.427309185742686,17106230.84847417
300.0,622.8571428571429,782.8571428571429,23.839995248470746,15884208.762931254
300.0,622.8571428571429,948.5714285714287,23.307888658648384,15112772.277566582
300.0,622.8571428571429,1114.2857142857142,22.830207453659668,14574186.656948088
300.0,622.8571428571429,1280.0,22.40382267772298,14170209.65431029
300.0,622.8571428571429,1445.7142857142858,22.024181531211397,13851154.687904635
300.0,622.8571428571429,1611.4285714285716,21.68622633648651,13589577.21682535
300.0,622.8571428571429,1777.1428571428573,21.384973796181374,13369172.338058922
300.0,622.8571428571429,1942.857142857143,21.115812190346524,13179632.310018959
300.0,622.8571428571429,2108.5714285714284,20.87462119169449,13014083.23061017
300.0,622.8571428571429,2274.285714285714,20.657793373765795,12867726.560681064
300.0,622.8571428571429,2440.0,20.46220665151924,12737079.77522715
300.0,622.8571428571429,2605.714285714286,20.285175693692306,12619531.266316134
300.0,622.8571428571429,2771.4285714285716,20.124397295373655,12513068.010319361
300.0,622.8571428571429,2937.1428571428573,19.977897189886157,12416102.320516925
300.0,622.8571428571429,3102.857142857143,19.843981642674947,12327357.66465619
300.0,622.8571428571429,3268.571428571429,19.721194980462943,12245790.962306615
300.0,622.8571428571429,3434.2857142857147,19.608283107771577,12170538.161114428
300.0,622.8571428571429,3600.0,19.504162554473545,12100875.12157034
300.0,670.0,120.0,26.609749090316335,47757660.645578094
300.0,670.0,285.7142857142857,25.74623147852882,24921043.17871139
300.0,670.0,451.42857142857144,25.0544197169836,19625156.003982414
300.0,670.0,617.1428571428571,24.42593186571359,17375851.51459226
300.0,670.0,782.8571428571429,23.8506195394733,16153725.264576754
300.0,670.0,948.5714285714287,23.329012732338754,15384770.699992133
300.0,670.0,1114.2857142857142,22.860378207675218,14849760.35525999
300.0,670.0,1280.0,22.441690733103403,14449740.007712912
300.0,670.0,1445.7142857142858,22.068544157398048,14134662.209403045
300.0,670.0,1611.4285714285716,21.73604195148336,13876901.231420042
300.0,670.0,1777.1428571428573,21.43935681600035,13660067.80293724
300.0,670.0,1942.857142857143,21.174017948028446,13473822.65715881
300.0,670.0,2108.5714285714284,20.936027338378,13311288.858249424
300.0,670.0,2274.285714285714,20.721881264620514,13167679.607376419
300.0,670.0,2440.0,20.528544356877276,13039531.143712671
300.0,670.0,2605.714285714286,20.353403230533342,12924253.30524406
300.0,670.0,2771.4285714285716,20.194214140500844,12819854.816384176
300.0,670.0,2937.1428571428573,20.0490518922394,12724768.792932162
300.0,670.0,3102.857142857143,19.916263262258703,12637737.9618691
300.0,670.0,3268.571428571429,19.794426067960195,12557736.729342991
300.0,670.0,3434.2857142857147,19.682313960183304,12483916.73121097
300.0,670.0,3600.0,19.57886651634095,12415567.799520954
300.0,717.1428571428572,120.0,26.559844390221922,48250741.89569239
300.0,717.1428571428572,285.7142857142857,25.719189489098298,25218160.75994594
300.0,717.1428571428572,451.42857142857144,25.042223690127944,19897119.097855777
300.0,717.1428571428572,617.1428571428571,24.42620890106265,17641673.29205576
300.0,717.1428571428572,782.8571428571429,23.861904680096867,16419261.880438445
300.0,717.1428571428572,948.5714285714287,23.34995250096811,15652448.435992368
300.0,717.1428571428572,1114.2857142857142,22.889662106296395,15120625.870135034
300.0,717.1428571428572,1280.0,22.478099981263888,14724175.184990179
300.0,717.1428571428572,1445.7142857142858,22.11099018095145,14412709.22183036
300.0,717.1428571428572,1611.4285714285716,21.783579705946767,14158429.792984443
300.0,717.1428571428572,1777.1428571428573,21.49118059278668,13944865.67394329
300.0,717.1428571428572,1942.857142857143,21.229448249832124,13761645.30397384
300.0,717.1428571428572,2108.5714285714284,20.99449451956689,13601886.445415901
300.0,717.1428571428572,2274.285714285714,20.782909067693403,13460811.18144666
300.0,717.1428571428572,2440.0,20.591734826201147,13334971.547469152
300.0,717.1428571428572,2605.714285714286,20.41842355383335,13221795.991511816
300.0,717.1428571428572,2771.4285714285716,20.2607854898121,13119312.391761927
300.0,717.1428571428572,2937.1428571428573,20.11694011472849,13025972.351689486
300.0,717.1428571428572,3102.857142857143,19.985271187496043,12940535.822360564
300.0,717.1428571428572,3268.571428571429,19.864387183329384,12861992.922976585
300.0,717.1428571428572,3434.2857142857147,19.75308722284869,12789509.439868452
300.0,717.1428571428572,3600.0,19.65033209909457,12722387.846796576
300.0,764.2857142857143,120.0,26.51528418294607,48712574.580562845
300.0,764.2857142857143,285.7142857142857,25.695628924049537,25509745.870613758
300.0,764.2857142857143,451.42857142857144,25.032281659731844,20165476.504272155
300.0,764.2857142857143,617.1428571428571,24.427737260005284,17904047.985245485
300.0,764.2857142857143,782.8571428571429,23.873577403584292,16681141.23241982
300.0,764.2857142857143,948.5714285714287,23.370543192265913,15916147.99954603
300.0,764.2857142857143,1114.2857142857142,22.917981941564335,15387163.881197272
300.0,764.2857142857143,1280.0,22.513041592754814,14993939.66355887
300.0,764.2857142857143,1445.7142857142858,22.15156254531343,14685763.918676537
300.0,764.2857142857143,1611.4285714285716,21.828920500222928,14434672.163346102
300.0,764.2857142857143,1777.1428571428573,21.540552788709313,14224112.613488857
300.0,764.2857142857143,1942.857142857143,21.28222860948422,14043680.399062067
300.0,764.2857142857143,2108.5714285714284,21.050159097706718,13886485.842959486
300.0,764.2857142857143,2274.285714285714,20.841018542613263,13747757.351807542
300.0,764.2857142857143,2440.0,20.65192100630732,13624060.14959315
300.0,764.2857142857143,2605.714285714286,20.48037757139398,13512838.82388282
300.0,764.2857142857143,2771.4285714285716,20.324247760685726,13412138.156104222
300.0,764.2857142857143,2937.1428571428573,20.18169194081345,13320426.233388888
300.0,764.2857142857143,3102.857142857143,20.051127800309086,13236478.470541773
300.0,764.2857142857143,3268.571428571429,19.931192011280647,13159299.166010858
300.0,764.2857142857143,3434.2857142857147,19.82070717795008,13088066.926340174
300.0,764.2857142857143,3600.0,19.718653703449224,13022095.715942545
300.0,811.4285714285714,120.0,26.47530409684878,49149836.42968975
300.0,811.4285714285714,285.7142857142857,25.674973197107462,25796778.588451996
300.0,811.4285714285714,451.42857142857144,25.02416802186746,20430636.983132455
300.0,811.4285714285714,617.1428571428571,24.430216716088683,18163267.31769671
300.0,811.4285714285714,782.8571428571429,23.885444832037873,16939642.008657683
300.0,811.4285714285714,948.5714285714287,23.39068182446521,16176169.69071635
300.0,811.4285714285714,1114.2857142857142,22.945307638935137,15649708.794048706
300.0,811.4285714285714,1280.0,22.54654286933797,15259405.360975245
300.0,811.4285714285714,1445.7142857142858,22.190332475887136,14954235.04352299
300.0,811.4285714285714,1611.4285714285716,21.872168261296103,14706071.415419841
300.0,811.4285714285714,1777.1428571428573,21.587600904333215,14498282.841100838
300.0,811.4285714285714,1942.857142857143,21.33250280144272,14320430.00217708
300.0,811.4285714285714,2108.5714285714284,21.103175351764037,14165613.7928909
300.0,811.4285714285714,2274.285714285714,20.896369952088893,14029066.652433915
300.0,811.4285714285714,2440.0,20.709265625847042,13907364.692683507
300.0,811.4285714285714,2605.714285714286,20.539427757961153,13797966.475839477
300.0,811.4285714285714,2771.4285714285716,20.384761085290986,13698931.720989611
300.0,811.4285714285714,2937.1428571428573,20.243463568976654,13608743.25139076
300.0,811.4285714285714,3102.857142857143,20.11398416585544,13526190.411409706
300.0,811.4285714285714,3268.571428571429,19.994985591674997,13450290.341977628
300.0,811.4285714285714,3434.2857142857147,19.88531218970971,13380233.310046237
300.0,811.4285714285714,3600.0,19.78396255728779,13315343.76650121
300.0,858.5714285714287,120.0,26.439273350089245,49567615.80255141
300.0,858.5714285714287,285.7142857142857,25.656763075131956,26079998.189768225
300.0,858.5714285714287,451.42857142857144,25.017551272214526,20692925.764803495
300.0,858.5714285714287,617.1428571428571,24.433420633066742,18419578.047465045
300.0,858.5714285714287,782.8571428571429,23.897369934010115,17195007.93819952
300.0,858.5714285714287,948.5714285714287,23.410306544033464,16432778.930053448
300.0,858.5714285714287,1114.2857142857142,22.971638593555607,15908556.306940833
300.0,858.5714285714287,1280.0,22.578651744218707,15520900.219698727
300.0,858.5714285714287,1445.7142857142858,22.227385423128485,15218481.778702628
300.0,858.5714285714287,1611.4285714285716,21.91343674013597,14973015.673695717
300.0,858.5714285714287,1777.1428571428573,21.63245946771033,14767790.66297494
300.0,858.5714285714287,1942.857142857143,21.380420088249775,14592331.79329546
300.0,858.5714285714287,2108.5714285714284,21.15370247875819,14439728.6928618
300.0,858.5714285714287,2274.285714285714,20.94912864452258,14305215.779475022
300.0,858.5714285714287,2440.0,20.7639372211226,14185378.01444448
300.0,858.5714285714287,2605.714285714286,20.59574352872464,14077686.026996024
300.0,858.5714285714287,2771.4285714285716,20.44249396841809,13980212.746495545
300.0,858.5714285714287,2937.1428571428573,20.302421215756407,13891454.198372478
300.0,858.5714285714287,3102.857142857143,20.17400315974669,13810212.310353944
300.0,858.5714285714287,3268.571428571429,20.055926663334795,13735515.89270686
300.0,858.5714285714287,3434.2857142857147,19.947056267058503,13666565.854482034
300.0,858.5714285714287,3600.0,19.846407506605576,13602696.250800291
300.0,905.7142857142858,120.0,26.406667788756018,49969826.571465105
300.0,905.7142857142858,285.7142857142857,25.64062861685877,26359971.26354867
300.0,905.7142857142858,451.42857142857144,25.01216998821708,20952607.04727722
300.0,905.7142857142858,617.1428571428571,24.437175955487174,18673192.264374647
300.0,905.7142857142858,782.8571428571429,23.90925507711331,17447454.24035364
300.0,905.7142857142858,948.5714285714287,23.429383127334205,16686211.842980998
300.0,905.7142857142858,1114.2857142857142,22.99699246285535,16163969.354876768
300.0,905.7142857142858,1280.0,22.609427248967513,15778715.011414176
300.0,905.7142857142858,1445.7142857142858,22.262812672116354,15478821.578515276
300.0,905.7142857142858,1611.4285714285716,21.952841829096343,15235846.988376949
300.0,905.7142857142858,1777.1428571428573,21.675262716442333,15033000.327377891
300.0,905.7142857142858,1942.857142857143,21.42612800332226,14859769.820542555
300.0,905.7142857142858,2108.5714285714284,21.201897278439,14709232.140175136
300.0,905.7142857142858,2274.285714285714,20.999457493598896,14576621.837619908
300.0,905.7142857142858,2440.0,20.8161022241325,14458530.91005645
300.0,905.7142857142858,2605.714285714286,20.64949290061127,14352440.364193907
300.0,905.7142857142858,2771.4285714285716,20.497614470681548,14256434.812986828
300.0,905.7142857142858,2937.1428571428573,20.358731787625796,14169022.12948553
300.0,905.7142857142858,3102.857142857143,20.231349609007964,14089015.636221074
300.0,905.7142857142858,3268.571428571429,20.114177264698547,14015454.776771495
300.0,905.7142857142858,3434.2857142857147,20.00609812218316,13947550.202547781
300.0,905.7142857142858,3600.0,19.906143535723867,13884644.7928736
300.0,952.8571428571429,120.0,26.377048970204306,50359504.90473526
300.0,952.8571428571429,285.7142857142857,25.62626874214652,26637138.456567265
300.0,952.8571428571429,451.42857142857144,25.00781572515154,21209899.398342244
300.0,952.8571428571429,617.1428571428571,24.44134923021069,18924294.64240454
300.0,952.8571428571429,782.8571428571429,23.921030789872496,17697172.432995357
300.0,952.8571428571429,948.5714285714287,23.44789600758362,16936679.640872054
300.0,952.8571428571429,1114.2857142857142,23.021397961859083,16416182.880488224
300.0,952.8571428571429,1280.0,22.638933615456946,16033108.822188184
300.0,952.8571428571429,1445.7142857142858,22.296706353469652,15735536.468269104
300.0,952.8571428571429,1611.4285714285716,21.99049715596609,15494868.442566762
300.0,952.8571428571429,1777.1428571428573,21.71614051667016,15294233.886861501
300.0,952.8571428571429,1942.857142857143,21.469768395168494,15123083.045961488
300.0,952.8571428571429,2108.5714285714284,21.24791017116901,14974478.085777355
300.0,952.8571428571429,2274.285714285714,21.047512776756033,14843652.030095465
300.0,952.8571428571429,2440.0,20.865920618742845,14727202.292121897
300.0,952.8571428571429,2605.714285714286,20.70083786665384,14622618.7525092
300.0,952.8571428571429,2771.4285714285716,20.55028525954537,14527996.351459347
300.0,952.8571428571429,2937.1428571428573,20.41255758083698,14441853.606982766
300.0,952.8571428571429,3102.857142857143,20.286184623301732,14363014.18116339
300.0,952.8571428571429,3268.571428571429,20.169896686829603,14290527.230761217
300.0,952.8571428571429,3434.2857142857147,20.06259474160754,14223612.35002162
300.0,952.8571428571429,3600.0,19.963324957108355,14161620.548846237
300.0,1000.0,120.0,26.350047831655555,50739024.26120707
300.0,1000.0,285.7142857142857,25.613436127083617,26911847.15009667
300.0,1000.0,451.42857142857144,25.004320625580863,21464986.550855752
300.0,1000.0,617.1428571428571,24.4458366675305,19173047.703046367
300.0,1000.0,782.8571428571429,23.932647951072237,17944334.028743178
300.0,1000.0,948.5714285714287,23.465842222154972,17184372.13788838
300.0,1000.0,1114.2857142857142,23.044890189390074,16665407.726153247
300.0,1000.0,1280.0,22.66723663078611,16284313.533321204
300.0,1000.0,1445.7142857142858,22.329156525626587,15988878.172080899
300.0,1000.0,1611.4285714285716,22.026511646156198,15750349.91305626
300.0,1000.0,1777.1428571428573,21.755216208365795,15551777.54620917
300.0,1000.0,1942.857142857143,21.511475402779524,15382572.223075025
300.0,1000.0,2108.5714285714284,21.29188318654143,15235780.182194673
300.0,1000.0,2274.285714285714,21.093442089122906,15106631.420800578
300.0,1000.0,2440.0,20.91354371483944,14991727.315905478
300.0,1000.0,2605.714285714286,20.74993198299409,14888565.278195765
300.0,1000.0,2771.4285714285716,20.600660975502585,14795249.36437318
300.0,1000.0,2937.1428571428573,20.464053403604286,14710307.664292762
300.0,1000.0,3102.857142857143,20.338662457957614,14632573.237921383
300.0,1000.0,3268.571428571429,20.22323806822649,14561104.133786421
300.0,1000.0,3434.2857142857147,20.116697708321343,14495128.174805563
300.0,1000.0,3600.0,20.01810145981274,14434003.88146237
335.7142857142857,10.0,120.0,28.851455289648783,11405437.677763142
335.7142857142857,10.0,285.7142857142857,28.584064007178227,8838287.80016896
335.7142857142857,10.0,451.42857142857144,28.218470647117545,8340694.930779067
335.7142857142857,10.0,617.1428571428571,27.788403518563495,8162922.573908053
335.7142857142857,10.0,782.8571428571429,27.335087570195462,8024346.652581654
335.7142857142857,10.0,948.5714285714287,26.89473556016412,7861632.360810186
335.7142857142857,10.0,1114.2857142857142,26.48983150234968,7672033.800005769
335.7142857142857,10.0,1280.0,26.130084002567255,7467392.656331401
335.7142857142857,10.0,1445.7142857142858,25.816791783344165,7259546.901011269
335.7142857142857,10.0,1611.4285714285716,25.546812487487,7056837.26218296
335.7142857142857,10.0,1777.1428571428573,25.315174828303487,6864193.869512124
335.7142857142857,10.0,1942.857142857143,25.116527845791605,6684058.603726272
335.7142857142857,10.0,2108.5714285714284,24.945838764059307,6517270.514765397
335.7142857142857,10.0,2274.285714285714,24.798668426620903,6363717.263628378
335.7142857142857,10.0,2440.0,24.67123174626662,6222765.430299901
335.7142857142857,10.0,2605.714285714286,24.56035980799524,6093528.166080165
335.7142857142857,10.0,2771.4285714285716,24.46342443845228,5975024.514887072
335.7142857142857,10.0,2937.1428571428573,24.37825482447424,5866270.193204311
335.7142857142857,10.0,3102.857142857143,24.303059298009316,5766326.368993022
335.7142857142857,10.0,3268.571428571429,24.236357141310386,5674323.337047996
335.7142857142857,10.0,3434.2857142857147,24.176921347964413,5589469.567404551
335.7142857142857,10.0,3600.0,24.123731575961724,5511052.50974774
335.7142857142857,57.142857142857146,120.0,28.39503121336964,25229041.74826495
335.7142857142857,57.142857142857146,285.7142857142857,27.49919910083439,16713794.684677375
335.7142857142857,57.142857142857146,451.42857142857144,26.57944152201636,14057653.061068412
335.7142857142857,57.142857142857146,617.1428571428571,25.67000928320014,12692332.086658323
335.7142857142857,57.142857142857146,782.8571428571429,24.809940335118423,11796453.69879984
335.7142857142857,57.142857142857146,948.5714285714287,24.029633580858178,11117125.681401482
335.7142857142857,57.142857142857146,1114.2857142857142,23.342450163358578,10561014.903540116
335.7142857142857,57.142857142857146,1280.0,22.748332149573734,10088519.668457525
335.7142857142857,57.142857142857146,1445.7142857142858,22.2397615241077,9679715.46005105
335.7142857142857,57.142857142857146,1611.4285714285716,21.80622084953105,9322518.844568707
335.7142857142857,57.142857142857146,1777.1428571428573,21.436768922091364,9008400.125669893
335.7142857142857,57.142857142857146,1942.857142857143,21.121282267943865,8730752.928079523
335.7142857142857,57.142857142857146,2108.5714285714284,20.85092416320827,8484216.945859134
335.7142857142857,57.142857142857146,2274.285714285714,20.618219044700375,8264350.780202929
335.7142857142857,57.142857142857146,2440.0,20.416949428370994,8067440.113776009
335.7142857142857,57.142857142857146,2605.714285714286,20.241988916814343,7890364.36089309
335.7142857142857,57.142857142857146,2771.4285714285716,20.089126026103084,7730493.778941064
335.7142857142857,57.142857142857146,2937.1428571428573,19.954902458757083,7585606.17391387
335.7142857142857,57.142857142857146,3102.857142857143,19.836473941187243,7453818.289989606
335.7142857142857,57.142857142857146,3268.571428571429,19.73149451018062,7333529.058108045
335.7142857142857,57.142857142857146,3434.2857142857147,19.638022103693995,7223372.669976673
335.7142857142857,57.142857142857146,3600.0,19.554442325031076,7122179.824445404
335.7142857142857,104.28571428571429,120.0,27.999375176925525,32402206.41700428
335.7142857142857,104.28571428571429,285.7142857142857,26.908527674458014,19309857.00920238
335.7142857142857,104.28571428571429,451.42857142857144,25.92587636282168,15506134.553190185
335.7142857142857,104.28571428571429,617.1428571428571,25.004696799779072,13680745.78351201
335.7142857142857,104.28571428571429,782.8571428571429,24.15431816320776,12569580.316695338
335.7142857142857,104.28571428571429,948.5714285714287,23.389613720192813,11786418.208353858
335.7142857142857,104.28571428571429,1114.2857142857142,22.716107909538476,11182697.211822137
335.7142857142857,104.28571428571429,1280.0,22.1306445528228,10691936.221021011
335.7142857142857,104.28571428571429,1445.7142857142858,21.625180687446704,10280153.22304929
335.7142857142857,104.28571428571429,1611.4285714285716,21.18983729066212,9927695.412656693
335.7142857142857,104.28571428571429,1777.1428571428573,20.814693142738967,9621921.761636999
335.7142857142857,104.28571428571429,1942.857142857143,20.490652121354614,9354002.573017063
335.7142857142857,104.28571428571429,2108.5714285714284,20.20976370546336,9117396.965593353
335.7142857142857,104.28571428571429,2274.285714285714,19.965259761873433,8907061.422868377
335.7142857142857,104.28571428571429,2440.0,19.751461808907283,8718999.819143645
335.7142857142857,104.28571428571429,2605.714285714286,19.563641040916153,8549985.381858937
335.7142857142857,104.28571428571429,2771.4285714285716,19.39787166154347,8397376.326865561
335.7142857142857,104.28571428571429,2937.1428571428573,19.25089552953119,8258986.646554543
335.7142857142857,104.28571428571429,3102.857142857143,19.12000460003983,8132991.740523821
335.7142857142857,104.28571428571429,3268.571428571429,19.002942107437725,8017857.397123973
335.7142857142857,104.28571428571429,3434.2857142857147,18.897821016658664,7912285.169509315
335.7142857142857,104.28571428571429,3600.0,18.803057411923728,7815169.6744679175
335.7142857142857,151.42857142857144,120.0,27.685387371207586,36767106.64644702
335.7142857142857,151.42857142857144,285.7142857142857,26.553466334214043,20625454.34313457
335.7142857142857,151.42857142857144,451.42857142857144,25.593404785316476,16242989.489987448
335.7142857142857,151.42857142857144,617.1428571428571,24.71015805338252,14224369.421094969
335.7142857142857,151.42857142857144,782.8571428571429,23.90021318258883,13039210.488454396
335.7142857142857,151.42857142857144,948.5714285714287,23.17204858081747,12231292.22830727
335.7142857142857,151.42857142857144,1114.2857142857142,22.52837651124693,11625479.131579233
335.7142857142857,151.42857142857144,1280.0,21.96547401037359,11143128.671975259
335.7142857142857,151.42857142857144,1445.7142857142858,21.47589667377926,10744229.1307739
335.7142857142857,151.42857142857144,1611.4285714285716,21.050819716692313,10406070.407023832
335.7142857142857,151.42857142857144,1777.1428571428573,20.681446251445937,10114483.695385069
335.7142857142857,151.42857142857144,1942.857142857143,20.359699388283154,9859916.918855432
335.7142857142857,151.42857142857144,2108.5714285714284,20.078483076561074,9635531.916979855
335.7142857142857,151.42857142857144,2274.285714285714,19.831714947878545,9436209.021117058
335.7142857142857,151.42857142857144,2440.0,19.61425257941222,9257986.79161084
335.7142857142857,151.42857142857144,2605.714285714286,19.42177919842764,9097724.414515289
335.7142857142857,151.42857142857144,2771.4285714285716,19.250682101632663,8952885.517297864
335.7142857142857,151.42857142857144,2937.1428571428573,19.097939044567582,8821392.384695612
335.7142857142857,151.42857142857144,3102.857142857143,18.96101845135709,8701523.389680428
335.7142857142857,151.42857142857144,3268.571428571429,18.837794651426044,8591838.338470869
335.7142857142857,151.42857142857144,3434.2857142857147,18.726477237265716,8491122.65366002
335.7142857142857,151.42857142857144,3600.0,18.625552822282884,8398344.744036142
335.7142857142857,198.57142857142858,120.0,27.438244729078345,39646356.090240024
335.7142857142857,198.57142857142858,285.7142857142857,26.32009216416459,21463429.360041037
335.7142857142857,198.57142857142858,451.42857142857144,25.39838592601816,16758691.856615955
335.7142857142857,198.57142857142858,617.1428571428571,24.556269627646383,14645228.440896735
335.7142857142857,198.57142857142858,782.8571428571429,23.785339922238894,13430483.279828185
335.7142857142857,198.57142857142858,948.5714285714287,23.091248002149225,12618623.582317963
335.7142857142857,198.57142857142858,1114.2857142857142,22.475534378435068,12020027.54607596
335.7142857142857,198.57142857142858,1280.0,21.93448826342555,11549565.953118613
335.7142857142857,198.57142857142858,1445.7142857142858,21.461303310369914,11164077.49125951
335.7142857142857,198.57142857142858,1611.4285714285716,21.048021378970834,10839305.331558714
335.7142857142857,198.57142857142858,1777.1428571428573,20.68672000920618,10560352.76930723
335.7142857142857,198.57142857142858,1942.857142857143,20.370104358504285,10317366.176868092
335.7142857142857,198.57142857142858,2108.5714285714284,20.091735608496837,10103426.193965228
335.7142857142857,198.57142857142858,2274.285714285714,19.846064466060025,9913442.076825656
335.7142857142857,198.57142857142858,2440.0,19.628371779729417,9743532.253682623
335.7142857142857,198.57142857142858,2605.714285714286,19.434672493763998,9590655.237547332
335.7142857142857,198.57142857142858,2771.4285714285716,19.261611753369078,9452377.10145129
335.7142857142857,198.57142857142858,2937.1428571428573,19.10636669817825,9326717.63516921
335.7142857142857,198.57142857142858,3102.857142857143,18.966559385912102,9212044.212392949
335.7142857142857,198.57142857142858,3268.571428571429,18.840182212024892,9106995.968857087
335.7142857142857,198.57142857142858,3434.2857142857147,18.72553528188947,9010428.052170098
335.7142857142857,198.57142857142858,3600.0,18.621174412437135,8921369.650363099
335.7142857142857,245.71428571428572,120.0,27.241709250504684,41669867.53519026
335.7142857142857,245.71428571428572,285.7142857142857,26.156531439478048,22082542.99505487
335.7142857142857,245.71428571428572,451.42857142857144,25.273478031473058,17182414.962343294
335.7142857142857,245.71428571428572,617.1428571428571,24.468396739905902,15016940.105714252
335.7142857142857,245.71428571428572,782.8571428571429,23.731358187140025,13789700.218968026
335.7142857142857,245.71428571428572,948.5714285714287,23.066648114158227,12980477.408659482
335.7142857142857,245.71428571428572,1114.2857142857142,22.475254699894432,12390846.807106826
335.7142857142857,245.71428571428572,1280.0,21.95362029568344,11931752.975428263
335.7142857142857,245.71428571428572,1445.7142857142858,21.49547847863574,11558140.738893885
335.7142857142857,245.71428571428572,1611.4285714285716,21.093548085567768,11244840.057464592
335.7142857142857,245.71428571428572,1777.1428571428573,20.740577708457764,10976543.83178738
335.7142857142857,245.71428571428572,1942.857142857143,20.429871941302842,10743249.619434442
335.7142857142857,245.71428571428572,2108.5714285714284,20.155498586981505,10538023.20324926
335.7142857142857,245.71428571428572,2274.285714285714,19.912323096955845,10355824.282936443
335.7142857142857,245.71428571428572,2440.0,19.695959464356843,10192850.114004746
335.7142857142857,245.71428571428572,2605.714285714286,19.502687201555545,10046146.869063485
335.7142857142857,245.71428571428572,2771.4285714285716,19.329360150582048,9913367.110714529
335.7142857142857,245.71428571428572,2937.1428571428573,19.17331944412943,9792611.181541603
335.7142857142857,245.71428571428572,3102.857142857143,19.032315740106977,9682319.141587732
335.7142857142857,245.71428571428572,3268.571428571429,18.904442178069143,9581194.516702779
335.7142857142857,245.71428571428572,3434.2857142857147,18.788077748050828,9488148.87486242
335.7142857142857,245.71428571428572,3600.0,18.681840016054178,9402260.527386608
335.7142857142857,292.8571428571429,120.0,27.083100402446664,43170621.91873674
335.7142857142857,292.8571428571429,285.7142857142857,26.036385232794466,22587154.481083494
335.7142857142857,292.8571428571429,451.42857142857144,25.188642614899795,17559963.316071644
335.7142857142857,292.8571428571429,617.1428571428571,24.41578703274056,15363372.661974575
335.7142857142857,292.8571428571429,782.8571428571429,23.70780438422659,14130999.682392918
335.7142857142857,292.8571428571429,948.5714285714287,23.06827424083657,13326488.771610485
335.7142857142857,292.8571428571429,1114.2857142857142,22.49789887898052,12745577.87263381
335.7142857142857,292.8571428571429,1280.0,21.9932976336869,12296592.130516559
335.7142857142857,292.8571428571429,1445.7142857142858,21.548645189777925,11933210.630568001
335.7142857142857,292.8571428571429,1611.4285714285716,21.157194358613776,11629658.196062926
335.7142857142857,292.8571428571429,1777.1428571428573,20.81221971542077,11370364.3118643
335.7142857142857,292.8571428571429,1942.857142857143,20.507496730791118,11145241.724724546
335.7142857142857,292.8571428571429,2108.5714285714284,20.23749350383478,10947362.747045232
335.7142857142857,292.8571428571429,2274.285714285714,19.997405754713967,10771737.595011463
335.7142857142857,292.8571428571429,2440.0,19.78311517846653,10614632.419264613
335.7142857142857,292.8571428571429,2605.714285714286,19.591116015320726,10473167.075633377
335.7142857142857,292.8571428571429,2771.4285714285716,19.418433320076907,10345065.670674987
335.7142857142857,292.8571428571429,2937.1428571428573,19.26254431792242,10228494.700538043
335.7142857142857,292.8571428571429,3102.857142857143,19.121307702737052,10121953.73713766
335.7142857142857,292.8571428571429,3268.571428571429,18.992902362623795,10024198.983115664
335.7142857142857,292.8571428571429,3434.2857142857147,18.8757753793818,9934188.185434736
335.7142857142857,292.8571428571429,3600.0,18.7685984335522,9851039.912352828
335.7142857142857,340.0,120.0,26.95316084366664,44337096.2665603
335.7142857142857,340.0,285.7142857142857,25.944935590967038,23025873.92436451
335.7142857142857,340.0,451.42857142857144,25.128599885593122,17910890.008992475
335.7142857142857,340.0,617.1428571428571,24.383709066039906,15694179.530252255
335.7142857142857,340.0,782.8571428571429,23.700776814765998,14460003.445126535
335.7142857142857,340.0,948.5714285714287,23.08299787143864,13660638.342649657
335.7142857142857,340.0,1114.2857142857142,22.530914655313268,13087660.283312283
335.7142857142857,340.0,1280.0,22.0413137139289,12647503.960459288
335.7142857142857,340.0,1445.7142857142858,21.608730698353007,12292928.52561407
335.7142857142857,340.0,1611.4285714285716,21.226847884209715,11997719.306491837
335.7142857142857,340.0,1777.1428571428573,20.889362215301766,11746117.562657889
335.7142857142857,340.0,1942.857142857143,20.59042852384183,11527980.1582064
335.7142857142857,340.0,2108.5714285714284,20.324839164860485,11336391.484140474
335.7142857142857,340.0,2274.285714285714,20.088059162934993,11166406.521843737
335.7142857142857,340.0,2440.0,19.876190111982204,11014349.64682127
335.7142857142857,340.0,2605.714285714286,19.685904037249205,10877402.13190157
335.7142857142857,340.0,2771.4285714285716,19.51436894179792,10753347.43709805
335.7142857142857,340.0,2937.1428571428573,19.35917668147496,10640406.879928844
335.7142857142857,340.0,3102.857142857143,19.218277794122294,10537129.380138949
335.7142857142857,340.0,3268.571428571429,19.089924777042132,10442314.886362454
335.7142857142857,340.0,3434.2857142857147,18.972623766951287,10354959.57177672
335.7142857142857,340.0,3600.0,18.865093890390295,10274215.578580095
335.7142857142857,387.14285714285717,120.0,26.84520369893485,45281744.59226503
335.7142857142857,387.14285714285717,285.7142857142857,25.873371551607068,23423784.973856237
335.7142857142857,387.14285714285717,451.42857142857144,25.084815224395754,18244714.93235484
335.7142857142857,387.14285714285717,617.1428571428571,24.364335292041925,16013961.80267063
335.7142857142857,387.14285714285717,782.8571428571429,23.703213188684778,14779467.238774642
335.7142857142857,387.14285714285717,948.5714285714287,23.104424749662215,13985044.811269227
335.7142857142857,387.14285714285717,1114.2857142857142,22.568416454425826,13419113.175752452
335.7142857142857,387.14285714285717,1280.0,22.092123650392374,12986650.768848876
335.7142857142857,387.14285714285717,1445.7142857142858,21.67038058160948,12639700.919251356
335.7142857142857,387.14285714285717,1611.4285714285716,21.297221751856792,12351705.122143341
335.7142857142857,387.14285714285717,1777.1428571428573,20.966690741364207,12106757.554979587
335.7142857142857,387.14285714285717,1942.857142857143,20.673254848288682,11894672.566146195
335.7142857142857,387.14285714285717,2108.5714285714284,20.411974826795962,11708546.146878162
335.7142857142857,387.14285714285717,2274.285714285714,20.178539882882,11543471.093399102
335.7142857142857,387.14285714285717,2440.0,19.969235792568586,11395820.470918564
335.7142857142857,387.14285714285717,2605.714285714286,19.780884459504364,11262826.854375858
335.7142857142857,387.14285714285717,2771.4285714285716,19.61077521682333,11142323.348681409
335.7142857142857,387.14285714285717,2937.1428571428573,19.456597904011904,11032577.228618843
335.7142857142857,387.14285714285717,3102.857142857143,19.316382142362535,10932178.890911119
335.7142857142857,387.14285714285717,3268.571428571429,19.188444296246637,10839965.153999439
335.7142857142857,387.14285714285717,3434.2857142857147,19.071342150297117,10754964.667219453
335.7142857142857,387.14285714285717,3600.0,18.963836672756667,10676358.025924204
335.7142857142857,434.28571428571433,120.0,26.754364164852284,46074594.77778429
335.7142857142857,434.28571428571433,285.7142857142857,25.816113621278106,23794871.75491172
335.7142857142857,434.28571428571433,451.42857142857144,25.05217627495366,18566565.668857727
335.7142857142857,434.28571428571433,617.1428571428571,24.35317976162957,16325224.161596728
335.7142857142857,434.28571428571433,782.8571428571429,23.711241131083582,15090994.402671011
335.7142857142857,434.28571428571433,948.5714285714287,23.129206611709932,14301068.58586777
335.7142857142857,434.28571428571433,1114.2857142857142,22.607460859234592,13741338.329622827
335.7142857142857,434.28571428571433,1280.0,22.14306892311191,13315597.632737473
335.7142857142857,434.28571428571433,1445.7142857142858,21.731115202639238,12975300.960679956
335.7142857142857,434.28571428571433,1611.4285714285716,21.36592819347129,12693604.222576756
335.7142857142857,434.28571428571433,1777.1428571428573,21.041841323164604,12454478.070265867
335.7142857142857,434.28571428571433,1942.857142857143,20.7535841135468,12247700.251036506
335.7142857142857,434.28571428571433,2108.5714285714284,20.49644356852503,12066375.58427801
335.7142857142857,434.28571428571433,2274.285714285714,20.266298804399774,11905627.984122533
335.7142857142857,434.28571428571433,2440.0,20.059592442260048,11761871.09325116
335.7142857142857,434.28571428571433,2605.714285714286,19.87327471775174,11632380.54575918
335.7142857142857,434.28571428571433,2771.4285714285716,19.70473944049964,11515031.336383736
335.7142857142857,434.28571428571433,2937.1428571428573,19.5517613160208,11408129.690383403
335.7142857142857,434.28571428571433,3102.857142857143,19.412438874121186,11310301.295136772
335.7142857142857,434.28571428571433,3268.571428571429,19.285144474687126,11220414.450674107
335.7142857142857,434.28571428571433,3434.2857142857147,19.16848147547485,11137525.626581999
335.7142857142857,434.28571428571433,3600.0,19.0612480108636,11060839.865945723
335.7142857142857,481.42857142857144,120.0,26.67705588372927,46760836.189058095
335.7142857142857,481.42857142857144,285.7142857142857,25.769465287811844,24147420.417400036
335.7142857142857,481.42857142857144,451.42857142857144,25.027450002880514,18879439.81681517
335.7142857142857,481.42857142857144,617.1428571428571,24.347519410660254,16629489.945882339
335.7142857142857,481.42857142857144,782.8571428571429,23.722614360531175,15395650.867276005
335.7142857142857,481.42857142857144,948.5714285714287,23.1555008809056,14609698.314522184
335.7142857142857,481.42857142857144,1114.2857142857142,22.6465207205324,14055406.707542984
335.7142857142857,481.42857142857144,1280.0,22.1928512968694,13635562.484801581
335.7142857142857,481.42857142857144,1445.7142857142858,21.789789196570844,13301113.48993053
335.7142857142857,481.42857142857144,1611.4285714285716,21.4319120725274,13024966.959532753
335.7142857142857,481.42857142857144,1777.1428571428573,21.11379958953649,12790983.89967317
335.7142857142857,481.42857142857144,1942.857142857143,20.830404823588534,12588907.624657404
335.7142857142857,481.42857142857144,2108.5714285714284,20.577208444368303,12411848.248041406
335.7142857142857,481.42857142857144,2274.285714285714,20.350252834969954,12254954.78095101
335.7142857142857,481.42857142857144,2440.0,20.146116070142774,12114674.631782424
335.7142857142857,481.42857142857144,2605.714285714286,19.961859735313638,11988319.753941668
335.7142857142857,481.42857142857144,2771.4285714285716,19.794968728092734,11873800.771402407
335.7142857142857,481.42857142857144,2937.1428571428573,19.643292109720957,11769457.240596713
335.7142857142857,481.42857142857144,3102.857142857143,19.504989089487495,11673945.195143007
335.7142857142857,481.42857142857144,3268.571428571429,19.37848159109361,11586160.116965305
335.7142857142857,481.42857142857144,3434.2857142857147,19.26241352525113,11505182.58236347
335.7142857142857,481.42857142857144,3600.0,19.15561627932302,11430238.886733012
335.7142857142857,528.5714285714286,120.0,26.610594982140203,47370521.51657896
335.7142857142857,528.5714285714286,285.7142857142857,25.73088512802841,24486590.901510496
335.7142857142857,528.5714285714286,451.42857142857144,25.00850144502202,19185214.737506706
335.7142857142857,528.5714285714286,617.1428571428571,24.345625126191237,16927774.703178797
335.7142857142857,528.5714285714286,782.8571428571429,23.735973534649442,15694217.031376781
335.7142857142857,528.5714285714286,948.5714285714287,23.18226025521524,14911708.8953661
335.7142857142857,528.5714285714286,1114.2857142857142,22.6847949206401,14362181.459520606
335.7142857142857,528.5714285714286,1280.0,22.240852310516694,13947532.27736267
335.7142857142857,528.5714285714286,1445.7142857142858,21.84591105785209,13618257.583620379
335.7142857142857,528.5714285714286,1611.4285714285716,21.494762780458814,13347040.06855863
335.7142857142857,528.5714285714286,1777.1428571428573,21.1821991766662,13117639.388218699
335.7142857142857,528.5714285714286,1942.857142857143,20.90336647037169,12919764.66144185
335.7142857142857,528.5714285714286,2108.5714285714284,20.653913270934495,12746527.651456673
335.7142857142857,528.5714285714286,2274.285714285714,20.43002408726432,12593097.190627545
335.7142857142857,528.5714285714286,2440.0,20.228395378777048,12455948.735782966
335.7142857142857,528.5714285714286,2605.714285714286,20.046186446761137,12332425.002909893
335.7142857142857,528.5714285714286,2771.4285714285716,19.880962456875377,12220467.128044765
335.7142857142857,528.5714285714286,2937.1428571428573,19.730638271689266,12118443.425740771
335.7142857142857,528.5714285714286,3102.857142857143,19.59342703095337,12025036.260371208
335.7142857142857,528.5714285714286,3268.571428571429,19.467794903441572,11939164.80650402
335.7142857142857,528.5714285714286,3434.2857142857147,19.352422163772914,11859930.733430907
335.7142857142857,528.5714285714286,3600.0,19.24617015446385,11786578.994164389
335.7142857142857,575.7142857142858,120.0,26.55294249078725,47924158.690689825
335.7142857142857,575.7142857142858,285.7142857142857,25.69857108034584,24815732.85614398
335.7142857142857,575.7142857142858,451.42857142857144,24.993870095265997,19485137.80774361
335.7142857142857,575.7142857142858,617.1428571428571,24.34635862288644,17220807.416969866
335.7142857142857,575.7142857142858,782.8571428571429,23.75046941146223,15987303.196706152
335.7142857142857,575.7142857142858,948.5714285714287,23.208879232076352,15207735.785786917
335.7142857142857,575.7142857142858,1114.2857142857142,22.72187188878678,14662380.221995454
335.7142857142857,575.7142857142858,1280.0,22.28680676749917,14252326.778574457
335.7142857142857,575.7142857142858,1445.7142857142858,21.89932030204675,13927657.844839342
335.7142857142857,575.7142857142858,1611.4285714285716,21.554389966537997,13660847.714515897
335.7142857142857,575.7142857142858,1777.1428571428573,21.246992166716474,13435559.64872981
335.7142857142857,575.7142857142858,1942.857142857143,20.972441917249114,13241467.814415798
335.7142857142857,575.7142857142858,2108.5714285714284,20.726535080860668,13071682.14403324
335.7142857142857,575.7142857142858,2274.285714285714,20.50558121707045,12921386.71045509
335.7142857142857,575.7142857142858,2440.0,20.306381315726984,12787080.198712252
335.7142857142857,575.7142857142858,2605.714285714286,20.12618126910325,12666131.461450962
335.7142857142857,575.7142857142858,2771.4285714285716,19.962617632106127,12556507.912656605
335.7142857142857,575.7142857142858,2937.1428571428573,19.813664006547246,12456602.85221654
335.7142857142857,575.7142857142858,3102.857142857143,19.67758185509764,12365121.666552024
335.7142857142857,575.7142857142858,3268.571428571429,19.552877141951083,12281004.348472012
335.7142857142857,575.7142857142858,3434.2857142857147,19.438262975030447,12203371.176683199
335.7142857142857,575.7142857142858,3600.0,19.332627850105606,12131483.621952286
335.7142857142857,622.8571428571429,120.0,26.50252692534178,48436057.18894297
335.7142857142857,622.8571428571429,285.7142857142857,25.671211552494174,25137099.593330864
335.7142857142857,622.8571428571429,451.42857142857144,24.982527091003384,19780081.352444284
335.7142857142857,622.8571428571429,617.1428571428571,24.348948246253023,17509142.508809015
335.7142857142857,622.8571428571429,782.8571428571429,23.765558812026224,16275408.090537438
335.7142857142857,622.8571428571429,948.5714285714287,23.23500742880539,15498314.75205588
335.7142857142857,622.8571428571429,1114.2857142857142,22.75755579453618,14956611.410182511
335.7142857142857,622.8571428571429,1280.0,22.330637122870563,14550638.29877827
335.7142857142857,622.8571428571429,1445.7142857142858,21.950025896659408,14230090.43776419
335.7142857142857,622.8571428571429,1611.4285714285716,21.610862645843966,13967244.736247689
335.7142857142857,622.8571428571429,1777.1428571428573,21.30828629710283,13745670.962738227
335.7142857142857,622.8571428571429,1942.857142857143,21.03776082674336,13555007.0830286
335.7142857142857,622.8571428571429,2108.5714285714284,20.795212450831553,13388357.98846479
335.7142857142857,622.8571428571429,2274.285714285714,20.577061773578418,13240919.022645103
335.7142857142857,622.8571428571429,2440.0,20.380202901678807,13109208.008987736
335.7142857142857,622.8571428571429,2605.714285714286,20.201959110605216,12990616.048147457
335.7142857142857,622.8571428571429,2771.4285714285716,20.040030959476336,12883133.288388848
335.7142857142857,622.8571428571429,2937.1428571428573,19.89244488474723,12785174.86364226
335.7142857142857,622.8571428571429,3102.857142857143,19.757505957681875,12695466.420581326
335.7142857142857,622.8571428571429,3268.571428571429,19.63375617509463,12612966.370749686
335.7142857142857,622.8571428571429,3434.2857142857147,19.519938473920227,12536811.527848067
335.7142857142857,622.8571428571429,3600.0,19.41496610294351,12466278.091529706
335.7142857142857,670.0,120.0,26.458120695904068,48916396.711012654
335.7142857142857,670.0,285.7142857142857,25.647830356209525,25452254.779312093
335.7142857142857,670.0,451.42857142857144,24.973729484251557,20070683.063387807
335.7142857142857,670.0,617.1428571428571,24.35285809764184,17793220.671165816
335.7142857142857,670.0,782.8571428571429,23.78088860692729,16558951.414432902
335.7142857142857,670.0,948.5714285714287,23.260446169354914,15783905.690794945
335.7142857142857,670.0,1114.2857142857142,22.791772610241797,15245397.784527414
335.7142857142857,670.0,1280.0,22.37236586530331,14843058.696817005
335.7142857142857,670.0,1445.7142857142858,21.998122184910002,14526214.967428647
335.7142857142857,670.0,1611.4285714285716,21.664326405038572,14266953.735654933
335.7142857142857,670.0,1777.1428571428573,21.366261703296754,14048752.894173538
335.7142857142857,670.0,1942.857142857143,21.09952464545646,13861212.740258
335.7142857142857,670.0,2108.5714285714284,20.860157801503863,13697430.21307065
335.7142857142857,670.0,2274.285714285714,20.644681175964788,13552608.481383322
335.7142857142857,670.0,2440.0,20.45007246605224,13423281.012890706
335.7142857142857,670.0,2605.714285714286,20.273724613327566,13306857.857103936
335.7142857142857,670.0,2771.4285714285716,20.11339596471166,13201348.89973338
335.7142857142857,670.0,2937.1428571428573,19.967160798344082,13105188.447276505
335.7142857142857,670.0,3102.857142857143,19.833363788471065,13017120.074806709
335.7142857142857,670.0,3268.571428571429,19.71057975120489,12936118.585988477
335.7142857142857,670.0,3434.2857142857147,19.59757887314887,12861335.57625743
335.7142857142857,670.0,3600.0,19.49329708359807,12792060.460845303
335.7142857142857,717.1428571428572,120.0,26.418752838309317,49372542.92836891
335.7142857142857,717.1428571428572,285.7142857142857,25.627686747982352,25762313.847103793
335.7142857142857,717.1428571428572,451.42857142857144,24.96692932788444,20357427.260742176
335.7142857142857,717.1428571428572,617.1428571428571,24.357708481908066,18073404.054461975
335.7142857142857,717.1428571428572,782.8571428571429,23.79622702942419,16838293.53604002
335.7142857142857,717.1428571428572,948.5714285714287,23.285088935028064,16064908.304753082
335.7142857142857,717.1428571428572,1114.2857142857142,22.82451750972941,15529192.996954301
335.7142857142857,717.1428571428572,1280.0,22.412067698873553,15130098.859124513
335.7142857142857,717.1428571428572,1445.7142857142858,22.04374395384919,14816597.625427049
335.7142857142857,717.1428571428572,1611.4285714285716,21.71495980924133,14560591.985616764
335.7142857142857,717.1428571428572,1777.1428571428573,21.421127460207597,14345468.758985164
335.7142857142857,717.1428571428572,1942.857142857143,21.157962375574325,14160789.040962921
335.7142857142857,717.1428571428572,2108.5714285714284,20.921611740621078,13999639.201178703
335.7142857142857,717.1428571428572,2274.285714285714,20.708685163704423,13857227.233651
335.7142857142857,717.1428571428572,2440.0,20.516235889589392,13730099.244625703
335.7142857142857,717.1428571428572,2605.714285714286,20.34171998622405,13615681.40948083
335.7142857142857,717.1428571428572,2771.4285714285716,20.18294829990044,13512000.7930698
335.7142857142857,717.1428571428572,2937.1428571428573,20.038038685607802,13417508.604344923
335.7142857142857,717.1428571428572,3102.857142857143,19.90537198460965,13330964.357834581
335.7142857142857,717.1428571428572,3268.571428571429,19.783553063730054,13251357.519902896
335.7142857142857,717.1428571428572,3434.2857142857147,19.67137712650838,13177852.970410304
335.7142857142857,717.1428571428572,3600.0,19.567800979888197,13109752.046545276
335.7142857142857,764.2857142857143,120.0,26.383646512549028,49809905.60728887
335.7142857142857,764.2857142857143,285.7142857142857,25.61020906426267,26068092.464092445
335.7142857142857,764.2857142857143,451.42857142857144,24.961715053203484,20640693.99853791
335.7142857142857,764.2857142857143,617.1428571428571,24.36322586508995,18349997.814966716
335.7142857142857,764.2857142857143,782.8571428571429,23.811421607216186,17113748.317918427
335.7142857142857,764.2857142857143,948.5714285714287,23.30888597328696,16341673.187866712
335.7142857142857,764.2857142857143,1114.2857142857142,22.85582460149188,15808393.851076193
335.7142857142857,764.2857142857143,1280.0,22.449842888303014,15412203.324475465
335.7142857142857,764.2857142857143,1445.7142857142858,22.08704207014322,15101728.559108324
335.7142857142857,764.2857142857143,1611.4285714285716,21.762951246954696,14848691.538617281
335.7142857142857,764.2857142857143,1777.1428571428573,21.473098789167278,14636388.293524535
335.7142857142857,764.2857142857143,1942.857142857143,21.213307501481797,14454339.202147
335.7142857142857,764.2857142857143,2108.5714285714284,20.979819235154316,14295617.72060984
335.7142857142857,764.2857142857143,2274.285714285714,20.769324873677448,14155434.046164067
335.7142857142857,764.2857142857143,2440.0,20.57894634938396,14030344.320994658
335.7142857142857,764.2857142857143,2605.714285714286,20.40619726000687,13917788.411874576
335.7142857142857,764.2857142857143,2771.4285714285716,20.248936409605776,13815808.360309565
335.7142857142857,764.2857142857143,2937.1428571428573,20.105321554164785,13722870.324250508
335.7142857142857,764.2857142857143,3102.857142857143,19.97376672933364,13637748.045830445
335.7142857142857,764.2857142857143,3268.571428571429,19.852904447975995,13559444.16474886
335.7142857142857,764.2857142857143,3434.2857142857147,19.74155298333013,13487135.554751862
335.7142857142857,764.2857142857143,3600.0,19.638688440853663,13420134.358924152
335.7142857142857,811.4285714285714,120.0,26.3521736074105,50232510.876653224
335.7142857142857,811.4285714285714,285.7142857142857,25.59494951134584,26370200.69517147
335.7142857142857,811.4285714285714,451.42857142857144,24.95777257510852,20920789.902221154
335.7142857142857,811.4285714285714,617.1428571428571,24.369210456016607,18623264.011671666
335.7142857142857,811.4285714285714,782.8571428571429,23.826372647923257,17385592.014448907
335.7142857142857,811.4285714285714,948.5714285714287,23.331822716302977,16614510.08828587
335.7142857142857,811.4285714285714,1114.2857142857142,22.885749163859202,16083349.727497937
335.7142857142857,811.4285714285714,1280.0,22.485802235002527,15689761.575833265
335.7142857142857,811.4285714285714,1445.7142857142858,22.128170258419015,15382035.22542257
335.7142857142857,811.4285714285714,1611.4285714285716,21.808486740433647,15131714.598458588
335.7142857142857,811.4285714285714,1777.1428571428573,21.522385293443364,14922004.893772945
335.7142857142857,811.4285714285714,1942.857142857143,21.26578618631254,14742384.320530498
335.7142857142857,811.4285714285714,2108.5714285714284,21.035017422563623,14585911.325194618
335.7142857142857,811.4285714285714,2274.285714285714,20.82684401367974,14447796.007109253
335.7142857142857,811.4285714285714,2440.0,20.63845067534316,14324602.276947446
335.7142857142857,811.4285714285714,2605.714285714286,20.467403703439327,14213781.57848318
335.7142857142857,811.4285714285714,2771.4285714285716,20.31160592652597,14113389.01921739
335.7142857142857,811.4285714285714,2937.1428571428573,20.16925180766267,14021904.011802856
335.7142857142857,811.4285714285714,3102.857142857143,20.038785985228,13938113.040703276
335.7142857142857,811.4285714285714,3268.571428571429,19.918866514255207,13861030.625845928
335.7142857142857,811.4285714285714,3434.2857142857147,19.808333027780524,13789844.513414029
335.7142857142857,811.4285714285714,3600.0,19.706179537799265,13723876.681613123
335.7142857142857,858.5714285714287,120.0,26.323821321978816,50643390.53172118
335.7142857142857,858.5714285714287,285.7142857142857,25.58155266023774,26669104.36457298
335.7142857142857,858.5714285714287,451.42857142857144,24.95485883558914,21197968.216706008
335.7142857142857,858.5714285714287,617.1428571428571,24.375514663169696,18893430.996938955
335.7142857142857,858.5714285714287,782.8571428571429,23.84101611458079,17654069.76335738
335.7142857142857,858.5714285714287,948.5714285714287,23.353906345658633,16883694.304524608
335.7142857142857,858.5714285714287,1114.2857142857142,22.91435708448878,16354370.018192085
335.7142857142857,858.5714285714287,1280.0,22.520058612921964,15963116.938770985
335.7142857142857,858.5714285714287,1445.7142857142858,22.167278054820823,15657892.850628795
335.7142857142857,858.5714285714287,1611.4285714285716,21.85174375841661,15410065.485267654
335.7142857142857,858.5714285714287,1777.1428571428573,21.569185187810437,15202748.963374345
335.7142857142857,858.5714285714287,1942.857142857143,21.315611577644358,15025377.95892102
335.7142857142857,858.5714285714287,2108.5714285714284,21.087429735968126,14870994.034107989
335.7142857142857,858.5714285714287,2274.285714285714,20.881472617685958,14734805.16250993
335.7142857142857,858.5714285714287,2440.0,20.694982598855315,14613381.036547493
335.7142857142857,858.5714285714287,2605.714285714286,20.525574469412565,14504182.82869541
335.7142857142857,858.5714285714287,2771.4285714285716,20.371191650090573,14405277.043539366
335.7142857142857,858.5714285714287,2937.1428571428573,20.230062515581643,14315154.868459355
335.7142857142857,858.5714285714287,3102.857142857143,20.100660031704123,14232614.23223461
335.7142857142857,858.5714285714287,3268.571428571429,19.98166594274848,14156680.404111993
335.7142857142857,858.5714285714287,3434.2857142857147,19.871939730653708,14086551.021062348
335.7142857142857,858.5714285714287,3600.0,19.77049207976879,14021557.045827545
335.7142857142857,905.7142857142858,120.0,26.298167247648212,51044851.643163316
335.7142857142857,905.7142857142858,285.7142857142857,25.569733045824403,26965166.016860176
335.7142857142857,905.7142857142858,451.42857142857144,24.952783409192264,21472442.25683292
335.7142857142857,905.7142857142858,617.1428571428571,24.382028456275037,19160700.03114777
335.7142857142857,905.7142857142858,782.8571428571429,23.85531233225622,17919400.515754588
335.7142857142857,905.7142857142858,948.5714285714287,23.375157292057988,17149471.771860294
335.7142857142857,905.7142857142858,1114.2857142857142,22.941718550665854,16621730.100347478
335.7142857142857,905.7142857142858,1280.0,22.55272227706976,16232573.70434274
335.7142857142857,905.7142857142858,1445.7142857142858,22.204507234858106,15929632.746511932
335.7142857142857,905.7142857142858,1611.4285714285716,21.892888351601382,15684100.089043856
335.7142857142857,905.7142857142858,1777.1428571428573,21.613682814081606,15478998.40621597
335.7142857142857,905.7142857142858,1942.857142857143,21.3629814491624,15303717.566508187
335.7142857142857,905.7142857142858,2108.5714285714284,21.13726347911086,15151280.569942862
335.7142857142857,905.7142857142858,2274.285714285714,20.93342441035175,15016891.470135015
335.7142857142857,905.7142857142858,2440.0,20.74875980167176,14897123.99129604
335.7142857142857,905.7142857142858,2605.714285714286,20.580929253016528,14789447.409387294
335.7142857142857,905.7142857142858,2771.4285714285716,20.427913761569577,14691938.159254119
335.7142857142857,905.7142857142858,2937.1428571428573,20.28797315081659,14603097.901955906
335.7142857142857,905.7142857142858,3102.857142857143,20.159606703828352,14521734.86884119
335.7142857142857,905.7142857142858,3268.571428571429,20.041518212408324,14446884.08294026
335.7142857142857,905.7142857142858,3434.2857142857147,19.93258566470604,14377752.207090162
335.7142857142857,905.7142857142858,3600.0,19.831835317253816,14313678.438404793
335.7142857142857,952.8571428571429,120.0,26.274860563678057,51438666.30475399
335.7142857142857,952.8571428571429,285.7142857142857,25.55925895063314,27258672.85605599
335.7142857142857,952.8571428571429,451.42857142857144,24.95139546285807,21744394.695113253
335.7142857142857,952.8571428571429,617.1428571428571,24.38866922281064,19425250.114694312
335.7142857142857,952.8571428571429,782.8571428571429,23.869238405762545,18181780.898387775
335.7142857142857,952.8571428571429,948.5714285714287,23.395603793065554,17412063.18732763
335.7142857142857,952.8571428571429,1114.2857142857142,22.967904295328626,16885676.20440777
335.7142857142857,952.8571428571429,1280.0,22.583898370685386,16498402.90260578
335.7142857142857,952.8571428571429,1445.7142857142858,22.239990209372742,16197549.005173737
335.7142857142857,952.8571428571429,1611.4285714285716,21.93207412933203,15954133.43443046
335.7142857142857,952.8571428571429,1777.1428571428573,21.65604795235055,15751086.98241596
335.7142857142857,952.8571428571429,1942.857142857143,21.40807765455576,15577753.539766863
335.7142857142857,952.8571428571429,2108.5714285714284,21.18470927613936,15427136.040452553
335.7142857142857,952.8571428571429,2274.285714285714,20.982896142276154,15294433.024632316
335.7142857142857,952.8571428571429,2440.0,20.79998305497991,15176220.699441442
335.7142857142857,952.8571428571429,2605.714285714286,20.63367117515627,15069975.007609123
335.7142857142857,952.8571428571429,2771.4285714285716,20.481976410279646,14973781.017758735
335.7142857142857,952.8571428571429,2937.1428571428573,20.343187849811816,14886149.71425103
335.7142857142857,952.8571428571429,3102.857142857143,20.215829307872273,14805898.62081553
335.7142857142857,952.8571428571429,3268.571428571429,20.098625161120044,14732071.632718906
335.7142857142857,952.8571428571429,3434.2857142857147,19.990470704444792,14663883.672080837
335.7142857142857,952.8571428571429,3600.0,19.890406780993846,14600681.504878476
335.7142857142857,1000.0,120.0,26.25360768560942,51826207.138405345
335.7142857142857,1000.0,285.7142857142857,25.549940474649528,27549856.177793887
335.7142857142857,1000.0,451.42857142857144,24.950574349803574,22013984.1469523
335.7142857142857,1000.0,617.1428571428571,24.395374616194463,19687241.63057793
335.7142857142857,1000.0,782.8571428571429,23.882783050536506,18441388.312707964
335.7142857142857,1000.0,948.5714285714287,23.415278382360523,17671667.404540647
335.7142857142857,1000.0,1114.2857142857142,22.992983401702695,17146429.425201293
335.7142857142857,1000.0,1280.0,22.613685722112262,16760847.031503433
335.7142857142857,1000.0,1445.7142857142858,22.273849531845254,16461903.946282033
335.7142857142857,1000.0,1611.4285714285716,21.969442243600486,16220445.801286692
335.7142857142857,1000.0,1777.1428571428573,21.6964360941941,16019311.039038662
335.7142857142857,1000.0,1942.857142857143,21.451066543011812,15847796.495851764
335.7142857142857,1000.0,2108.5714285714284,21.229941516318807,15698883.689617332
335.7142857142857,1000.0,2274.285714285714,21.030067978213946,15567764.226707054
335.7142857142857,1000.0,2440.0,20.84883648708407,15451015.420188297
335.7142857142857,1000.0,2605.714285714286,20.683986882653173,15346118.603260808
335.7142857142857,1000.0,2771.4285714285716,20.533567612242713,15251166.32653205
335.7142857142857,1000.0,2937.1428571428573,20.395895086088608,15164677.875163164
335.7142857142857,1000.0,3102.857142857143,20.2695160538342,15085479.166719507
335.7142857142857,1000.0,3268.571428571429,20.15317416731598,15012622.183918044
335.7142857142857,1000.0,3434.2857142857147,20.04578095148003,14945329.425096279
335.7142857142857,1000.0,3600.0,19.946390949151432,14882954.631532421
371.42857142857144,10.0,120.0,28.67814454447905,17981777.423488833
371.42857142857144,10.0,285.7142857142857,28.23593247417067,12087123.854824215
371.42857142857144,10.0,451.42857142857144,27.70895542515508,10627573.09541677
371.42857142857144,10.0,617.1428571428571,27.131141455316584,9962616.007921645
371.42857142857144,10.0,782.8571428571429,26.547977306158852,9518573.315115748
371.42857142857144,10.0,948.5714285714287,25.998033339304094,9143338.660933152
371.42857142857144,10.0,1114.2857142857142,25.5032461298269,8797211.597646646
371.42857142857144,10.0,1280.0,25.071040975572775,8473100.758067576
371.42857142857144,10.0,1445.7142857142858,24.699854846096095,8171717.833642377
371.42857142857144,10.0,1611.4285714285716,24.383770917000323,7894280.541323194
371.42857142857144,10.0,1777.1428571428573,24.115409883402165,7640910.38468592
371.42857142857144,10.0,1942.857142857143,23.887444806434168,7410687.357300163
371.42857142857144,10.0,2108.5714285714284,23.693268901494086,7202039.316345666
371.42857142857144,10.0,2274.285714285714,23.527208229370597,7013088.844843653
371.42857142857144,10.0,2440.0,23.384515688216883,6841887.594903362
371.42857142857144,10.0,2605.714285714286,23.261274212905086,6686553.745229977
371.42857142857144,10.0,2771.4285714285716,23.154273028735563,6545342.727015965
371.42857142857144,10.0,2937.1428571428573,23.060886158515444,6416676.53400514
371.42857142857144,10.0,3102.857142857143,22.978964755381895,6299149.130925047
371.42857142857144,10.0,3268.571428571429,22.906746381024984,6191519.064203731
371.42857142857144,10.0,3434.2857142857147,22.842780610021123,6092695.949923479
371.42857142857144,10.0,3600.0,22.785868923458555,6001724.681688999
371.42857142857144,57.142857142857146,120.0,28.052878415986477,31482963.844366916
371.42857142857144,57.142857142857146,285.7142857142857,27.066739050830805,18583157.032471713
371.42857142857144,57.142857142857146,451.42857142857144,26.117194610755018,15005604.212516528
371.42857142857144,57.142857142857146,617.1428571428571,25.193191670819356,13294454.97073344
371.42857142857144,57.142857142857146,782.8571428571429,24.32417054896591,12235215.176694103
371.42857142857144,57.142857142857146,948.5714285714287,23.53715143349009,11469131.034278862
371.42857142857144,57.142857142857146,1114.2857142857142,22.84407462300336,10863473.755373111
371.42857142857144,57.142857142857146,1280.0,22.244354063015223,10361090.831226919
371.42857142857144,57.142857142857146,1445.7142857142858,21.73035052471629,9933379.980028281
371.42857142857144,57.142857142857146,1611.4285714285716,21.291578988173782,9563677.234166875
371.42857142857144,57.142857142857146,1777.1428571428573,20.917165305253523,9240920.966317497
371.42857142857144,57.142857142857146,1942.857142857143,20.597041376496794,8957053.350622352
371.42857142857144,57.142857142857146,2108.5714285714284,20.322402113700285,8705855.625740988
371.42857142857144,57.142857142857146,2274.285714285714,20.085781469247276,8482364.131473212
371.42857142857144,57.142857142857146,2440.0,19.880955011594963,8282538.354480536
371.42857142857144,57.142857142857146,2605.714285714286,19.70277870976465,8103048.816923008
371.42857142857144,57.142857142857146,2771.4285714285716,19.54701739033852,7941128.745715458
371.42857142857144,57.142857142857146,2937.1428571428573,19.410186320000186,7794463.928497124
371.42857142857144,57.142857142857146,3102.857142857143,19.289414235041765,7661107.885823003
371.42857142857144,57.142857142857146,3268.571428571429,19.182328984030672,7539415.1203560205
371.42857142857144,57.142857142857146,3434.2857142857147,19.08696389125669,7427987.904505228
371.42857142857144,57.142857142857146,3600.0,19.00168190532566,7325633.501275487
371.42857142857144,104.28571428571429,120.0,27.638084614318924,37212883.229624026
371.42857142857144,104.28571428571429,285.7142857142857,26.55250594494804,20466483.71837067
371.42857142857144,104.28571428571429,451.42857142857144,25.59003155737658,16070451.091379698
371.42857142857144,104.28571428571429,617.1428571428571,24.68345147853128,14055616.396212224
371.42857142857144,104.28571428571429,782.8571428571429,23.842726159855744,12865766.216937378
371.42857142857144,104.28571428571429,948.5714285714287,23.083841196561693,12045716.577561673
371.42857142857144,104.28571428571429,1114.2857142857142,22.413237358859654,11423599.125420626
371.42857142857144,104.28571428571429,1280.0,21.828542111673848,10923342.548964255
371.42857142857144,104.28571428571429,1445.7142857142858,21.32236024819943,10506552.782144051
371.42857142857144,104.28571428571429,1611.4285714285716,20.885317937877492,10151409.220663661
371.42857142857144,104.28571428571429,1777.1428571428573,20.50786827989956,9844161.595110098
371.42857142857144,104.28571428571429,1942.857142857143,20.181181511835355,9575398.053362738
371.42857142857144,104.28571428571429,2108.5714285714284,19.897490503601663,9338267.784211064
371.42857142857144,104.28571428571429,2274.285714285714,19.650149636402634,9127561.571811017
371.42857142857144,104.28571428571429,2440.0,19.4335596510301,8939195.358388375
371.42857142857144,104.28571428571429,2605.714285714286,19.243040860278036,8769896.816988008
371.42857142857144,104.28571428571429,2771.4285714285716,19.074696021848297,8617001.780395392
371.42857142857144,104.28571428571429,2937.1428571428573,18.92528172785824,8478314.459008586
371.42857142857144,104.28571428571429,3102.857142857143,18.792095540412294,8352007.201153752
371.42857142857144,104.28571428571429,3268.571428571429,18.672880405776535,8236546.202477908
371.42857142857144,104.28571428571429,3434.2857142857147,18.565745309988728,8130635.063581303
371.42857142857144,104.28571428571429,3600.0,18.469100158169418,8033171.090600488
371.42857142857144,151.42857142857144,120.0,27.34523020119782,40440549.67343794
371.42857142857144,151.42857142857144,285.7142857142857,26.26305226434583,21450061.306356464
371.42857142857144,151.42857142857144,451.42857142857144,25.33589636275436,16674519.106551794
371.42857142857144,151.42857142857144,617.1428571428571,24.47222621660413,14540947.531185172
371.42857142857144,151.42857142857144,782.8571428571429,23.674289139343443,13311694.27802983
371.42857142857144,151.42857142857144,948.5714285714287,22.95329771793556,12484925.763892401
371.42857142857144,151.42857142857144,1114.2857142857142,22.313508986128905,11870811.508764843
371.42857142857144,151.42857142857144,1280.0,21.752225840275823,11384904.920609508
371.42857142857144,151.42857142857144,1445.7142857142858,21.262730861182046,10984633.82024928
371.42857142857144,151.42857142857144,1611.4285714285716,20.836719271096605,10646090.151909824
371.42857142857144,151.42857142857144,1777.1428571428573,20.465762428633667,10354529.365689319
371.42857142857144,151.42857142857144,1942.857142857143,20.14204046817757,10100122.239118006
371.42857142857144,151.42857142857144,2108.5714285714284,19.858634077704483,9875900.846559446
371.42857142857144,151.42857142857144,2274.285714285714,19.609580560490503,9676689.356406933
371.42857142857144,151.42857142857144,2440.0,19.389817105002184,9498506.75664432
371.42857142857144,151.42857142857144,2605.714285714286,19.19507870016082,9338210.37702909
371.42857142857144,151.42857142857144,2771.4285714285716,19.021785199082004,9193270.021778062
371.42857142857144,151.42857142857144,2937.1428571428573,18.866933770514105,9061617.24748967
371.42857142857144,151.42857142857144,3102.857142857143,18.728003333377544,8941540.33326049
371.42857142857144,151.42857142857144,3268.571428571429,18.60287272545246,8831608.46251293
371.42857142857144,151.42857142857144,3434.2857142857147,18.48975208937834,8730615.41875082
371.42857142857144,151.42857142857144,3600.0,18.387126029285405,8637536.813179264
371.42857142857144,198.57142857142858,120.0,27.12906008762925,42515516.97586737
371.42857142857144,198.57142857142858,285.7142857142857,26.078588426862087,22121030.86933681
371.42857142857144,198.57142857142858,451.42857142857144,25.191513151175368,17140408.633573722
371.42857142857144,198.57142857142858,617.1428571428571,24.368508926945694,14950376.10230456
371.42857142857144,198.57142857142858,782.8571428571429,23.608832892878834,13707772.15222236
371.42857142857144,198.57142857142858,948.5714285714287,22.9213055948997,12884828.653112413
371.42857142857144,198.57142857142858,1114.2857142857142,22.309113097849856,12281880.805270208
371.42857142857144,198.57142857142858,1280.0,21.769557578888378,11809925.628034867
371.42857142857144,198.57142857142858,1445.7142857142858,21.29650981011332,11424142.456549766
371.42857142857144,198.57142857142858,1611.4285714285716,20.88247727834247,11099529.02199449
371.42857142857144,198.57142857142858,1777.1428571428573,20.51985925965702,10820851.409069171
371.42857142857144,198.57142857142858,1942.857142857143,20.201582343007264,10578108.988025036
371.42857142857144,198.57142857142858,2108.5714285714284,19.921358983003326,10364325.467931217
371.42857142857144,198.57142857142858,2274.285714285714,19.673742230030964,10174395.47223528
371.42857142857144,198.57142857142858,2440.0,19.454081291205345,10004441.838690663
371.42857142857144,198.57142857142858,2605.714285714286,19.25843595641513,9851435.16014362
371.42857142857144,198.57142857142858,2771.4285714285716,19.083480010050298,9712955.773631966
371.42857142857144,198.57142857142858,2937.1428571428573,18.92640810749896,9587037.37782786
371.42857142857144,198.57142857142858,3102.857142857143,18.78485222906276,9472059.835634677
371.42857142857144,198.57142857142858,3268.571428571429,18.656809549276183,9366673.014633046
371.42857142857144,198.57142857142858,3434.2857142857147,18.540581507904466,9269741.043911127
371.42857142857144,198.57142857142858,3600.0,18.434722988691984,9180300.499489034
371.42857142857144,245.71428571428572,120.0,26.963664389378547,43979675.32755406
371.42857142857144,245.71428571428572,285.7142857142857,25.951579613285475,22652989.09694267
371.42857142857144,245.71428571428572,451.42857142857144,25.101453982202184,17548349.803924896
371.42857142857144,245.71428571428572,617.1428571428571,24.313719576507964,15327523.572727066
371.42857142857144,245.71428571428572,782.8571428571429,23.58657244989897,14080709.736511398
371.42857142857144,245.71428571428572,948.5714285714287,22.927470998810904,13264021.130972184
371.42857142857144,245.71428571428572,1114.2857142857142,22.338988164791004,12671654.699190918
371.42857142857144,245.71428571428572,1280.0,21.818504771388657,12211743.543902341
371.42857142857144,245.71428571428572,1445.7142857142858,21.36036093579652,11838052.156040344
371.42857142857144,245.71428571428572,1611.4285714285716,20.95768201772813,11524897.348998146
371.42857142857144,245.71428571428572,1777.1428571428573,20.603492389847382,11256752.453404825
371.42857142857144,245.71428571428572,1942.857142857143,20.291284023696235,11023529.066827042
371.42857142857144,245.71428571428572,2108.5714285714284,20.01525158885047,10818267.995864782
371.42857142857144,245.71428571428572,2274.285714285714,19.770345828986276,10635930.900721405
371.42857142857144,245.71428571428572,2440.0,19.552237446493617,10472727.785167642
371.42857142857144,245.71428571428572,2605.714285714286,19.357243023082734,10325720.767037759
371.42857142857144,245.71428571428572,2771.4285714285716,19.18223999437675,10192578.118029296
371.42857142857144,245.71428571428572,2937.1428571428573,19.024583863885454,10071414.245226538
371.42857142857144,245.71428571428572,3102.857142857143,18.882033375079263,9960681.19213986
371.42857142857144,245.71428571428572,3268.571428571429,18.75268549899039,9859092.398910549
371.42857142857144,245.71428571428572,3434.2857142857147,18.63492020870029,9765567.478791296
371.42857142857144,245.71428571428572,3600.0,18.52735417782619,9679191.180888275
371.42857142857144,292.8571428571429,120.0,26.833408289218447,45090449.702376686
371.42857142857144,292.8571428571429,285.7142857142857,25.859366706824662,23112865.920100976
371.42857142857144,292.8571428571429,451.42857142857144,25.04185832344941,17926066.93699315
371.42857142857144,292.8571428571429,617.1428571428571,24.28438846219125,15686351.76130467
371.42857142857144,292.8571428571429,782.8571428571429,23.584922145849138,14438770.090697456
371.42857142857144,292.8571428571429,948.5714285714287,22.950060909729466,13628466.703464705
371.42857142857144,292.8571428571429,1114.2857142857142,22.38198465680021,13045395.950522536
371.42857142857144,292.8571428571429,1280.0,21.878167059398667,12595684.952869052
371.42857142857144,292.8571428571429,1445.7142857142858,21.43332231664683,12232099.831053697
371.42857142857144,292.8571428571429,1611.4285714285716,21.041057810974515,11928477.011004902
371.42857142857144,292.8571428571429,1777.1428571428573,20.69488488099981,11669086.492550515
371.42857142857144,292.8571428571429,1942.857142857143,20.38873781630192,11443784.071751505
371.42857142857144,292.8571428571429,2108.5714285714284,20.11719108477397,11245630.638847869
371.42857142857144,292.8571428571429,2274.285714285714,19.87551121024399,11069644.108658351
371.42857142857144,292.8571428571429,2440.0,19.65962649056612,10912105.165292662
371.42857142857144,292.8571428571429,2605.714285714286,19.46606127785841,10770149.43759651
371.42857142857144,292.8571428571429,2771.4285714285716,19.291859503572013,10641515.653844548
371.42857142857144,292.8571428571429,2937.1428571428573,19.13450962949331,10524382.916602945
371.42857142857144,292.8571428571429,3102.857142857143,18.991876412366626,10417261.232952781
371.42857142857144,292.8571428571429,3268.571428571429,18.86214132523249,10318915.220596187
371.42857142857144,292.8571428571429,3434.2857142857147,18.743751724802422,10228309.285312187
371.42857142857144,292.8571428571429,3600.0,18.635378061373142,10144567.18306241
371.42857142857144,340.0,120.0,26.72838740560464,45983497.33501124
371.42857142857144,340.0,285.7142857142857,25.78977707891096,23531012.18577249
371.42857142857144,340.0,451.42857142857144,25.00083857518215,18285292.317095403
371.42857142857144,340.0,617.1428571428571,24.269490774243078,16032599.900165165
371.42857142857144,340.0,782.8571428571429,23.593832141187654,14785463.975285485
371.42857142857144,340.0,948.5714285714287,22.979880935831755,13980973.774481257
371.42857142857144,340.0,1114.2857142857142,22.42954270373115,13405899.524886096
371.42857142857144,340.0,1280.0,21.940379281887974,12964839.638121283
371.42857142857144,340.0,1445.7142857142858,21.507407337843535,12609791.5466136
371.42857142857144,340.0,1611.4285714285716,21.124620108911053,12314219.080550479
371.42857142857144,340.0,1777.1428571428573,20.78591916122833,12062233.767089419
371.42857142857144,340.0,1942.857142857143,20.485594778344986,11843648.03521428
371.42857142857144,340.0,2108.5714285714284,20.218528891106406,11651539.193899542
371.42857142857144,340.0,2274.285714285714,19.980245372123328,11480970.409556434
371.42857142857144,340.0,2440.0,19.766883974537453,11328279.340009717
371.42857142857144,340.0,2605.714285714286,19.5751409191493,11190661.088467129
371.42857142857144,340.0,2771.4285714285716,19.402198977522094,11065911.615043253
371.42857142857144,340.0,2937.1428571428573,19.245658422813136,10952262.785414293
371.42857142857144,340.0,3102.857142857143,19.103473952634197,10848272.064504867
371.42857142857144,340.0,3268.571428571429,18.973899395804153,10752746.129933951
371.42857142857144,340.0,3434.2857142857147,18.855440369876845,10664686.333230296
371.42857142857144,340.0,3600.0,18.74681430054328,10583248.715573488
371.42857142857144,387.14285714285717,120.0,26.64205625871524,46735779.84615942
371.42857142857144,387.14285714285717,285.7142857142857,25.73569143102885,23922834.938575875
371.42857142857144,387.14285714285717,451.42857142857144,24.971848315234837,18631769.76876295
371.42857142857144,387.14285714285717,617.1428571428571,24.263265427938997,16369130.625422675
371.42857142857144,387.14285714285717,782.8571428571429,23.60832918237926,15122706.163870461
371.42857142857144,387.14285714285717,948.5714285714287,23.012634667420286,14323270.279704688
371.42857142857144,387.14285714285717,1114.2857142857142,22.47788298107613,13755037.970681487
371.42857142857144,387.14285714285717,1280.0,22.00171444650536,13321363.047808269
371.42857142857144,387.14285714285717,1445.7142857142858,21.579394420367148,12973610.310127897
371.42857142857144,387.14285714285717,1611.4285714285716,21.205232048946684,12684933.319108976
371.42857142857144,387.14285714285717,1777.1428571428573,20.873449089132226,12439309.119413888
371.42857142857144,387.14285714285717,1942.857142857143,20.578629146518118,12226511.025031116
371.42857142857144,387.14285714285717,2108.5714285714284,20.315908779055608,12039627.342777241
371.42857142857144,387.14285714285717,2274.285714285714,20.08102618545305,11873756.833422389
371.42857142857144,387.14285714285717,2440.0,19.870298280378552,11725283.112577712
371.42857142857144,387.14285714285717,2605.714285714286,19.680566184124153,11591449.845765786
371.42857142857144,387.14285714285717,2771.4285714285716,19.509130485786464,11470100.10426276
371.42857142857144,387.14285714285717,2937.1428571428573,19.353686981362696,11359509.4582186
371.42857142857144,387.14285714285717,3102.857142857143,19.212267745020323,11258274.88732301
371.42857142857144,387.14285714285717,3268.571428571429,19.08318930596862,11165238.248236828
371.42857142857144,387.14285714285717,3434.2857142857147,18.965008149850025,11079431.919373408
371.42857142857144,387.14285714285717,3600.0,18.856483040879294,11000039.155122042
371.42857142857144,434.28571428571433,120.0,26.56992988849154,47393480.66293951
371.42857142857144,434.28571428571433,285.7142857142857,25.692671606294937,24296846.071236372
371.42857142857144,434.28571428571433,451.42857142857144,24.951008452873197,18968652.634534545
371.42857142857144,434.28571428571433,617.1428571428571,24.26246317167642,16697613.745513786
371.42857142857144,434.28571428571433,782.8571428571429,23.625765921594056,15451749.155005166
371.42857142857144,434.28571428571433,948.5714285714287,23.04618841343507,14656601.1787059
371.42857142857144,434.28571428571433,1114.2857142857142,22.525271482030696,14094221.182529481
371.42857142857144,434.28571428571433,1280.0,22.060723735543785,13666896.421808196
371.42857142857144,434.28571428571433,1445.7142857142858,21.648018265154967,13325444.14468382
371.42857142857144,434.28571428571433,1611.4285714285716,21.281727841539873,13042745.703320727
371.42857142857144,434.28571428571433,1777.1428571428573,20.956342145770343,12802657.02679947
371.42857142857144,434.28571428571433,1942.857142857143,20.66669118550374,12594912.948846186
371.42857142857144,434.28571428571433,2108.5714285714284,20.408126376294717,12412607.23765318
371.42857142857144,434.28571428571433,2274.285714285714,20.176567642739464,12250866.113251625
371.42857142857144,434.28571428571433,2440.0,19.96848287605864,12106110.310780823
371.42857142857144,434.28571428571433,2605.714285714286,19.780837328943708,11975623.474976841
371.42857142857144,434.28571428571433,2771.4285714285716,19.611033069410908,11857287.901912201
371.42857142857144,434.28571428571433,2937.1428571428573,19.45684862805628,11749415.839497624
371.42857142857144,434.28571428571433,3102.857142857143,19.31638348087039,11650637.633173654
371.42857142857144,434.28571428571433,3268.571428571429,19.188009097037522,11559824.994838115
371.42857142857144,434.28571428571433,3434.2857142857147,19.070326805893018,11476036.748754801
371.42857142857144,434.28571428571433,3600.0,18.962132044184507,11398479.433418762
371.42857142857144,481.42857142857144,120.0,26.50883889315279,47985574.50628068
371.42857142857144,481.42857142857144,285.7142857142857,25.657809652631233,24658073.779347137
371.42857142857144,481.42857142857144,451.42857142857144,24.93588799130113,19297843.6348065
371.42857142857144,481.42857142857144,617.1428571428571,24.265143747312013,17019151.101962965
371.42857142857144,481.42857142857144,782.8571428571429,23.644659379124143,15773515.015560124
371.42857142857144,481.42857142857144,948.5714285714287,23.0794487775311,14981942.56588987
371.42857142857144,481.42857142857144,1114.2857142857142,22.570922096841663,14424574.326028386
371.42857142857144,481.42857142857144,1280.0,22.116846911492665,14002747.17032163
371.42857142857144,481.42857142857144,1445.7142857142858,21.71287231529025,13666786.324092966
371.42857142857144,481.42857142857144,1611.4285714285716,21.353794645233652,13389325.177673405
371.42857142857144,481.42857142857144,1777.1428571428573,21.03433146378655,13154106.165709151
371.42857142857144,481.42857142857144,1942.857142857143,20.749523116132497,12950824.662195845
371.42857142857144,481.42857142857144,2108.5714285714284,20.494905159894945,12772574.787226234
371.42857142857144,481.42857142857144,2274.285714285714,20.26655392270391,12614503.437636344
371.42857142857144,481.42857142857144,2440.0,20.06106780216496,12473061.321072405
371.42857142857144,481.42857142857144,2605.714285714286,19.87551983502322,12345565.209191844
371.42857142857144,481.42857142857144,2771.4285714285716,19.70740060873841,12229930.364007795
371.42857142857144,481.42857142857144,2937.1428571428573,19.554561162219557,12124500.149266867
371.42857142857144,481.42857142857144,3102.857142857143,19.41516032621994,12027933.413212657
371.42857142857144,481.42857142857144,3268.571428571429,19.28761818877429,11939127.51203346
371.42857142857144,481.42857142857144,3434.2857142857147,19.170575963721614,11857164.089641262
371.42857142857144,481.42857142857144,3600.0,19.0628618740324,11781269.854919588
371.42857142857144,528.5714285714286,120.0,26.45648345418242,48530910.64782338
371.42857142857144,528.5714285714286,285.7142857142857,25.629122537187705,25009656.709726624
371.42857142857144,528.5714285714286,451.42857142857144,24.924894522187053,19620585.712312486
371.42857142857144,528.5714285714286,617.1428571428571,24.270096479926377,17334539.92931308
371.42857142857144,528.5714285714286,782.8571428571429,23.664149392446156,16088732.937386326
371.42857142857144,528.5714285714286,948.5714285714287,23.11185437194674,15300095.089114705
371.42857142857144,528.5714285714286,1114.2857142857142,22.614511675106254,14747024.138171347
371.42857142857144,528.5714285714286,1280.0,22.16993975124043,14329984.89843478
371.42857142857144,528.5714285714286,1445.7142857142858,21.773938686460525,13998848.094611708
371.42857142857144,528.5714285714286,1611.4285714285716,21.42149702469329,13726015.139052685
371.42857142857144,528.5714285714286,1777.1428571428573,21.107528834565894,13495119.344595037
371.42857142857144,528.5714285714286,1942.857142857143,20.827256449518906,13295814.963702075
371.42857142857144,528.5714285714286,2108.5714285714284,20.57637532016102,13121191.931266557
371.42857142857144,528.5714285714286,2274.285714285714,20.351098085476902,12966412.162598519
371.42857142857144,528.5714285714286,2440.0,20.148137318718046,12827950.496774225
371.42857142857144,528.5714285714286,2605.714285714286,19.964660720991617,12703151.28062101
371.42857142857144,528.5714285714286,2771.4285714285716,19.798236933189102,12589957.690579608
371.42857142857144,528.5714285714286,2937.1428571428573,19.646781187888497,12486739.723821884
371.42857142857144,528.5714285714286,3102.857142857143,19.508505080320248,12392180.813052354
371.42857142857144,528.5714285714286,3268.571428571429,19.381872100089677,12305200.56390643
371.42857142857144,528.5714285714286,3434.2857142857147,19.265559217643045,12224900.513623072
371.42857142857144,528.5714285714286,3600.0,19.15842417729382,12150525.02555283
371.42857142857144,575.7142857142858,120.0,26.41115612927131,49042126.63505343
371.42857142857144,575.7142857142858,285.7142857142857,25.605212839709907,25353647.965145327
371.42857142857144,575.7142857142858,451.42857142857144,24.916946905993864,19937746.706780728
371.42857142857144,575.7142857142858,617.1428571428571,24.276539445275006,17644396.282079063
371.42857142857144,575.7142857142858,782.8571428571429,23.68372629568728,16398004.784168314
371.42857142857144,575.7142857142858,948.5714285714287,23.143127961695278,15611732.608777411
371.42857142857144,575.7142857142858,1114.2857142857142,22.65595000922819,15062348.853250878
371.42857142857144,575.7142857142858,1280.0,22.22005487582068,14649500.523620382
371.42857142857144,575.7142857142858,1445.7142857142858,21.83137361210984,14322629.950229561
371.42857142857144,575.7142857142858,1611.4285714285716,21.485061955247406,14053917.40683084
371.42857142857144,575.7142857142858,1777.1428571428573,21.176205417734128,13826889.56106022
371.42857142857144,575.7142857142858,1942.857142857143,20.900185605556878,13631157.64844991
371.42857142857144,575.7142857142858,2108.5714285714284,20.65283835580587,13459803.453142613
371.42857142857144,575.7142857142858,2274.285714285714,20.430496385173193,13307999.16533259
371.42857142857144,575.7142857142858,2440.0,20.229973184420643,13172238.929048091
371.42857142857144,575.7142857142858,2605.714285714286,20.048520413299688,13049890.106486399
371.42857142857144,575.7142857142858,2771.4285714285716,19.88377617950179,12938919.649846835
371.42857142857144,575.7142857142858,2937.1428571428573,19.7337130484741,12837720.51995515
371.42857142857144,575.7142857142858,3102.857142857143,19.596589908766827,12744997.52524544
371.42857142857144,575.7142857142858,3268.571428571429,19.470909292030885,12659689.738568977
371.42857142857144,575.7142857142858,3434.2857142857147,19.355380451963093,12580916.189560892
371.42857142857144,575.7142857142858,3600.0,19.24888788628022,12507936.82911764
371.42857142857144,622.8571428571429,120.0,26.37156375934476,49527914.02202522
371.42857142857144,622.8571428571429,285.7142857142857,25.585068410762066,25691446.395118393
371.42857142857144,622.8571428571429,451.42857142857144,24.911289090108085,20249966.91407989
371.42857142857144,622.8571428571429,617.1428571428571,24.283953669249303,17949218.52238124
371.42857142857144,622.8571428571429,782.8571428571429,23.703085592008335,16701840.576123439
371.42857142857144,622.8571428571429,948.5714285714287,23.173148528758755,15917431.5245502
371.42857142857144,622.8571428571429,1114.2857142857142,22.69526487387825,15371210.837372819
371.42857142857144,622.8571428571429,1280.0,22.267335233200743,14962046.17333299
371.42857142857144,622.8571428571429,1445.7142857142858,21.8854053519037,14638970.096486177
371.42857142857144,622.8571428571429,1611.4285714285716,21.54477788049436,14373949.274148619
371.42857142857144,622.8571428571429,1777.1428571428573,21.240689420134128,14150405.074942194
371.42857142857144,622.8571428571429,1942.857142857143,20.96866234502355,13957903.806834579
371.42857142857144,622.8571428571429,2108.5714285714284,20.72465693181393,13789515.65781779
371.42857142857144,622.8571428571429,2274.285714285714,20.50511265114642,13640419.09056626
371.42857142857144,622.8571428571429,2440.0,20.30693298358157,13507123.523943538
371.42857142857144,622.8571428571429,2605.714285714286,20.12744468401771,13387015.544108707
371.42857142857144,622.8571428571429,2771.4285714285716,19.96434818432892,13278082.443066746
371.42857142857144,622.8571428571429,2937.1428571428573,19.815667647462625,13178737.099237276
371.42857142857144,622.8571428571429,3102.857142857143,19.679704657649413,13087703.032004314
371.42857142857144,622.8571428571429,3268.571428571429,19.554997104783507,13003936.468680117
371.42857142857144,622.8571428571429,3434.2857142857147,19.44028357351062,12926571.933139723
371.42857142857144,622.8571428571429,3600.0,19.33447294739145,12854883.2413688
371.42857142857144,670.0,120.0,26.33670967549201,49994382.3568294
371.42857142857144,670.0,285.7142857142857,25.56793886986292,26024040.08626676
371.42857142857144,670.0,451.42857142857144,24.90737908392563,20557740.490462348
371.42857142857144,670.0,617.1428571428571,24.29198719229541,18249422.82910861
371.42857142857144,670.0,782.8571428571429,23.722046602907376,17000679.97410938
371.42857142857144,670.0,948.5714285714287,23.20188225614362,16217690.460239809
371.42857142857144,670.0,1114.2857142857142,22.73254236320293,15674179.660659937
371.42857142857144,670.0,1280.0,22.31196078479852,15268263.71111773
371.42857142857144,670.0,1445.7142857142858,21.93628457166876,14948579.003838228
371.42857142857144,670.0,1611.4285714285716,21.600946609829467,14686883.949176565
371.42857142857144,670.0,1777.1428571428573,21.301317816345257,14466495.281285683
371.42857142857144,670.0,1942.857142857143,21.033046042725957,14276932.5587393
371.42857142857144,670.0,2108.5714285714284,20.79220278434799,14111251.383633489
371.42857142857144,670.0,2274.285714285714,20.575323180307173,13964633.090926366
371.42857142857144,670.0,2440.0,20.37939157458055,13833598.976452861
371.42857142857144,670.0,2605.714285714286,20.201802385336414,13715551.663022045
371.42857142857144,670.0,2771.4285714285716,20.040312354752036,13608495.896430813
371.42857142857144,670.0,2937.1428571428573,19.8929923932306,13510861.913733358
371.42857142857144,670.0,3102.857142857143,19.758182875001435,13421389.704989174
371.42857142857144,670.0,3268.571428571429,19.634453903803774,13339050.705624169
371.42857142857144,670.0,3434.2857142857147,19.52057086245073,13262993.250116458
371.42857142857144,670.0,3600.0,19.41546497828691,13192503.566296179
371.42857142857144,717.1428571428572,120.0,26.305813761053216,50445908.133051224
371.42857142857144,717.1428571428572,285.7142857142857,25.553256649387443,26352149.904503983
371.42857142857144,717.1428571428572,451.42857142857144,24.904820081406168,20861462.87614373
371.42857142857144,717.1428571428572,617.1428571428571,24.30039727014171,18545364.616992105
371.42857142857144,717.1428571428572,782.8571428571429,23.74050512274661,17294906.53411961
371.42857142857144,717.1428571428572,948.5714285714287,23.229344008021204,16512944.480679577
371.42857142857144,717.1428571428572,1114.2857142857142,22.767895148272068,15971749.236786367
371.42857142857144,717.1428571428572,1280.0,22.35412150267023,15568705.917197168
371.42857142857144,717.1428571428572,1445.7142857142858,21.984260281108217,15252064.870235845
371.42857142857144,717.1428571428572,1611.4285714285716,21.65386071656665,14993380.126791684
371.42857142857144,717.1428571428572,1777.1428571428573,21.358414045344983,14775864.039845979
371.42857142857144,717.1428571428572,1942.857142857143,21.093680801751702,14588987.731378783
371.42857142857144,717.1428571428572,2108.5714285714284,20.855832604025306,14425789.620392477
371.42857142857144,717.1428571428572,2274.285714285714,20.64149092581099,14281451.00605846
371.42857142857144,717.1428571428572,2440.0,20.44771326392349,14152502.171045642
371.42857142857144,717.1428571428572,2605.714285714286,20.271955398474496,14036359.068991847
371.42857142857144,717.1428571428572,2771.4285714285716,20.11202526398888,13931041.45029726
371.42857142857144,717.1428571428572,2937.1428571428573,19.966036374882574,13834994.738048183
371.42857142857144,717.1428571428572,3102.857142857143,19.832364545285337,13746973.489294237
371.42857142857144,717.1428571428572,3268.571428571429,19.709609384318394,13665962.691832291
371.42857142857144,717.1428571428572,3434.2857142857147,19.596560881680332,13591123.05672297
371.42857142857144,717.1428571428572,3600.0,19.492170833540868,13521751.984246338
371.42857142857144,764.2857142857143,120.0,26.278256951398667,50885678.59639179
371.42857142857144,764.2857142857143,285.7142857142857,25.54058491890192,26676317.327068266
371.42857142857144,764.2857142857143,451.42857142857144,24.903316270806602,21161459.797063563
371.42857142857144,764.2857142857143,617.1428571428571,24.309014344691562,18837352.35289554
371.42857142857144,764.2857142857143,782.8571428571429,23.75840496837468,17584857.851980373
371.42857142857144,764.2857142857143,948.5714285714287,23.255575276014135,16803575.864596467
371.42857142857144,764.2857142857143,1114.2857142857142,22.80144538659213,16264350.97176851
371.42857142857144,764.2857142857143,1280.0,22.39400382929241,15863852.634479072
371.42857142857144,764.2857142857143,1445.7142857142858,22.029568596755833,15549952.850960976
371.42857142857144,764.2857142857143,1611.4285714285716,21.703793574239963,15294004.139628474
371.42857142857144,764.2857142857143,1777.1428571428573,21.412278506309452,15079114.480738612
371.42857142857144,764.2857142857143,1942.857142857143,21.150885785853436,14894705.022960216
371.42857142857144,764.2857142857143,2108.5714285714284,20.915877740518386,14733794.740913084
371.42857142857144,764.2857142857143,2274.285714285714,20.703954236344334,14591562.394915361
371.42857142857144,764.2857142857143,2440.0,20.51223934175966,14464544.776527995
371.42857142857144,764.2857142857143,2605.714285714286,20.338244803116034,14350168.853008773
371.42857142857144,764.2857142857143,2771.4285714285716,20.17982535025701,14246467.28182101
371.42857142857144,764.2857142857143,2937.1428571428573,20.035133529514468,14151898.810197607
371.42857142857144,764.2857142857143,3102.857142857143,19.902577696406272,14065230.92916108
371.42857142857144,764.2857142857143,3268.571428571429,19.78078461331598,13985460.756925505
371.42857142857144,764.2857142857143,3434.2857142857147,19.668566966423892,13911760.148075545
371.42857142857144,764.2857142857143,3600.0,19.56489556695297,13843436.608274141
371.42857142857144,811.4285714285714,120.0,26.253541907922227,51316048.93548994
371.42857142857144,811.4285714285714,285.7142857142857,25.52958229849796,26996959.964327447
371.42857142857144,811.4285714285714,451.42857142857144,24.902643651453637,21458005.794378474
371.42857142857144,811.4285714285714,617.1428571428571,24.317718923637248,19125657.000449598
371.42857142857144,811.4285714285714,782.8571428571429,23.775720426330125,17870833.163031556
371.42857142857144,811.4285714285714,948.5714285714287,23.280631328405907,17089922.530305047
371.42857142857144,811.4285714285714,1114.2857142857142,22.833315551866985,16552364.077143142
371.42857142857144,811.4285714285714,1280.0,22.431784187797774,16154123.3204968
371.42857142857144,811.4285714285714,1445.7142857142858,22.072428049945405,15842699.8645211
371.42857142857144,811.4285714285714,1611.4285714285716,21.75099573080434,15589246.878257073
371.42857142857144,811.4285714285714,1777.1428571428573,21.46318541755284,15376767.836826803
371.42857142857144,811.4285714285714,1942.857142857143,21.204952114475503,15194632.529879715
371.42857142857144,811.4285714285714,2108.5714285714284,20.97264079571109,15035838.51332778
371.42857142857144,811.4285714285714,2274.285714285714,20.76302289841345,14895559.84135481
371.42857142857144,811.4285714285714,2440.0,20.573283394179438,14770337.674539665
371.42857142857144,811.4285714285714,2605.714285714286,20.400985334632523,14657607.993800117
371.42857142857144,811.4285714285714,2771.4285714285716,20.244026435166216,14555414.552627873
371.42857142857144,811.4285714285714,2937.1428571428573,20.100595169355554,14462227.813511655
371.42857142857144,811.4285714285714,3102.857142857143,19.969129906748773,14376826.788836783
371.42857142857144,811.4285714285714,3268.571428571429,19.848282505203613,14298219.495757148
371.42857142857144,811.4285714285714,3434.2857142857147,19.736886670227033,14225587.863182422
371.42857142857144,811.4285714285714,3600.0,19.63393085908357,14158248.575735228
371.42857142857144,858.5714285714287,120.0,26.23126463901782,51738782.134240136
371.42857142857144,858.5714285714287,285.7142857142857,25.51997837680506,27314407.683504872
371.42857142857144,858.5714285714287,451.42857142857144,24.90263027038098,21751336.542674482
371.42857142857144,858.5714285714287,617.1428571428571,24.326426368227207,19410518.79928661
371.42857142857144,858.5714285714287,782.8571428571429,23.792445186602443,18153099.248087402
371.42857142857144,858.5714285714287,948.5714285714287,23.30457364921299,17372284.769614376
371.42857142857144,858.5714285714287,1114.2857142857142,22.863623637950322,16836123.79189203
371.42857142857144,858.5714285714287,1280.0,22.467626229568474,16439886.95772444
371.42857142857144,858.5714285714287,1445.7142857142858,22.11303824116268,16130706.174707828
371.42857142857144,858.5714285714287,1611.4285714285716,21.795694440267827,15879536.929493148
371.42857142857144,858.5714285714287,1777.1428571428573,21.511382802348404,15669277.984433677
371.42857142857144,858.5714285714287,1942.857142857143,21.256142974050743,15489246.52842068
371.42857142857144,858.5714285714287,2108.5714285714284,21.026395610655108,15332416.96974035
371.42857142857144,858.5714285714287,2274.285714285714,20.818977812814282,15193956.769617759
371.42857142857144,858.5714285714287,2440.0,20.63113053330272,15070409.597676495
371.42857142857144,858.5714285714287,2605.714285714286,20.46046407097458,14959218.71022233
371.42857142857144,858.5714285714287,2771.4285714285716,20.304915800675655,14858437.381713796
371.42857142857144,858.5714285714287,2937.1428571428573,20.162707405017745,14766546.389297795
371.42857142857144,858.5714285714287,3102.857142857143,20.03230504835852,14682335.035618674
371.42857142857144,858.5714285714287,3268.571428571429,19.91238387167705,14604821.162244393
371.42857142857144,858.5714285714287,3434.2857142857147,19.80179711807444,14533195.83833965
371.42857142857144,858.5714285714287,3600.0,19.699549677438622,14466784.11715673
371.42857142857144,905.7142857142858,120.0,26.211093680818735,52155213.21595926
371.42857142857144,905.7142857142858,285.7142857142857,25.511556367451515,27628926.726332
371.42857142857144,905.7142857142858,451.42857142857144,24.90314253958623,22041657.339692034
371.42857142857144,905.7142857142858,617.1428571428571,24.335076664842575,19692152.33010859
371.42857142857144,905.7142857142858,782.8571428571429,23.808585242651727,18431895.145447116
371.42857142857144,905.7142857142858,948.5714285714287,23.327465486968237,17650930.713944465
371.42857142857144,905.7142857142858,1114.2857142857142,22.89248081106367,17115928.021263
371.42857142857144,905.7142857142858,1280.0,22.5016800607694,16721469.979217576
371.42857142857144,905.7142857142858,1445.7142857142858,22.15158017336162,16414324.573702473
371.42857142857144,905.7142857142858,1611.4285714285716,21.838094712930225,16165250.923032008
371.42857142857144,905.7142857142858,1777.1428571428573,21.557093943107436,15957042.835522747
371.42857142857144,905.7142857142858,1942.857142857143,21.304695231461395,15778963.791087078
371.42857142857144,905.7142857142858,2108.5714285714284,21.077388850942217,15623963.531867122
371.42857142857144,905.7142857142858,2274.285714285714,20.872072410950487,15487201.275223099
371.42857142857144,905.7142857142858,2440.0,20.68603854036211,15365221.573617525
371.42857142857144,905.7142857142858,2605.714285714286,20.516941227087607,15255473.438373312
371.42857142857144,905.7142857142858,2771.4285714285716,20.36275458165694,15156018.286119785
371.42857142857144,905.7142857142858,2937.1428571428573,20.221731100113146,15065345.981275564
371.42857142857144,905.7142857142858,3102.857142857143,20.092362780573758,14982255.036627594
371.42857142857144,905.7142857142858,3268.571428571429,19.97334644123564,14905772.174277745
371.42857142857144,905.7142857142858,3434.2857142857147,19.86355354613667,14835096.782149332
371.42857142857144,905.7142857142858,3600.0,19.76200433639843,14769561.56859967
371.42857142857144,952.8571428571429,120.0,26.192754594473985,52566363.6959167
371.42857142857144,952.8571428571429,285.7142857142857,25.504140592628783,27940736.191647187
371.42857142857144,952.8571428571429,451.42857142857144,24.904075576311694,22329149.151720442
371.42857142857144,952.8571428571429,617.1428571428571,24.343627416201183,19970750.423472244
371.42857142857144,952.8571428571429,782.8571428571429,23.824154273089825,18707435.983155407
371.42857142857144,952.8571428571429,948.5714285714287,23.349369263606782,17926100.82414235
371.42857142857144,952.8571428571429,1114.2857142857142,22.91999043830248,17392042.75391291
371.42857142857144,952.8571428571429,1280.0,22.53408249620152,16999162.677052297
371.42857142857144,952.8571428571429,1445.7142857142858,22.188217382506846,16693867.748951117
371.42857142857144,952.8571428571429,1611.4285714285716,21.878381031060375,16446721.780834202
371.42857142857144,952.8571428571429,1777.1428571428573,21.60051944714023,16240413.378351899
371.42857142857144,952.8571428571429,1942.857142857143,21.350821665139026,16064151.326097447
371.42857142857144,952.8571428571429,2108.5714285714284,21.125842260697564,15910859.362536414
371.42857142857144,952.8571428571429,2274.285714285714,20.92253482365629,15775687.01005872
371.42857142857144,952.8571428571429,2440.0,20.738239868653103,15655178.274567965
371.42857142857144,952.8571428571429,2605.714285714286,20.570651932765177,15546786.585037716
371.42857142857144,952.8571428571429,2771.4285714285716,20.417779276129785,15448580.28616683
371.42857142857144,952.8571428571429,2937.1428571428573,20.27790308425383,15359057.247603565
371.42857142857144,952.8571428571429,3102.857142857143,20.149539446084873,15277024.23891015
371.42857142857144,952.8571428571429,3268.571428571429,20.031405426177766,15201516.028589515
371.42857142857144,952.8571428571429,3434.2857142857147,19.922389533344127,15131739.596471911
371.42857142857144,952.8571428571429,3600.0,19.821526391373908,15067034.673958112
371.42857142857144,1000.0,120.0,26.17601826471171,52973022.59794695
371.42857142857144,1000.0,285.7142857142857,25.49758729910204,28250019.542973172
371.42857142857144,1000.0,451.42857142857144,24.90534626385671,22613973.046986807
371.42857142857144,1000.0,617.1428571428571,24.352048958402083,20246487.25534542
371.42857142857144,1000.0,782.8571428571429,23.83917060700265,18979916.141020373
371.42857142857144,1000.0,948.5714285714287,23.37034510987852,18198011.613558404
371.42857142857144,1000.0,1114.2857142857142,22.946247884351518,17664706.522148114
371.42857142857144,1000.0,1280.0,22.56495781932051,17273224.434216898
371.42857142857144,1000.0,1445.7142857142858,22.223097397136407,16969614.254634827
371.42857142857144,1000.0,1611.4285714285716,21.91671928686073,16724245.366864368
371.42857142857144,1000.0,1777.1428571428573,21.641839484049463,16519700.934292411
371.42857142857144,1000.0,1942.857142857143,21.394713360525568,16345134.170081891
371.42857142857144,1000.0,2108.5714285714284,21.171955106455684,16193441.627753586
371.42857142857144,1000.0,2274.285714285714,20.97057028969007,16059761.853917351
371.42857142857144,1000.0,2440.0,20.787943953498154,15940637.045437973
371.42857142857144,1000.0,2605.714285714286,20.621808397210945,15833523.866478743
371.42857142857144,1000.0,2771.4285714285716,20.47020373026166,15736496.515029125
371.42857142857144,1000.0,2937.1428571428573,20.33143793419712,15648059.906889398
371.42857142857144,1000.0,3102.857142857143,20.204049631556522,15567028.222313639
371.42857142857144,1000.0,3268.571428571429,20.086774851895836,15492443.535031322
371.42857142857144,1000.0,3434.2857142857147,19.978518093043874,15423519.770160753
371.42857142857144,1000.0,3600.0,19.878327489939654,15359603.11920541
407.14285714285717,10.0,120.0,28.39570069544817,25154187.176628888
407.14285714285717,10.0,285.7142857142857,27.7848182276896,15100148.558045005
407.14285714285717,10.0,451.42857142857144,27.119994631242633,12567634.079305312
407.14285714285717,10.0,617.1428571428571,26.422050692946737,11404139.159910498
407.14285714285717,10.0,782.8571428571429,25.73615234440386,10669416.753670467
407.14285714285717,10.0,948.5714285714287,25.100908955297292,10104249.877484819
407.14285714285717,10.0,1114.2857142857142,24.536850354366422,9625476.617123103
407.14285714285717,10.0,1280.0,24.04914489050784,9204486.828907182
407.14285714285717,10.0,1445.7142857142858,23.633803566758484,8829927.133978754
407.14285714285717,10.0,1611.4285714285716,23.282687063148614,8495695.675007572
407.14285714285717,10.0,1777.1428571428573,22.986534165868694,8197231.407998864
407.14285714285717,10.0,1942.857142857143,22.736489941039768,7930499.712500563
407.14285714285717,10.0,2108.5714285714284,22.52473487038363,7691791.379440217
407.14285714285717,10.0,2274.285714285714,22.344643781030907,7477723.699330976
407.14285714285717,10.0,2440.0,22.19072733128464,7285263.471846099
407.14285714285717,10.0,2605.714285714286,22.058489950746967,7111730.936333937
407.14285714285717,10.0,2771.4285714285716,21.944269330835354,6954783.772757848
407.14285714285717,10.0,2937.1428571428573,21.845085990898934,6812388.719129622
407.14285714285717,10.0,3102.857142857143,21.758513209237062,6682787.770801892
407.14285714285717,10.0,3268.571428571429,21.682569109884604,6564463.62134787
407.14285714285717,10.0,3434.2857142857147,21.61562912115247,6456106.985486748
407.14285714285717,10.0,3600.0,21.5563558209873,6356587.065258675
407.14285714285717,57.142857142857146,120.0,27.680919688866425,36578861.84325606
407.14285714285717,57.142857142857146,285.7142857142857,26.669942982898366,19939309.8295011
407.14285714285717,57.142857142857146,451.42857142857144,25.718723551164683,15682355.867233528
407.14285714285717,57.142857142857146,617.1428571428571,24.79460334218467,13732885.951721705
407.14285714285717,57.142857142857146,782.8571428571429,23.924866878670734,12566593.770077834
407.14285714285717,57.142857142857146,948.5714285714287,23.13602185876816,11746452.845565865
407.14285714285717,57.142857142857146,1114.2857142857142,22.439976560180465,11111619.031326551
407.14285714285717,57.142857142857146,1280.0,21.836376515824874,10592727.432549855
407.14285714285717,57.142857142857146,1445.7142857142858,21.317903364091997,10155282.114797097
407.14285714285717,57.142857142857146,1611.4285714285716,20.874372731773857,9779592.546780998
407.14285714285717,57.142857142857146,1777.1428571428573,20.495146053210167,9452978.365029117
407.14285714285717,57.142857142857146,1942.857142857143,20.170319716102647,9166489.950870676
407.14285714285717,57.142857142857146,2108.5714285714284,19.891192680472237,8913405.623396501
407.14285714285717,57.142857142857146,2274.285714285714,19.650357400733878,8688472.56720104
407.14285714285717,57.142857142857146,2440.0,19.441616101614876,8487481.26844136
407.14285714285717,57.142857142857146,2605.714285714286,19.259830383345854,8307002.072213423
407.14285714285717,57.142857142857146,2771.4285714285716,19.100757569038525,8144208.091316348
407.14285714285717,57.142857142857146,2937.1428571428573,18.960897758816735,7996748.643730734
407.14285714285717,57.142857142857146,3102.857142857143,18.837360515460848,7862654.897138442
407.14285714285717,57.142857142857146,3268.571428571429,18.727752871562277,7740267.50946054
407.14285714285717,57.142857142857146,3434.2857142857147,18.63008716951306,7628180.073789194
407.14285714285717,57.142857142857146,3600.0,18.54270609128171,7525194.3261306435
407.14285714285717,104.28571428571429,120.0,27.296021713472356,40757536.2400291
407.14285714285717,104.28571428571429,285.7142857142857,26.25043751441869,21299458.150833514
407.14285714285717,104.28571428571429,451.42857142857144,25.31446604386629,16505546.438181655
407.14285714285717,104.28571428571429,617.1428571428571,24.42381217322716,14368725.843777893
407.14285714285717,104.28571428571429,782.8571428571429,23.592783485820675,13130414.729115391
407.14285714285717,104.28571428571429,948.5714285714287,22.839391579048048,12289059.748859555
407.14285714285717,104.28571428571429,1114.2857142857142,22.17128695274887,11657307.796029553
407.14285714285717,104.28571428571429,1280.0,21.5869788631759,11152785.532688027
407.14285714285717,104.28571428571429,1445.7142857142858,21.07974592826926,10734252.540875986
407.14285714285717,104.28571428571429,1611.4285714285716,20.640719341102336,10378531.808605215
407.14285714285717,104.28571428571429,1777.1428571428573,20.26071845034895,10071211.089788085
407.14285714285717,104.28571428571429,1942.857142857143,19.931170899829436,9802555.058535162
407.14285714285717,104.28571428571429,2108.5714285714284,19.644485402370126,9565558.583809482
407.14285714285717,104.28571428571429,2274.285714285714,19.394133135563656,9354943.525652982
407.14285714285717,104.28571428571429,2440.0,19.17458995520539,9166599.838117283
407.14285714285717,104.28571428571429,2605.714285714286,18.98122242389588,8997250.303678261
407.14285714285717,104.28571428571429,2771.4285714285716,18.81015987662021,8844235.67018181
407.14285714285717,104.28571428571429,2937.1428571428573,18.658172280147422,8705369.060151126
407.14285714285717,104.28571428571429,3102.857142857143,18.522561862875868,8578832.802380485
407.14285714285717,104.28571428571429,3268.571428571429,18.401070620510623,8463102.730132245
407.14285714285717,104.28571428571429,3434.2857142857147,18.291803080690578,8356891.123252917
407.14285714285717,104.28571428571429,3600.0,18.19316260925193,8259102.803431635
407.14285714285717,151.42857142857144,120.0,27.044880016816638,43049292.77159575
407.14285714285717,151.42857142857144,285.7142857142857,26.02410535089387,22077858.42885461
407.14285714285717,151.42857142857144,451.42857142857144,25.127903981057074,17044656.75098258
407.14285714285717,151.42857142857144,617.1428571428571,24.281497818786125,14837463.085368944
407.14285714285717,151.42857142857144,782.8571428571429,23.493757169610003,13581030.669003924
407.14285714285717,151.42857142857144,948.5714285714287,22.778597677147033,12743438.594519343
407.14285714285717,151.42857142857144,1114.2857142857142,22.141719542726705,12125142.48844369
407.14285714285717,151.42857142857144,1280.0,21.58135930271649,11637875.926140675
407.14285714285717,151.42857142857144,1445.7142857142858,21.09145237048618,11237412.249458175
407.14285714285717,151.42857142857144,1611.4285714285716,20.664157309224624,10899098.226347163
407.14285714285717,151.42857142857144,1777.1428571428573,20.291371817959348,10607854.5851403
407.14285714285717,151.42857142857144,1942.857142857143,19.965502729555787,10353709.33422702
407.14285714285717,151.42857142857144,2108.5714285714284,19.67978582111308,10129642.376543364
407.14285714285717,151.42857142857144,2274.285714285714,19.428362732798355,9930467.747731127
407.14285714285717,151.42857142857144,2440.0,19.206239445426693,9752212.733241318
407.14285714285717,151.42857142857144,2605.714285714286,19.00919508788393,9591749.928910887
407.14285714285717,151.42857142857144,2771.4285714285716,18.83367670038801,9446565.927914273
407.14285714285717,151.42857142857144,2937.1428571428573,18.676697079603358,9314608.151166951
407.14285714285717,151.42857142857144,3102.857142857143,18.535742968325824,9194178.855570883
407.14285714285717,151.42857142857144,3268.571428571429,18.408695827012522,9083859.073567824
407.14285714285717,151.42857142857144,3434.2857142857147,18.293765017362777,8982452.397354722
407.14285714285717,151.42857142857144,3600.0,18.189432195825624,8888942.42982798
407.14285714285717,198.57142857142858,120.0,26.86669420435847,44549230.48000067
407.14285714285717,198.57142857142858,285.7142857142857,25.882669677252224,22660850.639100485
407.14285714285717,198.57142857142858,451.42857142857144,25.02530560639629,17497519.8132623
407.14285714285717,198.57142857142858,617.1428571428571,24.218120369459648,15256747.247626226
407.14285714285717,198.57142857142858,782.8571428571429,23.467498260900914,13996007.020203508
407.14285714285717,198.57142857142858,948.5714285714287,22.78503072564289,13166155.469212525
407.14285714285717,198.57142857142858,1114.2857142857142,22.175319748118643,12560704.62933088
407.14285714285717,198.57142857142858,1280.0,21.636536846990946,12088013.426697103
407.14285714285717,198.57142857142858,1445.7142857142858,21.16313368138669,11702148.947735045
407.14285714285717,198.57142857142858,1611.4285714285716,20.748016721694643,11377628.934895257
407.14285714285717,198.57142857142858,1777.1428571428573,20.383860232597048,11099018.985410597
407.14285714285717,198.57142857142858,1942.857142857143,20.0637792858232,10856244.66120507
407.14285714285717,198.57142857142858,2108.5714285714284,19.78161432863542,10642312.822852932
407.14285714285717,198.57142857142858,2274.285714285714,19.5320042694595,10452125.588592287
407.14285714285717,198.57142857142858,2440.0,19.310354971044173,10281822.3144582
407.14285714285717,198.57142857142858,2605.714285714286,19.112762738595084,10128392.079364361
407.14285714285717,198.57142857142858,2771.4285714285716,18.93592405035486,9989432.606634725
407.14285714285717,198.57142857142858,2937.1428571428573,18.777046824623486,9862992.72928026
407.14285714285717,198.57142857142858,3102.857142857143,18.63376991731345,9747464.93779547
407.14285714285717,198.57142857142858,3268.571428571429,18.504093097852664,9641509.361649431
407.14285714285717,198.57142857142858,3434.2857142857147,18.386317576097806,9543998.318202872
407.14285714285717,198.57142857142858,3600.0,18.27899618542614,9453974.82499941
407.14285714285717,245.71428571428572,120.0,26.733332079350493,45650641.51071646
407.14285714285717,245.71428571428572,285.7142857142857,25.78642063611631,23156795.824839756
407.14285714285717,245.71428571428572,451.42857142857144,24.96337583796786,17911877.855822563
407.14285714285717,245.71428571428572,617.1428571428571,24.18955078706145,15651878.661575476
407.14285714285717,245.71428571428572,782.8571428571429,23.4701109506665,14390950.71287663
407.14285714285717,245.71428571428572,948.5714285714287,22.815161232673177,13568760.975832703
407.14285714285717,245.71428571428572,1114.2857142857142,22.228596421036986,12974233.327843174
407.14285714285717,245.71428571428572,1280.0,21.708584323737618,12513468.99464299
407.14285714285717,245.71428571428572,1445.7142857142858,21.249975309217813,12139386.398748958
407.14285714285717,245.71428571428572,1611.4285714285716,20.84623666188867,11825945.837539008
407.14285714285717,245.71428571428572,1777.1428571428573,20.49062398306224,11557478.22981324
407.14285714285717,245.71428571428572,1942.857142857143,20.176785436052615,11323847.981440818
407.14285714285717,245.71428571428572,2108.5714285714284,19.899020526612453,11118090.181104392
407.14285714285717,245.71428571428572,2274.285714285714,19.65234962287609,10935177.47264919
407.14285714285717,245.71428571428572,2440.0,19.43248893175903,10771336.175706876
407.14285714285717,245.71428571428572,2605.714285714286,19.235784052405332,10623645.014149182
407.14285714285717,245.71428571428572,2771.4285714285716,19.059130203480425,10489787.114162117
407.14285714285717,245.71428571428572,2937.1428571428573,18.899893051693752,10367889.34753495
407.14285714285717,245.71428571428572,3102.857142857143,18.755836371435052,10256413.824463418
407.14285714285717,245.71428571428572,3268.571428571429,18.625058744475815,10154081.901869508
407.14285714285717,245.71428571428572,3434.2857142857147,18.505939512466284,10059819.287200361
407.14285714285717,245.71428571428572,3600.0,18.39709328502072,9972715.32743934
407.14285714285717,292.8571428571429,120.0,26.629650635020575,46528389.49765207
407.14285714285717,292.8571428571429,285.7142857142857,25.717122923242,23606512.963634733
407.14285714285717,292.8571428571429,451.42857142857144,24.923894703913692,18304228.870960735
407.14285714285717,292.8571428571429,617.1428571428571,24.178507763968252,16031238.926260661
407.14285714285717,292.8571428571429,782.8571428571429,23.485504818797907,14771196.736842489
407.14285714285717,292.8571428571429,948.5714285714287,22.853955470654086,13955687.074841494
407.14285714285717,292.8571428571429,1114.2857142857142,22.287256189426582,13370248.734801177
407.14285714285717,292.8571428571429,1280.0,21.783590042378723,12919295.407071078
407.14285714285717,292.8571428571429,1445.7142857142858,21.338120846792776,12554879.016061697
407.14285714285717,292.8571428571429,1611.4285714285716,20.9447511071611,12250535.802414976
407.14285714285717,292.8571428571429,1777.1428571428573,20.59718819428414,11990416.389944043
407.14285714285717,292.8571428571429,1942.857142857143,20.289496735614932,11764337.192484777
407.14285714285717,292.8571428571429,2108.5714285714284,20.016337392179327,11565354.236319333
407.14285714285717,292.8571428571429,2274.285714285714,19.773033065029598,11388494.24196863
407.14285714285717,292.8571428571429,2440.0,19.55554826253341,11230050.883575637
407.14285714285717,292.8571428571429,2605.714285714286,19.36042991585876,11087172.817181751
407.14285714285717,292.8571428571429,2771.4285714285716,19.184735344171955,10957610.200662883
407.14285714285717,292.8571428571429,2937.1428571428573,19.025960228792755,10839551.495975038
407.14285714285717,292.8571428571429,3102.857142857143,18.881972439455442,10731514.038981525
407.14285714285717,292.8571428571429,3268.571428571429,18.750953862943472,10632267.986236835
407.14285714285717,292.8571428571429,3434.2857142857147,18.631350531175126,10540781.788626954
407.14285714285717,292.8571428571429,3600.0,18.521830486161356,10456182.040649414
407.14285714285717,340.0,120.0,26.546698379393217,47270752.647001855
407.14285714285717,340.0,285.7142857142857,25.665183367934183,24028353.70688788
407.14285714285717,340.0,451.42857142857144,24.897912951797412,18681718.092414927
407.14285714285717,340.0,617.1428571428571,24.177027417346725,16398562.324272085
407.14285714285717,340.0,782.8571428571429,23.5067462876777,15139397.429802306
407.14285714285717,340.0,948.5714285714287,22.895371729177878,14329458.179298408
407.14285714285717,340.0,1114.2857142857142,22.345926127131595,13751569.775081482
407.14285714285717,340.0,1280.0,21.856612665170406,13308778.784271376
407.14285714285717,340.0,1445.7142857142858,21.42284704722672,12952428.68820246
407.14285714285717,340.0,1611.4285714285716,21.038879635980617,12655704.469074728
407.14285714285717,340.0,1777.1428571428573,20.69877981090399,12402603.551636606
407.14285714285717,340.0,1942.857142857143,20.39694753046792,12182897.601952715
407.14285714285717,340.0,2108.5714285714284,20.128335969334987,11989655.149619022
407.14285714285717,340.0,2274.285714285714,19.888514665256526,11817943.552802123
407.14285714285717,340.0,2440.0,19.67365196809361,11664108.94566176
407.14285714285717,340.0,2605.714285714286,19.48046130812072,11525355.362087429
407.14285714285717,340.0,2771.4285714285716,19.30613509077432,11399486.606335629
407.14285714285717,340.0,2937.1428571428573,19.14827821359952,11284740.823175676
407.14285714285717,340.0,3102.857142857143,19.004846720705412,11179680.184626259
407.14285714285717,340.0,3268.571428571429,18.874093679373605,11083114.684847765
407.14285714285717,340.0,3434.2857142857147,18.754522627765013,10994047.838382958
407.14285714285717,340.0,3600.0,18.644848126940584,10911636.929285575
407.14285714285717,387.14285714285717,120.0,26.478820097482924,47926359.42716393
407.14285714285717,387.14285714285717,285.7142857142857,25.625063564544696,24431649.511621233
407.14285714285717,387.14285714285717,451.42857142857144,24.880554704553887,19048001.87966206
407.14285714285717,387.14285714285717,617.1428571428571,24.181026652294257,16755929.590044923
407.14285714285717,387.14285714285717,782.8571428571429,23.530533097831405,15497240.271696914
407.14285714285717,387.14285714285717,948.5714285714287,22.936779976320075,14691841.035813766
407.14285714285717,387.14285714285717,1114.2857142857142,22.402495571147814,14120243.319539437
407.14285714285717,387.14285714285717,1280.0,21.925903047696313,13684319.766490437
407.14285714285717,387.14285714285717,1445.7142857142858,21.502624683400406,13334800.778105734
407.14285714285717,387.14285714285717,1611.4285714285716,21.127195698269123,13044562.973805536
407.14285714285717,387.14285714285717,1777.1428571428573,20.79398280907019,12797464.99826578
407.14285714285717,387.14285714285717,1942.857142857143,20.49766260392785,12583233.280694854
407.14285714285717,387.14285714285717,2108.5714285714284,20.23343078180112,12394941.13564749
407.14285714285717,387.14285714285717,2274.285714285714,19.99706248350057,12227685.861346029
407.14285714285717,387.14285714285717,2440.0,19.784896963898866,12077854.644048555
407.14285714285717,387.14285714285717,2605.714285714286,19.593788085658527,11942695.921128301
407.14285714285717,387.14285714285717,2771.4285714285716,19.42104289836464,11820057.121148312
407.14285714285717,387.14285714285717,2937.1428571428573,19.264359582718917,11708217.183022054
407.14285714285717,387.14285714285717,3102.857142857143,19.12176999305004,11605775.366075115
407.14285714285717,387.14285714285717,3268.571428571429,18.991588816093714,11511574.815563686
407.14285714285717,387.14285714285717,3434.2857142857147,18.872369726896988,11424648.373655751
407.14285714285717,387.14285714285717,3600.0,18.76286814555409,11344179.108311323
407.14285714285717,434.28571428571433,120.0,26.422258123635796,48523784.28516571
407.14285714285717,434.28571428571433,285.7142857142857,25.593340467968243,24821609.865322214
407.14285714285717,434.28571428571433,451.42857142857144,24.868956998511784,19405214.415853757
407.14285714285717,434.28571428571433,617.1428571428571,24.18824936815535,17104702.87646382
407.14285714285717,434.28571428571433,782.8571428571429,23.55519021442789,15845961.024800792
407.14285714285717,434.28571428571433,948.5714285714287,22.977005178281,15044197.778124249
407.14285714285717,434.28571428571433,1114.2857142857142,22.45618314811185,14477860.938663635
407.14285714285717,434.28571428571433,1280.0,21.990965429565897,14047772.241912505
407.14285714285717,434.28571428571433,1445.7142857142858,21.57714674433317,13704109.955868023
407.14285714285717,434.28571428571433,1611.4285714285716,21.20950027681853,13419469.158105899
407.14285714285717,434.28571428571433,1777.1428571428573,20.882641915172698,13177577.741036102
407.14285714285717,434.28571428571433,1942.857142857143,20.591480981552483,12968115.035654677
407.14285714285717,434.28571428571433,2108.5714285714284,20.331418108049775,12784152.5164694
407.14285714285717,434.28571428571433,2274.285714285714,20.09840297754221,12620808.8999981
407.14285714285717,434.28571428571433,2440.0,19.888920633890276,12474503.54474837
407.14285714285717,434.28571428571433,2605.714285714286,19.699945334063248,12342520.828789607
407.14285714285717,434.28571428571433,2771.4285714285716,19.528882919509314,12222744.106514344
407.14285714285717,434.28571428571433,2937.1428571428573,19.37351238056571,12113486.291688925
407.14285714285717,434.28571428571433,3102.857142857143,19.231931601420754,12013377.785215065
407.14285714285717,434.28571428571433,3268.571428571429,19.10250923853352,11921289.747968383
407.14285714285717,434.28571428571433,3434.2857142857147,18.98384313250844,11836279.937988626
407.14285714285717,434.28571428571433,3600.0,18.874724910395784,11757553.427611873
407.14285714285717,481.42857142857144,120.0,26.374413938193417,49080681.662329175
407.14285714285717,481.42857142857144,285.7142857142857,25.567784735054104,25201369.856619116
407.14285714285717,481.42857142857144,451.42857142857144,24.861340778936302,19754739.21928994
407.14285714285717,481.42857142857144,617.1428571428571,24.197379008126408,17445875.459610328
407.14285714285717,481.42857142857144,782.8571428571429,23.579836972938413,16186535.226068843
407.14285714285717,481.42857142857144,948.5714285714287,23.015542253306144,15387629.411851386
407.14285714285717,481.42857142857144,1114.2857142857142,22.506783582212417,14825704.938424515
407.14285714285717,481.42857142857144,1280.0,22.051818112071214,14400614.486763775
407.14285714285717,481.42857142857144,1445.7142857142858,21.646586732164046,14062025.003971646
407.14285714285717,481.42857142857144,1611.4285714285716,21.286064735631665,13782267.627260916
407.14285714285717,481.42857142857144,1777.1428571428573,20.96508030064372,13544944.108050007
407.14285714285717,481.42857142857144,1942.857142857143,20.67874174478972,13339684.409280075
407.14285714285717,481.42857142857144,2108.5714285714284,20.42262559853821,13159552.594352456
407.14285714285717,481.42857142857144,2274.285714285714,20.192831960938307,12999681.950550757
407.14285714285717,481.42857142857144,2440.0,19.985972036075395,12856516.97821324
407.14285714285717,481.42857142857144,2605.714285714286,19.799124710553272,12727371.334485292
407.14285714285717,481.42857142857144,2771.4285714285716,19.62978205681438,12610158.252073769
407.14285714285717,481.42857142857144,2937.1428571428573,19.47579391517918,12503219.264066983
407.14285714285717,481.42857142857144,3102.857142857143,19.33531632569039,12405211.240121067
407.14285714285717,481.42857142857144,3268.571428571429,19.206765700475568,12315029.315611225
407.14285714285717,481.42857142857144,3434.2857142857147,19.088779147346028,12231752.687360877
407.14285714285717,481.42857142857144,3600.0,18.980180642714785,12154605.448044082
407.14285714285717,528.5714285714286,120.0,26.33343121838715,49608407.93600904
407.14285714285717,528.5714285714286,285.7142857142857,25.546882821823786,25572938.32067472
407.14285714285717,528.5714285714286,451.42857142857144,24.856550335650248,20097550.1428539
407.14285714285717,528.5714285714286,617.1428571428571,24.207615496855706,17780223.295947835
407.14285714285717,528.5714285714286,782.8571428571429,23.60400525620295,16519765.185028149
407.14285714285717,528.5714285714286,948.5714285714287,23.052209708920405,15723049.379473435
407.14285714285717,528.5714285714286,1114.2857142857142,22.554346671178944,15164831.31455346
407.14285714285717,528.5714285714286,1280.0,22.108686880706504,14744051.135197375
407.14285714285717,528.5714285714286,1445.7142857142858,21.711296759340488,14409892.895168502
407.14285714285717,528.5714285714286,1611.4285714285716,21.35732565918233,14134435.829390215
407.14285714285717,528.5714285714286,1777.1428571428573,21.041785142603377,13901158.254725087
407.14285714285717,528.5714285714286,1942.857142857143,20.759955986689278,13699638.490839658
407.14285714285717,528.5714285714286,2108.5714285714284,20.507567684771114,13522928.529011846
407.14285714285717,528.5714285714286,2274.285714285714,20.280851601371996,13366170.665414892
407.14285714285717,528.5714285714286,2440.0,20.076529437558357,13225828.887139367
407.14285714285717,528.5714285714286,2605.714285714286,19.89177205873837,13099240.790823603
407.14285714285717,528.5714285714286,2771.4285714285716,19.72414762794817,12984344.644530887
407.14285714285717,528.5714285714286,2937.1428571428573,19.57156874365449,12879506.31027516
407.14285714285717,528.5714285714286,3102.857142857143,19.432243160776352,12783405.379072096
407.14285714285717,528.5714285714286,3268.571428571429,19.30462992677388,12694957.715383437
407.14285714285717,528.5714285714286,3434.2857142857147,19.187401348557156,12613261.157815227
407.14285714285717,528.5714285714286,3600.0,19.079410520585245,12537556.414800148
407.14285714285717,575.7142857142858,120.0,26.297947482493328,50114515.167305164
407.14285714285717,575.7142857142858,285.7142857142857,25.529571766215117,25937673.418066815
407.14285714285717,575.7142857142858,451.42857142857144,24.853807610033986,20434377.364880186
407.14285714285717,575.7142857142858,617.1428571428571,24.218457803442686,18108379.66696611
407.14285714285717,575.7142857142858,782.8571428571429,23.6274510236519,16846326.848535746
407.14285714285717,575.7142857142858,948.5714285714287,23.08698592652347,16051228.213999847
407.14285714285717,575.7142857142858,1114.2857142857142,22.599031886154197,15496123.317353373
407.14285714285717,575.7142857142858,1280.0,22.161871170840403,15079080.06961662
407.14285714285717,575.7142857142858,1445.7142857142858,21.771679244263083,14748820.12330714
407.14285714285717,575.7142857142858,1611.4285714285716,21.423757142234997,14477179.35142313
407.14285714285717,575.7142857142858,1777.1428571428573,21.113276704932826,14247514.249239009
407.14285714285717,575.7142857142858,1942.857142857143,20.83566988723512,14049349.376080383
407.14285714285717,575.7142857142858,2108.5714285714284,20.58680067961477,13875720.747002278
407.14285714285717,575.7142857142858,2274.285714285714,20.36301622748015,13721775.10005349
407.14285714285717,575.7142857142858,2440.0,20.161136005912937,13583991.295098651
407.14285714285717,575.7142857142858,2605.714285714286,19.97841253300655,13459726.52039105
407.14285714285717,575.7142857142858,2771.4285714285716,19.812481742783998,13346940.136365652
407.14285714285717,575.7142857142858,2937.1428571428573,19.66131231689034,13244018.838126145
407.14285714285717,575.7142857142858,3102.857142857143,19.52315838136848,13149661.880815608
407.14285714285717,575.7142857142858,3268.571428571429,19.3965173449296,13062803.206280101
407.14285714285717,575.7142857142858,3434.2857142857147,19.280093295601848,12982557.005825432
407.14285714285717,575.7142857142858,3600.0,19.1727657118502,12908178.63235338
407.14285714285717,622.8571428571429,120.0,26.266939547017973,50604168.11870295
407.14285714285717,622.8571428571429,285.7142857142857,25.515083746795742,26296537.139992125
407.14285714285717,622.8571428571429,451.42857142857144,24.852573234882733,20765795.055260565
407.14285714285717,622.8571428571429,617.1428571428571,24.229585339680483,18430876.323102064
407.14285714285717,622.8571428571429,782.8571428571429,23.650055817950342,17166798.69510941
407.14285714285717,622.8571428571429,948.5714285714287,23.119927820823914,16372823.759835456
407.14285714285717,622.8571428571429,1114.2857142857142,22.641040006471425,15820328.756490164
407.14285714285717,622.8571428571429,1280.0,22.211684373076277,15406538.943037473
407.14285714285717,622.8571428571429,1445.7142857142858,21.828132042692403,15079728.803246101
407.14285714285717,622.8571428571429,1611.4285714285716,21.485817584318013,14811497.113882242
407.14285714285717,622.8571428571429,1777.1428571428573,21.180054330856667,14585079.522495095
407.14285714285717,622.8571428571429,1942.857142857143,20.90640806031395,14389944.926471684
407.14285714285717,622.8571428571429,2108.5714285714284,20.66086214909572,14219110.082307333
407.14285714285717,622.8571428571429,2274.285714285714,20.43986680351264,14067722.381221972
407.14285714285717,622.8571428571429,2440.0,20.240328778858544,13932271.74354163
407.14285714285717,622.8571428571429,2605.714285714286,20.059573692638466,13810131.359922582
407.14285714285717,622.8571428571429,2771.4285714285716,19.895298327726362,13699278.426810505
407.14285714285717,622.8571428571429,2937.1428571428573,19.745521869069115,13598117.582241911
407.14285714285717,622.8571428571429,3102.857142857143,19.608540324672106,13505365.214426963
407.14285714285717,622.8571428571429,3268.571428571429,19.482885855186826,13419971.143854385
407.14285714285717,622.8571428571429,3434.2857142857147,19.367291427403742,13341064.01336179
407.14285714285717,622.8571428571429,3600.0,19.260660568481278,13267912.180365877
407.14285714285717,670.0,120.0,26.239623779286706,51080984.68151985
407.14285714285717,670.0,285.7142857142857,25.502850794551197,26650239.063367505
407.14285714285717,670.0,451.42857142857144,24.852464091104565,21092271.07637559
407.14285714285717,670.0,617.1428571428571,24.24079007744323,18748168.467465702
407.14285714285717,670.0,782.8571428571429,23.67177294217057,17481681.371788695
407.14285714285717,670.0,948.5714285714287,23.151129010014152,16688403.031362865
407.14285714285717,670.0,1114.2857142857142,22.68058050907718,16138087.209503878
407.14285714285717,670.0,1280.0,22.258427616477327,15727138.807824196
407.14285714285717,670.0,1445.7142857142858,21.88102610216388,15403396.78648543
407.14285714285717,670.0,1611.4285714285716,21.54392912911619,15138227.569726553
407.14285714285717,670.0,1777.1428571428573,21.242576026552413,14914746.555096472
407.14285714285717,670.0,1942.857142857143,20.97265203819291,14722365.301684465
407.14285714285717,670.0,2108.5714285714284,20.730247384990165,14554078.534780351
407.14285714285717,670.0,2274.285714285714,20.51190474113035,14405031.126154803
407.14285714285717,670.0,2440.0,20.314609371406032,14271720.871392444
407.14285714285717,670.0,2605.714285714286,20.135752816838572,14151533.96497936
407.14285714285717,670.0,2771.4285714285716,19.973086878764224,14042462.71658154
407.14285714285717,670.0,2937.1428571428573,19.82467652620452,13942927.287499035
407.14285714285717,670.0,3102.857142857143,19.68885583598889,13851659.07683903
407.14285714285717,670.0,3268.571428571429,19.56418864103489,13767621.937287407
407.14285714285717,670.0,3434.2857142857147,19.449434298614225,13689957.364087282
407.14285714285717,670.0,3600.0,19.34351837232258,13617945.337530501
407.14285714285717,717.1428571428572,120.0,26.215389682716083,51547552.647342466
407.14285714285717,717.1428571428572,285.7142857142857,25.492444136982147,26999321.379514005
407.14285714285717,717.1428571428572,451.42857142857144,24.853202405489018,21414196.97929023
407.14285714285717,717.1428571428572,617.1428571428571,24.251936123010722,19060651.189388074
407.14285714285717,717.1428571428572,782.8571428571429,23.692597000064623,17791411.95081849
407.14285714285717,717.1428571428572,948.5714285714287,23.18069786478882,16998458.685982842
407.14285714285717,717.1428571428572,1114.2857142857142,22.717856240916415,16449950.479135772
407.14285714285717,717.1428571428572,1280.0,22.302379159631236,16041489.10673484
407.14285714285717,717.1428571428572,1445.7142857142858,21.93069787072033,15720487.142634286
407.14285714285717,717.1428571428572,1611.4285714285716,21.598471677706435,15458082.35878286
407.14285714285717,717.1428571428572,1777.1428571428573,21.30125295896496,15237270.280389512
407.14285714285717,717.1428571428572,1942.857142857143,21.034834396246023,15047403.666205639
407.14285714285717,717.1428571428572,2108.5714285714284,20.795402517939234,14881452.85660493
407.14285714285717,717.1428571428572,2274.285714285714,20.579583538312743,14734557.524615077
407.14285714285717,717.1428571428572,2440.0,20.38443381562971,14603220.653518789
407.14285714285717,717.1428571428572,2605.714285714286,20.207404726306496,14484838.91009619
407.14285714285717,717.1428571428572,2771.4285714285716,20.04629812612892,14377417.415842947
407.14285714285717,717.1428571428572,2937.1428571428573,19.899220735508084,14279389.807211887
407.14285714285717,717.1428571428572,3102.857142857143,19.764541429259058,14189500.695135854
407.14285714285717,717.1428571428572,3268.571428571429,19.640853060361362,14106726.396690544
407.14285714285717,717.1428571428572,3434.2857142857147,19.5269392247308,14030219.89956102
407.14285714285717,717.1428571428572,3600.0,19.42174577458652,13959271.630070502
407.14285714285717,764.2857142857143,120.0,26.19375447332593,52005757.42698864
407.14285714285717,764.2857142857143,285.7142857142857,25.483534328667325,27344211.24492786
407.14285714285717,764.2857142857143,451.42857142857144,24.854583243091945,21731907.139434695
407.14285714285717,764.2857142857143,617.1428571428571,24.26293483151024,19368670.98129155
407.14285714285717,764.2857142857143,782.8571428571429,23.712546186061974,18096374.745125297
407.14285714285717,764.2857142857143,948.5714285714287,23.208745933331855,17303421.776025455
407.14285714285717,764.2857142857143,1114.2857142857142,22.753056668701312,16756398.313538149
407.14285714285717,764.2857142857143,1280.0,22.34379114965287,16350116.645807981
407.14285714285717,764.2857142857143,1445.7142857142858,21.977448389547483,16031570.306361226
407.14285714285717,764.2857142857143,1611.4285714285716,21.64978333419105,15771671.384387938
407.14285714285717,764.2857142857143,1777.1428571428573,21.356450472212828,15553295.784696594
407.14285714285717,764.2857142857143,1942.857142857143,21.093339735783488,15365736.198947636
407.14285714285717,764.2857142857143,2108.5714285714284,20.856725011584714,15201936.574902896
407.14285714285717,764.2857142857143,2274.285714285714,20.64330845009883,15057029.106917476
407.14285714285717,764.2857142857143,2440.0,20.450211168107682,14927519.67845929
407.14285714285717,764.2857142857143,2605.714285714286,20.27493916086796,14810813.271519622
407.14285714285717,764.2857142857143,2771.4285714285716,20.11534007175738,14704925.855639864
407.14285714285717,764.2857142857143,2937.1428571428573,19.96955889487255,14608302.792046284
407.14285714285717,764.2857142857143,3102.857142857143,19.83599647271315,14519700.36350608
407.14285714285717,764.2857142857143,3268.571428571429,19.713272375216217,14438106.007325374
407.14285714285717,764.2857142857143,3434.2857142857147,19.600192561452563,14362683.035850454
407.14285714285717,764.2857142857143,3600.0,19.49572164303418,14292731.309362464
407.14285714285717,811.4285714285714,120.0,26.17433127713946,52456995.50805945
407.14285714285717,811.4285714285714,285.7142857142857,25.47586430960194,27685254.176150095
407.14285714285717,811.4285714285714,451.42857142857144,24.856453136567016,22045691.576128054
407.14285714285717,811.4285714285714,617.1428571428571,24.273729053468756,19672534.213227548
407.14285714285717,811.4285714285714,782.8571428571429,23.731651780550813,18396909.760408826
407.14285714285717,811.4285714285714,948.5714285714287,23.23538193167186,17603671.808234643
407.14285714285717,811.4285714285714,1114.2857142857142,22.78635543505924,17057850.691471815
407.14285714285717,811.4285714285714,1280.0,22.382889815370955,16653480.250887932
407.14285714285717,811.4285714285714,1445.7142857142858,22.021545292557555,16337141.021526715
407.14285714285717,811.4285714285714,1611.4285714285716,21.698163516253153,16079521.858003076
407.14285714285717,811.4285714285714,1777.1428571428573,21.408491751237797,15863379.228650445
407.14285714285717,811.4285714285714,1942.857142857143,21.148508466518297,15677944.665337846
407.14285714285717,811.4285714285714,2108.5714285714284,20.91456723365394,15516134.002972545
407.14285714285717,811.4285714285714,2274.285714285714,20.703439602452338,15373070.003905643
407.14285714285717,811.4285714285714,2440.0,20.512305987490155,15245259.489647694
407.14285714285717,811.4285714285714,2605.714285714286,20.33872249366866,15130113.90427635
407.14285714285717,811.4285714285714,2771.4285714285716,20.180578853083055,15025658.375531022
407.14285714285717,811.4285714285714,2937.1428571428573,20.036055309810862,14930348.480700575
407.14285714285717,811.4285714285714,3102.857142857143,19.90358220568479,14842950.844853865
407.14285714285717,811.4285714285714,3268.571428571429,19.781803812657806,14762462.863227267
407.14285714285717,811.4285714285714,3434.2857142857147,19.669546806726455,14688057.161498811
407.14285714285717,811.4285714285714,3600.0,19.565793211996315,14619042.156131618
407.14285714285717,858.5714285714287,120.0,26.156806400236587,52902316.77836445
407.14285714285717,858.5714285714287,285.7142857142857,25.4692307549126,28022736.040257115
407.14285714285717,858.5714285714287,451.42857142857144,24.858695679373046,22355804.916361883
407.14285714285717,858.5714285714287,617.1428571428571,24.284282922834233,19972513.603450324
407.14285714285717,858.5714285714287,782.8571428571429,23.749951835967696,18693319.43945203
407.14285714285717,858.5714285714287,948.5714285714287,23.26070877413459,17899544.79369985
407.14285714285717,858.5714285714287,1114.2857142857142,22.817910061835306,17354677.55635257
407.14285714285717,858.5714285714287,1280.0,22.419877174742258,16951982.257346608
407.14285714285717,858.5714285714287,1445.7142857142858,22.06322591924946,16637631.50927307
407.14285714285717,858.5714285714287,1611.4285714285716,21.743876970580175,16382093.002087863
407.14285714285717,858.5714285714287,1777.1428571428573,21.45766233434336,16168003.919034252
407.14285714285717,858.5714285714287,1942.857142857143,21.20064149852526,15984533.692815427
407.14285714285717,858.5714285714287,2108.5714285714284,20.969241083786333,15824568.565515406
407.14285714285717,858.5714285714287,2274.285714285714,20.760296372742793,15683220.183756053
407.14285714285717,858.5714285714287,2440.0,20.571042332396082,15556994.612387529
407.14285714285717,858.5714285714287,2605.714285714286,20.399081248810038,15443308.153934486
407.14285714285717,858.5714285714287,2771.4285714285716,20.242341711834584,15340193.629298102
407.14285714285717,858.5714285714287,2937.1428571428573,20.099036567207595,15246115.521547437
407.14285714285717,858.5714285714287,3102.857142857143,19.96762348818278,15159849.641467188
407.14285714285717,858.5714285714287,3268.571428571429,19.84676967397279,15080402.329521619
407.14285714285717,858.5714285714287,3434.2857142857147,19.73532106321048,15006954.642232796
407.14285714285717,858.5714285714287,3600.0,19.632275898979692,14938822.785197744
407.14285714285717,905.7142857142858,120.0,26.14092278306675,53342521.399438016
407.14285714285717,905.7142857142858,285.7142857142857,25.463470887277822,28356897.958348557
407.14285714285717,905.7142857142858,451.42857142857144,24.86122159750897,22662472.899166763
407.14285714285717,905.7142857142858,617.1428571428571,24.294575101968935,20268853.2989884
407.14285714285717,905.7142857142858,782.8571428571429,23.76748735840851,18985874.127212655
407.14285714285717,905.7142857142858,948.5714285714287,23.284822279111278,18191339.76453045
407.14285714285717,905.7142857142858,1114.2857142857142,22.84786268646152,17647206.62012856
407.14285714285717,905.7142857142858,1280.0,22.454933311671937,17245977.63282693
407.14285714285717,905.7142857142858,1445.7142857142858,22.10270069273923,16933421.8423428
407.14285714285717,905.7142857142858,1611.4285714285716,21.787157882010327,16679787.56520552
407.14285714285717,905.7142857142858,1777.1428571428573,21.504214653726194,16467592.840153575
407.14285714285717,905.7142857142858,1942.857142857143,21.250004977937177,16285944.195608545
407.14285714285717,905.7142857142858,2108.5714285714284,21.021022741998795,16127697.002938911
407.14285714285717,905.7142857142858,2274.285714285714,20.81416201255145,15987950.333799165
407.14285714285717,905.7142857142858,2440.0,20.626708155233853,15863208.023609012
407.14285714285717,905.7142857142858,2605.714285714286,20.45630619047168,15750889.836529313
407.14285714285717,905.7142857142858,2771.4285714285716,20.30092072424959,15649035.007972796
407.14285714285717,905.7142857142858,2937.1428571428573,20.158794869036498,15556115.781116538
407.14285714285717,905.7142857142858,3102.857142857143,20.028411713299757,15470916.139472445
407.14285714285717,905.7142857142858,3268.571428571429,19.908459810729433,15392450.480368236
407.14285714285717,905.7142857142858,3434.2857142857147,19.797803070350117,15319907.51588743
407.14285714285717,905.7142857142858,3600.0,19.695454890754213,15252610.56595141
407.14285714285717,952.8571428571429,120.0,26.126467757626756,53778226.96603798
407.14285714285717,952.8571428571429,285.7142857142857,25.45845297479051,28687946.67499238
407.14285714285717,952.8571428571429,451.42857142857144,24.86396177341064,22965897.24766812
407.14285714285717,952.8571428571429,617.1428571428571,24.30459423569227,20561772.95100998
407.14285714285717,952.8571428571429,782.8571428571429,23.78430000356959,19274816.552663445
407.14285714285717,952.8571428571429,948.5714285714287,23.307810795607374,18479324.10114196
407.14285714285717,952.8571428571429,1114.2857142857142,22.876341250700616,17935729.68455358
407.14285714285717,952.8571428571429,1280.0,22.488218761884763,17535781.302720703
407.14285714285717,952.8571428571429,1445.7142857142858,22.14015637525821,17224848.21780748
407.14285714285717,952.8571428571429,1611.4285714285716,21.828213721935178,16972960.955903195
407.14285714285717,952.8571428571429,1777.1428571428573,21.548372251759773,16762518.554171251
407.14285714285717,952.8571428571429,1942.857142857143,21.296834692849284,16582563.948877467
407.14285714285717,952.8571428571429,2108.5714285714284,21.070157125695584,16425920.533752432
407.14285714285717,952.8571428571429,2274.285714285714,20.865288049846438,16287673.53465138
407.14285714285717,952.8571428571429,2440.0,20.679559569707777,16164323.27056791
407.14285714285717,952.8571428571429,2605.714285714286,20.51065639653729,16053291.743507324
407.14285714285717,952.8571428571429,2771.4285714285716,20.356576637741487,15952623.480698507
407.14285714285717,952.8571428571429,2937.1428571428573,20.21559160152492,15860797.477581698
407.14285714285717,952.8571428571429,3102.857142857143,20.086208088019994,15776604.997749005
407.14285714285717,952.8571428571429,3268.571428571429,19.967134603829408,15699067.711335324
407.14285714285717,952.8571428571429,3434.2857142857147,19.857251873984392,15627381.300735978
407.14285714285717,952.8571428571429,3600.0,19.75558750017406,15560875.602937087
407.14285714285717,1000.0,120.0,26.113263854041293,54209915.83774212
407.14285714285717,1000.0,285.7142857142857,25.45406936820259,29016061.94937965
407.14285714285717,1000.0,451.42857142857144,24.866862258875273,23266259.41837186
407.14285714285717,1000.0,617.1428571428571,24.31433584688716,20851471.038723525
407.14285714285717,1000.0,782.8571428571429,23.80043070506755,19560365.540299024
407.14285714285717,1000.0,948.5714285714287,23.329755326440647,18763737.924656194
407.14285714285717,1000.0,1114.2857142857142,22.90346083981931,18220507.808915462
407.14285714285717,1000.0,1280.0,22.519876792181957,17821674.09213166
407.14285714285717,1000.0,1445.7142857142858,22.1757590397236,17512209.625716045
407.14285714285717,1000.0,1611.4285714285716,21.867228702281647,17261928.570602115
407.14285714285717,1000.0,1777.1428571428573,21.590333546068813,17053111.11536416
407.14285714285717,1000.0,1942.857142857143,21.341340013137046,16874736.018540714
407.14285714285717,1000.0,2108.5714285714284,21.116861897681506,16719593.734783856
407.14285714285717,1000.0,2274.285714285714,20.913898283144334,16582754.53259904
407.14285714285717,1000.0,2440.0,20.72982476878443,16460714.084298968
407.14285714285717,1000.0,2605.714285714286,20.562363053645605,16350895.5518678
407.14285714285717,1000.0,2771.4285714285716,20.409542508588267,16251347.763238302
407.14285714285717,1000.0,2937.1428571428573,20.269660790613926,16160555.574642899
407.14285714285717,1000.0,3102.857142857143,20.14124688902674,16077316.738810515
407.14285714285717,1000.0,3268.571428571429,20.023028007996896,16000659.502869971
407.14285714285717,1000.0,3434.2857142857147,19.91390065229042,15929785.910526136
407.14285714285717,1000.0,3600.0,19.812905769758746,15864031.784316955
442.8571428571429,10.0,120.0,28.032554526701635,31691980.585385714
442.8571428571429,10.0,285.7142857142857,27.29831994180612,17490355.598730456
442.8571428571429,10.0,451.42857142857144,26.536373084662294,14003814.285000684
442.8571428571429,10.0,617.1428571428571,25.753380436636284,12428076.545072556
442.8571428571429,10.0,782.8571428571429,24.994117967383453,11466528.814243557
442.8571428571429,10.0,948.5714285714287,24.297232191722568,10760438.639373923
442.8571428571429,10.0,1114.2857142857142,23.682367097550657,10187470.88760915
442.8571428571429,10.0,1280.0,23.15327704362075,9700198.956317466
442.8571428571429,10.0,1445.7142857142858,22.704444158148995,9277085.550937837
442.8571428571429,10.0,1611.4285714285716,22.326305763801916,8906086.122965042
442.8571428571429,10.0,1777.1428571428573,22.008368666465067,8578985.446676804
442.8571428571429,10.0,1942.857142857143,21.740753048164535,8289409.026070411
442.8571428571429,10.0,2108.5714285714284,21.514805890705627,8032097.65611262
442.8571428571429,10.0,2274.285714285714,21.323232875066836,7802610.897202877
442.8571428571429,10.0,2440.0,21.160011160699298,7597174.29788937
442.8571428571429,10.0,2605.714285714286,21.020221106978696,7412576.023511199
442.8571428571429,10.0,2771.4285714285716,20.899863458014675,7246083.452842148
442.8571428571429,10.0,2937.1428571428573,20.79569065336721,7095371.344338936
442.8571428571429,10.0,3102.857142857143,20.70506215003228,6958459.353105538
442.8571428571429,10.0,3268.571428571429,20.62582496994019,6833658.119230458
442.8571428571429,10.0,3434.2857142857147,20.55621710964579,6719523.265672657
442.8571428571429,10.0,3600.0,20.494790314154447,6614816.51557113
442.8571428571429,57.142857142857146,120.0,27.327401963296317,40304204.72748004
442.8571428571429,57.142857142857146,285.7142857142857,26.332358385148098,20885898.346468277
442.8571428571429,57.142857142857146,451.42857142857144,25.392840640727336,16172111.161399325
442.8571428571429,57.142857142857146,617.1428571428571,24.47490191977854,14069592.625442002
442.8571428571429,57.142857142857146,782.8571428571429,23.607904924933287,12837494.807043582
442.8571428571429,57.142857142857146,948.5714285714287,22.819241994012476,11985928.232818482
442.8571428571429,57.142857142857146,1114.2857142857142,22.121419217703025,11335354.495232977
442.8571428571429,57.142857142857146,1280.0,21.514639680166056,10808395.009331955
442.8571428571429,57.142857142857146,1445.7142857142858,20.99208596458655,10366758.454040581
442.8571428571429,57.142857142857146,1611.4285714285716,20.543979394618212,9988859.455306102
442.8571428571429,57.142857142857146,1777.1428571428573,20.15998193539534,9661044.233929396
442.8571428571429,57.142857142857146,1942.857142857143,19.8303969623475,9373855.91822989
442.8571428571429,57.142857142857146,2108.5714285714284,19.546656654481293,9120307.684016304
442.8571428571429,57.142857142857146,2274.285714285714,19.30143270355833,8895009.393815108
442.8571428571429,57.142857142857146,2440.0,19.088569071526198,8693682.29393295
442.8571428571429,57.142857142857146,2605.714285714286,18.902944106162735,8512863.798642144
442.8571428571429,57.142857142857146,2771.4285714285716,18.740315874628077,8349713.294834889
442.8571428571429,57.142857142857146,2937.1428571428573,18.597175439299253,8201876.307226183
442.8571428571429,57.142857142857146,3102.857142857143,18.47061773383087,8067385.109962186
442.8571428571429,57.142857142857146,3268.571428571429,18.35823232564902,7944583.652429564
442.8571428571429,57.142857142857146,3434.2857142857147,18.258013023322796,7832069.565100736
442.8571428571429,57.142857142857146,3600.0,18.168284006243546,7728648.631323448
442.8571428571429,104.28571428571429,120.0,26.999146466290668,43237176.71253505
442.8571428571429,104.28571428571429,285.7142857142857,26.00472015999299,21924253.802125923
442.8571428571429,104.28571428571429,451.42857142857144,25.094599458484925,16872081.720661703
442.8571428571429,104.28571428571429,617.1428571428571,24.21846383649363,14657778.019496366
442.8571428571429,104.28571428571429,782.8571428571429,23.395918450903505,13389772.0672297
442.8571428571429,104.28571428571429,948.5714285714287,22.647091939789682,12536184.144221244
442.8571428571429,104.28571428571429,1114.2857142857142,21.98081656925354,11899503.31910114
442.8571428571429,104.28571428571429,1280.0,21.396431337806316,11393237.721168786
442.8571428571429,104.28571428571429,1445.7142857142858,20.88783621127297,10974318.90558567
442.8571428571429,104.28571428571429,1611.4285714285716,20.446623038639576,10618729.604079673
442.8571428571429,104.28571428571429,1777.1428571428573,20.063943209307894,10311672.623009054
442.8571428571429,104.28571428571429,1942.857142857143,19.731456837641982,10043244.194759367
442.8571428571429,104.28571428571429,2108.5714285714284,19.441730959373405,9806374.430348692
442.8571428571429,104.28571428571429,2274.285714285714,19.188341553191595,9595769.291001175
442.8571428571429,104.28571428571429,2440.0,18.965831540873037,9407324.725675372
442.8571428571429,104.28571428571429,2605.714285714286,18.769608430454706,9237778.171841895
442.8571428571429,104.28571428571429,2771.4285714285716,18.595824704760595,9084487.325943444
442.8571428571429,104.28571428571429,2937.1428571428573,18.441261539747067,8945281.637282297
442.8571428571429,104.28571428571429,3102.857142857143,18.303224507371958,8818357.94854129
442.8571428571429,104.28571428571429,3268.571428571429,18.179453885814365,8702204.446774289
442.8571428571429,104.28571428571429,3434.2857142857147,18.068049339273948,8595543.652466223
442.8571428571429,104.28571428571429,3600.0,17.967407521096465,8497288.727857852
442.8571428571429,151.42857142857144,120.0,26.794848185445403,44895082.69215828
442.8571428571429,151.42857142857144,285.7142857142857,25.83253677358072,22600049.70707193
442.8571428571429,151.42857142857144,451.42857142857144,24.96267367541749,17395537.94354954
442.8571428571429,151.42857142857144,617.1428571428571,24.130494765959497,15138960.264076337
442.8571428571429,151.42857142857144,782.8571428571429,23.350925021878226,13864427.386538882
442.8571428571429,151.42857142857144,948.5714285714287,22.640223754528396,13019790.18355589
442.8571428571429,151.42857142857144,1114.2857142857142,22.005328162233766,12398855.029382134
442.8571428571429,151.42857142857144,1280.0,21.445274860178653,11910730.47086396
442.8571428571429,151.42857142857144,1445.7142857142858,20.95455907821468,11510069.090441894
442.8571428571429,151.42857142857144,1611.4285714285716,20.525736522882994,11171731.491116807
442.8571428571429,151.42857142857144,1777.1428571428573,20.150984135793347,10880435.85168563
442.8571428571429,151.42857142857144,1942.857142857143,19.822902146533387,10626136.769252796
442.8571428571429,151.42857142857144,2108.5714285714284,19.534858022424377,10401798.708036846
442.8571428571429,151.42857142857144,2274.285714285714,19.281081382292005,10202244.798199156
442.8571428571429,151.42857142857144,2440.0,19.056635608527312,10023520.256992394
442.8571428571429,151.42857142857144,2605.714285714286,18.857336066675273,9862517.266385496
442.8571428571429,151.42857142857144,2771.4285714285716,18.6796515226945,9716740.58529216
442.8571428571429,151.42857142857144,2937.1428571428573,18.520606647820934,9584153.269783579
442.8571428571429,151.42857142857144,3102.857142857143,18.377693449807232,9463070.482352162
442.8571428571429,151.42857142857144,3268.571428571429,18.248794288188193,9352083.626371566
442.8571428571429,151.42857142857144,3434.2857142857147,18.132116604181313,9250004.468372043
442.8571428571429,151.42857142857144,3600.0,18.026138374987248,9155822.952651946
442.8571428571429,198.57142857142858,120.0,26.65296685493156,46045819.15091604
442.8571428571429,198.57142857142858,285.7142857142857,25.726328203229528,23152591.02132655
442.8571428571429,198.57142857142858,451.42857142857144,24.893078770759487,17860557.292437
442.8571428571429,198.57142857142858,617.1428571428571,24.098452887295032,15582303.467761595
442.8571428571429,198.57142857142858,782.8571428571429,23.35481359000727,14307595.743997425
442.8571428571429,198.57142857142858,948.5714285714287,22.676032964610105,13472057.295275833
442.8571428571429,198.57142857142858,1114.2857142857142,22.06788432595328,12864176.405887952
442.8571428571429,198.57142857142858,1280.0,21.529264232713142,12390342.464718323
442.8571428571429,198.57142857142858,1445.7142857142858,21.055110882153578,12003795.61008238
442.8571428571429,198.57142857142858,1611.4285714285716,20.638665014129444,11678704.809159324
442.8571428571429,198.57142857142858,1777.1428571428573,20.272830636877305,11399497.288267924
442.8571428571429,198.57142857142858,1942.857142857143,19.95087944433838,11156053.761339923
442.8571428571429,198.57142857142858,2108.5714285714284,19.66675737644165,10941376.659419244
442.8571428571429,198.57142857142858,2274.285714285714,19.41517328604623,10750379.62858979
442.8571428571429,198.57142857142858,2440.0,19.191578424572715,10579218.35558736
442.8571428571429,198.57142857142858,2605.714285714286,18.99209763050549,10424898.177402223
442.8571428571429,198.57142857142858,2771.4285714285716,18.813444421561385,10285031.08957077
442.8571428571429,198.57142857142858,2937.1428571428573,18.65283597835431,10157677.668917308
442.8571428571429,198.57142857142858,3102.857142857143,18.50791521017914,10041239.681740679
442.8571428571429,198.57142857142858,3268.571428571429,18.37668250111383,9934384.360847546
442.8571428571429,198.57142857142858,3434.2857142857147,18.257437453990544,9835989.313316597
442.8571428571429,198.57142857142858,3600.0,18.14872990756299,9745101.379056
442.8571428571429,245.71428571428572,120.0,26.54790398941134,46947170.43919474
442.8571428571429,245.71428571428572,285.7142857142857,25.654694444357286,23647612.773018356
442.8571428571429,245.71428571428572,451.42857142857144,24.853125104283723,18295950.788111325
442.8571428571429,245.71428571428572,617.1428571428571,24.090102378524904,16003534.500667633
442.8571428571429,245.71428571428572,782.8571428571429,23.376431296881687,14729867.970801827
442.8571428571429,245.71428571428572,948.5714285714287,22.724355239790526,13901987.664790435
442.8571428571429,245.71428571428572,1114.2857142857142,22.138850590703385,13304582.549117368
442.8571428571429,245.71428571428572,1280.0,21.618735810740223,12842082.43469797
442.8571428571429,245.71428571428572,1445.7142857142858,21.15928475904471,12466702.567268586
442.8571428571429,245.71428571428572,1611.4285714285716,20.754248040862034,12152105.985768083
442.8571428571429,245.71428571428572,1777.1428571428573,20.397071754007737,11882504.529482689
442.8571428571429,245.71428571428572,1942.857142857143,20.081531543557286,11647722.383943863
442.8571428571429,245.71428571428572,2108.5714285714284,19.80201135824502,11440788.335975153
442.8571428571429,245.71428571428572,2274.285714285714,19.553586631763647,11256682.069623062
442.8571428571429,245.71428571428572,2440.0,19.332008642615026,11091640.975510765
442.8571428571429,245.71428571428572,2605.714285714286,19.133644509299888,10942754.850422343
442.8571428571429,245.71428571428572,2771.4285714285716,18.95540183354526,10807716.33910453
442.8571428571429,245.71428571428572,2937.1428571428573,18.794652552245413,10684659.853835473
442.8571428571429,245.71428571428572,3102.857142857143,18.649162664946513,10572053.134329185
442.8571428571429,245.71428571428572,3268.571428571429,18.51703034614873,10468621.509385664
442.8571428571429,245.71428571428572,3434.2857142857147,18.396632861009124,10373293.299682364
442.8571428571429,245.71428571428572,3600.0,18.28658172817979,10285159.39056392
442.8571428571429,292.8571428571429,120.0,26.466663751365562,47709567.180561
442.8571428571429,292.8571428571429,285.7142857142857,25.60350733590644,24109949.91797818
442.8571428571429,292.8571428571429,451.42857142857144,24.82926807340623,18712170.91274402
442.8571428571429,292.8571428571429,617.1428571428571,24.093103375315813,16408546.257152159
442.8571428571429,292.8571428571429,782.8571428571429,23.404790895071162,15135701.099558664
442.8571428571429,292.8571428571429,948.5714285714287,22.775382980557335,14313948.859196723
442.8571428571429,292.8571428571429,1114.2857142857142,22.20926972701121,13724963.903658228
442.8571428571429,292.8571428571429,1280.0,21.705219739600285,13271613.234793287
442.8571428571429,292.8571428571429,1445.7142857142858,21.258768745759493,12905289.14755307
442.8571428571429,292.8571428571429,1611.4285714285716,20.86406226021235,12599242.877990592
442.8571428571429,292.8571428571429,1777.1428571428573,20.51496751783118,12337505.54892472
442.8571428571429,292.8571428571429,1942.857142857143,20.20565391852953,12109848.048716364
442.8571428571429,292.8571428571429,2108.5714285714284,19.93085004968127,11909313.322544748
442.8571428571429,292.8571428571429,2274.285714285714,19.685922042371384,11730928.354304207
442.8571428571429,292.8571428571429,2440.0,19.46686110087564,11570991.705906322
442.8571428571429,292.8571428571429,2605.714285714286,19.270229819490428,11426657.701187067
442.8571428571429,292.8571428571429,2771.4285714285716,19.093093860724096,11295681.39304758
442.8571428571429,292.8571428571429,2937.1428571428573,18.9329524369854,11176254.871709855
442.8571428571429,292.8571428571429,3102.857142857143,18.787673830327886,11066897.807998
442.8571428571429,292.8571428571429,3268.571428571429,18.655438363854493,10966381.55915396
442.8571428571429,292.8571428571429,3434.2857142857147,18.534689299298726,10873674.855859337
442.8571428571429,292.8571428571429,3600.0,18.424091217995727,10787903.861346677
442.8571428571429,340.0,120.0,26.40183220903172,48387536.48519011
442.8571428571429,340.0,285.7142857142857,25.565417202474617,24550973.02651052
442.8571428571429,340.0,451.42857142857144,24.814929758064977,19114110.910033375
442.8571428571429,340.0,617.1428571428571,24.10189968130328,16800397.152339846
442.8571428571429,340.0,782.8571428571429,23.435382132588664,15527745.69880907
442.8571428571429,340.0,948.5714285714287,22.825513861423875,14710783.503337832
442.8571428571429,340.0,1114.2857142857142,22.276231393317886,14128615.241868775
442.8571428571429,340.0,1280.0,21.786268088347885,13682774.021171268
442.8571428571429,340.0,1445.7142857142858,21.351369496764416,13323945.99587904
442.8571428571429,340.0,1611.4285714285716,20.965996855154998,13025023.85000802
442.8571428571429,340.0,1777.1428571428573,20.624355230942378,12769875.712685121
442.8571428571429,340.0,1942.857142857143,20.32093146591495,12548218.031653272
442.8571428571429,340.0,2108.5714285714284,20.05073359955595,12353097.58088565
442.8571428571429,340.0,2274.285714285714,19.80936496012107,12179574.557584144
442.8571428571429,340.0,2440.0,19.593013827546525,12023993.765339034
442.8571428571429,340.0,2605.714285714286,19.398404482175394,11883559.750275642
442.8571428571429,340.0,2771.4285714285716,19.22273427637718,11756076.953502292
442.8571428571429,340.0,2937.1428571428573,19.063609265748536,11639783.631310523
442.8571428571429,340.0,3102.857142857143,18.918984270882575,11533241.379893899
442.8571428571429,340.0,3268.571428571429,18.787109689436143,11435258.976250269
442.8571428571429,340.0,3434.2857142857147,18.66648556345763,11344838.197493425
442.8571428571429,340.0,3600.0,18.555822539135548,11261134.205247741
442.8571428571429,387.14285714285717,120.0,26.34883154915502,49010716.87790901
442.8571428571429,387.14285714285717,285.7142857142857,25.5362098187923,24976644.495915778
442.8571428571429,387.14285714285717,451.42857142857144,24.806561729698696,19504523.53649591
442.8571428571429,387.14285714285717,617.1428571428571,24.113716620645516,17181040.051028658
442.8571428571429,387.14285714285717,782.8571428571429,23.46619414162704,15907876.605643148
442.8571428571429,387.14285714285717,948.5714285714287,22.873400381016022,15094586.110448403
442.8571428571429,387.14285714285717,1114.2857142857142,22.338907778931844,14517973.846328674
442.8571428571429,387.14285714285717,1280.0,21.861422788078944,14078381.249173125
442.8571428571429,387.14285714285717,1445.7142857142858,21.43686292658512,13725861.352212133
442.8571428571429,387.14285714285717,1611.4285714285716,21.05994829508391,13432980.98931456
442.8571428571429,387.14285714285717,1777.1428571428573,20.725161901611795,13183455.11670132
442.8571428571429,387.14285714285717,1942.857142857143,20.427252894495773,12966943.333540313
442.8571428571429,387.14285714285717,2108.5714285714284,20.1614613555454,12776487.901008379
442.8571428571429,387.14285714285717,2274.285714285714,19.923588596986384,12607171.5241442
442.8571428571429,387.14285714285717,2440.0,19.709988294176988,12455374.10772511
442.8571428571429,387.14285714285717,2605.714285714286,19.51752119326942,12318339.818420002
442.8571428571429,387.14285714285717,2771.4285714285716,19.3434964480622,12193912.857651947
442.8571428571429,387.14285714285717,2937.1428571428573,19.18561137138003,12080369.135623014
442.8571428571429,387.14285714285717,3102.857142857143,19.04189516118283,11976304.767397784
442.8571428571429,387.14285714285717,3268.571428571429,18.910658832227156,11880559.566396665
442.8571428571429,387.14285714285717,3434.2857142857147,18.79045187350759,11792162.88470184
442.8571428571429,387.14285714285717,3600.0,18.680025326890952,11710294.205701
442.8571428571429,434.28571428571433,120.0,26.304666181380643,49596395.23690167
442.8571428571429,434.28571428571433,285.7142857142857,25.51329235071267,25390433.849648662
442.8571428571429,434.28571428571433,451.42857142857144,24.802100578753,19885179.11540535
442.8571428571429,434.28571428571433,617.1428571428571,24.127068159181114,17551884.84286404
442.8571428571429,434.28571428571433,782.8571428571429,23.496300095131073,16277536.340102421
442.8571428571429,434.28571428571433,948.5714285714287,22.918602349280643,15466991.4492191
442.8571428571429,434.28571428571433,1114.2857142857142,22.39724678657458,14894929.50520667
442.8571428571429,434.28571428571433,1280.0,21.930918107520032,14460593.964375053
442.8571428571429,434.28571428571433,1445.7142857142858,21.515677468401122,14113453.260506695
442.8571428571429,434.28571428571433,1611.4285714285716,21.146461587698074,13825769.81386066
442.8571428571429,434.28571428571433,1777.1428571428573,20.817986825066175,13581111.226033952
442.8571428571429,434.28571428571433,1942.857142857143,20.52522340617973,13369077.653462674
442.8571428571429,434.28571428571433,2108.5714285714284,20.263607803985725,13182700.168884322
442.8571428571429,434.28571428571433,2274.285714285714,20.02910963830541,13017075.711486466
442.8571428571429,434.28571428571433,2440.0,19.818223835660028,12868610.76762408
442.8571428571429,434.28571428571433,2605.714285714286,19.627928240422502,12734581.044687085
442.8571428571429,434.28571428571433,2771.4285714285716,19.455628408974718,12612863.170726879
442.8571428571429,434.28571428571433,2937.1428571428573,19.29910073638612,12501764.220552681
442.8571428571429,434.28571428571433,3102.857142857143,19.156439206483537,12399909.172871137
442.8571428571429,434.28571428571433,3268.571428571429,19.02600791319131,12306163.99402305
442.8571428571429,434.28571428571433,3434.2857142857147,18.906399879246617,12219581.41613729
442.8571428571429,434.28571428571433,3600.0,18.796401911272564,12139361.65072106
442.8571428571429,481.42857142857144,120.0,26.2672861245077,50155219.853874214
442.8571428571429,481.42857142857144,285.7142857142857,25.494981602883254,25794535.879892554
442.8571428571429,481.42857142857144,451.42857142857144,24.800276869286456,20257330.19555165
442.8571428571429,481.42857142857144,617.1428571428571,24.141119443672988,17914024.601679273
442.8571428571429,481.42857142857144,782.8571428571429,23.52528128616494,16637884.707261976
442.8571428571429,481.42857142857144,948.5714285714287,22.9610640898374,15829316.746360222
442.8571428571429,481.42857142857144,1114.2857142857142,22.45148606256691,15260990.604571171
442.8571428571429,481.42857142857144,1280.0,21.995213563439723,14831116.539379371
442.8571428571429,481.42857142857144,1445.7142857142858,21.5884296507864,14488612.290961439
442.8571428571429,481.42857142857144,1611.4285714285716,21.226255370785644,14205450.702407278
442.8571428571429,481.42857142857144,1777.1428571428573,20.903606275443035,13965055.684587816
442.8571428571429,481.42857142857144,1942.857142857143,20.615641956318395,13756965.545448968
442.8571428571429,481.42857142857144,2108.5714285714284,20.357967723459982,13574194.81113889
442.8571428571429,481.42857142857144,2274.285714285714,20.126698443722287,13411848.151439771
442.8571428571429,481.42857142857144,2440.0,19.918451422665235,13266351.977050157
442.8571428571429,481.42857142857144,2605.714285714286,19.73030636886954,13135007.231208507
442.8571428571429,481.42857142857144,2771.4285714285716,19.559753047329355,13015717.243156692
442.8571428571429,481.42857142857144,2937.1428571428573,19.404637224774568,12906815.179140987
442.8571428571429,481.42857142857144,3102.857142857143,19.263109961653022,12806950.452371083
442.8571428571429,481.42857142857144,3268.571428571429,19.13358232174553,12715011.349573117
442.8571428571429,481.42857142857144,3434.2857142857147,19.014686025441243,12630070.68370495
442.8571428571429,481.42857142857144,3600.0,18.905239818923558,12551346.561877174
442.8571428571429,528.5714285714286,120.0,26.2352374612106,50694044.452456035
442.8571428571429,528.5714285714286,285.7142857142857,25.48013763857936,26190437.315165475
442.8571428571429,528.5714285714286,451.42857142857144,24.800274677466028,20621924.333737135
442.8571428571429,528.5714285714286,617.1428571428571,24.15538658705202,18268343.731542144
442.8571428571429,528.5714285714286,782.8571428571429,23.552969457053397,16989878.821827266
442.8571428571429,528.5714285714286,948.5714285714287,23.000893393193987,16182645.713057624
442.8571428571429,528.5714285714286,1114.2857142857142,22.501958736771744,15617386.25817036
442.8571428571429,528.5714285714286,1280.0,22.054815896887515,15191324.200877191
442.8571428571429,528.5714285714286,1445.7142857142858,21.655752794492642,14852851.31240759
442.8571428571429,528.5714285714286,1611.4285714285716,21.300049533409663,14573661.61776497
442.8571428571429,528.5714285714286,1777.1428571428573,20.982794060140638,14337037.786999194
442.8571428571429,528.5714285714286,1942.857142857143,20.699310364304097,14132454.17497599
442.8571428571429,528.5714285714286,2108.5714285714284,20.445350806255547,13952904.430941423
442.8571428571429,528.5714285714286,2274.285714285714,20.217157180658212,13793495.763112616
442.8571428571429,528.5714285714286,2440.0,20.011454104738707,13650669.207124498
442.8571428571429,528.5714285714286,2605.714285714286,19.82541092347971,13521745.923244199
442.8571428571429,528.5714285714286,2771.4285714285716,19.656591767307788,13404651.379049048
442.8571428571429,528.5714285714286,2937.1428571428573,19.502903888917807,13297740.782326166
442.8571428571429,528.5714285714286,3102.857142857143,19.362549124854066,13199684.438116733
442.8571428571429,528.5714285714286,3268.571428571429,19.233980481650406,13109389.88172276
442.8571428571429,528.5714285714286,3434.2857142857147,19.115864368643365,13025947.357012076
442.8571428571429,528.5714285714286,3600.0,19.00704827553355,12948590.586847464
442.8571428571429,575.7142857142858,120.0,26.207458382049843,51217444.280092105
442.8571428571429,575.7142857142858,285.7142857142857,25.46796148831452,26579203.680473786
442.8571428571429,575.7142857142858,451.42857142857144,24.801550973505986,20979712.719622407
442.8571428571429,575.7142857142858,617.1428571428571,24.169584365370607,18615577.529910535
442.8571428571429,575.7142857142858,782.8571428571429,23.579323241917656,17334322.47491564
442.8571428571429,575.7142857142858,948.5714285714287,23.038262707976653,16527883.799635677
442.8571428571429,575.7142857142858,1114.2857142857142,22.549013265152997,15965134.30471323
442.8571428571429,575.7142857142858,1280.0,22.110211134802157,15542346.10883859
442.8571428571429,575.7142857142858,1445.7142857142858,21.718235492843576,15207403.722525323
442.8571428571429,575.7142857142858,1611.4285714285716,21.3685053263383,14931730.48045775
442.8571428571429,575.7142857142858,1777.1428571428573,21.056259529406656,14698469.553244295
442.8571428571429,575.7142857142858,1942.857142857143,20.77696644117868,14497029.552163031
442.8571428571429,575.7142857142858,2108.5714285714284,20.52650791189151,14320379.722235883
442.8571428571429,575.7142857142858,2274.285714285714,20.30123783781702,14163625.607352069
442.8571428571429,575.7142857142858,2440.0,20.097975900073596,14023218.581781032
442.8571428571429,575.7142857142858,2605.714285714286,19.913971094511737,13896495.959597295
442.8571428571429,575.7142857142858,2771.4285714285716,19.74685383967158,13781401.646629106
442.8571428571429,575.7142857142858,2937.1428571428573,19.594586370021652,13676309.601799728
442.8571428571429,575.7142857142858,3102.857142857143,19.455416073327683,13579908.13783897
442.8571428571429,575.7142857142858,3268.571428571429,19.327833706074752,13491121.53266388
442.8571428571429,575.7142857142858,3434.2857142857147,19.210537002658935,13409055.294836035
442.8571428571429,575.7142857142858,3600.0,19.102399496739448,13332956.895515734
442.8571428571429,622.8571428571429,120.0,26.18315422209053,51728569.89966247
442.8571428571429,622.8571428571429,285.7142857142857,25.457877026348793,26961634.920779902
442.8571428571429,622.8571428571429,451.42857142857144,24.803734000886607,21331310.94540259
442.8571428571429,622.8571428571429,617.1428571428571,24.183544319484383,18956348.81676178
442.8571428571429,622.8571428571429,782.8571428571429,23.604365820924777,17671899.537191026
442.8571428571429,622.8571428571429,948.5714285714287,23.073363649606296,16865796.92132039
442.8571428571429,622.8571428571429,1114.2857142857142,22.592980897802477,16305088.891856525
442.8571428571429,622.8571428571429,1280.0,22.16184095386661,15885122.874044083
442.8571428571429,622.8571428571429,1445.7142857142858,21.77640320539151,15553290.740319148
442.8571428571429,622.8571428571429,1611.4285714285716,21.432209139811718,15280751.500807585
442.8571428571429,622.8571428571429,1777.1428571428573,21.124631140107525,15050510.14318101
442.8571428571429,622.8571428571429,1942.857142857143,20.849265524727763,14851908.034990909
442.8571428571429,622.8571428571429,2108.5714285714284,20.602109246503197,14677887.121482085
442.8571428571429,622.8571428571429,2274.285714285714,20.37961611183465,14523547.838877743
442.8571428571429,622.8571428571429,2440.0,20.17869075558993,14385348.385270242
442.8571428571429,622.8571428571429,2605.714285714286,19.996653548339328,14260638.891034411
442.8571428571429,622.8571428571429,2771.4285714285716,19.831194473724402,14147378.655015146
442.8571428571429,622.8571428571429,2937.1428571428573,19.680325310265584,14043957.673613487
442.8571428571429,622.8571428571429,3102.857142857143,19.542334608386902,13949079.883708848
442.8571428571429,622.8571428571429,3268.571428571429,19.415747335518034,13861684.23060704
442.8571428571429,622.8571428571429,3434.2857142857147,19.299289696991295,13780889.690114038
442.8571428571429,622.8571428571429,3600.0,19.19185896727944,13705955.929146059
442.8571428571429,670.0,120.0,26.161717751663783,52229650.2088683
442.8571428571429,670.0,285.7142857142857,25.449458758505433,27338354.903005313
442.8571428571429,670.0,451.42857142857144,24.806563296319887,21677235.743920926
442.8571428571429,670.0,617.1428571428571,24.19716861583789,19291192.392977353
442.8571428571429,670.0,782.8571428571429,23.628152292354994,18003197.93478291
442.8571428571429,670.0,948.5714285714287,23.106386038883457,17197039.721105445
442.8571428571429,670.0,1114.2857142857142,22.634163822070125,16637974.938009588
442.8571428571429,670.0,1280.0,22.210097276533286,16220447.72160893
442.8571428571429,670.0,1445.7142857142858,21.83071691255999,15891369.068187224
442.8571428571429,670.0,1611.4285714285716,21.49167321713329,15621638.810879039
442.8571428571429,670.0,1777.1428571428573,21.188457640228204,15394124.810755251
442.8571428571429,670.0,1942.857142857143,20.916780918912192,15198099.94702659
442.8571428571429,670.0,2108.5714285714284,20.67274315382471,15026476.471203713
442.8571428571429,670.0,2274.285714285714,20.45288789808015,14874346.860668553
442.8571428571429,670.0,2440.0,20.25419628296673,14738173.220676744
442.8571428571429,670.0,2605.714285714286,20.074053105716576,14615315.72207362
442.8571428571429,670.0,2771.4285714285716,19.91020224975576,14503746.518278038
442.8571428571429,670.0,2937.1428571428573,19.760700437512202,14401869.376185112
442.8571428571429,670.0,3102.857142857143,19.62387365432312,14308401.861438582
442.8571428571429,670.0,3268.571428571429,19.49827805959365,14222295.845949847
442.8571428571429,670.0,3434.2857142857147,19.382665883916353,14142682.262080474
442.8571428571429,670.0,3600.0,19.275956159653653,14068831.6652282
442.8571428571429,717.1428571428572,120.0,26.142676583919656,52722300.24599869
442.8571428571429,717.1428571428572,285.7142857142857,25.442385952672574,27709865.547621563
442.8571428571429,717.1428571428572,451.42857142857144,24.809852849587976,22017928.695308443
442.8571428571429,717.1428571428572,617.1428571428571,24.210403052082192,19620572.37925766
442.8571428571429,717.1428571428572,782.8571428571429,23.65075218721148,18328727.53996128
442.8571428571429,717.1428571428572,948.5714285714287,23.13750864283508,17522176.782132067
442.8571428571429,717.1428571428572,1114.2857142857142,22.67283239862789,16964413.74064342
442.8571428571429,717.1428571428572,1280.0,22.255324221181255,16548996.72776875
442.8571428571429,717.1428571428572,1445.7142857142858,21.88157816999312,16222365.568131741
442.8571428571429,717.1428571428572,1611.4285714285716,21.547342462481073,15955165.19916555
442.8571428571429,717.1428571428572,1777.1428571428573,21.248215549742753,15730127.24977578
442.8571428571429,717.1428571428572,1942.857142857143,20.980011212482623,15536455.08601997
442.8571428571429,717.1428571428572,2108.5714285714284,20.73892264308928,15367029.273804462
442.8571428571429,717.1428571428572,2274.285714285714,20.52157456684523,15216931.948856898
442.8571428571429,717.1428571428572,2440.0,20.325017454176127,15082626.678103965
442.8571428571429,717.1428571428572,2605.714285714286,20.146694630012483,14961481.339011205
442.8571428571429,717.1428571428572,2771.4285714285716,19.984399051568673,14851478.800026286
442.8571428571429,717.1428571428572,2937.1428571428573,19.836228452938727,14751034.683449807
442.8571428571429,717.1428571428572,3102.857142857143,19.70054305635521,14658878.494470581
442.8571428571429,717.1428571428572,3268.571428571429,19.575927613482484,14573973.554990247
442.8571428571429,717.1428571428572,3434.2857142857147,19.461158265837387,14495461.47007681
442.8571428571429,717.1428571428572,3600.0,19.35517408230069,14422622.570645884
442.8571428571429,764.2857142857143,120.0,26.12565745761815,53207715.732532
442.8571428571429,764.2857142857143,285.7142857142857,25.436412538962642,28076581.04460594
442.8571428571429,764.2857142857143,451.42857142857144,24.81346770239079,22353772.37728412
442.8571428571429,764.2857142857143,617.1428571428571,24.223220768420283,19944895.05174019
442.8571428571429,764.2857142857143,782.8571428571429,23.672239996744693,18648933.885981794
442.8571428571429,764.2857142857143,948.5714285714287,23.16689561050224,17841698.88555881
442.8571428571429,764.2857142857143,1114.2857142857142,22.709226307193898,17284942.39967397
442.8571428571429,764.2857142857143,1280.0,22.297822730262997,16871351.51033808
442.8571428571429,764.2857142857143,1445.7142857142858,21.929336108365895,16546903.059711752
442.8571428571429,764.2857142857143,1611.4285714285716,21.59960287667487,16281990.73904862
442.8571428571429,764.2857142857143,1777.1428571428573,21.304318279283958,16059210.737512926
442.8571428571429,764.2857142857143,1942.857142857143,21.03938949356927,15867696.070266504
442.8571428571429,764.2857142857143,2108.5714285714284,20.80109425329398,15700293.951116893
442.8571428571429,764.2857142857143,2274.285714285714,20.586131145533777,15552074.166547505
442.8571428571429,764.2857142857143,2440.0,20.391613860643794,15419499.676048633
442.8571428571429,764.2857142857143,2605.714285714286,20.215039193179017,15299944.082750492
442.8571428571429,764.2857142857143,2771.4285714285716,20.054245023624155,15191399.149248078
442.8571428571429,764.2857142857143,2937.1428571428573,19.90736670534418,15092290.71955923
442.8571428571429,764.2857142857143,3102.857142857143,19.772795929591013,15001358.794339241
442.8571428571429,764.2857142857143,3268.571428571429,19.649143782699703,14917576.880671112
442.8571428571429,764.2857142857143,3434.2857142857147,19.53520847461764,14840096.15461953
442.8571428571429,764.2857142857143,3600.0,19.429947605219464,14768205.76590284
442.8571428571429,811.4285714285714,120.0,26.11036136714649,53686799.51897907
442.8571428571429,811.4285714285714,285.7142857142857,25.431346797469693,28438850.343624596
442.8571428571429,811.4285714285714,451.42857142857144,24.817308650041802,22685101.869895846
442.8571428571429,811.4285714285714,617.1428571428571,24.23561216758236,20264518.65011382
442.8571428571429,811.4285714285714,782.8571428571429,23.69269006447059,18964208.89230907
442.8571428571429,811.4285714285714,948.5714285714287,23.194695683192062,18156035.68119067
442.8571428571429,811.4285714285714,1114.2857142857142,22.743557227155488,17600028.803303458
442.8571428571429,811.4285714285714,1280.0,22.337855855797315,17188016.56710992
442.8571428571429,811.4285714285714,1445.7142857142858,21.974294539653673,16865519.881417748
442.8571428571429,811.4285714285714,1611.4285714285716,21.648789821315752,16602684.369398726
442.8571428571429,811.4285714285714,1777.1428571428573,21.35712501577832,16381971.507983282
442.8571428571429,811.4285714285714,1942.857142857143,21.09529243579106,16192443.282192448
442.8571428571429,811.4285714285714,2108.5714285714284,20.859647016876973,16026912.152915403
442.8571428571429,811.4285714285714,2274.285714285714,20.646954917170497,15880433.853895992
442.8571428571429,811.4285714285714,2440.0,20.454387767743437,15749468.972525131
442.8571428571429,811.4285714285714,2605.714285714286,20.279491457477413,15631395.142065607
442.8571428571429,811.4285714285714,2771.4285714285716,20.120145190073192,15524211.456301212
442.8571428571429,811.4285714285714,2937.1428571428573,19.9745189874025,15426352.57529085
442.8571428571429,811.4285714285714,3102.857142857143,19.84103359518922,15336567.749963734
442.8571428571429,811.4285714285714,3268.571428571429,19.71832445911421,15253839.579851823
442.8571428571429,811.4285714285714,3434.2857142857147,19.60521024039522,15177327.858488545
442.8571428571429,811.4285714285714,3600.0,19.500665744208018,15106329.724976745
442.8571428571429,858.5714285714287,120.0,26.09654586333815,54160245.80800846
442.8571428571429,858.5714285714287,285.7142857142857,25.427037313170167,28796972.462381538
442.8571428571429,858.5714285714287,451.42857142857144,24.821301988500217,23012213.25539016
442.8571428571429,858.5714285714287,617.1428571428571,24.24757854786143,20579761.052932937
442.8571428571429,858.5714285714287,782.8571428571429,23.712173905538204,19274899.383571163
442.8571428571429,858.5714285714287,948.5714285714287,23.221042721610022,18465565.701268546
442.8571428571429,858.5714285714287,1114.2857142857142,22.77601196069532,17910083.36069389
442.8571428571429,858.5714285714287,1280.0,22.37565385570311,17499432.73352654
442.8571428571429,858.5714285714287,1445.7142857142858,22.01671846180127,17178684.969772663
442.8571428571429,858.5714285714287,1611.4285714285716,21.695195452666262,16917740.44336536
442.8571428571429,858.5714285714287,1777.1428571428573,21.40694869602062,16698926.604835982
442.8571428571429,858.5714285714287,1942.857142857143,21.14804850390481,16511233.8639497
442.8571428571429,858.5714285714287,2108.5714285714284,20.9149206597131,16347438.746617919
442.8571428571429,858.5714285714287,2274.285714285714,20.70439343434629,16202581.47937682
442.8571428571429,858.5714285714287,2440.0,20.513691808188334,16073118.76187134
442.8571428571429,858.5714285714287,2605.714285714286,20.340406949969637,15956430.795484029
442.8571428571429,858.5714285714287,2771.4285714285716,20.182456240182294,15850522.65343277
442.8571428571429,858.5714285714287,2937.1428571428573,20.038041783646534,15753836.59306815
442.8571428571429,858.5714285714287,3102.857142857143,19.905611259269183,15665130.033659663
442.8571428571429,858.5714285714287,3268.571428571429,19.783822731942745,15583393.715897901
442.8571428571429,858.5714285714287,3434.2857142857147,19.671513885533948,15507795.219224319
442.8571428571429,858.5714285714287,3600.0,19.567675555969906,15437638.947627278
442.8571428571429,905.7142857142858,120.0,26.084012212587595,54628597.482139565
442.8571428571429,905.7142857142858,285.7142857142857,25.423363054396468,29151207.238116875
442.8571428571429,905.7142857142858,451.42857142857144,24.82539249207331,23335370.087512363
442.8571428571429,905.7142857142858,617.1428571428571,24.2591280155229,20890905.89563838
442.8571428571429,905.7142857142858,782.8571428571429,23.730758893540475,19581313.94302048
442.8571428571429,905.7142857142858,948.5714285714287,23.24605681141556,18770624.3704581
442.8571428571429,905.7142857142858,1114.2857142857142,22.806755507814188,18215468.306250583
442.8571428571429,905.7142857142858,1280.0,22.411418781925786,17805987.772753455
442.8571428571429,905.7142857142858,1445.7142857142858,22.05683974554282,17486809.652858302
442.8571428571429,905.7142857142858,1611.4285714285716,21.73907515461769,17227591.61094709
442.8571428571429,905.7142857142858,1777.1428571428573,21.4540628979564,17010527.72998068
442.8571428571429,905.7142857142858,1942.857142857143,21.19794507485611,16824536.41293722
442.8571428571429,905.7142857142858,2108.5714285714284,20.967212774136527,16662357.250232676
442.8571428571429,905.7142857142858,2274.285714285714,20.75875160819455,16519013.712587157
442.8571428571429,905.7142857142858,2440.0,20.56983588451849,16390957.301983517
442.8571428571429,905.7142857142858,2605.714285714286,20.398098702642788,16275569.518940816
442.8571428571429,905.7142857142858,2771.4285714285716,20.241492851028983,16170860.239113083
442.8571428571429,905.7142857142858,2937.1428571428573,20.098250236844162,16075278.253247771
442.8571428571429,905.7142857142858,3102.857142857143,19.966843596580713,15987588.202443184
442.8571428571429,905.7142857142858,3268.571428571429,19.8459520719433,15906788.134738373
442.8571428571429,905.7142857142858,3434.2857142857147,19.734431099930966,15832052.685360856
442.8571428571429,905.7142857142858,3600.0,19.631286500728777,15762692.88605981
442.8571428571429,952.8571428571429,120.0,26.072595919746355,55092285.88616462
442.8571428571429,952.8571428571429,285.7142857142857,25.420226230231734,29501783.09419761
442.8571428571429,952.8571428571429,451.42857142857144,24.829538511189256,23654808.43633527
442.8571428571429,952.8571428571429,617.1428571428571,24.27027282796411,21198207.51957103
442.8571428571429,952.8571428571429,782.8571428571429,23.748507720707376,19883728.486236174
442.8571428571429,952.8571428571429,948.5714285714287,23.269845572398154,19071510.481465716
442.8571428571429,952.8571428571429,1114.2857142857142,22.835933889248043,18516505.162723262
442.8571428571429,952.8571428571429,1280.0,22.445328477169284,18108024.811586108
442.8571428571429,952.8571428571429,1445.7142857142858,22.09486199591709,17790256.99356031
442.8571428571429,952.8571428571429,1611.4285714285716,21.780653001373693,17532618.98228478
442.8571428571429,952.8571428571429,1777.1428571428573,21.498707688480067,17317172.134247534
442.8571428571429,952.8571428571429,1942.857142857143,21.24523449830805,17132762.51045585
442.8571428571429,952.8571428571429,2108.5714285714284,21.01678495730496,16972091.91705964
442.8571428571429,952.8571428571429,2274.285714285714,20.810297820657087,16830165.991988197
442.8571428571429,952.8571428571429,2440.0,20.623093176306714,16703429.901158523
442.8571428571429,952.8571428571429,2605.714285714286,20.452843095432936,16589265.33628814
442.8571428571429,952.8571428571429,2771.4285714285716,20.297533322825362,16485685.944428373
442.8571428571429,952.8571428571429,2937.1428571428573,20.155423544292113,16391146.115324598
442.8571428571429,952.8571428571429,3102.857142857143,20.025009885909853,16304416.878783572
442.8571428571429,952.8571428571429,3268.571428571429,19.90499119140279,16224502.854878405
442.8571428571429,952.8571428571429,3434.2857142857147,19.794239516702486,16150585.089656476
442.8571428571429,952.8571428571429,3600.0,19.691774729059663,16081980.678944742
442.8571428571429,1000.0,120.0,26.06215962550273,55551658.91828339
442.8571428571429,1000.0,285.7142857142857,25.41754706087478,29848902.794090867
442.8571428571429,1000.0,451.42857142857144,24.833708491927887,23970740.90153495
442.8571428571429,1000.0,617.1428571428571,24.28102765210744,21501895.02412208
442.8571428571429,1000.0,782.8571428571429,23.765478292272288,20182390.83714241
442.8571428571429,1000.0,948.5714285714287,23.29250548415959,19368491.480274305
442.8571428571429,1000.0,1114.2857142857142,22.863676649679295,18813480.789082434
442.8571428571429,1000.0,1280.0,22.477539998674665,18405849.134377755
442.8571428571429,1000.0,1445.7142857142858,22.130964662742816,18089349.277340308
442.8571428571429,1000.0,1611.4285714285716,21.82012635462098,17833160.241926078
442.8571428571429,1000.0,1777.1428571428573,21.541094542809397,17619211.287363872
442.8571428571429,1000.0,1942.857142857143,21.290139206402056,17436275.87941509
442.8571428571429,1000.0,2108.5714285714284,21.0638680076524,17277017.31888363
442.8571428571429,1000.0,2274.285714285714,20.859269127230387,17136422.47814686
442.8571428571429,1000.0,2440.0,20.67370528765136,17010929.192814074
442.8571428571429,1000.0,2605.714285714286,20.50488490194751,16897918.37335465
442.8571428571429,1000.0,2771.4285714285716,20.350824488221548,16795406.53012101
442.8571428571429,1000.0,2937.1428571428573,20.20980970536181,16701852.82666991
442.8571428571429,1000.0,3102.857142857143,20.080358577796943,16616033.944148868
442.8571428571429,1000.0,3268.571428571429,19.961188419610266,16536960.422630485
442.8571428571429,1000.0,3434.2857142857147,19.85118688737694,16463819.146106638
442.8571428571429,1000.0,3600.0,19.7493870521502,16395932.773048736
478.57142857142856,10.0,120.0,27.64594461319081,36822778.37491293
478.57142857142856,10.0,285.7142857142857,26.841473254828287,19184009.122645732
478.57142857142856,10.0,451.42857142857144,26.01918148210997,14979897.167571107
478.57142857142856,10.0,617.1428571428571,25.180056483753585,13110521.802845374
478.57142857142856,10.0,782.8571428571429,24.370431413157494,11994480.074699005
478.57142857142856,10.0,948.5714285714287,23.6297475371225,11196347.822752228
478.57142857142856,10.0,1114.2857142857142,22.977548816252817,10564221.155870136
478.57142857142856,10.0,1280.0,22.417029706271617,10036748.144688617
478.57142857142856,10.0,1445.7142857142858,21.94194216678776,9585038.58092528
478.57142857142856,10.0,1611.4285714285716,21.541971832425315,9192882.941833941
478.57142857142856,10.0,1777.1428571428573,21.205923288298898,8849587.856831944
478.57142857142856,10.0,1942.857142857143,20.923294238332236,8547245.152882218
478.57142857142856,10.0,2108.5714285714284,20.684897366150576,8279613.226968919
478.57142857142856,10.0,2274.285714285714,20.482989169936186,8041602.27430975
478.57142857142856,10.0,2440.0,20.31117421168064,7828995.921891603
478.57142857142856,10.0,2605.714285714286,20.16422635136272,7638273.337579342
478.57142857142856,10.0,2771.4285714285716,20.03789540774945,7466480.367024666
478.57142857142856,10.0,2937.1428571428573,19.92872884860312,7311129.241551997
478.57142857142856,10.0,3102.857142857143,19.833918762818247,7170117.839693364
478.57142857142856,10.0,3268.571428571429,19.751175384855813,7041663.791183006
478.57142857142856,10.0,3434.2857142857147,19.6786247122405,6924250.433312513
478.57142857142856,10.0,3600.0,19.61472656080583,6816582.419731703
478.57142857142856,57.142857142857146,120.0,27.02069654118763,42884530.265016094
478.57142857142856,57.142857142857146,285.7142857142857,26.058363097769593,21567210.30104382
478.57142857142856,57.142857142857146,451.42857142857144,25.13449875218286,16558267.306753064
478.57142857142856,57.142857142857146,617.1428571428571,24.224428071043246,14359378.382547298
478.57142857142856,57.142857142857146,782.8571428571429,23.361086879426527,13087282.592913913
478.57142857142856,57.142857142857146,948.5714285714287,22.57317302937516,12217653.000948453
478.57142857142856,57.142857142857146,1114.2857142857142,21.873965829236226,11558774.360388141
478.57142857142856,57.142857142857146,1280.0,21.264303404214676,11028074.275429564
478.57142857142856,57.142857142857146,1445.7142857142858,20.73790168213318,10584841.451326229
478.57142857142856,57.142857142857146,1611.4285714285716,20.285400978180046,10206319.418522986
478.57142857142856,57.142857142857146,1777.1428571428573,19.896770249157775,9878282.407590995
478.57142857142856,57.142857142857146,1942.857142857143,19.562524505951238,9590998.026401993
478.57142857142856,57.142857142857146,2108.5714285714284,19.274233615044775,9337352.493883586
478.57142857142856,57.142857142857146,2274.285714285714,19.024653076066343,9111903.044860957
478.57142857142856,57.142857142857146,2440.0,18.807673118626337,8910354.836754093
478.57142857142856,57.142857142857146,2605.714285714286,18.61819312856857,8729246.399920475
478.57142857142856,57.142857142857146,2771.4285714285716,18.45197582393207,8565745.595556239
478.57142857142856,57.142857142857146,2937.1428571428573,18.305506680398125,8417508.85264512
478.57142857142856,57.142857142857146,3102.857142857143,18.175868982018542,8282579.407389956
478.57142857142856,57.142857142857146,3268.571428571429,18.060637359541612,8159311.178324029
478.57142857142856,57.142857142857146,3434.2857142857147,17.95778920540972,8046310.3936617365
478.57142857142856,57.142857142857146,3600.0,17.865631951943215,7942390.014878218
478.57142857142856,104.28571428571429,120.0,26.754859989704965,44990402.74445547
478.57142857142856,104.28571428571429,285.7142857142857,25.809396104098422,22442270.97886846
478.57142857142856,104.28571428571429,451.42857142857144,24.921573424274673,17217969.93478323
478.57142857142856,104.28571428571429,617.1428571428571,24.05758145295164,14951484.707978752
478.57142857142856,104.28571428571429,782.8571428571429,23.24192770556948,13663548.607922172
478.57142857142856,104.28571428571429,948.5714285714287,22.496604719058837,12801856.748292454
478.57142857142856,104.28571428571429,1114.2857142857142,21.831474588925232,12161936.548917143
478.57142857142856,104.28571428571429,1280.0,21.24659855237632,11654464.016775249
478.57142857142856,104.28571428571429,1445.7142857142858,20.736417067133104,11235130.802463481
478.57142857142856,104.28571428571429,1611.4285714285716,20.292922353248944,10879368.919995371
478.57142857142856,104.28571428571429,1777.1428571428573,19.907554098033586,10572144.96184098
478.57142857142856,104.28571428571429,1942.857142857143,19.57217397941598,10303464.769796947
478.57142857142856,104.28571428571429,2108.5714285714284,19.279486000037306,10066234.777719796
478.57142857142856,104.28571428571429,2274.285714285714,19.023156460966938,9855166.260000367
478.57142857142856,104.28571428571429,2440.0,18.797785708411023,9666171.517333137
478.57142857142856,104.28571428571429,2605.714285714286,18.598815900353358,9496007.030072229
478.57142857142856,104.28571428571429,2771.4285714285716,18.42241865817933,9342048.566258809
478.57142857142856,104.28571428571429,2937.1428571428573,18.265383904095778,9202141.27813285
478.57142857142856,104.28571428571429,3102.857142857143,18.12501912654463,9074495.010728853
478.57142857142856,104.28571428571429,3268.571428571429,17.999062145508542,8957608.392357342
478.57142857142856,104.28571428571429,3434.2857142857147,17.885607469605933,8850212.143995684
478.57142857142856,104.28571428571429,3600.0,17.783045034917777,8751225.750813795
478.57142857142856,151.42857142857144,120.0,26.593461978694005,46281127.83946099
478.57142857142856,151.42857142857144,285.7142857142857,25.680787859031167,23086105.669800986
478.57142857142856,151.42857142857144,451.42857142857144,24.832186310168805,17757642.49929313
478.57142857142856,151.42857142857144,617.1428571428571,24.011266919431037,15463261.118782224
478.57142857142856,151.42857142857144,782.8571428571429,23.237976042646963,14174078.101426153
478.57142857142856,151.42857142857144,948.5714285714287,22.53048995662611,13323179.260328295
478.57142857142856,151.42857142857144,1114.2857142857142,21.89676690415497,12699355.201509591
478.57142857142856,151.42857142857144,1280.0,21.336510673101312,12209707.043209378
478.57142857142856,151.42857142857144,1445.7142857142858,20.84468560217923,11808032.139136102
478.57142857142856,151.42857142857144,1611.4285714285716,20.4141804092939,11468826.045218246
478.57142857142856,151.42857142857144,1777.1428571428573,20.03740568506826,11176659.950826578
478.57142857142856,151.42857142857144,1942.857142857143,19.707122770426658,10921439.098196337
478.57142857142856,151.42857142857144,2108.5714285714284,19.416808095424035,10696121.034040354
478.57142857142856,151.42857142857144,2274.285714285714,19.16076334940257,10495538.851960206
478.57142857142856,151.42857142857144,2440.0,18.934098242066785,10315752.929145986
478.57142857142856,151.42857142857144,2605.714285714286,18.73265671173764,10153670.691583222
478.57142857142856,151.42857142857144,2771.4285714285716,18.552923985163808,10006810.21857435
478.57142857142856,151.42857142857144,2937.1428571428573,18.391933027645386,9873145.390745182
478.57142857142856,151.42857142857144,3102.857142857143,18.247178712674568,9750999.756700004
478.57142857142856,151.42857142857144,3268.571428571429,18.116542727000535,9638970.968945732
478.57142857142856,151.42857142857144,3434.2857142857147,17.998229597825492,9535875.272191552
478.57142857142856,151.42857142857144,3600.0,17.89071303251997,9440705.669789232
478.57142857142856,198.57142857142858,120.0,26.48243839404461,47253034.77068317
478.57142857142856,198.57142857142858,285.7142857142857,25.602286871307385,23645476.800977957
478.57142857142856,198.57142857142858,451.42857142857144,24.78801501479581,18250412.897095937
478.57142857142856,198.57142857142858,617.1428571428571,24.00307660021964,15939207.352868548
478.57142857142856,198.57142857142858,782.8571428571429,23.264616050745687,14650921.041460644
478.57142857142856,198.57142857142858,948.5714285714287,22.58833692003037,13808935.472291227
478.57142857142856,198.57142857142858,1114.2857142857142,21.980968522645252,13197521.151696498
478.57142857142856,198.57142857142858,1280.0,21.442006086565883,12721374.301103521
478.57142857142856,198.57142857142858,1445.7142857142858,20.966791045851963,12333014.018618919
478.57142857142856,198.57142857142858,1611.4285714285716,20.54884062215358,12006300.572612997
478.57142857142856,198.57142857142858,1777.1428571428573,20.18124772663735,11725534.77290592
478.57142857142856,198.57142857142858,1942.857142857143,19.857411649986403,11480552.00005663
478.57142857142856,198.57142857142858,2108.5714285714284,19.57136317350558,11264344.438193027
478.57142857142856,198.57142857142858,2274.285714285714,19.317866405211284,11071829.47394514
478.57142857142856,198.57142857142858,2440.0,19.092407544794575,10899170.969436442
478.57142857142856,198.57142857142858,2605.714285714286,18.89113255326509,10743382.73565251
478.57142857142856,198.57142857142858,2771.4285714285716,18.710766739415824,10602083.93594615
478.57142857142856,198.57142857142858,2937.1428571428573,18.548532843309044,10473340.56002968
478.57142857142856,198.57142857142858,3102.857142857143,18.4020752312454,10355558.08229157
478.57142857142856,198.57142857142858,3268.571428571429,18.269393099001896,10247405.977193754
478.57142857142856,198.57142857142858,3434.2857142857147,18.148783209065055,10147762.911144374
478.57142857142856,198.57142857142858,3600.0,18.03879158141734,10055675.86976596
478.57142857142856,245.71428571428572,120.0,26.400526367313567,48067187.791306525
478.57142857142856,245.71428571428572,285.7142857142857,25.54981935569267,24161437.07587191
478.57142857142856,245.71428571428572,451.42857142857144,24.764922010362763,18715590.94971472
478.57142857142856,245.71428571428572,617.1428571428571,24.01007173444705,16391254.758733574
478.57142857142856,245.71428571428572,782.8571428571429,23.300523938751486,15103558.585288972
478.57142857142856,245.71428571428572,948.5714285714287,22.650234760845628,14268413.192059647
478.57142857142856,245.71428571428572,1114.2857142857142,22.06506386495937,13666596.04818716
478.57142857142856,245.71428571428572,1280.0,21.544366835087217,13200947.415309973
478.57142857142856,245.71428571428572,1445.7142857142858,21.083767495760895,12822996.021321403
478.57142857142856,245.71428571428572,1611.4285714285716,20.677249216174634,12506103.256180137
478.57142857142856,245.71428571428572,1777.1428571428573,20.318412907656892,12234350.395744296
478.57142857142856,245.71428571428572,1942.857142857143,20.00113622881331,11997508.042242952
478.57142857142856,245.71428571428572,2108.5714285714284,19.719869299037818,11788585.553799983
478.57142857142856,245.71428571428572,2274.285714285714,19.46972947026015,11602557.605690157
478.57142857142856,245.71428571428572,2440.0,19.246493615209676,11435661.962038498
478.57142857142856,245.71428571428572,2605.714285714286,19.046543532029684,11284990.161300512
478.57142857142856,245.71428571428572,2771.4285714285716,18.866794267656502,11148236.3036841
478.57142857142856,245.71428571428572,2937.1428571428573,18.704620467069397,11023535.40701701
478.57142857142856,245.71428571428572,3102.857142857143,18.557787791249588,10909354.886205155
478.57142857142856,245.71428571428572,3268.571428571429,18.4243921704507,10804418.928890016
478.57142857142856,245.71428571428572,3434.2857142857147,18.302807486838702,10707654.072522065
478.57142857142856,245.71428571428572,3600.0,18.19164124969414,10618148.952521
478.57142857142856,292.8571428571429,120.0,26.337249670668943,48791623.70989819
478.57142857142856,292.8571428571429,285.7142857142857,25.51266843729286,24650145.41244202
478.57142857142856,292.8571428571429,451.42857142857144,24.753035309178596,19161029.743892334
478.57142857142856,292.8571428571429,617.1428571428571,24.02371745594111,16824790.927989777
478.57142857142856,292.8571428571429,782.8571428571429,23.338607743287067,15536855.509280639
478.57142857142856,292.8571428571429,948.5714285714287,22.710351553286877,14706821.583546259
478.57142857142856,292.8571428571429,1114.2857142857142,22.144154274951088,14112521.136677422
478.57142857142856,292.8571428571429,1280.0,21.639269477424193,13655236.802244583
478.57142857142856,292.8571428571429,1445.7142857142858,21.191540315322072,13285663.825686134
478.57142857142856,292.8571428571429,1611.4285714285716,20.795311159006832,12976737.51141289
478.57142857142856,292.8571428571429,1777.1428571428573,20.444577918032326,12712344.26685106
478.57142857142856,292.8571428571429,1942.857142857143,20.133592403297047,12482188.726404984
478.57142857142856,292.8571428571429,2108.5714285714284,19.85713496931287,12279283.576519467
478.57142857142856,292.8571428571429,2274.285714285714,19.61060324240312,12098641.750790358
478.57142857142856,292.8571428571429,2440.0,19.39000657072168,11936554.724024937
478.57142857142856,292.8571428571429,2605.714285714286,19.19191696232732,11790172.435532762
478.57142857142856,292.8571428571429,2771.4285714285716,19.013403847522373,11657246.366821067
478.57142857142856,292.8571428571429,2937.1428571428573,18.851966616285893,11535965.081157358
478.57142857142856,292.8571428571429,3102.857142857143,18.705471505386924,11424844.515440244
478.57142857142856,292.8571428571429,3268.571428571429,18.57209547607846,11322652.060806684
478.57142857142856,292.8571428571429,3434.2857142857147,18.4502777088924,11228352.312010115
478.57142857142856,292.8571428571429,3600.0,18.338678374521404,11141067.212473007
478.57142857142856,340.0,120.0,26.286735964849857,49459816.988333896
478.57142857142856,340.0,285.7142857142857,25.485291314155816,25119431.182354428
478.57142857142856,340.0,451.42857142857144,24.747615949548155,19590883.403324872
478.57142857142856,340.0,617.1428571428571,24.04029836710842,17243035.032036524
478.57142857142856,340.0,782.8571428571429,23.37619747511726,15953988.970796423
478.57142857142856,340.0,948.5714285714287,22.766932159174836,15127687.6077675
478.57142857142856,340.0,1114.2857142857142,22.217193736364784,14539339.462187545
478.57142857142856,340.0,1280.0,21.726156740279386,14088849.063578079
478.57142857142856,340.0,1445.7142857142858,21.289839839475587,13726173.204813614
478.57142857142856,340.0,1611.4285714285716,20.90287636293482,13423864.598197311
478.57142857142856,340.0,1777.1428571428573,20.559579618646843,13165628.361418923
478.57142857142856,340.0,1942.857142857143,20.254503563141558,12941100.555998331
478.57142857142856,340.0,2108.5714285714284,19.982696722940492,12743286.674073726
478.57142857142856,340.0,2274.285714285714,19.739785693422125,12567224.198168918
478.57142857142856,340.0,2440.0,19.52197094613606,12409243.985434089
478.57142857142856,340.0,2605.714285714286,19.325981899626107,12266540.727845753
478.57142857142856,340.0,2771.4285714285716,19.149016624570002,12136910.901349492
478.57142857142856,340.0,2937.1428571428573,18.988679197145853,12018585.679193975
478.57142857142856,340.0,3102.857142857143,18.842920883538472,11910120.023839055
478.57142857142856,340.0,3268.571428571429,18.709987679816077,11810316.363918908
478.57142857142856,340.0,3434.2857142857147,18.58837484657423,11718170.369300026
478.57142857142856,340.0,3600.0,18.47678816412694,11632831.339042736
478.57142857142856,387.14285714285717,120.0,26.24539831110522,50090024.16606123
478.57142857142856,387.14285714285717,285.7142857142857,25.46452130268418,25573683.284717277
478.57142857142856,387.14285714285717,451.42857142857144,24.746137701354154,20007753.864467584
478.57142857142856,387.14285714285717,617.1428571428571,24.058036267848742,17648217.560952466
478.57142857142856,387.14285714285717,782.8571428571429,23.412259879815004,16357273.298502589
478.57142857142856,387.14285714285717,948.5714285714287,22.81959705475951,15533606.895880818
478.57142857142856,387.14285714285717,1114.2857142857142,22.284321964988152,14950007.503440332
478.57142857142856,387.14285714285717,1280.0,21.80554531530704,14505118.172415322
478.57142857142856,387.14285714285717,1445.7142857142858,21.379429661206515,14148219.520043252
478.57142857142856,387.14285714285717,1611.4285714285716,21.00084566602323,13851509.94988739
478.57142857142856,387.14285714285717,1777.1428571428573,20.664368277691928,13598521.56297513
478.57142857142856,387.14285714285717,1942.857142857143,20.364801586610096,13378819.206446057
478.57142857142856,387.14285714285717,2108.5714285714284,20.097417168195378,13185393.179093255
478.57142857142856,387.14285714285717,2274.285714285714,19.858033007143156,13013295.370191682
478.57142857142856,387.14285714285717,2440.0,19.643010160353334,12858885.493714435
478.57142857142856,387.14285714285717,2605.714285714286,19.449211018127052,12719392.982352694
478.57142857142856,387.14285714285717,2771.4285714285716,19.273942924140762,12592650.212010292
478.57142857142856,387.14285714285717,2937.1428571428573,19.1148993901081,12476922.921810493
478.57142857142856,387.14285714285717,3102.857142857143,18.97010475464953,12370798.097353978
478.57142857142856,387.14285714285717,3268.571428571429,18.837864703805828,12273107.16731614
478.57142857142856,387.14285714285717,3434.2857142857147,18.716723294250574,12182871.700092418
478.57142857142856,387.14285714285717,3600.0,18.605426253121138,12099263.924859235
478.57142857142856,434.28571428571433,120.0,26.210905362666395,50692987.24278527
478.57142857142856,434.28571428571433,285.7142857142857,25.448415059993827,26015644.035119105
478.57142857142856,434.28571428571433,451.42857142857144,24.747150318004472,20413458.037418734
478.57142857142856,434.28571428571433,617.1428571428571,24.076030221263885,18042013.539525937
478.57142857142856,434.28571428571433,782.8571428571429,23.446433260942616,16748491.922987228
478.57142857142856,434.28571428571433,948.5714285714287,22.868459106666926,15926579.030571636
478.57142857142856,434.28571428571433,1114.2857142857142,22.346034929650518,15346782.093202094
478.57142857142856,434.28571428571433,1280.0,21.878218291456115,14906563.188207226
478.57142857142856,434.28571428571433,1445.7142857142858,21.461292060393617,14554570.169486342
478.57142857142856,434.28571428571433,1611.4285714285716,21.090325890714276,14262666.79371804
478.57142857142856,434.28571428571433,1777.1428571428573,20.760114837085737,14014217.64183911
478.57142857142856,434.28571428571433,1942.857142857143,20.465674203716564,13798714.050034663
478.57142857142856,434.28571428571433,2108.5714285714284,20.202464664155695,13609124.979060292
478.57142857142856,434.28571428571433,2274.285714285714,19.966467143920546,13440509.03686838
478.57142857142856,434.28571428571433,2440.0,19.754180013241452,13289246.835584858
478.57142857142856,434.28571428571433,2605.714285714286,19.56257987649109,13152594.973735016
478.57142857142856,434.28571428571433,2771.4285714285716,19.389068370478952,13028414.833964605
478.57142857142856,434.28571428571433,2937.1428571428573,19.23141654882853,12915000.609873338
478.57142857142856,434.28571428571433,3102.857142857143,19.087712414000357,12810965.976452803
478.57142857142856,434.28571428571433,3268.571428571429,18.956313917034166,12715166.751365159
478.57142857142856,434.28571428571433,3434.2857142857147,18.8358080611122,12626646.437307147
478.57142857142856,434.28571428571433,3600.0,18.72497591844092,12544596.79545386
478.57142857142856,481.42857142857144,120.0,26.181668419236097,51275412.503117934
478.57142857142856,481.42857142857144,285.7142857142857,25.435713581617872,26447174.60427746
478.57142857142856,481.42857142857144,451.42857142857144,24.749774208429045,20809357.490455315
478.57142857142856,481.42857142857144,617.1428571428571,24.093810805775536,18425741.71003143
478.57142857142856,481.42857142857144,782.8571428571429,23.478647186332235,17129066.49139551
478.57142857142856,481.42857142857144,948.5714285714287,22.913799977741924,16308191.050134903
478.57142857142856,481.42857142857144,1114.2857142857142,22.402901965263457,15731438.1330116
478.57142857142856,481.42857142857144,1280.0,21.944965430522593,15295147.253477938
478.57142857142856,481.42857142857144,1445.7142857142858,21.536375503823695,14947365.318232557
478.57142857142856,481.42857142857144,1611.4285714285716,21.172371509182764,14659635.867414113
478.57142857142856,481.42857142857144,1777.1428571428573,20.847936756445463,14415159.900478702
478.57142857142856,481.42857142857144,1942.857142857143,20.55826779493422,14203353.359866021
478.57142857142856,481.42857142857144,2108.5714285714284,20.298988130769192,14017159.08898878
478.57142857142856,481.42857142857144,2274.285714285714,20.066219507338488,13851636.46282643
478.57142857142856,481.42857142857144,2440.0,19.856579409675426,13703180.827883838
478.57142857142856,481.42857142857144,2605.714285714286,19.66714390046146,13569070.07094907
478.57142857142856,481.42857142857144,2771.4285714285716,19.49539705096062,13447189.219888628
478.57142857142856,481.42857142857144,2937.1428571428573,19.339177977573296,13335856.156989735
478.57142857142856,481.42857142857144,3102.857142857143,19.1966307937895,13233707.076238714
478.57142857142856,481.42857142857144,3268.571428571429,19.06615970883051,13139618.56944991
478.57142857142856,481.42857142857144,3434.2857142857147,18.946389900185817,13052652.957825081
478.57142857142856,481.42857142857144,3600.0,18.836133996351087,12972018.856954515
478.57142857142856,528.5714285714286,120.0,26.15656357620091,51841693.57542695
478.57142857142856,528.5714285714286,285.7142857142857,25.425565727864328,26869620.944936994
478.57142857142856,528.5714285714286,451.42857142857144,24.753452981196716,21196521.765015144
478.57142857142856,528.5714285714286,617.1428571428571,24.111133736697155,18800472.35710044
478.57142857142856,528.5714285714286,782.8571428571429,23.508959091222415,17500156.830843408
478.57142857142856,528.5714285714286,948.5714285714287,22.955944044481708,16679730.370847944
478.57142857142856,528.5714285714286,1114.2857142857142,22.45546761848616,16105403.45482176
478.57142857142856,528.5714285714286,1280.0,22.006502815606304,15672437.224130971
478.57142857142856,528.5714285714286,1445.7142857142858,21.60552288968065,15328301.94364657
478.57142857142856,528.5714285714286,1611.4285714285716,21.247913866502607,15044232.01361792
478.57142857142856,528.5714285714286,1777.1428571428573,20.928822291162167,14803267.864737367
478.57142857142856,528.5714285714286,1942.857142857143,20.643602331637428,14594748.54777872
478.57142857142856,528.5714285714286,2108.5714285714284,20.388019534310523,14411587.027054152
478.57142857142856,528.5714285714286,2274.285714285714,20.158318869091115,14248838.753953004
478.57142857142856,528.5714285714286,2440.0,19.951222395851968,14102908.939292956
478.57142857142856,528.5714285714286,2605.714285714286,19.763893786559876,13971092.101253727
478.57142857142856,528.5714285714286,2771.4285714285716,19.593889973326068,13851292.652986074
478.57142857142856,528.5714285714286,2937.1428571428573,19.439110439415625,13741848.368426187
478.57142857142856,528.5714285714286,3102.857142857143,19.297749240535886,13641414.629007734
478.57142857142856,528.5714285714286,3268.571428571429,19.16825190655848,13548885.905524159
478.57142857142856,528.5714285714286,3434.2857142857147,19.049277839653204,13463340.836007714
478.57142857142856,528.5714285714286,3600.0,18.939668065645062,13384002.735501627
478.57142857142856,575.7142857142858,120.0,26.134771182371274,52394827.99684514
478.57142857142856,575.7142857142858,285.7142857142857,25.417375946592067,27284005.242929492
478.57142857142856,575.7142857142858,451.42857142857144,24.75782295973577,21575818.86206175
478.57142857142856,575.7142857142858,617.1428571428571,24.12787718661107,19167092.82183383
478.57142857142856,575.7142857142858,782.8571428571429,23.537479918733442,17862725.77863529
478.57142857142856,575.7142857142858,948.5714285714287,22.9952086808074,17042259.444447964
478.57142857142856,575.7142857142858,1114.2857142857142,22.504220847727016,16469847.69251021
478.57142857142856,575.7142857142858,1280.0,22.063454857444174,16039707.940987421
478.57142857142856,575.7142857142858,1445.7142857142858,21.669460797736843,15698753.03884523
478.57142857142856,575.7142857142858,1611.4285714285716,21.31775303794022,15417917.072872886
478.57142857142856,575.7142857142858,1777.1428571428573,21.003621306164458,15180082.339496654
478.57142857142856,575.7142857142858,1942.857142857143,20.72255839145903,14974509.83015441
478.57142857142856,575.7142857142858,2108.5714285714284,20.47045510077366,14794079.637815123
478.57142857142856,575.7142857142858,2274.285714285714,20.24366537833959,14633839.536882436
478.57142857142856,575.7142857142858,2440.0,20.03900402982147,14490200.689322917
478.57142857142856,575.7142857142858,2605.714285714286,19.85371265439754,14360470.489838878
478.57142857142856,575.7142857142858,2771.4285714285716,19.685413186210138,14242569.29137042
478.57142857142856,575.7142857142858,2937.1428571428573,19.532059127348607,14134851.679625124
478.57142857142856,575.7142857142858,3102.857142857143,19.391889361366307,14035989.513966545
478.57142857142856,575.7142857142858,3268.571428571429,19.263386623122376,13944892.7836321
478.57142857142856,575.7142857142858,3434.2857142857147,19.145241228363044,13860654.398928167
478.57142857142856,575.7142857142858,3600.0,19.036319935718097,13782510.609166615
478.57142857142856,622.8571428571429,120.0,26.115678178287673,52936933.4573796
478.57142857142856,622.8571428571429,285.7142857142857,25.410715512085297,27691133.788050316
478.57142857142856,622.8571428571429,451.42857142857144,24.7626402264248,21947970.011328697
478.57142857142856,622.8571428571429,617.1428571428571,24.143987800607256,19526350.646568824
478.57142857142856,622.8571428571429,782.8571428571429,23.564339130252996,18217583.826868553
478.57142857142856,622.8571428571429,948.5714285714287,23.03188583576997,17396667.536446918
478.57142857142856,622.8571428571429,1114.2857142857142,22.54958954366737,16825743.467387747
478.57142857142856,622.8571428571429,1280.0,22.116357921233533,16398013.325969623
478.57142857142856,622.8571428571429,1445.7142857142858,21.728808724920246,16059848.208278839
478.57142857142856,622.8571428571429,1611.4285714285716,21.38256973999897,15781889.144618506
478.57142857142856,622.8571428571429,1777.1428571428573,21.073057530550948,15546862.35410536
478.57142857142856,622.8571428571429,1942.857142857143,20.795887973139386,15343949.8755613
478.57142857142856,622.8571428571429,2108.5714285714284,20.54706337038954,15165996.52893512
478.57142857142856,622.8571428571429,2274.285714285714,20.323034908604537,15008039.36909445
478.57142857142856,622.8571428571429,2440.0,20.120700365941993,14866492.319648126
478.57142857142856,622.8571428571429,2605.714285714286,19.93737123856397,14738672.578967346
478.57142857142856,622.8571428571429,2771.4285714285716,19.770727918381187,14622513.610674411
478.57142857142856,622.8571428571429,2937.1428571428573,19.61877261785845,14516384.27592586
478.57142857142856,622.8571428571429,3102.857142857143,19.47978475271106,14418970.674757093
478.57142857142856,622.8571428571429,3268.571428571429,19.352280789899854,14329196.360966396
478.57142857142856,622.8571428571429,3434.2857142857147,19.234979151074384,14246166.82091968
478.57142857142856,622.8571428571429,3600.0,19.12677005651765,14169129.770598875
478.57142857142856,670.0,120.0,26.098816128811407,53469552.58025729
478.57142857142856,670.0,285.7142857142857,25.40526833615407,28091661.6566777
478.57142857142856,670.0,451.42857142857144,24.767737845063067,22313585.208110012
478.57142857142856,670.0,617.1428571428571,24.159451072236234,19878883.64402498
478.57142857142856,670.0,782.8571428571429,23.589668097859214,18565421.159121137
478.57142857142856,670.0,948.5714285714287,23.06623680425289,17743707.901390713
478.57142857142856,670.0,1114.2857142857142,22.591944307925974,17173909.937582232
478.57142857142856,670.0,1280.0,22.165670618832102,16748236.512126558
478.57142857142856,670.0,1445.7142857142858,21.78409361383316,16412530.052436769
478.57142857142856,670.0,1611.4285714285716,21.44294217564152,16137144.657401508
478.57142857142856,670.0,1777.1428571428573,21.137746181337935,15904652.268886903
478.57142857142856,670.0,1942.857142857143,20.8642317098155,15704155.304756148
478.57142857142856,670.0,2108.5714285714284,20.618501107626944,15528461.369820938
478.57142857142856,670.0,2274.285714285714,20.39709301196957,15372594.305692047
478.57142857142856,670.0,2440.0,20.19697999044324,15232968.165965438
478.57142857142856,670.0,2605.714285714286,20.01553668961167,15106907.40579107
478.57142857142856,670.0,2771.4285714285716,19.850496441432863,14992356.24628919
478.57142857142856,670.0,2937.1428571428573,19.699905676395602,14887695.708085213
478.57142857142856,670.0,3102.857142857143,19.56208069303133,14791624.260465799
478.57142857142856,670.0,3268.571428571429,19.435568728115623,14703077.383485772
478.57142857142856,670.0,3434.2857142857147,19.319113904148416,14621171.714172402
478.57142857142856,670.0,3600.0,19.211627948880718,14545165.199351002
478.57142857142856,717.1428571428572,120.0,26.083820494550462,53993840.12565906
478.57142857142856,717.1428571428572,285.7142857142857,25.400796584353778,28486133.61014106
478.57142857142856,717.1428571428572,451.42857142857144,24.772999770932138,22673187.562874664
478.57142857142856,717.1428571428572,617.1428571428571,24.174274541117228,20225241.727662344
478.57142857142856,717.1428571428572,782.8571428571429,23.613592414942257,18906831.34275643
478.57142857142856,717.1428571428572,948.5714285714287,23.098492520786454,18084025.196139093
478.57142857142856,717.1428571428572,1114.2857142857142,22.631605134267783,17515044.630245548
478.57142857142856,717.1428571428572,1280.0,22.21178520545673,17091126.168768886
478.57142857142856,717.1428571428572,1445.7142857142858,21.83576443651123,16757594.736336138
478.57142857142856,717.1428571428572,1611.4285714285716,21.499362510994583,16484522.78488525
478.57142857142856,717.1428571428572,1777.1428571428573,21.19821128920965,16254329.597328244
478.57142857142856,717.1428571428572,1942.857142857143,20.92813622974903,16056037.485719215
478.57142857142856,717.1428571428572,2108.5714285714284,20.685330078630265,15882415.259817477
478.57142857142856,717.1428571428572,2274.285714285714,20.4664106546961,15728471.484679084
478.57142857142856,717.1428571428572,2440.0,20.26841838352296,15590618.149497742
478.57142857142856,717.1428571428572,2605.714285714286,20.088785329857743,15466184.831930494
478.57142857142856,717.1428571428572,2771.4285714285716,19.9252930626768,15353124.531291531
478.57142857142856,717.1428571428572,2937.1428571428573,19.77602838880135,15249828.642447773
478.57142857142856,717.1428571428572,3102.857142857143,19.639341358092345,15155006.420876242
478.57142857142856,717.1428571428572,3268.571428571429,19.51380742613535,15067603.883763513
478.57142857142856,717.1428571428572,3434.2857142857147,19.398194337413553,14986747.607607488
478.57142857142856,717.1428571428572,3600.0,19.29143363138535,14911704.717888929
478.57142857142856,764.2857142857143,120.0,26.070403049528885,54510681.9416339
478.57142857142856,764.2857142857143,285.7142857142857,25.39711813379118,28875011.1599206
478.57142857142856,764.2857142857143,451.42857142857144,24.77834440285591,23027230.715776246
478.57142857142856,764.2857142857143,617.1428571428571,24.188478022953912,20565903.251628116
478.57142857142856,764.2857142857143,782.8571428571429,23.636228636933325,19242329.263161637
478.57142857142856,764.2857142857143,948.5714285714287,23.128856015435574,18418176.136499126
478.57142857142856,764.2857142857143,1114.2857142857142,22.66884847735691,17849747.227575384
478.57142857142856,764.2857142857143,1280.0,22.255038110456287,17427323.431708116
478.57142857142856,764.2857142857143,1445.7142857142858,21.884205133713447,17095721.87482201
478.57142857142856,764.2857142857143,1611.4285714285716,21.55225132769389,16824738.005717
478.57142857142856,764.2857142857143,1777.1428571428573,21.254900937437775,16596639.93317348
478.57142857142856,764.2857142857143,1942.857142857143,20.988069611033623,16400369.528150646
478.57142857142856,764.2857142857143,2108.5714285714284,20.748032284098095,16228655.514233857
478.57142857142856,764.2857142857143,2274.285714285714,20.53147889980726,16076489.45888614
478.57142857142856,764.2857142857143,2440.0,20.335511810301114,15940279.440303456
478.57142857142856,764.2857142857143,2605.714285714286,20.15761557972959,15817358.352956198
478.57142857142856,764.2857142857143,2771.4285714285716,19.995615966883182,15705686.293233348
478.57142857142856,764.2857142857143,2937.1428571428573,19.847636839138342,15603663.509243678
478.57142857142856,764.2857142857143,3102.857142857143,19.712059286592783,15510008.690347608
478.57142857142856,764.2857142857143,3268.571428571429,19.587484768068922,15423677.20147867
478.57142857142856,764.2857142857143,3434.2857142857147,19.472702838532722,15343804.51940906
478.57142857142856,764.2857142857143,3600.0,19.366663366372244,15269666.043778287
478.57142857142856,811.4285714285714,120.0,26.05833271417284,55020772.80748763
478.57142857142856,811.4285714285714,285.7142857142857,25.39409137340197,29258691.196582325
478.57142857142856,811.4285714285714,451.42857142857144,24.78371391740591,23376111.720992584
478.57142857142856,811.4285714285714,617.1428571428571,24.202087828809027,20901287.533492375
478.57142857142856,811.4285714285714,782.8571428571429,23.65768323982781,19572364.957484618
478.57142857142856,811.4285714285714,948.5714285714287,23.15750554051792,18746645.347082615
478.57142857142856,811.4285714285714,1114.2857142857142,22.703913768750965,18178537.676417675
478.57142857142856,811.4285714285714,1280.0,22.2957190316181,17757382.261958573
478.57142857142856,811.4285714285714,1445.7142857142858,21.929745544204934,17427496.996974897
478.57142857142856,811.4285714285714,1611.4285714285716,21.601969753132778,17158404.47130899
478.57142857142856,811.4285714285714,1777.1428571428573,21.308200076140697,16932223.00289636
478.57142857142856,811.4285714285714,1942.857142857143,21.044434471066282,16737813.808376046
478.57142857142856,811.4285714285714,2108.5714285714284,20.807023008011527,16567864.46672664
478.57142857142856,811.4285714285714,2274.285714285714,20.592721675532804,16417348.102293672
478.57142857142856,811.4285714285714,2440.0,20.398689630725183,16282667.315904316
478.57142857142856,811.4285714285714,2605.714285714286,20.22245967920341,16161156.778274637
478.57142857142856,811.4285714285714,2771.4285714285716,20.061898257000497,16050782.242744964
478.57142857142856,811.4285714285714,2937.1428571428573,19.915163406562936,15949951.503577923
478.57142857142856,811.4285714285714,3102.857142857143,19.780664892420337,15857391.518837148
478.57142857142856,811.4285714285714,3268.571428571429,19.65702823769947,15772065.974062925
478.57142857142856,811.4285714285714,3434.2857142857147,19.543063217829076,15693118.347038206
478.57142857142856,811.4285714285714,3600.0,19.437736724621278,15619831.527413014
478.57142857142856,858.5714285714287,120.0,26.04742193377211,55524668.71515406
478.57142857142856,858.5714285714287,285.7142857142857,25.391604701949547,29637519.255346186
478.57142857142856,858.5714285714287,451.42857142857144,24.789067182888175,23720180.84191397
478.57142857142856,858.5714285714287,617.1428571428571,24.215133310374128,21231764.634857085
478.57142857142856,858.5714285714287,782.8571428571429,23.678052674619458,19897334.45494266
478.57142857142856,858.5714285714287,948.5714285714287,23.184597717015073,19069857.713515967
478.57142857142856,858.5714285714287,1114.2857142857142,22.7370090936314,18501870.201381348
478.57142857142856,858.5714285714287,1280.0,22.33407855877441,18081785.09934227
478.57142857142856,858.5714285714287,1445.7142857142858,21.972670439782693,17753428.730960183
478.57142857142856,858.5714285714287,1611.4285714285716,21.64882944877967,17486054.57354714
478.57142857142856,858.5714285714287,1777.1428571428573,21.358441088681456,17261632.457643796
478.57142857142856,858.5714285714287,1942.857142857143,21.09757881262907,17068942.832174387
478.57142857142856,858.5714285714287,2108.5714285714284,20.862661711157898,16900631.262345348
478.57142857142856,858.5714285714287,2274.285714285714,20.650506538685832,16751651.208085382
478.57142857142856,858.5714285714287,2440.0,20.458324799225007,16618398.454870611
478.57142857142856,858.5714285714287,2605.714285714286,20.283693825031616,16498208.125539517
478.57142857142856,858.5714285714287,2771.4285714285716,20.124517657571015,16389050.387343198
478.57142857142856,858.5714285714287,2937.1428571428573,19.978985984782298,16289339.448841741
478.57142857142856,858.5714285714287,3102.857142857143,19.845535166412535,16197809.525166657
478.57142857142856,858.5714285714287,3268.571428571429,19.722813081419442,16113431.72866704
478.57142857142856,858.5714285714287,3434.2857142857147,19.609648320906704,16035356.75405729
478.57142857142856,858.5714285714287,3600.0,19.505023643489025,15962874.296062188
478.57142857142856,905.7142857142858,120.0,26.037516804976306,56022822.803463265
478.57142857142856,905.7142857142858,285.7142857142857,25.38956911483294,30011799.24449633
478.57142857142856,905.7142857142858,451.42857142857144,24.794374951682627,24059749.16402168
478.57142857142856,905.7142857142858,617.1428571428571,24.227644791779646,21557663.120511796
478.57142857142856,905.7142857142858,782.8571428571429,23.697423938168516,20217588.38714789
478.57142857142856,905.7142857142858,948.5714285714287,23.21027043478105,19388188.140545297
478.57142857142856,905.7142857142858,1114.2857142857142,22.768316007967652,18820144.303460967
478.57142857142856,905.7142857142858,1280.0,22.370334480338762,18400955.078725785
478.57142857142856,905.7142857142858,1445.7142857142858,22.013226928297446,18073962.15404965
478.57142857142856,905.7142857142858,1611.4285714285716,21.69310077258754,17808153.318104308
478.57142857142856,905.7142857142858,1777.1428571428573,21.405912436274342,17585351.152773544
478.57142857142856,905.7142857142858,1942.857142857143,21.147804929137735,17394255.30772646
478.57142857142856,905.7142857142858,2108.5714285714284,20.915261023524607,17227468.62050423
478.57142857142856,905.7142857142858,2274.285714285714,20.70515362054278,17079923.849603266
478.57142857142856,905.7142857142858,2440.0,20.51474266262326,16948008.815228295
478.57142857142856,905.7142857142858,2605.714285714286,20.341646744845875,16829057.94677416
478.57142857142856,905.7142857142858,2771.4285714285716,20.18380480935117,16721044.745236985
478.57142857142856,905.7142857142858,2937.1428571428573,20.039435957268527,16622388.84668203
478.57142857142856,905.7142857142858,3102.857142857143,19.907001304478012,16531830.838992065
478.57142857142856,905.7142857142858,3268.571428571429,19.78516957103452,16448348.47826746
478.57142857142856,905.7142857142858,3434.2857142857147,19.672786915196394,16371098.987878693
478.57142857142856,905.7142857142858,3600.0,19.56885093183492,16299378.265328204
478.57142857142856,952.8571428571429,120.0,26.028489792633874,56515610.5753308
478.57142857142856,952.8571428571429,285.7142857142857,25.387912871187076,30381800.76402115
478.57142857142856,952.8571428571429,451.42857142857144,24.7996165380803,24395094.620372802
478.57142857142856,952.8571428571429,617.1428571428571,24.23965234234899,21879276.29578867
478.57142857142856,952.8571428571429,782.8571428571429,23.71587535894359,20533438.90860738
478.57142857142856,952.8571428571429,948.5714285714287,23.234645417942378,19701969.354154687
478.57142857142856,952.8571428571429,1114.2857142857142,22.797993575835257,19133713.502294954
478.57142857142856,952.8571428571429,1280.0,22.404676973952885,18715265.690284576
478.57142857142856,952.8571428571429,1445.7142857142858,22.051630504556663,18389489.306039684
478.57142857142856,952.8571428571429,1611.4285714285716,21.7350194380451,18125109.607576482
478.57142857142856,952.8571428571429,1777.1428571428573,21.45086571713004,17903803.112955347
478.57142857142856,952.8571428571429,1942.857142857143,21.195376696833332,17714188.708332222
478.57142857142856,952.8571428571429,2108.5714285714284,20.96509413800978,17548825.918064333
478.57142857142856,952.8571428571429,2274.285714285714,20.756943020081184,17402625.915002264
478.57142857142856,952.8571428571429,2440.0,20.568228274865415,17271967.560450442
478.57142857142856,952.8571428571429,2605.714285714286,20.396606874473125,17154183.59348469
478.57142857142856,952.8571428571429,2771.4285714285716,20.240050265423985,17047249.9045614
478.57142857142856,952.8571428571429,2937.1428571428573,20.096804980239753,16949590.6916879
478.57142857142856,952.8571428571429,3102.857142857143,19.965355254778785,16859952.137752946
478.57142857142856,952.8571428571429,3268.571428571429,19.84438929967908,16777317.95238658
478.57142857142856,952.8571428571429,3434.2857142857147,19.73276972471244,16700851.279771285
478.57142857142856,952.8571428571429,3600.0,19.62950803802907,16629853.687364861
478.57142857142856,1000.0,120.0,26.02023427270251,57003347.930978805
478.57142857142856,1000.0,285.7142857142857,25.386577592200364,30747764.734542035
478.57142857142856,1000.0,451.42857142857144,24.8047774854889,24726466.83398232
478.57142857142856,1000.0,617.1428571428571,24.251185065894973,22196867.278099716
478.57142857142856,1000.0,782.8571428571429,23.73347744170335,20845165.31776139
478.57142857142856,1000.0,948.5714285714287,23.25783044681342,20011498.20729922
478.57142857142856,1000.0,1114.2857142857142,22.82618173552618,19442892.36390788
478.57142857142856,1000.0,1280.0,22.43727287585051,19025048.509210754
478.57142857142856,1000.0,1445.7142857142858,22.08807000105418,18700357.5703289
478.57142857142856,1000.0,1611.4285714285716,21.774791954944483,18437285.21011279
478.57142857142856,1000.0,1777.1428571428573,21.49352143884659,18217363.02164105
478.57142857142856,1000.0,1942.857142857143,21.240525551084453,18029129.218728412
478.57142857142856,1000.0,2108.5714285714284,21.012400889586623,17865099.533913832
478.57142857142856,1000.0,2274.285714285714,20.806120907191133,17720162.79790402
478.57142857142856,1000.0,2440.0,20.619032463554436,17590688.050449956
478.57142857142856,1000.0,2605.714285714286,20.448828341563388,17474005.46830676
478.57142857142856,1000.0,2771.4285714285716,20.293510357185784,17368092.50143708
478.57142857142856,1000.0,2937.1428571428573,20.1513507053284,17271377.146404866
478.57142857142856,1000.0,3102.857142857143,20.020855278504254,17182610.493325304
478.57142857142856,1000.0,3268.571428571429,19.900730567667956,17100781.59362404
478.57142857142856,1000.0,3434.2857142857147,19.789854632274448,17025058.97254717
478.57142857142856,1000.0,3600.0,19.687252063189703,16954749.393584114
514.2857142857142,10.0,120.0,27.28643960321639,40461818.85425364
514.2857142857142,10.0,285.7142857142857,26.450433219202708,20322653.360586546
514.2857142857142,10.0,451.42857142857144,25.592620720370146,15632221.358554127
514.2857142857142,10.0,617.1428571428571,24.716884127735934,13571078.224546747
514.2857142857142,10.0,782.8571428571429,23.87250852657757,12357566.18065217
514.2857142857142,10.0,948.5714285714287,23.100199799479945,11503466.141118273
514.2857142857142,10.0,1114.2857142857142,22.419899155096733,10836692.55397347
514.2857142857142,10.0,1280.0,21.83479180607739,10286484.867714653
514.2857142857142,10.0,1445.7142857142858,21.338421331928703,9819071.94940047
514.2857142857142,10.0,1611.4285714285716,20.920166835785096,9415549.17956319
514.2857142857142,10.0,1777.1428571428573,20.56848738334764,9063669.572811395
514.2857142857142,10.0,1942.857142857143,20.272533567983274,8754597.207063079
514.2857142857142,10.0,2108.5714285714284,20.022791733023162,8481518.27914818
514.2857142857142,10.0,2274.285714285714,19.811224289342867,8238978.907455384
514.2857142857142,10.0,2440.0,19.631178116096912,8022523.887958201
514.2857142857142,10.0,2605.714285714286,19.477205480868513,7828470.968422789
514.2857142857142,10.0,2771.4285714285716,19.344867984633737,7653753.688215896
514.2857142857142,10.0,2937.1428571428573,19.230554478277192,7495803.944384899
514.2857142857142,10.0,3102.857142857143,19.131324003834767,7352460.625083881
514.2857142857142,10.0,3268.571428571429,19.04477546436606,7221896.972244275
514.2857142857142,10.0,3434.2857142857147,18.96894176773427,7102562.165468222
514.2857142857142,10.0,3600.0,18.90220486005357,6993134.032286346
514.2857142857142,57.142857142857146,120.0,26.768828331725988,44689561.77427988
514.2857142857142,57.142857142857146,285.7142857142857,25.84152414889069,22108158.348823912
514.2857142857142,57.142857142857146,451.42857142857144,24.932733596569303,16904484.7797852
514.2857142857142,57.142857142857146,617.1428571428571,24.030122176032553,14641969.92129429
514.2857142857142,57.142857142857146,782.8571428571429,23.17022660354704,13343774.660589894
514.2857142857142,57.142857142857146,948.5714285714287,22.38301021084388,12462627.408230854
514.2857142857142,57.142857142857146,1114.2857142857142,21.682494573093585,11798600.259386122
514.2857142857142,57.142857142857146,1280.0,21.070117570162495,11265616.667748498
514.2857142857142,57.142857142857146,1445.7142857142858,20.540092800641965,10821355.881395474
514.2857142857142,57.142857142857146,1611.4285714285716,20.083449522713437,10442306.421218386
514.2857142857142,57.142857142857146,1777.1428571428573,19.69044167213715,10113893.100438911
514.2857142857142,57.142857142857146,1942.857142857143,19.351781497829,9826230.172506727
514.2857142857142,57.142857142857146,2108.5714285714284,19.059168172746748,9572144.963744331
514.2857142857142,57.142857142857146,2274.285714285714,18.80543689371356,9346180.191201102
514.2857142857142,57.142857142857146,2440.0,18.584522853279676,9144046.112136416
514.2857142857142,57.142857142857146,2605.714285714286,18.391346890590427,8962293.865011161
514.2857142857142,57.142857142857146,2771.4285714285716,18.221677761384985,8798105.672243442
514.2857142857142,57.142857142857146,2937.1428571428573,18.071997223662837,8649151.506975604
514.2857142857142,57.142857142857146,3102.857142857143,17.939378957199796,8513486.338234002
514.2857142857142,57.142857142857146,3268.571428571429,17.82138469556896,8389473.768701913
514.2857142857142,57.142857142857146,3434.2857142857147,17.71597734712082,8275727.7665961245
514.2857142857142,57.142857142857146,3600.0,17.621449370806737,8171067.328186925
514.2857142857142,104.28571428571429,120.0,26.55947202180974,46324273.375704564
514.2857142857142,104.28571428571429,285.7142857142857,25.655595579670756,22926429.15368134
514.2857142857142,104.28571428571429,451.42857142857144,24.785884515859067,17575856.50776714
514.2857142857142,104.28571428571429,617.1428571428571,23.931576841185105,15268978.119413486
514.2857142857142,104.28571428571429,782.8571428571429,23.121252445903863,13964748.176552854
514.2857142857142,104.28571428571429,948.5714285714287,22.378433753191732,13095790.59792648
514.2857142857142,104.28571428571429,1114.2857142857142,21.713839115622207,12452347.487441689
514.2857142857142,104.28571428571429,1280.0,21.128137368059438,11942923.197212268
514.2857142857142,104.28571428571429,1445.7142857142858,20.616225933878233,11522262.344359176
514.2857142857142,104.28571428571429,1611.4285714285716,20.17043590034642,11165382.499246122
514.2857142857142,104.28571428571429,1777.1428571428573,19.782450743441444,10857077.20045664
514.2857142857142,104.28571428571429,1942.857142857143,19.44430218060288,10587289.278891217
514.2857142857142,104.28571428571429,2108.5714285714284,19.148809290959626,10348911.052407496
514.2857142857142,104.28571428571429,2274.285714285714,18.889713767164917,10136659.868234599
514.2857142857142,104.28571428571429,2440.0,18.661663376624023,9946460.969045516
514.2857142857142,104.28571428571429,2605.714285714286,18.460128361692814,9775084.697988475
514.2857142857142,104.28571428571429,2771.4285714285716,18.281295288174054,9619919.17843029
514.2857142857142,104.28571428571429,2937.1428571428573,18.121960250902198,9478819.630761482
514.2857142857142,104.28571428571429,3102.857142857143,17.97943117838961,9350003.638738213
514.2857142857142,104.28571428571429,3268.571428571429,17.851442691082426,9231975.495416852
514.2857142857142,104.28571428571429,3434.2857142857147,17.736083886418623,9123469.858529154
514.2857142857142,104.28571428571429,3600.0,17.63173804241164,9023408.76584338
514.2857142857142,151.42857142857144,120.0,26.433700987990147,47437858.02244959
514.2857142857142,151.42857142857144,285.7142857142857,25.56088188434199,23582262.95504522
514.2857142857142,151.42857142857144,451.42857142857144,24.728962314472035,18150571.83545186
514.2857142857142,151.42857142857144,617.1428571428571,23.916707868746187,15821637.774748528
514.2857142857142,151.42857142857144,782.8571428571429,23.148055119620757,14517631.743362127
514.2857142857142,151.42857142857144,948.5714285714287,22.44271531562507,13659362.714413065
514.2857142857142,151.42857142857144,1114.2857142857142,21.80948037986518,13031287.060418757
514.2857142857142,151.42857142857144,1280.0,21.248605768261324,12538736.22340828
514.2857142857142,151.42857142857144,1445.7142857142858,20.755445093747966,12134743.099694071
514.2857142857142,151.42857142857144,1611.4285714285716,20.323162854414793,11793470.444833104
514.2857142857142,151.42857142857144,1777.1428571428573,19.944362093548097,11499349.254814796
514.2857142857142,151.42857142857144,1942.857142857143,19.61193577820099,11242231.024986908
514.2857142857142,151.42857142857144,2108.5714285714284,19.31944835565911,11015057.43251999
514.2857142857142,151.42857142857144,2274.285714285714,19.061258813623947,10812661.18487512
514.2857142857142,151.42857142857144,2440.0,18.83251284320362,10631107.560685141
514.2857142857142,151.42857142857144,2605.714285714286,18.62907576397242,10467309.719149275
514.2857142857142,151.42857142857144,2771.4285714285716,18.447444310731925,10318790.537952462
514.2857142857142,151.42857142857144,2937.1428571428573,18.28465637464805,10183527.226556627
514.2857142857142,151.42857142857144,3102.857142857143,18.138207445820743,10059845.193146957
514.2857142857142,151.42857142857144,3268.571428571429,18.00597707767149,9946342.68628857
514.2857142857142,151.42857142857144,3434.2857142857147,17.88616597694311,9841835.543084508
514.2857142857142,151.42857142857144,3600.0,17.777243062401755,9745315.60444625
514.2857142857142,198.57142857142858,120.0,26.34740293450581,48342966.422948636
514.2857142857142,198.57142857142858,285.7142857142857,25.503735914845535,24170684.193350997
514.2857142857142,198.57142857142858,451.42857142857144,24.704133239983555,18679912.449428085
514.2857142857142,198.57142857142858,617.1428571428571,23.926482490284755,16334783.4509313
514.2857142857142,198.57142857142858,782.8571428571429,23.191683292841304,15030974.463761074
514.2857142857142,198.57142857142858,948.5714285714287,22.516905187879857,14180584.42467818
514.2857142857142,198.57142857142858,1114.2857142857142,21.909659616510897,13563837.914422255
514.2857142857142,198.57142857142858,1280.0,21.369936805568017,13083765.93215349
514.2857142857142,198.57142857142858,1445.7142857142858,20.893411541997015,12692159.820388585
514.2857142857142,198.57142857142858,1611.4285714285716,20.473828045001163,12362554.669849169
514.2857142857142,198.57142857142858,1777.1428571428573,20.104432562378964,12079106.141921148
514.2857142857142,198.57142857142858,1942.857142857143,19.778726359606498,11831586.076327106
514.2857142857142,198.57142857142858,2108.5714285714284,19.490806628931125,11612959.806047143
514.2857142857142,198.57142857142858,2274.285714285714,19.235479507012414,11418133.80024668
514.2857142857142,198.57142857142858,2440.0,19.00825667357403,11243267.38679707
514.2857142857142,198.57142857142858,2605.714285714286,18.805298453635196,11085371.939452853
514.2857142857142,198.57142857142858,2771.4285714285716,18.62333714083556,10942064.469741309
514.2857142857142,198.57142857142858,2937.1428571428573,18.45959763513648,10811408.436122874
514.2857142857142,198.57142857142858,3102.857142857143,18.311723374397836,10691806.249512976
514.2857142857142,198.57142857142858,3268.571428571429,18.177710712190965,10581923.846385181
514.2857142857142,198.57142857142858,3434.2857142857147,18.055852444640085,10480636.00865235
514.2857142857142,198.57142857142858,3600.0,17.944690027747786,10386985.627104416
514.2857142857142,245.71428571428572,120.0,26.283717055281915,49140620.11743619
514.2857142857142,245.71428571428572,285.7142857142857,25.466000642093775,24720161.13643205
514.2857142857142,245.71428571428572,451.42857142857144,24.69386799516555,19179606.230982147
514.2857142857142,245.71428571428572,617.1428571428571,23.94503088225456,16820042.343614023
514.2857142857142,245.71428571428572,782.8571428571429,23.238236908331725,15515443.402780194
514.2857142857142,245.71428571428572,948.5714285714287,22.58882176739385,14670658.673429502
514.2857142857142,245.71428571428572,1114.2857142857142,22.003372883006442,14062435.86416469
514.2857142857142,245.71428571428572,1280.0,21.481692044603463,13591936.767678356
514.2857142857142,245.71428571428572,1445.7142857142858,21.019692620216617,13209943.67821834
514.2857142857142,245.71428571428572,1611.4285714285716,20.611548227382844,12889473.881028539
514.2857142857142,245.71428571428572,1777.1428571428573,20.25098401913998,12614446.150440453
514.2857142857142,245.71428571428572,1942.857142857143,19.931957522940383,12374552.440294247
514.2857142857142,245.71428571428572,2108.5714285714284,19.64896895306869,12162762.494438576
514.2857142857142,245.71428571428572,2274.285714285714,19.397165902889427,11974029.472064113
514.2857142857142,245.71428571428572,2440.0,19.17234235741813,11804577.88044757
514.2857142857142,245.71428571428572,2605.714285714286,18.97088863535555,11651489.66789377
514.2857142857142,245.71428571428572,2771.4285714285716,18.78972276081997,11512450.917431634
514.2857142857142,245.71428571428572,2937.1428571428573,18.62621885207352,11385589.29531265
514.2857142857142,245.71428571428572,3102.857142857143,18.478139897887864,11269365.17676543
514.2857142857142,245.71428571428572,3268.571428571429,18.343577910502095,11162495.9163506
514.2857142857142,245.71428571428572,3434.2857142857147,18.220902199444293,11063901.422266245
514.2857142857142,245.71428571428572,3600.0,18.108715430688417,10972663.936327172
514.2857142857142,292.8571428571429,120.0,26.23445382251053,49873905.39133629
514.2857142857142,292.8571428571429,285.7142857142857,25.439638173271376,25242877.275843527
514.2857142857142,292.8571428571429,451.42857142857144,24.691098738986103,19657011.107651796
514.2857142857142,292.8571428571429,617.1428571428571,23.966692251437635,17283466.045818888
514.2857142857142,292.8571428571429,782.8571428571429,23.28355191477384,15977046.232743034
514.2857142857142,292.8571428571429,948.5714285714287,22.655616785572285,15136140.91994762
514.2857142857142,292.8571428571429,1114.2857142857142,22.088769621077,14534444.4958304
514.2857142857142,292.8571428571429,1280.0,21.582669346438866,14071496.231442006
514.2857142857142,292.8571428571429,1445.7142857142858,21.133414093652394,13697203.056982761
514.2857142857142,292.8571428571429,1611.4285714285716,20.735510297391507,13384126.918662619
514.2857142857142,292.8571428571429,1777.1428571428573,20.383056044867622,13115970.200903317
514.2857142857142,292.8571428571429,1942.857142857143,20.070366268748312,12882342.578158047
514.2857142857142,292.8571428571429,2108.5714285714284,19.792258982561528,12676204.540132212
514.2857142857142,292.8571428571429,2274.285714285714,19.544152963387994,12492537.681569077
514.2857142857142,292.8571428571429,2440.0,19.322068105639726,12327612.477991952
514.2857142857142,292.8571428571429,2605.714285714286,19.122580244191866,12178563.122527525
514.2857142857142,292.8571428571429,2771.4285714285716,18.942758465889426,12043128.143790813
514.2857142857142,292.8571428571429,2937.1428571428573,18.78009931309975,11919484.763735615
514.2857142857142,292.8571428571429,3102.857142857143,18.632464753784063,11806138.62863753
514.2857142857142,292.8571428571429,3268.571428571429,18.498026757300067,11701847.626894992
514.2857142857142,292.8571428571429,3434.2857142857147,18.37521923353422,11605567.51513236
514.2857142857142,292.8571428571429,3600.0,18.262697081025955,11516412.0022658
514.2857142857142,340.0,120.0,26.195057843176695,50564408.72203931
514.2857142857142,340.0,285.7142857142857,25.420504845725272,25745272.78436187
514.2857142857142,340.0,451.42857142857144,24.692483398089507,20116448.205830548
514.2857142857142,340.0,617.1428571428571,23.98913794373091,17728917.630275648
514.2857142857142,340.0,782.8571428571429,23.326338340782858,16419781.262130534
514.2857142857142,340.0,948.5714285714287,22.716917461889125,15581440.351715818
514.2857142857142,340.0,1114.2857142857142,22.16619901603164,14984798.996298011
514.2857142857142,340.0,1280.0,21.673728675981902,14527930.060488708
514.2857142857142,340.0,1445.7142857142858,21.235752334741278,14159950.314121835
514.2857142857142,340.0,1611.4285714285716,20.84704326071018,13853006.0306494
514.2857142857142,340.0,1777.1428571428573,20.5019997948327,13590595.72888586
514.2857142857142,340.0,1942.857142857143,20.195226034443294,13362244.403018724
514.2857142857142,340.0,2108.5714285714284,19.921798497965913,13160893.4938401
514.2857142857142,340.0,2274.285714285714,19.677357814424,12981540.218146337
514.2857142857142,340.0,2440.0,19.458109804669395,12820487.588853484
514.2857142857142,340.0,2605.714285714286,19.26078394360989,12674909.222974924
514.2857142857142,340.0,2771.4285714285716,19.082575239172527,12542584.439703977
514.2857142857142,340.0,2937.1428571428573,18.921082971532623,12421729.714753047
514.2857142857142,340.0,3102.857142857143,18.77425275352684,12310887.011086905
514.2857142857142,340.0,3268.571428571429,18.640324616558438,12208847.046129275
514.2857142857142,340.0,3434.2857142857147,18.517787878184112,12114594.834263941
514.2857142857142,340.0,3600.0,18.40534259302295,12027269.93155405
514.2857142857142,387.14285714285717,120.0,26.162758098378546,51224195.490688376
514.2857142857142,387.14285714285717,285.7142857142857,25.406238931273194,26231264.896386273
514.2857142857142,387.14285714285717,451.42857142857144,24.69627045467086,20560812.265777294
514.2857142857142,387.14285714285717,617.1428571428571,24.01133956555288,18159134.85839916
514.2857142857142,387.14285714285717,782.8571428571429,23.366294914162076,16846539.46486561
514.2857142857142,387.14285714285717,948.5714285714287,22.773066883759412,16009744.76407197
514.2857142857142,387.14285714285717,1114.2857142857142,22.236522333348486,15417041.048837455
514.2857142857142,387.14285714285717,1280.0,21.75611420776429,14965141.291349562
514.2857142857142,387.14285714285717,1445.7142857142858,21.328209598094023,14602430.677859383
514.2857142857142,387.14285714285717,1611.4285714285716,20.947801356373294,14300667.121934287
514.2857142857142,387.14285714285717,1777.1428571428573,20.60953583746997,14043153.769484168
514.2857142857142,387.14285714285717,1942.857142857143,20.308256989374428,13819328.991674913
514.2857142857142,387.14285714285717,2108.5714285714284,20.039256713065846,13622108.02404389
514.2857142857142,387.14285714285717,2274.285714285714,19.79836135753234,13446494.396666104
514.2857142857142,387.14285714285717,2440.0,19.58193315842537,13288813.89453051
514.2857142857142,387.14285714285717,2605.714285714286,19.38683150545315,13146270.212957693
514.2857142857142,387.14285714285717,2771.4285714285716,19.210358445319258,13016674.93927865
514.2857142857142,387.14285714285717,2937.1428571428573,19.050201065708162,12898276.244602393
514.2857142857142,387.14285714285717,3102.857142857143,18.90437687012035,12789645.816532213
514.2857142857142,387.14285714285717,3268.571428571429,18.77118472673139,12689601.510201268
514.2857142857142,387.14285714285717,3434.2857142857147,18.64916213806283,12597152.713308576
514.2857142857142,387.14285714285717,3600.0,18.53704867294363,12511460.650597947
514.2857142857142,434.28571428571433,120.0,26.13575727716967,51860579.52060254
514.2857142857142,434.28571428571433,285.7142857142857,25.39539404001809,26703480.88783923
514.2857142857142,434.28571428571433,451.42857142857144,24.701473965324368,20992205.05847155
514.2857142857142,434.28571428571433,617.1428571428571,24.032836202884866,18576178.668929107
514.2857142857142,434.28571428571433,782.8571428571429,23.40348252855563,17259516.43756311
514.2857142857142,434.28571428571433,948.5714285714287,22.82458977345717,16423465.710241402
514.2857142857142,434.28571428571433,1114.2857142857142,22.30064278255483,15833828.942858648
514.2857142857142,434.28571428571433,1280.0,21.831016700558816,15386036.26938791
514.2857142857142,434.28571428571433,1445.7142857142858,21.412180074575645,15027783.977988666
514.2857142857142,434.28571428571433,1611.4285714285716,21.03931023261897,14730461.630000811
514.2857142857142,434.28571428571433,1777.1428571428573,20.707262592149714,14477183.242724998
514.2857142857142,434.28571428571433,1942.857142857143,20.4110840113175,14257299.116498262
514.2857142857142,434.28571428571433,2108.5714285714284,20.146249299149055,14063692.953549344
514.2857142857142,434.28571428571433,2274.285714285714,19.9087431550921,13891367.641106483
514.2857142857142,434.28571428571433,2440.0,19.69506173370574,13736664.410690028
514.2857142857142,434.28571428571433,2605.714285714286,19.50217613205271,13596809.998589624
514.2857142857142,434.28571428571433,2771.4285714285716,19.327480839898957,13469641.819165738
514.2857142857142,434.28571428571433,2937.1428571428573,19.168739122032306,13353434.006250717
514.2857142857142,434.28571428571433,3102.857142857143,19.024031139828356,13246782.955358146
514.2857142857142,434.28571428571433,3268.571428571429,18.891707286273892,13148529.314001955
514.2857142857142,434.28571428571433,3434.2857142857147,18.770347467468607,13057703.10228437
514.2857142857142,434.28571428571433,3600.0,18.658726201105978,12973484.003831903
514.2857142857142,481.42857142857144,120.0,26.112831571595965,52478285.62467576
514.2857142857142,481.42857142857144,285.7142857142857,25.387034980475956,27163810.335811052
514.2857142857142,481.42857142857144,451.42857142857144,24.707509496626095,21412234.46360089
514.2857142857142,481.42857142857144,617.1428571428571,24.05343318375201,18981662.07711095
514.2857142857142,481.42857142857144,782.8571428571429,23.438090860372636,17660435.943679314
514.2857142857142,481.42857142857144,948.5714285714287,22.87201837113942,16824486.830328923
514.2857142857142,481.42857142857144,1114.2857142857142,22.359375210688967,16237223.93846304
514.2857142857142,481.42857142857144,1280.0,21.89946999239393,15792852.98231204
514.2857142857142,481.42857142857144,1445.7142857142858,21.48885762450603,15438413.923808752
514.2857142857142,481.42857142857144,1611.4285714285716,21.122873039890315,15144943.356980374
514.2857142857142,481.42857142857144,1777.1428571428573,20.796550807683722,14895371.058542144
514.2857142857142,481.42857142857144,1942.857142857143,20.505112214246008,14678958.237000132
514.2857142857142,481.42857142857144,2108.5714285714284,20.24418982387554,14488553.029265514
514.2857142857142,481.42857142857144,2274.285714285714,20.009905382700154,14319152.360309009
514.2857142857142,481.42857142857144,2440.0,19.798871361093127,14167107.272352336
514.2857142857142,481.42857142857144,2605.714285714286,19.608156235818083,14029662.103213347
514.2857142857142,481.42857142857144,2771.4285714285716,19.435235385481796,13904675.09566094
514.2857142857142,481.42857142857144,2937.1428571428573,19.277938986628687,13790441.881286692
514.2857142857142,481.42857142857144,3102.857142857143,19.13440245335363,13685579.643112091
514.2857142857142,481.42857142857144,3268.571428571429,19.00302179625828,13588948.414694127
514.2857142857142,481.42857142857144,3434.2857142857147,18.88241461768529,13499595.907367736
514.2857142857142,481.42857142857144,3600.0,18.77138663524013,13416717.732990205
514.2857142857142,528.5714285714286,120.0,26.093115199476937,53080528.36395276
514.2857142857142,528.5714285714286,285.7142857142857,25.380530821985346,27613683.333823796
514.2857142857142,528.5714285714286,451.42857142857144,24.714017202523006,21822175.59773397
514.2857142857142,528.5714285714286,617.1428571428571,24.073066341300414,19376882.65433011
514.2857142857142,528.5714285714286,782.8571428571429,23.470345692982562,18050684.86680725
514.2857142857142,528.5714285714286,948.5714285714287,22.915837511285844,17214315.641178552
514.2857142857142,528.5714285714286,1114.2857142857142,22.413420020127045,16628864.995907879
514.2857142857142,528.5714285714286,1280.0,21.96234406312503,16187360.241303535
514.2857142857142,528.5714285714286,1445.7142857142858,21.55923909306283,15836210.808314897
514.2857142857142,528.5714285714286,1611.4285714285716,21.19957657396285,15546112.619981185
514.2857142857142,528.5714285714286,1777.1428571428573,20.878546697096542,15299815.227083975
514.2857142857142,528.5714285714286,1942.857142857143,20.591522690933264,15086490.068985976
514.2857142857142,528.5714285714286,2108.5714285714284,20.334274938334634,14898946.624956166
514.2857142857142,528.5714285714286,2274.285714285714,20.103045273972956,14732171.711963633
514.2857142857142,528.5714285714286,2440.0,19.894548408010685,14582521.756346472
514.2857142857142,528.5714285714286,2605.714285714286,19.70593868502724,14447254.402234951
514.2857142857142,528.5714285714286,2771.4285714285716,19.534763041954225,14324244.7568006
514.2857142857142,528.5714285714286,2937.1428571428573,19.378911044941734,14211806.395574503
514.2857142857142,528.5714285714286,3102.857142857143,19.236567314838627,14108574.158444477
514.2857142857142,528.5714285714286,3268.571428571429,19.106168627882766,14013424.736690352
514.2857142857142,528.5714285714286,3434.2857142857147,18.986366391325614,13925421.17055051
514.2857142857142,528.5714285714286,3600.0,18.875994402137497,13843772.962175908
514.2857142857142,575.7142857142858,120.0,26.075976410157356,53669591.46503989
514.2857142857142,575.7142857142858,285.7142857142857,25.37544106160651,28054224.146533813
514.2857142857142,575.7142857142858,451.42857142857144,24.720769295920533,22223066.477353986
514.2857142857142,575.7142857142858,617.1428571428571,24.09173666628439,19762906.032927684
514.2857142857142,575.7142857142858,782.8571428571429,23.500471434143222,18431400.63371889
514.2857142857142,575.7142857142858,948.5714285714287,22.956471643978993,17594182.259624396
514.2857142857142,575.7142857142858,1114.2857142857142,22.46336931193618,17010081.832870908
514.2857142857142,575.7142857142858,1280.0,22.020364489321818,16570985.667336697
514.2857142857142,575.7142857142858,1445.7142857142858,21.624151737840172,16222693.721251694
514.2857142857142,575.7142857142858,1611.4285714285716,21.270322186366215,15935571.385121485
514.2857142857142,575.7142857142858,1777.1428571428573,20.954202762590864,15692191.403809682
514.2857142857142,575.7142857142858,1942.857142857143,20.671300530634223,15481635.040036581
514.2857142857142,575.7142857142858,2108.5714285714284,20.417507581905646,15296670.718585279
514.2857142857142,575.7142857142858,2274.285714285714,20.189172085064676,15132271.866210487
514.2857142857142,575.7142857142858,2440.0,19.983099527912948,14984796.75620766
514.2857142857142,575.7142857142858,2605.714285714286,19.79652070964514,14851512.886498334
514.2857142857142,575.7142857142858,2771.4285714285716,19.62704646267737,14730309.028078286
514.2857142857142,575.7142857142858,2937.1428571428573,19.47261953674055,14619513.820374524
514.2857142857142,575.7142857142858,3102.857142857143,19.331468747239484,14517777.2148352
514.2857142857142,575.7142857142858,3268.571428571429,19.2020675931791,14423990.335804487
514.2857142857142,575.7142857142858,3434.2857142857147,19.083098026761686,14337229.621055622
514.2857142857142,575.7142857142858,3600.0,18.973419295005062,14256716.792747509
514.2857142857142,622.8571428571429,120.0,26.060942262109716,54247158.08418069
514.2857142857142,622.8571428571429,285.7142857142857,25.371449339391503,28486342.568472415
514.2857142857142,622.8571428571429,451.42857142857144,24.727618775982993,22615769.089993928
514.2857142857142,622.8571428571429,617.1428571428571,24.109477314613823,20140621.802999888
514.2857142857142,622.8571428571429,782.8571428571429,23.528676617249825,18803530.742935967
514.2857142857142,622.8571428571429,948.5714285714287,22.994286641823944,17965106.594199754
514.2857142857142,622.8571428571429,1114.2857142857142,22.509721613380645,17381971.38192309
514.2857142857142,622.8571428571429,1280.0,22.07413645870296,16944901.64077896
514.2857142857142,622.8571428571429,1445.7142857142858,21.684283185467297,16599105.483709693
514.2857142857142,622.8571428571429,1611.4285714285716,21.335858854085885,16314626.342029808
514.2857142857142,622.8571428571429,1777.1428571428573,21.02431170995471,16073863.14991065
514.2857142857142,622.8571428571429,1942.857142857143,20.745267827187675,15865806.795752153
514.2857142857142,622.8571428571429,2108.5714285714284,20.494727773373942,15683182.77726317
514.2857142857142,622.8571428571429,2274.285714285714,20.269134715892694,15520948.49821621
514.2857142857142,622.8571428571429,2440.0,20.06537544105079,15375461.211223116
514.2857142857142,622.8571428571429,2605.714285714286,19.880749389484844,15243995.450951286
514.2857142857142,622.8571428571429,2771.4285714285716,19.712924904431333,15124451.028553229
514.2857142857142,622.8571428571429,2937.1428571428573,19.55989272768438,15015169.277595328
514.2857142857142,622.8571428571429,3102.857142857143,19.419921658810264,14914813.16007151
514.2857142857142,622.8571428571429,3268.571428571429,19.29151850852509,14822286.391869362
514.2857142857142,622.8571428571429,3434.2857142857147,19.173393010739563,14736677.205466308
514.2857142857142,622.8571428571429,3600.0,19.064427622888093,14657218.153604956
514.2857142857142,670.0,120.0,26.04765097788483,54814508.530531906
514.2857142857142,670.0,285.7142857142857,25.36832300758343,28910791.61086738
514.2857142857142,670.0,451.42857142857144,24.734469658103883,23001010.590778332
514.2857142857142,670.0,617.1428571428571,24.126336401368008,20510782.618746404
514.2857142857142,670.0,782.8571428571429,23.555149285605882,19167874.843049593
514.2857142857142,670.0,948.5714285714287,23.02959631085716,18327945.709896687
514.2857142857142,670.0,1114.2857142857142,22.55289731005477,17745451.33151598
514.2857142857142,670.0,1280.0,22.124166766620903,17310085.091988858
514.2857142857142,670.0,1445.7142857142858,21.740207819343816,16966478.32540147
514.2857142857142,670.0,1611.4285714285716,21.396812111501287,16684359.905381257
514.2857142857142,670.0,1777.1428571428573,21.0895364329158,16445957.634297555
514.2857142857142,670.0,1942.857142857143,20.814113553073827,16240171.99124929
514.2857142857142,670.0,2108.5714285714284,20.56664149344906,16059684.075903343
514.2857142857142,670.0,2274.285714285714,20.34364894990991,15899433.134031298
514.2857142857142,670.0,2440.0,20.142096063029637,15755773.043984244
514.2857142857142,670.0,2605.714285714286,19.959344345522712,15625983.049105462
514.2857142857142,670.0,2771.4285714285716,19.793114264985554,15507971.821939819
514.2857142857142,670.0,2937.1428571428573,19.641440159968912,15400091.414835056
514.2857142857142,670.0,3102.857142857143,19.502627236434904,15301016.043454707
514.2857142857142,670.0,3268.571428571429,19.37521270713852,15209660.471106078
514.2857142857142,670.0,3434.2857142857147,19.25793172111784,15125123.377678398
514.2857142857142,670.0,3600.0,19.149688019948904,15046646.975961482
514.2857142857142,717.1428571428572,120.0,26.035820662285772,55372643.65509649
514.2857142857142,717.1428571428572,285.7142857142857,25.36588749829324,29328205.77781387
514.2857142857142,717.1428571428572,451.42857142857144,24.74125901199558,23379412.3025432
514.2857142857142,717.1428571428572,617.1428571428571,24.14236786134808,20874032.498008993
514.2857142857142,717.1428571428572,782.8571428571429,23.58005663071615,19525115.362071343
514.2857142857142,717.1428571428572,948.5714285714287,23.06266980261767,18683428.17327332
514.2857142857142,717.1428571428572,1114.2857142857142,22.593252350351275,18101298.701863363
514.2857142857142,717.1428571428572,1280.0,22.170882235350422,17667360.31791169
514.2857142857142,717.1428571428572,1445.7142857142858,21.792408456926893,17325680.68104613
514.2857142857142,717.1428571428572,1611.4285714285716,21.453707742225305,17045680.60707851
514.2857142857142,717.1428571428572,1777.1428571428573,21.15043470903622,16809419.20129758
514.2857142857142,717.1428571428572,1942.857142857143,20.878418465400966,16605706.624645507
514.2857142857142,717.1428571428572,2108.5714285714284,20.633845192900974,16427178.419859251
514.2857142857142,717.1428571428572,2274.285714285714,20.413321109245217,16268753.927482666
514.2857142857142,717.1428571428572,2440.0,20.213872973880942,16126781.699548015
514.2857142857142,717.1428571428572,2605.714285714286,20.03291878558755,15998543.74285635
514.2857142857142,717.1428571428572,2771.4285714285716,19.86822654225488,15881955.761734823
514.2857142857142,717.1428571428572,2937.1428571428573,19.717870418676895,15775378.862161724
514.2857142857142,717.1428571428572,3102.857142857143,19.58018895616372,15677497.027845453
514.2857142857142,717.1428571428572,3268.571428571429,19.453747263438522,15587234.7602769
514.2857142857142,717.1428571428572,3434.2857142857147,19.337303859117817,15503700.041686013
514.2857142857142,717.1428571428572,3600.0,19.229782097755013,15426143.747916233
514.2857142857142,764.2857142857143,120.0,26.025228129016135,55922364.64996045
514.2857142857142,764.2857142857143,285.7142857142857,25.36400953301735,29739127.530564107
514.2857142857142,764.2857142857143,451.42857142857144,24.747945771597735,23751510.82894677
514.2857142857142,764.2857142857143,617.1428571428571,24.15762658004786,21230927.856992856
514.2857142857142,764.2857142857143,782.8571428571429,23.60354637733193,19875840.341883086
514.2857142857142,764.2857142857143,948.5714285714287,23.093738548720005,19032179.547096137
514.2857142857142,764.2857142857143,1114.2857142857142,22.631089707663268,18450178.308646873
514.2857142857142,764.2857142857143,1280.0,22.2146446187364,18017430.399806168
514.2857142857142,764.2857142857143,1445.7142857142858,21.841293693263207,17677451.372671053
514.2857142857142,764.2857142857143,1611.4285714285716,21.50699070178579,17399359.77483624
514.2857142857142,764.2857142857143,1777.1428571428573,21.207478999135766,17165048.25487982
514.2857142857142,764.2857142857143,1942.857142857143,20.93867522636874,16963236.84455167
514.2857142857142,764.2857142857143,2108.5714285714284,20.696845804884287,16786514.616331823
514.2857142857142,764.2857142857143,2274.285714285714,20.47866763409749,16629779.56479801
514.2857142857142,764.2857142857143,2440.0,20.281228323546785,16489373.281937532
514.2857142857142,764.2857142857143,2605.714285714286,20.10199756106655,16362578.897129098
514.2857142857142,764.2857142857143,2771.4285714285716,19.93878691887211,16247317.595087176
514.2857142857142,764.2857142857143,2937.1428571428573,19.789707160644237,16141958.117998073
514.2857142857142,764.2857142857143,3102.857142857143,19.653127503296723,16045192.949059183
514.2857142857142,764.2857142857143,3268.571428571429,19.527638774491308,15955955.20704704
514.2857142857142,764.2857142857143,3434.2857142857147,19.412021079835,15873361.193910064
514.2857142857142,764.2857142857143,3600.0,19.305215925727513,15796669.59121162
514.2857142857142,811.4285714285714,120.0,26.01569418944354,56464326.290556386
514.2857142857142,811.4285714285714,285.7142857142857,25.36258581107918,30144026.22609032
514.2857142857142,811.4285714285714,451.42857142857144,24.754503573187158,24117773.84785719
514.2857142857142,811.4285714285714,617.1428571428571,24.172165845228438,21581953.49056397
514.2857142857142,811.4285714285714,782.8571428571429,23.625748779366358,20220560.80501241
514.2857142857142,811.4285714285714,948.5714285714287,23.123002296413382,19374741.69489749
514.2857142857142,811.4285714285714,1114.2857142857142,22.666668733976447,18792664.196388252
514.2857142857142,811.4285714285714,1280.0,22.2557625092987,18360900.742151428
514.2857142857142,811.4285714285714,1445.7142857142858,21.887211653638538,18022425.114873014
514.2857142857142,811.4285714285714,1611.4285714285716,21.557040107324156,17746058.81241819
514.2857142857142,811.4285714285714,1777.1428571428573,21.261072174561026,17513530.108217083
514.2857142857142,811.4285714285714,1942.857142857143,20.995304470582774,17313469.169671617
514.2857142857142,811.4285714285714,2108.5714285714284,20.756076843008305,17138417.88104984
514.2857142857142,811.4285714285714,2274.285714285714,20.54013097535826,16983251.69553435
514.2857142857142,811.4285714285714,2440.0,20.344610341791345,16844303.86705725
514.2857142857142,811.4285714285714,2605.714285714286,20.167032163557597,16718857.251863439
514.2857142857142,811.4285714285714,2771.4285714285716,20.005248151630642,16604837.188332126
514.2857142857142,811.4285714285714,2937.1428571428573,19.857402831173115,16500618.837928403
514.2857142857142,811.4285714285714,3102.857142857143,19.721893772787976,16404902.090819461
514.2857142857142,811.4285714285714,3268.571428571429,19.59733561736107,16316627.715196555
514.2857142857142,811.4285714285714,3434.2857142857147,19.482528492633026,16234919.482332744
514.2857142857142,811.4285714285714,3600.0,19.376430770405694,16159043.136050103
514.2857142857142,858.5714285714287,120.0,26.0070731961163,56999073.45098432
514.2857142857142,858.5714285714287,285.7142857142857,25.361535201314144,30543312.068753693
514.2857142857142,858.5714285714287,451.42857142857144,24.760916065601158,24478612.191296253
514.2857142857142,858.5714285714287,617.1428571428571,24.186036081627282,21927534.936655305
514.2857142857142,858.5714285714287,782.8571428571429,23.646778715617994,20559724.190253526
514.2857142857142,858.5714285714287,948.5714285714287,23.150634197027948,19711587.650992572
514.2857142857142,858.5714285714287,1114.2857142857142,22.700212720833587,19129256.064265918
514.2857142857142,858.5714285714287,1280.0,22.294500821644657,18698297.02993374
514.2857142857142,858.5714285714287,1445.7142857142858,21.930460889415425,18361151.900061224
514.2857142857142,858.5714285714287,1611.4285714285716,21.604181106201636,18086349.873760056
514.2857142857142,858.5714285714287,1777.1428571428573,21.311559996165478,17855456.798195705
514.2857142857142,858.5714285714287,1942.857142857143,21.048667604463635,17657013.300078157
514.2857142857142,858.5714285714287,2108.5714285714284,20.811911294130635,17483513.514480907
514.2857142857142,858.5714285714287,2274.285714285714,20.59809240603364,17329809.35631548
514.2857142857142,858.5714285714287,2440.0,20.40440593582712,17192224.571268924
514.2857142857142,858.5714285714287,2605.714285714286,20.228413009973654,17068040.546586562
514.2857142857142,858.5714285714287,2771.4285714285716,20.06800247186488,16955185.63118346
514.2857142857142,858.5714285714287,2937.1428571428573,19.92135012819873,16852040.35306803
514.2857142857142,858.5714285714287,3102.857142857143,19.78687986178685,16757311.061309477
514.2857142857142,858.5714285714287,3268.571428571429,19.66322844703046,16669945.33144427
514.2857142857142,858.5714285714287,3434.2857142857147,19.549214650990606,16589073.6625667
514.2857142857142,858.5714285714287,3600.0,19.44381257106236,16513968.2112235
514.2857142857142,905.7142857142858,120.0,25.999245460596153,57527066.77073882
514.2857142857142,905.7142857142858,285.7142857142857,25.360793235740392,30937346.64399217
514.2857142857142,905.7142857142858,451.42857142857144,24.767173778936115,24834389.258618552
514.2857142857142,905.7142857142858,617.1428571428571,24.19928430093109,22268048.19340667
514.2857142857142,905.7142857142858,782.8571428571429,23.666737665627554,20893724.902099486
514.2857142857142,905.7142857142858,948.5714285714287,23.176785034435408,20043133.24747664
514.2857142857142,905.7142857142858,1114.2857142857142,22.73191499842941,19460392.04972955
514.2857142857142,905.7142857142858,1280.0,22.3310883589592,19030079.14639853
514.2857142857142,905.7142857142858,1445.7142857142858,21.97129903759451,18694111.972426433
514.2857142857142,905.7142857142858,1611.4285714285716,21.648694305087826,18420731.790382378
514.2857142857142,905.7142857142858,1777.1428571428573,21.359241045238686,18191343.85710068
514.2857142857142,905.7142857142858,1942.857142857143,21.099077023839346,17994399.627730016
514.2857142857142,905.7142857142858,2108.5714285714284,20.864671953156357,17822345.05438951
514.2857142857142,905.7142857142858,2274.285714285714,20.652882341923792,17670007.67916452
514.2857142857142,905.7142857142858,2440.0,20.460950896528015,17533700.739964284
514.2857142857142,905.7142857142858,2605.714285714286,20.286479458699226,17410703.123791836
514.2857142857142,905.7142857142858,2771.4285714285716,20.127391355528243,17298945.19858553
514.2857142857142,905.7142857142858,2937.1428571428573,19.981891485618924,17196811.942051582
514.2857142857142,905.7142857142858,3102.857142857143,19.84842823752671,17103015.33387686
514.2857142857142,905.7142857142858,3268.571428571429,19.725659029458836,17016509.019377854
514.2857142857142,905.7142857142858,3434.2857142857147,19.612420038535895,16936429.574573252
514.2857142857142,905.7142857142858,3600.0,19.507700072062498,16862054.997478202
514.2857142857142,952.8571428571429,120.0,25.992111657440102,58048701.09961411
514.2857142857142,952.8571428571429,285.7142857142857,25.3603081525992,31326451.040039655
514.2857142857142,952.8571428571429,451.42857142857144,24.77327199893722,25185428.468532097
514.2857142857142,952.8571428571429,617.1428571428571,24.211953949243266,22603827.459888212
514.2857142857142,952.8571428571429,782.8571428571429,23.685715483068893,21222912.702590674
514.2857142857142,952.8571428571429,948.5714285714287,23.20158671849724,20369746.326603916
514.2857142857142,952.8571428571429,1114.2857142857142,22.76194386399557,19786458.814036045
514.2857142857142,952.8571428571429,1280.0,22.365723875749662,19356652.112081494
514.2857142857142,952.8571428571429,1445.7142857142858,22.00994973858432,19021727.56113268
514.2857142857142,952.8571428571429,1611.4285714285716,21.690823300723697,18749642.521640908
514.2857142857142,952.8571428571429,1777.1428571428573,21.40437466633597,18521643.398357242
514.2857142857142,952.8571428571429,1942.857142857143,21.14680430664602,18326092.87900408
514.2857142857142,952.8571428571429,2108.5714285714284,20.91463973722828,18155388.40289818
514.2857142857142,952.8571428571429,2274.285714285714,20.704788677205556,18004332.438636683
514.2857142857142,952.8571428571429,2440.0,20.514538178361512,17869226.858268224
514.2857142857142,952.8571428571429,2605.714285714286,20.341527975317174,17747347.15420386
514.2857142857142,952.8571428571429,2771.4285714285716,20.183713530828804,17636624.8482915
514.2857142857142,952.8571428571429,2937.1428571428573,20.039326890508796,17535448.56462189
514.2857142857142,952.8571428571429,3102.857142857143,19.906839340845732,17442535.18548182
514.2857142857142,952.8571428571429,3268.571428571429,19.784927615206836,17356843.77603137
514.2857142857142,952.8571428571429,3434.2857142857147,19.672444202072036,17277516.414413773
514.2857142857142,952.8571428571429,3600.0,19.5683917088501,17203836.43469754
514.2857142857142,1000.0,120.0,25.985588628405,58564319.02132892
514.2857142857142,1000.0,285.7142857142857,25.360038004618435,31710912.22397021
514.2857142857142,1000.0,451.42857142857144,24.779209303720375,25532019.239480503
514.2857142857142,1000.0,617.1428571428571,24.22408497133373,22935171.376185287
514.2857142857142,1000.0,782.8571428571429,23.70379194787389,21547599.46457679
514.2857142857142,1000.0,948.5714285714287,23.22515516784125,20691754.126653884
514.2857142857142,1000.0,1114.2857142857142,22.79044657922773,20107799.59647759
514.2857142857142,1000.0,1280.0,22.398580962485948,19678374.790674113
514.2857142857142,1000.0,1445.7142857142858,22.046608196467865,19344372.19214433
514.2857142857142,1000.0,1611.4285714285716,21.73078073207108,19073469.013876293
514.2857142857142,1000.0,1777.1428571428573,21.44718735830067,18846754.461169496
514.2857142857142,1000.0,1942.857142857143,21.192086818834202,18652502.88520233
514.2857142857142,1000.0,2108.5714285714284,20.96206040792888,18483062.968099695
514.2857142857142,1000.0,2274.285714285714,20.75406354564555,18333211.515645813
514.2857142857142,1000.0,2440.0,20.56542463974534,18199238.294175535
514.2857142857142,1000.0,2605.714285714286,20.393818806252582,18078414.62196477
514.2857142857142,1000.0,2771.4285714285716,20.23723155045991,17968672.415935468
514.2857142857142,1000.0,2937.1428571428573,20.09392032805883,17868403.238914058
514.2857142857142,1000.0,3102.857142857143,19.962377884895208,17776328.23241431
514.2857142857142,1000.0,3268.571428571429,19.84129907842111,17691411.305604048
514.2857142857142,1000.0,3434.2857142857147,19.729551721600398,17612799.528400194
514.2857142857142,1000.0,3600.0,19.626151403089036,17539781.12135312
550.0,10.0,120.0,26.979902885846982,42939872.34954098
550.0,10.0,285.7142857142857,26.13362075645453,21104348.180302802
550.0,10.0,451.42857142857144,25.25477175391489,16097429.531824559
550.0,10.0,617.1428571428571,24.354576561298813,13914090.28362839
550.0,10.0,782.8571428571429,23.485586667489617,12640002.9131566
550.0,10.0,948.5714285714287,22.68982929626895,11752158.346779149
550.0,10.0,1114.2857142857142,21.9878320426828,11065150.635889871
550.0,10.0,1280.0,21.383043325531116,10502035.985809809
550.0,10.0,1445.7142857142858,20.86908281834312,10025882.527763853
550.0,10.0,1611.4285714285716,20.435280492478455,9616083.244835718
550.0,10.0,1777.1428571428573,20.069965926706736,9259441.99526923
550.0,10.0,1942.857142857143,19.762116238745037,8946578.336631168
550.0,10.0,2108.5714285714284,19.502027409766374,8670357.375372594
550.0,10.0,2274.285714285714,19.281472595357243,8425130.41492184
550.0,10.0,2440.0,19.09362107608668,8206320.399038132
550.0,10.0,2605.714285714286,18.932864407662287,8010166.331426949
550.0,10.0,2771.4285714285716,18.794622158359733,7833549.07086216
550.0,10.0,2937.1428571428573,18.675159589007688,7673863.977913039
550.0,10.0,3102.857142857143,18.571429280930804,7528923.6631633025
550.0,10.0,3268.571428571429,18.48093901392132,7396881.788792452
550.0,10.0,3434.2857142857147,18.401643991572406,7276172.453668775
550.0,10.0,3600.0,18.33186002218495,7165461.517205457
550.0,57.142857142857146,120.0,26.567855387439526,46048936.377884895
550.0,57.142857142857146,285.7142857142857,25.671660830268213,22596933.06021019
550.0,57.142857142857146,451.42857142857144,24.77573519931076,17252854.141923074
550.0,57.142857142857146,617.1428571428571,23.879427575126513,14942808.170858819
550.0,57.142857142857146,782.8571428571429,23.022355729688297,13624467.997833278
550.0,57.142857142857146,948.5714285714287,22.23555603858719,12733933.060344735
550.0,57.142857142857146,1114.2857142857142,21.53369359147512,12065206.018331345
550.0,57.142857142857146,1280.0,20.918732401066745,11529612.964480517
550.0,57.142857142857146,1445.7142857142858,20.385323851126458,11083651.739121335
550.0,57.142857142857146,1611.4285714285716,19.924839772492817,10703267.802602021
550.0,57.142857142857146,1777.1428571428573,19.52778558935921,10373642.660695616
550.0,57.142857142857146,1942.857142857143,19.18504812335716,10084789.2693424
550.0,57.142857142857146,2108.5714285714284,18.888441457765264,9829499.970027445
550.0,57.142857142857146,2274.285714285714,18.63087199890366,9602312.155002156
550.0,57.142857142857146,2440.0,18.406315432748467,9398942.777011689
550.0,57.142857142857146,2605.714285714286,18.209712204587046,9215953.395764472
550.0,57.142857142857146,2771.4285714285716,18.03683690368579,9050536.676642518
550.0,57.142857142857146,2937.1428571428573,17.88416834601896,8900371.582611127
550.0,57.142857142857146,3102.857142857143,17.748771925862354,8763520.19765506
550.0,57.142857142857146,3268.571428571429,17.628198061128796,8638351.412735036
550.0,57.142857142857146,3434.2857142857147,17.520396845199528,8523482.890604012
550.0,57.142857142857146,3600.0,17.4236474147788,8417736.010780776
550.0,104.28571428571429,120.0,26.405039283983353,47460284.44209022
550.0,104.28571428571429,285.7142857142857,25.53455777545109,23423336.158911493
550.0,104.28571428571429,451.42857142857144,24.67910427595092,17965792.19038895
550.0,104.28571428571429,617.1428571428571,23.832280440867844,15621727.222767077
550.0,104.28571428571429,782.8571428571429,23.025899126932092,14301043.105303753
550.0,104.28571428571429,948.5714285714287,22.284708233584205,13423665.816629754
550.0,104.28571428571429,1114.2857142857142,21.62012841685022,12775248.822934505
550.0,104.28571428571429,1280.0,21.03333389994704,12262386.190438999
550.0,104.28571428571429,1445.7142857142858,20.51960360265634,11838982.150731303
550.0,104.28571428571429,1611.4285714285716,20.071551147210123,11479680.673118085
550.0,104.28571428571429,1777.1428571428573,19.681062506949523,11169112.922483228
550.0,104.28571428571429,1942.857142857143,19.340309835904346,10897155.545645026
550.0,104.28571428571429,2108.5714285714284,19.04220648950568,10656677.6371512
550.0,104.28571428571429,2274.285714285714,18.780555199351824,10442391.478384316
550.0,104.28571428571429,2440.0,18.55004142631205,10250223.972178157
550.0,104.28571428571429,2605.714285714286,18.34615703690898,10076948.759882737
550.0,104.28571428571429,2771.4285714285716,18.165099363521986,9919956.809841977
550.0,104.28571428571429,2937.1428571428573,18.00366807509992,9777105.030575693
550.0,104.28571428571429,3102.857142857143,17.85917002484605,9646611.447101325
550.0,104.28571428571429,3268.571428571429,17.729335853774348,9526979.701886984
550.0,104.28571428571429,3434.2857142857147,17.612248961403896,9416942.939370122
550.0,104.28571428571429,3600.0,17.506286005875697,9315421.049649399
550.0,151.42857142857144,120.0,26.307458077236898,48517352.50111094
550.0,151.42857142857144,285.7142857142857,25.46579318403102,24116522.86452795
550.0,151.42857142857144,451.42857142857144,24.64674829743511,18585728.304098204
550.0,151.42857142857144,617.1428571428571,23.840997841354483,16220445.519762259
550.0,151.42857142857144,782.8571428571429,23.075604754699825,14899302.555313729
550.0,151.42857142857144,948.5714285714287,22.37150974043283,14031468.026294684
550.0,151.42857142857144,1114.2857142857142,21.738188829296366,13397158.621813841
550.0,151.42857142857144,1280.0,21.176354817676312,12899941.379605822
550.0,151.42857142857144,1445.7142857142858,20.681683648006903,12492069.60711411
550.0,151.42857142857144,1611.4285714285716,20.247566531605216,12147352.404570695
550.0,151.42857142857144,1777.1428571428573,19.86676301813327,11850058.763780352
550.0,151.42857142857144,1942.857142857143,19.532271604999544,11589965.714287482
550.0,151.42857142857144,2108.5714285714284,19.237725998026587,11359980.325384026
550.0,151.42857142857144,2274.285714285714,18.977529118371706,11154918.444938518
550.0,151.42857142857144,2440.0,18.74685319483257,10970836.011877045
550.0,151.42857142857144,2605.714285714286,18.54157831223093,10804639.725889077
550.0,151.42857142857144,2771.4285714285716,18.35820812536431,10653846.877125412
550.0,151.42857142857144,2937.1428571428573,18.193782312069146,10516429.175229894
550.0,151.42857142857144,3102.857142857143,18.045794871970685,10390706.383328456
550.0,151.42857142857144,3268.571428571429,17.91212185127532,10275270.958405018
550.0,151.42857142857144,3434.2857142857147,17.79095928149853,10168932.880936954
550.0,151.42857142857144,3600.0,17.680770803904966,10070678.167950884
550.0,198.57142857142858,120.0,26.240421279806323,49423356.23227439
550.0,198.57142857142858,285.7142857142857,25.424972949242544,24746259.526977837
550.0,198.57142857142858,451.42857142857144,24.63657063887969,19156093.636803366
550.0,198.57142857142858,617.1428571428571,23.864248132193175,16772865.259778216
550.0,198.57142857142858,782.8571428571429,23.131851984634302,15450274.080913035
550.0,198.57142857142858,948.5714285714287,22.457736938510614,14588873.441653723
550.0,198.57142857142858,1114.2857142857142,21.85006206721625,13964635.901812304
550.0,198.57142857142858,1280.0,21.309230217366835,13478808.41686604
550.0,198.57142857142858,1445.7142857142858,20.83119233329565,13082382.168253414
550.0,198.57142857142858,1611.4285714285716,20.409878127126976,12748518.210038638
550.0,198.57142857142858,1777.1428571428573,20.038656778015792,12461191.181080597
550.0,198.57142857142858,1942.857142857143,19.711109292726665,12210081.565484155
550.0,198.57142857142858,2108.5714285714284,19.421383088243523,11988105.590251978
550.0,198.57142857142858,2274.285714285714,19.16431459821598,11790140.681132048
550.0,198.57142857142858,2440.0,18.935432513777844,11612326.710122915
550.0,198.57142857142858,2605.714285714286,18.73090543559318,11451660.240838327
550.0,198.57142857142858,2771.4285714285716,18.547468285720143,11305745.815377032
550.0,198.57142857142858,2937.1428571428573,18.382345026232088,11172635.714576624
550.0,198.57142857142858,3102.857142857143,18.2331759830296,11050722.00626356
550.0,198.57142857142858,3268.571428571429,18.09795314797789,10938660.932248063
550.0,198.57142857142858,3434.2857142857147,17.97496431346891,10835318.15978448
550.0,198.57142857142858,3600.0,17.862745683936662,10739728.022237778
550.0,245.71428571428572,120.0,26.190843259302888,50245734.586100355
550.0,245.71428571428572,285.7142857142857,25.39851742893967,25335872.717396412
550.0,245.71428571428572,451.42857142857144,24.63604369436079,19692492.279912416
550.0,245.71428571428572,617.1428571428571,23.891468451986675,17292266.61037872
550.0,245.71428571428572,782.8571428571429,23.186296636760495,15967047.011987295
550.0,245.71428571428572,948.5714285714287,22.5369915038657,15109845.386374123
550.0,245.71428571428572,1114.2857142857142,21.950749343637348,14493006.899231527
550.0,245.71428571428572,1280.0,21.42774666955433,14015828.81112642
550.0,245.71428571428572,1445.7142857142858,20.96413742988448,13628244.301375132
550.0,245.71428571428572,1611.4285714285716,20.554250160194993,13302863.378603114
550.0,245.71428571428572,1777.1428571428573,20.19190835053895,13023399.61902764
550.0,245.71428571428572,1942.857142857143,19.871130348378475,12779435.361783722
550.0,245.71428571428572,2108.5714285714284,19.586452469043802,12563877.162229849
550.0,245.71428571428572,2274.285714285714,19.333042284435102,12371638.13031886
550.0,245.71428571428572,2440.0,19.106703377407335,12198914.629719518
550.0,245.71428571428572,2605.714285714286,18.903829094090327,12042766.88038193
550.0,245.71428571428572,2771.4285714285716,18.721336428223136,11900862.940896349
550.0,245.71428571428572,2937.1428571428573,18.55659605590419,11771314.803231345
550.0,245.71428571428572,3102.857142857143,18.40736618185223,11652568.830599148
550.0,245.71428571428572,3268.571428571429,18.271733380484008,11543329.666085986
550.0,245.71428571428572,3434.2857142857147,18.148061305586367,11442505.603965368
550.0,245.71428571428572,3600.0,18.03494701915653,11349168.2431303
550.0,292.8571428571429,120.0,26.15240396545166,51014308.65453658
550.0,292.8571428571429,285.7142857142857,25.380436126203495,25896385.206880372
550.0,292.8571428571429,451.42857142857144,24.640213144998302,20202987.253947657
550.0,292.8571428571429,617.1428571428571,23.919151307387118,17785999.413350854
550.0,292.8571428571429,782.8571428571429,23.23696161130839,16457149.111388305
550.0,292.8571428571429,948.5714285714287,22.608651787291606,15602530.44845584
550.0,292.8571428571429,1114.2857142857142,22.04067696346936,14991228.974055486
550.0,292.8571428571429,1280.0,21.533039088978285,14520815.6220347
550.0,292.8571428571429,1445.7142857142858,21.0820489494989,14140289.2321093
550.0,292.8571428571429,1611.4285714285716,20.68234459968913,13821767.443808103
550.0,292.8571428571429,1777.1428571428573,20.328103948196006,13548722.461589206
550.0,292.8571428571429,1942.857142857143,20.013688530189583,13310636.64743264
550.0,292.8571428571429,2108.5714285714284,19.73394179472245,13100394.33558855
550.0,292.8571428571429,2274.285714285714,19.4842946235665,12912927.334988384
550.0,292.8571428571429,2440.0,19.260770763159343,12744470.525381913
550.0,292.8571428571429,2605.714285714286,19.059944921845943,12592130.576489415
550.0,292.8571428571429,2771.4285714285716,18.878882179064828,12453623.42343224
550.0,292.8571428571429,2937.1428571428573,18.715073521819466,12327106.96669358
550.0,292.8571428571429,3102.857142857143,18.5663746518692,12211069.896311227
550.0,292.8571428571429,3268.571428571429,18.43095107809357,12104254.987795023
550.0,292.8571428571429,3434.2857142857147,18.307230365643694,12005604.406398488
550.0,292.8571428571429,3600.0,18.193861361680227,11914219.575347058
550.0,340.0,120.0,26.121595893006976,51744658.07865285
550.0,340.0,285.7142857142857,25.36764901685597,26434113.058825158
550.0,340.0,451.42857142857144,24.64678879001759,20692572.575222183
550.0,340.0,617.1428571428571,23.946006664447637,18258823.958433274
550.0,340.0,782.8571428571429,23.283586584272836,16925543.19464189
550.0,340.0,948.5714285714287,22.67337423381685,16072309.146117663
550.0,340.0,1114.2857142857142,22.12123260991605,15465189.90937199
550.0,340.0,1280.0,21.627023750121094,15000178.363704419
550.0,340.0,1445.7142857142858,21.187183795862406,14625421.511998493
550.0,340.0,1611.4285714285716,20.796599397764027,14312583.929119214
550.0,340.0,1777.1428571428573,20.449734389923673,14044909.654006267
550.0,340.0,1942.857142857143,20.141228508814148,13811779.752266474
550.0,340.0,2108.5714285714284,19.866175468523824,13606047.708254736
550.0,340.0,2274.285714285714,19.620221882633633,13422652.32214252
550.0,340.0,2440.0,19.39957291419177,13257854.547244506
550.0,340.0,2605.714285714286,19.200953607198493,13108795.53877268
550.0,340.0,2771.4285714285716,19.021552552407233,12973228.183830742
550.0,340.0,2937.1428571428573,18.858961725586855,12849346.607149338
550.0,340.0,3102.857142857143,18.711119211112706,12735673.391690223
550.0,340.0,3268.571428571429,18.57625767589117,12630982.17885636
550.0,340.0,3434.2857142857147,18.45285945225509,12534242.783773411
550.0,340.0,3600.0,18.33961809676148,12444581.146430155
550.0,387.14285714285717,120.0,26.096286575473574,52445896.16845154
550.0,387.14285714285717,285.7142857142857,25.358405002827464,26953139.912039593
550.0,387.14285714285717,451.42857142857144,24.65460267611951,21164678.19297537
550.0,387.14285714285717,617.1428571428571,23.97156779794041,18714101.39688712
550.0,387.14285714285717,782.8571428571429,23.32641587324021,17375759.920928817
550.0,387.14285714285717,948.5714285714287,22.732038595991437,16522999.283041146
550.0,387.14285714285717,1114.2857142857142,22.193812489823078,15919041.767093133
550.0,387.14285714285717,1280.0,21.711484219858058,15458407.76765119
550.0,387.14285714285717,1445.7142857142858,21.281592786331004,15088451.464664456
550.0,387.14285714285717,1611.4285714285716,20.89922980777945,14780412.68625551
550.0,387.14285714285717,1777.1428571428573,20.55909577459486,14517316.981571127
550.0,387.14285714285717,1942.857142857143,20.256061622016176,14288443.341998277
550.0,387.14285714285717,2108.5714285714284,19.985429943609997,14086608.304133292
550.0,387.14285714285717,2274.285714285714,19.743028225711413,13906749.272759529
550.0,387.14285714285717,2440.0,19.52521445116526,13745144.294560747
550.0,387.14285714285717,2605.714285714286,19.32884092025853,13598960.324979108
550.0,387.14285714285717,2771.4285714285716,19.151201300175046,13465979.232780164
550.0,387.14285714285717,2937.1428571428573,18.98997392795382,13344424.269380413
550.0,387.14285714285717,3102.857142857143,18.843167714767034,13232845.70346139
550.0,387.14285714285717,3268.571428571429,18.70907338389001,13130042.673151163
550.0,387.14285714285717,3434.2857142857147,18.586220882626733,13035008.029557355
550.0,387.14285714285717,3600.0,18.473342868173155,12946888.27907988
550.0,434.28571428571433,120.0,26.07509225693484,53123815.30579769
550.0,434.28571428571433,285.7142857142857,25.351634484664647,27456327.668462884
550.0,434.28571428571433,451.42857142857144,24.663018908638886,21621818.036547307
550.0,434.28571428571433,617.1428571428571,23.995703499086044,19154337.32644762
550.0,434.28571428571433,782.8571428571429,23.365825003590924,17810437.877083555
550.0,434.28571428571433,948.5714285714287,22.78547462030563,16957442.443338893
550.0,434.28571428571433,1114.2857142857142,22.259620399809315,16355856.267562829
550.0,434.28571428571433,1280.0,21.78791176599419,15898806.54732691
550.0,434.28571428571433,1445.7142857142858,21.366973900238666,15532899.129615987
550.0,434.28571428571433,1611.4285714285716,20.992070948473646,15228970.635669945
550.0,434.28571428571433,1777.1428571428573,20.658103275365505,14969835.678361082
550.0,434.28571428571433,1942.857142857143,20.360137761803493,14744670.833516331
550.0,434.28571428571433,2108.5714285714284,20.093654680452193,14546251.285709636
550.0,434.28571428571433,2274.285714285714,19.85463596332162,14369506.852886913
550.0,434.28571428571433,2440.0,19.639570603476727,14210725.979646947
550.0,434.28571428571433,2605.714285714286,19.445420443269235,14067094.902846657
550.0,434.28571428571433,2771.4285714285716,19.269569980427594,13936418.458991982
550.0,434.28571428571433,2937.1428571428573,19.10977252725025,13816943.646423437
550.0,434.28571428571433,3102.857142857143,18.964098756332916,13707243.695486953
550.0,434.28571428571433,3268.571428571429,18.83089024687837,13606139.139522076
550.0,434.28571428571433,3434.2857142857147,18.70871885091416,13512642.328818638
550.0,434.28571428571433,3600.0,18.596351803058905,13425917.298136765
550.0,481.42857142857144,120.0,26.057069772325175,53782340.48156884
550.0,481.42857142857144,285.7142857142857,25.34664787988924,27945798.329632603
550.0,481.42857142857144,451.42857142857144,24.671675823135033,22065917.90407
550.0,481.42857142857144,617.1428571428571,24.01842501635325,19581471.048875403
550.0,481.42857142857144,782.8571428571429,23.402197069076255,18231619.302527923
550.0,481.42857142857144,948.5714285714287,22.83439956475335,17377828.346751876
550.0,481.42857142857144,1114.2857142857142,22.319651532196737,16777987.422863826
550.0,481.42857142857144,1280.0,21.857519002162086,16323892.62172397
550.0,481.42857142857144,1445.7142857142858,21.444700602859417,15961436.395292884
550.0,481.42857142857144,1611.4285714285716,21.076608150861404,15661069.237264829
550.0,481.42857142857144,1777.1428571428573,20.748313599753914,15405400.999841202
550.0,481.42857142857144,1942.857142857143,20.45505255699007,15183505.82897707
550.0,481.42857142857144,2108.5714285714284,20.192458778112318,14988114.323275803
550.0,481.42857142857144,2274.285714285714,19.95664804917586,14814144.032272303
550.0,481.42857142857144,2440.0,19.744223293993745,14657888.675661217
550.0,481.42857142857144,2605.714285714286,19.552241950498786,14516548.747358669
550.0,481.42857142857144,2771.4285714285716,19.378168067646055,14387947.390890932
550.0,481.42857142857144,2937.1428571428573,19.219820863912204,14270351.163352508
550.0,481.42857142857144,3102.857142857143,19.07532550653607,14162352.564533325
550.0,481.42857142857144,3268.571428571429,18.94306861936598,14062790.305952584
550.0,481.42857142857144,3434.2857142857147,18.821659316681924,13970693.453951867
550.0,481.42857142857144,3600.0,18.70989570380012,13885241.173746468
550.0,528.5714285714286,120.0,26.04155098707859,54424270.137479395
550.0,528.5714285714286,285.7142857142857,25.342981432896792,28423191.143144317
550.0,528.5714285714286,451.42857142857144,24.68036208849011,22498500.973781765
550.0,528.5714285714286,617.1428571428571,24.039803204726457,19997045.911190774
550.0,528.5714285714286,782.8571428571429,23.43588286491794,18640927.413865548
550.0,528.5714285714286,948.5714285714287,22.879416357601702,17785890.006591942
550.0,528.5714285714286,1114.2857142857142,22.37472019069637,17187289.10690809
550.0,528.5714285714286,1280.0,21.921287863475474,16735639.971176945
550.0,528.5714285714286,1445.7142857142858,21.515881488687818,16376149.996295141
550.0,528.5714285714286,1611.4285714285716,21.15404103521027,16078897.538323147
550.0,528.5714285714286,1777.1428571428573,20.830987761839218,15826292.912977628
550.0,528.5714285714286,1942.857142857143,20.542104482606106,15607308.060485069
550.0,528.5714285714286,2108.5714285714284,20.283159232421784,15414626.59087201
550.0,528.5714285714286,2274.285714285714,20.050385241732535,15243150.176641092
550.0,528.5714285714286,2440.0,19.840485695309933,15089173.809898961
550.0,528.5714285714286,2605.714285714286,19.650602413416422,14949908.284678927
550.0,528.5714285714286,2771.4285714285716,19.478269883828293,14823191.360129314
550.0,528.5714285714286,2937.1428571428573,19.321365867285433,14707305.819956651
550.0,528.5714285714286,3102.857142857143,19.178064093584855,14600860.484539326
550.0,528.5714285714286,3268.571428571429,19.04679146033529,14502709.66551227
550.0,528.5714285714286,3434.2857142857147,18.926190509628146,14411896.908063188
550.0,528.5714285714286,3600.0,18.815087135983894,14327614.574853947
550.0,575.7142857142858,120.0,26.028047627277253,55051683.57009752
550.0,575.7142857142858,285.7142857142857,25.340312488131154,28889812.11635108
550.0,575.7142857142858,451.42857142857144,24.68895271986814,22920801.575537052
550.0,575.7142857142858,617.1428571428571,24.059931134714756,20402317.02232342
550.0,575.7142857142858,782.8571428571429,23.467190930730407,19039679.78515048
550.0,575.7142857142858,948.5714285714287,22.9210279875082,18183028.505112223
550.0,575.7142857142858,1114.2857142857142,22.425493449349,17585253.575648934
550.0,575.7142857142858,1280.0,21.980016990832993,17135631.23666879
550.0,575.7142857142858,1445.7142857142858,21.581416255659136,16778707.426592533
550.0,575.7142857142858,1611.4285714285716,21.22534372289649,16484200.123331703
550.0,575.7142857142858,1777.1428571428573,20.907152044485674,16234324.63985918
550.0,575.7142857142858,1942.857142857143,20.62235388797728,16017951.106505994
550.0,575.7142857142858,2108.5714285714284,20.366836030033227,15827714.346698485
550.0,575.7142857142858,2274.285714285714,20.13693582066598,15658497.330706436
550.0,575.7142857142858,2440.0,19.929445563565174,15506593.141050112
550.0,575.7142857142858,2605.714285714286,19.741582285278245,15369219.699492004
550.0,575.7142857142858,2771.4285714285716,19.570943424504183,15244226.40400989
550.0,575.7142857142858,2937.1428571428573,19.41545920673274,15129909.565675834
550.0,575.7142857142858,3102.857142857143,19.27334700606656,15024891.927707434
550.0,575.7142857142858,3268.571428571429,19.143070019242646,14928041.298744762
550.0,575.7142857142858,3434.2857142857147,19.02330100532612,14838413.872430988
550.0,575.7142857142858,3600.0,18.91289105362874,14755213.623137984
550.0,622.8571428571429,120.0,26.01619356601865,55666179.09078894
550.0,622.8571428571429,285.7142857142857,25.33841020640954,29346726.958639577
550.0,622.8571428571429,451.42857142857144,24.697374119485477,23333839.296062697
550.0,622.8571428571429,617.1428571428571,24.078906825305207,20798323.0469776
550.0,622.8571428571429,782.8571428571429,23.496388338945714,19428964.41066873
550.0,622.8571428571429,948.5714285714287,22.95965435833046,18570396.54457442
550.0,622.8571428571429,1114.2857142857142,22.47252089328192,17973103.79092584
550.0,622.8571428571429,1280.0,22.034360901002408,17525158.93722562
550.0,622.8571428571429,1445.7142857142858,21.6420410957961,17170466.53486488
550.0,622.8571428571429,1611.4285714285716,21.291313713373142,16878394.276703868
550.0,622.8571428571429,1777.1428571428573,20.97764815408914,16630966.484900232
550.0,622.8571428571429,1942.857142857143,20.696672710801135,16416951.998241607
550.0,622.8571428571429,2108.5714285714284,20.44438012369149,16228935.504090505
550.0,622.8571428571429,2274.285714285714,20.217200868945927,16061779.030513197
550.0,622.8571428571429,2440.0,20.01200714587156,15911771.184149925
550.0,622.8571428571429,2605.714285714286,19.826083564865815,15776134.432756925
550.0,622.8571428571429,2771.4285714285716,19.657084272732057,15652727.376002599
550.0,622.8571428571429,2937.1428571428573,19.50298687344738,15539857.632381134
550.0,622.8571428571429,3102.857142857143,19.362048252931963,15436159.888668414
550.0,622.8571428571429,3268.571428571429,19.23276455345909,15340513.708944172
550.0,622.8571428571429,3434.2857142857147,19.113836029995827,15251986.415328592
550.0,622.8571428571429,3600.0,19.004136757730794,15169792.27374723
550.0,670.0,120.0,26.005708265181134,56269020.460637175
550.0,670.0,285.7142857142857,25.33710553764052,29794822.01351732
550.0,670.0,451.42857142857144,24.70558409973019,23738469.537679356
550.0,670.0,617.1428571428571,24.096825343342637,21185936.033587426
550.0,670.0,782.8571428571429,23.523705020329217,19809692.684815887
550.0,670.0,948.5714285714287,22.995647518689193,18948956.481806677
550.0,670.0,1114.2857142857142,22.516258685699587,18351857.249777097
550.0,670.0,1280.0,22.0848606527059,17905295.128242683
550.0,670.0,1445.7142857142858,21.698363878785965,17552550.65895657
550.0,670.0,1611.4285714285716,21.352609803300936,17262650.06162011
550.0,670.0,1777.1428571428573,21.043172426236428,17017430.27178561
550.0,670.0,1942.857142857143,20.76578383192256,16805559.441579815
550.0,670.0,2108.5714285714284,20.516532067244558,16619571.111381155
550.0,670.0,2274.285714285714,20.29193154002756,16454304.572849963
550.0,670.0,2440.0,20.088926608037504,16306041.861777263
550.0,670.0,2605.714285714286,19.904863051359712,16172007.86400725
550.0,670.0,2771.4285714285716,19.73744645464255,16050068.359704832
550.0,670.0,2937.1428571428573,19.584697491993943,15938540.425303468
550.0,670.0,3102.857142857143,19.444909048403574,15836069.036125226
550.0,670.0,3268.571428571429,19.31660735056426,15741544.050952395
550.0,670.0,3434.2857142857147,19.19851781894188,15654042.642057462
550.0,670.0,3600.0,19.08953561517884,15572788.253957052
550.0,717.1428571428572,120.0,25.99637276282059,56861230.845244676
550.0,717.1428571428572,285.7142857142857,25.336272207049667,30234845.961242054
550.0,717.1428571428572,451.42857142857144,24.713560045562872,24135419.300139144
550.0,717.1428571428572,617.1428571428571,24.113775407867532,21565897.12965428
550.0,717.1428571428572,782.8571428571429,23.549338862123104,20182637.44009087
550.0,717.1428571428572,948.5714285714287,23.029304350697128,19319521.86299348
550.0,717.1428571428572,1114.2857142857142,22.557088461224104,18722371.46195197
550.0,717.1428571428572,1280.0,22.131967447651412,18276940.82145391
550.0,717.1428571428572,1445.7142857142858,21.750891066329977,17925901.742465902
550.0,717.1428571428572,1611.4285714285716,21.409781115825254,17637946.77416089
550.0,717.1428571428572,1777.1428571428573,21.10430598981726,17394728.74225717
550.0,717.1428571428572,1942.857142857143,20.830291599251293,17184815.777279902
550.0,717.1428571428572,2108.5714285714284,20.583912301796985,17000689.520993877
550.0,717.1428571428572,2274.285714285714,20.361758655302157,16837165.079729587
550.0,717.1428571428572,2440.0,20.160840610141157,16690516.19057178
550.0,717.1428571428572,2605.714285714286,19.978559657704825,16557968.384414513
550.0,717.1428571428572,2771.4285714285716,19.812668322527536,16437392.92699878
550.0,717.1428571428572,2937.1428571428573,19.661226660761344,16327114.794609122
550.0,717.1428571428572,3102.857142857143,19.52256054004212,16225787.851796024
550.0,717.1428571428572,3268.571428571429,19.3952238066278,16132311.013254365
550.0,717.1428571428572,3434.2857142857147,19.277965032025772,16045770.214478828
550.0,717.1428571428572,3600.0,19.169698816592273,15965397.13004741
550.0,764.2857142857143,120.0,25.98801340949042,57443655.33870701
550.0,764.2857142857143,285.7142857142857,25.335814276490137,30667439.386181097
550.0,764.2857142857143,451.42857142857144,24.721291689400182,24525313.267311554
550.0,764.2857142857143,617.1428571428571,24.1298381954825,21938842.86540581
550.0,764.2857142857143,782.8571428571429,23.5734605508982,20548460.95204467
550.0,764.2857142857143,948.5714285714287,23.060876818054734,19682787.901861247
550.0,764.2857142857143,1114.2857142857142,22.595332023979594,19085377.18067186
550.0,764.2857142857143,1280.0,22.176060749284794,18640861.955374103
550.0,764.2857142857143,1445.7142857142858,21.800048291338193,18291318.870550748
550.0,764.2857142857143,1611.4285714285716,21.463289312065818,18005113.795777053
550.0,764.2857142857143,1777.1428571428573,21.161537930140252,17763718.454692524
550.0,764.2857142857143,1942.857142857143,20.890705400821844,17555601.662099145
550.0,764.2857142857143,2108.5714285714284,20.64704471776198,17373192.610639
550.0,764.2857142857143,2274.285714285714,20.427215934367464,17211281.043753717
550.0,764.2857142857143,2440.0,20.228288965077542,17066130.96225001
550.0,764.2857142857143,2605.714285714286,20.047716321548027,16934967.050778877
550.0,764.2857142857143,2771.4285714285716,19.88329359242265,16815664.625606395
550.0,764.2857142857143,2937.1428571428573,19.73311702934412,16706555.237498028
550.0,764.2857142857143,3102.857142857143,19.59554286904685,16606300.445613403
550.0,764.2857142857143,3268.571428571429,19.469150435487883,16513807.159842424
550.0,764.2857142857143,3434.2857142857147,19.352709695429922,16428169.145844828
550.0,764.2857142857143,3600.0,19.245153247253658,16348625.49218043
550.0,811.4285714285714,120.0,25.980490558997666,58017003.910620905
550.0,811.4285714285714,285.7142857142857,25.33565777657762,31093156.364554588
550.0,811.4285714285714,451.42857142857144,24.728776593760315,24908693.297919393
550.0,811.4285714285714,617.1428571428571,24.14508721573269,22305324.927662678
550.0,811.4285714285714,782.8571428571429,23.596217827953723,20907736.000116505
550.0,811.4285714285714,948.5714285714287,23.09058014926204,20039354.32493519
550.0,811.4285714285714,1114.2857142857142,22.631262784329202,19441503.213395666
550.0,811.4285714285714,1280.0,22.21746224791076,18997716.15530227
550.0,811.4285714285714,1445.7142857142858,21.846196174053294,18649486.85347112
550.0,811.4285714285714,1611.4285714285716,21.513525672217547,18364860.824239098
550.0,811.4285714285714,1777.1428571428573,21.215283151231464,18125131.47167602
550.0,811.4285714285714,1942.857142857143,20.947457921152843,17918669.027287293
550.0,811.4285714285714,2108.5714285714284,20.706375002377612,17737849.84179775
550.0,811.4285714285714,2274.285714285714,20.488758200954326,17577437.33421275
550.0,811.4285714285714,2440.0,20.291732526993282,17433684.564080566
550.0,811.4285714285714,2605.714285714286,20.112797445529353,17303814.105215605
550.0,811.4285714285714,2771.4285714285716,19.949788241200892,17185704.09912611
550.0,811.4285714285714,2937.1428571428573,19.800834585154224,17077691.534041997
550.0,811.4285714285714,3102.857142857143,19.664320800625514,16978444.63517662
550.0,811.4285714285714,3268.571428571429,19.53884981371123,16886877.391666632
550.0,811.4285714285714,3434.2857142857147,19.423211444760963,16802090.591619473
550.0,811.4285714285714,3600.0,19.31635502160514,16723330.029583545
550.0,858.5714285714287,120.0,25.973690522455005,58581881.73666403
550.0,858.5714285714287,285.7142857142857,25.335744939326577,31512480.620132122
550.0,858.5714285714287,451.42857142857144,24.736017271527473,25286033.29172082
550.0,858.5714285714287,617.1428571428571,24.1595886878361,22665825.31809162
550.0,858.5714285714287,782.8571428571429,23.617739102135957,21260961.9978587
550.0,858.5714285714287,948.5714285714287,23.1185993568136,20389742.812404975
550.0,858.5714285714287,1114.2857142857142,22.665114698388482,19791295.294374663
550.0,858.5714285714287,1280.0,22.256446698685764,19348073.021701112
550.0,858.5714285714287,1445.7142857142858,21.889642570444593,19000997.838725675
550.0,858.5714285714287,1611.4285714285716,21.560824330911,18717800.682305805
550.0,858.5714285714287,1777.1428571428573,21.26589624723687,18479599.227832988
550.0,858.5714285714287,1942.857142857143,21.000919366488702,18274665.871936545
550.0,858.5714285714287,2108.5714285714284,20.762284996666818,18095323.85547956
550.0,858.5714285714287,2274.285714285714,20.546775699696735,17936309.485377945
550.0,858.5714285714287,2440.0,20.351567336793863,17793863.863496028
550.0,858.5714285714287,2605.714285714286,20.17420277309261,17665206.372794133
550.0,858.5714285714287,2771.4285714285716,20.012554040042684,17548216.926081304
550.0,858.5714285714287,2937.1428571428573,19.86478179212335,17441236.96629134
550.0,858.5714285714287,3102.857142857143,19.729296431256106,17342940.492447987
550.0,858.5714285714287,3268.571428571429,19.604722831958927,17252247.776062004
550.0,858.5714285714287,3434.2857142857147,19.48986930549603,17168265.923259087
550.0,858.5714285714287,3600.0,19.383700784997984,17090246.815808047
550.0,905.7142857142858,120.0,25.96751972806826,59138811.151282564
550.0,905.7142857142858,285.7142857142857,25.33603013787444,31925837.871408347
550.0,905.7142857142858,451.42857142857144,24.743019321951806,25657750.730033427
550.0,905.7142857142858,617.1428571428571,24.173402129342264,23020768.163205493
550.0,905.7142857142858,782.8571428571429,23.638136468865056,21608577.544635214
550.0,905.7142857142858,948.5714285714287,23.14509444202605,20734410.52807162
550.0,905.7142857142858,1114.2857142857142,22.69708930169756,20135230.676035125
550.0,905.7142857142858,1280.0,22.29325040145715,19692429.76894188
550.0,905.7142857142858,1445.7142857142858,21.930652139879058,19346367.92874625
550.0,905.7142857142858,1611.4285714285716,21.60547262105118,19064466.82084226
550.0,905.7142857142858,1777.1428571428573,21.313682363225098,18827670.817625053
550.0,905.7142857142858,1942.857142857143,21.05140863320623,18624155.237440526
550.0,905.7142857142858,2108.5714285714284,20.81510400578829,18446190.042987633
550.0,905.7142857142858,2274.285714285714,20.601605419402436,18288483.782832738
550.0,905.7142857142858,2440.0,20.408135859203462,18147264.739184473
550.0,905.7142857142858,2605.714285714286,20.232278464184805,18019748.176000822
550.0,905.7142857142858,2771.4285714285716,20.071939412649414,17903814.864886973
550.0,905.7142857142858,2937.1428571428573,19.92530819028255,17797809.84838528
550.0,905.7142857142858,3102.857142857143,19.790819500211818,17700412.120152835
550.0,905.7142857142858,3268.571428571429,19.667118698178562,17610547.536167093
550.0,905.7142857142858,3434.2857142857147,19.55303137466413,17527328.902141053
550.0,905.7142857142858,3600.0,19.447537066177116,17450013.642709456
550.0,952.8571428571429,120.0,25.961900406112814,59688247.887332745
550.0,952.8571428571429,285.7142857142857,25.336476973933607,32333605.44001888
550.0,952.8571428571429,451.42857142857144,24.749790210331216,26024215.772274997
550.0,952.8571428571429,617.1428571428571,24.186581009720186,23370529.047138896
550.0,952.8571428571429,782.8571428571429,23.657508216076806,21950970.330147415
550.0,952.8571428571429,948.5714285714287,23.170204569097137,21073760.76469836
550.0,952.8571428571429,1114.2857142857142,22.727361284861157,20473729.573783547
550.0,952.8571428571429,1280.0,22.32807789260346,20031223.457625348
550.0,952.8571428571429,1445.7142857142858,21.969453885645922,19686050.149222836
550.0,952.8571428571429,1611.4285714285716,21.64771922981338,19405326.95330621
550.0,952.8571428571429,1777.1428571428573,21.358905772076522,19169827.22088421
550.0,952.8571428571429,1942.857142857143,21.099202147812715,18967629.950984783
550.0,952.8571428571429,2108.5714285714284,20.865117776701616,18790951.739922766
550.0,952.8571428571429,2274.285714285714,20.65354011013393,18634472.847649004
550.0,952.8571428571429,2440.0,20.461735963266005,18494408.002448406
550.0,952.8571428571429,2605.714285714286,20.28732598109429,18367967.547270115
550.0,952.8571428571429,2771.4285714285716,20.128248182596526,18253032.317869727
550.0,952.8571428571429,2937.1428571428573,19.98271897207965,18147950.207960945
550.0,952.8571428571429,3102.857142857143,19.84919577115504,18051404.52132482
550.0,952.8571428571429,3268.571428571429,19.726343107729324,17962326.083518624
550.0,952.8571428571429,3434.2857142857147,19.613002768176276,17879832.85368024
550.0,952.8571428571429,3600.0,19.508167994707293,17803187.317589343
550.0,1000.0,120.0,25.95676734998828,60230593.32632809
550.0,1000.0,285.7142857142857,25.337056153409176,32736119.845973425
550.0,1000.0,451.42857142857144,24.756338463099333,26385758.522460416
550.0,1000.0,617.1428571428571,24.199173395891783,23715442.47983524
550.0,1000.0,782.8571428571429,23.67594090050459,22288485.047674507
550.0,1000.0,948.5714285714287,23.19405143139606,21408151.425699674
550.0,1000.0,1114.2857142857142,22.75608294783565,20807164.25843261
550.0,1000.0,1280.0,22.361107271265407,20364840.68785342
550.0,1000.0,1445.7142857142858,22.006247150398913,20020444.70396234
550.0,1000.0,1611.4285714285716,21.6877806861831,19740793.81929373
550.0,1000.0,1777.1428571428573,21.401796705917203,19506492.51821064
550.0,1000.0,1942.857142857143,21.144540921661882,19305524.237468522
550.0,1000.0,2108.5714285714284,20.91257567986567,19130052.183525197
550.0,1000.0,2274.285714285714,20.702835516082438,18974727.89336975
550.0,1000.0,2440.0,20.512628147408904,18835751.913570542
550.0,1000.0,2605.714285714286,20.339609260297845,18710328.96972782
550.0,1000.0,2771.4285714285716,20.18174665740439,18596339.266153403
550.0,1000.0,2937.1428571428573,20.037281952717173,18492132.889162228
550.0,1000.0,3102.857142857143,19.90469386957648,18396396.8480853
550.0,1000.0,3268.571428571429,19.782664934097824,18308066.39340464
550.0,1000.0,3434.2857142857147,19.67005215518296,18226264.152759608
550.0,1000.0,3600.0,19.565861672613988,18150257.24451014
585.7142857142858,10.0,120.0,26.73111484172471,44672630.77459712
585.7142857142858,10.0,285.7142857142857,25.884057391079413,21694790.794519246
585.7142857142858,10.0,451.42857142857144,24.99217342939796,16476500.933441801
585.7142857142858,10.0,617.1428571428571,24.07499840958158,14211869.759708367
585.7142857142858,10.0,782.8571428571429,23.188018811209677,12897907.719638502
585.7142857142858,10.0,948.5714285714287,22.374420155664904,11988128.014210576
585.7142857142858,10.0,1114.2857142857142,21.655328876628545,11288070.407560611
585.7142857142858,10.0,1280.0,21.034558129284438,10716603.434150321
585.7142857142858,10.0,1445.7142857142858,20.505936380362527,10234686.963019233
585.7142857142858,10.0,1611.4285714285716,20.05887829798524,9820606.616426341
585.7142857142858,10.0,1777.1428571428573,19.68170521675183,9460569.084275195
585.7142857142858,10.0,1942.857142857143,19.363324462940728,9144864.78018777
585.7142857142858,10.0,2108.5714285714284,19.093927289821078,8866173.253590884
585.7142857142858,10.0,2274.285714285714,18.865166787208633,8618738.410210937
585.7142857142858,10.0,2440.0,18.670089769046026,8397918.992794344
585.7142857142858,10.0,2605.714285714286,18.50297063868267,8199914.060601714
585.7142857142858,10.0,2771.4285714285716,18.35912118397198,8021578.392902373
585.7142857142858,10.0,2937.1428571428573,18.234709949944587,7860289.363296519
585.7142857142858,10.0,3102.857142857143,18.126604133301946,7713846.4414717
585.7142857142858,10.0,3268.571428571429,18.032236931741497,7580393.145323106
585.7142857142858,10.0,3434.2857142857147,17.949498846271634,7458355.357573993
585.7142857142858,10.0,3600.0,17.8766497871425,7346392.0222619455
585.7142857142858,57.142857142857146,120.0,26.40936146198998,47197224.90648292
585.7142857142858,57.142857142857146,285.7142857142857,25.538676904373173,23088959.810130645
585.7142857142858,57.142857142857146,451.42857142857144,24.6531286005058,17628616.44476771
585.7142857142858,57.142857142857146,617.1428571428571,23.761827634093684,15276686.485140119
585.7142857142858,57.142857142857146,782.8571428571429,22.906860624777043,13939312.243885353
585.7142857142858,57.142857142857146,948.5714285714287,22.12013131091343,13038897.416399656
585.7142857142858,57.142857142857146,1114.2857142857142,21.416843365486653,12364351.992740687
585.7142857142858,57.142857142857146,1280.0,20.799408935585603,11824816.59115639
585.7142857142858,57.142857142857146,1445.7142857142858,20.26285389718557,11375797.06136671
585.7142857142858,57.142857142857146,1611.4285714285716,19.798843326111065,10992782.309730582
585.7142857142858,57.142857142857146,1777.1428571428573,19.39809792217097,10660746.32064648
585.7142857142858,57.142857142857146,1942.857142857143,19.05165391290438,10369611.278574899
585.7142857142858,57.142857142857146,2108.5714285714284,18.7514236641761,10112132.80555273
585.7142857142858,57.142857142857146,2274.285714285714,18.490374381705386,9882835.697520535
585.7142857142858,57.142857142857146,2440.0,18.262516171400783,9677434.251004046
585.7142857142858,57.142857142857146,2605.714285714286,18.062805935200068,9492490.749543872
585.7142857142858,57.142857142857146,2771.4285714285716,17.887022858581286,9325199.08366376
585.7142857142858,57.142857142857146,2937.1428571428573,17.731642788254497,9173238.81696747
585.7142857142858,57.142857142857146,3102.857142857143,17.593723539887076,9034671.692278374
585.7142857142858,57.142857142857146,3268.571428571429,17.47080534029547,8907865.349493574
585.7142857142858,57.142857142857146,3434.2857142857147,17.36082680360466,8791435.45219412
585.7142857142858,57.142857142857146,3600.0,17.262055159174174,8684200.82352867
585.7142857142858,104.28571428571429,120.0,26.283191036288915,48539949.23324084
585.7142857142858,104.28571428571429,285.7142857142857,25.438827576143503,23960336.163858417
585.7142857142858,104.28571428571429,451.42857142857144,24.594398851162996,18398977.161701314
585.7142857142858,104.28571428571429,617.1428571428571,23.75320299434967,16015864.620927542
585.7142857142858,104.28571428571429,782.8571428571429,22.94958369649687,14676386.45627259
585.7142857142858,104.28571428571429,948.5714285714287,22.209271343393667,13788330.091050789
585.7142857142858,104.28571428571429,1114.2857142857142,21.544265471596056,13132865.808150219
585.7142857142858,104.28571428571429,1280.0,20.956161192345462,12614699.49102937
585.7142857142858,104.28571428571429,1445.7142857142858,20.44055465355654,12186891.108058335
585.7142857142858,104.28571428571429,1611.4285714285716,19.990292937871725,11823696.105712835
585.7142857142858,104.28571428571429,1777.1428571428573,19.597427894158155,11509563.937714582
585.7142857142858,104.28571428571429,1942.857142857143,19.254245455455926,11234284.875474371
585.7142857142858,104.28571428571429,2108.5714285714284,18.953734262663893,10990685.598106716
585.7142857142858,104.28571428571429,2274.285714285714,18.689744808080977,10773455.966261141
585.7142857142858,104.28571428571429,2440.0,18.456991126552808,10578509.28950143
585.7142857142858,104.28571428571429,2605.714285714286,18.250980567372387,10402609.319874443
585.7142857142858,104.28571428571429,2771.4285714285716,18.067917195155836,10243138.574192997
585.7142857142858,104.28571428571429,2937.1428571428573,17.904601695194746,10097946.017686013
585.7142857142858,104.28571428571429,3102.857142857143,17.758338313387995,9965241.919121096
585.7142857142858,104.28571428571429,3268.571428571429,17.626852885372173,9843522.291890467
585.7142857142858,104.28571428571429,3434.2857142857147,17.508222767326753,9731512.817582358
585.7142857142858,104.28571428571429,3600.0,17.40081797420089,9628126.154489629
585.7142857142858,151.42857142857144,120.0,26.207430824692658,49611559.180541
585.7142857142858,151.42857142857144,285.7142857142857,25.389829586367625,24704435.635540813
585.7142857142858,151.42857142857144,451.42857142857144,24.580604958371314,19068993.353075873
585.7142857142858,151.42857142857144,617.1428571428571,23.779594629583737,16662721.884923033
585.7142857142858,151.42857142857144,782.8571428571429,23.016317005027762,15320969.515509956
585.7142857142858,151.42857142857144,948.5714285714287,22.312710762431472,14440816.902405936
585.7142857142858,151.42857142857144,1114.2857142857142,21.67882137954768,13797994.699386341
585.7142857142858,151.42857142857144,1280.0,21.11574419048442,13294176.93910691
585.7142857142858,151.42857142857144,1445.7142857142858,20.619422597650534,12880762.079093438
585.7142857142858,151.42857142857144,1611.4285714285716,20.183433275750833,12531155.22435287
585.7142857142858,151.42857142857144,1777.1428571428573,19.800661478859983,12229426.15980971
585.7142857142858,151.42857142857144,1942.857142857143,19.464188536260277,11965248.29588917
585.7142857142858,151.42857142857144,2108.5714285714284,19.167700892915597,11731470.543771302
585.7142857142858,151.42857142857144,2274.285714285714,18.905633507747368,11522872.574546646
585.7142857142858,151.42857142857144,2440.0,18.67317666082847,11335485.010985112
585.7142857142858,151.42857142857144,2605.714285714286,18.466219203760346,11166194.809461718
585.7142857142858,151.42857142857144,2771.4285714285716,18.281267515785427,11012502.580807032
585.7142857142858,151.42857142857144,2937.1428571428573,18.11536016609511,10872365.236779917
585.7142857142858,151.42857142857144,3102.857142857143,17.965987702875783,10744089.070154978
585.7142857142858,151.42857142857144,3268.571428571429,17.83102137344465,10626254.133849222
585.7142857142858,151.42857142857144,3434.2857142857147,17.70865172015941,10517658.940954763
585.7142857142858,151.42857142857144,3600.0,17.59733663232727,10417278.90391447
585.7142857142858,198.57142857142858,120.0,26.15523522967735,50556758.0241566
585.7142857142858,198.57142857142858,285.7142857142857,25.361480587545156,25381615.673151877
585.7142857142858,198.57142857142858,451.42857142857144,24.581532231121255,19682201.032562044
585.7142857142858,198.57142857142858,617.1428571428571,23.81295116849353,17254985.085562803
585.7142857142858,198.57142857142858,782.8571428571429,23.081919047415276,15909692.524758967
585.7142857142858,198.57142857142858,948.5714285714287,22.407766136029565,15034377.447631221
585.7142857142858,198.57142857142858,1114.2857142857142,21.799197223077215,14400343.459825212
585.7142857142858,198.57142857142858,1280.0,21.2569632214548,13906853.985168098
585.7142857142858,198.57142857142858,1445.7142857142858,20.777244908891177,13503992.34302015
585.7142857142858,198.57142857142858,1611.4285714285716,20.35412299977937,13164479.882258816
585.7142857142858,198.57142857142858,1777.1428571428573,19.981063848062654,12872065.869153207
585.7142857142858,198.57142857142858,1942.857142857143,19.651709089093593,12616307.16605526
585.7142857142858,198.57142857142858,2108.5714285714284,19.36024228684205,12390046.230199747
585.7142857142858,198.57142857142858,2274.285714285714,19.101519869376283,12188111.984984819
585.7142857142858,198.57142857142858,2440.0,18.87108004043531,12006609.175584065
585.7142857142858,198.57142857142858,2605.714285714286,18.66509424575442,11842506.757217754
585.7142857142858,198.57142857142858,2771.4285714285716,18.480296124344576,11693386.242745016
585.7142857142858,198.57142857142858,2937.1428571428573,18.31390590192899,11557279.951735986
585.7142857142858,198.57142857142858,3102.857142857143,18.163558808345098,11432562.2527156
585.7142857142858,198.57142857142858,3268.571428571429,18.027241085015458,11317873.494793711
585.7142857142858,198.57142857142858,3434.2857142857147,17.903234566803597,11212064.979467805
585.7142857142858,198.57142857142858,3600.0,17.790069570161673,11114158.010881955
585.7142857142858,245.71428571428572,120.0,26.116526058131573,51426297.009335354
585.7142857142858,245.71428571428572,285.7142857142857,25.34367428254561,26014374.20955691
585.7142857142858,245.71428571428572,451.42857142857144,24.588410106511738,20255978.87499247
585.7142857142858,245.71428571428572,617.1428571428571,23.84668053650838,17808596.442948524
585.7142857142858,245.71428571428572,782.8571428571429,23.142196934009096,16458658.266009223
585.7142857142858,245.71428571428572,948.5714285714287,22.492362553674223,15586106.98739932
585.7142857142858,245.71428571428572,1114.2857142857142,21.904892642713637,14958377.348354325
585.7142857142858,245.71428571428572,1280.0,21.380282599092734,14472665.774649128
585.7142857142858,245.71428571428572,1445.7142857142858,20.914887449095968,14077932.342822615
585.7142857142858,245.71428571428572,1611.4285714285716,20.503161411148703,13746306.84728118
585.7142857142858,245.71428571428572,1777.1428571428573,20.139004468014733,13461250.287303234
585.7142857142858,245.71428571428572,1942.857142857143,19.816479493545405,13212202.126571437
585.7142857142858,245.71428571428572,2108.5714285714284,19.53014680072819,12991981.033231722
585.7142857142858,245.71428571428572,2274.285714285714,19.27518498384995,12795440.998986246
585.7142857142858,245.71428571428572,2440.0,19.047400617180664,12618735.121458717
585.7142857142858,245.71428571428572,2605.714285714286,18.843185214410127,12458889.671370706
585.7142857142858,245.71428571428572,2771.4285714285716,18.65945117390366,12313544.6694607
585.7142857142858,245.71428571428572,2937.1428571428573,18.49356312355504,12180788.140922539
585.7142857142858,245.71428571428572,3102.857142857143,18.343272588103645,12059045.510121461
585.7142857142858,245.71428571428572,3268.571428571429,18.20665933431194,11947002.88015935
585.7142857142858,245.71428571428572,3434.2857142857147,18.08208038040904,11843551.995504333
585.7142857142858,245.71428571428572,3600.0,17.9681264938795,11747749.607970603
585.7142857142858,292.8571428571429,120.0,26.086440675515973,52243923.065519944
585.7142857142858,292.8571428571429,285.7142857142857,25.331967689366092,26614170.934666045
585.7142857142858,292.8571428571429,451.42857142857144,24.597871667397676,20799732.815210503
585.7142857142858,292.8571428571429,617.1428571428571,23.878886664318884,18332511.21049691
585.7142857142858,292.8571428571429,782.8571428571429,23.19680625489002,16977075.36842339
585.7142857142858,292.8571428571429,948.5714285714287,22.567539205733507,16105831.96738412
585.7142857142858,292.8571428571429,1114.2857142857142,21.998033498445515,15482699.027915819
585.7142857142858,292.8571428571429,1280.0,21.48858540145506,15003022.835383227
585.7142857142858,292.8571428571429,1445.7142857142858,21.035684233394818,14614761.65563335
585.7142857142858,292.8571428571429,1611.4285714285716,20.634074510070505,14289512.394077247
585.7142857142858,292.8571428571429,1777.1428571428573,20.27799514329844,14010468.52183956
585.7142857142858,292.8571428571429,1942.857142857143,19.96184017310743,13766951.727455024
585.7142857142858,292.8571428571429,2108.5714285714284,19.68046794196388,13551745.863720713
585.7142857142858,292.8571428571429,2274.285714285714,19.429313569545226,13359714.435291465
585.7142857142858,292.8571428571429,2440.0,19.204398793606646,13187042.189532423
585.7142857142858,292.8571428571429,2605.714285714286,19.002292835351938,13030796.60762291
585.7142857142858,292.8571428571429,2771.4285714285716,18.820053526365612,12888661.517019747
585.7142857142858,292.8571428571429,2937.1428571428573,18.655163894148032,12758767.639849251
585.7142857142858,292.8571428571429,3102.857142857143,18.505471594944503,12639580.15700627
585.7142857142858,292.8571428571429,3268.571428571429,18.36913436525103,12529821.220673535
585.7142857142858,292.8571428571429,3434.2857142857147,18.244572463741466,12428414.738135267
585.7142857142858,292.8571428571429,3600.0,18.13042798716293,12334445.870295823
585.7142857142858,340.0,120.0,26.06227885427924,53022746.10374566
585.7142857142858,340.0,285.7142857142857,25.324084266632223,27187903.104123957
585.7142857142858,340.0,451.42857142857144,24.60841772100135,21319389.23060292
585.7142857142858,340.0,617.1428571428571,23.909057266422163,18832500.64366034
585.7142857142858,340.0,782.8571428571429,23.246254689930293,17470923.5351148
585.7142857142858,340.0,948.5714285714287,22.63471817454222,16599928.212727398
585.7142857142858,340.0,1114.2857142857142,22.080779290681885,15980159.43055536
585.7142857142858,340.0,1280.0,21.584573567880323,15505262.875773208
585.7142857142858,340.0,1445.7142857142858,21.142697565447204,15122278.94861542
585.7142857142858,340.0,1611.4285714285716,20.75012936903821,14802312.563896721
585.7142857142858,340.0,1777.1428571428573,20.401381866725643,14528304.471237857
585.7142857142858,340.0,1942.857142857143,20.091118071045823,14289458.75572947
585.7142857142858,340.0,2108.5714285714284,19.814439595228666,14078517.149091277
585.7142857142858,340.0,2274.285714285714,19.56699205272544,13890342.100845529
585.7142857142858,340.0,2440.0,19.34497470423835,13721138.530284123
585.7142857142858,340.0,2605.714285714286,19.145104226114906,13568003.973685144
585.7142857142858,340.0,2771.4285714285716,18.964559837496108,13428655.816069668
585.7142857142858,340.0,2937.1428571428573,18.800923993463673,13301258.35562352
585.7142857142858,340.0,3102.857142857143,18.652125589032114,13184308.566434452
585.7142857142858,340.0,3268.571428571429,18.51638868430562,13076557.777321488
585.7142857142858,340.0,3434.2857142857147,18.39218770021595,12976956.168493778
585.7142857142858,340.0,3600.0,18.27820900830861,12884612.281898992
585.7142857142858,387.14285714285717,120.0,26.042396743458234,53770844.25376826
585.7142857142858,387.14285714285717,285.7142857142857,25.31873458521958,27740170.20083153
585.7142857142858,387.14285714285717,451.42857142857144,24.61931986770263,21819032.704877563
585.7142857142858,387.14285714285717,617.1428571428571,23.9371464613024,19312596.817705866
585.7142857142858,387.14285714285717,782.8571428571429,23.29119301991659,17944391.732566345
585.7142857142858,387.14285714285717,948.5714285714287,22.695177148485698,17072849.60464649
585.7142857142858,387.14285714285717,1114.2857142857142,22.154921758441798,16455521.751832206
585.7142857142858,387.14285714285717,1280.0,21.670429167699893,15984463.166779973
585.7142857142858,387.14285714285717,1445.7142857142858,21.23838392728563,15605858.190606676
585.7142857142858,387.14285714285717,1611.4285714285716,20.853957052242887,15290350.150976652
585.7142857142858,387.14285714285717,1777.1428571428573,20.511888635685214,15020638.416623287
585.7142857142858,387.14285714285717,1942.857142857143,20.207065631964248,14785810.048645169
585.7142857142858,387.14285714285717,2108.5714285714284,19.934793039918627,14578559.670852663
585.7142857142858,387.14285714285717,2274.285714285714,19.690893221060715,14393741.200368045
585.7142857142858,387.14285714285717,2440.0,19.471715172913754,14227571.492618987
585.7142857142858,387.14285714285717,2605.714285714286,19.274100528471152,14077170.064002851
585.7142857142858,387.14285714285717,2771.4285714285716,19.095331869116297,13940280.388533235
585.7142857142858,387.14285714285717,2937.1428571428573,18.93307673347547,13815093.65701915
585.7142857142858,387.14285714285717,3102.857142857143,18.78533389094954,13700132.772920553
585.7142857142858,387.14285714285717,3268.571428571429,18.65038474836049,13594173.15869319
585.7142857142858,387.14285714285717,3434.2857142857147,18.52675081347605,13496186.893331377
585.7142857142858,387.14285714285717,3600.0,18.41315716639343,13405302.151415989
585.7142857142858,434.28571428571433,120.0,26.0257258340112,54493602.81835314
585.7142857142858,434.28571428571433,285.7142857142857,25.315134350820813,28274256.654696334
585.7142857142858,434.28571428571433,451.42857142857144,24.63020632227676,22301649.197680473
585.7142857142858,434.28571428571433,617.1428571428571,23.963270187596834,19775771.430246722
585.7142857142858,434.28571428571433,782.8571428571429,23.332230820090206,18400568.21306463
585.7142857142858,434.28571428571433,948.5714285714287,22.749971215179123,17527868.47057587
585.7142857142858,434.28571428571433,1114.2857142857142,22.22188566144458,16912269.692555707
585.7142857142858,434.28571428571433,1280.0,21.747863795965564,16444320.902990213
585.7142857142858,434.28571428571433,1445.7142857142858,21.32466392897615,16069398.081532665
585.7142857142858,434.28571428571433,1611.4285714285716,20.947619758549624,15757706.663856082
585.7142857142858,434.28571428571433,1777.1428571428573,20.61166361896364,15491713.760744857
585.7142857142858,434.28571428571433,1942.857142857143,20.31187258718943,15260390.26181673
585.7142857142858,434.28571428571433,2108.5714285714284,20.043724943047636,15056380.208712667
585.7142857142858,434.28571428571433,2274.285714285714,19.80319418888638,14874523.529703453
585.7142857142858,434.28571428571433,2440.0,19.586757853687203,14711042.90783427
585.7142857142858,434.28571428571433,2605.714285714286,19.391365252814328,14563073.793583257
585.7142857142858,434.28571428571433,2771.4285714285716,19.21438840079654,14428380.11988484
585.7142857142858,434.28571428571433,2937.1428571428573,19.053568759176713,14305174.904417675
585.7142857142858,434.28571428571433,3102.857142857143,18.906966064367356,14192002.514707936
585.7142857142858,434.28571428571433,3268.571428571429,18.772911978031775,14087658.580051135
585.7142857142858,434.28571428571433,3434.2857142857147,18.649969456973768,13991133.720811399
585.7142857142858,434.28571428571433,3600.0,18.536897812793228,13901572.856990272
585.7142857142858,481.42857142857144,120.0,26.011536467708734,55194830.31721943
585.7142857142858,481.42857142857144,285.7142857142857,25.31278029469538,28792624.27364574
585.7142857142858,481.42857142857144,451.42857142857144,24.64088377234023,22769514.333120648
585.7142857142858,481.42857142857144,617.1428571428571,23.98759409304677,20224300.17370863
585.7142857142858,481.42857142857144,782.8571428571429,23.369894814171715,18841815.811732184
585.7142857142858,481.42857142857144,948.5714285714287,22.799953762867943,17967479.7780552
585.7142857142858,481.42857142857144,1114.2857142857142,22.282797921273193,17353048.35390018
585.7142857142858,481.42857142857144,1280.0,21.818220039754955,16887632.369394336
585.7142857142858,481.42857142857144,1445.7142857142858,21.403041337970507,16515837.610006282
585.7142857142858,481.42857142857144,1611.4285714285716,21.032734995275806,16207450.761824636
585.7142857142858,481.42857142857144,1777.1428571428573,20.702398661254126,15944714.281476527
585.7142857142858,481.42857142857144,1942.857142857143,20.40727338661781,15716483.91329984
585.7142857142858,481.42857142857144,2108.5714285714284,20.142987355833473,15515350.666186752
585.7142857142858,481.42857142857144,2274.285714285714,19.905645237497705,15336136.401190784
585.7142857142858,481.42857142857144,2440.0,19.691836471336064,15175064.978535756
585.7142857142858,481.42857142857144,2605.714285714286,19.49860444658562,15029283.133443154
585.7142857142858,481.42857142857144,2771.4285714285716,19.32339957868203,14896570.898284603
585.7142857142858,481.42857142857144,2937.1428571428573,19.16402836221922,14775159.173947563
585.7142857142858,481.42857142857144,3102.857142857143,19.01860436264881,14663610.300158504
585.7142857142858,481.42857142857144,3268.571428571429,18.885503776677943,14560737.061629962
585.7142857142858,481.42857142857144,3434.2857142857147,18.763326431585778,14465545.974960508
585.7142857142858,481.42857142857144,3600.0,18.650862207329077,14377196.423514131
585.7142857142858,528.5714285714286,120.0,25.999310755638998,55877346.10649827
585.7142857142858,528.5714285714286,285.7142857142857,25.31133572434605,29297185.752510358
585.7142857142858,528.5714285714286,451.42857142857144,24.651253295608363,23224417.115913514
585.7142857142858,528.5714285714286,617.1428571428571,24.010290283793267,20659976.994471114
585.7142857142858,528.5714285714286,782.8571428571429,23.40462845078349,19269994.408028122
585.7142857142858,528.5714285714286,948.5714285714287,22.84581423158711,18393640.88779517
585.7142857142858,528.5714285714286,1114.2857142857142,22.338555469393327,17779925.134610202
585.7142857142858,528.5714285714286,1280.0,21.882560485502168,17316575.607607137
585.7142857142858,528.5714285714286,1445.7142857142858,21.474704929159707,16947459.324784584
585.7142857142858,528.5714285714286,1611.4285714285716,21.11058321984847,16641960.12636277
585.7142857142858,528.5714285714286,1777.1428571428573,20.785437079094937,16382102.321739001
585.7142857142858,528.5714285714286,1942.857142857143,20.49465082831679,16156627.641244892
585.7142857142858,528.5714285714286,2108.5714285714284,20.233983979835045,15958072.324379833
585.7142857142858,528.5714285714286,2274.285714285714,19.999656432503894,15781237.05883707
585.7142857142858,528.5714285714286,2440.0,19.788356221517965,15622343.266590288
585.7142857142858,528.5714285714286,2605.714285714286,19.597209860289002,15478545.314326283
585.7142857142858,528.5714285714286,2771.4285714285716,19.42373724765867,15347635.884093938
585.7142857142858,528.5714285714286,2937.1428571428573,19.26580269079238,15227860.622605314
585.7142857142858,528.5714285714286,3102.857142857143,19.121567757080335,15117797.05169571
585.7142857142858,528.5714285714286,3268.571428571429,18.989448483698308,15016272.664177895
585.7142857142858,528.5714285714286,3434.2857142857147,18.86807778890298,14922307.744349806
585.7142857142858,528.5714285714286,3600.0,18.756273078542822,14835074.297010832
585.7142857142858,575.7142857142858,120.0,25.988669488907362,56543314.19781649
585.7142857142858,575.7142857142858,285.7142857142857,25.31056773357764,29789468.755778916
585.7142857142858,575.7142857142858,451.42857142857144,24.661267828110308,23667798.38068235
585.7142857142858,575.7142857142858,617.1428571428571,24.03152087917286,21084248.71838831
585.7142857142858,575.7142857142858,782.8571428571429,23.436802495081167,19686601.36743196
585.7142857142858,575.7142857142858,948.5714285714287,22.888112881360986,18807922.768786985
585.7142857142858,575.7142857142858,1114.2857142857142,22.38987937335387,18194553.777240448
585.7142857142858,575.7142857142858,1280.0,21.941735893615917,17732887.554095395
585.7142857142858,575.7142857142858,1445.7142857142858,21.540605754455477,17366078.828391913
585.7142857142858,575.7142857142858,1611.4285714285716,21.182189978520313,17063122.105439838
585.7142857142858,575.7142857142858,1777.1428571428573,20.861857259342287,16805829.228914656
585.7142857142858,575.7142857142858,1942.857142857143,20.575118471886,16582829.105074722
585.7142857142858,575.7142857142858,2108.5714285714284,20.317849406801205,16386601.977738328
585.7142857142858,575.7142857142858,2274.285714285714,20.08637223840488,16211924.960380184
585.7142857142858,575.7142857142858,2440.0,19.877462733713788,16055014.177392725
585.7142857142858,575.7142857142858,2605.714285714286,19.688321562721434,15913028.7048551
585.7142857142858,575.7142857142858,2771.4285714285716,19.516530775353736,15783771.095219003
585.7142857142858,575.7142857142858,2937.1428571428573,19.360006529640856,15665499.199947143
585.7142857142858,575.7142857142858,3102.857142857143,19.216953562620837,15556803.453550577
585.7142857142858,575.7142857142858,3268.571428571429,19.08582384088437,15456524.059130255
585.7142857142858,575.7142857142858,3434.2857142857147,18.96528020961272,15363693.325594585
585.7142857142858,575.7142857142858,3600.0,18.854165040307482,15277494.366493583
585.7142857142858,622.8571428571429,120.0,25.97932777879499,57194444.76595097
585.7142857142858,622.8571428571429,285.7142857142857,25.310310742245854,30270720.39798037
585.7142857142858,622.8571428571429,451.42857142857144,24.670909483157672,24100841.263490696
585.7142857142858,622.8571428571429,617.1428571428571,24.051432532497646,21498304.0198562
585.7142857142858,622.8571428571429,782.8571428571429,23.466727221759832,20092864.59542571
585.7142857142858,622.8571428571429,948.5714285714287,22.927308828744764,19211610.010803536
585.7142857142858,622.8571428571429,1114.2857142857142,22.43735570882547,18598282.510703824
585.7142857142858,622.8571428571429,1280.0,21.99643560228168,18137980.4239816
585.7142857142858,622.8571428571429,1445.7142857142858,21.60151398947461,17773168.92350432
585.7142857142858,622.8571428571429,1611.4285714285716,21.248386547268808,17472464.867164694
585.7142857142858,622.8571428571429,1777.1428571428573,20.932534941467186,17217472.672397632
585.7142857142858,622.8571428571429,1942.857142857143,20.649582875799993,16996709.6388045
585.7142857142858,622.8571428571429,2108.5714285714284,20.39551002740201,16802599.160594106
585.7142857142858,622.8571428571429,2274.285714285714,20.16673014624069,16629892.899853755
585.7142857142858,622.8571428571429,2440.0,19.960097729643092,16474799.389810612
585.7142857142858,622.8571428571429,2605.714285714286,19.772880148788165,16334480.043763738
585.7142857142858,622.8571428571429,2771.4285714285716,19.602715487475656,16206745.011535512
585.7142857142858,622.8571428571429,2937.1428571428573,19.447566762709343,16089862.260027792
585.7142857142858,622.8571428571429,3102.857142857143,19.305677819534058,15982433.262634529
585.7142857142858,622.8571428571429,3268.571428571429,19.17553325348586,15883309.277448555
585.7142857142858,622.8571428571429,3434.2857142857147,19.055823155348005,15791533.189359307
585.7142857142858,622.8571428571429,3600.0,18.945412683001067,15706297.960114501
585.7142857142858,670.0,120.0,25.97106692880474,57832121.99083615
585.7142857142858,670.0,285.7142857142857,25.310444324238805,30741976.992950793
585.7142857142858,670.0,451.42857142857144,24.680176954127788,24524532.903675336
585.7142857142858,670.0,617.1428571428571,24.070155508549266,21903134.60664543
585.7142857142858,670.0,782.8571428571429,23.494663405270366,20489806.608903863
585.7142857142858,670.0,948.5714285714287,22.96378174045926,19605769.53434692
585.7142857142858,670.0,1114.2857142857142,22.481466005883274,18992228.10215172
585.7142857142858,670.0,1280.0,22.04722458959908,18533021.15179207
585.7142857142858,670.0,1445.7142857142858,21.658060609910905,18169944.12339599
585.7142857142858,670.0,1611.4285714285716,21.30985449857174,17871246.488979958
585.7142857142858,670.0,1777.1428571428573,20.998189264882225,17618329.766283177
585.7142857142858,670.0,1942.857142857143,20.718790012008384,17399600.87229006
585.7142857142858,670.0,2108.5714285714284,20.46772995704348,17207425.77400972
585.7142857142858,670.0,2274.285714285714,20.24150546720617,17036529.201561637
585.7142857142858,670.0,2440.0,20.037042211955296,16883110.235428747
585.7142857142858,670.0,2605.714285714286,19.85166798494255,16744330.676060868
585.7142857142858,670.0,2771.4285714285716,19.68307173607725,16618006.3877525
585.7142857142858,670.0,2937.1428571428573,19.529259110586654,16502413.712833578
585.7142857142858,670.0,3102.857142857143,19.388509607583842,16396163.596583126
585.7142857142858,670.0,3268.571428571429,19.259337635026622,16298116.963088231
585.7142857142858,670.0,3434.2857142857147,19.14045823271345,16207326.054081805
585.7142857142858,670.0,3600.0,19.03075747110533,16122992.615906212
585.7142857142858,717.1428571428572,120.0,25.963715938224354,58457488.60395068
585.7142857142858,717.1428571428572,285.7142857142857,25.3108791970792,31204112.43560147
585.7142857142858,717.1428571428572,451.42857142857144,24.689078297282638,24939708.000821527
585.7142857142858,717.1428571428572,617.1428571428571,24.087804596470562,22299578.67832785
585.7142857142858,717.1428571428572,782.8571428571429,23.52083148362636,20878290.058453344
585.7142857142858,717.1428571428572,948.5714285714287,22.997848424683745,19991299.291384593
585.7142857142858,717.1428571428572,1114.2857142857142,22.522609961007262,19377328.1779734
585.7142857142858,717.1428571428572,1280.0,22.094570878112773,18918987.351386
585.7142857142858,717.1428571428572,1445.7142857142858,21.71076814852358,18557420.03286816
585.7142857142858,717.1428571428572,1611.4285714285716,21.367158652406314,18260517.43048271
585.7142857142858,717.1428571428572,1777.1428571428573,21.059416961438195,18009482.269910198
585.7142857142858,717.1428571428572,1942.857142857143,20.78335994264048,17792612.302305646
585.7142857142858,717.1428571428572,2108.5714285714284,20.535145609500603,17602215.69789684
585.7142857142858,717.1428571428572,2274.285714285714,20.311345357118626,17432989.079698525
585.7142857142858,717.1428571428572,2440.0,20.108949607336935,17281120.54954998
585.7142857142858,717.1428571428572,2605.714285714286,19.925341228913343,17143770.674731553
585.7142857142858,717.1428571428572,2771.4285714285716,19.758255624363155,17018759.457092717
585.7142857142858,717.1428571428572,2937.1428571428573,19.605737443421987,16904370.149222873
585.7142857142858,717.1428571428572,3102.857142857143,19.46609887201734,16799221.84336233
585.7142857142858,717.1428571428572,3268.571428571429,19.33788170330992,16702183.951243231
585.7142857142858,717.1428571428572,3434.2857142857147,19.219823940513663,16612317.03425608
585.7142857142858,717.1428571428572,3600.0,19.110830941083304,16528830.716220656
585.7142857142858,764.2857142857143,120.0,25.957138959229365,59071503.805466294
585.7142857142858,764.2857142857143,285.7142857142857,25.311548077265506,31657872.83944858
585.7142857142858,764.2857142857143,451.42857142857144,24.697626701344998,25347080.449063335
585.7142857142858,764.2857142857143,617.1428571428571,24.104480671946533,22688352.63186069
585.7142857142858,764.2857142857143,782.8571428571429,23.545418973225637,21259050.929674417
585.7142857142858,764.2857142857143,948.5714285714287,23.029775523364464,20368963.69789664
585.7142857142858,764.2857142857143,1114.2857142857142,22.561122506754327,19754379.1760701
585.7142857142858,764.2857142857143,1280.0,22.138865999985274,19296707.794172406
585.7142857142858,764.2857142857143,1445.7142857142858,21.76007363313659,18936456.200370684
585.7142857142858,764.2857142857143,1611.4285714285716,21.420771686807914,18641165.532881685
585.7142857142858,764.2857142857143,1777.1428571428573,21.11671797746762,18391843.484548405
585.7142857142858,764.2857142857143,1942.857142857143,20.84381292484258,18176679.84110353
585.7142857142858,764.2857142857143,2108.5714285714284,20.59829187156349,17987924.76484681
585.7142857142858,764.2857142857143,2274.285714285714,20.37679474436359,17820245.835250802
585.7142857142858,764.2857142857143,2440.0,20.176371209420708,17669818.914416105
585.7142857142858,764.2857142857143,2605.714285714286,19.994454611430005,17533801.97769191
585.7142857142858,764.2857142857143,2771.4285714285716,19.828822999949576,17410017.831232127
585.7142857142858,764.2857142857143,2937.1428571428573,19.6775568964935,17296755.392280824
585.7142857142858,764.2857142857143,3102.857142857143,19.538998601651684,17192640.769026294
585.7142857142858,764.2857142857143,3268.571428571429,19.411715183863603,17096550.851640478
585.7142857142858,764.2857142857143,3434.2857142857147,19.294465878694798,17007553.63040757
585.7142857142858,764.2857142857143,3600.0,19.18617390909005,16924865.82569232
585.7142857142858,811.4285714285714,120.0,25.95122656389074,59674984.15598822
585.7142857142858,811.4285714285714,285.7142857142857,25.312399543571633,32103901.999464516
585.7142857142858,811.4285714285714,451.42857142857144,24.70583796965816,25747266.866720494
585.7142857142858,811.4285714285714,617.1428571428571,24.12027239132936,23070074.721878693
585.7142857142858,811.4285714285714,782.8571428571429,23.568586402836726,21632723.30249536
585.7142857142858,811.4285714285714,948.5714285714287,23.059789275238124,20739419.99317069
585.7142857142858,811.4285714285714,1114.2857142857142,22.59728676859976,20124064.500019155
585.7142857142858,811.4285714285714,1280.0,22.180440455899262,19666892.359040536
585.7142857142858,811.4285714285714,1445.7142857142858,21.806345896661476,19307787.75555805
585.7142857142858,811.4285714285714,1611.4285714285716,21.47109273276207,19013949.184540447
585.7142857142858,811.4285714285714,1777.1428571428573,21.17051488385438,18766192.770955734
585.7142857142858,811.4285714285714,1942.857142857143,20.90058925844351,18552601.513259057
585.7142857142858,811.4285714285714,2108.5714285714284,20.657622091487585,18365367.476534553
585.7142857142858,811.4285714285714,2274.285714285714,20.438316229907347,18199128.44919867
585.7142857142858,811.4285714285714,2440.0,20.23977581611929,18050047.0041934
585.7142857142858,811.4285714285714,2605.714285714286,20.059480680564146,17915277.376434337
585.7142857142858,811.4285714285714,2771.4285714285716,19.895248210576458,17792644.039780334
585.7142857142858,811.4285714285714,2937.1428571428573,19.74519206880001,17680440.508277163
585.7142857142858,811.4285714285714,3102.857142857143,19.607682422970417,17577298.932444938
585.7142857142858,811.4285714285714,3268.571428571429,19.48130976850585,17482102.809302647
585.7142857142858,811.4285714285714,3434.2857142857147,19.364853052925024,17393926.786640394
585.7142857142858,811.4285714285714,3600.0,19.257252112748024,17311994.003511515
585.7142857142858,858.5714285714287,120.0,25.945889523069127,60268633.21297814
585.7142857142858,858.5714285714287,285.7142857142857,25.313393818713653,32542760.535778563
585.7142857142858,858.5714285714287,451.42857142857144,24.713729010391408,26140804.456924554
585.7142857142858,858.5714285714287,617.1428571428571,24.13525780054634,23445283.06284389
585.7142857142858,858.5714285714287,782.8571428571429,23.590472052002916,21999858.17165716
585.7142857142858,858.5714285714287,948.5714285714287,23.08808308442459,21103238.22945271
585.7142857142858,858.5714285714287,1114.2857142857142,22.63134400581516,20486975.813532155
585.7142857142858,858.5714285714287,1280.0,22.21957553028119,20030154.63045347
585.7142857142858,858.5714285714287,1445.7142857142858,21.849898797527178,19672049.232752003
585.7142857142858,858.5714285714287,1611.4285714285716,21.518461590651057,19379522.25501319
585.7142857142858,858.5714285714287,1777.1428571428573,21.221167747833523,19133201.467523973
585.7142857142858,858.5714285714287,1942.857142857143,20.95406453798914,18921064.23369385
585.7142857142858,858.5714285714287,2108.5714285714284,20.71352349379227,18735244.52657744
585.7142857142858,858.5714285714287,2274.285714285714,20.49630549578609,18570349.74722269
585.7142857142858,858.5714285714287,2440.0,20.299565002240485,18422528.301184684
585.7142857142858,858.5714285714287,2605.714285714286,20.120824840592206,18288929.705469336
585.7142857142858,858.5714285714287,2771.4285714285716,19.9579388364573,18167379.12563201
585.7142857142858,858.5714285714287,2937.1428571428573,19.80905139589012,18056173.75027063
585.7142857142858,858.5714285714287,3102.857142857143,19.672558575866304,17953950.927881707
585.7142857142858,858.5714285714287,3268.571428571429,19.547072668452458,17859600.00400415
585.7142857142858,858.5714285714287,3434.2857142857147,19.43139098882738,17772201.610999793
585.7142857142858,858.5714285714287,3600.0,19.324468877448815,17690984.71392139
585.7142857142858,905.7142857142858,120.0,25.9410542849076,60853063.50626765
585.7142857142858,905.7142857142858,285.7142857142857,25.314499808081177,32974940.56698151
585.7142857142858,905.7142857142858,451.42857142857144,24.721316932620248,26528164.804952484
585.7142857142858,905.7142857142858,617.1428571428571,24.14950577821837,23814449.558595173
585.7142857142858,905.7142857142858,782.8571428571429,23.611195742963552,22360937.99329002
585.7142857142858,905.7142857142858,948.5714285714287,23.114823439218164,21460916.687358465
585.7142857142858,905.7142857142858,1114.2857142857142,22.663501320783574,20843629.421639647
585.7142857142858,905.7142857142858,1280.0,22.25651242585272,20387029.243628774
585.7142857142858,905.7142857142858,1445.7142857142858,21.89100143491553,20029792.82258148
585.7142857142858,905.7142857142858,1611.4285714285716,21.563169724925174,19738453.16909069
585.7142857142858,905.7142857142858,1777.1428571428573,21.268985655464853,19493452.694133125
585.7142857142858,905.7142857142858,1942.857142857143,21.00456149896082,19282664.250279
585.7142857142858,905.7142857142858,2108.5714285714284,20.76632918712498,19098163.79744255
585.7142857142858,905.7142857142858,2274.285714285714,20.551103347846595,18934527.87519669
585.7142857142858,905.7142857142858,2440.0,20.35608509926909,18787889.983374055
585.7142857142858,905.7142857142858,2605.714285714286,20.178837194268937,18655394.08417672
585.7142857142858,905.7142857142858,2771.4285714285716,20.017247339022568,18534865.19137578
585.7142857142858,905.7142857142858,2937.1428571428573,19.86948856368317,18424603.36639551
585.7142857142858,905.7142857142858,3102.857142857143,19.733981062635845,18323250.418617114
585.7142857142858,905.7142857142858,3268.571428571429,19.60935747756463,18229700.877966814
585.7142857142858,905.7142857142858,3434.2857142857147,19.49443229555981,18143040.770478744
585.7142857142858,905.7142857142858,3600.0,19.388175371777617,18062504.365605585
585.7142857142858,952.8571428571429,120.0,25.93665962979898,61428813.16375495
585.7142857142858,952.8571428571429,285.7142857142857,25.315692982015374,33400877.14699209
585.7142857142858,952.8571428571429,451.42857142857144,24.728618512455803,26909764.701079693
585.7142857142858,952.8571428571429,617.1428571428571,24.16307729411085,24177990.8409309
585.7142857142858,952.8571428571429,782.8571428571429,23.63086188856659,22716388.094213597
585.7142857142858,952.8571428571429,948.5714285714287,23.140154582288293,21812893.940623533
585.7142857142858,952.8571428571429,1114.2857142857142,22.69393770025964,21194479.06182427
585.7142857142858,952.8571428571429,1280.0,22.2914594034142,20737985.40030568
585.7142857142858,952.8571428571429,1445.7142857142858,21.92988612973148,20381502.56948588
585.7142857142858,952.8571428571429,1611.4285714285716,21.605468860769196,20091239.72349816
585.7142857142858,952.8571428571429,1777.1428571428573,21.314235735073197,19847456.719106145
585.7142857142858,952.8571428571429,1942.857142857143,21.052359314214,19637922.993170694
585.7142857142858,952.8571428571429,2108.5714285714284,20.8163276109981,19454656.629124112
585.7142857142858,952.8571428571429,2274.285714285714,20.603005216318593,19292202.93059137
585.7142857142858,952.8571428571429,2440.0,20.409636674862668,19146679.868727498
585.7142857142858,952.8571428571429,2605.714285714286,20.233821943732536,19015225.130683884
585.7142857142858,952.8571428571429,2771.4285714285716,20.073480339610633,18895662.84536879
585.7142857142858,952.8571428571429,2937.1428571428573,19.926811632330615,18786295.246010482
585.7142857142858,952.8571428571429,3102.857142857143,19.792258593074937,18685767.955626838
585.7142857142858,952.8571428571429,3268.571428571429,19.668472921559474,18592980.103461407
585.7142857142858,952.8571428571429,3434.2857142857147,19.554285207358344,18507022.587306295
585.7142857142858,952.8571428571429,3600.0,19.44867893377266,18427134.51929714
585.7142857142858,1000.0,120.0,25.93265415631097,61996358.71535564
585.7142857142858,1000.0,285.7142857142857,25.316953836179547,33820957.31116845
585.7142857142858,1000.0,451.42857142857144,24.735649887771153,27285974.74549727
585.7142857142858,1000.0,617.1428571428571,24.176026490775605,24536276.97244025
585.7142857142858,1000.0,782.8571428571429,23.649561955764515,23066585.737789914
585.7142857142858,1000.0,948.5714285714287,23.164202228305342,22159558.423181966
585.7142857142858,1000.0,1114.2857142857142,22.722808796636453,21539926.02533961
585.7142857142858,1000.0,1280.0,22.324597420318565,21083437.542825934
585.7142857142858,1000.0,1445.7142857142858,21.966754725172205,20727605.56616461
585.7142857142858,1000.0,1611.4285714285716,21.64557777545362,20438320.754502114
585.7142857142858,1000.0,1777.1428571428573,21.35715029545347,20195663.047880318
585.7142857142858,1000.0,1942.857142857143,21.097700961486815,19987299.53318463
585.7142857142858,1000.0,2108.5714285714284,20.863770038427017,19805190.59944643
585.7142857142858,1000.0,2274.285714285714,20.65226871919525,19643850.021731563
585.7142857142858,1000.0,2440.0,20.46048209888339,19499379.715520546
585.7142857142858,1000.0,2605.714285714286,20.286044914291185,19368910.470277373
585.7142857142858,1000.0,2771.4285714285716,20.126906066678973,19250264.889722224
585.7142857142858,1000.0,2937.1428571428573,19.981290380923856,19141746.76272147
585.7142857142858,1000.0,3102.857142857143,19.84766180740377,19042004.954568934
585.7142857142858,1000.0,3268.571428571429,19.72468994511519,18949942.67567332
585.7142857142858,1000.0,3434.2857142857147,19.61122052490813,18864655.23216397
585.7142857142858,1000.0,3600.0,19.506249859881283,18785386.16800092
621.4285714285714,10.0,120.0,26.533989313178203,45996759.774138816
621.4285714285714,10.0,285.7142857142857,25.689574912989816,22206649.88602774
621.4285714285714,10.0,451.42857142857144,24.789093230985983,16833624.5002526
621.4285714285714,10.0,617.1428571428571,23.859645323486376,14508605.90405656
621.4285714285714,10.0,782.8571428571429,22.959115350326062,13164693.701881455
621.4285714285714,10.0,948.5714285714287,22.131627408056524,12238112.160496924
621.4285714285714,10.0,1114.2857142857142,21.39884766306488,11527692.769290805
621.4285714285714,10.0,1280.0,20.764969182998346,10949226.492493577
621.4285714285714,10.0,1445.7142857142858,20.224077367055816,10462150.116599131
621.4285714285714,10.0,1611.4285714285716,19.765732335711647,10043966.800292974
621.4285714285714,10.0,1777.1428571428573,19.37830976700875,9680471.448480941
621.4285714285714,10.0,1942.857142857143,19.050705892003315,9361732.840690145
621.4285714285714,10.0,2108.5714285714284,18.773059353476004,9080307.934506787
621.4285714285714,10.0,2274.285714285714,18.53694786733887,8830370.272878224
621.4285714285714,10.0,2440.0,18.335333239677976,8607236.127777796
621.4285714285714,10.0,2605.714285714286,18.16240365211453,8407077.210846834
621.4285714285714,10.0,2771.4285714285716,18.013388410476836,8226729.323716607
621.4285714285714,10.0,2937.1428571428573,17.884379918126076,8063555.633892607
621.4285714285714,10.0,3102.857142857143,17.772176669061835,7915344.244237564
621.4285714285714,10.0,3268.571428571429,17.674150790214288,7780229.0978645
621.4285714285714,10.0,3434.2857142857147,17.58813902622465,7656627.719668444
621.4285714285714,10.0,3600.0,17.51235426808215,7543191.590290156
621.4285714285714,57.142857142857146,120.0,26.28454869047129,48282699.191487946
621.4285714285714,57.142857142857146,285.7142857142857,25.434027205267373,23616350.242978923
621.4285714285714,57.142857142857146,451.42857142857144,24.55659953659158,18045656.217639685
621.4285714285714,57.142857142857146,617.1428571428571,23.669097891761943,15651364.89667595
621.4285714285714,57.142857142857146,782.8571428571429,22.815543548959464,14293306.847725417
621.4285714285714,57.142857142857146,948.5714285714287,22.02853639763594,13381075.088597642
621.4285714285714,57.142857142857146,1114.2857142857142,21.323729202819507,12698762.878068913
621.4285714285714,57.142857142857146,1280.0,20.703912704302482,12153441.597496236
621.4285714285714,57.142857142857146,1445.7142857142858,20.16442909980511,11699673.3082563
621.4285714285714,57.142857142857146,1611.4285714285716,19.697190344032826,11312503.765685476
621.4285714285714,57.142857142857146,1777.1428571428573,19.293097642012015,10976695.10122217
621.4285714285714,57.142857142857146,1942.857142857143,18.943311889380904,10682066.181932535
621.4285714285714,57.142857142857146,2108.5714285714284,18.639826921262024,10421320.359209111
621.4285714285714,57.142857142857146,2274.285714285714,18.375659819635032,10188953.98024251
621.4285714285714,57.142857142857146,2440.0,18.14484838519524,9980663.822829287
621.4285714285714,57.142857142857146,2605.714285714286,17.942362150864877,9792999.54605388
621.4285714285714,57.142857142857146,2771.4285714285716,17.763983023027347,9623144.558127275
621.4285714285714,57.142857142857146,2937.1428571428573,17.6061832820057,9468768.89015642
621.4285714285714,57.142857142857146,3102.857142857143,17.46601338029195,9327925.235338215
621.4285714285714,57.142857142857146,3268.571428571429,17.341004064519257,9198972.523018716
621.4285714285714,57.142857142857146,3434.2857142857147,17.229083463271195,9080518.033483924
621.4285714285714,57.142857142857146,3600.0,17.12850803463076,8971372.56582036
621.4285714285714,104.28571428571429,120.0,26.186663173827565,49646838.42164867
621.4285714285714,104.28571428571429,285.7142857142857,25.362488969407277,24552178.33617827
621.4285714285714,104.28571428571429,451.42857142857144,24.526477459792105,18880931.130996298
621.4285714285714,104.28571428571429,617.1428571428571,23.68938180872832,16454110.035594203
621.4285714285714,104.28571428571429,782.8571428571429,22.887534233052158,15092346.087850362
621.4285714285714,104.28571428571429,948.5714285714287,22.147465311671347,14190803.008810194
621.4285714285714,104.28571428571429,1114.2857142857142,21.48165912253005,13525934.779968785
621.4285714285714,104.28571428571429,1280.0,20.892064181458068,13000445.027996687
621.4285714285714,104.28571428571429,1445.7142857142858,20.374540627430772,12566483.490792774
621.4285714285714,104.28571428571429,1611.4285714285716,19.92212729368278,12197871.564939823
621.4285714285714,104.28571428571429,1777.1428571428573,19.527010180866785,11878841.749950996
621.4285714285714,104.28571428571429,1942.857142857143,19.181565549422867,11599069.154871691
621.4285714285714,104.28571428571429,2108.5714285714284,18.878840389640036,11351314.060488597
621.4285714285714,104.28571428571429,2274.285714285714,18.61272095967878,11130223.812922858
621.4285714285714,104.28571428571429,2440.0,18.37794152353234,10931681.27518507
621.4285714285714,104.28571428571429,2605.714285714286,18.170019216107477,10752426.17069042
621.4285714285714,104.28571428571429,2771.4285714285716,17.985161033000086,10589820.69294429
621.4285714285714,104.28571428571429,2937.1428571428573,17.820166218775057,10441695.880065843
621.4285714285714,104.28571428571429,3102.857142857143,17.672334899837644,10306245.828698687
621.4285714285714,104.28571428571429,3268.571428571429,17.53938725271974,10181951.80804178
621.4285714285714,104.28571428571429,3434.2857142857147,17.419394190778558,10067526.001082035
621.4285714285714,104.28571428571429,3600.0,17.31071899555123,9961868.695401074
621.4285714285714,151.42857142857144,120.0,26.127672713910794,50772279.79240562
621.4285714285714,151.42857142857144,285.7142857142857,25.32856805603958,25353695.24104153
621.4285714285714,151.42857142857144,451.42857142857144,24.526746488972552,19602791.542806923
621.4285714285714,151.42857142857144,617.1428571428571,23.72904589022471,17149425.106664315
621.4285714285714,151.42857142857144,782.8571428571429,22.966937104499518,15783040.336845798
621.4285714285714,151.42857142857144,948.5714285714287,22.263186008862878,14887584.17127507
621.4285714285714,151.42857142857144,1114.2857142857142,21.628321278545034,14233868.981049333
621.4285714285714,151.42857142857144,1280.0,21.063762184734475,13721475.219169797
621.4285714285714,151.42857142857144,1445.7142857142858,20.56567503503021,13300839.69217394
621.4285714285714,151.42857142857144,1611.4285714285716,20.127787594227637,12944898.328752533
621.4285714285714,151.42857142857144,1777.1428571428573,19.743084669323984,12637477.232162021
621.4285714285714,151.42857142857144,1942.857142857143,19.404710872297095,12368113.407090746
621.4285714285714,151.42857142857144,2108.5714285714284,19.10639099299405,12129572.240320643
621.4285714285714,151.42857142857144,2274.285714285714,18.842581558118006,11916577.022543974
621.4285714285714,151.42857142857144,2440.0,18.60848336163055,11725116.67901294
621.4285714285714,151.42857142857144,2605.714285714286,18.399988648424046,11552044.983616816
621.4285714285714,151.42857142857144,2771.4285714285716,18.213602731878208,11394834.748085044
621.4285714285714,151.42857142857144,2937.1428571428573,18.046360433874764,11251418.82263163
621.4285714285714,151.42857142857144,3102.857142857143,17.895747046721684,11120082.266601568
621.4285714285714,151.42857142857144,3268.571428571429,17.75962781657544,10999386.188136905
621.4285714285714,151.42857142857144,3434.2857142857147,17.63618702745938,10888112.094160102
621.4285714285714,151.42857142857144,3600.0,17.52387635767157,10785220.079466566
621.4285714285714,198.57142857142858,120.0,26.08689955488332,51776796.17416139
621.4285714285714,198.57142857142858,285.7142857142857,25.309779232632447,26080839.438056525
621.4285714285714,198.57142857142858,451.42857142857144,24.536119737148105,20259150.671174016
621.4285714285714,198.57142857142858,617.1428571428571,23.769996179630922,17781260.48037741
621.4285714285714,198.57142857142858,782.8571428571429,23.039470159808612,16409085.204830308
621.4285714285714,198.57142857142858,948.5714285714287,22.364692851879415,15516864.518807033
621.4285714285714,198.57142857142858,1114.2857142857142,21.754838127292572,14870708.552852416
621.4285714285714,198.57142857142858,1280.0,21.210954564410322,14367657.789591677
621.4285714285714,198.57142857142858,1445.7142857142858,20.72941534552099,13956763.335152531
621.4285714285714,198.57142857142858,1611.4285714285716,20.304423608229996,13610233.832566455
621.4285714285714,198.57142857142858,1777.1428571428573,19.92952114892117,13311545.570619062
621.4285714285714,198.57142857142858,1942.857142857143,19.598393885240615,13050098.14279139
621.4285714285714,198.57142857142858,2108.5714285714284,19.30524935949798,12818635.0712326
621.4285714285714,198.57142857142858,2274.285714285714,19.04495501073039,12611917.22714016
621.4285714285714,198.57142857142858,2440.0,18.813051967651948,12425998.650972895
621.4285714285714,198.57142857142858,2605.714285714286,18.60570971872976,12257808.057830246
621.4285714285714,198.57142857142858,2771.4285714285716,18.419657139964777,12104893.558101881
621.4285714285714,198.57142857142858,2937.1428571428573,18.252108216680003,11965258.90818279
621.4285714285714,198.57142857142858,3102.857142857143,18.10069129725503,11837253.587358646
621.4285714285714,198.57142857142858,3268.571428571429,17.963385615755598,11719496.001281647
621.4285714285714,198.57142857142858,3434.2857142857147,17.838466180787965,11610817.962753067
621.4285714285714,198.57142857142858,3600.0,17.724456836834037,11510223.385338409
621.4285714285714,245.71428571428572,120.0,26.056583368518698,52704544.02726276
621.4285714285714,245.71428571428572,285.7142857142857,25.298635605930244,26757659.722482502
621.4285714285714,245.71428571428572,451.42857142857144,24.54864901864287,20870129.795682978
621.4285714285714,245.71428571428572,617.1428571428571,23.808618223038213,18368676.110096704
621.4285714285714,245.71428571428572,782.8571428571429,23.10405136933058,16989817.732060075
621.4285714285714,245.71428571428572,948.5714285714287,22.4531528362207,16098974.261314627
621.4285714285714,245.71428571428572,1114.2857142857142,21.864088970410076,15458099.705037815
621.4285714285714,245.71428571428572,1280.0,21.337630402510484,14962031.574397271
621.4285714285714,245.71428571428572,1445.7142857142858,20.870301332349552,14558624.495433932
621.4285714285714,245.71428571428572,1611.4285714285716,20.456657467666727,14219451.891277228
621.4285714285714,245.71428571428572,1777.1428571428573,20.090656888343386,13927673.712163044
621.4285714285714,245.71428571428572,1942.857142857143,19.76639309614366,13672553.092301423
621.4285714285714,245.71428571428572,2108.5714285714284,19.47843997571142,13446796.28954298
621.4285714285714,245.71428571428572,2274.285714285714,19.221979368436912,13245179.416272713
621.4285714285714,245.71428571428572,2440.0,18.992815067835505,13063797.516796988
621.4285714285714,245.71428571428572,2605.714285714286,18.78733248601021,12899631.009483637
621.4285714285714,245.71428571428572,2771.4285714285716,18.60243627965219,12750282.147533039
621.4285714285714,245.71428571428572,2937.1428571428573,18.435482719001858,12613806.942785263
621.4285714285714,245.71428571428572,3102.857142857143,18.284214962442704,12488603.163809327
621.4285714285714,245.71428571428572,3268.571428571429,18.14670474651198,12373332.722976457
621.4285714285714,245.71428571428572,3434.2857142857147,18.021301576606422,12266866.029153522
621.4285714285714,245.71428571428572,3600.0,17.90658930551981,12168240.909578748
621.4285714285714,292.8571428571429,120.0,26.032974741812076,53577401.415612265
621.4285714285714,292.8571428571429,285.7142857142857,25.291861796410608,27396912.59581298
621.4285714285714,292.8571428571429,451.42857142857144,24.562162150137326,21446783.59882532
621.4285714285714,292.8571428571429,617.1428571428571,23.8442255011024,18922350.696857434
621.4285714285714,292.8571428571429,782.8571428571429,23.161558810901326,17536165.28360926
621.4285714285714,292.8571428571429,948.5714285714287,22.53084708134099,16645421.010794638
621.4285714285714,292.8571428571429,1114.2857142857142,21.959470836442144,16008275.39122139
621.4285714285714,292.8571428571429,1280.0,21.44798248076539,15517583.119904548
621.4285714285714,292.8571428571429,1445.7142857142858,20.993022270943918,15120126.072388228
621.4285714285714,292.8571428571429,1611.4285714285716,20.589420354924723,14786903.232950432
621.4285714285714,292.8571428571429,1777.1428571428573,20.231460804633926,14500780.965380492
621.4285714285714,292.8571428571429,1942.857142857143,19.913558150830088,14250887.416490996
621.4285714285714,292.8571428571429,2108.5714285714284,19.63057656309792,14029882.189113583
621.4285714285714,292.8571428571429,2274.285714285714,19.377948585793643,13832542.491399935
621.4285714285714,292.8571428571429,2440.0,19.15168884385201,13654988.864574991
621.4285714285714,292.8571428571429,2605.714285714286,18.948357256560257,13494238.330138471
621.4285714285714,292.8571428571429,2771.4285714285716,18.76500156241859,13347933.423854033
621.4285714285714,292.8571428571429,2937.1428571428573,18.59909471215876,13214170.107314873
621.4285714285714,292.8571428571429,3102.857142857143,18.448474745682937,13091383.727472087
621.4285714285714,292.8571428571429,3268.571428571429,18.31129046665867,12978270.492291117
621.4285714285714,292.8571428571429,3434.2857142857147,18.18595397532134,12873731.542386353
621.4285714285714,292.8571428571429,3600.0,18.071099998155553,12776831.931702744
621.4285714285714,340.0,120.0,26.01398751338069,54408046.084110424
621.4285714285714,340.0,285.7142857142857,25.28778864044604,28006446.176216565
621.4285714285714,340.0,451.42857142857144,24.57575658574554,21996085.898774292
621.4285714285714,340.0,617.1428571428571,23.876889965545864,19449100.153645612
621.4285714285714,340.0,782.8571428571429,23.213074419285864,18055125.655720834
621.4285714285714,340.0,948.5714285714287,22.599768077272422,17163563.78187217
621.4285714285714,340.0,1114.2857142857142,22.043717170193798,16529032.82912359
621.4285714285714,340.0,1280.0,21.5452969934733,16042560.70311186
621.4285714285714,340.0,1445.7142857142858,21.101240349708327,15649944.26433898
621.4285714285714,340.0,1611.4285714285716,20.7065985685475,15321651.607990365
621.4285714285714,340.0,1777.1428571428573,20.355919745397347,15040272.359558724
621.4285714285714,340.0,1942.857142857143,20.043879634582925,14794801.484359758
621.4285714285714,340.0,2108.5714285714284,19.765579759706924,14577845.950259361
621.4285714285714,340.0,2274.285714285714,19.516658693606317,14384174.573707363
621.4285714285714,340.0,2440.0,19.293305236943638,14209922.798181145
621.4285714285714,340.0,2605.714285714286,19.092224264409484,14052133.81682352
621.4285714285714,340.0,2771.4285714285716,18.9105830389918,13908480.794315774
621.4285714285714,340.0,2937.1428571428573,18.745952552128166,13777091.013208024
621.4285714285714,340.0,3102.857142857143,18.596251051208608,13656429.84412342
621.4285714285714,340.0,3268.571428571429,18.45969289780007,13545221.259300062
621.4285714285714,340.0,3434.2857142857147,18.334743787255345,13442391.527529063
621.4285714285714,340.0,3600.0,18.220082302433525,13347028.143051267
621.4285714285714,387.14285714285717,120.0,25.998348888487275,55204611.656308584
621.4285714285714,387.14285714285717,285.7142857142857,25.285476532262365,28591553.475053173
621.4285714285714,387.14285714285717,451.42857142857144,24.589036175027037,22522823.73125846
621.4285714285714,387.14285714285717,617.1428571428571,23.90688201120276,19953635.967509996
621.4285714285714,387.14285714285717,782.8571428571429,23.259552320612713,18551539.972593762
621.4285714285714,387.14285714285717,948.5714285714287,22.661488652751554,17658481.14278266
621.4285714285714,387.14285714285717,1114.2857142857142,22.118911817158487,17025733.780691445
621.4285714285714,387.14285714285717,1280.0,21.632049731838002,16542616.18114285
621.4285714285714,387.14285714285717,1445.7142857142858,21.197711088327075,16154006.078669546
621.4285714285714,387.14285714285717,1611.4285714285716,20.811130219611965,15829873.720641648
621.4285714285714,387.14285714285717,1777.1428571428573,20.467074570634583,15552545.20381291
621.4285714285714,387.14285714285717,1942.857142857143,20.16043776710107,15310884.28809775
621.4285714285714,387.14285714285717,2108.5714285714284,19.886520094161284,15097441.395488944
621.4285714285714,387.14285714285717,2274.285714285714,19.64113337802875,14906970.318047062
621.4285714285714,387.14285714285717,2440.0,19.420613524620112,14735613.837527916
621.4285714285714,387.14285714285717,2605.714285714286,19.221788385551022,14580433.78382135
621.4285714285714,387.14285714285717,2771.4285714285716,19.04192709575311,14439126.920169309
621.4285714285714,387.14285714285717,2937.1428571428573,18.87868460664014,14309845.525227372
621.4285714285714,387.14285714285717,3102.857142857143,18.73004819132902,14191079.425231026
621.4285714285714,387.14285714285717,3268.571428571429,18.594288915920263,14081575.519467732
621.4285714285714,387.14285714285717,3434.2857142857147,18.46991907593606,13980281.03645548
621.4285714285714,387.14285714285717,3600.0,18.35565559364793,13886302.335617859
621.4285714285714,434.28571428571433,120.0,25.985229701414973,55972703.28890124
621.4285714285714,434.28571428571433,285.7142857142857,25.284357910124363,29156033.65989549
621.4285714285714,434.28571428571433,451.42857142857144,24.601829152294368,23030475.933544815
621.4285714285714,434.28571428571433,617.1428571428571,23.934503344335482,20439396.291899268
621.4285714285714,434.28571428571433,782.8571428571429,23.301776359195944,19028939.46227659
621.4285714285714,434.28571428571433,948.5714285714287,22.717230174026415,18133867.406869262
621.4285714285714,434.28571428571433,1114.2857142857142,22.18664144654448,17502265.18183853
621.4285714285714,434.28571428571433,1280.0,21.710113038386595,17021833.359414015
621.4285714285714,434.28571428571433,1445.7142857142858,21.28451724991867,16636582.18728915
621.4285714285714,434.28571428571433,1611.4285714285716,20.905242976498464,16316010.209461696
621.4285714285714,434.28571428571433,1777.1428571428573,20.567243571476087,16042190.774962474
621.4285714285714,434.28571428571433,1942.857142857143,20.265597929526816,15803858.478566194
621.4285714285714,434.28571428571433,2108.5714285714284,19.995775933181527,15593504.605493203
621.4285714285714,434.28571428571433,2274.285714285714,19.753737766260326,15405863.141413389
621.4285714285714,434.28571428571433,2440.0,19.53594576494783,15237078.623048047
621.4285714285714,434.28571428571433,2605.714285714286,19.33933387458321,15084225.886513565
621.4285714285714,434.28571428571433,2771.4285714285716,19.16125945861902,14945019.996707387
621.4285714285714,434.28571428571433,2937.1428571428573,18.999450474558042,14817633.43291167
621.4285714285714,434.28571428571433,3102.857142857143,18.85195446187819,14700576.233217461
621.4285714285714,434.28571428571433,3268.571428571429,18.717092203832106,14592614.520487502
621.4285714285714,434.28571428571433,3434.2857142857147,18.593417030669283,14492713.278546138
621.4285714285714,434.28571428571433,3600.0,18.479679775714324,14399994.973474285
621.4285714285714,481.42857142857144,120.0,25.974062493821606,56716393.22494468
621.4285714285714,481.42857142857144,285.7142857142857,25.28407139533613,29702738.855554357
621.4285714285714,481.42857142857144,451.42857142857144,24.614069925375947,23521677.023000896
621.4285714285714,481.42857142857144,617.1428571428571,23.960035656884504,20908991.016893923
621.4285714285714,481.42857142857144,782.8571428571429,23.34037992236459,19490001.847087756
621.4285714285714,481.42857142857144,948.5714285714287,22.767945916883882,18592516.35617625
621.4285714285714,481.42857142857144,1114.2857142857142,22.24812867042855,17961557.188084543
621.4285714285714,481.42857142857144,1280.0,21.780923249606325,17483281.68583577
621.4285714285714,481.42857142857144,1445.7142857142858,21.363256221068784,17100874.4307257
621.4285714285714,481.42857142857144,1611.4285714285716,20.99064920166249,16783383.623064023
621.4285714285714,481.42857142857144,1777.1428571428573,20.65821566396324,16512638.925950803
621.4285714285714,481.42857142857144,1942.857142857143,20.361194528692955,16277247.809825955
621.4285714285714,481.42857142857144,2108.5714285714284,20.095202600986585,16069640.707919588
621.4285714285714,481.42857142857144,2274.285714285714,19.85632898118699,15884528.270596495
621.4285714285714,481.42857142857144,2440.0,19.641146215963158,15718052.559582308
621.4285714285714,481.42857142857144,2605.714285714286,19.44668103471792,15567297.09602363
621.4285714285714,481.42857142857144,2771.4285714285716,19.270368218515834,15429991.147343082
621.4285714285714,481.42857142857144,2937.1428571428573,19.110000004059057,15304323.65932985
621.4285714285714,481.42857142857144,3102.857142857143,18.96367717846782,15188821.560835486
621.4285714285714,481.42857142857144,3268.571428571429,18.82976460893164,15082267.287600784
621.4285714285714,481.42857142857144,3434.2857142857147,18.706852144071156,14983641.05074048
621.4285714285714,481.42857142857144,3600.0,18.59372090915113,14892079.239277478
621.4285714285714,528.5714285714286,120.0,25.964443648124984,57438762.0971876
621.4285714285714,528.5714285714286,285.7142857142857,25.28437729879907,30233883.934612736
621.4285714285714,528.5714285714286,451.42857142857144,24.625744983651725,23998485.45843452
621.4285714285714,528.5714285714286,617.1428571428571,23.98372713338987,21364461.89381792
621.4285714285714,528.5714285714286,782.8571428571429,23.375875069025327,19936819.10916957
621.4285714285714,528.5714285714286,948.5714285714287,22.81438841894216,19036605.00447232
621.4285714285714,528.5714285714286,1114.2857142857142,22.30432987989171,18405886.524116598
621.4285714285714,528.5714285714286,1280.0,21.8456003960731,17929339.780275173
621.4285714285714,528.5714285714286,1445.7142857142858,21.435173508873692,17549358.444691412
621.4285714285714,528.5714285714286,1611.4285714285716,21.068686365501048,17234558.26701752
621.4285714285714,528.5714285714286,1777.1428571428573,20.74139218309956,16966533.01318641
621.4285714285714,528.5714285714286,1942.857142857143,20.448669895555085,16733765.033879649
621.4285714285714,528.5714285714286,2108.5714285714284,20.186265188672536,16528622.794194689
621.4285714285714,528.5714285714286,2274.285714285714,19.950380551561626,16345790.95866326
621.4285714285714,528.5714285714286,2440.0,19.737685734767787,16181405.842176788
621.4285714285714,528.5714285714286,2605.714285714286,19.545289534054813,16032556.262584345
621.4285714285714,528.5714285714286,2771.4285714285716,19.37069540426082,15896982.448303226
621.4285714285714,528.5714285714286,2937.1428571428573,19.211752770384088,15772886.84060788
621.4285714285714,528.5714285714286,3102.857142857143,19.066609936455837,15658810.603851248
621.4285714285714,528.5714285714286,3268.571428571429,18.93367123041694,15553550.149998533
621.4285714285714,528.5714285714286,3434.2857142857147,18.81155929236365,15456098.880762484
621.4285714285714,528.5714285714286,3600.0,18.69908253550149,15365605.343160663
621.4285714285714,575.7142857142858,120.0,25.95607702845311,58142215.703759134
621.4285714285714,575.7142857142858,285.7142857142857,25.285111392008886,30751234.962215193
621.4285714285714,575.7142857142858,451.42857142857144,24.636866552744557,24462549.61688427
621.4285714285714,575.7142857142858,617.1428571428571,24.005791753966268,21807444.751565933
621.4285714285714,575.7142857142858,782.8571428571429,23.40867850285771,20371064.83319499
621.4285714285714,575.7142857142858,948.5714285714287,22.85715944576941,19467870.76067558
621.4285714285714,575.7142857142858,1114.2857142857142,22.356004605671114,18837065.4587143
621.4285714285714,575.7142857142858,1280.0,21.90503185119662,18361896.510815516
621.4285714285714,575.7142857142858,1445.7142857142858,21.501255885812014,17983996.17448061
621.4285714285714,575.7142857142858,1611.4285714285716,21.14041557662219,17671563.041161444
621.4285714285714,575.7142857142858,1777.1428571428573,20.817887462818707,17405961.791982025
621.4285714285714,575.7142857142858,1942.857142857143,20.529174310501666,17175551.60584017
621.4285714285714,575.7142857142858,2108.5714285714284,20.27013605215257,16972638.283571642
621.4285714285714,575.7142857142858,2274.285714285714,20.037075928831776,16791878.486721
621.4285714285714,575.7142857142858,2440.0,19.826750272875607,16629400.209756605
621.4285714285714,575.7142857142858,2605.714285714286,19.636341161584173,16482294.863175845
621.4285714285714,575.7142857142858,2771.4285714285716,19.46341352923136,16348311.026982086
621.4285714285714,575.7142857142858,2937.1428571428573,19.305868131448392,16225662.231640719
621.4285714285714,575.7142857142858,3102.857142857143,19.16189603526018,16112901.716228316
621.4285714285714,575.7142857142858,3268.571428571429,19.02993717726661,16008837.959947184
621.4285714285714,575.7142857142858,3434.2857142857147,18.908643869253886,15912475.885528723
621.4285714285714,575.7142857142858,3600.0,18.796849285256695,15822974.746797185
621.4285714285714,622.8571428571429,120.0,25.94873972762384,58828681.50325892
621.4285714285714,622.8571428571429,285.7142857142857,25.28615814372026,31256230.330554333
621.4285714285714,622.8571428571429,451.42857142857144,24.647459189978534,24915215.98313664
621.4285714285714,622.8571428571429,617.1428571428571,24.026412680991193,22239275.856616825
621.4285714285714,622.8571428571429,782.8571428571429,23.43913229216732,20794104.04475736
621.4285714285714,622.8571428571429,948.5714285714287,22.89674634316337,19887727.543597482
621.4285714285714,622.8571428571429,1114.2857142857142,22.403764639404823,19256565.370827604
621.4285714285714,622.8571428571429,1280.0,21.959931049237873,18782482.16403521
621.4285714285714,622.8571428571429,1445.7142857142858,21.562296720924152,18406374.22871461
621.4285714285714,622.8571428571429,1611.4285714285716,21.206690954324575,18096036.28338125
621.4285714285714,622.8571428571429,1777.1428571428573,20.888600148447424,17832609.96642404
621.4285714285714,622.8571428571429,1942.857142857143,20.603637600586534,17604333.165881123
621.4285714285714,622.8571428571429,2108.5714285714284,20.347765426226758,17403448.622499686
621.4285714285714,622.8571428571429,2274.285714285714,20.11737717013356,17224583.445215847
621.4285714285714,622.8571428571429,2440.0,19.909306936739917,17063855.255760267
621.4285714285714,622.8571428571429,2605.714285714286,19.720802775403364,16918355.867454022
621.4285714285714,622.8571428571429,2771.4285714285716,19.54948509356113,16785840.079799563
621.4285714285714,622.8571428571429,2937.1428571428573,19.39330106996245,16664530.534249729
621.4285714285714,622.8571428571429,3102.857142857143,19.25048053720741,16552990.759924503
621.4285714285714,622.8571428571429,3268.571428571429,19.11949578900199,16450039.720530367
621.4285714285714,622.8571428571429,3434.2857142857147,18.999026164769308,16354692.471067317
621.4285714285714,622.8571428571429,3600.0,18.887927448482944,16266117.761607997
621.4285714285714,670.0,120.0,25.94226031678346,59499736.40250179
621.4285714285714,670.0,285.7142857142857,25.28743449813019,31750062.131467447
621.4285714285714,670.0,451.42857142857144,24.657552770229568,25357602.66045253
621.4285714285714,670.0,617.1428571428571,24.04574658608409,22661064.49579557
621.4285714285714,670.0,782.8571428571429,23.467519836238157,21207068.192591473
621.4285714285714,670.0,948.5714285714287,22.933548523007577,20297344.914685436
621.4285714285714,670.0,1114.2857142857142,22.448109184797477,19665600.762785234
621.4285714285714,670.0,1280.0,22.010879251868992,19192357.425139815
621.4285714285714,670.0,1445.7142857142858,21.618942429947136,18817797.55112279
621.4285714285714,670.0,1611.4285714285716,21.26820909020583,18509323.685260873
621.4285714285714,670.0,1777.1428571428573,20.95426429567463,18247859.84350494
621.4285714285714,670.0,1942.857142857143,20.67282078541531,18021524.432446174
621.4285714285714,670.0,2108.5714285714284,20.419932774313363,17822496.955003604
621.4285714285714,670.0,2274.285714285714,20.192075354212562,17645373.769870196
621.4285714285714,670.0,2440.0,19.986152997761845,17486260.470884208
621.4285714285714,670.0,2605.714285714286,19.79947356556382,17342247.478804976
621.4285714285714,670.0,2771.4285714285716,19.629707860621032,17211094.048420157
621.4285714285714,670.0,2937.1428571428573,19.47484532312924,17091030.285145544
621.4285714285714,670.0,3102.857142857143,19.333151150363737,16980628.515355777
621.4285714285714,670.0,3268.571428571429,19.20312721742715,16878716.858457237
621.4285714285714,670.0,3434.2857142857147,19.08347762626341,16784319.332108248
621.4285714285714,670.0,3600.0,18.97307892129131,16696613.160292538
621.4285714285714,717.1428571428572,120.0,25.936504522117414,60156693.18057981
621.4285714285714,717.1428571428572,285.7142857142857,25.288879660930156,32233732.818858493
621.4285714285714,717.1428571428572,451.42857142857144,24.66717876869164,25790651.03818393
621.4285714285714,717.1428571428572,617.1428571428571,24.063927804464615,23073744.155915283
621.4285714285714,717.1428571428572,782.8571428571429,23.49407806002325,21610908.01276038
621.4285714285714,717.1428571428572,948.5714285714287,22.967896937966156,20697703.768431008
621.4285714285714,717.1428571428572,1114.2857142857142,22.489450371331344,20065188.25034753
621.4285714285714,717.1428571428572,1280.0,22.05835573133847,19592575.71984223
621.4285714285714,717.1428571428572,1445.7142857142858,21.67172603506475,19219354.929231424
621.4285714285714,717.1428571428572,1611.4285714285716,21.325544861427584,18912546.669038117
621.4285714285714,717.1428571428572,1777.1428571428573,21.015486509782278,18652862.241552956
621.4285714285714,717.1428571428572,1942.857142857143,20.737353801596907,18428302.30895108
621.4285714285714,717.1428571428572,2108.5714285714284,20.48728452092164,18230983.118911017
621.4285714285714,717.1428571428572,2274.285714285714,20.261827881115074,18055469.35172763
621.4285714285714,717.1428571428572,2440.0,20.057952428843883,17897853.22610982
621.4285714285714,717.1428571428572,2605.714285714286,19.873020584880482,17755222.282781824
621.4285714285714,717.1428571428572,2771.4285714285716,19.7047492082999,17625338.756135672
621.4285714285714,717.1428571428572,2937.1428571428573,19.55116643408577,17506438.82923725
621.4285714285714,717.1428571428572,3102.857142857143,19.410569901070485,17397102.36342211
621.4285714285714,717.1428571428572,3268.571428571429,19.281488672794715,17296165.50605433
621.4285714285714,717.1428571428572,3434.2857142857147,19.16264965480727,17202660.24178202
621.4285714285714,717.1428571428572,3600.0,19.052948547232198,17115771.39590047
621.4285714285714,764.2857142857143,120.0,25.931365497893022,60800660.89581324
621.4285714285714,764.2857142857143,285.7142857142857,25.290448458314202,32708095.86071199
621.4285714285714,764.2857142857143,451.42857142857144,24.676368301547704,26215163.14391316
621.4285714285714,764.2857142857143,617.1428571428571,24.081071971089592,23478109.610342555
621.4285714285714,764.2857142857143,782.8571428571429,23.51900674307172,22006431.81823116
621.4285714285714,764.2857142857143,948.5714285714287,23.00006857315373,21089636.59574545
621.4285714285714,764.2857142857143,1114.2857142857142,22.528132054261032,20456189.118411276
621.4285714285714,764.2857142857143,1280.0,22.102759937305148,19984028.095862735
621.4285714285714,764.2857142857143,1445.7142857142858,21.721091808466266,19611966.07433964
621.4285714285714,764.2857142857143,1611.4285714285716,21.379177775340995,19306651.461482745
621.4285714285714,764.2857142857143,1777.1428571428573,21.0727733479054,19048587.327130917
621.4285714285714,764.2857142857143,1942.857142857143,20.797763445951883,18825658.254943613
621.4285714285714,764.2857142857143,2108.5714285714284,20.55036213048018,18629917.3389022
621.4285714285714,764.2857142857143,2274.285714285714,20.327186374536804,18455896.862055596
621.4285714285714,764.2857142857143,2440.0,20.125263393967185,18299674.56310293
621.4285714285714,764.2857142857143,2605.714285714286,19.94200564994913,18158333.859311353
621.4285714285714,764.2857142857143,2771.4285714285716,19.775172313362695,18029638.71876572
621.4285714285714,764.2857142857143,2937.1428571428573,19.622827128761106,17911830.22423348
621.4285714285714,764.2857142857143,3102.857142857143,19.483297641373756,17803494.694483813
621.4285714285714,764.2857142857143,3268.571428571429,19.355138022187468,17703475.338688686
621.4285714285714,764.2857142857143,3434.2857142857147,19.237096272021475,17610811.252939884
621.4285714285714,764.2857142857143,3600.0,19.128085843132954,17524694.112127397
621.4285714285714,811.4285714285714,120.0,25.926757044440297,61432588.30972587
621.4285714285714,811.4285714285714,285.7142857142857,25.292106898910635,33173885.649017278
621.4285714285714,811.4285714285714,451.42857142857144,24.685151126130535,26631829.29712759
621.4285714285714,811.4285714285714,617.1428571428571,24.097279082832973,23874844.4227011
621.4285714285714,811.4285714285714,782.8571428571429,23.54247570047458,22394333.875569582
621.4285714285714,811.4285714285714,948.5714285714287,23.030297367723296,21473857.269927453
621.4285714285714,811.4285714285714,1114.2857142857142,22.5644438739753,20839340.737453427
621.4285714285714,811.4285714285714,1280.0,22.14442803057883,20367476.292543475
621.4285714285714,811.4285714285714,1445.7142857142858,21.767413652412436,19996416.254859366
621.4285714285714,811.4285714285714,1611.4285714285716,21.429511647038254,19692445.1474101
621.4285714285714,811.4285714285714,1777.1428571428573,21.12655183701648,19435861.926526774
621.4285714285714,811.4285714285714,1942.857142857143,20.85449436512223,19214436.694589246
621.4285714285714,811.4285714285714,2108.5714285714284,20.60962327754382,19020159.582252935
621.4285714285714,811.4285714285714,2274.285714285714,20.38861780694068,18847529.92108315
621.4285714285714,811.4285714285714,2440.0,20.188559155864095,18692610.058173183
621.4285714285714,811.4285714285714,2605.714285714286,20.006905901753864,18552478.239938956
621.4285714285714,811.4285714285714,2771.4285714285716,19.84145626920657,18424899.107670683
621.4285714285714,811.4285714285714,2937.1428571428573,19.690306921555788,18308117.634636067
621.4285714285714,811.4285714285714,3102.857142857143,19.55181309412375,18200725.669581544
621.4285714285714,811.4285714285714,3268.571428571429,19.424552241618493,18101572.648914255
621.4285714285714,811.4285714285714,3434.2857142857147,19.307291959183786,18009704.038973365
621.4285714285714,811.4285714285714,3600.0,19.198962214772028,17924317.711376276
621.4285714285714,858.5714285714287,120.0,25.92260877011831,62053295.86661351
621.4285714285714,858.5714285714287,285.7142857142857,25.293829136658623,33631739.98562014
621.4285714285714,858.5714285714287,451.42857142857144,24.69355517219678,27041249.004803136
621.4285714285714,858.5714285714287,617.1428571428571,24.11263603403027,24264541.753941193
621.4285714285714,858.5714285714287,782.8571428571429,23.564630355814707,22775215.854942188
621.4285714285714,858.5714285714287,948.5714285714287,23.058782549957577,21850983.522625048
621.4285714285714,858.5714285714287,1114.2857142857142,22.59863191862576,21215280.22335412
621.4285714285714,858.5714285714287,1280.0,22.183645395632638,20743577.600713227
621.4285714285714,858.5714285714287,1445.7142857142858,21.811009008864886,20373382.292226095
621.4285714285714,858.5714285714287,1611.4285714285716,21.476889509431228,20070622.698790964
621.4285714285714,858.5714285714287,1777.1428571428573,21.17718505297011,19815397.471655603
621.4285714285714,858.5714285714287,1942.857142857143,20.907925034939268,19595363.763611946
621.4285714285714,858.5714285714287,2108.5714285714284,20.665458013390552,19402448.99893384
621.4285714285714,858.5714285714287,2274.285714285714,20.44652068710043,19231119.134336162
621.4285714285714,858.5714285714287,2440.0,20.248244156561796,19077420.369656768
621.4285714285714,858.5714285714287,2605.714285714286,20.068129682095982,18938424.892381217
621.4285714285714,858.5714285714287,2771.4285714285716,19.90401168556586,18811897.10792352
621.4285714285714,858.5714285714287,2937.1428571428573,19.754017385034278,18696085.009120364
621.4285714285714,858.5714285714287,3102.857142857143,19.6165277545106,18589585.17055377
621.4285714285714,858.5714285714287,3268.571428571429,19.49014192308277,18491252.529673003
621.4285714285714,858.5714285714287,3434.2857142857147,19.373645752651793,18400138.2762595
621.4285714285714,858.5714285714287,3600.0,19.265984630634495,18315445.907545764
621.4285714285714,905.7142857142858,120.0,25.91886257023385,62663499.74518977
621.4285714285714,905.7142857142858,285.7142857142857,25.29559534889501,34082217.30486514
621.4285714285714,905.7142857142858,451.42857142857144,24.701606368276877,27443947.03247011
621.4285714285714,905.7142857142858,617.1428571428571,24.127218701991684,24647720.378177986
621.4285714285714,905.7142857142858,782.8571428571429,23.585596104984507,23149603.325906754
621.4285714285714,905.7142857142858,948.5714285714287,23.085695075377107,22221554.199513968
621.4285714285714,905.7142857142858,1114.2857142857142,22.630906917231385,21584562.568430558
621.4285714285714,905.7142857142858,1280.0,22.220656238168132,21112903.881126925
621.4285714285714,905.7142857142858,1445.7142857142858,21.852149528864377,20743452.420209136
621.4285714285714,905.7142857142858,1611.4285714285716,21.521605062338104,20441787.59988487
621.4285714285714,905.7142857142858,1777.1428571428573,21.22498410442396,20187811.305883847
621.4285714285714,905.7142857142858,1942.857142857143,20.958380079951848,19969069.210981954
621.4285714285714,905.7142857142858,2108.5714285714284,20.718201262387698,19777426.339947373
621.4285714285714,905.7142857142858,2274.285714285714,20.501237608727507,19607314.956316095
621.4285714285714,905.7142857142858,2440.0,20.30466652177943,19454764.484142922
621.4285714285714,905.7142857142858,2605.714285714286,20.12602891993468,19316840.29474103
621.4285714285714,905.7142857142858,2771.4285714285716,19.963192901046856,19191305.77349413
621.4285714285714,905.7142857142858,2937.1428571428573,19.814314147211924,19076411.176359024
621.4285714285714,905.7142857142858,3102.857142857143,19.67779764192364,18970757.101993732
621.4285714285714,905.7142857142858,3268.571428571429,19.552262759637372,18873203.35288933
621.4285714285714,905.7142857142858,3434.2857142857147,19.436512447708452,18782806.274177946
621.4285714285714,905.7142857142858,3600.0,19.32950653543561,18698774.48589778
621.4285714285714,952.8571428571429,120.0,25.915470018670216,63263830.28406508
621.4285714285714,952.8571428571429,285.7142857142857,25.297390226590636,34525810.081555605
621.4285714285714,952.8571428571429,451.42857142857144,24.70932863038486,27840385.95789691
621.4285714285714,952.8571428571429,617.1428571428571,24.14109366003924,25024837.199479163
621.4285714285714,952.8571428571429,782.8571428571429,23.605481764288882,23517958.636942055
621.4285714285714,952.8571428571429,948.5714285714287,23.11118265626135,22586042.71136769
621.4285714285714,952.8571428571429,1114.2857142857142,22.661450612054665,21947674.75030109
621.4285714285714,952.8571428571429,1280.0,22.255671038701873,21475956.340433992
621.4285714285714,952.8571428571429,1445.7142857142858,21.891069358777884,21107141.69365492
621.4285714285714,952.8571428571429,1611.4285714285716,21.563911572672524,20806467.833096396
621.4285714285714,952.8571428571429,1777.1428571428573,21.27021746308906,20553643.1836883
621.4285714285714,952.8571428571429,1942.857142857143,21.006139883604664,20336103.34915737
621.4285714285714,952.8571428571429,2108.5714285714284,20.76814259194976,20145651.298996888
621.4285714285714,952.8571428571429,2274.285714285714,20.55306508546777,19976685.3702447
621.4285714285714,952.8571428571429,2440.0,20.358127887152424,19825217.687224828
621.4285714285714,952.8571428571429,2605.714285714286,20.180908891966894,19688306.156294327
621.4285714285714,952.8571428571429,2771.4285714285716,20.01930763474611,19563712.462701213
621.4285714285714,952.8571428571429,2937.1428571428573,19.871506401660326,19449688.464748472
621.4285714285714,952.8571428571429,3102.857142857143,19.73593264449882,19344838.169204094
621.4285714285714,952.8571428571429,3268.571428571429,19.611224707041494,19248025.68335179
621.4285714285714,952.8571428571429,3434.2857142857147,19.496201565199787,19158312.00582412
621.4285714285714,952.8571428571429,3600.0,19.389836613772406,19074910.434238534
621.4285714285714,1000.0,120.0,25.91239040494593,63854846.32860929
621.4285714285714,1000.0,285.7142857142857,25.299201882649143,34962955.42002044
621.4285714285714,1000.0,451.42857142857144,24.71674393741236,28230976.112584565
621.4285714285714,1000.0,617.1428571428571,24.154319586777078,25396297.16673381
621.4285714285714,1000.0,782.8571428571429,23.624382319245658,23880691.107583363
621.4285714285714,1000.0,948.5714285714287,23.13537373258814,22944867.66204411
621.4285714285714,1000.0,1114.2857142857142,22.690420770726952,22305046.861382857
621.4285714285714,1000.0,1280.0,22.288872407597093,21833177.16960211
621.4285714285714,1000.0,1445.7142857142858,21.927971649699334,21464904.110182818
621.4285714285714,1000.0,1611.4285714285716,21.604028871982706,21165128.442052934
621.4285714285714,1000.0,1777.1428571428573,21.313118309285265,20913368.227324598
621.4285714285714,1000.0,1942.857142857143,21.05144816703497,20696950.356511425
621.4285714285714,1000.0,2108.5714285714284,20.815533932373498,20507616.115826853
621.4285714285714,1000.0,2274.285714285714,20.602261338744906,20339729.751794476
621.4285714285714,1000.0,2440.0,20.408891196888693,20189285.65180544
621.4285714285714,1000.0,2605.714285714286,20.233035987751908,20053333.699142873
621.4285714285714,1000.0,2771.4285714285716,20.072624683813004,19929633.286206827
621.4285714285714,1000.0,2937.1428571428573,19.92586451169505,19816437.293503728
621.4285714285714,1000.0,3102.857142857143,19.791204010634136,19712352.592441134
621.4285714285714,1000.0,3268.571428571429,19.667299348450094,19616247.098997407
621.4285714285714,1000.0,3434.2857142857147,19.552984579313534,19527186.01966085
621.4285714285714,1000.0,3600.0,19.44724587408254,19444386.933344796
657.1428571428571,10.0,120.0,26.37909467732272,47139043.879008494
657.1428571428571,10.0,285.7142857142857,25.538074001890493,22708448.154790506
657.1428571428571,10.0,451.42857142857144,24.631546746135037,17206028.943483453
657.1428571428571,10.0,617.1428571428571,23.692887929543044,14829099.572476001
657.1428571428571,10.0,782.8571428571429,22.781862477156583,13458659.67717591
657.1428571428571,10.0,948.5714285714287,21.943333696793648,12516490.95308394
657.1428571428571,10.0,1114.2857142857142,21.199431807444775,11795825.792242218
657.1428571428571,10.0,1280.0,20.554707580208085,11209923.056320215
657.1428571428571,10.0,1445.7142857142858,20.003508385587203,10716987.780340206
657.1428571428571,10.0,1611.4285714285716,19.535560016826192,10293898.775035108
657.1428571428571,10.0,1777.1428571428573,19.139320520675135,9926123.81774891
657.1428571428571,10.0,1942.857142857143,18.803705863009412,9603553.741608612
657.1428571428571,10.0,2108.5714285714284,18.51883249205599,9318643.821315212
657.1428571428571,10.0,2274.285714285714,18.276230916268503,9065505.623816906
657.1428571428571,10.0,2440.0,18.06880299505552,8839414.598967306
657.1428571428571,10.0,2605.714285714286,17.890672412371213,8636513.274505725
657.1428571428571,10.0,2771.4285714285716,17.73700450326404,8453614.972043907
657.1428571428571,10.0,2937.1428571428573,17.603831128637225,8288064.489459833
657.1428571428571,10.0,3102.857142857143,17.48789513408898,8137634.281054993
657.1428571428571,10.0,3268.571428571429,17.3865184566495,8000444.596383994
657.1428571428571,10.0,3434.2857142857147,17.297493136470198,7874900.780396365
657.1428571428571,10.0,3600.0,17.218992572354022,7759643.376571214
657.1428571428571,57.142857142857146,120.0,26.185832483582047,49392225.05001765
657.1428571428571,57.142857142857146,285.7142857142857,25.350980040228478,24196331.250239495
657.1428571428571,57.142857142857146,451.42857142857144,24.479781125736388,18510809.722962946
657.1428571428571,57.142857142857146,617.1428571428571,23.595029669824118,16070290.75915556
657.1428571428571,57.142857142857146,782.8571428571429,22.74226451462639,14688429.59455893
657.1428571428571,57.142857142857146,948.5714285714287,21.95465313671487,13761716.742121352
657.1428571428571,57.142857142857146,1114.2857142857142,21.24822758258846,13069302.660765855
657.1428571428571,57.142857142857146,1280.0,20.62609937470774,12516136.464998858
657.1428571428571,57.142857142857146,1445.7142857142858,20.08387667078968,12055804.514662376
657.1428571428571,57.142857142857146,1611.4285714285716,19.61367709243001,11662882.144518463
657.1428571428571,57.142857142857146,1777.1428571428573,19.20655078120387,11321893.663145732
657.1428571428571,57.142857142857146,1942.857142857143,18.853760374502485,11022530.152942631
657.1428571428571,57.142857142857146,2108.5714285714284,18.547365240586977,10757420.38664791
657.1428571428571,57.142857142857146,2274.285714285714,18.28042170099904,10521012.486841027
657.1428571428571,57.142857142857146,2440.0,18.046988462877838,10308968.52309409
657.1428571428571,57.142857142857146,2605.714285714286,17.84204361157766,10117810.775423609
657.1428571428571,57.142857142857146,2771.4285714285716,17.66136955761904,9944699.59801043
657.1428571428571,57.142857142857146,2937.1428571428573,17.501434048761922,9787284.817213152
657.1428571428571,57.142857142857146,3102.857142857143,17.359280027899537,9643601.02735121
657.1428571428571,57.142857142857146,3268.571428571429,17.232429136021324,9511990.769758634
657.1428571428571,57.142857142857146,3434.2857142857147,17.118799707228842,9391046.416411517
657.1428571428571,57.142857142857146,3600.0,17.016638297800675,9279565.182713902
657.1428571428571,104.28571428571429,120.0,26.109650871816964,50827038.20696614
657.1428571428571,104.28571428571429,285.7142857142857,25.301005175267246,25205904.69682679
657.1428571428571,104.28571428571429,451.42857142857144,24.471338731629807,19413746.05594896
657.1428571428571,104.28571428571429,617.1428571428571,23.637096217588127,16937135.425606217
657.1428571428571,104.28571428571429,782.8571428571429,22.8361946125974,15549059.256125944
657.1428571428571,104.28571428571429,948.5714285714287,22.09583213245198,14631003.45865879
657.1428571428571,104.28571428571429,1114.2857142857142,21.42890689321964,13954289.425959114
657.1428571428571,104.28571428571429,1280.0,20.83766770149784,13419431.4461594
657.1428571428571,104.28571428571429,1445.7142857142858,20.318195112731257,12977570.472574774
657.1428571428571,104.28571428571429,1611.4285714285716,19.863684679440173,12602032.905664163
657.1428571428571,104.28571428571429,1777.1428571428573,19.466429418876718,12276791.561382458
657.1428571428571,104.28571428571429,1942.857142857143,19.118875568728747,11991373.962748587
657.1428571428571,104.28571428571429,2108.5714285714284,18.814113588523536,11738448.293398714
657.1428571428571,104.28571428571429,2274.285714285714,18.54605484072061,11512598.545743523
657.1428571428571,104.28571428571429,2440.0,18.309446315272304,11309660.0269871
657.1428571428571,104.28571428571429,2605.714285714286,18.099809747331708,11126334.278224457
657.1428571428571,104.28571428571429,2771.4285714285716,17.91335155557302,10959951.396451382
657.1428571428571,104.28571428571429,2937.1428571428573,17.74686723746313,10808314.653673409
657.1428571428571,104.28571428571429,3102.857142857143,17.59765134681364,10669593.715556897
657.1428571428571,104.28571428571429,3268.571428571429,17.46341754892401,10542248.144499592
657.1428571428571,104.28571428571429,3434.2857142857147,17.342229881589727,10424970.72958821
657.1428571428571,104.28571428571429,3600.0,17.23244474949049,10316644.374443343
657.1428571428571,151.42857142857144,120.0,26.063562399360737,52026354.01782891
657.1428571428571,151.42857142857144,285.7142857142857,25.278640510835146,26067295.594484363
657.1428571428571,151.42857142857144,451.42857142857144,24.482313973480885,20187504.468857992
657.1428571428571,151.42857142857144,617.1428571428571,23.68676326117656,17680291.59006916
657.1428571428571,151.42857142857144,782.8571428571429,22.92504004782889,16285058.239381064
657.1428571428571,151.42857142857144,948.5714285714287,22.220612890652536,15371267.607528677
657.1428571428571,151.42857142857144,1114.2857142857142,21.58442921594274,14704289.196951194
657.1428571428571,151.42857142857144,1280.0,21.01818643669986,14181374.594317572
657.1428571428571,151.42857142857144,1445.7142857142858,20.51823765365345,13751877.721575702
657.1428571428571,151.42857142857144,1611.4285714285716,20.07843316125866,13388193.983399266
657.1428571428571,151.42857142857144,1777.1428571428573,19.691835211406918,13073858.79913167
657.1428571428571,151.42857142857144,1942.857142857143,19.35163495729764,12798239.108414136
657.1428571428571,151.42857142857144,2108.5714285714284,19.051583078274103,12553991.284542134
657.1428571428571,151.42857142857144,2274.285714285714,18.786148528624782,12335762.23537535
657.1428571428571,151.42857142857144,2440.0,18.550535983589608,12139483.130053956
657.1428571428571,151.42857142857144,2605.714285714286,18.340636317292248,11961961.470193155
657.1428571428571,151.42857142857144,2771.4285714285716,18.152950391806947,11800631.482098807
657.1428571428571,151.42857142857144,2937.1428571428573,17.98450690662977,11653392.991383966
657.1428571428571,151.42857142857144,3102.857142857143,17.83278426007392,11518502.32401958
657.1428571428571,151.42857142857144,3268.571428571429,17.69564059449173,11394495.32938494
657.1428571428571,151.42857142857144,3434.2857142857147,17.571253220555867,11280131.163172139
657.1428571428571,151.42857142857144,3600.0,17.458067169935294,11174350.054346502
657.1428571428571,198.57142857142858,120.0,26.0316195092212,53099501.50688241
657.1428571428571,198.57142857142858,285.7142857142857,25.267223109618172,26844889.693270817
657.1428571428571,198.57142857142858,451.42857142857144,24.49814214555152,20886512.038184132
657.1428571428571,198.57142857142858,617.1428571428571,23.73343474628393,18350997.5239356
657.1428571428571,198.57142857142858,782.8571428571429,23.002705563830855,16947724.671425976
657.1428571428571,198.57142857142858,948.5714285714287,22.326813022330214,16035638.222982366
657.1428571428571,198.57142857142858,1114.2857142857142,21.715342452311244,15375084.13395636
657.1428571428571,198.57142857142858,1280.0,21.169600648233324,14860624.757922273
657.1428571428571,198.57142857142858,1445.7142857142858,20.686122888617408,14440148.950286664
657.1428571428571,198.57142857142858,1611.4285714285716,20.25921103775182,14085277.819346443
657.1428571428571,198.57142857142858,1777.1428571428573,19.882464016786624,13779166.798306506
657.1428571428571,198.57142857142858,1942.857142857143,19.549598082218587,13511024.902416846
657.1428571428571,198.57142857142858,2108.5714285714284,19.25483427895176,13273472.09678466
657.1428571428571,198.57142857142858,2274.285714285714,18.993043265591975,13061182.225348776
657.1428571428571,198.57142857142858,2440.0,18.7597633463556,12870143.581277644
657.1428571428571,198.57142857142858,2605.714285714286,18.551157838001814,12697232.479355777
657.1428571428571,198.57142857142858,2771.4285714285716,18.36394778431594,12539953.658351913
657.1428571428571,198.57142857142858,2937.1428571428573,18.195338711389628,12396274.051070461
657.1428571428571,198.57142857142858,3102.857142857143,18.042950496893916,12264511.344339823
657.1428571428571,198.57142857142858,3268.571428571429,17.90475424350705,12143256.189784745
657.1428571428571,198.57142857142858,3434.2857142857147,17.779017352793037,12031315.989841007
657.1428571428571,198.57142857142858,3600.0,17.66425666931821,11927673.07511774
657.1428571428571,245.71428571428572,120.0,26.007825674552656,54089811.91306201
657.1428571428571,245.71428571428572,285.7142857142857,25.261243960055687,27565527.596159566
657.1428571428571,245.71428571428572,451.42857142857144,24.515004730950277,21534068.843529332
657.1428571428571,245.71428571428572,617.1428571428571,23.775740951099102,18971578.724491917
657.1428571428571,245.71428571428572,782.8571428571429,23.070452817922988,17559649.975555506
657.1428571428571,245.71428571428572,948.5714285714287,22.418042856024964,16647641.335385516
657.1428571428571,245.71428571428572,1114.2857142857142,21.827077110178315,15991435.943261305
657.1428571428571,245.71428571428572,1280.0,21.29856714512743,15483249.12656663
657.1428571428571,245.71428571428572,1445.7142857142858,20.82918045547049,15069696.821556335
657.1428571428571,245.71428571428572,1611.4285714285716,20.413554167054254,14721720.421141641
657.1428571428571,245.71428571428572,1777.1428571428573,20.04568895626736,14422131.257416837
657.1428571428571,245.71428571428572,1942.857142857143,19.719697110601395,14159983.627997816
657.1428571428571,245.71428571428572,2108.5714285714284,19.430157128890873,13927847.719621548
657.1428571428571,245.71428571428572,2274.285714285714,19.172247376387674,13720403.745638976
657.1428571428571,245.71428571428572,2440.0,18.941763848896755,13533674.53036391
657.1428571428571,245.71428571428572,2605.714285714286,18.735082130616682,13364583.24979312
657.1428571428571,245.71428571428572,2771.4285714285716,18.549096380591894,13210685.08207418
657.1428571428571,245.71428571428572,2937.1428571428573,18.381152482406943,13069996.326250073
657.1428571428571,245.71428571428572,3102.857142857143,18.228983742716682,12940880.664116753
657.1428571428571,245.71428571428572,3268.571428571429,18.090652788646043,12821970.402947357
657.1428571428571,245.71428571428572,3434.2857142857147,17.96450083695755,12712110.026426515
657.1428571428571,245.71428571428572,3600.0,17.849104276494167,12610314.523365246
657.1428571428571,292.8571428571429,120.0,25.98927656534887,55019658.85173282
657.1428571428571,292.8571428571429,285.7142857142857,25.25831170441658,28243692.46796645
657.1428571428571,292.8571428571429,451.42857142857144,24.531633444242313,22142996.25234953
657.1428571428571,292.8571428571429,617.1428571428571,23.813908035987417,19554451.771465294
657.1428571428571,292.8571428571429,782.8571428571429,23.130079527374015,18133453.041309234
657.1428571428571,292.8571428571429,948.5714285714287,22.49751583998374,17220422.134683322
657.1428571428571,292.8571428571429,1114.2857142857142,21.923984027365673,16567159.479012802
657.1428571428571,292.8571428571429,1280.0,21.410262495923025,16063762.454320347
657.1428571428571,292.8571428571429,1445.7142857142858,20.953119999524386,15655702.688364832
657.1428571428571,292.8571428571429,1611.4285714285716,20.54745501251933,15313305.909851719
657.1428571428571,292.8571428571429,1777.1428571428573,20.187583407864768,15019064.570137495
657.1428571428571,292.8571428571429,1942.857142857143,19.86792997081772,14761881.684047643
657.1428571428571,292.8571428571429,2108.5714285714284,19.583356914993793,14534269.860976996
657.1428571428571,292.8571428571429,2274.285714285714,19.329288327501192,14330902.838233612
657.1428571428571,292.8571428571429,2440.0,19.101727295085997,14147823.529847262
657.1428571428571,292.8571428571429,2605.714285714286,18.89722111677355,13981987.749028418
657.1428571428571,292.8571428571429,2771.4285714285716,18.71280495682802,13830987.976189556
657.1428571428571,292.8571428571429,2937.1428571428573,18.545939839485587,13692878.170389142
657.1428571428571,292.8571428571429,3102.857142857143,18.394452814263527,13566057.796870427
657.1428571428571,292.8571428571429,3268.571428571429,18.256482736257748,13449192.025596965
657.1428571428571,292.8571428571429,3434.2857142857147,18.13043280149914,13341154.909217227
657.1428571428571,292.8571428571429,3600.0,18.014929823979337,13240987.705728099
657.1428571428571,340.0,120.0,25.974352132308415,55902416.92293528
657.1428571428571,340.0,285.7142857142857,25.257218462249472,28888358.66884427
657.1428571428571,340.0,451.42857142857144,24.547578239994145,22721349.64241189
657.1428571428571,340.0,617.1428571428571,23.84844896527611,20107467.741776716
657.1428571428571,340.0,782.8571428571429,23.183098612590136,18677124.46522854
657.1428571428571,340.0,948.5714285714287,22.56765045210686,17762292.68329943
657.1428571428571,340.0,1114.2857142857142,22.009223968018116,17110968.045386318
657.1428571428571,340.0,1280.0,21.508407486736935,16611295.392285975
657.1428571428571,340.0,1445.7142857142858,21.062050339158638,16207694.855158085
657.1428571428571,340.0,1611.4285714285716,20.66526195718579,15869923.234014453
657.1428571428571,340.0,1777.1428571428573,20.312613955154525,15580173.1602852
657.1428571428571,340.0,1942.857142857143,19.998785850045216,15327199.80539971
657.1428571428571,340.0,2108.5714285714284,19.718872219463204,15103453.471277002
657.1428571428571,340.0,2274.285714285714,19.46849938570826,14903592.909480246
657.1428571428571,340.0,2440.0,19.243841744379516,14723671.305947948
657.1428571428571,340.0,2605.714285714286,19.041589388650024,14560667.304329451
657.1428571428571,340.0,2771.4285714285716,18.858895378872724,14412201.541181935
657.1428571428571,340.0,2937.1428571428573,18.693317552434177,14276357.422881441
657.1428571428571,340.0,3102.857142857143,18.542762240048233,14151562.987414401
657.1428571428571,340.0,3268.571428571429,18.405433155055505,14036510.02273391
657.1428571428571,340.0,3434.2857142857147,18.2797865597971,13930096.787426393
657.1428571428571,340.0,3600.0,18.164492724970962,13831386.225512626
657.1428571428571,387.14285714285717,120.0,25.962061529781213,56746870.855422616
657.1428571428571,387.14285714285717,285.7142857142857,25.257291126142547,29505591.580478434
657.1428571428571,387.14285714285717,451.42857142857144,24.56269547893243,23274626.549457837
657.1428571428571,387.14285714285717,617.1428571428571,23.879872858146545,20636005.28178775
657.1428571428571,387.14285714285717,782.8571428571429,23.230691182795663,19196138.821353193
657.1428571428571,387.14285714285717,948.5714285714287,22.63023856835811,18278936.33804052
657.1428571428571,387.14285714285717,1114.2857142857142,22.08509625198869,17628803.077668555
657.1428571428571,387.14285714285717,1280.0,21.595693827162318,17132057.356440056
657.1428571428571,387.14285714285717,1445.7142857142858,21.158946615449455,16732138.445888788
657.1428571428571,387.14285714285717,1611.4285714285716,20.770138858516574,16398270.145131934
657.1428571428571,387.14285714285717,1777.1428571428573,20.424054998953395,16112360.394002417
657.1428571428571,387.14285714285717,1942.857142857143,20.115587361113352,15863019.852060407
657.1428571428571,387.14285714285717,2108.5714285714284,19.840025406495826,15642633.600868218
657.1428571428571,387.14285714285717,2274.285714285714,19.593165762236122,15445839.53046218
657.1428571428571,387.14285714285717,2440.0,19.37132769268475,15268694.121735217
657.1428571428571,387.14285714285717,2605.714285714286,19.171322570899473,15108191.777361907
657.1428571428571,387.14285714285717,2771.4285714285716,18.990404038749027,14961974.6311384
657.1428571428571,387.14285714285717,2937.1428571428573,18.826212909281264,14828149.513450606
657.1428571428571,387.14285714285717,3102.857142857143,18.67672378537706,14705167.714535402
657.1428571428571,387.14285714285717,3268.571428571429,18.540196505800306,14591743.008409416
657.1428571428571,387.14285714285717,3434.2857142857147,18.415133486340526,14486793.862926971
657.1428571428571,387.14285714285717,3600.0,18.300242991297928,14389401.477923436
657.1428571428571,434.28571428571433,120.0,25.951757760218047,57559182.73831973
657.1428571428571,434.28571428571433,285.7142857142857,25.25812772954508,30099742.558402307
657.1428571428571,434.28571428571433,451.42857142857144,24.576965686952867,23806798.076611374
657.1428571428571,434.28571428571433,617.1428571428571,23.908621577838936,21143958.32735948
657.1428571428571,434.28571428571433,782.8571428571429,23.273771026593508,19694456.97830493
657.1428571428571,434.28571428571433,948.5714285714287,22.686624095569414,18774456.117755808
657.1428571428571,434.28571428571433,1114.2857142857142,22.15330571981778,18124942.594579484
657.1428571428571,434.28571428571433,1280.0,21.674110413505378,17630508.108563118
657.1428571428571,434.28571428571433,1445.7142857142858,21.24600877099186,17233666.997872178
657.1428571428571,434.28571428571433,1611.4285714285716,20.864432890143593,16903138.76208943
657.1428571428571,434.28571428571433,1777.1428571428573,20.5243478764427,16620559.084035236
657.1428571428571,434.28571428571433,1942.857142857143,20.220827291345834,16374397.28570672
657.1428571428571,434.28571428571433,2108.5714285714284,19.949327122549963,16156971.449640514
657.1428571428571,434.28571428571433,2274.285714285714,19.705790022866264,15962894.423772153
657.1428571428571,434.28571428571433,2440.0,19.48665991522126,15788220.857963149
657.1428571428571,434.28571428571433,2605.714285714286,19.288852916279463,15629955.638849625
657.1428571428571,434.28571428571433,2771.4285714285716,19.10970986293935,15485757.381996859
657.1428571428571,434.28571428571433,2937.1428571428573,18.94694377897534,15353751.77271214
657.1428571428571,434.28571428571433,3102.857142857143,18.798588917976772,15232409.294358661
657.1428571428571,434.28571428571433,3268.571428571429,18.66295435647233,15120462.155940127
657.1428571428571,434.28571428571433,3434.2857142857147,18.538583169483676,15016845.95728599
657.1428571428571,434.28571428571433,3600.0,18.424217236548277,14920657.502566215
657.1428571428571,481.42857142857144,120.0,25.942997063742073,58343889.45317305
657.1428571428571,481.42857142857144,285.7142857142857,25.259475605855453,30674072.19756758
657.1428571428571,481.42857142857144,451.42857142857144,24.590420667882377,24320854.272054404
657.1428571428571,481.42857142857144,617.1428571428571,23.93506430815094,21634262.436752822
657.1428571428571,481.42857142857144,782.8571428571429,23.31305075746746,20175062.011275016
657.1428571428571,481.42857142857144,948.5714285714287,22.737833352927822,19251935.550870597
657.1428571428571,481.42857142857144,1114.2857142857142,22.21514399835297,18602593.748037394
657.1428571428571,481.42857142857144,1280.0,21.745160496955222,18109983.364909034
657.1428571428571,481.42857142857144,1445.7142857142858,21.324900582177882,17715739.452215984
657.1428571428571,481.42857142857144,1611.4285714285716,20.94992348792038,17388100.821889184
657.1428571428571,481.42857142857144,1777.1428571428573,20.615350144162615,17108441.39068601
657.1428571428571,481.42857142857144,1942.857142857143,20.31641087321253,16865092.1432944
657.1428571428571,481.42857142857144,2108.5714285714284,20.04870611401454,16650303.120883973
657.1428571428571,481.42857142857144,2274.285714285714,19.808305564723693,16458659.08915525
657.1428571428571,481.42857142857144,2440.0,19.591761936967668,16286209.002537861
657.1428571428571,481.42857142857144,2605.714285714286,19.39608304515006,16129964.190679155
657.1428571428571,481.42857142857144,2771.4285714285716,19.218686308156652,15987595.871229492
657.1428571428571,481.42857142857144,2937.1428571428573,19.057348381418443,15857245.025311496
657.1428571428571,481.42857142857144,3102.857142857143,18.910156260513762,15737398.150132077
657.1428571428571,481.42857142857144,3268.571428571429,18.77546270800126,15626803.095493887
657.1428571428571,481.42857142857144,3434.2857142857147,18.651847001771316,15524410.162067724
657.1428571428571,481.42857142857144,3600.0,18.53808106128947,15429329.65606008
657.1428571428571,528.5714285714286,120.0,25.93546315764354,59104457.4628171
657.1428571428571,528.5714285714286,285.7142857142857,25.261169580071535,31231106.16783308
657.1428571428571,528.5714285714286,451.42857142857144,24.60311213200525,24819119.065771904
657.1428571428571,528.5714285714286,617.1428571428571,23.959506542219017,22109200.50356354
657.1428571428571,528.5714285714286,782.8571428571429,23.349093183667645,20640271.09075918
657.1428571428571,528.5714285714286,948.5714285714287,22.784664633013183,19713764.95995231
657.1428571428571,528.5714285714286,1114.2857142857142,22.271609802806225,19064237.092876513
657.1428571428571,528.5714285714286,1280.0,21.810004385556365,18573057.729224406
657.1428571428571,528.5714285714286,1445.7142857142858,21.39690691782569,18181020.794292077
657.1428571428571,528.5714285714286,1611.4285714285716,21.02798744311366,17855904.291360497
657.1428571428571,528.5714285714286,1777.1428571428573,20.698503066912732,17578829.40274178
657.1428571428571,528.5714285714286,1942.857142857143,20.40382144229768,17337991.60141275
657.1428571428571,528.5714285714286,2108.5714285714284,20.139669873577066,17125572.33736802
657.1428571428571,528.5714285714286,2274.285714285714,19.902229927921834,16936126.04850426
657.1428571428571,528.5714285714286,2440.0,19.68815036743798,16765693.020586332
657.1428571428571,528.5714285714286,2605.714285714286,19.494520190478152,16611287.864078686
657.1428571428571,528.5714285714286,2771.4285714285716,19.31882480855235,16470591.332468523
657.1428571428571,528.5714285714286,2937.1428571428573,19.158897534662,16341756.870327707
657.1428571428571,528.5714285714286,3102.857142857143,19.01287246386176,16223284.445092363
657.1428571428571,528.5714285714286,3268.571428571429,18.879141488073707,16113935.302005183
657.1428571428571,528.5714285714286,3434.2857142857147,18.7563164112074,16012672.481550958
657.1428571428571,528.5714285714286,3600.0,18.643196226182678,15918618.090475766
657.1428571428571,575.7142857142858,120.0,25.928923538847293,59843613.92673736
657.1428571428571,575.7142857142858,285.7142857142857,25.26309830714992,31772852.659846175
657.1428571428571,575.7142857142858,451.42857142857144,24.615097632542046,25303444.542453937
657.1428571428571,575.7142857142858,617.1428571428571,23.982201285736938,22570592.1658604
657.1428571428571,575.7142857142858,782.8571428571429,23.382348839483626,21091928.919767607
657.1428571428571,575.7142857142858,948.5714285714287,22.827749530706686,20161843.652215336
657.1428571428571,575.7142857142858,1114.2857142857142,22.32348965106454,19511839.580779597
657.1428571428571,575.7142857142858,1280.0,21.86955461349982,19021768.86182113
657.1428571428571,575.7142857142858,1445.7142857142858,21.463038714289283,18631616.826573703
657.1428571428571,575.7142857142858,1611.4285714285716,21.099709676799733,18308717.720223833
657.1428571428571,575.7142857142858,1777.1428571428573,20.774944924719758,18033947.89165578
657.1428571428571,575.7142857142858,1942.857142857143,20.484233712816216,17795369.960255854
657.1428571428571,575.7142857142858,2108.5714285714284,20.223415930138145,17585096.57205796
657.1428571428571,575.7142857142858,2274.285714285714,19.98877264893459,17397650.1610933
657.1428571428571,575.7142857142858,2440.0,19.777038269000666,17229060.019314088
657.1428571428571,575.7142857142858,2605.714285714286,19.58537434782302,17076341.520040892
657.1428571428571,575.7142857142858,2771.4285714285716,19.411327217388987,16937182.48608574
657.1428571428571,575.7142857142858,2937.1428571428573,19.252781083921377,16809746.531338353
657.1428571428571,575.7142857142858,3102.857142857143,19.107912459335697,16692545.022442821
657.1428571428571,575.7142857142858,3268.571428571429,18.975148567341353,16584350.764145538
657.1428571428571,575.7142857142858,3434.2857142857147,18.853130659777396,16484137.92750331
657.1428571428571,575.7142857142858,3600.0,18.740682307788177,16391039.01909347
657.1428571428571,622.8571428571429,120.0,25.923202884462512,60563555.60751881
657.1428571428571,622.8571428571429,285.7142857142857,25.265184882265242,32300942.50197959
657.1428571428571,622.8571428571429,451.42857142857144,24.626434209747206,25775337.099328887
657.1428571428571,622.8571428571429,617.1428571428571,24.003359143252258,23019917.20936915
657.1428571428571,622.8571428571429,782.8571428571429,23.413183100382795,21531533.815584913
657.1428571428571,622.8571428571429,948.5714285714287,22.867595488380584,20597711.555670377
657.1428571428571,622.8571428571429,1114.2857142857142,22.37141309681046,19946992.993253384
657.1428571428571,622.8571428571429,1280.0,21.924540803175685,19457762.92918638
657.1428571428571,622.8571428571429,1445.7142857142858,21.52410457519585,19069226.279433135
657.1428571428571,622.8571428571429,1611.4285714285716,21.165959074208242,18748288.380617913
657.1428571428571,622.8571428571429,1777.1428571428573,20.845589027834407,18475587.75087113
657.1428571428571,622.8571428571429,1942.857142857143,20.55859234790471,18239056.6572214
657.1428571428571,622.8571428571429,2108.5714285714284,20.300909722874835,18030738.963490475
657.1428571428571,622.8571428571429,2274.285714285714,20.06891149704264,17845123.841630578
657.1428571428571,622.8571428571429,2440.0,19.859409063818283,17678227.747451447
657.1428571428571,622.8571428571429,2605.714285714286,19.669629357604467,17527064.78304784
657.1428571428571,622.8571428571429,2771.4285714285716,19.4971737224227,17389327.827023387
657.1428571428571,622.8571428571429,2937.1428571428573,19.339972425523566,17263188.776752353
657.1428571428571,622.8571428571429,3102.857142857143,19.19624045637897,17147168.686879396
657.1428571428571,622.8571428571429,3268.571428571429,19.06443716387242,17040050.398437295
657.1428571428571,622.8571428571429,3434.2857142857147,18.943230638546186,16940817.87328913
657.1428571428571,622.8571428571429,3600.0,18.831466905917473,16848612.84816496
657.1428571428571,670.0,120.0,25.918166135377007,61266086.73040189
657.1428571428571,670.0,285.7142857142857,25.26737515253318,32816723.374029055
657.1428571428571,670.0,451.42857142857144,24.63717562437672,26236042.815251403
657.1428571428571,670.0,617.1428571428571,24.023156611279546,23458399.277236972
657.1428571428571,670.0,782.8571428571429,23.441895873652992,21960323.23796585
657.1428571428571,670.0,948.5714285714287,22.904615835238623,21022638.399887294
657.1428571428571,670.0,1114.2857142857142,22.415891344084663,20371007.565366324
657.1428571428571,670.0,1280.0,21.975554879497594,19882392.80915917
657.1428571428571,670.0,1445.7142857142858,21.580760714667772,19495243.36907659
657.1428571428571,670.0,1611.4285714285716,21.22744153076961,19176048.77149651
657.1428571428571,670.0,1777.1428571428573,20.91117852402478,18905215.977686096
657.1428571428571,670.0,1942.857142857143,20.62766745918763,18670549.258405216
657.1428571428571,670.0,2108.5714285714284,20.372939962919304,18464023.882165164
657.1428571428571,670.0,2274.285714285714,20.143447067013394,18280094.81324931
657.1428571428571,670.0,2440.0,19.9360698873737,18114764.19608213
657.1428571428571,670.0,2605.714285714286,19.74809467694437,17965043.198399454
657.1428571428571,670.0,2771.4285714285716,19.577172793372316,17828628.09024441
657.1428571428571,670.0,2937.1428571428573,19.421276464658177,17703697.482712004
657.1428571428571,670.0,3102.857142857143,19.278655804689652,17588780.68675234
657.1428571428571,670.0,3268.571428571429,19.147799549101,17482669.300135065
657.1428571428571,670.0,3434.2857142857147,19.027400391234075,17384355.94631165
657.1428571428571,670.0,3600.0,18.916324984448295,17292990.603448577
657.1428571428571,717.1428571428572,120.0,25.913707339584402,61952713.396430135
657.1428571428571,717.1428571428572,285.7142857142857,25.269630401150696,33321325.406613603
657.1428571428571,717.1428571428572,451.42857142857144,24.647371306268315,26686607.203180164
657.1428571428571,717.1428571428572,617.1428571428571,24.041742680893677,23887064.567539822
657.1428571428571,717.1428571428572,782.8571428571429,23.468736056228124,22379333.745935015
657.1428571428571,717.1428571428572,948.5714285714287,22.93915139012079,21437686.148544237
657.1428571428571,717.1428571428572,1114.2857142857142,22.457344808937975,20784977.41768333
657.1428571428571,717.1428571428572,1280.0,22.02308327094618,20296786.61421356
657.1428571428571,717.1428571428572,1445.7142857142858,21.633546545986164,19910829.260782797
657.1428571428571,717.1428571428572,1611.4285714285716,21.284737836678033,19593190.752139315
657.1428571428571,717.1428571428572,1777.1428571428573,20.972325674066948,19324052.16500067
657.1428571428571,717.1428571428572,1942.857142857143,20.692094547825857,19091091.996551882
657.1428571428571,717.1428571428572,2108.5714285714284,20.440158672538722,18886217.224021263
657.1428571428571,717.1428571428572,2274.285714285714,20.213042481175776,18703847.896224037
657.1428571428571,717.1428571428572,2440.0,20.00769062557572,18539970.65494495
657.1428571428571,717.1428571428572,2605.714285714286,19.8214435094927,18391592.359825544
657.1428571428571,717.1428571428572,2771.4285714285716,19.651998229444896,18256411.281906836
657.1428571428571,717.1428571428572,2937.1428571428573,19.497365458016763,18132611.425199337
657.1428571428571,717.1428571428572,3102.857142857143,19.35582754995335,18018729.146168962
657.1428571428571,717.1428571428572,3268.571428571429,19.225900265820183,17913563.712908663
657.1428571428571,717.1428571428572,3434.2857142857147,19.10629896746727,17816115.44855725
657.1428571428571,717.1428571428572,3600.0,18.995909350915813,17725541.72814767
657.1428571428571,764.2857142857143,120.0,25.90974206467761,62624710.28638014
657.1428571428571,764.2857142857143,285.7142857142857,25.271922621121522,33815708.20846919
657.1428571428571,764.2857142857143,451.42857142857144,24.657066126624265,27127918.2300922
657.1428571428571,764.2857142857143,617.1428571428571,24.059244039603882,24306784.149790183
657.1428571428571,764.2857142857143,782.8571428571429,23.4939122892911,22789444.202553205
657.1428571428571,764.2857142857143,948.5714285714287,22.971486274590127,21843753.92648394
657.1428571428571,764.2857142857143,1114.2857142857142,22.496123174642083,21189827.564632103
657.1428571428571,764.2857142857143,1280.0,22.067530299878037,20701896.844983038
657.1428571428571,764.2857142857143,1445.7142857142858,21.68291054517528,20316963.264868833
657.1428571428571,764.2857142857143,1611.4285714285716,21.338331259839403,20000718.596490283
657.1428571428571,764.2857142857143,1777.1428571428573,21.029540526510644,19733123.20040353
657.1428571428571,764.2857142857143,1942.857142857143,20.752403765485496,19501731.900709182
657.1428571428571,764.2857142857143,2108.5714285714284,20.503110634288504,19298383.770635653
657.1428571428571,764.2857142857143,2274.285714285714,20.27825271912429,19117463.4191631
657.1428571428571,764.2857142857143,2440.0,20.07483289108839,18954941.01720463
657.1428571428571,764.2857142857143,2605.714285714286,19.890241253440507,18807817.971795946
657.1428571428571,764.2857142857143,2771.4285714285716,19.722216950701362,18673793.382676143
657.1428571428571,764.2857142857143,2937.1428571428573,19.568806056688818,18551055.52503611
657.1428571428571,764.2857142857143,3102.857142857143,19.428320664854013,18438146.767282054
657.1428571428571,764.2857142857143,3268.571428571429,19.299301505872595,18333873.116784725
657.1428571428571,764.2857142857143,3434.2857142857147,19.180484922632285,18237241.76939905
657.1428571428571,764.2857142857143,3600.0,19.070774266966094,18147416.768959202
657.1428571428571,811.4285714285714,120.0,25.906202100119998,63283169.05331356
657.1428571428571,811.4285714285714,285.7142857142857,25.274231378518436,34300695.42361855
657.1428571428571,811.4285714285714,451.42857142857144,24.66630055666008,27560738.040898193
657.1428571428571,811.4285714285714,617.1428571428571,24.07576916578763,24718305.199788075
657.1428571428571,811.4285714285714,782.8571428571429,23.51760106552826,23191407.64687406
657.1428571428571,811.4285714285714,948.5714285714287,23.001859680862765,22241611.117154785
657.1428571428571,811.4285714285714,1114.2857142857142,22.532520244345353,21586348.49093556
657.1428571428571,811.4285714285714,1280.0,22.109235480692902,21098536.491691705
657.1428571428571,811.4285714285714,1445.7142857142858,21.729229386486583,20714480.39193469
657.1428571428571,811.4285714285714,1611.4285714285716,21.388627985188265,20399487.8735189
657.1428571428571,811.4285714285714,1777.1428571428573,21.083252215121217,20133303.321750864
657.1428571428571,811.4285714285714,1942.857142857143,20.80904170914638,19903359.87631926
657.1428571428571,811.4285714285714,2108.5714285714284,20.562255397624646,19701429.15273128
657.1428571428571,811.4285714285714,2274.285714285714,20.339546613949633,19521859.938981324
657.1428571428571,811.4285714285714,2440.0,20.13797183886282,19360605.144329283
657.1428571428571,811.4285714285714,2605.714285714286,19.954967007702585,19214659.76267776
657.1428571428571,811.4285714285714,2771.4285714285716,19.78831009930355,19081722.726207722
657.1428571428571,811.4285714285714,2937.1428571428573,19.6360799329031,18959985.620844446
657.1428571428571,811.4285714285714,3102.857142857143,19.49661615208408,18847995.937394127
657.1428571428571,811.4285714285714,3268.571428571429,19.368482656034416,18744565.618077338
657.1428571428571,811.4285714285714,3434.2857142857147,19.250435285501375,18648708.01471419
657.1428571428571,811.4285714285714,3600.0,19.141393826045466,18559593.207246926
657.1428571428571,858.5714285714287,120.0,25.90303167293982,63929034.24064695
657.1428571428571,858.5714285714287,285.7142857142857,25.276541681806766,34777000.67005098
657.1428571428571,858.5714285714287,451.42857142857144,24.675110994057476,27985726.839262743
657.1428571428571,858.5714285714287,617.1428571428571,24.091411562980834,25122274.52768088
657.1428571428571,858.5714285714287,782.8571428571429,23.539952920303755,23585875.28591938
657.1428571428571,858.5714285714287,948.5714285714287,23.030474763727383,22631922.243988078
657.1428571428571,858.5714285714287,1114.2857142857142,22.56678511851447,21975222.106014553
657.1428571428571,858.5714285714287,1280.0,22.14848652242685,21487406.095785234
657.1428571428571,858.5714285714287,1445.7142857142858,21.77282233156966,21104099.471469644
657.1428571428571,858.5714285714287,1611.4285714285716,21.435972504795323,20790234.530908767
657.1428571428571,858.5714285714287,1777.1428571428573,21.13382502666216,20525344.05846862
657.1428571428571,858.5714285714287,1942.857142857143,20.862387903833994,20296741.395777047
657.1428571428571,858.5714285714287,2108.5714285714284,20.617983967596878,20096131.188291557
657.1428571428571,858.5714285714287,2274.285714285714,20.397323583333314,19917826.13485254
657.1428571428571,858.5714285714287,2440.0,20.19751281337244,19757761.23510722
657.1428571428571,858.5714285714287,2605.714285714286,20.01603003909983,19612924.2587068
657.1428571428571,858.5714285714287,2771.4285714285716,19.85068925439869,19481013.117757782
657.1428571428571,858.5714285714287,2937.1428571428573,19.69959968929005,19360221.880680982
657.1428571428571,858.5714285714287,3102.857142857143,19.561126609522592,19249102.389570236
657.1428571428571,858.5714285714287,3268.571428571429,19.433855492268364,19146471.821443792
657.1428571428571,858.5714285714287,3434.2857142857147,19.316560363771742,19051349.05840052
657.1428571428571,858.5714285714287,3600.0,19.208176359460335,18962909.662754655
657.1428571428571,905.7142857142858,120.0,25.900184689960312,64563130.475459255
657.1428571428571,905.7142857142858,285.7142857142857,25.27884250507489,35245247.37159826
657.1428571428571,905.7142857142858,451.42857142857144,24.683530147529773,28403461.189195745
657.1428571428571,905.7142857142858,617.1428571428571,24.106252329460833,25519256.616832204
657.1428571428571,905.7142857142858,782.8571428571429,23.56109721790987,23973414.875976097
657.1428571428571,905.7142857142858,948.5714285714287,23.057505453722925,23015266.008559477
657.1428571428571,905.7142857142858,1114.2857142857142,22.59913072992972,22357041.57501171
657.1428571428571,905.7142857142858,1280.0,22.185529247591646,21869114.399919286
657.1428571428571,905.7142857142858,1445.7142857142858,21.813962209820392,21486444.584752463
657.1428571428571,905.7142857142858,1611.4285714285716,21.480659375662313,21173597.044030793
657.1428571428571,905.7142857142858,1777.1428571428573,21.18157069730516,20909897.01807862
657.1428571428571,905.7142857142858,1942.857142857143,20.912767442818073,20682539.8431045
657.1428571428571,905.7142857142858,2108.5714285714284,20.670631633173926,20483163.71067203
657.1428571428571,905.7142857142858,2274.285714285714,20.45192652353804,20306045.052229762
657.1428571428571,905.7142857142858,2440.0,20.25380421314654,20147100.425978705
657.1428571428571,905.7142857142858,2605.714285714286,20.073782544422134,20003309.688797086
657.1428571428571,905.7142857142858,2771.4285714285716,19.909709036366877,19872368.99879079
657.1428571428571,905.7142857142858,2937.1428571428573,19.759721263979838,19752474.188132998
657.1428571428571,905.7142857142858,3102.857142857143,19.6222084058991,19642180.7774717
657.1428571428571,905.7142857142858,3268.571428571429,19.49577610434685,19540310.5654935
657.1428571428571,905.7142857142858,3434.2857142857147,19.379215402833477,19445887.414891873
657.1428571428571,905.7142857142858,3600.0,19.27147581977467,19358091.88264265
657.1428571428571,952.8571428571429,120.0,25.897622692323687,65186183.41766273
657.1428571428571,952.8571428571429,285.7142857142857,25.281125746274636,35705984.16773767
657.1428571428571,952.8571428571429,451.42857142857144,24.69158742526976,28814448.263095506
657.1428571428571,952.8571428571429,617.1428571428571,24.12036221357307,25909747.670699116
657.1428571428571,952.8571428571429,782.8571428571429,23.581145894389472,24354525.025339086
657.1428571428571,952.8571428571429,948.5714285714287,23.08310174460151,23392150.08605675
657.1428571428571,952.8571428571429,1114.2857142857142,22.629740447761804,22732326.709700387
657.1428571428571,952.8571428571429,1280.0,22.220575260493654,22244194.354676023
657.1428571428571,952.8571428571429,1445.7142857142858,21.852883909998383,21862061.661140632
657.1428571428571,952.8571428571429,1611.4285714285716,21.522942321871003,21550133.552385576
657.1428571428571,952.8571428571429,1777.1428571428573,21.226757945929975,21287531.504454263
657.1428571428571,952.8571428571429,1942.857142857143,20.960460805240295,21061334.55484179
657.1428571428571,952.8571428571429,2108.5714285714284,20.720487951422005,20863114.976310577
657.1428571428571,952.8571428571429,2274.285714285714,20.503651867045328,20687112.826813027
657.1428571428571,952.8571428571429,2440.0,20.30714754915789,20529225.78654756
657.1428571428571,952.8571428571429,2605.714285714286,20.12852965338692,20386425.212631922
657.1428571428571,952.8571428571429,2771.4285714285716,19.965677011423267,20256404.874000166
657.1428571428571,952.8571428571429,2937.1428571428573,19.81675370446402,20137361.73936466
657.1428571428571,952.8571428571429,3102.857142857143,19.680171299875102,20027854.41767347
657.1428571428571,952.8571428571429,3268.571428571429,19.55455434269303,19926708.78920455
657.1428571428571,952.8571428571429,3434.2857142857147,19.43870984808269,19832953.211570125
657.1428571428571,952.8571428571429,3600.0,19.33160085036227,19745772.804407645
657.1428571428571,1000.0,120.0,25.89531331430777,65798836.14889248
657.1428571428571,1000.0,285.7142857142857,25.283385480839616,36159697.059567235
657.1428571428571,1000.0,451.42857142857144,24.699309301714752,29219137.089465495
657.1428571428571,1000.0,617.1428571428571,24.133803269497015,26294186.702794574
657.1428571428571,1000.0,782.8571428571429,23.600196415803858,24729646.47757438
657.1428571428571,1000.0,948.5714285714287,23.107393844965536,23763022.783325132
657.1428571428571,1000.0,1114.2857142857142,22.65877324956008,23101536.08024808
657.1428571428571,1000.0,1280.0,22.2538079482344,22613115.70023731
657.1428571428571,1000.0,1445.7142857142858,21.889791027391862,22231431.510323614
657.1428571428571,1000.0,1611.4285714285716,21.563041366144567,21920335.305357553
657.1428571428571,1000.0,1777.1428571428573,21.269619953353708,21658748.333075017
657.1428571428571,1000.0,1942.857142857143,21.005711570753665,21433634.96002939
657.1428571428571,1000.0,2108.5714285714284,20.767804607177,21236502.087104112
657.1428571428571,1000.0,2274.285714285714,20.552757515522174,21061553.350891
657.1428571428571,1000.0,2440.0,20.357805394774253,20904667.195836034
657.1428571428571,1000.0,2605.714285714286,20.180537351811594,20762805.97710298
657.1428571428571,1000.0,2771.4285714285716,20.018861554333586,20633660.52221206
657.1428571428571,1000.0,2937.1428571428573,19.87096694422511,20515428.386354774
657.1428571428571,1000.0,3102.857142857143,19.73528611135007,20406670.74625066
657.1428571428571,1000.0,3268.571428571429,19.610461370183412,20306217.085594267
657.1428571428571,1000.0,3434.2857142857147,19.495314767032013,20213099.825589925
657.1428571428571,1000.0,3600.0,19.38882207077944,20126508.26392505
692.8571428571429,10.0,120.0,26.257294311645193,48237736.68521508
692.8571428571429,10.0,285.7142857142857,25.419406614352262,23238905.59272486
692.8571428571429,10.0,451.42857142857144,24.50837532460986,17613794.48239749
692.8571428571429,10.0,617.1428571428571,23.562561975338078,15186206.021903794
692.8571428571429,10.0,782.8571428571429,22.643191342314083,13788969.542517928
692.8571428571429,10.0,948.5714285714287,21.79570954747614,12830263.942141438
692.8571428571429,10.0,1114.2857142857142,21.04264103495722,12098090.283454744
692.8571428571429,10.0,1280.0,20.38885925735627,11503382.595063856
692.8571428571429,10.0,1445.7142857142858,19.82895852943986,11003230.682711476
692.8571428571429,10.0,1611.4285714285716,19.352829269515322,10573949.28464052
692.8571428571429,10.0,1777.1428571428573,18.949020335532246,10200705.760688884
692.8571428571429,10.0,1942.857142857143,18.606481492711676,9873220.798038937
692.8571428571429,10.0,2108.5714285714284,18.315323668439092,9583845.815850532
692.8571428571429,10.0,2274.285714285714,18.067047374826355,9326623.445124557
692.8571428571429,10.0,2440.0,17.85451101003886,9096779.451426642
692.8571428571429,10.0,2605.714285714286,17.671788851917235,8890417.949549347
692.8571428571429,10.0,2771.4285714285716,17.51399568715127,8704320.953288622
692.8571428571429,10.0,2937.1428571428573,17.377114549587432,8535806.807919757
692.8571428571429,10.0,3102.857142857143,17.257842737228415,8382625.096583748
692.8571428571429,10.0,3268.571428571429,17.153460637969676,8242876.01126854
692.8571428571429,10.0,3434.2857142857147,17.061722944169997,8114947.153721079
692.8571428571429,10.0,3600.0,16.98076980975832,7997463.287101244
692.8571428571429,57.142857142857146,120.0,26.107183139656716,50573454.021188065
692.8571428571429,57.142857142857146,285.7142857142857,25.28440955642881,24837197.024187118
692.8571428571429,57.142857142857146,451.42857142857144,24.417902883312983,19026774.226416595
692.8571428571429,57.142857142857146,617.1428571428571,23.535015556513937,16534412.067732736
692.8571428571429,57.142857142857146,782.8571428571429,22.68249428864814,15124920.119304959
692.8571428571429,57.142857142857146,948.5714285714287,21.893982597285373,14180750.850280374
692.8571428571429,57.142857142857146,1114.2857142857142,21.185839609208347,13475765.567729041
692.8571428571429,57.142857142857146,1280.0,20.561451036386263,12912645.31669506
692.8571428571429,57.142857142857146,1445.7142857142858,20.01664859567105,12443925.442102201
692.8571428571429,57.142857142857146,1611.4285714285716,19.54371996023793,12043662.196213828
692.8571428571429,57.142857142857146,1777.1428571428573,19.133836388764184,11696105.293376915
692.8571428571429,57.142857142857146,1942.857142857143,18.778341696968514,11390788.081717955
692.8571428571429,57.142857142857146,2108.5714285714284,18.469346229800742,11120239.702877844
692.8571428571429,57.142857142857146,2274.285714285714,18.199935628535314,10878838.96226882
692.8571428571429,57.142857142857146,2440.0,17.96418300854652,10662195.461863495
692.8571428571429,57.142857142857146,2605.714285714286,17.757070957081545,10466789.165346807
692.8571428571429,57.142857142857146,2771.4285714285716,17.574380048126844,10289744.813977508
692.8571428571429,57.142857142857146,2937.1428571428573,17.412572326250455,10128681.462835427
692.8571428571429,57.142857142857146,3102.857142857143,17.26868283811559,9981606.702129034
692.8571428571429,57.142857142857146,3268.571428571429,17.140224244798993,9846839.161475306
692.8571428571429,57.142857142857146,3434.2857142857147,17.025105535287633,9722949.928648552
692.8571428571429,57.142857142857146,3600.0,16.92156400741157,9608717.213577371
692.8571428571429,104.28571428571429,120.0,26.04768841418423,52103779.16876888
692.8571428571429,104.28571428571429,285.7142857142857,25.250950651993847,25924055.89807491
692.8571428571429,104.28571428571429,451.42857142857144,24.425987724220462,19997552.31305831
692.8571428571429,104.28571428571429,617.1428571428571,23.593581816111023,17464457.86144061
692.8571428571429,104.28571428571429,782.8571428571429,22.792938699670096,16045862.885664212
692.8571428571429,104.28571428571429,948.5714285714287,22.05182928759587,15108235.418186987
692.8571428571429,104.28571428571429,1114.2857142857142,21.3835135018166,14417257.13165593
692.8571428571429,104.28571428571429,1280.0,20.790498787435613,13871030.32895562
692.8571428571429,104.28571428571429,1445.7142857142858,20.26905057680113,13419573.412366375
692.8571428571429,104.28571428571429,1611.4285714285716,19.812491865942874,13035650.259686835
692.8571428571429,104.28571428571429,1777.1428571428573,19.413199632223936,12702928.607253639
692.8571428571429,104.28571428571429,1942.857142857143,19.063672577602116,12410755.11342165
692.8571428571429,104.28571428571429,2108.5714285714284,18.757031686151535,12151680.136489427
692.8571428571429,104.28571428571429,2274.285714285714,18.48720405732643,11920203.799109599
692.8571428571429,104.28571428571429,2440.0,18.248942750130773,11712097.191867435
692.8571428571429,104.28571428571429,2605.714285714286,18.037769452289115,11524009.986888783
692.8571428571429,104.28571428571429,2771.4285714285716,17.84988682529648,11353228.849885372
692.8571428571429,104.28571428571429,2937.1428571428573,17.682084499432396,11197519.839574395
692.8571428571429,104.28571428571429,3102.857142857143,17.531650095139597,11055020.273062486
692.8571428571429,104.28571428571429,3268.571428571429,17.396289945203748,10924161.33646901
692.8571428571429,104.28571428571429,3434.2857142857147,17.2740607706046,10803610.779648094
692.8571428571429,104.28571428571429,3600.0,17.16331192281673,10692229.321478799
692.8571428571429,151.42857142857144,120.0,26.011583535431413,53385724.551390074
692.8571428571429,151.42857142857144,285.7142857142857,25.23750288801614,26845543.401009236
692.8571428571429,151.42857142857144,451.42857142857144,24.44516083613638,20822377.025240716
692.8571428571429,151.42857142857144,617.1428571428571,23.650817186220593,18254391.47240006
692.8571428571429,151.42857142857144,782.8571428571429,22.888830830406928,16826100.074401602
692.8571428571429,151.42857142857144,948.5714285714287,22.183282474176448,15891000.29623185
692.8571428571429,151.42857142857144,1114.2857142857142,21.5454900979851,15208456.574111579
692.8571428571429,151.42857142857144,1280.0,20.97739334968217,14673143.341890179
692.8571428571429,151.42857142857144,1445.7142857142858,20.47550278438799,14233205.850211466
692.8571428571429,151.42857142857144,1611.4285714285716,20.033767485357213,13860426.397926658
692.8571428571429,151.42857142857144,1777.1428571428573,19.645308487302326,13538002.830256717
692.8571428571429,151.42857142857144,1942.857142857143,19.303349193413247,13255098.984313857
692.8571428571429,151.42857142857144,2108.5714285714284,19.001655445916228,13004237.496744692
692.8571428571429,151.42857142857144,2274.285714285714,18.73470069664786,12779969.643723324
692.8571428571429,151.42857142857144,2440.0,18.49768770981032,12578153.46007488
692.8571428571429,151.42857142857144,2605.714285714286,18.286501802811973,12395537.675171943
692.8571428571429,151.42857142857144,2771.4285714285716,18.097636394053293,12229507.64442056
692.8571428571429,151.42857142857144,2937.1428571428573,17.928111948477447,12077921.626697037
692.8571428571429,151.42857142857144,3102.857142857143,17.775398503895563,11939000.066810941
692.8571428571429,151.42857142857144,3268.571428571429,17.637346103989902,11811247.535711996
692.8571428571429,151.42857142857144,3434.2857142857147,17.512124434408452,11693395.739052655
692.8571428571429,151.42857142857144,3600.0,17.398171477172443,11584360.698316552
692.8571428571429,198.57142857142858,120.0,25.986518880370497,54530548.78674094
692.8571428571429,198.57142857142858,285.7142857142857,25.23180874273271,27672977.33297859
692.8571428571429,198.57142857142858,451.42857142857144,24.46594837177438,21563130.82170928
692.8571428571429,198.57142857142858,617.1428571428571,23.701809673086885,18963078.338953886
692.8571428571429,198.57142857142858,782.8571428571429,22.97029033624077,17524583.400663633
692.8571428571429,198.57142857142858,948.5714285714287,22.29287225559881,16589763.494914688
692.8571428571429,198.57142857142858,1114.2857142857142,21.679508667507843,15912618.865682324
692.8571428571429,198.57142857142858,1280.0,21.131733511107615,15384976.567324989
692.8571428571429,198.57142857142858,1445.7142857142858,20.64621950019899,14953433.664679315
692.8571428571429,198.57142857142858,1611.4285714285716,20.217347525595574,14588950.114781713
692.8571428571429,198.57142857142858,1777.1428571428573,19.83875818452627,14274313.94426092
692.8571428571429,198.57142857142858,1942.857142857143,19.504186192744626,13998511.508169716
692.8571428571429,198.57142857142858,2108.5714285714284,19.207857104320926,13754015.654485546
692.8571428571429,198.57142857142858,2274.285714285714,18.944638068196003,13535395.115096577
692.8571428571429,198.57142857142858,2440.0,18.710059573846042,13338558.128455844
692.8571428571429,198.57142857142858,2605.714285714286,18.500275093048394,13160317.051908277
692.8571428571429,198.57142857142858,2771.4285714285716,18.31199515246724,12998123.777333617
692.8571428571429,198.57142857142858,2937.1428571428573,18.142414871572925,12849900.558495386
692.8571428571429,198.57142857142858,3102.857142857143,17.98914425827152,12713926.719601402
692.8571428571429,198.57142857142858,3268.571428571429,17.850145291488115,12588759.622709097
692.8571428571429,198.57142857142858,3434.2857142857147,17.723677074444712,12473177.566400131
692.8571428571429,198.57142857142858,3600.0,17.608248982943497,12366137.296212684
692.8571428571429,245.71428571428572,120.0,25.967837581416838,55583925.731892385
692.8571428571429,245.71428571428572,285.7142857142857,25.229860614429498,28436581.481087852
692.8571428571429,245.71428571428572,451.42857142857144,24.48614955570975,22246435.997882504
692.8571428571429,245.71428571428572,617.1428571428571,23.74689321651043,19616094.953969683
692.8571428571429,245.71428571428572,782.8571428571429,23.04035578590401,18167077.976252113
692.8571428571429,245.71428571428572,948.5714285714287,22.386061118489945,17231139.71814235
692.8571428571429,245.71428571428572,1114.2857142857142,21.79293572909259,16557506.556961073
692.8571428571429,245.71428571428572,1280.0,21.262204955952182,16035512.437369706
692.8571428571429,245.71428571428572,1445.7142857142858,20.790658469352653,15610404.567939438
692.8571428571429,245.71428571428572,1611.4285714285716,20.372998098945075,15252419.132247027
692.8571428571429,245.71428571428572,1777.1428571428573,20.003254034783506,14943973.202476017
692.8571428571429,245.71428571428572,1942.857142857143,19.67554726176444,14673881.236744724
692.8571428571429,245.71428571428572,2108.5714285714284,19.384453210775398,14434554.868838167
692.8571428571429,245.71428571428572,2274.285714285714,19.12514097599883,14220561.321924724
692.8571428571429,245.71428571428572,2440.0,18.893394414739408,14027837.769143295
692.8571428571429,245.71428571428572,2605.714285714286,18.6855760496924,13853239.340365376
692.8571428571429,245.71428571428572,2771.4285714285716,18.49856714531687,13694265.301665023
692.8571428571429,245.71428571428572,2937.1428571428573,18.329701430943796,13548884.920093194
692.8571428571429,245.71428571428572,3102.857142857143,18.176701066056808,13415421.669196492
692.8571428571429,245.71428571428572,3268.571428571429,18.037618626648424,13292473.090475308
692.8571428571429,245.71428571428572,3434.2857142857147,17.910786363907455,13178853.362233197
692.8571428571429,245.71428571428572,3600.0,17.794772723859474,13073550.894968022
692.8571428571429,292.8571428571429,120.0,25.953277850283715,56569996.9154048
692.8571428571429,292.8571428571429,285.7142857142857,25.229940692794123,29152752.16695704
692.8571428571429,292.8571428571429,451.42857142857144,24.505184591968778,22886896.751257278
692.8571428571429,292.8571428571429,617.1428571428571,23.786986910693777,20227557.27815395
692.8571428571429,292.8571428571429,782.8571428571429,23.10152031915465,18767836.007575158
692.8571428571429,292.8571428571429,948.5714285714287,22.466765331062383,17829848.26176386
692.8571428571429,292.8571428571429,1114.2857142857142,21.89084011152988,17158454.16011749
692.8571428571429,292.8571428571429,1280.0,21.374725078144014,16640735.690015515
692.8571428571429,292.8571428571429,1445.7142857142858,20.915299108002948,16220725.132697513
692.8571428571429,292.8571428571429,1611.4285714285716,20.50751455945428,15868002.811241847
692.8571428571429,292.8571428571429,1777.1428571428573,20.14570781628658,15564642.701656405
692.8571428571429,292.8571428571429,1942.857142857143,19.824305193184987,15299292.73063691
692.8571428571429,292.8571428571429,2108.5714285714284,19.538160274260264,15064296.990997447
692.8571428571429,292.8571428571429,2274.285714285714,19.282683624796757,14854209.503215382
692.8571428571429,292.8571428571429,2440.0,19.053862971686122,14664982.85007304
692.8571428571429,292.8571428571429,2605.714285714286,18.848230122305544,14493501.44891699
692.8571428571429,292.8571428571429,2771.4285714285716,18.662805517124923,14337299.405280903
692.8571428571429,292.8571428571429,2937.1428571428573,18.49503665054976,14194381.789016439
692.8571428571429,292.8571428571429,3102.857142857143,18.34273839090927,14063106.422966946
692.8571428571429,292.8571428571429,3268.571428571429,18.204038765238224,13942102.579344777
692.8571428571429,292.8571428571429,3434.2857142857147,18.077331420766683,13830213.093947755
692.8571428571429,292.8571428571429,3600.0,17.961234791644078,13726451.899274414
692.8571428571429,340.0,120.0,25.941574758159785,57503428.36801523
692.8571428571429,340.0,285.7142857142857,25.231193805151566,29831656.250760417
692.8571428571429,340.0,451.42857142857144,24.522948870224585,23493641.028516494
692.8571428571429,340.0,617.1428571428571,23.82293843489349,20806320.73583991
692.8571428571429,340.0,782.8571428571429,23.155621573229517,19335803.67469394
692.8571428571429,340.0,948.5714285714287,22.537722200338795,18395116.735117145
692.8571428571429,340.0,1114.2857142857142,21.976700938308294,17725055.862690605
692.8571428571429,340.0,1280.0,21.47333775309563,17210627.412452973
692.8571428571429,340.0,1445.7142857142858,21.024582308466567,16794747.29322534
692.8571428571429,340.0,1611.4285714285716,20.625589473656586,16446390.125148201
692.8571428571429,340.0,1777.1428571428573,20.270944489001373,16147308.085562045
692.8571428571429,340.0,1942.857142857143,19.95532297444675,15885987.569089293
692.8571428571429,340.0,2108.5714285714284,19.67380668192212,15654701.535975095
692.8571428571429,340.0,2274.285714285714,19.4220051997791,15447983.153097171
692.8571428571429,340.0,2440.0,19.19607511611681,15261791.259318054
692.8571428571429,340.0,2605.714285714286,18.992689169430893,15093030.27683353
692.8571428571429,340.0,2771.4285714285716,18.80898427682554,14939260.425009971
692.8571428571429,340.0,2937.1428571428573,18.64250366195306,14798514.705895036
692.8571428571429,340.0,3102.857142857143,18.491140644276296,14669178.362616463
692.8571428571429,340.0,3268.571428571429,18.353087471409083,14549906.387812266
692.8571428571429,340.0,3434.2857142857147,18.22679036550425,14439565.10864422
692.8571428571429,340.0,3600.0,18.110910837665298,14337189.563205456
692.8571428571429,387.14285714285717,120.0,25.931952798118488,58393961.94441304
692.8571428571429,387.14285714285717,285.7142857142857,25.233151285529857,30480155.24941223
692.8571428571429,387.14285714285717,451.42857142857144,24.539491865921242,24072864.129844837
692.8571428571429,387.14285714285717,617.1428571428571,23.85543793630867,21358409.001665227
692.8571428571429,387.14285714285717,782.8571428571429,23.204010913913095,19877064.962568555
692.8571428571429,387.14285714285717,948.5714285714287,22.600886160302945,18933210.179038525
692.8571428571429,387.14285714285717,1114.2857142857142,22.05297607955583,18263811.716529448
692.8571428571429,387.14285714285717,1280.0,21.560892708422852,17751935.907519802
692.8571428571429,387.14285714285717,1445.7142857142858,21.12164356858233,17339457.979315724
692.8571428571429,387.14285714285717,1611.4285714285716,20.73055156975243,16994785.742572255
692.8571428571429,387.14285714285717,1777.1428571428573,20.382409375339858,16699366.591501663
692.8571428571429,387.14285714285717,1942.857142857143,20.072101201209293,16441529.995850641
692.8571428571429,387.14285714285717,2108.5714285714284,19.794900444167347,16213475.773277566
692.8571428571429,387.14285714285717,2274.285714285714,19.546584520189707,16009711.023862792
692.8571428571429,387.14285714285717,2440.0,19.323452993312927,15826194.366390059
692.8571428571429,387.14285714285717,2605.714285714286,19.122298432769895,15659843.544399204
692.8571428571429,387.14285714285717,2771.4285714285716,18.940357223526107,15508238.538935164
692.8571428571429,387.14285714285717,2937.1428571428573,18.775254704942125,15369434.507820949
692.8571428571429,387.14285714285717,3102.857142857143,18.624951801030235,15241838.99570424
692.8571428571429,387.14285714285717,3268.571428571429,18.487696363618472,15124128.250709442
692.8571428571429,387.14285714285717,3434.2857142857147,18.36198035910719,15015188.234485136
692.8571428571429,387.14285714285717,3600.0,18.24650296916822,14914071.778689556
692.8571428571429,434.28571428571433,120.0,25.9239044690024,59248484.893868916
692.8571428571429,434.28571428571433,285.7142857142857,25.235538585358505,31103159.90513648
692.8571428571429,434.28571428571433,451.42857142857144,24.554910746310764,24629017.822234936
692.8571428571429,434.28571428571433,617.1428571428571,23.885033429260243,21888156.060393997
692.8571428571429,434.28571428571433,782.8571428571429,23.247699107453467,20395994.383005146
692.8571428571429,434.28571428571433,948.5714285714287,22.657691182769824,19448625.454343963
692.8571428571429,434.28571428571433,1114.2857142857142,22.121456081623744,18779377.58895828
692.8571428571429,434.28571428571433,1280.0,21.639462554848752,18269485.385244407
692.8571428571429,434.28571428571433,1445.7142857142858,21.208766517428415,17859843.728642534
692.8571428571429,434.28571428571433,1611.4285714285716,20.824833193573284,17518324.88474859
692.8571428571429,434.28571428571433,1777.1428571428573,20.48263157421329,17226085.501051735
692.8571428571429,434.28571428571433,1942.857142857143,20.177223776685242,16971302.355866972
692.8571428571429,434.28571428571433,2108.5714285714284,19.90404717654212,16746101.078208571
692.8571428571429,434.28571428571433,2274.285714285714,19.65902327250556,16544959.046876516
692.8571428571429,434.28571428571433,2440.0,19.438574801545485,16363829.924624532
692.8571428571429,434.28571428571433,2605.714285714286,19.239597934897454,16199639.798502112
692.8571428571429,434.28571428571433,2771.4285714285716,19.059415369731983,16049983.62772304
692.8571428571429,434.28571428571433,2937.1428571428573,18.89572396855026,15912934.34157997
692.8571428571429,434.28571428571433,3102.857142857143,18.746543766530028,15786917.876947585
692.8571428571429,434.28571428571433,3268.571428571429,18.61017142667891,15670628.309716022
692.8571428571429,434.28571428571433,3434.2857142857147,18.48513923482984,15562968.261626141
692.8571428571429,434.28571428571433,3600.0,18.37017971525479,15463005.79322919
692.8571428571429,481.42857142857144,120.0,25.91708098658522,60072095.568678364
692.8571428571429,481.42857142857144,285.7142857142857,25.238186918487393,31704339.72928357
692.8571428571429,481.42857142857144,451.42857142857144,24.569312002270795,25165438.093126573
692.8571428571429,481.42857142857144,617.1428571428571,23.912160261054943,22398811.812042907
692.8571428571429,481.42857142857144,782.8571428571429,23.287457567382173,20895869.380432233
692.8571428571429,481.42857142857144,948.5714285714287,22.709216699691044,19944725.901721336
692.8571428571429,481.42857142857144,1114.2857142857142,22.183481805047567,19275228.958808266
692.8571428571429,481.42857142857144,1280.0,21.710597552751324,18766870.426631957
692.8571428571429,481.42857142857144,1445.7142857142858,21.28766108979339,18359614.3533483
692.8571428571429,481.42857142857144,1611.4285714285716,20.910260159269942,18020823.295497615
692.8571428571429,481.42857142857144,1777.1428571428573,20.573516037155006,17731375.016820975
692.8571428571429,481.42857142857144,1942.857142857143,20.272644914923657,17479297.496912383
692.8571428571429,481.42857142857144,2108.5714285714284,20.003226584699934,17256641.740236413
692.8571428571429,481.42857142857144,2274.285714285714,19.76130804542186,17057852.79204208
692.8571428571429,481.42857142857144,2440.0,19.543419642381338,16878875.806694724
692.8571428571429,481.42857142857144,2605.714285714286,19.346548335695093,16716641.408172412
692.8571428571429,481.42857142857144,2771.4285714285716,19.16809269846787,16568755.834852803
692.8571428571429,481.42857142857144,2937.1428571428573,19.005812671196598,16433306.370908815
692.8571428571429,481.42857142857144,3102.857142857143,18.85778059277021,16308734.280841226
692.8571428571429,481.42857142857144,3268.571428571429,18.722336462053345,16193748.768008184
692.8571428571429,481.42857142857144,3434.2857142857147,18.59804848545066,16087266.76112779
692.8571428571429,481.42857142857144,3600.0,18.48367899762944,15988369.513007907
692.8571428571429,528.5714285714286,120.0,25.911233301245208,60868703.784746274
692.8571428571429,528.5714285714286,285.7142857142857,25.240988750022478,32286528.917552594
692.8571428571429,528.5714285714286,451.42857142857144,24.58279740845556,25684706.634574804
692.8571428571429,528.5714285714286,617.1428571428571,23.937167188715033,22892891.98849347
692.8571428571429,528.5714285714286,782.8571428571429,23.323886544393503,21379224.55312659
692.8571428571429,528.5714285714286,948.5714285714287,22.75629388543913,20424108.29197016
692.8571428571429,528.5714285714286,1114.2857142857142,22.240081597156244,19754044.332199212
692.8571428571429,528.5714285714286,1280.0,21.775485578074473,19246856.686272155
692.8571428571429,528.5714285714286,1445.7142857142858,21.35963864218998,18841620.1164218
692.8571428571429,528.5714285714286,1611.4285714285716,20.988235438305182,18505209.291649982
692.8571428571429,528.5714285714286,1777.1428571428573,20.65653048497283,18218233.31020606
692.8571428571429,528.5714285714286,1942.857142857143,20.35987510981941,17968574.94076576
692.8571428571429,528.5714285714286,2108.5714285714284,20.09397432435648,17748210.524083294
692.8571428571429,528.5714285714286,2274.285714285714,19.854985753784604,17551550.881343313
692.8571428571429,528.5714285714286,2440.0,19.639534846741352,17374529.940593775
692.8571428571429,528.5714285714286,2605.714285714286,19.44468901758375,17214079.889824875
692.8571428571429,528.5714285714286,2771.4285714285716,19.267914263331594,17067815.324596785
692.8571428571429,528.5714285714286,2937.1428571428573,19.107026733636168,16933835.164315585
692.8571428571429,528.5714285714286,3102.857142857143,18.960145509249216,16810593.547512416
692.8571428571429,528.5714285714286,3268.571428571429,18.825649430073305,16696812.632930841
692.8571428571429,528.5714285714286,3434.2857142857147,18.702138993662604,16591421.755878957
692.8571428571429,528.5714285714286,3600.0,18.58840341496099,16493513.710822994
692.8571428571429,575.7142857142858,120.0,25.906178023142033,61641392.9130536
692.8571428571429,575.7142857142858,285.7142857142857,25.243873738820795,32851974.54159108
692.8571428571429,575.7142857142858,451.42857142857144,24.595459341527615,26188873.07741022
692.8571428571429,575.7142857142858,617.1428571428571,23.960336624773856,23372393.83241403
692.8571428571429,575.7142857142858,782.8571428571429,23.357461377108518,21848070.097860537
692.8571428571429,575.7142857142858,948.5714285714287,22.799575500189178,20888828.957916174
692.8571428571429,575.7142857142858,1114.2857142857142,22.292060473556045,20217941.239656568
692.8571428571429,575.7142857142858,1280.0,21.835055864157745,19711627.232934654
692.8571428571429,575.7142857142858,1445.7142857142858,21.425725732113527,19308107.94026973
692.8571428571429,575.7142857142858,1611.4285714285716,21.059859063724303,18973788.902428135
692.8571428571429,575.7142857142858,1777.1428571428573,20.73282823450711,18689019.489124242
692.8571428571429,575.7142857142858,1942.857142857143,20.440104359801424,18441540.57505918
692.8571428571429,575.7142857142858,2108.5714285714284,20.177503690162723,18223254.06083609
692.8571428571429,575.7142857142858,2274.285714285714,19.941282347102167,18028535.167212404
692.8571428571429,575.7142857142858,2440.0,19.7281506510258,17853304.483638033
692.8571428571429,575.7142857142858,2605.714285714286,19.535247985723228,17694493.40013644
692.8571428571429,575.7142857142858,2771.4285714285716,19.360100808141564,17549722.520576485
692.8571428571429,575.7142857142858,2937.1428571428573,19.200575796393007,17417100.196544204
692.8571428571429,575.7142857142858,3102.857142857143,19.054834155301798,17295091.441772208
692.8571428571429,575.7142857142858,3268.571428571429,18.92128981857364,17182429.59287447
692.8571428571429,575.7142857142858,3434.2857142857147,18.79857253599858,17078054.830645036
692.8571428571429,575.7142857142858,3600.0,18.685495938110794,16981070.130785637
692.8571428571429,622.8571428571429,120.0,25.901776648226537,62392650.31281082
692.8571428571429,622.8571428571429,285.7142857142857,25.24679499481786,33402496.418436036
692.8571428571429,622.8571428571429,451.42857142857144,24.607379815014333,26679598.790763356
692.8571428571429,622.8571428571429,617.1428571428571,23.98189981179468,23838935.92849305
692.8571428571429,622.8571428571429,782.8571428571429,23.38856441845533,22304033.454790212
692.8571428571429,622.8571428571429,948.5714285714287,22.839583050924293,21340550.2913477
692.8571428571429,622.8571428571429,1114.2857142857142,22.340059873869258,20668628.928471293
692.8571428571429,622.8571428571429,1280.0,21.890048390860297,20162941.734716535
692.8571428571429,622.8571428571429,1445.7142857142858,21.48674033045123,19760886.794513747
692.8571428571429,622.8571428571429,1611.4285714285716,21.126008724365484,19428416.883789346
692.8571428571429,622.8571428571429,1777.1428571428573,20.803331164139486,19145629.558665972
692.8571428571429,622.8571428571429,1942.857142857143,20.514285907674893,18900126.876652528
692.8571428571429,622.8571428571429,2108.5714285714284,20.254788895033972,18683736.697554566
692.8571428571429,622.8571428571429,2274.285714285714,20.02118469490681,18490797.64016634
692.8571428571429,622.8571428571429,2440.0,19.8102599982474,18317215.293374974
692.8571428571429,622.8571428571429,2605.714285714286,19.61921908696487,18159918.345936652
692.8571428571429,622.8571428571429,2771.4285714285716,19.445643055716673,18016531.494163178
692.8571428571429,622.8571428571429,2937.1428571428573,19.287444346097853,17885170.71094584
692.8571428571429,622.8571428571429,3102.857142857143,19.142822400268095,17764310.232988566
692.8571428571429,622.8571428571429,3268.571428571429,19.01022308037969,17652693.099002462
692.8571428571429,622.8571428571429,3434.2857142857147,18.88830281172675,17549269.03441786
692.8571428571429,622.8571428571429,3600.0,18.775897542262094,17453150.0589569
692.8571428571429,670.0,120.0,25.89792232710141,63124520.48334308
692.8571428571429,670.0,285.7142857142857,25.249720869800854,33939594.49958546
692.8571428571429,670.0,451.42857142857144,24.618630964729604,27158253.84021751
692.8571428571429,670.0,617.1428571428571,24.002048125601718,24293852.624938063
692.8571428571429,670.0,782.8571428571429,23.417507519534897,22748454.9432369
692.8571428571429,670.0,948.5714285714287,22.876739463835953,21780639.55554416
692.8571428571429,670.0,1114.2857142857142,22.38459881698156,21107511.219781347
692.8571428571429,670.0,1280.0,21.941061611219762,20602243.555588726
692.8571428571429,670.0,1445.7142857142858,21.543344302038427,20201438.848672677
692.8571428571429,670.0,1611.4285714285716,21.18739541424356,19870611.55879278
692.8571428571429,670.0,1777.1428571428573,20.868787220020675,19589614.512145866
692.8571428571429,670.0,1942.857142857143,20.5831945548255,19345913.812695682
692.8571428571429,670.0,2108.5714285714284,20.326623374836995,19131263.79673817
692.8571428571429,670.0,2274.285714285714,20.09549825787309,18939965.758116905
692.8571428571429,670.0,2440.0,19.8866751083788,18767908.964870226
692.8571428571429,670.0,2605.714285714286,19.697417136916542,18612017.85265016
692.8571428571429,670.0,2771.4285714285716,19.525355146947135,18469919.628220785
692.8571428571429,670.0,2937.1428571428573,19.36844329781531,18339736.378701314
692.8571428571429,670.0,3102.857142857143,19.22491595887258,18219950.181037106
692.8571428571429,670.0,3268.571428571429,19.0932482163465,18109312.535641182
692.8571428571429,670.0,3434.2857142857147,18.972120962225294,18006781.61532859
692.8571428571429,670.0,3600.0,18.86039065700434,17911477.521699905
692.8571428571429,717.1428571428572,120.0,25.89453112652224,63838710.56601674
692.8571428571429,717.1428571428572,285.7142857142857,25.25262986981048,34464523.54075427
692.8571428571429,717.1428571428572,451.42857142857144,24.629276040150216,27625984.614986055
692.8571428571429,717.1428571428572,617.1428571428571,24.02094153440329,24738259.963653095
692.8571428571429,717.1428571428572,782.8571428571429,23.44454817916319,23182454.52080529
692.8571428571429,717.1428571428572,948.5714285714287,22.91139225401695,22210237.789515726
692.8571428571429,717.1428571428572,1114.2857142857142,22.42610295073795,21535758.140513152
692.8571428571429,717.1428571428572,1280.0,21.98858610469514,21030734.248438366
692.8571428571429,717.1428571428572,1445.7142857142858,21.596080446559444,20630996.70703838
692.8571428571429,717.1428571428572,1611.4285714285716,21.244602797218004,20301634.550717108
692.8571428571429,717.1428571428572,1777.1428571428573,20.929811219961756,20022262.27207282
692.8571428571429,717.1428571428572,1942.857142857143,20.647468193224984,19780212.695576057
692.8571428571429,717.1428571428572,2108.5714285714284,20.393661490484504,19567167.22990787
692.8571428571429,717.1428571428572,2274.285714285714,20.164888530472354,19377389.331324402
692.8571428571429,717.1428571428572,2440.0,19.95806833667426,19206750.89049794
692.8571428571429,717.1428571428572,2605.714285714286,19.77051795260784,19052170.812189326
692.8571428571429,717.1428571428572,2771.4285714285716,19.599913672358824,18911277.493579797
692.8571428571429,717.1428571428572,2937.1428571428573,19.44424790151842,18782197.86837556
692.8571428571429,717.1428571428572,3102.857142857143,19.30178708852458,18663420.684208296
692.8571428571429,717.1428571428572,3268.571428571429,19.171033210161333,18553704.849554796
692.8571428571429,717.1428571428572,3434.2857142857147,19.050689713536208,18452016.049343638
692.8571428571429,717.1428571428572,3600.0,18.93963200483915,18357481.64454152
692.8571428571429,764.2857142857143,120.0,25.891536078453964,64536665.241021045
692.8571428571429,764.2857142857143,285.7142857142857,25.255507403707746,34978346.54423774
692.8571428571429,764.2857142857143,451.42857142857144,24.639370504680016,28083762.354670316
692.8571428571429,764.2857142857143,617.1428571428571,24.038714986831533,25173103.027265508
692.8571428571429,764.2857142857143,782.8571428571429,23.469901360405867,23606979.70633491
692.8571428571429,764.2857142857143,948.5714285714287,22.94383030485487,22630309.218218505
692.8571428571429,764.2857142857143,1114.2857142857142,22.464925509704766,21954357.224886853
692.8571428571429,764.2857142857143,1280.0,22.033028835805656,21449426.842487205
692.8571428571429,764.2857142857143,1445.7142857142858,21.64539922090067,21050598.602486417
692.8571428571429,764.2857142857143,1611.4285714285716,21.298115658407387,20722547.717611734
692.8571428571429,764.2857142857143,1777.1428571428573,20.986914420684734,20444656.166850556
692.8571428571429,764.2857142857143,1942.857142857143,20.70763799310613,20204126.000056796
692.8571428571429,764.2857142857143,2108.5714285714284,20.45644894496174,19992566.345613953
692.8571428571429,764.2857142857143,2274.285714285714,20.22991138417066,19804202.470566478
692.8571428571429,764.2857142857143,2440.0,20.025002211703605,19634888.038382128
692.8571428571429,764.2857142857143,2605.714285714286,19.83908791164093,19481535.362080153
692.8571428571429,764.2857142857143,2771.4285714285716,19.669886624285304,19341772.917871743
692.8571428571429,764.2857142857143,2937.1428571428573,19.515425994994622,19213731.409966324
692.8571428571429,764.2857142857143,3102.857142857143,19.37400207859204,19095905.2582715
692.8571428571429,764.2857142857143,3268.571428571429,19.24414171127193,18987059.876067273
692.8571428571429,764.2857142857143,3434.2857142857147,19.12456922694321,18886167.65588903
692.8571428571429,764.2857142857143,3600.0,19.014177606228113,18792362.50854114
692.8571428571429,811.4285714285714,120.0,25.888883019684666,65219621.27682732
692.8571428571429,811.4285714285714,285.7142857142857,25.258343650525017,35481973.960215636
692.8571428571429,811.4285714285714,451.42857142857144,24.648963083368763,28532418.82070294
692.8571428571429,811.4285714285714,617.1428571428571,24.055483287545293,25599190.763208054
692.8571428571429,811.4285714285714,782.8571428571429,23.49374828522521,24022840.810436677
692.8571428571429,811.4285714285714,948.5714285714287,22.97429625036164,23041677.5380689
692.8571428571429,811.4285714285714,1114.2857142857142,22.501362731761514,22364151.143011358
692.8571428571429,811.4285714285714,1280.0,22.074730986476425,21859184.884123057
692.8571428571429,811.4285714285714,1445.7142857142858,21.691678396345186,21461128.795407727
692.8571428571429,811.4285714285714,1611.4285714285716,21.348340866325007,21134254.793908853
692.8571428571429,811.4285714285714,1777.1428571428573,21.040526349390465,20857717.67585294
692.8571428571429,811.4285714285714,1942.857142857143,20.76415075058825,20618591.06988153
692.8571428571429,811.4285714285714,2108.5714285714284,20.51544536659641,20408412.50378031
692.8571428571429,811.4285714285714,2274.285714285714,20.29103566758865,20221368.828419268
692.8571428571429,811.4285714285714,2440.0,20.087951884221223,20053294.794279743
692.8571428571429,811.4285714285714,2605.714285714286,19.903606122295265,19901095.235793613
692.8571428571429,811.4285714285714,2771.4285714285716,19.73575519309705,19762397.765207514
692.8571428571429,811.4285714285714,2937.1428571428573,19.58245935659926,19635335.936423484
692.8571428571429,811.4285714285714,3102.857142857143,19.442042110064982,19518408.98241381
692.8571428571429,811.4285714285714,3268.571428571429,19.313053367427568,19410388.0406567
692.8571428571429,811.4285714285714,3434.2857142857147,19.194236882452948,19310251.513709314
692.8571428571429,811.4285714285714,3600.0,19.084502001424056,19217139.245273054
692.8571428571429,858.5714285714287,120.0,25.886527616318272,65888648.1467739
692.8571428571429,858.5714285714287,285.7142857142857,25.26113212932785,35976193.05668049
692.8571428571429,858.5714285714287,451.42857142857144,24.658096699991535,28972673.06859723
692.8571428571429,858.5714285714287,617.1428571428571,24.07134485968819,26017222.130088042
692.8571428571429,858.5714285714287,782.8571428571429,23.51624308262901,24430737.372708302
692.8571428571429,858.5714285714287,948.5714285714287,23.00299576819663,23445053.11758079
692.8571428571429,858.5714285714287,1114.2857142857142,22.53566539699318,22765865.875388727
692.8571428571429,858.5714285714287,1280.0,22.113981295220132,22260751.637106657
692.8571428571429,858.5714285714287,1445.7142857142858,21.735237771815495,21863347.762103472
692.8571428571429,858.5714285714287,1611.4285714285716,21.39562308427783,21537532.48486789
692.8571428571429,858.5714285714287,1777.1428571428573,21.09101119742832,21262238.330195926
692.8571428571429,858.5714285714287,1942.857142857143,20.817385706301486,21024412.722818222
692.8571428571429,858.5714285714287,2108.5714285714284,20.571041347494894,20815522.288535442
692.8571428571429,858.5714285714287,2274.285714285714,20.348660303826527,20629715.33253082
692.8571428571429,858.5714285714287,2440.0,20.147322158839604,20462807.138228074
692.8571428571429,858.5714285714287,2605.714285714286,19.964481294391852,20311694.31582537
692.8571428571429,858.5714285714287,2771.4285714285716,19.797930405541607,20174002.8081032
692.8571428571429,858.5714285714287,2937.1428571428573,19.645760057908124,20047868.225171253
692.8571428571429,858.5714285714287,3102.857142857143,19.50631928395276,19931793.868378974
692.8571428571429,858.5714285714287,3268.571428571429,19.378179501685516,19824555.919986874
692.8571428571429,858.5714285714287,3434.2857142857147,19.260102586195963,19725138.183406856
692.8571428571429,858.5714285714287,3600.0,19.151013176986524,19632685.895023692
692.8571428571429,905.7142857142858,120.0,25.884433192880074,66544678.858148836
692.8571428571429,905.7142857142858,285.7142857142857,25.263868721807246,36461690.33234406
692.8571428571429,905.7142857142858,451.42857142857144,24.666809290505082,29405151.907935433
692.8571428571429,905.7142857142858,617.1428571428571,24.086384679918115,26427806.084136948
692.8571428571429,905.7142857142858,782.8571428571429,23.537517885899664,24831278.358839862
692.8571428571429,905.7142857142858,948.5714285714287,23.030104660809855,23841053.756712075
692.8571428571429,905.7142857142858,1114.2857142857142,22.568047599506432,23160132.191485982
692.8571428571429,905.7142857142858,1280.0,22.151026192399492,22654772.320066415
692.8571428571429,905.7142857142858,1445.7142857142858,21.77635035921087,22257915.164811213
692.8571428571429,905.7142857142858,1611.4285714285716,21.44025672881046,21933054.10958383
692.8571428571429,905.7142857142858,1777.1428571428573,21.138680318427685,21658903.95592922
692.8571428571429,905.7142857142858,1942.857142857143,20.867667392391596,21422288.01924335
692.8571428571429,905.7142857142858,2108.5714285714284,20.623571486655145,21214602.731273938
692.8571428571429,905.7142857142858,2274.285714285714,20.403127409255077,21029957.798800908
692.8571428571429,905.7142857142858,2440.0,20.20346059474855,20864148.59092576
692.8571428571429,905.7142857142858,2605.714285714286,20.022064749802684,20714062.863732394
692.8571428571429,905.7142857142858,2771.4285714285716,19.856765990204572,20577324.1984627
692.8571428571429,905.7142857142858,2937.1428571428573,19.70568314302911,20452069.57343701
692.8571428571429,905.7142857142858,3102.857142857143,19.567189084195043,20336805.70888342
692.8571428571429,905.7142857142858,3268.571428571429,19.43987533720396,20230313.236758173
692.8571428571429,905.7142857142858,3434.2857142857147,19.322520742073802,20131580.826015234
692.8571428571429,905.7142857142858,3600.0,19.214064274483057,20039758.629727837
692.8571428571429,952.8571428571429,120.0,25.882569120345853,67188533.75049068
692.8571428571429,952.8571428571429,285.7142857142857,25.266550993301234,36939068.899116784
692.8571428571429,952.8571428571429,451.42857142857144,24.675134498770596,29830405.788903426
692.8571428571429,952.8571428571429,617.1428571428571,24.10067659180938,26831477.09993854
692.8571428571429,952.8571428571429,782.8571428571429,23.55768679146272,25224997.83553039
692.8571428571429,952.8571428571429,948.5714285714287,23.055774325596314,24230220.782373276
692.8571428571429,952.8571428571429,1114.2857142857142,22.59869350966132,23547502.28512432
692.8571428571429,952.8571428571429,1280.0,22.186077610094287,23041811.31273861
692.8571428571429,952.8571428571429,1445.7142857142858,21.81525100657452,22645407.60999021
692.8571428571429,952.8571428571429,1611.4285714285716,21.482495198650494,22321407.867429636
692.8571428571429,952.8571428571429,1777.1428571428573,21.18380188766639,22048313.394590978
692.8571428571429,952.8571428571429,1942.857142857143,20.91527557850001,21812825.381066743
692.8571428571429,952.8571428571429,2108.5714285714284,20.673324506984066,21606270.77494504
692.8571428571429,952.8571428571429,2274.285714285714,20.454732490051807,21422720.69280983
692.8571428571429,952.8571428571429,2440.0,20.25666771015222,21257950.22955994
692.8571428571429,952.8571428571429,2605.714285714286,20.076660579336078,21108837.75307554
692.8571428571429,952.8571428571429,2771.4285714285716,19.912568444368336,20973003.885433625
692.8571428571429,952.8571428571429,2937.1428571428573,19.762536573298394,20848586.37337198
692.8571428571429,952.8571428571429,3102.857142857143,19.624960176253094,20734094.786344428
692.8571428571429,952.8571428571429,3268.571428571429,19.49844963225488,20628313.681835342
692.8571428571429,952.8571428571429,3434.2857142857147,19.381799710812224,20530236.121274725
692.8571428571429,952.8571428571429,3600.0,19.27396286519893,20439016.752660416
692.8571428571429,1000.0,120.0,25.880909600300974,67820939.14294447
692.8571428571429,1000.0,285.7142857142857,25.26917771446746,37408862.15743858
692.8571428571429,1000.0,451.42857142857144,24.683102267387333,30248921.31260908
692.8571428571429,1000.0,617.1428571428571,24.114285147218848,27228707.393008113
692.8571428571429,1000.0,782.8571428571429,23.57684897003818,25612367.30694915
692.8571428571429,1000.0,948.5714285714287,23.080136033348804,24613031.703938656
692.8571428571429,1000.0,1114.2857142857142,22.62776265344967,23928462.84118245
692.8571428571429,1000.0,1280.0,22.2193190770012,23422365.658414908
692.8571428571429,1000.0,1445.7142857142858,21.852143130607054,23026332.572967265
692.8571428571429,1000.0,1611.4285714285716,21.522558086997865,22703111.152077924
692.8571428571429,1000.0,1777.1428571428573,21.22660846043946,22430993.165876813
692.8571428571429,1000.0,1942.857142857143,20.96045306624058,22196559.56087285
692.8571428571429,1000.0,2108.5714285714284,20.720551197195594,21991068.509445895
692.8571428571429,1000.0,2274.285714285714,20.503732461008145,21808552.59478549
692.8571428571429,1000.0,2440.0,20.30720502254469,21644766.34976893
692.8571428571429,1000.0,2605.714285714286,20.128533661313504,21496578.299904276
692.8571428571429,1000.0,2771.4285714285716,19.965604997603855,21361605.589774325
692.8571428571429,1000.0,2937.1428571428573,19.81658911049538,21237986.209107094
692.8571428571429,1000.0,3102.857142857143,19.679902190832088,21124232.074458525
692.8571428571429,1000.0,3268.571428571429,19.55417235031002,21019131.20480414
692.8571428571429,1000.0,3434.2857142857147,19.438209356195607,20921680.6338742
692.8571428571429,1000.0,3600.0,19.33097836540167,20831039.128993236
728.5714285714286,10.0,120.0,26.160977637205388,49371665.43883953
728.5714285714286,10.0,285.7142857142857,25.325658192033945,23818489.20345234
728.5714285714286,10.0,451.42857142857144,24.41109992839841,18066866.24996328
728.5714285714286,10.0,617.1428571428571,23.459551006570436,15585871.07179809
728.5714285714286,10.0,782.8571428571429,22.533377418545967,14159577.347655945
728.5714285714286,10.0,948.5714285714287,21.67849365275855,13182258.762044726
728.5714285714286,10.0,1114.2857142857142,20.917760958577283,12436628.014050463
728.5714285714286,10.0,1280.0,20.256338794305698,11831306.573976656
728.5714285714286,10.0,1445.7142857142858,19.68904539814111,11322284.995923407
728.5714285714286,10.0,1611.4285714285716,19.205924413503098,10885318.67305439
728.5714285714286,10.0,1777.1428571428573,18.795613350568036,10505269.082525484
728.5714285714286,10.0,1942.857142857143,18.447100054713633,10171675.216481732
728.5714285714286,10.0,2108.5714285714284,18.15049809433129,9876770.441613913
728.5714285714286,10.0,2274.285714285714,17.89728805982532,9614513.793109233
728.5714285714286,10.0,2440.0,17.680295532969545,9380067.419414125
728.5714285714286,10.0,2605.714285714286,17.493555772589936,9169484.36558015
728.5714285714286,10.0,2771.4285714285716,17.33214268936839,8979504.13532862
728.5714285714286,10.0,2937.1428571428573,17.19199923594364,8807408.855703799
728.5714285714286,10.0,3102.857142857143,17.069784921464684,8650916.798288923
728.5714285714286,10.0,3268.571428571429,16.96274538239782,8508100.834806394
728.5714285714286,10.0,3434.2857142857147,16.868603871133626,8377324.585340428
728.5714285714286,10.0,3600.0,16.78547240537234,8257191.67384633
728.5714285714286,57.142857142857146,120.0,26.043980290843464,51850359.77787156
728.5714285714286,57.142857142857146,285.7142857142857,25.23046945268093,25542104.62251536
728.5714285714286,57.142857142857146,451.42857142857144,24.367421174935245,19593929.56277882
728.5714285714286,57.142857142857146,617.1428571428571,23.48565859084539,17043308.213162698
728.5714285714286,57.142857142857146,782.8571428571429,22.632911514134683,15602081.917045688
728.5714285714286,57.142857142857146,948.5714285714287,21.843236292206075,14637400.559416924
728.5714285714286,57.142857142857146,1114.2857142857142,21.133280868258232,13917376.81439766
728.5714285714286,57.142857142857146,1280.0,20.506668046877092,13342230.125639243
728.5714285714286,57.142857142857146,1445.7142857142858,19.95941785257916,12863347.599379446
728.5714285714286,57.142857142857146,1611.4285714285716,19.48395767456308,12454207.502125429
728.5714285714286,57.142857142857146,1777.1428571428573,19.071555782448215,12098743.540890083
728.5714285714286,57.142857142857146,1942.857142857143,18.71361908466569,11786299.47958842
728.5714285714286,57.142857142857146,2108.5714285714284,18.402295910068094,11509279.210718801
728.5714285714286,57.142857142857146,2274.285714285714,18.13069222069655,11261971.193636429
728.5714285714286,57.142857142857146,2440.0,17.892889528862398,11039915.141148228
728.5714285714286,57.142857142857146,2605.714285714286,17.683871077470023,10839534.198281249
728.5714285714286,57.142857142857146,2771.4285714285716,17.499413290271246,10657905.380788332
728.5714285714286,57.142857142857146,2937.1428571428573,17.33597125871914,10492606.824610168
728.5714285714286,57.142857142857146,3102.857142857143,17.190571607876596,10341610.586349683
728.5714285714286,57.142857142857146,3268.571428571429,17.060717976600618,10203204.189456997
728.5714285714286,57.142857142857146,3434.2857142857147,16.944310279717598,10075931.346351199
728.5714285714286,57.142857142857146,3600.0,16.839577022672533,9958546.08419734
728.5714285714286,104.28571428571429,120.0,25.997396148234763,53486834.31660003
728.5714285714286,104.28571428571429,285.7142857142857,25.209751831657158,26706653.479508474
728.5714285714286,104.28571428571429,451.42857142857144,24.388188670447693,20631424.517905205
728.5714285714286,104.28571428571429,617.1428571428571,23.55678953015841,18034994.08801543
728.5714285714286,104.28571428571429,782.8571428571429,22.75583282149415,16581688.272708436
728.5714285714286,104.28571428571429,948.5714285714287,22.013594542606988,15621495.247452917
728.5714285714286,104.28571428571429,1114.2857142857142,21.343657734729344,14913912.45376089
728.5714285714286,104.28571428571429,1280.0,20.74875572812919,14354393.623127617
728.5714285714286,104.28571428571429,1445.7142857142858,20.225309812318123,13891715.574792795
728.5714285714286,104.28571428571429,1611.4285714285716,19.76674598822669,13498010.531865753
728.5714285714286,104.28571428571429,1777.1428571428573,19.36550566481116,13156595.732587649
728.5714285714286,104.28571428571429,1942.857142857143,19.01412501294997,12856604.313216705
728.5714285714286,104.28571428571429,2108.5714285714284,18.705744356892886,12590443.90924005
728.5714285714286,104.28571428571429,2274.285714285714,18.43429837338871,12352511.101821918
728.5714285714286,104.28571428571429,2440.0,18.194540345946862,12138496.880338795
728.5714285714286,104.28571428571429,2605.714285714286,17.981987801178565,11944986.041971354
728.5714285714286,104.28571428571429,2771.4285714285716,17.792836803373955,11769211.068897096
728.5714285714286,104.28571428571429,2937.1428571428573,17.62386920226229,11608891.851634057
728.5714285714286,104.28571428571429,3102.857142857143,17.472364439798916,11462125.854624642
728.5714285714286,104.28571428571429,3268.571428571429,17.33602074922266,11327309.564797804
728.5714285714286,104.28571428571429,3434.2857142857147,17.212887106901217,11203080.338012697
728.5714285714286,104.28571428571429,3600.0,17.101305621687516,11088272.151695788
728.5714285714286,151.42857142857144,120.0,25.969081236654276,54853687.288946316
728.5714285714286,151.42857142857144,285.7142857142857,25.20323551733789,27687286.564240202
728.5714285714286,151.42857142857144,451.42857142857144,24.41367562560662,21506073.24191797
728.5714285714286,151.42857142857144,617.1428571428571,23.619770188558363,18870472.214475613
728.5714285714286,151.42857142857144,782.8571428571429,22.856983107039714,17405025.078154124
728.5714285714286,151.42857142857144,948.5714285714287,22.14994121582173,16445748.032808783
728.5714285714286,151.42857142857144,1114.2857142857142,21.510296790215264,15745431.734384382
728.5714285714286,151.42857142857144,1280.0,20.940203365626733,15195924.427239368
728.5714285714286,151.42857142857144,1445.7142857142858,20.436305001858635,14744037.843857568
728.5714285714286,151.42857142857144,1611.4285714285716,19.992629791169385,14360870.035499966
728.5714285714286,151.42857142857144,1777.1428571428573,19.602341795720072,14029235.873588655
728.5714285714286,151.42857142857144,1942.857142857143,19.258684489818272,13738064.419449138
728.5714285714286,151.42857142857144,2108.5714285714284,18.955429671508067,13479721.030493334
728.5714285714286,151.42857142857144,2274.285714285714,18.687048443383063,13248643.095184304
728.5714285714286,151.42857142857144,2440.0,18.448736632114578,13040600.958568133
728.5714285714286,151.42857142857144,2605.714285714286,18.23637034924181,12852272.754935589
728.5714285714286,151.42857142857144,2771.4285714285716,18.04643294959055,12680985.239409741
728.5714285714286,151.42857142857144,2937.1428571428573,17.87593480640458,12524547.019031432
728.5714285714286,151.42857142857144,3102.857142857143,17.722336301811755,12381135.886253163
728.5714285714286,151.42857142857144,3268.571428571429,17.58347849780723,12249219.425380917
728.5714285714286,151.42857142857144,3434.2857142857147,17.45752287306083,12127497.051925788
728.5714285714286,151.42857142857144,3600.0,17.34289999694252,12014856.454154689
728.5714285714286,198.57142857142858,120.0,25.949424482107354,56069671.31693594
728.5714285714286,198.57142857142858,285.7142857142857,25.20201733806974,28563399.890489765
728.5714285714286,198.57142857142858,451.42857142857144,24.4382927100304,22287508.099100754
728.5714285714286,198.57142857142858,617.1428571428571,23.674030786152574,19616199.224697437
728.5714285714286,198.57142857142858,782.8571428571429,22.941235363562882,18138509.461547595
728.5714285714286,198.57142857142858,948.5714285714287,22.26194961398706,17178208.600534398
728.5714285714286,198.57142857142858,1114.2857142857142,21.646461472431582,16482378.411008079
728.5714285714286,198.57142857142858,1280.0,21.096507338470495,15939859.04531875
728.5714285714286,198.57142857142858,1445.7142857142858,20.608877169191626,15495830.042816812
728.5714285714286,198.57142857142858,1611.4285714285716,20.178014443544278,15120519.3722161
728.5714285714286,198.57142857142858,1777.1428571428573,19.797588386308583,14796303.210556857
728.5714285714286,198.57142857142858,1942.857142857143,19.461342054845534,14511914.800516833
728.5714285714286,198.57142857142858,2108.5714285714284,19.163497806653428,14259657.58676995
728.5714285714286,198.57142857142858,2274.285714285714,18.898913489010727,14033978.107905382
728.5714285714286,198.57142857142858,2440.0,18.663107466218392,13830691.036250342
728.5714285714286,198.57142857142858,2605.714285714286,18.452220183305407,13646533.85026954
728.5714285714286,198.57142857142858,2771.4285714285716,18.26294931900667,13478896.630818835
728.5714285714286,198.57142857142858,2937.1428571428573,18.092477892699176,13325649.511009257
728.5714285714286,198.57142857142858,3102.857142857143,17.938404824352098,13185027.219653515
728.5714285714286,198.57142857142858,3268.571428571429,17.79868210439237,13055548.570647994
728.5714285714286,198.57142857142858,3434.2857142857147,17.671559935160467,12935958.294085382
728.5714285714286,198.57142857142858,3600.0,17.55553981525336,12825183.73865844
728.5714285714286,245.71428571428572,120.0,25.934790611916597,57184449.950630486
728.5714285714286,245.71428571428572,285.7142857142857,25.20323780369799,29368830.94807861
728.5714285714286,245.71428571428572,451.42857142857144,24.461077366588633,23005662.90142602
728.5714285714286,245.71428571428572,617.1428571428571,23.721207438414275,20300908.99005276
728.5714285714286,245.71428571428572,782.8571428571429,23.012983871790432,18810955.247856397
728.5714285714286,245.71428571428572,948.5714285714287,22.356494017925762,17848446.800748017
728.5714285714286,245.71428571428572,1114.2857142857142,21.760994616187816,17155384.56575845
728.5714285714286,245.71428571428572,1280.0,21.227903064419902,16617970.847608231
728.5714285714286,245.71428571428572,1445.7142857142858,20.75411385218723,16179959.370178755
728.5714285714286,245.71428571428572,1611.4285714285716,20.33437953254604,15810811.361934755
728.5714285714286,245.71428571428572,1777.1428571428573,19.962748742844738,15492506.374748774
728.5714285714286,245.71428571428572,1942.857142857143,19.633342568331074,15213589.747539204
728.5714285714286,245.71428571428572,2108.5714285714284,19.34072679192931,14966293.362575965
728.5714285714286,245.71428571428572,2274.285714285714,19.080056255510733,14745055.337508345
728.5714285714286,245.71428571428572,2440.0,18.847098937433127,14545714.517357156
728.5714285714286,245.71428571428572,2605.714285714286,18.638201508057772,14365047.773087336
728.5714285714286,245.71428571428572,2771.4285714285716,18.450230266736103,14200490.090254998
728.5714285714286,245.71428571428572,2937.1428571428573,18.28050526138176,14049956.76022741
728.5714285714286,245.71428571428572,3102.857142857143,18.12673638565886,13911725.23067688
728.5714285714286,245.71428571428572,3268.571428571429,17.98696535230464,13784353.364736494
728.5714285714286,245.71428571428572,3434.2857142857147,17.859514864514395,13666620.859361626
728.5714285714286,245.71428571428572,3600.0,17.742945015026493,13557485.976287156
728.5714285714286,292.8571428571429,120.0,25.923409218686388,58224571.25517261
728.5714285714286,292.8571428571429,285.7142857142857,25.20569623067047,30121942.03992239
728.5714285714286,292.8571428571429,451.42857142857144,24.481978024689216,23676888.910803944
728.5714285714286,292.8571428571429,617.1428571428571,23.762748592694543,20940354.395168643
728.5714285714286,292.8571428571429,782.8571428571429,23.075250184317756,19438178.015280936
728.5714285714286,292.8571428571429,948.5714285714287,22.43802233627329,18472686.69762977
728.5714285714286,292.8571428571429,1114.2857142857142,21.859506757416753,17781239.17310099
728.5714285714286,292.8571428571429,1280.0,21.34086658418456,17247654.81932778
728.5714285714286,292.8571428571429,1445.7142857142858,20.8790756599523,16814403.558639266
728.5714285714286,292.8571428571429,1611.4285714285716,20.469128115944688,16450251.924500605
728.5714285714286,292.8571428571429,1777.1428571428573,20.105371280330257,16136813.354991123
728.5714285714286,292.8571428571429,1942.857142857143,19.782225554807443,15862452.47703539
728.5714285714286,292.8571428571429,2108.5714285714284,19.494530176811274,15619324.605380842
728.5714285714286,292.8571428571429,2274.285714285714,19.23767783907258,15401848.735239504
728.5714285714286,292.8571428571429,2440.0,19.007637620398693,15205875.12592852
728.5714285714286,292.8571428571429,2605.714285714286,18.800923364291027,15028207.161480464
728.5714285714286,292.8571428571429,2771.4285714285716,18.614538936966404,14866312.684645228
728.5714285714286,292.8571428571429,2937.1428571428573,18.445916924056426,14718141.332538344
728.5714285714286,292.8571428571429,3102.857142857143,18.292858990367883,14582003.800924875
728.5714285714286,292.8571428571429,3268.571428571429,18.153481581867986,14456488.828882512
728.5714285714286,292.8571428571429,3434.2857142857147,18.026168247252038,14340404.090604726
728.5714285714286,292.8571428571429,3600.0,17.909528644452283,14232732.815974763
728.5714285714286,340.0,120.0,25.91428779502785,59206278.57925675
728.5714285714286,340.0,285.7142857142857,25.208809219670705,30834099.594229136
728.5714285714286,340.0,451.42857142857144,24.501155573815776,24311356.452034976
728.5714285714286,340.0,617.1428571428571,23.799757290919477,21544355.554673284
728.5714285714286,340.0,782.8571428571429,23.130117362700496,20030038.60868224
728.5714285714286,340.0,948.5714285714287,22.509510732303408,19061032.557638437
728.5714285714286,340.0,1114.2857142857142,21.94571395688319,18370381.7488413
728.5714285714286,340.0,1280.0,21.439681347598665,17839710.619605128
728.5714285714286,340.0,1445.7142857142858,20.98844949368673,17410309.8990322
728.5714285714286,340.0,1611.4285714285716,20.587208054528627,17050305.075834487
728.5714285714286,340.0,1777.1428571428573,20.23054749938467,16740966.956489474
728.5714285714286,340.0,1942.857142857143,19.913133010633157,16470485.909097333
728.5714285714286,340.0,2108.5714285714284,19.630028475536406,16230938.105116624
728.5714285714286,340.0,2274.285714285714,19.37682289822491,16016716.504912823
728.5714285714286,340.0,2440.0,19.149652134828028,15823674.18339498
728.5714285714286,340.0,2605.714285714286,18.945169357727018,15648632.18361953
728.5714285714286,340.0,2771.4285714285716,18.760493674609247,15489082.818766257
728.5714285714286,340.0,2937.1428571428573,18.59315244444522,15343002.474350626
728.5714285714286,340.0,3102.857142857143,18.441025039974463,15208728.38926424
728.5714285714286,340.0,3268.571428571429,18.30229154706249,15084874.35454055
728.5714285714286,340.0,3434.2857142857147,18.17538763334953,14970271.012246357
728.5714285714286,340.0,3600.0,18.058965673901163,14863922.277268572
728.5714285714286,387.14285714285717,120.0,25.906816543823158,60140410.2788706
728.5714285714286,387.14285714285717,285.7142857142857,25.212266141016855,31512955.574453145
728.5714285714286,387.14285714285717,451.42857142857144,24.518808115292785,24915936.04937256
728.5714285714286,387.14285714285717,617.1428571428571,23.833061533328724,22119555.355177846
728.5714285714286,387.14285714285717,782.8571428571429,23.17906464863186,20593205.126833145
728.5714285714286,387.14285714285717,948.5714285714287,22.573034035307586,19620307.76330226
728.5714285714286,387.14285714285717,1114.2857142857142,22.022190136164138,18929850.06939992
728.5714285714286,387.14285714285717,1280.0,21.52731180672232,18401407.04812219
728.5714285714286,387.14285714285717,1445.7142857142858,21.08548678320035,17975171.084253106
728.5714285714286,387.14285714285717,1611.4285714285716,20.69206717112404,17618668.468963835
728.5714285714286,387.14285714285717,1777.1428571428573,20.341846392547723,17312846.208767526
728.5714285714286,387.14285714285717,1942.857142857143,20.02969473620974,17045726.201017354
728.5714285714286,387.14285714285717,2108.5714285714284,19.75086504055412,16809304.26815742
728.5714285714286,387.14285714285717,2274.285714285714,19.501112065466522,16597942.692654863
728.5714285714286,387.14285714285717,2440.0,19.276713047717696,16407491.307465464
728.5714285714286,387.14285714285717,2605.714285714286,19.074439757266674,16234782.448173082
728.5714285714286,387.14285714285717,2771.4285714285716,18.89150981109034,16077326.792871948
728.5714285714286,387.14285714285717,2937.1428571428573,18.725531933865827,15933121.895477077
728.5714285714286,387.14285714285717,3102.857142857143,18.574452511963617,15800526.578820104
728.5714285714286,387.14285714285717,3268.571428571429,18.436506766562122,15678175.352807747
728.5714285714286,387.14285714285717,3434.2857142857147,18.310175734837145,15564918.08101974
728.5714285714286,387.14285714285717,3600.0,18.194149160917192,15459776.145068765
728.5714285714286,434.28571428571433,120.0,25.900595639983685,61034650.15081808
728.5714285714286,434.28571428571433,285.7142857142857,25.21589122674716,32163971.38941027
728.5714285714286,434.28571428571433,451.42857142857144,24.535122676578748,25495543.587606937
728.5714285714286,434.28571428571433,617.1428571428571,23.863289985391027,22670710.43583988
728.5714285714286,434.28571428571433,782.8571428571429,23.223175133374575,21132449.30865237
728.5714285714286,434.28571428571433,948.5714285714287,22.630092048394733,20155388.218600407
728.5714285714286,434.28571428571433,1114.2857142857142,22.09078733979201,19464664.839989226
728.5714285714286,434.28571428571433,1280.0,21.605889783113934,18937921.492646206
728.5714285714286,434.28571428571433,1445.7142857142858,21.17252980491463,18514316.976540133
728.5714285714286,434.28571428571433,1611.4285714285716,20.786197245902464,18160812.166857675
728.5714285714286,434.28571428571433,1777.1428571428573,20.441858283585606,17858045.835544102
728.5714285714286,434.28571428571433,1942.857142857143,20.134558362434436,17593876.620290264
728.5714285714286,434.28571428571433,2108.5714285714284,19.85971219939133,17360219.601526346
728.5714285714286,434.28571428571433,2274.285714285714,19.613217028463986,17151403.1830085
728.5714285714286,434.28571428571433,2440.0,19.391472020962023,16963269.546448495
728.5714285714286,434.28571428571433,2605.714285714286,19.191351588467423,16792657.585168667
728.5714285714286,434.28571428571433,2771.4285714285716,19.01015890902502,16637091.744930336
728.5714285714286,434.28571428571433,2937.1428571428573,18.845573637645913,16494586.51027977
728.5714285714286,434.28571428571433,3102.857142857143,18.69560079973044,16363518.496640684
728.5714285714286,434.28571428571433,3268.571428571429,18.558524048227707,16242539.60187747
728.5714285714286,434.28571428571433,3434.2857142857147,18.432864432211833,16130516.01746822
728.5714285714286,434.28571428571433,3600.0,18.31734478708186,16026484.095431358
728.5714285714286,481.42857142857144,120.0,25.89534982688653,61894695.35535758
728.5714285714286,481.42857142857144,285.7142857142857,25.219580888718355,32791216.76423605
728.5714285714286,481.42857142857144,451.42857142857144,24.55026333049089,26053848.74843084
728.5714285714286,481.42857142857144,617.1428571428571,23.890928135641616,23201372.927839685
728.5714285714286,481.42857142857144,782.8571428571429,23.26326374524324,21651331.87324684
728.5714285714286,481.42857142857144,948.5714285714287,22.68180245072166,20669907.26987076
728.5714285714286,481.42857142857144,1114.2857142857142,22.152880934608103,19978561.381540444
728.5714285714286,481.42857142857144,1280.0,21.6769977283713,19453100.15951487
728.5714285714286,481.42857142857144,1445.7142857142858,21.25131957194986,19031702.142072212
728.5714285714286,481.42857142857144,1611.4285714285716,20.87145500962986,18680790.7899835
728.5714285714286,481.42857142857144,1777.1428571428573,20.532519598759617,18380709.807330962
728.5714285714286,481.42857142857144,1942.857142857143,20.229710661740278,18119159.28798994
728.5714285714286,481.42857142857144,2108.5714285714284,19.958583670366714,17887973.67604134
728.5714285714286,481.42857142857144,2274.285714285714,19.71516009384123,17681445.254320215
728.5714285714286,481.42857142857144,2440.0,19.495945739858517,17495405.26298446
728.5714285714286,481.42857142857144,2605.714285714286,19.297905053983236,17326695.5384256
728.5714285714286,481.42857142857144,2771.4285714285716,19.118416497076346,17172850.740078475
728.5714285714286,481.42857142857144,2937.1428571428573,18.95522233071485,17031898.979263958
728.5714285714286,481.42857142857144,3102.857142857143,18.80637950507185,16902231.68927711
728.5714285714286,481.42857142857144,3268.571428571429,18.670214701095738,16782515.528892346
728.5714285714286,481.42857142857144,3434.2857142857147,18.545284635814465,16671630.72519728
728.5714285714286,481.42857142857144,3600.0,18.430341745806995,16568626.615293222
728.5714285714286,528.5714285714286,120.0,25.890882252216684,62724918.40401088
728.5714285714286,528.5714285714286,285.7142857142857,25.22327250061836,33397826.637230575
728.5714285714286,528.5714285714286,451.42857142857144,24.56437047171867,26593681.786685936
728.5714285714286,528.5714285714286,617.1428571428571,23.916357437598474,23714282.720739692
728.5714285714286,528.5714285714286,782.8571428571429,23.299958214519034,22152597.089310426
728.5714285714286,528.5714285714286,948.5714285714287,22.729019702791014,21166661.397661995
728.5714285714286,528.5714285714286,1114.2857142857142,22.209519466296857,20474410.407635
728.5714285714286,528.5714285714286,1280.0,21.74184164890385,19949894.92567099
728.5714285714286,528.5714285714286,1445.7142857142858,21.323184362725836,19530358.10766244
728.5714285714286,528.5714285714286,1611.4285714285716,20.94925983160985,19181709.702621635
728.5714285714286,528.5714285714286,1777.1428571428573,20.615314457463242,18884009.689840022
728.5714285714286,528.5714285714286,1942.857142857143,20.316678918175143,18624803.91044864
728.5714285714286,528.5714285714286,2108.5714285714284,20.049032574499464,18395846.590165865
728.5714285714286,528.5714285714286,2274.285714285714,19.808506517072175,18191392.308531832
728.5714285714286,528.5714285714286,2440.0,19.59170088776874,18007258.861310538
728.5714285714286,528.5714285714286,2605.714285714286,19.395659988973975,17840288.21034731
728.5714285714286,528.5714285714286,2771.4285714285716,19.217829234542403,17688022.422577634
728.5714285714286,528.5714285714286,2937.1428571428573,19.05600671865744,17548500.605444014
728.5714285714286,528.5714285714286,3102.857142857143,18.908295828198284,17420126.626796134
728.5714285714286,528.5714285714286,3268.571428571429,18.773061834772964,17301579.791089047
728.5714285714286,528.5714285714286,3434.2857142857147,18.648893538803833,17191752.50759212
728.5714285714286,528.5714285714286,3600.0,18.53457008300442,17089705.487369515
728.5714285714286,575.7142857142858,120.0,25.887047758738753,63528768.35190565
728.5714285714286,575.7142857142858,285.7142857142857,25.226927737863367,33986280.271293096
728.5714285714286,575.7142857142858,451.42857142857144,24.577563351099744,27117282.853593573
728.5714285714286,575.7142857142858,617.1428571428571,23.93988246318037,24211608.279846832
728.5714285714286,575.7142857142858,782.8571428571429,23.33375192367252,22638415.06548609
728.5714285714286,575.7142857142858,948.5714285714287,22.77241127660271,21647859.18807633
728.5714285714286,575.7142857142858,1114.2857142857142,22.26152014920207,20954476.017527804
728.5714285714286,575.7142857142858,1280.0,21.801361210490917,20430630.94714865
728.5714285714286,575.7142857142858,1445.7142857142858,21.389160029159672,20012670.201679714
728.5714285714286,575.7142857142858,1611.4285714285716,21.020720404127644,19666010.226715714
728.5714285714286,575.7142857142858,1777.1428571428573,20.69140458993682,19370437.194529638
728.5714285714286,575.7142857142858,1942.857142857143,20.396661592017423,19113346.618981212
728.5714285714286,575.7142857142858,2108.5714285714284,20.132280934775103,18886413.122706268
728.5714285714286,575.7142857142858,2274.285714285714,19.894491400896815,18683852.466638263
728.5714285714286,575.7142857142858,2440.0,19.679977391755223,18501467.069839537
728.5714285714286,575.7142857142858,2605.714285714286,19.485854704295296,18336096.785933025
728.5714285714286,575.7142857142858,2771.4285714285716,19.309628837179023,18185288.83498804
728.5714285714286,575.7142857142858,2937.1428571428573,19.149148111560923,18047091.189333536
728.5714285714286,575.7142857142858,3102.857142857143,19.002557792216173,17919918.208720576
728.5714285714286,575.7142857142858,3268.571428571429,18.868258040676885,17802460.11086719
728.5714285714286,575.7142857142858,3434.2857142857147,18.74486673862963,17693619.96315718
728.5714285714286,575.7142857142858,3600.0,18.631187299429225,17592468.521209624
728.5714285714286,622.8571428571429,120.0,25.883736577995652,64309027.08593405
728.5714285714286,622.8571428571429,285.7142857142857,25.230523193514113,34558580.807663396
728.5714285714286,622.8571428571429,451.42857142857144,24.589943260522656,27626462.837933514
728.5714285714286,622.8571428571429,617.1428571428571,23.96174995970675,24695102.19192307
728.5714285714286,622.8571428571429,782.8571428571429,23.365039460978874,23110538.248691186
728.5714285714286,622.8571428571429,948.5714285714287,22.81250825435007,22115282.02927235
728.5714285714286,622.8571428571429,1114.2857142857142,22.309531956824546,21420582.05107755
728.5714285714286,622.8571428571429,1280.0,21.85630244382091,20897179.049902406
728.5714285714286,622.8571428571429,1445.7142857142858,21.45006957864794,20480555.752283435
728.5714285714286,622.8571428571429,1611.4285714285716,21.08671881463635,20135653.121566158
728.5714285714286,622.8571428571429,1777.1428571428573,20.761715928998093,19841992.301361453
728.5714285714286,622.8571428571429,1942.857142857143,20.47061586095802,19586822.087437775
728.5714285714286,622.8571428571429,2108.5714285714284,20.20930694857723,19361738.238693617
728.5714285714286,622.8571428571429,2274.285714285714,19.974105774464373,19160916.92034407
728.5714285714286,622.8571428571429,2440.0,19.761772621431238,18980143.665852856
728.5714285714286,622.8571428571429,2605.714285714286,19.569487806325768,18816254.42520537
728.5714285714286,622.8571428571429,2771.4285714285716,19.394811166438696,18666799.73430665
728.5714285714286,622.8571428571429,2937.1428571428573,19.235636544950847,18529834.67856637
728.5714285714286,622.8571428571429,3102.857142857143,19.090147245392707,18403782.50317482
728.5714285714286,622.8571428571429,3268.571428571429,18.95677519176855,18287342.899794366
728.5714285714286,622.8571428571429,3434.2857142857147,18.83416480061986,18179428.322831653
728.5714285714286,622.8571428571429,3600.0,18.72114168213502,18079118.460057747
728.5714285714286,670.0,120.0,25.88086393097518,65067980.16779138
728.5714285714286,670.0,285.7142857142857,25.234044859502823,35116375.69383032
728.5714285714286,670.0,451.42857142857144,24.601596523693193,28122711.497316048
728.5714285714286,670.0,617.1428571428571,23.98216244689075,25166205.83431796
728.5714285714286,670.0,782.8571428571429,23.394141201227487,23570406.717726387
728.5714285714286,670.0,948.5714285714287,22.849739946395687,22570392.143087804
728.5714285714286,670.0,1114.2857142857142,22.354078628653756,21874223.81085083
728.5714285714286,670.0,1280.0,21.907267284051628,21351071.39384832
728.5714285714286,670.0,1445.7142857142858,21.506577475698784,20935583.552268654
728.5714285714286,670.0,1611.4285714285716,21.147968061003183,20592241.514483217
728.5714285714286,670.0,1777.1428571428573,20.82699805386668,20300309.24564475
728.5714285714286,670.0,1942.857142857143,20.5393179624245,20046892.157388937
728.5714285714286,670.0,2108.5714285714284,20.28090542333111,19823507.960542787
728.5714285714286,670.0,2274.285714285714,20.04815650561498,19624292.696991026
728.5714285714286,670.0,2440.0,19.837900314379166,19445013.826331902
728.5714285714286,670.0,2605.714285714286,19.647375794048546,19282501.935182806
728.5714285714286,670.0,2771.4285714285716,19.474192252652106,19134309.359669022
728.5714285714286,670.0,2937.1428571428573,19.316285058161526,18998496.84059911
728.5714285714286,670.0,3102.857142857143,19.171872281470723,18873495.163790498
728.5714285714286,670.0,3268.571428571429,19.039414935817742,18758012.28441724
728.5714285714286,670.0,3434.2857142857147,18.917581788935948,18650968.970960494
728.5714285714286,670.0,3600.0,18.805218863389314,18551452.901370887
728.5714285714286,717.1428571428572,120.0,25.878363151336075,65807534.79482986
728.5714285714286,717.1428571428572,285.7142857142857,25.23748476534434,35661040.2811874
728.5714285714286,717.1428571428572,451.42857142857144,24.61259706225905,28607272.667763803
728.5714285714286,717.1428571428572,617.1428571428571,24.001288088557814,25626122.22748997
728.5714285714286,717.1428571428572,782.8571428571429,23.42132071937727,24019221.450480495
728.5714285714286,717.1428571428572,948.5714285714287,22.884458208773236,23014407.69461887
728.5714285714286,717.1428571428572,1114.2857142857142,22.395588790159852,22316645.65877086
728.5714285714286,717.1428571428572,1280.0,21.954748253916716,21793581.730632927
728.5714285714286,717.1428571428572,1445.7142857142858,21.55922770371189,21379056.688283015
728.5714285714286,717.1428571428572,1611.4285714285716,21.205052452848484,21037106.080815777
728.5714285714286,717.1428571428572,1777.1428571428573,20.8878660650322,20746743.776968516
728.5714285714286,717.1428571428572,1942.857142857143,20.603405844089732,20494934.89730963
728.5714285714286,717.1428571428572,2108.5714285714284,20.34773065362535,20273119.964880742
728.5714285714286,717.1428571428572,2274.285714285714,20.117308980834903,20075394.557544813
728.5714285714286,717.1428571428572,2440.0,19.909032737358775,19897507.119768403
728.5714285714286,717.1428571428572,2605.714285714286,19.720194461708253,19736281.676693875
728.5714285714286,717.1428571428572,2771.4285714285716,19.54844876391226,19589271.101499885
728.5714285714286,717.1428571428572,2937.1428571428573,19.391769104761842,19454540.56466627
728.5714285714286,717.1428571428572,3102.857142857143,19.248405506217512,19330527.254965633
728.5714285714286,717.1428571428572,3268.571428571429,19.116845762987346,19215946.362438474
728.5714285714286,717.1428571428572,3434.2857142857147,18.995781103403022,19109726.05450868
728.5714285714286,717.1428571428572,3600.0,18.884076412748573,19010961.19342418
728.5714285714286,764.2857142857143,120.0,25.87618099681652,66529303.6897661
728.5714285714286,764.2857142857143,285.7142857142857,25.240838871256848,36193737.55481038
728.5714285714286,764.2857142857143,451.42857142857144,24.62300852029379,29081198.088701796
728.5714285714286,764.2857142857143,617.1428571428571,24.019267981744886,26075868.19984216
728.5714285714286,764.2857142857143,782.8571428571429,23.446797396715862,24457996.76717614
728.5714285714286,764.2857142857143,948.5714285714287,22.916954923811915,23448356.50862492
728.5714285714286,764.2857142857143,1114.2857142857142,22.434417550252753,22748896.45591779
728.5714285714286,764.2857142857143,1280.0,21.999153325965676,22225782.691201564
728.5714285714286,764.2857142857143,1445.7142857142858,21.608471076417494,21812071.6178601
728.5714285714286,764.2857142857143,1611.4285714285716,21.258456654640984,21471365.760948416
728.5714285714286,764.2857142857143,1777.1428571428573,20.944830758717135,21182435.330380794
728.5714285714286,764.2857142857143,1942.857142857143,20.663409983697665,20932108.036668938
728.5714285714286,764.2857142857143,2108.5714285714284,20.410327501908764,20711748.09864958
728.5714285714286,764.2857142857143,2274.285714285714,20.1821181480375,20515410.43130637
728.5714285714286,764.2857142857143,2440.0,19.975731462574547,20338823.715815514
728.5714285714286,764.2857142857143,2605.714285714286,19.78850923635155,20178804.424724456
728.5714285714286,764.2857142857143,2771.4285714285716,19.618147777395574,20032904.906207334
728.5714285714286,764.2857142857143,2937.1428571428573,19.462655665320323,19899193.720359042
728.5714285714286,764.2857142857143,3102.857142857143,19.32031242675459,19776113.4876625
728.5714285714286,764.2857142857143,3268.571428571429,19.189630628179103,19662385.750889685
728.5714285714286,764.2857142857143,3434.2857142857147,19.069322307813863,19556945.28880893
728.5714285714286,764.2857142857143,3600.0,18.95826985694753,19458893.452325277
728.5714285714286,811.4285714285714,120.0,25.874274367753227,67234666.28110251
728.5714285714286,811.4285714285714,285.7142857142857,25.244105715985096,36715461.87101527
728.5714285714286,811.4285714285714,451.42857142857144,24.63288599799605,29545386.87069458
728.5714285714286,811.4285714285714,617.1428571428571,24.036221624677648,26516312.65197028
728.5714285714286,811.4285714285714,782.8571428571429,23.47075572398335,24887598.783118002
728.5714285714286,811.4285714285714,948.5714285714287,22.94747482380428,23873115.42252467
728.5714285714286,811.4285714285714,1114.2857142857142,22.470862311051395,23171870.138732567
728.5714285714286,811.4285714285714,1280.0,22.040824117746002,22648587.67650129
728.5714285714286,811.4285714285714,1445.7142857142858,21.65468524268032,22235561.336000524
728.5714285714286,811.4285714285714,1611.4285714285716,21.30858699225823,21895972.098957073
728.5714285714286,811.4285714285714,1777.1428571428573,20.998320808876645,21608352.40699229
728.5714285714286,811.4285714285714,1942.857142857143,20.71977609990855,21359395.253882494
728.5714285714286,811.4285714285714,2108.5714285714284,20.46915436261291,21140389.446668353
728.5714285714286,811.4285714285714,2274.285714285714,20.24305151854717,20945349.147354513
728.5714285714286,811.4285714285714,2440.0,20.03847024153093,20769982.678586345
728.5714285714286,811.4285714285714,2605.714285714286,19.852797797409007,20611098.13511785
728.5714285714286,811.4285714285714,2771.4285714285716,19.683769050248742,20466246.440385114
728.5714285714286,811.4285714285714,2937.1428571428573,19.52942510021767,20333498.65461502
728.5714285714286,811.4285714285714,3102.857142857143,19.38807283656348,20211301.99421203
728.5714285714286,811.4285714285714,3268.571428571429,19.258247833840123,20098383.592146117
728.5714285714286,811.4285714285714,3434.2857142857147,19.138681488069864,19993684.15531003
728.5714285714286,811.4285714285714,3600.0,19.028272500141433,19896310.918059178
728.5714285714286,858.5714285714287,120.0,25.872607957719946,67924814.30103421
728.5714285714286,858.5714285714287,285.7142857142857,25.247285532007602,37227071.6696761
728.5714285714286,858.5714285714287,451.42857142857144,24.642277460062346,30000615.047821395
728.5714285714286,858.5714285714287,617.1428571428571,24.05225107901234,26948205.21478647
728.5714285714286,858.5714285714287,782.8571428571429,23.49335228571092,25308774.195135646
728.5714285714286,858.5714285714287,948.5714285714287,22.976225068997838,24289439.72227378
728.5714285714286,858.5714285714287,1114.2857142857142,22.505174554181078,23586336.041417837
728.5714285714286,858.5714285714287,1280.0,22.080049453547904,23062782.13496503
728.5714285714286,858.5714285714287,1445.7142857142858,21.698189608246416,22650327.581773493
728.5714285714286,858.5714285714287,1611.4285714285716,21.355787367456706,22311742.304710545
728.5714285714286,858.5714285714287,1777.1428571428573,21.048699365141566,22025326.39844193
728.5714285714286,858.5714285714287,1942.857142857143,20.772882181351882,21777640.66635161
728.5714285714286,858.5714285714287,2108.5714285714284,20.524600420771414,21559899.395075385
728.5714285714286,858.5714285714287,2274.285714285714,20.300506496903342,21366075.9876493
728.5714285714286,858.5714285714287,2440.0,20.097652283210998,21191857.93540287
728.5714285714286,858.5714285714287,2605.714285714286,19.913467209207187,21034044.264644206
728.5714285714286,858.5714285714287,2771.4285714285716,19.745721935376576,20890183.70688076
728.5714285714286,858.5714285714287,2937.1428571428573,19.59248779586307,20758349.056510378
728.5714285714286,858.5714285714287,3102.857142857143,19.452097153628408,20636991.40158421
728.5714285714286,858.5714285714287,3268.571428571429,19.323107032780346,20524842.801482096
728.5714285714286,858.5714285714287,3434.2857142857147,19.204266901212026,20420849.294391215
728.5714285714286,858.5714285714287,3600.0,19.094490707532703,20324123.46792311
728.5714285714286,905.7142857142858,120.0,25.8711525377741,68600786.4186377
728.5714285714286,905.7142857142858,285.7142857142857,25.250379657419042,37729314.39577009
728.5714285714286,905.7142857142858,451.42857142857144,24.651224880254237,30447558.112974554
728.5714285714286,905.7142857142858,617.1428571428571,24.067444180951316,27372198.10601242
728.5714285714286,905.7142857142858,782.8571428571429,23.51472108492743,25722172.225593615
728.5714285714286,905.7142857142858,948.5714285714287,23.003382516870605,24697985.563194077
728.5714285714286,905.7142857142858,1114.2857142857142,22.53756877137138,23992961.97119048
728.5714285714286,905.7142857142858,1280.0,22.117075638336857,23469047.344701022
728.5714285714286,905.7142857142858,1445.7142857142858,21.73925664746301,23057065.309786275
728.5714285714286,905.7142857142858,1611.4285714285716,21.400351336689514,22719384.36143115
728.5714285714286,905.7142857142858,1777.1428571428573,21.096276670176433,22434077.262611426
728.5714285714286,905.7142857142858,1942.857142857143,20.82305145537553,22187575.0033926
728.5714285714286,905.7142857142858,2108.5714285714284,20.576998822095742,21971018.23369354
728.5714285714286,905.7142857142858,2274.285714285714,20.354823633777084,21778339.657082453
728.5714285714286,905.7142857142858,2440.0,20.153623497445384,21605205.559818406
728.5714285714286,905.7142857142858,2605.714285714286,19.970867083569463,21448405.319336884
728.5714285714286,905.7142857142858,2771.4285714285716,19.80435840901819,21305484.8173689
728.5714285714286,905.7142857142858,2937.1428571428573,19.652197016476123,21174517.918894522
728.5714285714286,905.7142857142858,3102.857142857143,19.51273906631701,21053958.952076472
728.5714285714286,905.7142857142858,3268.571428571429,19.38456164644109,20942544.32126739
728.5714285714286,905.7142857142858,3434.2857142857147,19.26643115095554,20839224.871337023
728.5714285714286,905.7142857142858,3600.0,19.157275828205005,20743118.075797815
728.5714285714286,952.8571428571429,120.0,25.86988368126057,69263494.9860504
728.5714285714286,952.8571428571429,285.7142857142857,25.253390140148852,38222845.79576986
728.5714285714286,952.8571428571429,451.42857142857144,24.659765174389417,30886808.480034005
728.5714285714286,952.8571428571429,617.1428571428571,24.081877049228588,27788863.067422085
728.5714285714286,952.8571428571429,782.8571428571429,23.534977659123044,26128361.61917921
728.5714285714286,952.8571428571429,948.5714285714287,23.029099318918604,25099327.322347976
728.5714285714286,952.8571428571429,1114.2857142857142,22.5682293302848,24392332.051676672
728.5714285714286,952.8571428571429,1280.0,22.152114354996552,23867978.78882632
728.5714285714286,952.8571428571429,1445.7142857142858,21.778120603365117,23456381.5853527
728.5714285714286,952.8571428571429,1611.4285714285716,21.442531411153173,23119516.401633862
728.5714285714286,952.8571428571429,1777.1428571428573,21.1413197879427,22835233.329938233
728.5714285714286,952.8571428571429,1942.857142857143,20.870562403459704,22589835.79004784
728.5714285714286,952.8571428571429,2108.5714285714284,20.62663686201266,22374391.66665266
728.5714285714286,952.8571428571429,2274.285714285714,20.40629689861106,22182793.0746084
728.5714285714286,952.8571428571429,2440.0,20.20668278060891,22010684.802134953
728.5714285714286,952.8571428571429,2605.714285714286,20.025299823862827,21854846.088497836
728.5714285714286,952.8571428571429,2771.4285714285716,19.859983231167742,21712819.398839973
728.5714285714286,952.8571428571429,2937.1428571428573,19.708858949056587,21582679.090758685
728.5714285714286,952.8571428571429,3102.857142857143,19.570305439127164,21462882.178823967
728.5714285714286,952.8571428571429,3268.571428571429,19.442918614010676,21352168.900224023
728.5714285714286,952.8571428571429,3434.2857142857147,19.325480767780117,21249494.442812417
728.5714285714286,952.8571428571429,3600.0,19.216933597734393,21153980.75175621
728.5714285714286,1000.0,120.0,25.86878080114009,69913747.00029649
728.5714285714286,1000.0,285.7142857142857,25.256319469152352,38708245.074611075
728.5714285714286,1000.0,451.42857142857144,24.66793096421997,31318889.208654165
728.5714285714286,1000.0,617.1428571428571,24.095616066129487,28198704.67701762
728.5714285714286,1000.0,782.8571428571429,23.554222301879815,26527843.995268032
728.5714285714286,1000.0,948.5714285714287,23.053507285808074,25493971.21979674
728.5714285714286,1000.0,1114.2857142857142,22.597315822408913,24784960.71798309
728.5714285714286,1000.0,1280.0,22.185348814655455,24260100.556716304
728.5714285714286,1000.0,1445.7142857142858,21.814984266835893,23848810.383586187
728.5714285714286,1000.0,1611.4285714285716,21.482546310417067,23512681.874950197
728.5714285714286,1000.0,1777.1428571428573,21.184060200818074,23229346.802020505
728.5714285714286,1000.0,1942.857142857143,20.915656593935857,22984983.13646292
728.5714285714286,1000.0,2108.5714285714284,20.673763966863284,22770586.854061067
728.5714285714286,1000.0,2274.285714285714,20.455181739948546,22580009.631969012
728.5714285714286,1000.0,2440.0,20.257090100485996,22408874.533811245
728.5714285714286,1000.0,2605.714285714286,20.077028691837416,22253950.247347277
728.5714285714286,1000.0,2771.4285714285716,19.912861961520814,22112775.33074376
728.5714285714286,1000.0,2937.1428571428573,19.762740643323863,21983424.12845848
728.5714285714286,1000.0,3102.857142857143,19.62506415767457,21864355.853619788
728.5714285714286,1000.0,3268.571428571429,19.498446128406286,21754314.12290704
728.5714285714286,1000.0,3434.2857142857147,19.381683825719925,21652258.055251367
728.5714285714286,1000.0,3600.0,19.273731628652754,21557313.69847327
764.2857142857143,10.0,120.0,26.08420235761665,50583001.3045612
764.2857142857143,10.0,285.7142857142857,25.25085325616012,24457064.79672629
764.2857142857143,10.0,451.42857142857144,24.333413396757976,18569466.097166207
764.2857142857143,10.0,617.1428571428571,23.37713047112281,16030216.751343213
764.2857142857143,10.0,782.8571428571429,22.44527830767861,14571596.467653899
764.2857142857143,10.0,948.5714285714287,21.58415896616978,13573051.577529214
764.2857142857143,10.0,1114.2857142857142,20.816925577675455,12811715.388553768
764.2857142857143,10.0,1280.0,20.148989780230274,12193800.174134322
764.2857142857143,10.0,1445.7142857142858,19.575368757184986,11674156.990691613
764.2857142857143,10.0,1611.4285714285716,19.086243622630995,11227955.999696368
764.2857142857143,10.0,1777.1428571428573,18.670333035582033,10839730.11688938
764.2857142857143,10.0,1942.857142857143,18.31666172038132,10498815.18287134
764.2857142857143,10.0,2108.5714285714284,18.015348909649862,10197306.50154689
764.2857142857143,10.0,2274.285714285714,17.75786078166751,9929061.383532545
764.2857142857143,10.0,2440.0,17.536996827892,9689162.326946635
764.2857142857143,10.0,2605.714285714286,17.346760386130526,9473597.362831026
764.2857142857143,10.0,2771.4285714285716,17.18219144341548,9279051.485784274
764.2857142857143,10.0,2937.1428571428573,17.039199389149623,9102760.34273734
764.2857142857143,10.0,3102.857142857143,16.91441188841825,8942402.143532034
764.2857142857143,10.0,3268.571428571429,16.805045152058025,8796014.984123923
764.2857142857143,10.0,3434.2857142857147,16.708795707875463,8661932.145728152
764.2857142857143,10.0,3600.0,16.623751580281418,8538730.68265645
764.2857142857143,57.142857142857146,120.0,25.99273772287355,53233078.65726864
764.2857142857143,57.142857142857146,285.7142857142857,25.18628513703074,26311369.210452758
764.2857142857143,57.142857142857146,451.42857142857144,24.325706318212866,20211429.207021993
764.2857142857143,57.142857142857146,617.1428571428571,23.44445458355844,17595865.69388634
764.2857142857143,57.142857142857146,782.8571428571429,22.59108100005166,16118762.463304538
764.2857142857143,57.142857142857146,948.5714285714287,21.800011932769387,15130554.763862256
764.2857142857143,57.142857142857146,1114.2857142857142,21.08815629108245,14393095.915983086
764.2857142857143,57.142857142857146,1280.0,20.459344497110795,13803928.522989577
764.2857142857143,57.142857142857146,1445.7142857142858,19.909755706177897,13313184.653292567
764.2857142857143,57.142857142857146,1611.4285714285716,19.431931369436406,12893701.746373951
764.2857142857143,57.142857142857146,1777.1428571428573,19.017216080254816,12529054.845091667
764.2857142857143,57.142857142857146,1942.857142857143,18.657064127590598,12208366.291213004
764.2857142857143,57.142857142857146,2108.5714285714284,18.343650402289022,11923889.66219565
764.2857142857143,57.142857142857146,2274.285714285714,18.07009317581103,11669802.78280633
764.2857142857143,57.142857142857146,2440.0,17.830476926505405,11441558.816604352
764.2857142857143,57.142857142857146,2605.714285714286,17.619782011725437,11235510.296602864
764.2857142857143,57.142857142857146,2771.4285714285716,17.433778515447823,11048675.02970215
764.2857142857143,57.142857142857146,2937.1428571428573,17.26891333511759,10878580.629409077
764.2857142857143,57.142857142857146,3102.857142857143,17.12220408745004,10723155.554178732
764.2857142857143,57.142857142857146,3268.571428571429,16.991145244860427,10580649.421091966
764.2857142857143,57.142857142857146,3434.2857142857147,16.873627796111357,10449572.80938364
764.2857142857143,57.142857142857146,3600.0,16.767871789126712,10328650.667867832
764.2857142857143,104.28571428571429,120.0,25.95622910050686,54978247.07824139
764.2857142857143,104.28571428571429,285.7142857142857,25.175473158428492,27552382.339491565
764.2857142857143,104.28571428571429,451.42857142857144,24.35626908555281,21313921.09005065
764.2857142857143,104.28571428571429,617.1428571428571,23.52519775168076,18647391.671909355
764.2857142857143,104.28571428571429,782.8571428571429,22.723451747846415,17155298.101404812
764.2857142857143,104.28571428571429,948.5714285714287,21.979763974670128,16169657.726479433
764.2857142857143,104.28571428571429,1114.2857142857142,21.308011778067545,15443232.075447287
764.2857142857143,104.28571428571429,1280.0,20.711128447032486,14868587.946843715
764.2857142857143,104.28571428571429,1445.7142857142858,20.185667341541983,14393141.799449448
764.2857142857143,104.28571428571429,1611.4285714285716,19.72513704450447,13988326.152792359
764.2857142857143,104.28571428571429,1777.1428571428573,19.32202687497033,13637063.676109208
764.2857142857143,104.28571428571429,1942.857142857143,18.968897672268877,13328242.667330455
764.2857142857143,104.28571428571429,2108.5714285714284,18.658899483910165,13054104.359189905
764.2857142857143,104.28571428571429,2274.285714285714,18.385967502750226,12808923.175012
764.2857142857143,104.28571428571429,2440.0,18.144850148495838,12588295.010896062
764.2857142857143,104.28571428571429,2605.714285714286,17.931057183525528,12388727.528124148
764.2857142857143,104.28571428571429,2771.4285714285716,17.74077557126854,12207388.89113824
764.2857142857143,104.28571428571429,2937.1428571428573,17.570777681582292,12041944.37902107
764.2857142857143,104.28571428571429,3102.857142857143,17.41833366169648,11890444.523305608
764.2857142857143,104.28571428571429,3268.571428571429,17.281132948404572,11751245.14072515
764.2857142857143,104.28571428571429,3434.2857142857147,17.15721637572322,11622948.131515082
764.2857142857143,104.28571428571429,3600.0,17.044918623585833,11504356.42007842
764.2857142857143,151.42857142857144,120.0,25.93405201313982,56428639.245105766
764.2857142857143,151.42857142857144,285.7142857142857,25.17438531219235,28590641.04398929
764.2857142857143,151.42857142857144,451.42857142857144,24.38664463682534,22237005.261245124
764.2857142857143,151.42857142857144,617.1428571428571,23.59254863140407,19527162.725673616
764.2857142857143,151.42857142857144,782.8571428571429,22.82851547627623,18020623.701519333
764.2857142857143,151.42857142857144,948.5714285714287,22.11966963355184,17034428.557355344
764.2857142857143,151.42857142857144,1114.2857142857142,21.47797012923021,16314235.992212638
764.2857142857143,151.42857142857144,1280.0,20.90576180318545,15748824.903650926
764.2857142857143,151.42857142857144,1445.7142857142858,20.399802550066987,15283552.497689927
764.2857142857143,151.42857142857144,1611.4285714285716,19.954182937233103,14888764.225705763
764.2857142857143,151.42857142857144,1777.1428571428573,19.56209673893455,14546848.72341154
764.2857142857143,151.42857142857144,1942.857142857143,19.21679713017106,14246470.279299363
764.2857142857143,151.42857142857144,2108.5714285714284,18.91205398118877,13979814.756593194
764.2857142857143,151.42857142857144,2274.285714285714,18.64233015711745,13741188.457613798
764.2857142857143,151.42857142857144,2440.0,18.40281020888514,13526260.328657849
764.2857142857143,151.42857142857144,2605.714285714286,18.189357883183618,13331626.766955392
764.2857142857143,151.42857142857144,2771.4285714285716,17.998444197351017,13154546.748520555
764.2857142857143,151.42857142857144,2937.1428571428573,17.827067817307277,12992771.591192808
764.2857142857143,151.42857142857144,3102.857142857143,17.67267834038973,12844430.030151656
764.2857142857143,151.42857142857144,3268.571428571429,17.533107075612744,12707947.256307473
764.2857142857143,151.42857142857144,3434.2857142857147,17.406506785389215,12581985.804548346
764.2857142857143,151.42857142857144,3600.0,17.291300308148784,12465401.112119716
764.2857142857143,198.57142857142858,120.0,25.918691229909005,57713283.31692469
764.2857142857143,198.57142857142858,285.7142857142857,25.17669264314629,29514031.405923177
764.2857142857143,198.57142857142858,451.42857142857144,24.414231590221974,23058022.785641693
764.2857142857143,198.57142857142858,617.1428571428571,23.64928004292725,20309010.896419335
764.2857142857143,198.57142857142858,782.8571428571429,22.914806587257775,18788330.76799112
764.2857142857143,198.57142857142858,948.5714285714287,22.23336902124707,17799930.255130395
764.2857142857143,198.57142857142858,1114.2857142857142,21.61556436743933,17083418.98955203
764.2857142857143,198.57142857142858,1280.0,21.063311676870526,16524408.056472208
764.2857142857143,198.57142857142858,1445.7142857142858,20.573501500633313,16066539.161851652
764.2857142857143,198.57142857142858,1611.4285714285716,20.14062613142447,15679240.940851415
764.2857142857143,198.57142857142858,1777.1428571428573,19.758372378833933,15344435.697782718
764.2857142857143,198.57142857142858,1942.857142857143,19.420483023878102,15050574.868403403
764.2857142857143,198.57142857142858,2108.5714285714284,19.121170634852465,14789771.523978457
764.2857142857143,198.57142857142858,2274.285714285714,18.855278786722884,14556333.935020508
764.2857142857143,198.57142857142858,2440.0,18.61831001154828,14345970.478402434
764.2857142857143,198.57142857142858,2605.714285714286,18.406388987469608,14155333.44793877
764.2857142857143,198.57142857142858,2771.4285714285716,18.216198536586013,13981742.63945296
764.2857142857143,198.57142857142858,2937.1428571428573,18.044908118663077,13823009.017897168
764.2857142857143,198.57142857142858,3102.857142857143,17.890104516554207,13677316.803717475
764.2857142857143,198.57142857142858,3268.571428571429,17.749728988562133,13543141.265765222
764.2857142857143,198.57142857142858,3434.2857142857147,17.622022319432947,13419189.316868892
764.2857142857143,198.57142857142858,3600.0,17.505477781922604,13304355.276457181
764.2857142857143,245.71428571428572,120.0,25.90729611548219,58886606.2240814
764.2857142857143,245.71428571428572,285.7142857142857,25.18042080187162,30360040.750130247
764.2857142857143,245.71428571428572,451.42857142857144,24.43902237720833,23810132.658842262
764.2857142857143,245.71428571428572,617.1428571428571,23.698030052750674,21024700.967623338
764.2857142857143,245.71428571428572,782.8571428571429,22.987759479547304,19490143.356716003
764.2857142857143,245.71428571428572,948.5714285714287,22.32881743860512,18498550.20695223
764.2857142857143,245.71428571428572,1114.2857142857142,21.730767283089016,17784151.930308577
764.2857142857143,245.71428571428572,1280.0,21.195200926077806,17229780.188313745
764.2857142857143,245.71428571428572,1445.7142857142858,20.719103305245746,16777576.657695312
764.2857142857143,245.71428571428572,1611.4285714285716,20.29726594879776,16396161.664523287
764.2857142857143,245.71428571428572,1777.1428571428573,19.923746558179484,16067036.494130876
764.2857142857143,245.71428571428572,1942.857142857143,19.592658988646093,15778449.841591818
764.2857142857143,245.71428571428572,2108.5714285714284,19.298553744884867,15522433.911423841
764.2857142857143,245.71428571428572,2274.285714285714,19.03656714515989,15293282.548942866
764.2857142857143,245.71428571428572,2440.0,18.8024480780976,15086724.316755658
764.2857142857143,245.71428571428572,2605.714285714286,18.59252496559417,14899448.17449714
764.2857142857143,245.71428571428572,2771.4285714285716,18.403647365253796,14728816.899782607
764.2857142857143,245.71428571428572,2937.1428571428573,18.23312033501844,14572685.21620163
764.2857142857143,245.71428571428572,3102.857142857143,18.078640546454015,14429279.01144112
764.2857142857143,245.71428571428572,3268.571428571429,17.93823815721138,14297111.788630359
764.2857142857143,245.71428571428572,3434.2857142857147,17.810225828826677,14174924.777300963
764.2857142857143,245.71428571428572,3600.0,17.6931549553546,14061642.67742451
764.2857142857143,292.8571428571429,120.0,25.898475066709143,59977838.97613803
764.2857142857143,292.8571428571429,285.7142857142857,25.18476936299939,31148979.651797228
764.2857142857143,292.8571428571429,451.42857142857144,24.461373562121345,24511373.683287382
764.2857142857143,292.8571428571429,617.1428571428571,23.740653738145184,21691552.30215082
764.2857142857143,292.8571428571429,782.8571428571429,23.05079872208354,20143369.10651562
764.2857142857143,292.8571428571429,948.5714285714287,22.41086573867061,19147949.44761761
764.2857142857143,292.8571428571429,1114.2857142857142,21.829598303881188,18434615.78641444
764.2857142857143,292.8571428571429,1280.0,21.308326589332314,17883689.89412447
764.2857142857143,292.8571428571429,1445.7142857142858,20.844106804481456,17435962.894989118
764.2857142857143,292.8571428571429,1611.4285714285716,20.431964647244172,17059323.074259285
764.2857142857143,292.8571428571429,1777.1428571428573,20.066250262712657,16734883.798525067
764.2857142857143,292.8571428571429,1942.857142857143,19.74137178607021,16450699.905225122
764.2857142857143,292.8571428571429,2108.5714285714284,19.452149213928426,16198718.891118871
764.2857142857143,292.8571428571429,2274.285714285714,19.193953637154543,15973210.312096506
764.2857142857143,292.8571428571429,2440.0,18.962732667301303,15769910.783262571
764.2857142857143,292.8571428571429,2605.714285714286,18.754980065955102,15585533.532502688
764.2857142857143,292.8571428571429,2771.4285714285716,18.56768154227339,15417472.65319689
764.2857142857143,292.8571428571429,2937.1428571428573,18.398253596596962,15263616.123876879
764.2857142857143,292.8571428571429,3102.857142857143,18.244483821061152,15122222.283338651
764.2857142857143,292.8571428571429,3268.571428571429,18.10447644348806,14991834.908869268
764.2857142857143,292.8571428571429,3434.2857142857147,17.97660445197107,14871222.737784889
764.2857142857143,292.8571428571429,3600.0,17.859468398018812,14759335.060485806
764.2857142857143,340.0,120.0,25.891446338937545,61004912.418132134
764.2857142857143,340.0,285.7142857142857,25.189366000314074,31893390.68962337
764.2857142857143,340.0,451.42857142857144,24.48165141671011,25172919.49643233
764.2857142857143,340.0,617.1428571428571,23.778449811954367,22320308.043946035
764.2857142857143,340.0,782.8571428571429,23.10619318275398,20758743.293201122
764.2857142857143,340.0,948.5714285714287,22.482668808794955,19759071.743075665
764.2857142857143,340.0,1114.2857142857142,21.915949140733524,19046061.897499274
764.2857142857143,340.0,1280.0,21.40714869800134,18497725.578600913
764.2857142857143,340.0,1445.7142857142858,20.95337980821718,18053614.12924737
764.2857142857143,340.0,1611.4285714285716,20.549857924512025,17680940.91869212
764.2857142857143,340.0,1777.1428571428573,20.191171597570985,17360456.973847948
764.2857142857143,340.0,1942.857142857143,19.87196998184083,17080031.064770896
764.2857142857143,340.0,2108.5714285714284,19.587294784004754,16831524.29887169
764.2857142857143,340.0,2274.285714285714,19.332711124164764,16609175.654417435
764.2857142857143,340.0,2440.0,19.104331621423686,16408721.653462298
764.2857142857143,340.0,2605.714285714286,18.8987879906203,16226891.278913682
764.2857142857143,340.0,2771.4285714285716,18.713180108455578,16061101.817612652
764.2857142857143,340.0,2937.1428571428573,18.545018405587715,15909267.116505591
764.2857142857143,340.0,3102.857142857143,18.392167516272853,15769671.432463838
764.2857142857143,340.0,3268.571428571429,18.25279477903337,15640883.135839276
764.2857142857143,340.0,3434.2857142857147,18.12532487761154,15521693.582992768
764.2857142857143,340.0,3600.0,18.008400739949405,15411072.474738192
764.2857142857143,387.14285714285717,120.0,25.88572877562172,61979806.31679143
764.2857142857143,387.14285714285717,285.7142857142857,25.194023190475683,32601695.841538966
764.2857142857143,387.14285714285717,451.42857142857144,24.500169100275393,25802289.654931083
764.2857142857143,387.14285714285717,617.1428571428571,23.812351578052365,22918204.16093548
764.2857142857143,387.14285714285717,782.8571428571429,23.155518085666543,21343493.73055998
764.2857142857143,387.14285714285717,948.5714285714287,22.546390183882668,20339276.778225288
764.2857142857143,387.14285714285717,1114.2857142857142,21.992477825827184,19626046.234500498
764.2857142857143,387.14285714285717,1280.0,21.49471385038726,19079659.42055525
764.2857142857143,387.14285714285717,1445.7142857142858,21.05025617347474,18638513.899049267
764.2857142857143,387.14285714285717,1611.4285714285716,20.654478073029285,18269192.8664899
764.2857142857143,387.14285714285717,1777.1428571428573,20.302167366788208,17952105.57057581
764.2857142857143,387.14285714285717,1942.857142857143,19.988175437300605,17674941.585730217
764.2857142857143,387.14285714285717,2108.5714285714284,19.707730713707733,17429475.133648556
764.2857142857143,387.14285714285717,2274.285714285714,19.456562347609626,17209910.455576725
764.2857142857143,387.14285714285717,2440.0,19.230922999933327,17011978.26586713
764.2857142857143,387.14285714285717,2605.714285714286,19.02756193708416,16832417.188222382
764.2857142857143,387.14285714285717,2771.4285714285716,18.843676721578305,16668661.789487131
764.2857142857143,387.14285714285717,2937.1428571428573,18.676858496138976,16518646.355788969
764.2857142857143,387.14285714285717,3102.857142857143,18.52503838543937,16380676.22443147
764.2857142857143,387.14285714285717,3268.571428571429,18.38643844101769,16253340.125960993
764.2857142857143,387.14285714285717,3434.2857142857147,18.25952837256902,16135448.373600364
764.2857142857143,387.14285714285717,3600.0,18.142988195420102,16025987.932092154
764.2857142857143,434.28571428571433,120.0,25.881006409074338,62911017.752885565
764.2857142857143,434.28571428571433,285.7142857142857,25.198642317060273,33279890.758290388
764.2857142857143,434.28571428571433,451.42857142857144,24.517183234919653,26404846.046221692
764.2857142857143,434.28571428571433,617.1428571428571,23.843049093293573,23490402.730324157
764.2857142857143,434.28571428571433,782.8571428571429,23.19991028442941,21902773.730713487
764.2857142857143,434.28571428571433,948.5714285714287,22.603577297683245,20893805.61821584
764.2857142857143,434.28571428571433,1114.2857142857142,22.06107974237449,20179942.22427097
764.2857142857143,434.28571428571433,1280.0,21.57319469111448,19635011.515843637
764.2857142857143,434.28571428571433,1445.7142857142858,21.13711800377991,19196326.399265658
764.2857142857143,434.28571428571433,1611.4285714285716,20.748356912913955,18829876.12708692
764.2857142857143,434.28571428571433,1777.1428571428573,20.40186906113512,18515745.18267122
764.2857142857143,434.28571428571433,1942.857142857143,20.09267874096623,18241450.05311481
764.2857142857143,434.28571428571433,2108.5714285714284,19.8161745412344,17998678.259183154
764.2857142857143,434.28571428571433,2274.285714285714,19.568226765635856,17781596.490838453
764.2857142857143,434.28571428571433,2440.0,19.345208984154457,17585925.514031578
764.2857142857143,434.28571428571433,2605.714285714286,19.143972301155316,17408409.052205298
764.2857142857143,434.28571428571433,2771.4285714285716,18.961799203451015,17246494.499813616
764.2857142857143,434.28571428571433,2937.1428571428573,18.79635125398421,17098132.45637747
764.2857142857143,434.28571428571433,3102.857142857143,18.645617803446136,16961645.637475472
764.2857142857143,434.28571428571433,3268.571428571429,18.507868997385835,16835639.875828512
764.2857142857143,434.28571428571433,3434.2857142857147,18.3816142785922,16718941.608788997
764.2857142857143,434.28571428571433,3600.0,18.265566521538396,16610552.620469641
764.2857142857143,481.42857142857144,120.0,25.877061418439745,63804846.62334001
764.2857142857143,481.42857142857144,285.7142857142857,25.203170834935605,33932432.42168504
764.2857142857143,481.42857142857144,451.42857142857144,24.532902498131097,26984579.134984165
764.2857142857143,481.42857142857144,617.1428571428571,23.871065866966635,24040746.302808873
764.2857142857143,481.42857142857144,782.8571428571429,23.2402167090668,22440416.783325706
764.2857142857143,481.42857142857144,948.5714285714287,22.65537492254223,21426552.44902335
764.2857142857143,481.42857142857144,1114.2857142857142,22.12315373906346,20711737.140248355
764.2857142857143,481.42857142857144,1280.0,21.644194777213027,20167872.971021835
764.2857142857143,481.42857142857144,1445.7142857142858,21.215726097876257,19731245.25758605
764.2857142857143,481.42857142857144,1611.4285714285716,20.833370488786816,19367279.404916156
764.2857142857143,481.42857142857144,1777.1428571428573,20.49223260105934,19055749.53228237
764.2857142857143,481.42857142857144,1942.857142857143,20.18748682510112,18784004.511656463
764.2857142857143,481.42857142857144,2108.5714285714284,19.914661161131434,18543645.749449875
764.2857142857143,481.42857142857144,2274.285714285714,19.669749123126973,18328800.4589578
764.2857142857143,481.42857142857144,2440.0,19.44923012488245,18135176.383821573
764.2857142857143,481.42857142857144,2605.714285714286,19.25004468278987,17959518.885903094
764.2857142857143,481.42857142857144,2771.4285714285716,19.06955007120978,17799284.745995354
764.2857142857143,481.42857142857144,2937.1428571428573,18.905470059720592,17652437.658987753
764.2857142857143,481.42857142857144,3102.857142857143,18.755845596646296,17517314.811528184
764.2857142857143,481.42857142857144,3268.571428571429,18.618989584786892,17392536.56612331
764.2857142857143,481.42857142857144,3434.2857142857147,18.493446908447233,17276943.237320054
764.2857142857143,481.42857142857144,3600.0,18.377959852128033,17169549.481687926
764.2857142857143,528.5714285714286,120.0,25.87373784093407,64666126.158279404
764.2857142857143,528.5714285714286,285.7142857142857,25.207581351766155,34562746.28607808
764.2857142857143,528.5714285714286,451.42857142857144,24.54749720162285,27544558.286263548
764.2857142857143,528.5714285714286,617.1428571428571,23.89680804417173,24572190.545529187
764.2857142857143,528.5714285714286,782.8571428571429,23.277085064058976,22959369.517147884
764.2857142857143,528.5714285714286,948.5714285714287,22.702653613131755,21940507.17453674
764.2857142857143,528.5714285714286,1114.2857142857142,22.179761514083026,21224488.56330579
764.2857142857143,528.5714285714286,1280.0,21.7089312077962,20681377.394216523
764.2857142857143,528.5714285714286,1445.7142857142858,21.28741852077544,20246479.519367244
764.2857142857143,528.5714285714286,1611.4285714285716,20.91094725906344,19884682.01295854
764.2857142857143,528.5714285714286,1777.1428571428573,20.574750971243542,19575461.0367915
764.2857142857143,528.5714285714286,1942.857142857143,20.274135974116465,19306002.78619291
764.2857142857143,528.5714285714286,2108.5714285714284,20.004753095844347,19067823.378735144
764.2857142857143,528.5714285714286,2274.285714285714,19.76270467096321,18855009.233795855
764.2857142857143,528.5714285714286,2440.0,19.54456383134165,18663252.748324938
764.2857142857143,528.5714285714286,2605.714285714286,19.347350466869432,18489298.229464255
764.2857142857143,528.5714285714286,2771.4285714285716,19.168488418545888,18330609.128230404
764.2857142857143,528.5714285714286,2937.1428571428573,19.005756974325717,18185159.671793275
764.2857142857143,528.5714285714286,3102.857142857143,18.85724325969887,18051299.187025644
764.2857142857143,528.5714285714286,3268.571428571429,18.72129855085339,17927660.493043516
764.2857142857143,528.5714285714286,3434.2857142857147,18.596499631482992,17813095.96280072
764.2857142857143,528.5714285714286,3600.0,18.481615334839425,17706631.543404043
764.2857142857143,575.7142857142858,120.0,25.870920549493253,65498666.48856181
764.2857142857143,575.7142857142858,285.7142857142857,25.211860711347537,35173535.67495702
764.2857142857143,575.7142857142858,451.42857142857144,24.561107412269113,28087207.086723205
764.2857142857143,575.7142857142858,617.1428571428571,23.92059685955631,25087069.031168554
764.2857142857143,575.7142857142858,782.8571428571429,23.31102168253961,23461956.708837617
764.2857142857143,575.7142857142858,948.5714285714287,22.746090722113795,22438026.185686857
764.2857142857143,575.7142857142858,1114.2857142857142,22.23172778699146,21720603.430433754
764.2857142857143,575.7142857142858,1280.0,21.768349423337206,21177988.933069233
764.2857142857143,575.7142857142858,1445.7142857142858,21.35323571872057,20744550.3773439
764.2857142857143,575.7142857142858,1611.4285714285716,20.982199776175094,20384658.502495266
764.2857142857143,575.7142857142858,1777.1428571428573,20.650589378319626,20077502.358129773
764.2857142857143,575.7142857142858,1942.857142857143,20.353828010114363,19810109.94981556
764.2857142857143,575.7142857142858,2108.5714285714284,20.08767581889373,19573913.072149258
764.2857142857143,575.7142857142858,2274.285714285714,19.848332202311227,19362956.46100907
764.2857142857143,575.7142857142858,2440.0,19.632454071551926,19172915.384404138
764.2857142857143,575.7142857142858,2605.714285714286,19.43713243513841,19000530.96428791
764.2857142857143,575.7142857142858,2771.4285714285716,19.25985091752158,18843271.141111925
764.2857142857143,575.7142857142858,2937.1428571428573,19.09843878687488,18699118.597507764
764.2857142857143,575.7142857142858,3102.857142857143,18.951024840813798,18566432.89963992
764.2857142857143,575.7142857142858,3268.571428571429,18.81599507120072,18443857.623897936
764.2857142857143,575.7142857142858,3434.2857142857147,18.691955193554573,18330255.704608258
764.2857142857143,575.7142857142858,3600.0,18.57769818227233,18224663.072672702
764.2857142857143,622.8571428571429,120.0,25.868522403204775,66305538.39491862
764.2857142857143,622.8571428571429,285.7142857142857,25.21600400009885,35766980.52654617
764.2857142857143,622.8571428571429,451.42857142857144,24.57384935163397,28614480.524381798
764.2857142857143,622.8571428571429,617.1428571428571,23.942690667781996,25587263.777961653
764.2857142857143,622.8571428571429,782.8571428571429,23.342429815616402,23950051.953446805
764.2857142857143,622.8571428571429,948.5714285714287,22.786223550184886,22921006.635464545
764.2857142857143,622.8571428571429,1114.2857142857142,22.279705830087412,22202017.497425612
764.2857142857143,622.8571428571429,1280.0,21.823198315263205,21659687.38096634
764.2857142857143,622.8571428571429,1445.7142857142858,21.41400253166795,21227481.749248862
764.2857142857143,622.8571428571429,1611.4285714285716,21.048011265398948,20869274.229715355
764.2857142857143,622.8571428571429,1777.1428571428573,20.720674461966755,20563976.3551046
764.2857142857143,622.8571428571429,1942.857142857143,20.42752059153314,20298462.042730298
764.2857142857143,622.8571428571429,2108.5714285714284,20.164407939289838,20064079.809036
764.2857142857143,622.8571428571429,2274.285714285714,19.927623207844825,19854832.124306392
764.2857142857143,622.8571428571429,2440.0,19.713898815840025,19666375.746984426
764.2857142857143,622.8571428571429,2605.714285714286,19.52039000008222,19495446.90555461
764.2857142857143,622.8571428571429,2771.4285714285716,19.344634489449394,19339516.25388938
764.2857142857143,622.8571428571429,2937.1428571428573,19.184506881113315,19196573.22298262
764.2857142857143,622.8571428571429,3102.857142857143,19.03817384886443,19064986.045666955
764.2857142857143,622.8571428571429,3268.571428571429,18.90405300768507,18943407.642824616
764.2857142857143,622.8571428571429,3434.2857142857147,18.780776486849746,18830710.260561474
764.2857142857143,622.8571428571429,3600.0,18.6671593512204,18725938.719087437
764.2857142857143,670.0,120.0,25.866476043501866,67089262.63985425
764.2857142857143,670.0,285.7142857142857,25.22001112493884,36344870.49032427
764.2857142857143,670.0,451.42857142857144,24.585820328090456,29127983.82675782
764.2857142857143,670.0,617.1428571428571,23.963300293547803,26074319.705256235
764.2857142857143,670.0,782.8571428571429,23.371635785369314,24425192.18737226
764.2857142857143,670.0,948.5714285714287,22.823485392659443,23391003.30367742
764.2857142857143,670.0,1114.2857142857142,22.32422180890116,22670315.58444401
764.2857142857143,670.0,1280.0,21.874081052267776,22128092.10928924
764.2857142857143,670.0,1445.7142857142858,21.47038377610234,21696927.793874327
764.2857142857143,670.0,1611.4285714285716,21.10909444852569,21340216.149536192
764.2857142857143,670.0,1777.1428571428573,20.78575509898556,21036599.768313043
764.2857142857143,670.0,1942.857142857143,20.495988985103732,20772802.24917857
764.2857142857143,670.0,2108.5714285714284,20.235743148091775,20540089.915201712
764.2857142857143,670.0,2274.285714285714,20.00138338775848,20332422.614059046
764.2857142857143,670.0,2440.0,19.789710655054595,20145437.51756008
764.2857142857143,670.0,2605.714285714286,19.597938589700192,19975864.57570703
764.2857142857143,670.0,2771.4285714285716,19.42365421074187,19821175.69208297
764.2857142857143,670.0,2937.1428571428573,19.264773490316394,19679365.62573783
764.2857142857143,670.0,3102.857142857143,19.11949774200317,19548809.959294535
764.2857142857143,670.0,3268.571428571429,18.98627355919784,19428169.769356307
764.2857142857143,670.0,3434.2857142857147,18.863757324655964,19316325.55824713
764.2857142857143,670.0,3600.0,18.750784428524383,19212330.107904363
764.2857142857143,717.1428571428572,120.0,25.86472846368512,67851940.77853349
764.2857142857143,717.1428571428572,285.7142857142857,25.223884799521585,36908697.17613832
764.2857142857143,717.1428571428572,451.42857142857144,24.59710252349024,29629054.93551351
764.2857142857143,717.1428571428572,617.1428571428571,23.982599980437,26549524.103521716
764.2857142857143,717.1428571428572,782.8571428571429,23.398907340440392,24888657.18486295
764.2857142857143,717.1428571428572,948.5714285714287,22.858230689834684,23849309.663457297
764.2857142857143,717.1428571428572,1114.2857142857142,22.365705658931212,23126814.919464845
764.2857142857143,717.1428571428572,1280.0,21.92149047619704,22584547.900511444
764.2857142857143,717.1428571428572,1445.7142857142858,21.52292300332132,22154261.170839477
764.2857142857143,717.1428571428572,1611.4285714285716,21.16603264756961,21798883.30122391
764.2857142857143,717.1428571428572,1777.1428571428573,20.84644500322943,21496795.675177604
764.2857142857143,717.1428571428572,1942.857142857143,20.559869476380875,21234575.05574069
764.2857142857143,717.1428571428572,2108.5714285714284,20.30233389909847,21003406.67223651
764.2857142857143,717.1428571428572,2274.285714285714,20.070276184562008,20797207.559889212
764.2857142857143,717.1428571428572,2440.0,19.860559867431608,20611594.460182834
764.2857142857143,717.1428571428572,2605.714285714286,19.670452010562464,20443289.911468443
764.2857142857143,717.1428571428572,2771.4285714285716,19.497584797672154,20289765.848482743
764.2857142857143,717.1428571428572,2937.1428571428573,19.339912178940445,20149021.164336704
764.2857142857143,717.1428571428572,3102.857142857143,19.19566732004329,20019437.677197725
764.2857142857143,717.1428571428572,3268.571428571429,19.063323508524956,19899683.60870376
764.2857142857143,717.1428571428572,3434.2857142857147,18.94155950945494,19788646.816541523
764.2857142857143,717.1428571428572,3600.0,18.829229504764307,19685387.250223797
764.2857142857143,764.2857142857143,120.0,25.863237302895275,68595348.22282542
764.2857142857143,764.2857142857143,285.7142857142857,25.227629332152375,37459719.96434017
764.2857142857143,764.2857142857143,451.42857142857144,24.607765911604066,30118823.4085653
764.2857142857143,764.2857142857143,617.1428571428571,24.000735365416848,27013963.409867186
764.2857142857143,764.2857142857143,782.8571428571429,23.424466846614457,25341526.334809832
764.2857142857143,764.2857142857143,948.5714285714287,22.890753009774603,24297015.73910288
764.2857142857143,764.2857142857143,1114.2857142857142,22.404513125794917,23572624.573048174
764.2857142857143,764.2857142857143,1280.0,21.96583436954564,23030186.11232723
764.2857142857143,764.2857142857143,1445.7142857142858,21.572070197669035,22600635.894837797
764.2857142857143,764.2857142857143,1611.4285714285716,21.219309211459016,22246451.217182726
764.2857142857143,764.2857142857143,1777.1428571428573,20.903253292185397,21945759.27821269
764.2857142857143,764.2857142857143,1942.857142857143,20.61969059889729,21684993.236375183
764.2857142857143,764.2857142857143,2108.5714285714284,20.36472292231274,21455258.325472508
764.2857142857143,764.2857142857143,2274.285714285714,20.13485428636992,21250428.704053648
764.2857142857143,764.2857142857143,2440.0,19.927005685939328,21066100.021642476
764.2857142857143,764.2857142857143,2605.714285714286,19.73849330871422,20898986.47092515
764.2857142857143,764.2857142857143,2771.4285714285716,19.566990934234912,20746558.994570978
764.2857142857143,764.2857142857143,2937.1428571428573,19.410487545386225,20606819.607009776
764.2857142857143,764.2857142857143,3102.857142857143,19.267245737087293,20478155.41063468
764.2857142857143,764.2857142857143,3268.571428571429,19.13576350081799,20359240.9050854
764.2857142857143,764.2857142857143,3434.2857142857147,19.014740349484935,20248970.5276987
764.2857142857143,764.2857142857143,3600.0,18.90304791369691,20146410.709610853
764.2857142857143,811.4285714285714,120.0,25.861968250017323,69321002.12464532
764.2857142857143,811.4285714285714,285.7142857142857,25.23124988465293,37999014.12335871
764.2857142857143,811.4285714285714,451.42857142857144,24.6178705236092,30598253.526783213
764.2857142857143,811.4285714285714,617.1428571428571,24.01782939625504,27468564.768301718
764.2857142857143,811.4285714285714,782.8571428571429,23.448500963582926,25784720.187395103
764.2857142857143,811.4285714285714,948.5714285714287,22.921298183445916,24735050.414414115
764.2857142857143,811.4285714285714,1114.2857142857142,22.440941840389165,24008688.885371234
764.2857142857143,811.4285714285714,1280.0,22.00745388537424,23465969.335421193
764.2857142857143,811.4285714285714,1445.7142857142858,21.618201998693923,23037033.199426852
764.2857142857143,811.4285714285714,1611.4285714285716,21.26932903329456,22683918.898969837
764.2857142857143,811.4285714285714,1777.1428571428573,20.956606881326984,22384505.87074022
764.2857142857143,811.4285714285714,1942.857142857143,20.67589606525754,22125086.679251093
764.2857142857143,811.4285714285714,2108.5714285714284,20.423366420765987,21896687.649102345
764.2857142857143,811.4285714285714,2274.285714285714,20.195582877275324,21693140.093220405
764.2857142857143,811.4285714285714,2440.0,19.989519438424853,21510018.051363166
764.2857142857143,811.4285714285714,2605.714285714286,19.802537674887844,21344026.596092846
764.2857142857143,811.4285714285714,2771.4285714285716,19.632349848856958,21192634.81247615
764.2857142857143,811.4285714285714,2937.1428571428573,19.47697740124873,21053846.970579833
764.2857142857143,811.4285714285714,3102.857142857143,19.33471023368303,20926054.638401613
764.2857142857143,811.4285714285714,3268.571428571429,19.20406929413002,20807937.843914606
764.2857142857143,811.4285714285714,3434.2857142857147,19.083773404887935,20698396.93090729
764.2857142857143,811.4285714285714,3600.0,18.97271046036032,20596504.21503279
764.2857142857143,858.5714285714287,120.0,25.860893183481775,70030211.97020376
764.2857142857143,858.5714285714287,285.7142857142857,25.234752015105087,38527506.74541826
764.2857142857143,858.5714285714287,451.42857142857144,24.627468221813533,31068176.51241336
764.2857142857143,858.5714285714287,617.1428571428571,24.033986796267243,27914127.097132593
764.2857142857143,858.5714285714287,782.8571428571429,23.47116787444273,26219031.49962064
764.2857142857143,858.5714285714287,948.5714285714287,22.950074080597428,25164213.025719374
764.2857142857143,858.5714285714287,1114.2857142857142,22.47524326738168,24435819.86965714
764.2857142857143,858.5714285714287,1280.0,22.046637246556056,23892724.691460658
764.2857142857143,858.5714285714287,1445.7142857142858,21.66163674516766,23464295.71395068
764.2857142857143,858.5714285714287,1611.4285714285716,21.31643457953548,23112143.806869257
764.2857142857143,858.5714285714287,1777.1428571428573,21.006867195206773,22813906.55148664
764.2857142857143,858.5714285714287,1942.857142857143,20.728861912320035,22555738.733893003
764.2857142857143,858.5714285714287,2108.5714285714284,20.478651451617292,22328588.837197956
764.2857142857143,858.5714285714287,2274.285714285714,20.252857098427,22126245.432526108
764.2857142857143,858.5714285714287,2440.0,20.048501967581824,21944260.546948433
764.2857142857143,858.5714285714287,2605.714285714286,19.86298973049153,21779329.48774582
764.2857142857143,858.5714285714287,2771.4285714285716,19.694068396102175,21628918.745612025
764.2857142857143,858.5714285714287,2937.1428571428573,19.539789596329395,21491034.101259585
764.2857142857143,858.5714285714287,3102.857142857143,19.39846866684406,21364070.878980134
764.2857142857143,858.5714285714287,3268.571428571429,19.268647967220783,21246713.982383043
764.2857142857143,858.5714285714287,3434.2857142857147,19.149064354738673,21137869.07342843
764.2857142857143,858.5714285714287,3600.0,19.038620935516498,21036613.828941867
764.2857142857143,905.7142857142858,120.0,25.859988811703186,70724118.00345491
764.2857142857143,905.7142857142858,285.7142857142857,25.238141395315683,39046004.08520487
764.2857142857143,905.7142857142858,451.42857142857144,24.636604100883105,31529315.05555385
764.2857142857143,905.7142857142858,617.1428571428571,24.04929748375862,28351344.7412604
764.2857142857143,905.7142857142858,782.8571428571429,23.492602774951138,26645148.861636125
764.2857142857143,905.7142857142858,948.5714285714287,22.977258007357662,25585197.388706498
764.2857142857143,905.7142857142858,1114.2857142857142,22.507631736376265,24854721.836962365
764.2857142857143,905.7142857142858,1280.0,22.083630100507584,24311169.120266967
764.2857142857143,905.7142857142858,1445.7142857142858,21.702645854694666,23883153.403243672
764.2857142857143,905.7142857142858,1611.4285714285716,21.360918029378993,23531868.404418126
764.2857142857143,905.7142857142858,1777.1428571428573,21.054342842430213,23234715.310059797
764.2857142857143,905.7142857142858,1942.857142857143,20.77890952797306,22977713.76982462
764.2857142857143,905.7142857142858,2108.5714285714284,20.530909157187985,22751735.470281087
764.2857142857143,905.7142857142858,2274.285714285714,20.307015366694515,22550526.400423143
764.2857142857143,905.7142857142858,2440.0,20.104296946198723,22369616.264368277
764.2857142857143,905.7142857142858,2605.714285714286,19.920196769163336,22205690.0648127
764.2857142857143,905.7142857142858,2771.4285714285716,19.752496170913574,22056211.067534436
764.2857142857143,905.7142857142858,2937.1428571428573,19.59927496520388,21919185.918962643
764.2857142857143,905.7142857142858,3102.857142857143,19.458872259068674,21793013.08133067
764.2857142857143,905.7142857142858,3268.571428571429,19.329850449417176,21676381.762113728
764.2857142857143,905.7142857142858,3434.2857142857147,19.210963292627746,21568202.424206816
764.2857142857143,905.7142857142858,3600.0,19.10112816692089,21467557.644107006
764.2857142857143,952.8571428571429,120.0,25.859235661889112,71403720.89262299
764.2857142857143,952.8571428571429,285.7142857142857,25.241423637605084,39555212.69908351
764.2857142857143,952.8571428571429,451.42857142857144,24.64531760472784,31982302.288963426
764.2857142857143,952.8571428571429,617.1428571428571,24.06383922641477,28780825.771236744
764.2857142857143,952.8571428571429,782.8571428571429,23.5129221021597,27063674.9683022
764.2857142857143,952.8571428571429,948.5714285714287,23.003002387693467,25998610.367535174
764.2857142857143,952.8571428571429,1114.2857142857142,22.538291370706776,25266010.413734812
764.2857142857143,952.8571428571429,1280.0,22.118643463578806,24721928.895960275
764.2857142857143,952.8571428571429,1445.7142857142858,21.74146256017977,24294243.57624424
764.2857142857143,952.8571428571429,1611.4285714285716,21.40303060454054,23943740.624580592
764.2857142857143,952.8571428571429,1777.1428571428573,21.099299370256396,23647589.9033373
764.2857142857143,952.8571428571429,1942.857142857143,20.8263156920009,23391678.41264354
764.2857142857143,952.8571428571429,2108.5714285714284,20.580424980471292,23166802.062272985
764.2857142857143,952.8571428571429,2274.285714285714,20.358349676224833,22966664.461746316
764.2857142857143,952.8571428571429,2440.0,20.15720119526455,22786772.75732266
764.2857142857143,952.8571428571429,2605.714285714286,19.97445903747552,22623801.195256565
764.2857142857143,952.8571428571429,2771.4285714285716,19.807935710471472,22475209.274306238
764.2857142857143,952.8571428571429,2937.1428571428573,19.65573741876862,22339003.945405893
764.2857142857143,952.8571428571429,3102.857142857143,19.516225556030946,22213586.266752906
764.2857142857143,952.8571428571429,3268.571428571429,19.38798132716876,22097649.246062536
764.2857142857143,952.8571428571429,3434.2857142857147,19.269774369740272,21990107.689892925
764.2857142857143,952.8571428571429,3600.0,19.16053549046637,21890048.665220477
764.2857142857143,1000.0,120.0,25.858617316159076,72069904.97349939
764.2857142857143,1000.0,285.7142857142857,25.244604190850794,40055756.02794947
764.2857142857143,1000.0,451.42857142857144,24.65364342447517,32427696.679471657
764.2857142857143,1000.0,617.1428571428571,24.07767972708809,29203106.344117973
764.2857142857143,1000.0,782.8571428571429,23.532226834571777,27475140.952573538
764.2857142857143,1000.0,948.5714285714287,23.0274391852594,26404986.432350706
764.2857142857143,1000.0,1114.2857142857142,22.5673814749375,25670227.44056673
764.2857142857143,1000.0,1280.0,22.151859898302252,25125554.906546637
764.2857142857143,1000.0,1445.7142857142858,21.778288706997476,24698126.542733368
764.2857142857143,1000.0,1611.4285714285716,21.44298983506043,24348329.877722982
764.2857142857143,1000.0,1777.1428571428573,21.141966870506632,24053108.17905375
764.2857142857143,1000.0,1942.857142857143,20.871320416104034,23798218.14498429
764.2857142857143,1000.0,2108.5714285714284,20.627446653600412,23574380.901763126
764.2857142857143,1000.0,2274.285714285714,20.407113667109332,23375257.915199406
764.2857142857143,1000.0,2440.0,20.207472779064105,23196333.60054577
764.2857142857143,1000.0,2605.714285714286,20.02603781450202,23034271.06858625
764.2857142857143,1000.0,2771.4285714285716,19.860650525804314,22886525.583191242
764.2857142857143,1000.0,2937.1428571428573,19.70944190308996,22751103.90920746
764.2857142857143,1000.0,3102.857142857143,19.570794293932376,22626409.223471455
764.2857142857143,1000.0,3268.571428571429,19.443306605980737,22511137.888159197
764.2857142857143,1000.0,3434.2857142857147,19.325763441258076,22404208.647240885
764.2857142857143,1000.0,3600.0,19.217108273949403,22304712.693575896
800.0,10.0,120.0,26.02245909382072,51892280.64737426
800.0,10.0,285.7142857142857,25.190537054801755,25158554.103982456
800.0,10.0,451.42857142857144,24.2706563526957,19122702.87777319
800.0,10.0,617.1428571428571,23.310360450913066,16519338.424299967
800.0,10.0,782.8571428571429,22.37366215652008,15024666.695753833
800.0,10.0,948.5714285714287,21.507195081862868,14002069.668363195
800.0,10.0,1114.2857142857142,20.73436979896712,13222687.86599821
800.0,10.0,1280.0,20.060820565556913,12590169.287821429
800.0,10.0,1445.7142857142858,19.48173941723506,12058154.91469806
800.0,10.0,1611.4285714285716,18.98742802351069,11601187.589319808
800.0,10.0,1777.1428571428573,18.56667635613109,11203440.286986994
800.0,10.0,1942.857142857143,18.208541940537707,10854019.60477258
800.0,10.0,2108.5714285714284,17.90314970007285,10544860.358811485
800.0,10.0,2274.285714285714,17.641954049635114,10269698.807208374
800.0,10.0,2440.0,17.41773252411287,10023521.228004096
800.0,10.0,2605.714285714286,17.224461365938804,9802236.514319818
800.0,10.0,2771.4285714285716,17.057151641690268,9602463.160202919
800.0,10.0,2937.1428571428573,16.91168404714618,9421380.171378536
800.0,10.0,3102.857142857143,16.78465896684666,9256617.087836012
800.0,10.0,3268.571428571429,16.673267360862848,9106169.929425752
800.0,10.0,3434.2857142857147,16.575182791839552,8968335.43468062
800.0,10.0,3600.0,16.48847264094979,8841658.80207986
800.0,57.142857142857146,120.0,25.950836110343417,54723845.4582311
800.0,57.142857142857146,285.7142857142857,25.149703919558725,27143808.879043266
800.0,57.142857142857146,451.42857142857144,24.290800021321907,20877833.822219852
800.0,57.142857142857146,617.1428571428571,23.40955057865817,18190668.607174505
800.0,57.142857142857146,782.8571428571429,22.555211203193423,16673630.415595705
800.0,57.142857142857146,948.5714285714287,21.762549638854367,15658982.93604195
800.0,57.142857142857146,1114.2857142857142,21.04871545577067,14901793.268592704
800.0,57.142857142857146,1280.0,20.417723183869803,14296705.000206187
800.0,57.142857142857146,1445.7142857142858,19.865886958382788,13792485.729788385
800.0,57.142857142857146,1611.4285714285716,19.38584066199798,13361268.762682647
800.0,57.142857142857146,1777.1428571428573,18.968987556071927,12986228.380932981
800.0,57.142857142857146,1942.857142857143,18.60681576710925,12656234.639719138
800.0,57.142857142857146,2108.5714285714284,18.29151681118245,12363366.809506333
800.0,57.142857142857146,2274.285714285714,18.016214231970633,12101672.818932831
800.0,57.142857142857146,2440.0,17.77499065085306,11866503.542177504
800.0,57.142857142857146,2605.714285714286,17.562820351733993,11654127.90344195
800.0,57.142857142857146,2771.4285714285716,17.375465070074895,11461493.694641992
800.0,57.142857142857146,2937.1428571428573,17.2093623351655,11286068.97382433
800.0,57.142857142857146,3102.857142857143,17.061520162052087,11125731.014869416
800.0,57.142857142857146,3268.571428571429,16.929423660508046,10978685.128679615
800.0,57.142857142857146,3434.2857142857147,16.810954962803383,10843403.339081042
800.0,57.142857142857146,3600.0,16.704325901684484,10718576.902867684
800.0,104.28571428571429,120.0,25.922268608220875,56575723.9729183
800.0,104.28571428571429,285.7142857142857,25.14665221675415,28459277.57865738
800.0,104.28571428571429,451.42857142857144,24.328971694094307,22043395.430352528
800.0,104.28571428571429,617.1428571428571,23.497671528861538,19300219.345578093
800.0,104.28571428571429,782.8571428571429,22.694741262983314,17765422.86155522
800.0,104.28571428571429,948.5714285714287,21.949336157659925,16751583.734128458
800.0,104.28571428571429,1114.2857142857142,21.275606182118796,16004185.27000315
800.0,104.28571428571429,1280.0,20.6766638749922,15412673.803533556
800.0,104.28571428571429,1445.7142857142858,20.149175065585844,14922989.842170903
800.0,104.28571428571429,1611.4285714285716,19.686713811907982,14505800.60117232
800.0,104.28571428571429,1777.1428571428573,19.281803364724254,14143592.100104114
800.0,104.28571428571429,1942.857142857143,18.927018324805506,13824978.11929554
800.0,104.28571428571429,2108.5714285714284,18.61551022292198,13542011.15248287
800.0,104.28571428571429,2274.285714285714,18.34120868923394,13288825.947518911
800.0,104.28571428571429,2440.0,18.0988528805117,13060909.211499713
800.0,104.28571428571429,2605.714285714286,17.88394166705069,12854679.939963916
800.0,104.28571428571429,2771.4285714285716,17.692650728987015,12667232.442729456
800.0,104.28571428571429,2937.1428571428573,17.521741468332927,12496169.433675464
800.0,104.28571428571429,3102.857142857143,17.368473754955154,12339487.833857898
800.0,104.28571428571429,3268.571428571429,17.23052761131365,12195497.151596049
800.0,104.28571428571429,3434.2857142857147,17.105935372346572,12062759.046253514
800.0,104.28571428571429,3600.0,16.99302411762212,11940041.3083467
800.0,151.42857142857144,120.0,25.904978791384583,58106278.70131953
800.0,151.42857142857144,285.7142857142857,25.14984620784969,29553409.141989868
800.0,151.42857142857144,451.42857142857144,24.363148783337028,23013520.93296733
800.0,151.42857142857144,617.1428571428571,23.56834689668098,20223089.340417493
800.0,151.42857142857144,782.8571428571429,22.802699254924413,18671702.38121811
800.0,151.42857142857144,948.5714285714287,22.091791909657516,17655979.97692069
800.0,151.42857142857144,1114.2857142857142,21.44786944511694,16913910.095675267
800.0,151.42857142857144,1280.0,20.87344982495931,16330968.367785044
800.0,151.42857142857144,1445.7142857142858,20.365388514326888,15850941.701467987
800.0,151.42857142857144,1611.4285714285716,19.917824682691325,15443357.97829693
800.0,151.42857142857144,1777.1428571428573,19.523970545989233,15090138.71109035
800.0,151.42857142857144,1942.857142857143,19.17708015199068,14779655.170321032
800.0,151.42857142857144,2108.5714285714284,18.870914705451273,14503892.841238696
800.0,151.42857142857144,2274.285714285714,18.599923787262362,14257010.772557486
800.0,151.42857142857144,2440.0,18.35927694661007,14034563.612344474
800.0,151.42857142857144,2605.714285714286,18.144822848224237,13833055.521386724
800.0,151.42857142857144,2771.4285714285716,17.95301821437262,13649669.032730471
800.0,151.42857142857144,2937.1428571428573,17.780848612344073,13482090.953892792
800.0,151.42857142857144,3102.857142857143,17.625751882688608,13328394.897009464
800.0,151.42857142857144,3268.571428571429,17.485548918293592,13186958.531254444
800.0,151.42857142857144,3434.2857142857147,17.358383328594417,13056403.15059611
800.0,151.42857142857144,3600.0,17.24266994954973,12935548.21505473
800.0,198.57142857142858,120.0,25.893068222974083,59456009.19491429
800.0,198.57142857142858,285.7142857142857,25.154949062478373,30522600.991005063
800.0,198.57142857142858,451.42857142857144,24.393046249038157,23873056.50739609
800.0,198.57142857142858,617.1428571428571,23.626940680791066,21040196.84412957
800.0,198.57142857142858,782.8571428571429,22.89045738549424,19472913.522492416
800.0,198.57142857142858,948.5714285714287,22.206633320725675,18453921.769153077
800.0,198.57142857142858,1114.2857142857142,21.58635457009204,17714829.483411435
800.0,198.57142857142858,1280.0,21.03170676302997,17137787.710223034
800.0,198.57142857142858,1445.7142857142858,20.539667215310626,16664786.103302991
800.0,198.57142857142858,1611.4285714285716,20.104765440680005,16264390.343962312
800.0,198.57142857142858,1777.1428571428573,19.720696468442927,15918029.315126978
800.0,198.57142857142858,1942.857142857143,19.381195460452442,15613845.689911177
800.0,198.57142857142858,2108.5714285714284,19.080459562552978,15343742.46616552
800.0,198.57142857142858,2274.285714285714,18.81331382311919,15101874.525401687
800.0,198.57142857142858,2440.0,18.575241766909414,14883831.95127484
800.0,198.57142857142858,2605.714285714286,18.362349958499763,14686172.117747463
800.0,198.57142857142858,2771.4285714285716,18.171304644594432,14506136.512871679
800.0,198.57142857142858,2937.1428571428573,17.999260478676216,14341470.247180764
800.0,198.57142857142858,3102.857142857143,17.843791212805677,14190301.412063211
800.0,198.57142857142858,3268.571428571429,17.70282674240195,14051056.97319786
800.0,198.57142857142858,3434.2857142857147,17.574597999068214,13922401.974113507
800.0,198.57142857142858,3600.0,17.457589738669686,13803194.23597235
800.0,245.71428571428572,120.0,25.88429420513686,60684384.80114008
800.0,245.71428571428572,285.7142857142857,25.160674485391237,31407926.466963917
800.0,245.71428571428572,451.42857142857144,24.419398341314977,24658267.753337745
800.0,245.71428571428572,617.1428571428571,23.67686632938854,21786202.971000317
800.0,245.71428571428572,782.8571428571429,22.964251463828223,20203554.4808858
800.0,245.71428571428572,948.5714285714287,22.302645888393677,19180483.49089009
800.0,245.71428571428572,1114.2857142857142,21.701900874773784,18442931.27040596
800.0,245.71428571428572,1280.0,21.163768515024945,17870131.95195463
800.0,245.71428571428572,1445.7142857142858,20.68531220451286,17402503.059167266
800.0,245.71428571428572,1611.4285714285716,20.261352527909686,17007761.909680013
800.0,245.71428571428572,1777.1428571428573,19.88594827552436,16666893.251678992
800.0,245.71428571428572,1942.857142857143,19.553199818590613,16367823.302067308
800.0,245.71428571428572,2108.5714285714284,19.25763757056122,16102365.865406904
800.0,245.71428571428572,2274.285714285714,18.994375672323844,15864656.233404746
800.0,245.71428571428572,2440.0,18.759141177106137,15650301.399788704
800.0,245.71428571428572,2605.714285714286,18.548242211852706,15455893.27443166
800.0,245.71428571428572,2771.4285714285716,18.35851007828872,15278714.90194848
800.0,245.71428571428572,2937.1428571428573,18.187233732697695,15116554.16564105
800.0,245.71428571428572,3102.857142857143,18.032095815698725,14967580.116164697
800.0,245.71428571428572,3268.571428571429,17.891114348190893,14830257.424107665
800.0,245.71428571428572,3434.2857142857147,17.762591538424033,14703285.037292168
800.0,245.71428571428572,3600.0,17.64506979714664,14585550.823339839
800.0,292.8571428571429,120.0,25.8775598220793,61823391.84689292
800.0,292.8571428571429,285.7142857142857,25.166534332057118,32231591.910917997
800.0,292.8571428571429,451.42857142857144,24.44287899895194,25388813.1693609
800.0,292.8571428571429,617.1428571428571,23.720292652744767,22479923.52472952
800.0,292.8571428571429,782.8571428571429,23.027814068830697,20882357.48495292
800.0,292.8571428571429,948.5714285714287,22.384985781179015,19854700.452128623
800.0,292.8571428571429,1114.2857142857142,21.800835725007644,19117731.338135265
800.0,292.8571428571429,1280.0,21.276848211145552,18548051.862277795
800.0,292.8571428571429,1445.7142857142858,20.81015125876569,18084664.512529343
800.0,292.8571428571429,1611.4285714285716,20.395793489978637,17694518.727019265
800.0,292.8571428571429,1777.1428571428573,20.02812094409924,17358190.70673732
800.0,292.8571428571429,1942.857142857143,19.701524061728062,17063400.6434963
800.0,292.8571428571429,2108.5714285714284,19.410799412430848,16801870.31916444
800.0,292.8571428571429,2274.285714285714,19.151293295755032,16567706.263921324
800.0,292.8571428571429,2440.0,18.918929447828393,16356520.743966332
800.0,292.8571428571429,2605.714285714286,18.7101797430122,16164928.177275777
800.0,292.8571428571429,2771.4285714285716,18.522010388587596,15990241.78531634
800.0,292.8571428571429,2937.1428571428573,18.351820804279246,15830281.949378671
800.0,292.8571428571429,3102.857142857143,18.197383778404497,15683249.651202124
800.0,292.8571428571429,3268.571428571429,18.05679078867395,15547639.463818727
800.0,292.8571428571429,3434.2857142857147,17.92840388052135,15422177.564928483
800.0,292.8571428571429,3600.0,17.810814229632232,15305776.194782995
800.0,340.0,120.0,25.872247902791816,62892660.44870474
800.0,340.0,285.7142857142857,25.172321467059053,33007278.351559322
800.0,340.0,451.42857142857144,24.46401427892873,26076828.4637621
800.0,340.0,617.1428571428571,23.75866874332257,23132984.545556262
800.0,340.0,782.8571428571429,23.08355466307446,21520894.837280832
800.0,340.0,948.5714285714287,22.45694101392701,20488321.946049575
800.0,340.0,1114.2857142857142,21.88717996955802,19751262.47695319
800.0,340.0,1280.0,21.375534568938455,19183897.67076393
800.0,340.0,1445.7142857142858,20.91918347012876,18723931.912669726
800.0,340.0,1611.4285714285716,20.51336028095656,18337607.297844753
800.0,340.0,1777.1428571428573,20.152645533402254,18005119.054616105
800.0,340.0,1942.857142857143,19.831667571695025,17713990.361155856
800.0,340.0,2108.5714285714284,19.54544222803227,17455850.074599683
800.0,340.0,2274.285714285714,19.289507916625976,17224770.194467064
800.0,340.0,2440.0,19.059951881525034,17016360.47464502
800.0,340.0,2605.714285714286,18.85338277055923,16827249.589657065
800.0,340.0,2771.4285714285716,18.66688002471275,16654773.013200851
800.0,340.0,2937.1428571428573,18.49793624969343,16496776.392987128
800.0,340.0,3102.857142857143,18.344400678309004,16351486.23421227
800.0,340.0,3268.571428571429,18.20442741560961,16217421.435467456
800.0,340.0,3434.2857142857147,18.076429808942223,16093330.604037369
800.0,340.0,3600.0,17.95904108749752,15978146.249113241
800.0,387.14285714285717,120.0,25.86797808580291,63905304.13493964
800.0,387.14285714285717,285.7142857142857,25.17794497128354,33744150.880316086
800.0,387.14285714285717,451.42857142857144,24.48320685966964,26730455.69454843
800.0,387.14285714285717,617.1428571428571,23.793008465194017,23753190.349674024
800.0,387.14285714285717,782.8571428571429,23.13312025565997,22126931.596430313
800.0,387.14285714285717,948.5714285714287,22.520739820800813,21089223.923101906
800.0,387.14285714285717,1114.2857142857142,21.963651562675462,20351581.21074834
800.0,387.14285714285717,1280.0,21.462931638094474,19785929.520983737
800.0,387.14285714285717,1445.7142857142858,21.015799674573966,19328766.227305897
800.0,387.14285714285717,1611.4285714285716,20.617643292393897,18945673.64313998
800.0,387.14285714285717,1777.1428571428573,20.263239264478425,18616488.222604234
800.0,387.14285714285717,1942.857142857143,19.947415802709738,18328543.992359206
800.0,387.14285714285717,2108.5714285714284,19.665373629045778,18073377.009686355
800.0,387.14285714285717,2274.285714285714,19.412813762335304,17845020.98872411
800.0,387.14285714285717,2440.0,19.18596236993839,17639077.730769016
800.0,387.14285714285717,2605.714285714286,18.981544766612586,17452184.24666746
800.0,387.14285714285717,2771.4285714285716,18.796737372641623,17281692.491994157
800.0,387.14285714285717,2937.1428571428573,18.629112935953586,17125468.061562944
800.0,387.14285714285717,3102.857142857143,18.47658671575285,16981758.233951513
800.0,387.14285714285717,3268.571428571429,18.33736714883409,16849102.072419636
800.0,387.14285714285717,3434.2857142857147,18.20991229257832,16726267.01235523
800.0,387.14285714285717,3600.0,18.092892199759167,16612202.737640219
800.0,434.28571428571433,120.0,25.864500318727703,64870619.82734425
800.0,434.28571428571433,285.7142857142857,25.183366913095107,34448719.86164164
800.0,434.28571428571433,451.42857142857144,24.50076749770955,27355484.8655576
800.0,434.28571428571433,617.1428571428571,23.82404860321655,24346092.33318459
800.0,434.28571428571433,782.8571428571429,23.177687377370624,22705988.309258852
800.0,434.28571428571433,948.5714285714287,22.57796349620927,21663000.024478678
800.0,434.28571428571433,1114.2857142857142,22.032175509043554,20924402.758191343
800.0,434.28571428571433,1280.0,21.541238996667683,20360000.792974155
800.0,434.28571428571433,1445.7142857142858,21.10240756720244,19905157.89446173
800.0,434.28571428571433,1611.4285714285716,20.71119968062326,19524835.1920427
800.0,434.28571428571433,1777.1428571428573,20.362559544451138,19198528.751343984
800.0,434.28571428571433,1942.857142857143,20.051486458775283,18913390.37738251
800.0,434.28571428571433,2108.5714285714284,19.773339911479987,18660864.02093038
800.0,434.28571428571433,2274.285714285714,19.523960996658765,18434942.62201758
800.0,434.28571428571433,2440.0,19.299695947983427,18231216.10479732
800.0,434.28571428571433,2605.714285714286,19.097371249421546,18046325.424760714
800.0,434.28571428571433,2771.4285714285716,18.914247707534308,17877634.674667247
800.0,434.28571428571433,2937.1428571428573,18.74796805198985,17723025.35167964
800.0,434.28571428571433,3102.857142857143,18.596505406408262,17580761.86907524
800.0,434.28571428571433,3268.571428571429,18.458116000215906,17449400.248298
800.0,434.28571428571433,3434.2857142857147,18.33129737032977,17327723.963227805
800.0,434.28571428571433,3600.0,18.214752213566907,17214697.464841574
800.0,481.42857142857144,120.0,25.861642061276743,65795495.796722636
800.0,481.42857142857144,285.7142857142857,25.188574979918485,35125815.050297774
800.0,481.42857142857144,451.42857142857144,24.516939551116028,27956214.69431195
800.0,481.42857142857144,617.1428571428571,23.852341447690513,24915812.486647777
800.0,481.42857142857144,782.8571428571429,23.218126224681622,23262161.64580671
800.0,481.42857142857144,948.5714285714287,22.62977547960092,22213796.97684824
800.0,481.42857142857144,1114.2857142857142,22.09416583470983,21473959.229290474
800.0,481.42857142857144,1280.0,21.612072964910073,20910441.436353862
800.0,481.42857142857144,1445.7142857142858,21.180779229081175,20457534.47569914
800.0,481.42857142857144,1611.4285714285716,20.795916051100793,20079610.410814982
800.0,481.42857142857144,1777.1428571428573,20.452572726028365,19755840.485218342
800.0,481.42857142857144,1942.857142857143,20.14589722510483,19473200.448816553
800.0,481.42857142857144,2108.5714285714284,19.87138737552751,19223043.15791036
800.0,481.42857142857144,2274.285714285714,19.625006662172087,18999319.121605236
800.0,481.42857142857144,2440.0,19.403206523804215,18797603.48821932
800.0,481.42857142857144,2605.714285714286,19.20290234876789,18614537.815222822
800.0,481.42857142857144,2771.4285714285716,19.02142932022326,18447494.97502319
800.0,481.42857142857144,2937.1428571428573,18.856492036297322,18294369.21082079
800.0,481.42857142857144,3102.857142857143,18.70611493595307,18153439.21087234
800.0,481.42857142857144,3268.571428571429,18.568596767346936,18023275.42044173
800.0,481.42857142857144,3434.2857142857147,18.44247030529544,17902675.13648635
800.0,481.42857142857144,3600.0,18.32646748131677,17790615.65704539
800.0,528.5714285714286,120.0,25.859279675629782,66685212.45556001
800.0,528.5714285714286,285.7142857142857,25.193569603283333,35779141.447414756
800.0,528.5714285714286,451.42857142857144,24.531916578653345,28535944.594894182
800.0,528.5714285714286,617.1428571428571,23.878311726257106,25465514.503706757
800.0,528.5714285714286,782.8571428571429,23.255098783018763,23798593.933741607
800.0,528.5714285714286,948.5714285714287,22.677056995608517,22744792.4180975
800.0,528.5714285714286,1114.2857142857142,22.150692098386607,22003490.25315626
800.0,528.5714285714286,1280.0,21.676656459720203,21440562.740383547
800.0,528.5714285714286,1445.7142857142858,21.252257164537,20989279.155038897
800.0,528.5714285714286,1611.4285714285716,20.873224466677538,20613449.7595166
800.0,528.5714285714286,1777.1428571428573,20.534774992615052,20291934.387699418
800.0,528.5714285714286,1942.857142857143,20.232187509698953,20011538.26884928
800.0,528.5714285714286,2108.5714285714284,19.961081841929754,19763524.35266861
800.0,528.5714285714286,2274.285714285714,19.7175296683784,19541799.626281306
800.0,528.5714285714286,2440.0,19.498075661017857,19341922.283206567
800.0,528.5714285714286,2605.714285714286,19.29971419637154,19160531.886486966
800.0,528.5714285714286,2771.4285714285716,19.119846710633983,18995007.438976835
800.0,528.5714285714286,2937.1428571428573,18.956233059768202,18843253.415153936
800.0,528.5714285714286,3102.857142857143,18.806943639725073,18703560.483911756
800.0,528.5714285714286,3268.571428571429,18.6703153833955,18574511.469947174
800.0,528.5714285714286,3434.2857142857147,18.544912801553384,18454915.6981155
800.0,528.5714285714286,3600.0,18.429494231643332,18343761.751601517
800.0,575.7142857142858,120.0,25.85732183606219,67543928.85170631
800.0,575.7142857142858,285.7142857142857,25.198357536024847,36411617.969242215
800.0,575.7142857142858,451.42857142857144,24.545854811055243,29097274.860087972
800.0,575.7142857142858,617.1428571428571,23.902293137436182,25997691.428475395
800.0,575.7142857142858,782.8571428571429,23.28912047391511,24317759.84526237
800.0,575.7142857142858,948.5714285714287,22.72049164002884,23258486.517658006
800.0,575.7142857142858,1114.2857142857142,22.20258301024297,22515542.234493792
800.0,575.7142857142858,1280.0,21.73593721956404,21952965.0482851
800.0,575.7142857142858,1445.7142857142858,21.317882909232846,21503046.690805472
800.0,575.7142857142858,1611.4285714285716,20.944237758311633,21129059.14755331
800.0,575.7142857142858,1777.1428571428573,20.61033133515228,20809562.566007487
800.0,575.7142857142858,1942.857142857143,20.31155867180888,20531196.65998713
800.0,575.7142857142858,2108.5714285714284,20.043648264126624,20285135.751704734
800.0,575.7142857142858,2274.285714285714,19.80276837540215,20065242.610518917
800.0,575.7142857142858,2440.0,19.585547089971005,19867056.815976955
800.0,575.7142857142858,2605.714285714286,19.389049611979583,19687213.88683105
800.0,575.7142857142858,2771.4285714285716,19.210736923084337,19523096.83034218
800.0,575.7142857142858,2937.1428571428573,19.048418659774242,19372618.314220194
800.0,575.7142857142858,3102.857142857143,18.90020671911995,19234079.11579795
800.0,575.7142857142858,3268.571428571429,18.764472600950057,19106072.762166653
800.0,575.7142857142858,3434.2857142857147,18.639809616983438,18987419.127105363
800.0,575.7142857142858,3600.0,18.525000129648898,18877116.78738421
800.0,622.8571428571429,120.0,25.855699379096478,68374993.96133299
800.0,622.8571428571429,285.7142857142857,25.202948516247904,37025594.70148156
800.0,622.8571428571429,451.42857142857144,24.55888205400808,29642299.4653542
800.0,622.8571428571429,617.1428571428571,23.924552663482938,26514350.5095715
800.0,622.8571428571429,782.8571428571429,23.32060050318518,24821650.614252582
800.0,622.8571428571429,948.5714285714287,22.760620409036495,23756889.267297927
800.0,622.8571428571429,1114.2857142857142,22.250493726261556,23012160.42458724
800.0,622.8571428571429,1280.0,21.790664625400687,22449735.138911705
800.0,622.8571428571429,1445.7142857142858,21.37848075858715,22000965.98633369
800.0,622.8571428571429,1611.4285714285716,21.00983786933604,21628607.248123836
800.0,622.8571428571429,1777.1428571428573,20.680166611822948,21310929.754913017
800.0,622.8571428571429,1942.857142857143,20.38496627630738,21034412.262426842
800.0,622.8571428571429,2108.5714285714284,20.120062991603824,20790141.784428656
800.0,622.8571428571429,2274.285714285714,19.88171196134993,20571936.458868455
800.0,622.8571428571429,2440.0,19.66661650201736,20375315.976596728
800.0,622.8571428571429,2605.714285714286,19.471905828684847,20196910.172225207
800.0,622.8571428571429,2771.4285714285716,19.295094848899122,20034104.327123668
800.0,622.8571428571429,2937.1428571428573,19.134038376678213,19884817.626912985
800.0,622.8571428571429,3102.857142857143,18.98688605358289,19747359.407849297
800.0,622.8571428571429,3268.571428571429,18.85204088605684,19620332.50426003
800.0,622.8571428571429,3434.2857142857147,18.728122495252485,19502566.10333356
800.0,622.8571428571429,3600.0,18.6139352398952,19393067.692663416
800.0,670.0,120.0,25.854358817938586,69181154.4150511
800.0,670.0,285.7142857142857,25.2073534911189,37622998.19393507
800.0,670.0,451.42857142857144,24.571104132057517,30172735.14890598
800.0,670.0,617.1428571428571,23.9453072619308,27017137.009713326
800.0,670.0,782.8571428571429,23.349869187935088,25311897.396577235
800.0,670.0,948.5714285714287,22.79787878265227,24241645.82991011
800.0,670.0,1114.2857142857142,22.294951130266163,23495017.38309034
800.0,670.0,1280.0,21.841441415167182,22932578.158685945
800.0,670.0,1445.7142857142858,21.43471422205937,22484775.423331797
800.0,670.0,1611.4285714285716,21.070735563422538,22113863.95159067
800.0,670.0,1777.1428571428573,20.745027271760826,21797834.522310328
800.0,670.0,1942.857142857143,20.45318283703885,21523009.107835
800.0,670.0,2108.5714285714284,20.191116751070513,21280388.740908027
800.0,670.0,2274.285714285714,19.955163039760286,21063746.719277114
800.0,670.0,2440.0,19.74209334863044,20868581.860438142
800.0,670.0,2605.714285714286,19.549095136499844,20691516.98887891
800.0,670.0,2771.4285714285716,19.373732469788443,20529938.235224795
800.0,670.0,2937.1428571428573,19.213901424607048,20381769.909243174
800.0,670.0,3102.857142857143,19.067786182349543,20245328.60817639
800.0,670.0,3268.571428571429,18.933818637607125,20119225.299003877
800.0,670.0,3434.2857142857147,18.810642582513516,20002297.437926378
800.0,670.0,3600.0,18.697082625156828,19893560.50497778
800.0,717.1428571428572,120.0,25.85325804612209,69964698.00663412
800.0,717.1428571428572,285.7142857142857,25.211583662483864,38205432.03026908
800.0,717.1428571428572,451.42857142857144,24.58260962559171,30690010.83939699
800.0,717.1428571428572,617.1428571428571,23.96473563603925,27507420.008998197
800.0,717.1428571428572,782.8571428571429,23.37719700947514,25789856.741484288
800.0,717.1428571428572,948.5714285714287,22.832622469558096,24714123.338485744
800.0,717.1428571428572,1114.2857142857142,22.336385230437077,23965501.872287355
800.0,717.1428571428572,1280.0,21.888759552824887,23402908.860037155
800.0,717.1428571428572,1445.7142857142858,21.4871252324863,22955916.405269608
800.0,717.1428571428572,1611.4285714285716,21.12751197711445,22586296.029859897
800.0,717.1428571428572,1777.1428571428573,20.805524416922147,22271766.810864285
800.0,717.1428571428572,1942.857142857143,20.516841713815253,21998497.782161873
800.0,717.1428571428572,2108.5714285714284,20.257458846327275,21757405.31182707
800.0,717.1428571428572,2274.285714285714,20.023781749940415,21542217.799358618
800.0,717.1428571428572,2440.0,19.812644507880677,21348412.42681946
800.0,717.1428571428572,2605.714285714286,19.62128788932719,21172603.927032247
800.0,717.1428571428572,2771.4285714285716,19.447321031958975,21012178.09486462
800.0,717.1428571428572,2937.1428571428573,19.288677908217828,20865063.192780323
800.0,717.1428571428572,3102.857142857143,19.14357447744893,20729581.98055968
800.0,717.1428571428572,3268.571428571429,19.01046925964599,20604352.55876528
800.0,717.1428571428572,3434.2857142857147,18.888028364807965,20488219.760749128
800.0,717.1428571428572,3600.0,18.775095132111037,20380206.272152197
800.0,764.2857142857143,120.0,25.85236340342926,70727555.77112183
800.0,764.2857142857143,285.7142857142857,25.215649979198787,38774248.48132991
800.0,764.2857142857143,451.42857142857144,24.593473407290812,31195331.420130536
800.0,764.2857142857143,617.1428571428571,23.982986730295632,27986353.598822568
800.0,764.2857142857143,782.8571428571429,23.4028082325419,26256671.531810928
800.0,764.2857142857143,948.5714285714287,22.865145741502612,25175472.74659912
800.0,764.2857142857143,1114.2857142857142,22.37515149354858,24424782.157906257
800.0,764.2857142857143,1280.0,21.933025751606102,23861916.531087685
800.0,764.2857142857143,1445.7142857142858,21.536162078501935,23415599.893639173
800.0,764.2857142857143,1611.4285714285716,21.180648272815166,23047135.155484598
800.0,764.2857142857143,1777.1428571428573,20.862164597740886,22733977.273698974
800.0,764.2857142857143,1942.857142857143,20.57646858146522,22462145.902091064
800.0,764.2857142857143,2108.5714285714284,20.319628928341615,22222474.037430465
800.0,764.2857142857143,2274.285714285714,20.088117537778583,22008645.23500938
800.0,764.2857142857143,2440.0,19.87882585309207,21816114.452656064
800.0,764.2857142857143,2605.714285714286,19.689043692835636,21641487.443212215
800.0,764.2857142857143,2771.4285714285716,19.51642172771954,21482148.67192127
800.0,764.2857142857143,2937.1428571428573,19.35892890652538,21336029.36064191
800.0,764.2857142857143,3102.857142857143,19.214810564842942,21201457.49376086
800.0,764.2857142857143,3268.571428571429,19.082549875623183,21077057.448055137
800.0,764.2857142857143,3434.2857142857147,18.960833647277134,20961680.66566937
800.0,764.2857142857143,3600.0,18.84852261973876,20854356.35780168
800.0,811.4285714285714,120.0,25.851647619249036,71471376.42212322
800.0,811.4285714285714,285.7142857142857,25.219562877636527,39330600.82960075
800.0,811.4285714285714,451.42857142857144,24.603759321411705,31689724.32306183
800.0,811.4285714285714,617.1428571428571,24.000185988233387,28454921.60477575
800.0,811.4285714285714,782.8571428571429,23.42689085335941,26713315.507781323
800.0,811.4285714285714,948.5714285714287,22.89569478180695,25626673.99080753
800.0,811.4285714285714,1114.2857142857142,22.41154708931953,24873852.19987565
800.0,811.4285714285714,1280.0,21.974580042365773,24310612.346044302
800.0,811.4285714285714,1445.7142857142858,21.582199746093963,23864854.9056084
800.0,811.4285714285714,1611.4285714285716,21.230547266007992,23497427.461302172
800.0,811.4285714285714,1777.1428571428573,20.915372315551114,23185527.77974352
800.0,811.4285714285714,1942.857142857143,20.63250447286585,22915029.442338347
800.0,811.4285714285714,2108.5714285714284,20.378080312172123,22676683.337832663
800.0,811.4285714285714,2274.285714285714,20.148632537504096,22464128.31533355
800.0,811.4285714285714,2440.0,19.941105537876016,22272796.656217277
800.0,811.4285714285714,2605.714285714286,19.752834469574804,22099284.39976006
800.0,811.4285714285714,2771.4285714285716,19.581508448090023,21940973.842045527
800.0,811.4285714285714,2937.1428571428573,19.425128844622975,21795798.315637905
800.0,811.4285714285714,3102.857142857143,19.281968265900332,21662090.222420104
800.0,811.4285714285714,3268.571428571429,19.150532805142753,21538479.473874334
800.0,811.4285714285714,3434.2857142857147,19.029528543302252,21423823.453837488
800.0,811.4285714285714,3600.0,18.917832446963533,21317157.306778427
800.0,858.5714285714287,120.0,25.851088338066315,72197581.81114726
800.0,858.5714285714287,285.7142857142857,25.223332161825752,39875482.3998533
800.0,858.5714285714287,451.42857142857144,24.613522241684404,32174074.30408395
800.0,858.5714285714287,617.1428571428571,24.016440045430137,28913970.968739107
800.0,858.5714285714287,782.8571428571429,23.44960400522232,27160626.48966181
800.0,858.5714285714287,948.5714285714287,22.924477593431078,26068569.670295693
800.0,858.5714285714287,1114.2857142857142,22.445822937078727,25313566.076551843
800.0,858.5714285714287,1280.0,22.013709546558893,24749864.632600944
800.0,858.5714285714287,1445.7142857142858,21.62555502025738,24304564.61813399
800.0,858.5714285714287,1611.4285714285716,21.27754950283981,23938070.421227794
800.0,858.5714285714287,1777.1428571428573,20.965506778268594,23627328.98810718
800.0,858.5714285714287,1942.857142857143,20.685322969091835,23358070.914595038
800.0,858.5714285714287,2108.5714285714284,20.433197406575623,23120966.21062063
800.0,858.5714285714287,2274.285714285714,20.205719087158403,22909609.2203567
800.0,858.5714285714287,2440.0,19.999881478082727,22719409.205342207
800.0,858.5714285714287,2605.714285714286,19.813061815743957,22546951.883027602
800.0,858.5714285714287,2771.4285714285716,19.642984944907912,22389616.666840944
800.0,858.5714285714287,2937.1428571428573,19.487682409251146,22245338.27009502
800.0,858.5714285714287,3102.857142857143,19.345452228440767,22112452.812889267
800.0,858.5714285714287,3268.571428571429,19.214821883404177,21989595.095698625
800.0,858.5714285714287,3434.2857142857147,19.094515463801258,21875627.860897243
800.0,858.5714285714287,3600.0,18.98342511992001,21769591.666865263
800.0,905.7142857142858,120.0,25.850667041220987,72907409.02857617
800.0,905.7142857142858,285.7142857142857,25.22696696233715,40409756.21817246
800.0,905.7142857142858,451.42857142857144,24.622809672078862,32649149.880632855
800.0,905.7142857142858,617.1428571428571,24.031840305521996,29364237.128611065
800.0,905.7142857142858,782.8571428571429,23.4710835645592,27599331.62771161
800.0,905.7142857142858,948.5714285714287,22.95167147982146,26501890.62957894
800.0,905.7142857142858,1114.2857142857142,22.478192793850422,25744664.116537675
800.0,905.7142857142858,1280.0,22.050658868503447,25180425.628298283
800.0,905.7142857142858,1445.7142857142858,21.666497888795128,24735493.745936584
800.0,905.7142857142858,1611.4285714285716,21.321945415333435,24369840.806803692
800.0,905.7142857142858,1777.1428571428573,21.01287458680634,24060168.82267578
800.0,905.7142857142858,1942.857142857143,20.735243236327285,23792068.294918135
800.0,905.7142857142858,2108.5714285714284,20.4853089562295,23556129.54780256
800.0,905.7142857142858,2274.285714285714,20.25971306127481,23345902.669531714
800.0,905.7142857142858,2440.0,20.055494685206163,23156773.645961527
800.0,905.7142857142858,2605.714285714286,19.870070266001736,22985317.366990604
800.0,905.7142857142858,2771.4285714285716,19.70119797410484,22828909.753881257
800.0,905.7142857142858,2937.1428571428573,19.546937530644822,22685486.26921357
800.0,905.7142857142858,3102.857142857143,19.405610717580416,22553386.141800564
800.0,905.7142857142858,3268.571428571429,19.275765039613546,22431248.495397594
800.0,905.7142857142858,3434.2857142857147,19.156141468168606,22317940.918042585
800.0,905.7142857142858,3600.0,19.045646405395868,22212508.923860226
800.0,952.8571428571429,120.0,25.850368244568735,73601942.89492989
800.0,952.8571428571429,285.7142857142857,25.230475739093947,40934177.92011384
800.0,952.8571428571429,451.42857142857144,24.63166300658603,33115623.7594784
800.0,952.8571428571429,617.1428571428571,24.04646570418368,29806363.628887404
800.0,952.8571428571429,782.8571428571429,23.49144645854517,28030066.905731916
800.0,952.8571428571429,948.5714285714287,22.977428779456964,26927275.708077468
800.0,952.8571428571429,1114.2857142857142,22.508840215712866,26167793.059861835
800.0,952.8571428571429,1280.0,22.085638056927518,25602952.11195175
800.0,952.8571428571429,1445.7142857142858,21.705260284984238,25158309.64237205
800.0,952.8571428571429,1611.4285714285716,21.363984650082557,24793416.226149313
800.0,952.8571428571429,1777.1428571428573,21.057739484246248,24484734.404307272
800.0,952.8571428571429,1942.857142857143,20.78254005926261,24217717.300524615
800.0,952.8571428571429,2108.5714285714284,20.53469824951023,23982876.7098682
800.0,952.8571428571429,2274.285714285714,20.310904165797442,23773718.749516375
800.0,952.8571428571429,2440.0,20.108239579966646,23585605.944792297
800.0,952.8571428571429,2605.714285714286,19.924157572520894,23415101.936961353
800.0,952.8571428571429,2771.4285714285716,19.75644749934318,23259578.63218287
800.0,952.8571428571429,2937.1428571428573,19.60319547968246,23116971.693240173
800.0,952.8571428571429,3102.857142857143,19.462745583123056,22985622.923577573
800.0,952.8571428571429,3268.571428571429,19.333664117515287,22864175.27192434
800.0,952.8571428571429,3434.2857142857147,19.214707925711878,22751500.71847216
800.0,952.8571428571429,3600.0,19.104796824765092,22646649.326720543
800.0,1000.0,120.0,25.85017889210888,74282141.4050182
800.0,1000.0,285.7142857142857,25.233866307919513,41449413.702315934
800.0,1000.0,451.42857142857144,24.64011853133338,33574088.849649414
800.0,1000.0,617.1428571428571,24.060384873008847,30240917.492621683
800.0,1000.0,782.8571428571429,23.51079401956141,28453392.42377218
800.0,1000.0,948.5714285714287,23.001881321840816,27345287.207208257
800.0,1000.0,1114.2857142857142,22.53792396332513,26583521.838110168
800.0,1000.0,1280.0,22.11882878795183,26018021.543075778
800.0,1000.0,1445.7142857142858,21.742042881505807,25573598.79859665
800.0,1000.0,1611.4285714285716,21.403883324593245,25209391.95968277
800.0,1000.0,1777.1428571428573,21.100329948264246,24901629.189400118
800.0,1000.0,1942.857142857143,20.827451665354133,24635628.794391397
800.0,1000.0,2108.5714285714284,20.581611090279107,24401825.160457995
800.0,1000.0,2274.285714285714,20.359543990189028,24193680.745724574
800.0,1000.0,2440.0,20.15837207176779,24006534.488128327
800.0,1000.0,2605.714285714286,19.975582770441754,23836938.429660227
800.0,1000.0,2771.4285714285716,19.80899471148814,23682260.011106025
800.0,1000.0,2937.1428571428573,19.656718816903613,23540434.615930323
800.0,1000.0,3102.857142857143,19.517120119626245,23409806.152000923
800.0,1000.0,3268.571428571429,19.3887826327523,23289020.95196667
800.0,1000.0,3434.2857142857147,19.270478160304094,23176954.98520427
800.0,1000.0,3600.0,19.161139178893784,23072662.502409123
